Sample1,326650_10_consensus,326650_11_consensus,326650_12_consensus,326650_13_consensus,326650_14_consensus,326650_16_consensus,326650_17_consensus,326650_18_consensus,326650_1_consensus,326650_2_consensus,326650_3_consensus,326650_4_consensus,326650_5_consensus,326650_6_consensus,326650_7_consensus,326650_8_consensus,326650_9_consensus,326651_14_consensus,326651_2_consensus,326651_5_consensus,326651_7_consensus,326651_8_consensus,326651_9_consensus,326713_2_consensus,326713_5_consensus,326713_9_consensus,326737_2_consensus,326737_7_consensus,326737_8_consensus,326780_11_consensus,326780_12_consensus,326780_13_consensus,326780_14_consensus,326780_15_consensus,326780_16_consensus,326780_17_consensus,326780_1_consensus,326780_2_consensus,326780_5_consensus,326780_6_consensus,326780_7_consensus,326780_8_consensus,326797_10_consensus,326797_11_consensus,326797_12_consensus,326797_13_consensus,326797_14_consensus,326797_15_consensus,326797_16_consensus,326797_17_consensus,326797_1_consensus,326797_2_consensus,326797_3_consensus,326797_4_consensus,326797_5_consensus,326797_6_consensus,326797_7_consensus,326797_8_consensus,326797_9_consensus,326907_11_consensus,326907_13_consensus,326907_3_consensus,326907_7_consensus,326907_9_consensus,327059_11_consensus,327059_12_consensus,327059_13_consensus,327059_14_consensus,327059_15_consensus,327059_17_consensus,327059_18_consensus,327059_1_consensus,327059_2_consensus,327059_3_consensus,327059_6_consensus,327059_7_consensus,327059_8_consensus,327059_9_consensus,D103_10_consensus,D103_12_consensus,D103_13_consensus,D103_1_consensus,D103_7_consensus
326650_10_consensus,0.0,0.5393156573097713,0.9556621843107678,2.6783838404314797,0.8956803167644125,0.5864471626873637,2.339810492400716,1.7448492279758057,3.0756359747608712,1.5677294735853593,1.3576343139422988,0.8939145617276836,1.8134312739106235,1.160290038302378,2.8837400959003503,0.8623817622383854,0.49900222690178,7.210484843350628,5.541085339946392,5.276804076047881,6.216201960490878,6.030397238649925,5.460197770821651,4.386072768563849,4.073011540088714,5.408275909953886,1.837110466870456,1.8566778775108328,1.4105965209495253,2.1702130799810675,1.8604307049761812,2.140728687810622,2.098580127262835,1.83452735764854,2.490494664872415,1.8930019339406956,1.90718033010927,2.453350827505289,2.269592203455545,1.8990057533959543,2.3022820092052143,1.758155426013559,0.8891044144430111,1.1192382244730084,0.8879761168674349,1.147974269313238,1.1083651298805537,1.0003966712439478,0.8398932173755611,1.3237485598054946,0.8353404570823386,1.225120904516416,2.332764628254097,1.2253332169213422,1.6019351261125507,0.9513998068470072,0.8893274350539286,1.4003153700908229,1.0196398689860189,3.1348542865395075,3.5213917060045787,2.334265043928042,2.225176069268173,5.188168758381494,3.958504365851809,4.308019671007628,5.82017659694867,4.500507373903758,4.619041020621921,4.979395273016166,4.465883489453063,5.166638011480984,3.562454508949827,2.928071300500278,2.2463290839080514,5.36684760494876,5.26224729301191,4.702889235985822,2.406866697104647,2.485610913877736,3.565593673316471,5.803234981399839,5.463168773784389
326650_11_consensus,0.5393156573097713,0.0,0.6015759389143227,1.6902461338472676,0.4532174691867112,0.4880299295650161,1.4902480807455731,1.1408328857400534,2.013712091875732,0.905434990642732,0.7325015508250203,0.4867108230952226,1.0550180228721049,0.6143042581369969,1.863679068823956,0.5039319163190044,0.4101939973713797,5.941442005960141,4.514704025205958,4.265060476164365,5.074675050828773,4.919671569458444,4.445676097077808,3.342504222176899,3.11264764570052,4.306659215079435,1.4082806831805783,1.4463494503187349,1.2445789402774494,2.6021581856354032,1.5550081258344337,1.7529156160460957,1.8417983508770133,1.5507586637326654,3.067677222917098,1.7361440266283807,1.703523962782015,2.49699381996237,2.119832722576234,1.906944977644855,1.8920292188789745,1.726096915871608,0.9128951696272908,1.1534958113194875,0.7377889349511406,1.3631586605815755,0.7565088835185065,0.8218994715439862,0.6307875388816342,0.8496880243905025,0.6253556490015626,0.9539011635946508,1.5304873682957805,0.7550399520278575,1.0360985203814153,0.9718149294171212,0.7914108402242164,0.8817784990388873,0.8106751771346126,3.624871506267482,2.76739426485409,2.207487647533867,2.197392430544994,6.037776900255665,2.9877846988610486,3.2911328320515167,4.534493250843752,3.429390715236877,3.551984700244361,3.85620138533568,3.435663147382911,3.9877632096722655,2.675556654993045,2.1549467838892724,1.689121936359527,4.14987106676881,4.063132193007903,3.603821665952751,2.00230777651268,2.0119745642754765,2.78130099908941,4.541227985816136,4.2462539235484655
326650_12_consensus,0.9556621843107678,0.6015759389143227,0.0,1.4382443074088656,0.4659706365388274,0.8335336827301489,1.0674599866460994,0.8176054647001365,1.778655516369554,0.7235691114883593,0.6543042490122275,0.5717231080870988,0.8354420615507365,0.5288138270432228,1.5595214835137767,0.6395115803110798,0.7989898624072111,5.352867276119412,4.00702567509893,3.757550171160005,4.595585666146576,4.355672040667173,3.967289529055847,2.810673289858244,2.530448911907399,3.633153917574873,1.4108322374625004,1.523189752401663,1.597123784471819,3.548182038388802,1.654120761949116,2.051580916622754,2.2069380553993483,1.8560104827358828,4.087276631598229,2.192041069391109,1.962525316251515,2.7336661461121707,2.2931902697413307,2.199913006177667,2.0223432685695,2.176840447157076,1.6740762674310758,2.079381252417079,1.2788471791821507,2.281198628249001,1.1635961787412157,1.5109897302269817,1.0522284238666089,1.154375771917728,1.0831977143803897,1.493385448221943,1.5843225803774883,1.0455482309786817,1.2475037582195796,1.768769585573125,1.285175391975372,1.1224624955602849,1.4099634070871048,4.838777334887254,2.6238905997465167,2.705696273904948,2.882269736655076,7.65993928183866,2.6902162941727283,2.899116448223083,4.2755976645782425,3.150073302824921,3.1184355612618333,3.3631629789368844,2.9576210907843574,3.78220015260149,2.6980075233371963,2.080705951433515,1.6802846621805545,3.88457641502157,3.7802544946025023,3.2226102502759204,2.4663381253264447,2.3981055023401723,3.22317802884254,4.558769706385704,4.377271908522232
326650_13_consensus,2.6783838404314797,1.6902461338472676,1.4382443074088656,0.0,0.9442343877161647,2.3250272457125334,0.3979189687880193,0.945775283577916,0.2711515215649456,0.5021334483549253,0.5864263414291031,1.199067750420454,0.3677907505360167,0.750326504824443,0.2156387545631446,1.3777261755338372,2.274777606535224,2.9680893327961826,2.287840303057351,2.1397300941404183,2.5314647127429453,2.440113005103399,2.2982729141558025,1.4350318502242772,1.5210954810628436,2.2358070577220133,1.890247918232319,2.041042291759652,2.803702283859309,6.176722881549836,2.308294461210096,2.3470321692198013,2.890612216052375,2.531304148362437,7.131964110343404,3.164683587231707,2.8858603681019304,4.346080711740058,3.347030355551283,3.806641569813507,2.269359692895307,3.538191268632147,3.1807739896463545,3.575821711491983,2.295569280299788,4.3564153735060245,1.602611428974399,2.414505442760799,1.965702650708863,1.2436301634449478,1.9662146062154875,2.1011428856481302,0.6624193221342125,1.175227676964596,1.0325297752600022,3.276016657818843,2.556878031737199,1.0841492486180755,2.222772517701742,7.818647128601015,2.094500402288759,4.014058234513641,4.427271066502897,11.5405637982513,1.3719784410405396,1.4677912032220777,1.857957357068301,1.396522132161124,1.4592030022542986,1.6309454148332063,1.488825930939072,1.6687659380111768,1.5396847199373838,1.3098404361194298,1.5933170800911969,1.6651780072710949,1.687001131409886,1.4813076552519533,2.781799390603396,2.529066489328613,2.3094310321412195,2.1907236278846085,2.2025184581519284
326650_14_consensus,0.8956803167644125,0.4532174691867112,0.4659706365388274,0.9442343877161647,0.0,0.7568191567653457,0.7367672494542603,0.622696066988226,1.2265899092641916,0.3955976756668633,0.3572120944186849,0.3885569688109171,0.4859856986079762,0.3028970769351531,1.05091505070493,0.4447064647582124,0.6876066294236693,4.685351618971595,3.4478030695199777,3.2256648613701486,3.960996605287733,3.7866224976123695,3.395861730316824,2.2977904142198327,2.1199685046291847,3.1418531224018693,1.1755852233081896,1.2948936293506677,1.4425215765789403,3.4389268038526666,1.378072439206676,1.646069684085603,1.8443491057152528,1.5401721132105308,4.051849291110784,1.879051092985492,1.7010211568633622,2.585016689445524,2.0627728605002176,2.081473265106524,1.638625167127941,1.929850153693792,1.4259160112954987,1.7975312375346562,0.9839162936851836,2.113884371496738,0.7823110928146662,1.1585009190480378,0.7697212888123772,0.743171146891541,0.7900071959705315,1.0884705256604548,1.0241304084579497,0.6408252979023246,0.7712758999284688,1.5134844428584415,1.056724768107756,0.6876829425394817,1.0490451364056526,4.805911393259407,2.2300487069298924,2.4923653118466405,2.691586711418097,7.68389243426293,2.189748244777377,2.4071456596216194,3.555875369474734,2.5295406040834223,2.5638378453677437,2.836547012400729,2.478739156168217,3.0898400913718547,2.1446431786300195,1.616308567002534,1.3311789869308086,3.181697446737985,3.1276363325247303,2.654107368161533,2.0661028292991546,1.985342640617887,2.5925643504950813,3.7725257630136175,3.609334441099122
326650_16_consensus,0.5864471626873637,0.4880299295650161,0.8335336827301489,2.3250272457125334,0.7568191567653457,0.0,2.011246524476178,1.5071355635865302,2.70161399933437,1.3451943387266283,1.139206817962986,0.7683250912455719,1.5490112264688491,0.975212572826365,2.512578734495264,0.7644589213863355,0.5150327993759447,6.730272917713421,5.169867193696803,4.903901533035878,5.800633113528249,5.628803938898841,5.083827792941122,4.034982437823999,3.747312641727831,5.036671041610248,1.7238180500402225,1.774719668215596,1.4319620544395093,2.461140942214513,1.8185966376582885,2.090327056479282,2.1009521461811573,1.8195735207603436,2.8363747974852345,1.9320319654026437,1.922148942042725,2.564762957207904,2.304014523740193,1.9993748185382287,2.2296255737953743,1.83480059806476,0.9688720804727496,1.2202838552673256,0.893233022743118,1.3112889730554116,1.018334521844963,1.0034180352692488,0.8098188349573547,1.1878155849132668,0.8150167579606205,1.1933171204767632,2.0737740664324065,1.0979917200021987,1.4341465576727614,1.0334996638458165,0.8966869218903639,1.2431049648462815,1.005692058956981,3.4964261819995386,3.34369690937848,2.4332377010367168,2.3747068059723238,5.720685921440008,3.6926096376425335,4.01296344087956,5.439888351412208,4.196492232365984,4.3066140150151,4.65102736214709,4.172014738935047,4.836157213009187,3.362824328317231,2.7448697364552004,2.14487908053934,5.017746566748656,4.921434555689075,4.385756564297708,2.408032034477799,2.4597761162058305,3.430590507790328,5.461802752224969,5.146090513640047
326650_17_consensus,2.339810492400716,1.4902480807455731,1.0674599866460994,0.3979189687880193,0.7367672494542603,2.011246524476178,0.0,0.5759290493084563,0.6094295019191236,0.4076367833905578,0.4827082722467253,1.015549336395793,0.3323855092045846,0.5533080057764437,0.405300389133572,1.1658549757109995,2.0116564855073875,3.245166206503086,2.427193827445421,2.238263044261487,2.7946133885462245,2.575183925692329,2.405563277079864,1.5125546935242369,1.4409634462833765,2.27227176406052,1.7146194947402478,1.9394745836729044,2.6832382129124426,6.036594395318844,2.1887253688167903,2.5418728651356446,3.0086406378517268,2.5983374149046767,6.90184877739847,3.2366276329075845,2.8432772599527425,4.086048243821551,3.225186763584474,3.5725387309444727,2.3600341573031187,3.463922707330198,3.186653100062756,3.730745687271338,2.314265285533793,4.289843407959552,1.7027690850120507,2.565741365886197,1.9101287579151176,1.39716296810343,1.9934153537865316,2.297811662397919,1.006885165623487,1.3082422116102634,1.2406756816297957,3.33953840704379,2.453586458552934,1.2252931823712174,2.358369983190869,7.800488332826205,2.232011974156535,4.022857201826753,4.5080798767036185,11.533460370738055,1.5699945377503468,1.6385900206315682,2.4816946410887226,1.7731453787578175,1.6703185610851392,1.845598350567343,1.6190136431750377,2.2363308550378638,1.9461541952842936,1.4973793590830835,1.6088530757343165,2.234678298465383,2.1672318554109893,1.7540743330700366,3.121499830196285,2.855187907330276,3.047523050896359,3.1095066864106684,3.136842078478935
326650_18_consensus,1.7448492279758057,1.1408328857400534,0.8176054647001365,0.945775283577916,0.622696066988226,1.5071355635865302,0.5759290493084563,0.0,1.2584199180120663,0.5625925498108018,0.5902132070764878,0.8408936576194606,0.5862538581191643,0.5370153132671476,0.9920651964845888,0.956422145053125,1.5051926515222362,4.249962908106738,3.165822545888716,2.9252313272408514,3.6723411309791913,3.40164669152216,3.1127026705181606,2.059614115144086,1.8575665221682696,2.798969775043872,1.6188894692890017,1.8394957762577635,2.3118609730971684,5.04619237251552,1.9662934369393952,2.454709164883297,2.767438296536,2.374163343369389,5.754702885801294,2.8964707558807845,2.510805545133905,3.468045722384886,2.822846014838888,2.982813000890019,2.290795306818211,2.970384877609547,2.671621083189791,3.2277626255670384,1.9863639844231216,3.562180076588504,1.606707824310206,2.2864633778416987,1.6215524721785073,1.441839885849106,1.7201139350831909,2.116973789893848,1.4306565764428,1.3263678288606116,1.3863308654991329,2.826666104229844,2.0423589559725315,1.307701033094986,2.1059868870139558,6.712041707848528,2.515658456017775,3.5875353477795784,3.973048943496451,10.07132854185386,2.150357616364204,2.2579509309643413,3.5095086759653213,2.5105260914014025,2.3856256212503126,2.5858684174244218,2.2452529197134936,3.129657468934056,2.4643355769554773,1.8576429398499956,1.6902126684298082,3.1774185799419,3.0650071355818795,2.493579334669903,3.1195189272054336,2.922930013125324,3.5391928877516534,4.191731598364527,4.150939865363114
326650_1_consensus,3.0756359747608712,2.013712091875732,1.778655516369554,0.2711515215649456,1.2265899092641916,2.70161399933437,0.6094295019191236,1.2584199180120663,0.0,0.6667082619037501,0.8238315676622392,1.454344244921458,0.51264725100134,1.0033922491936096,0.2603124907624874,1.695313718633031,2.611468571960245,2.983773222290779,2.29553605334695,2.1706854615018187,2.5251634103557308,2.488462558280389,2.3473387417422487,1.350227498489062,1.462598062593372,2.1181301921885733,2.124497271514201,2.2246367718037163,3.028163667318154,6.389121784065878,2.4118802132171595,2.284270603466439,2.8689034508162194,2.544657600787332,7.3840061228737,3.2190584729690954,2.899904738524242,4.385137810029221,3.339183392831387,3.8807072152552,2.2251948819320546,3.6489849727893215,3.472794775751936,3.827296881292909,2.5727287957004137,4.68360482123569,1.8446039664208345,2.673963111489229,2.269307614460274,1.4566813006923098,2.1826072373020797,2.221728407325031,0.7025890080691397,1.370780275307652,1.1504791517549506,3.531227118416893,2.8740387419029503,1.2934048926088622,2.440131014107635,7.912557906794973,1.9601195279714148,4.005876450054984,4.422188419610109,11.631779897202025,1.3694863548158196,1.4687167108001518,1.6951445710227515,1.30776014410867,1.423556421018816,1.588148043256183,1.4664582411730862,1.5223605264217213,1.509191257336397,1.3528258349261364,1.688075974792639,1.5030954616419765,1.5761173876904309,1.4481831140922736,2.660962877419024,2.4433428691084487,2.0735688275367465,1.805424682843864,1.862128545337555
326650_2_consensus,1.5677294735853593,0.905434990642732,0.7235691114883593,0.5021334483549253,0.3955976756668633,1.3451943387266283,0.4076367833905578,0.5625925498108018,0.6667082619037501,0.0,0.3334626575800712,0.601082206568833,0.2450890866170993,0.3483065533977196,0.5365345596921998,0.7300917933954452,1.2585624999791207,3.7958946107573865,2.692526741435586,2.508283058259167,3.166744248283919,3.011295642529205,2.6837657858759485,1.6118267029721665,1.510649179083316,2.3694324916291976,1.2873591510621054,1.4465569330635049,1.895186085925616,4.3470681598894885,1.4017203383899073,1.5996497331963155,1.9222343168540303,1.6208720312138212,5.112454486789147,2.102712697567995,1.8052676110968944,2.798437384790077,2.118633122920073,2.3818192929810493,1.496679311526293,2.260245591246985,2.1079225438110143,2.5450307685725875,1.4448757598863151,3.021754516215367,1.0387234284800115,1.6685280707837933,1.1731598317958287,0.8596092719946,1.151806504827675,1.3513867047661847,0.7204257799907055,0.754762433266535,0.7127327944818944,2.196307990156697,1.5800080935167102,0.7423539101932874,1.4560465535049616,5.989126628930762,1.9101199816045096,2.9002851774054648,3.2569303184760656,9.24230557094711,1.659057236947831,1.805204241759384,2.751604637099604,1.8257221121759244,1.852765232483705,2.1194041706469307,1.82473544516256,2.3661133692878025,1.7902922856969212,1.2999015502350062,1.2103982662046633,2.394138217877128,2.397477695304474,1.9761045721694472,2.113180875024682,1.974926293976523,2.338503346239236,2.9474475870292167,2.9062650192338424
326650_3_consensus,1.3576343139422988,0.7325015508250203,0.6543042490122275,0.5864263414291031,0.3572120944186849,1.139206817962986,0.4827082722467253,0.5902132070764878,0.8238315676622392,0.3334626575800712,0.0,0.5233800906355555,0.3377199064958063,0.3160623992918658,0.6651931299043667,0.6290308968017939,1.0984854774095538,3.998565327923188,2.973540097999148,2.7678371809571445,3.38939664281304,3.2230890700222403,2.939573908287855,1.9695174925707877,1.8746316121954576,2.8316972053711424,1.2996123067105143,1.4262378386492855,1.7883540539186242,4.371608249756946,1.6821248536082294,1.9126704141656887,2.2403880485454124,1.883877859268296,5.092611083777285,2.329381941019278,2.120548603973589,3.2366226690817257,2.538627864405214,2.672812897830795,1.8865617439548144,2.49031971872364,1.9386989829282013,2.324638458265099,1.355947659212461,2.790379833908787,0.9846536788661524,1.4969902520496134,1.088094435128255,0.8258224233890701,1.1193471224745508,1.406123883662758,0.8498550525796418,0.7441589703901172,0.8104784477639555,2.0466923774926045,1.4886544104147674,0.7403377879859931,1.3863357610902085,5.7771655783449205,2.1219501573220896,2.9702819927920245,3.2312183280816384,8.989847967443382,1.8067476586815587,1.9837683961527544,2.888265865124368,2.0805394439137785,2.107186791026152,2.333515625336304,2.043729240963956,2.538753071343365,1.8515193428610248,1.4160270470385967,1.3287212212338773,2.6055221389967755,2.5379621350668344,2.159366999797044,2.2878332054663133,2.134328871886737,2.473327892530506,3.200351818610329,3.0820043505937638
326650_4_consensus,0.8939145617276836,0.4867108230952226,0.5717231080870988,1.199067750420454,0.3885569688109171,0.7683250912455719,1.015549336395793,0.8408936576194606,1.454344244921458,0.601082206568833,0.5233800906355555,0.0,0.6945322180056337,0.4347768683036861,1.320561301112832,0.5455586074330654,0.6958523344231367,5.162261602443209,3.8319489586619966,3.594782699834184,4.37092032526084,4.192533910099257,3.807331999030623,2.646437164169811,2.427208515411394,3.519758640704936,1.3186733692471648,1.362867047749205,1.4269750959879843,3.3370968104670737,1.532018490697055,1.7422081516368737,1.9278769056405736,1.6081113555478623,3.90808098127377,1.939961482058948,1.7505758671792364,2.620248591989707,2.123191870386563,2.057756287499785,1.7851775630322209,1.9956119565427457,1.4378242870927238,1.7642639752652371,1.0768956933738991,2.0635851074507627,0.9476323364814904,1.2237345108890167,0.8945948122692471,0.9190002426270212,0.8582337280363959,1.186897303198748,1.269483986868181,0.804339834708685,0.9768034239174312,1.5067271962890914,1.1511842999748296,0.8980698106746559,1.1417152769198535,4.452644972574376,2.305037591804876,2.3868451107409783,2.5011563507192704,7.225448301745985,2.40402762083761,2.6485869771528314,3.8104315509608,2.800402911842525,2.856815917573954,3.108888233223979,2.726293522145568,3.33789748228304,2.299248366869165,1.7860854401435518,1.4604194386564586,3.454374315860605,3.370034970772622,2.9258406768746,2.016240748838527,1.968489105066567,2.617017744427926,3.9028104778104193,3.716490590862861
326650_5_consensus,1.8134312739106235,1.0550180228721049,0.8354420615507365,0.3677907505360167,0.4859856986079762,1.5490112264688491,0.3323855092045846,0.5862538581191643,0.51264725100134,0.2450890866170993,0.3377199064958063,0.6945322180056337,0.0,0.385258786904842,0.4010717284288034,0.8491919062550437,1.483834714507168,3.528709807752591,2.574710282834758,2.3927020661017764,2.9724843735233435,2.8250124771540186,2.5825219562136112,1.5126071061993116,1.4453726252754675,2.2619677390272277,1.3793379185239587,1.5255002978938703,2.063750213008745,4.873544728457659,1.64545754621588,1.8142273517186709,2.199381449481109,1.8645225588744552,5.681169646085095,2.4086790674790564,2.089765128878639,3.230322168650389,2.459841205438522,2.7454235654938657,1.720932089030498,2.627203075335558,2.3991877034341087,2.8273399597977686,1.6730693338881792,3.379142798592852,1.1837637435247077,1.8679217355591504,1.3743029200026626,0.9511489056622509,1.3562392986348186,1.572078461138176,0.6932287899015819,0.8544820002632605,0.8029226728607455,2.487110295149307,1.8216167152814933,0.8221609117052253,1.666266620575641,6.465600445701,1.9041936981757883,3.1713812185573715,3.5403296723672497,9.88445024563697,1.5513806162671244,1.688373410242491,2.4885785932669364,1.7089199716730832,1.72841202834951,1.9454551974437777,1.688078642708717,2.168204207657197,1.7064163837966362,1.290429016338294,1.3028762599334414,2.1843058544545784,2.1793633950084086,1.8195793894899448,2.300049857083025,2.1327954753379004,2.339704903715472,2.731117984423804,2.6992432922687613
326650_6_consensus,1.160290038302378,0.6143042581369969,0.5288138270432228,0.750326504824443,0.3028970769351531,0.975212572826365,0.5533080057764437,0.5370153132671476,1.0033922491936096,0.3483065533977196,0.3160623992918658,0.4347768683036861,0.385258786904842,0.0,0.839198317340788,0.5515345902227864,0.9373743897417626,4.3495161564038085,3.1750493264677857,2.946604163100403,3.664658960170641,3.464356023182745,3.147279277349412,2.1267383367751904,1.9509751801299444,2.975434554631761,1.2822793757179056,1.391108843724396,1.6816716713867097,4.081887469639469,1.5952609272509335,1.8715440337125528,2.164016881193106,1.7959109640813151,4.746182337041319,2.2346405468039734,1.9702909680029848,2.9599715128762227,2.3423663815060536,2.4053654287080235,1.845220030325379,2.3425959279425683,1.8523448735548984,2.260716469878048,1.3202489014724392,2.6396348969656174,1.037542046127612,1.5072274931479797,1.055282422371306,0.917182489796062,1.0695985910892318,1.4100037909142884,1.034760020515364,0.8091823477829507,0.914070543175626,1.953911003724272,1.411740543449298,0.8474836855713193,1.3880078791150368,5.435029254621838,2.1548549867514453,2.799043873232506,3.0380881619130378,8.539663112070286,1.9543271615352185,2.129209580294912,3.227950168025984,2.300380632199904,2.3005450542993917,2.5174283943919136,2.184491175693438,2.825808700391008,2.0150466434042755,1.522527429327056,1.3339942943813412,2.9096275508841245,2.8150033734468707,2.3735387682275477,2.279826709676456,2.163665091972746,2.68532749295224,3.5866417513954616,3.4666982010200518
326650_7_consensus,2.8837400959003503,1.863679068823956,1.5595214835137767,0.2156387545631446,1.05091505070493,2.512578734495264,0.405300389133572,0.9920651964845888,0.2603124907624874,0.5365345596921998,0.6651931299043667,1.320561301112832,0.4010717284288034,0.839198317340788,0.0,1.511444136442151,2.45766253962222,2.9009258109311418,2.220727277359572,2.082231514043883,2.4734578526681616,2.374365456278838,2.2395580376938824,1.3538509983379754,1.4421551339139,2.1367792239532264,1.9891150685750745,2.150983479303932,2.9755691200621754,6.416198605535385,2.369481852384524,2.411816425897541,2.974477539574196,2.620994485631684,7.399830670622691,3.28725145768226,2.965376358591641,4.419556981271057,3.402691289142865,3.907887491778979,2.304603304315947,3.658536646801849,3.402840087286961,3.828288420419199,2.482347594710916,4.618522998880962,1.747987980979076,2.614854920406799,2.132291893200602,1.3726680747483329,2.1253689491658747,2.2416312862095538,0.7075347174695708,1.2940282543376045,1.1138492624265837,3.5052214621126154,2.7418835922042604,1.192527913686149,2.397715878061547,8.095702356159165,2.0697896047225868,4.131704921456162,4.590293732602902,11.882875777087008,1.3602851994110663,1.443217115024197,1.8263298151157985,1.3563882766271718,1.404212638355034,1.5785842544661364,1.438856912809456,1.6454466219909136,1.585180951248958,1.3400366865604951,1.645585175375288,1.6284548617549603,1.658918214623327,1.4428483425744505,2.867950915753965,2.614724078435188,2.3758947261225103,2.1459345973926816,2.18958984756614
326650_8_consensus,0.8623817622383854,0.5039319163190044,0.6395115803110798,1.3777261755338372,0.4447064647582124,0.7644589213863355,1.1658549757109995,0.956422145053125,1.695313718633031,0.7300917933954452,0.6290308968017939,0.5455586074330654,0.8491919062550437,0.5515345902227864,1.511444136442151,0.0,0.6831283804473287,5.3291746692059405,3.994470140279873,3.765369862933767,4.530048969229995,4.354005870687729,3.937063126685928,2.9103731260968857,2.718022199970733,3.847917828012783,1.3947797670418822,1.4806179877495538,1.4888080955754504,3.2614481518226626,1.609524607636672,1.869091156643776,2.0221935550582657,1.71657541910821,3.800649754141887,1.985599899905424,1.8801363296622071,2.7387897428411634,2.271681099130205,2.1851921339258524,1.9185777312277423,2.013263150307296,1.3306814019539956,1.653264268081557,1.000881099820674,1.921589620243992,0.8888553677206801,1.1319306697872094,0.8297491398348029,0.9022068855539942,0.8419917067012079,1.1696313419405442,1.3632220876522751,0.8033171191602264,1.0082007376096271,1.414163966870149,1.068227490819595,0.8833726798314956,1.065246059800586,4.486546450230264,2.630602424650476,2.5450720771560214,2.6523323406415784,7.171044178048192,2.608056966559161,2.862139806541279,4.047519355203804,2.993896728160905,3.0570589515743904,3.355881346809213,2.96828509444714,3.553504084962128,2.448307843652401,1.923286433819157,1.5791575339162591,3.681883585214223,3.602767130803386,3.132795381859296,2.1811098083257434,2.1264421963932136,2.8061875725961727,4.2279000289476585,4.00171616435108
326650_9_consensus,0.49900222690178,0.4101939973713797,0.7989898624072111,2.274777606535224,0.6876066294236693,0.5150327993759447,2.0116564855073875,1.5051926515222362,2.611468571960245,1.2585624999791207,1.0984854774095538,0.6958523344231367,1.483834714507168,0.9373743897417626,2.45766253962222,0.6831283804473287,0.0,6.728361039009656,5.117788264446233,4.870896874613436,5.764698910028301,5.609966311912785,5.046639943561104,3.8643462111513713,3.5804199588381493,4.815916039410695,1.6354672246536095,1.6540316611492472,1.2880551963114613,2.0821490309826345,1.52966564112171,1.7517925255436353,1.7380962457682472,1.4978664360643847,2.462960128828968,1.5984101607889445,1.589266213751216,2.1876131087685167,1.9410880235309376,1.658922828145819,1.8931550739124527,1.506392775725601,0.7802817063289353,1.00313740620129,0.7186730404215496,1.1041180402696682,0.8725759335420662,0.8274340485133393,0.6666177956016668,1.057282071512816,0.6340204295883041,0.9556018798274976,1.9176769582921904,0.950004379966174,1.2596989917989845,0.8207497202245122,0.7408888175380071,1.1137804393641204,0.8033936368863124,3.0459470200940477,3.0400743652149345,2.02294261947253,1.9649742038112663,5.1815142661889695,3.5199111432504537,3.860618440575194,5.265178206957444,3.991551103950712,4.123145354967278,4.482115402561362,3.9977720450904144,4.62734202692593,3.1395090191958843,2.535366253018367,1.914653842574012,4.805871968849374,4.742978149459077,4.214700545955907,1.9858454461177075,2.0647229866574435,3.026258606435306,5.113690210797074,4.7986680302897184
326651_14_consensus,7.210484843350628,5.941442005960141,5.352867276119412,2.9680893327961826,4.685351618971595,6.730272917713421,3.245166206503086,4.249962908106738,2.983773222290779,3.7958946107573865,3.998565327923188,5.162261602443209,3.528709807752591,4.3495161564038085,2.9009258109311418,5.3291746692059405,6.728361039009656,0.0,0.6524213790377189,0.7052837479573668,0.4605213934419225,0.5212811231629644,0.6902308717992014,2.312770357853708,2.865774876394653,3.196133996220567,3.585690370431905,3.9411733856479714,5.3759735120546,10.863113723450738,5.47595136276675,5.572487309668475,6.346272156697637,5.995601814835879,12.15300273445922,6.808363005539036,6.472069686633347,8.265761054024665,6.924856315695706,7.808871948495948,5.323099963254037,7.307390205153069,7.362033880938952,7.957419903253424,6.033577422833389,8.980686536322764,5.016497897383317,6.228478738775266,5.505928489832854,4.551488868316994,5.810003477554574,5.887685570405267,3.386099435586459,4.469310225387346,4.1563553979343055,7.636446842556268,6.4485218323149525,4.15334107287066,5.980664027446551,12.764269306426058,3.9911138811221454,7.5180579044551905,8.122534889928318,17.365015054825278,2.229790377064603,2.207485059867622,1.841333959408928,1.893732025107852,1.9501360515170063,2.1597153217877008,2.2252147490094103,1.9017420569026056,2.511282299767742,2.608384521298376,3.471045258157858,1.800525928159459,1.9348139471095465,1.9195018554323724,6.664094422310654,6.218418305167404,5.45249797212864,4.320197795750119,4.497457257298379
326651_2_consensus,5.541085339946392,4.514704025205958,4.00702567509893,2.287840303057351,3.4478030695199777,5.169867193696803,2.427193827445421,3.165822545888716,2.29553605334695,2.692526741435586,2.973540097999148,3.8319489586619966,2.574710282834758,3.1750493264677857,2.220727277359572,3.994470140279873,5.117788264446233,0.6524213790377189,0.0,0.2447626599945351,0.293586263700945,0.2828919557036329,0.2666729805816317,1.755928223747162,2.141856389163081,2.81643897456712,2.5702898540336605,2.8740759359508843,4.037268199504922,8.602939084295144,3.960081601745401,4.087250049239231,4.719080792733905,4.415977519734497,9.75836584181576,5.131866871734189,4.73424345980942,6.160233758843901,5.034388591234006,5.811338743431747,3.835332789822644,5.490420161670386,5.7765588074278185,6.383631390162634,4.630355868991501,7.2064209477921395,3.854446653290722,4.905737957201495,4.189037106103342,3.517804488878994,4.386920033637466,4.478129951626897,2.597953857361404,3.3804000033853754,3.115894597114448,6.018185835688144,4.9775388320250045,3.157608111845377,4.62054334353968,10.311580156782384,2.821558166796706,5.634088604852764,6.172617672693434,14.491866487485026,1.5875286379240947,1.5851882897881069,1.6593346210891011,1.3361965366985942,1.3859766102249864,1.681980810107632,1.592919847961582,1.550135531414071,1.8308788608792952,1.7377394598478872,2.3234070943133247,1.4951262146565796,1.6166269114903002,1.4458951224170278,5.123277028804694,4.803769557053954,4.470966624509856,3.840548297354701,4.02799858360811
326651_5_consensus,5.276804076047881,4.265060476164365,3.757550171160005,2.1397300941404183,3.2256648613701486,4.903901533035878,2.238263044261487,2.9252313272408514,2.1706854615018187,2.508283058259167,2.7678371809571445,3.594782699834184,2.3927020661017764,2.946604163100403,2.082231514043883,3.765369862933767,4.870896874613436,0.7052837479573668,0.2447626599945351,0.0,0.3254967147928482,0.3001120968733062,0.2682523716268861,1.6992449101758211,2.048408352771673,2.737857689468399,2.448984541991763,2.7544446054251357,3.8877447981985824,8.39966800997587,3.8065048306397102,3.953285890500979,4.577928856467167,4.252984323813735,9.53868798390431,4.968669141079033,4.562702908735787,5.967185258780262,4.860251102561392,5.599960439341771,3.707741485511861,5.320507327682549,5.585281982658614,6.189784915902521,4.451614689688313,6.994637752610004,3.697454912416333,4.734542583705604,4.001743041347822,3.3620743092942007,4.2063311176698335,4.32443326389955,2.491965859162292,3.2248024353716573,2.983939697184269,5.822947183080146,4.783639688382777,3.014870968648552,4.457703383265937,10.095100688699006,2.718535670060703,5.46869277115195,6.014098465943789,14.254361911162276,1.5084172746542208,1.5034381612642278,1.6587317831919677,1.3008147034491913,1.333186065729592,1.6155210445308512,1.5210392381262636,1.5416658835982275,1.7664356627449251,1.6535598580931603,2.20126453805608,1.4971954782958503,1.5831346043489702,1.3943858216584315,4.989090799148812,4.669283653740422,4.399470905295686,3.833825719595154,4.001468157657939
326651_7_consensus,6.216201960490878,5.074675050828773,4.595585666146576,2.5314647127429453,3.960996605287733,5.800633113528249,2.7946133885462245,3.6723411309791913,2.5251634103557308,3.166744248283919,3.38939664281304,4.37092032526084,2.9724843735233435,3.664658960170641,2.4734578526681616,4.530048969229995,5.764698910028301,0.4605213934419225,0.293586263700945,0.3254967147928482,0.0,0.2499485480334442,0.3183954172552603,2.020926677729335,2.5039760001765785,3.08805643776833,2.9825488707018053,3.2941467106942355,4.543910112976391,9.50676861845568,4.630222252029853,4.678457015821607,5.3816660379974905,5.059921140782876,10.733602478969717,5.8029680327042,5.475391537595101,7.114612822092909,5.8704368017558295,6.688858915540607,4.469311988430036,6.249947305460182,6.356321587301068,6.91727255739022,5.149444406678072,7.867730260673738,4.272721899753606,5.3519741955648215,4.691725877478802,3.889885850764415,4.928485021242466,4.993175807906255,2.859571706087877,3.771361599109696,3.4948761330564366,6.60287579828173,5.551092376754866,3.520011591492846,5.102124669111163,11.15079785001842,3.1954063490467206,6.275250155386061,6.824920525714731,15.475319917014644,1.746926864419038,1.7452154587838322,1.5292946932100335,1.4409696108259595,1.5206950610777312,1.781595405959422,1.7769668258335969,1.503697745259842,1.9185246017343047,1.98565291623936,2.721809326628488,1.4452759185949162,1.5700086876310024,1.5230763185773526,5.665968051183768,5.303723776278616,4.703874229681105,3.868422145797013,4.028693862008652
326651_8_consensus,6.030397238649925,4.919671569458444,4.355672040667173,2.440113005103399,3.7866224976123695,5.628803938898841,2.575183925692329,3.40164669152216,2.488462558280389,3.011295642529205,3.2230890700222403,4.192533910099257,2.8250124771540186,3.464356023182745,2.374365456278838,4.354005870687729,5.609966311912785,0.5212811231629644,0.2828919557036329,0.3001120968733062,0.2499485480334442,0.0,0.3164135934990781,1.9727371223986552,2.3939494145879507,3.0509793446001368,2.90294466236827,3.2195160199735824,4.493572841470325,9.555433040331764,4.582111423289405,4.755804149368942,5.466130267561994,5.095182460091394,10.755834555746333,5.862570803427843,5.477394426111516,7.0830042676468565,5.852755014353704,6.621861583435816,4.509749526286157,6.278430043074877,6.380749833738832,6.993190453495117,5.164244319150384,7.878299464323959,4.292026697374183,5.40207875063436,4.665893407911767,3.904618847012216,4.919368375711429,5.07261316100255,2.9033390410102697,3.771817661013301,3.526981164830147,6.648739183939313,5.525211198425836,3.5266145588303743,5.155239581215028,11.178371275207894,3.11731119659197,6.250668013260963,6.823371718517137,15.561066999548586,1.6232508050509296,1.598945905791311,1.5473197205058111,1.4053904191442257,1.4024961481676428,1.6328867370134503,1.6027156121637065,1.5240523879997454,1.900538649042005,1.8956078152685905,2.594181591512495,1.474084253376418,1.5358088149129685,1.4153136428920448,5.727853087762867,5.345863263046283,4.870578994662935,4.022224447001463,4.199188632138089
326651_9_consensus,5.460197770821651,4.445676097077808,3.967289529055847,2.2982729141558025,3.395861730316824,5.083827792941122,2.405563277079864,3.1127026705181606,2.3473387417422487,2.6837657858759485,2.939573908287855,3.807331999030623,2.5825219562136112,3.147279277349412,2.2395580376938824,3.937063126685928,5.046639943561104,0.6902308717992014,0.2666729805816317,0.2682523716268861,0.3183954172552603,0.3164135934990781,0.0,1.77005539137906,2.1586701264576504,2.820037352301142,2.5808810817656536,2.9320682144800685,4.069183842862287,8.523516909708917,3.9313080448071114,4.072481011931984,4.695166577436794,4.391358867879546,9.685867151727848,5.079860124315189,4.721285343090472,6.151981790061768,5.03442156736088,5.814034397346916,3.829380487351898,5.431585512770425,5.711433299418502,6.3177681598888284,4.577031402711498,7.129571837011952,3.8008798353510542,4.835711358848073,4.124336178747058,3.479128537582824,4.367960931219727,4.448230900315934,2.621435283263964,3.352969887032998,3.100099360598392,5.962880157789414,4.9149309916175525,3.12287261921756,4.569746470860707,10.257439029334536,2.852505153008281,5.593595158509913,6.164756310034591,14.409926976477095,1.6151037767981506,1.6147595955651468,1.7266776045574377,1.377285298417462,1.425631057197677,1.7415733847940942,1.6600566215333856,1.612031850078779,1.8485323444704704,1.755378670447783,2.3280407306511397,1.5702775092478305,1.6706231732431434,1.4792668567088183,5.185683615728863,4.846768888610484,4.547648682617137,3.998249256174233,4.151304022705403
326713_2_consensus,4.386072768563849,3.342504222176899,2.810673289858244,1.4350318502242772,2.2977904142198327,4.034982437823999,1.5125546935242369,2.059614115144086,1.350227498489062,1.6118267029721665,1.9695174925707877,2.646437164169811,1.5126071061993116,2.1267383367751904,1.3538509983379754,2.9103731260968857,3.8643462111513713,2.312770357853708,1.755928223747162,1.6992449101758211,2.020926677729335,1.9727371223986552,1.77005539137906,0.0,0.2906872067234758,0.5437021849326129,2.00477512821152,2.252360629695886,3.261918417182585,7.092567162669866,2.627939888870003,2.6874029645347264,3.190258669720436,2.953567329017005,8.170001827686576,3.698072534473397,3.154728065699487,4.341345650264941,3.3500639055728243,4.07940111004757,2.387511389700819,4.020260327122287,4.896553918710367,5.491406161606449,3.8587534808103774,6.175333701265004,3.1443451644738047,4.166107446281899,3.4525715734321807,2.778943975925245,3.458970726019345,3.459112554901708,1.8825608977087995,2.629769022027631,2.3055768972794226,5.041084704965272,4.089623918300731,2.499245909899969,3.80178503594766,8.582078439012946,1.689469701652456,4.067903402524109,4.694247728030177,12.554959519043903,1.2722405050261043,1.3405002232938728,1.8041544047366076,1.1754905838080276,1.1892895092057074,1.333377512284244,1.215166494626601,1.5874093294875138,1.6930526805211912,1.364546419951239,1.67437498420702,1.4776716274212165,1.6021988126741462,1.2817895708394644,3.435297205222355,3.1472416484896826,3.0731090256108478,2.6880352323288434,2.8783729553293824
326713_5_consensus,4.073011540088714,3.11264764570052,2.530448911907399,1.5210954810628436,2.1199685046291847,3.747312641727831,1.4409634462833765,1.8575665221682696,1.462598062593372,1.510649179083316,1.8746316121954576,2.427208515411394,1.4453726252754675,1.9509751801299444,1.4421551339139,2.718022199970733,3.5804199588381493,2.865774876394653,2.141856389163081,2.048408352771673,2.5039760001765785,2.3939494145879507,2.1586701264576504,0.2906872067234758,0.0,0.5473004022437067,1.931012544795351,2.1469265359176006,3.085223710925959,6.756982922623422,2.4762766083108545,2.641061452691474,3.085708740537654,2.830183569175233,7.746561243905376,3.579662225383004,2.942369437859952,3.958690583036912,3.070735165252927,3.696718302539068,2.3109888658722757,3.823378932498372,4.773900087824018,5.406634557014172,3.7953437432032615,5.96886329177687,3.167896752725653,4.164705836302971,3.380252523688739,2.835712502137824,3.353504271063912,3.4434068727543945,2.0403583847308937,2.657955269085789,2.383727714094107,4.90955426007298,3.954984415136437,2.575426048871748,3.784051621624769,8.136347073269405,1.5972534759398511,3.78007933889171,4.411780860638771,12.007594457176992,1.4692616129656813,1.5341409264974004,2.282280426679904,1.498802325963993,1.4271924319702407,1.550492277129308,1.3737673108075228,2.009066076296847,1.9806007660964724,1.5264900508800563,1.6878273060517586,1.9021448738009208,1.9832709872967484,1.561044473412494,3.33118333126248,3.0736505122724225,3.2508054125482886,3.0194674501113354,3.2288459625599444
326713_9_consensus,5.408275909953886,4.306659215079435,3.633153917574873,2.2358070577220133,3.1418531224018693,5.036671041610248,2.27227176406052,2.798969775043872,2.1181301921885733,2.3694324916291976,2.8316972053711424,3.519758640704936,2.2619677390272277,2.975434554631761,2.1367792239532264,3.847917828012783,4.815916039410695,3.196133996220567,2.81643897456712,2.737857689468399,3.08805643776833,3.0509793446001368,2.820037352301142,0.5437021849326129,0.5473004022437067,0.0,2.7107580628924666,2.9692424556574224,4.0709362721087246,8.078848866543012,3.3530227785591364,3.4059758334931303,3.8810096499838656,3.661712513834175,9.189949591372285,4.488102444173478,3.8180325793830434,4.881812014116406,3.919840878936384,4.68584658049258,3.03160916250539,4.799354292942553,6.024466219671297,6.666760905650051,4.924259061647263,7.340338524568438,4.162014618740841,5.287508166291104,4.48900893853579,3.7607695336553206,4.430877535401351,4.412857567739479,2.755867844747911,3.59439678981056,3.2125693889454965,6.126998759888068,5.104852596293711,3.471194315674893,4.849125242409173,9.550615315630864,2.249152234120686,4.758866384495207,5.48524611537465,13.612468533829428,2.15448428656282,2.226073889256668,2.7997959286240075,2.0792377800481745,2.0306581832340957,2.1102862895007206,2.0247338164812163,2.5519188778709463,2.714998816937964,2.3117213218166626,2.567388061388101,2.385358150642503,2.5608627910008863,2.1862219958131845,4.193932583559672,3.907092852723622,3.91022996043489,3.463050415363,3.689646978205019
326737_2_consensus,1.837110466870456,1.4082806831805783,1.4108322374625004,1.890247918232319,1.1755852233081896,1.7238180500402225,1.7146194947402478,1.6188894692890017,2.124497271514201,1.2873591510621054,1.2996123067105143,1.3186733692471648,1.3793379185239587,1.2822793757179056,1.9891150685750745,1.3947797670418822,1.6354672246536095,3.585690370431905,2.5702898540336605,2.448984541991763,2.9825488707018053,2.90294466236827,2.5808810817656536,2.00477512821152,1.931012544795351,2.7107580628924666,0.0,0.4242976809222796,0.6319872340827146,4.0539772713726165,2.084307927509542,2.300696933548238,2.4413397258223317,2.1947910109379336,4.729922729647683,2.5210034520932254,2.315170954530174,3.0949407280409105,2.5957306852986903,2.6570463748495854,2.2445419721661324,2.5348180784675947,2.178659002897291,2.5684148945339302,1.7179745131255115,2.9158091713024987,1.5572936195485454,1.9305704593320456,1.5235270172524906,1.5372573971550878,1.5440718783058855,1.8260156431018688,1.796462679594356,1.4229728156389,1.538662506210585,2.3029942340517096,1.7894436051303728,1.42365745193365,1.7850911693993226,5.132598786774906,2.3960314216496954,2.7241123107936005,2.8673644797918314,8.122526731141477,2.205579106009168,2.461635933316529,3.41174129043452,2.439168020196405,2.527717552008596,2.8643308760272816,2.5602647465277077,2.9645848207616154,2.062825725768903,1.6031213234015809,1.4182752117228574,3.0119920396412,3.043186379493136,2.655848154626085,2.666579412876501,2.559142704883812,3.1910271766620326,4.3651157043059925,4.215467863000981
326737_7_consensus,1.8566778775108328,1.4463494503187349,1.523189752401663,2.041042291759652,1.2948936293506677,1.774719668215596,1.9394745836729044,1.8394957762577635,2.2246367718037163,1.4465569330635049,1.4262378386492855,1.362867047749205,1.5255002978938703,1.391108843724396,2.150983479303932,1.4806179877495538,1.6540316611492472,3.9411733856479714,2.8740759359508843,2.7544446054251357,3.2941467106942355,3.2195160199735824,2.9320682144800685,2.252360629695886,2.1469265359176006,2.9692424556574224,0.4242976809222796,0.0,0.604102755989004,3.954899514141744,2.1839386502640536,2.312772143356653,2.457032296136674,2.2076959716239912,4.602184875813066,2.537485741947989,2.322712001698676,3.120316120046141,2.619746923096443,2.6082216361709243,2.312873439418013,2.583325291315191,2.1675774356519355,2.487492293077537,1.7628182131895755,2.861667397800602,1.6614699775498707,1.9368739026757,1.6118701082089046,1.6398219730180583,1.5644804121324114,1.8508901281052204,1.9094641428396244,1.5061517483577518,1.654290406353823,2.2608623790018214,1.8686491706345123,1.5586014410489497,1.8144245472689704,4.799845743902722,2.379532947776511,2.585775150681684,2.6505701586880264,7.694387487734673,2.3096173754174742,2.5894724526395976,3.494503136644994,2.5772632911294977,2.693730614700769,2.998182246879594,2.6902082739763955,3.0425992924148773,2.091649708206262,1.6840727199229375,1.4878149898737547,3.110469130850902,3.1288351911165364,2.795304450517733,2.514004360347201,2.439866080271429,3.0362489704308477,4.2696810402837855,4.106292057823112
326737_8_consensus,1.4105965209495253,1.2445789402774494,1.597123784471819,2.803702283859309,1.4425215765789403,1.4319620544395093,2.6832382129124426,2.3118609730971684,3.028163667318154,1.895186085925616,1.7883540539186242,1.4269750959879843,2.063750213008745,1.6816716713867097,2.9755691200621754,1.4888080955754504,1.2880551963114613,5.3759735120546,4.037268199504922,3.8877447981985824,4.543910112976391,4.493572841470325,4.069183842862287,3.261918417182585,3.085223710925959,4.0709362721087246,0.6319872340827146,0.604102755989004,0.0,2.8774686179334026,2.2142054724638456,2.288554772208556,2.277232604019616,2.077944010922636,3.361960252364838,2.229471355305293,2.155927848909016,2.7551647666078907,2.4545212451579914,2.2326192303559083,2.4025098843713977,2.1678314411561246,1.54266409098409,1.7510960479629034,1.4123469066935854,1.9748405245898084,1.5514772649268025,1.5316408227254217,1.3796454708873398,1.6936975101406802,1.290688739502798,1.5902691586284163,2.3782379352469434,1.5597069101622765,1.8350205307783651,1.593540568203764,1.4724416701523069,1.6913711398193527,1.4783934477742378,3.44347745683848,2.879104557234939,2.1663013606192294,2.04972315386226,5.805469211359309,3.212644367060648,3.580184749737612,4.657361451033864,3.5687570705254643,3.762416830968221,4.12494564747999,3.7354641211177295,4.081320343219886,2.739480401911919,2.287386858695584,1.8466489300680564,4.211313946801056,4.23131922533446,3.8716986652995047,2.3657845182644337,2.4096586733447225,3.2471761433388338,5.136213991586544,4.856503221580795
326780_11_consensus,2.1702130799810675,2.6021581856354032,3.548182038388802,6.176722881549836,3.4389268038526666,2.461140942214513,6.036594395318844,5.04619237251552,6.389121784065878,4.3470681598894885,4.371608249756946,3.3370968104670737,4.873544728457659,4.081887469639469,6.416198605535385,3.2614481518226626,2.0821490309826345,10.863113723450738,8.602939084295144,8.39966800997587,9.50676861845568,9.555433040331764,8.523516909708917,7.092567162669866,6.756982922623422,8.078848866543012,4.0539772713726165,3.954899514141744,2.8774686179334026,0.0,2.095929594502252,1.9780992063815572,1.5297493930218593,1.6471286994139973,0.4195045107672399,1.2935409356110767,1.526064878750276,1.3418780791634504,1.646058066357284,1.2275658306661512,2.2473342132571474,1.0126542934731333,1.347184184734772,1.3763858706135466,1.8092703881704888,1.161968934224774,2.523447548667434,1.9214247027388185,2.074234215389879,3.085063539690168,1.880110645156833,1.8586427824419616,4.577554214224847,2.95040665879651,3.275738615612113,1.2537172594811636,1.8172954063159068,3.270549185337416,1.858709456707004,1.5003752228737994,5.225411168314281,2.236998374445079,1.904077078017792,2.402586585452184,6.893359577373133,7.450158488339753,9.139914878904108,7.25317581795133,7.7157588545311455,8.333217556337843,7.63783096559149,8.152105995047407,5.997121270618436,5.241416863289771,4.054450170584346,8.365726439369155,8.529054925373941,7.9001958300374895,2.5671197224588127,2.9789519929231005,4.442009633217083,7.847076765531767,7.446858950379124
326780_12_consensus,1.8604307049761812,1.5550081258344337,1.654120761949116,2.308294461210096,1.378072439206676,1.8185966376582885,2.1887253688167903,1.9662934369393952,2.4118802132171595,1.4017203383899073,1.6821248536082294,1.532018490697055,1.64545754621588,1.5952609272509335,2.369481852384524,1.609524607636672,1.52966564112171,5.47595136276675,3.960081601745401,3.8065048306397102,4.630222252029853,4.582111423289405,3.9313080448071114,2.627939888870003,2.4762766083108545,3.3530227785591364,2.084307927509542,2.1839386502640536,2.2142054724638456,2.095929594502252,0.0,0.5191014297967627,0.5437646941544472,0.4816993339874216,2.6977304147579275,0.7092222638907515,0.4929665336247808,0.9360067945971764,0.6279966371530463,0.8356739805425946,0.4460696783546609,0.7345091876106835,1.67377183992744,2.0423339130611,1.317234481720675,2.259548787750816,1.2830948561293098,1.6025206924924191,1.2154037932867254,1.367321896284011,1.1303579591464654,1.1002856971148276,1.6261368824295346,1.2275634854954092,1.178734952757054,1.690730940303638,1.426962203779908,1.3213123083699545,1.3205318397778,4.120182212700058,2.326580058112654,2.0561942968064386,2.280068908790838,6.646228248565308,2.818215452297693,3.0980580247374974,4.350646340644573,2.924687061181146,3.13843418372835,3.56129157528892,3.105965933947914,3.7161707985989096,2.697548267135403,2.047533112938368,1.5415027460807096,3.753485391251843,3.9019777282306896,3.324893736654701,1.4849308480118566,1.547228944205585,2.3179230887405997,3.785134210775368,3.7164199613644087
326780_13_consensus,2.140728687810622,1.7529156160460957,2.051580916622754,2.3470321692198013,1.646069684085603,2.090327056479282,2.5418728651356446,2.454709164883297,2.284270603466439,1.5996497331963155,1.9126704141656887,1.7422081516368737,1.8142273517186709,1.8715440337125528,2.411816425897541,1.869091156643776,1.7517925255436353,5.572487309668475,4.087250049239231,3.953285890500979,4.678457015821607,4.755804149368942,4.072481011931984,2.6874029645347264,2.641061452691474,3.4059758334931303,2.300696933548238,2.312772143356653,2.288554772208556,1.9780992063815572,0.5191014297967627,0.0,0.2773760356192269,0.2759292318750681,2.628980646642617,0.4925785206127102,0.3526198768302606,0.9089097788761364,0.5321838513872308,0.8044546419232574,0.2688805360259039,0.6386985720170628,1.6441056868785608,1.8522823414527352,1.340207414945496,2.2479380576903054,1.2779002165343627,1.4972912318330032,1.3295438616839874,1.3414860716313228,1.111861346874548,0.9032936053451976,1.482784209999295,1.213563556586564,1.0989749647980034,1.5840891395465633,1.5305605605225878,1.3284614137148765,1.2168063797274158,3.791982994317209,2.207396113703055,1.852154894632747,1.99615540874953,6.190412362933785,2.827365051843288,3.1539662897620246,4.047408269539801,2.782438073887249,3.170506398046939,3.605220474525481,3.199993155838456,3.4360185056578416,2.481643072402392,2.0116499754136044,1.6052246982493443,3.473976994725149,3.7139073309579658,3.3237549494268706,1.0717721550932993,1.1969027231647829,1.660200118237924,3.102722012333743,3.0153008434997446
326780_14_consensus,2.098580127262835,1.8417983508770133,2.2069380553993483,2.890612216052375,1.8443491057152528,2.1009521461811573,3.0086406378517268,2.767438296536,2.8689034508162194,1.9222343168540303,2.2403880485454124,1.9278769056405736,2.199381449481109,2.164016881193106,2.974477539574196,2.0221935550582657,1.7380962457682472,6.346272156697637,4.719080792733905,4.577928856467167,5.3816660379974905,5.466130267561994,4.695166577436794,3.190258669720436,3.085708740537654,3.8810096499838656,2.4413397258223317,2.457032296136674,2.277232604019616,1.5297493930218593,0.5437646941544472,0.2773760356192269,0.0,0.2744608207918304,2.106032710652641,0.3979046746520112,0.2924156882186821,0.661822329460449,0.4296963265175009,0.62135767330318,0.3341259370943135,0.463272071509607,1.519770873635025,1.7233545918666096,1.3181803562413847,2.0078869946108853,1.3763282038700029,1.5058199041404237,1.3532209169951557,1.5231833392367091,1.1267861007389115,0.9184919314084254,1.859302871622788,1.39304956907705,1.3151766776705929,1.44798909661165,1.4576471946033962,1.5343724007913124,1.2165694972221672,3.379066344800492,2.5902345692599056,1.7942052646746447,1.8996221168679317,5.535464653597501,3.4213638341433352,3.7817579425683903,4.851193252853989,3.414228928967645,3.809551308660844,4.294736524832501,3.838470976145004,4.153002357708601,3.017696843186684,2.4579053724919504,1.9036991268953896,4.195038314281703,4.463365713643611,4.002796436682729,1.1669146524876624,1.3360495621188877,2.00089915153751,3.769710379193896,3.650802881245113
326780_15_consensus,1.83452735764854,1.5507586637326654,1.8560104827358828,2.531304148362437,1.5401721132105308,1.8195735207603436,2.5983374149046767,2.374163343369389,2.544657600787332,1.6208720312138212,1.883877859268296,1.6081113555478623,1.8645225588744552,1.7959109640813151,2.620994485631684,1.71657541910821,1.4978664360643847,5.995601814835879,4.415977519734497,4.252984323813735,5.059921140782876,5.095182460091394,4.391358867879546,2.953567329017005,2.830183569175233,3.661712513834175,2.1947910109379336,2.2076959716239912,2.077944010922636,1.6471286994139973,0.4816993339874216,0.2759292318750681,0.2744608207918304,0.0,2.2222809518856934,0.4239188323219878,0.2863438728377332,0.7419466398093277,0.4561740615113194,0.6096583323759432,0.3341721521674685,0.5120545687177014,1.4422770071831792,1.6670052654180267,1.2108043462868068,1.9565001869230516,1.2398649696581288,1.3923102940036074,1.205338927399282,1.349364531065362,1.0014195764939018,0.8814447986454752,1.6799651396272566,1.2239159518709355,1.1801701423362374,1.3867071748574062,1.3431102899312464,1.3654682389844195,1.13655613693453,3.409661374071561,2.359357839050972,1.725845917016045,1.832543189699777,5.701046266530511,3.098005223868597,3.4364732273664917,4.526162238275106,3.1567662449960494,3.5057250548613865,3.938943844063488,3.494508637258093,3.880009182257482,2.755238900076733,2.205113934898577,1.6868495974581492,3.928715183889949,4.128726642189349,3.676045405326136,1.1328818739395956,1.2747752601930529,1.932819620202281,3.6019391685055098,3.478984255638693
326780_16_consensus,2.490494664872415,3.067677222917098,4.087276631598229,7.131964110343404,4.051849291110784,2.8363747974852345,6.90184877739847,5.754702885801294,7.3840061228737,5.112454486789147,5.092611083777285,3.90808098127377,5.681169646085095,4.746182337041319,7.399830670622691,3.800649754141887,2.462960128828968,12.15300273445922,9.75836584181576,9.53868798390431,10.733602478969717,10.755834555746333,9.685867151727848,8.170001827686576,7.746561243905376,9.189949591372285,4.729922729647683,4.602184875813066,3.361960252364838,0.4195045107672399,2.6977304147579275,2.628980646642617,2.106032710652641,2.2222809518856934,0.0,1.803267074210112,2.0556390790376327,1.738139034557662,2.1612677507114317,1.6130103257337964,2.92900249474269,1.4493375793028918,1.684035426377477,1.693734338576519,2.2637627227857706,1.3589717488085284,3.099545070335921,2.385581143909576,2.570991571888271,3.738637264915667,2.351454188543812,2.3890996521045054,5.436989781927764,3.5964527709537606,4.004414130495547,1.5774249102091176,2.229882230606222,3.957271103918856,2.3410348055375607,1.6270170012429617,6.191583770620639,2.7946795902429926,2.385223133482839,2.274479833179612,7.902069667830005,8.49355282722837,10.356738355691109,8.348014109092958,8.795642451351682,9.435198933260269,8.678113554208721,9.307114148942276,6.96147761705214,6.135604061304548,4.8092082801719584,9.543365105044984,9.688372892198004,8.996392280316343,3.203404846931392,3.670687030271495,5.326858452195438,9.022481733739935,8.58809462029808
326780_17_consensus,1.8930019339406956,1.7361440266283807,2.192041069391109,3.164683587231707,1.879051092985492,1.9320319654026437,3.2366276329075845,2.8964707558807845,3.2190584729690954,2.102712697567995,2.329381941019278,1.939961482058948,2.4086790674790564,2.2346405468039734,3.28725145768226,1.985599899905424,1.5984101607889445,6.808363005539036,5.131866871734189,4.968669141079033,5.8029680327042,5.862570803427843,5.079860124315189,3.698072534473397,3.579662225383004,4.488102444173478,2.5210034520932254,2.537485741947989,2.229471355305293,1.2935409356110767,0.7092222638907515,0.4925785206127102,0.3979046746520112,0.4239188323219878,1.803267074210112,0.0,0.4671754766081903,0.8290968940173684,0.6523785667173456,0.7303092687396884,0.5919243213429013,0.4962895922178632,1.2984966344715758,1.4669346438360549,1.191896125584094,1.6968474750916016,1.327123874180245,1.3416254621827193,1.2506343892516725,1.5289011047237864,1.0632984507394667,0.90641276648887,2.0789868392873814,1.414933832451425,1.4259766884120495,1.2330255799498104,1.3143000340621145,1.573303848556009,1.122331100063093,3.0750025640214176,2.939070030064954,1.8304342205818784,1.8689162010314817,5.087861936208014,3.707558460303346,4.090772622108489,5.232997722408754,3.7735602036522096,4.178092916264745,4.668379160566985,4.193688180783909,4.514399052693705,3.208269119214094,2.650830024256948,2.0296147114775067,4.598417596489639,4.811343597035716,4.348273375159351,1.2901917349678342,1.477895065286873,2.219935513531368,4.231028205642815,4.041660702934564
326780_1_consensus,1.90718033010927,1.703523962782015,1.962525316251515,2.8858603681019304,1.7010211568633622,1.922148942042725,2.8432772599527425,2.510805545133905,2.899904738524242,1.8052676110968944,2.120548603973589,1.7505758671792364,2.089765128878639,1.9702909680029848,2.965376358591641,1.8801363296622071,1.589266213751216,6.472069686633347,4.73424345980942,4.562702908735787,5.475391537595101,5.477394426111516,4.721285343090472,3.154728065699487,2.942369437859952,3.8180325793830434,2.315170954530174,2.322712001698676,2.155927848909016,1.526064878750276,0.4929665336247808,0.3526198768302606,0.2924156882186821,0.2863438728377332,2.0556390790376327,0.4671754766081903,0.0,0.471637871624182,0.2846217119761149,0.4208950227062473,0.3618189334090971,0.4708123521216976,1.6162685659871272,1.891222360640711,1.4093853735459447,2.0814852389274847,1.5170591040934482,1.6655256562995646,1.4058814041159735,1.6647959987404306,1.1758476100844746,1.0861489161047189,2.0379188577013565,1.5097471898640151,1.4680569176267113,1.5612167706514697,1.4958196276134004,1.67305439044668,1.3758813263053753,3.2951276629792687,2.458830668912924,1.6905220704322232,1.8156867583207368,5.50190644985247,3.4368287398091297,3.773948711560138,5.0768375162535335,3.5431759789828448,3.852634000363196,4.303523098352514,3.7986646755497873,4.374493449859017,3.171720715255219,2.510614546134093,1.875107666311408,4.421942202558512,4.616542979524979,4.068574058076081,1.2908923053876151,1.4629265628342978,2.3497476994150475,4.133314904956478,4.044593620650517
326780_2_consensus,2.453350827505289,2.49699381996237,2.7336661461121707,4.346080711740058,2.585016689445524,2.564762957207904,4.086048243821551,3.468045722384886,4.385137810029221,2.798437384790077,3.2366226690817257,2.620248591989707,3.230322168650389,2.9599715128762227,4.419556981271057,2.7387897428411634,2.1876131087685167,8.265761054024665,6.160233758843901,5.967185258780262,7.114612822092909,7.0830042676468565,6.151981790061768,4.341345650264941,3.958690583036912,4.881812014116406,3.0949407280409105,3.120316120046141,2.7551647666078907,1.3418780791634504,0.9360067945971764,0.9089097788761364,0.661822329460449,0.7419466398093277,1.738139034557662,0.8290968940173684,0.471637871624182,0.0,0.3222480829115284,0.3884268659260215,0.8409994017251847,0.6351083883203614,2.1841804838947496,2.5350729941882264,2.10227129597547,2.4808509651352324,2.4325693104124757,2.5094800192292155,2.150151956927857,2.696402903918852,1.861920732594001,1.7830347669181492,3.308581788259744,2.500925165632623,2.484697990371501,2.114054423795551,2.092074940844782,2.7279851559588337,2.145712988774619,3.2757290714208693,3.467264871413363,2.1059108179728696,2.2168442581256613,5.127525189517371,4.929827247893911,5.284535676024973,7.065973912082939,5.098463939413307,5.372012529836468,5.913491250038419,5.276263938057582,6.188714785371872,4.721199117484957,3.8074316059667126,2.864704337973308,6.2339166193751225,6.462964247198215,5.710191742613176,2.050536825560528,2.3381350998760126,3.709994643170603,5.975896547638229,5.915486081165852
326780_5_consensus,2.269592203455545,2.119832722576234,2.2931902697413307,3.347030355551283,2.0627728605002176,2.304014523740193,3.225186763584474,2.822846014838888,3.339183392831387,2.118633122920073,2.538627864405214,2.123191870386563,2.459841205438522,2.3423663815060536,3.402691289142865,2.271681099130205,1.9410880235309376,6.924856315695706,5.034388591234006,4.860251102561392,5.8704368017558295,5.852755014353704,5.03442156736088,3.3500639055728243,3.070735165252927,3.919840878936384,2.5957306852986903,2.619746923096443,2.4545212451579914,1.646058066357284,0.6279966371530463,0.5321838513872308,0.4296963265175009,0.4561740615113194,2.1612677507114317,0.6523785667173456,0.2846217119761149,0.3222480829115284,0.0,0.3991115291872802,0.4707853007831204,0.5813212609099878,2.046128032625404,2.3844136244539413,1.8271790727072807,2.493123576295602,1.9840828420755088,2.1738220055670467,1.8223516134284523,2.148504749764584,1.5528649416911549,1.4517008027704037,2.500824756795282,1.9627613059343505,1.88364704958218,1.985198640398039,1.8826991163673483,2.1404069500895275,1.8212754337855583,3.4843487993160807,2.646183961294355,1.8413485744232505,2.003713671648029,5.645465284607553,3.853169256156548,4.167974856661431,5.666560499502225,3.9450779764719073,4.227336436170162,4.709678672638461,4.151825386531584,4.902893698908372,3.683089128434176,2.906610616883313,2.181316990378207,4.934468305413077,5.151057773846958,4.510356774891818,1.5936494507270709,1.805283878460557,2.8708350186415714,4.712557792052166,4.681448579950086
326780_6_consensus,1.8990057533959543,1.906944977644855,2.199913006177667,3.806641569813507,2.081473265106524,1.9993748185382287,3.5725387309444727,2.982813000890019,3.8807072152552,2.3818192929810493,2.672812897830795,2.057756287499785,2.7454235654938657,2.4053654287080235,3.907887491778979,2.1851921339258524,1.658922828145819,7.808871948495948,5.811338743431747,5.599960439341771,6.688858915540607,6.621861583435816,5.814034397346916,4.07940111004757,3.696718302539068,4.68584658049258,2.6570463748495854,2.6082216361709243,2.2326192303559083,1.2275658306661512,0.8356739805425946,0.8044546419232574,0.62135767330318,0.6096583323759432,1.6130103257337964,0.7303092687396884,0.4208950227062473,0.3884268659260215,0.3991115291872802,0.0,0.8189532007870639,0.592312159420203,1.7503965234347447,2.040316988978077,1.6975818302793186,2.029788321118076,2.0068836651969946,2.015518971056053,1.7282115056817702,2.2504693847495787,1.457242971140431,1.4865050185024415,2.9073705983678906,2.058416664689844,2.131972983256901,1.6819467513437871,1.6993318338961103,2.3024068481771565,1.738538824399427,2.7821879119557025,3.010380878788282,1.7041150045339464,1.742402722820657,4.710971653371814,4.371615183032418,4.734855130863082,6.40850971434179,4.640818022781559,4.892373020461378,5.346838783161388,4.746059838262056,5.604497416875745,4.098485169301398,3.289792603728245,2.4183318468734,5.678903081959447,5.825432912108226,5.15514400328658,1.6818512752257109,1.9343482189299264,3.1938099010839665,5.419172976685957,5.296270755630815
326780_7_consensus,2.3022820092052143,1.8920292188789745,2.0223432685695,2.269359692895307,1.638625167127941,2.2296255737953743,2.3600341573031187,2.290795306818211,2.2251948819320546,1.496679311526293,1.8865617439548144,1.7851775630322209,1.720932089030498,1.845220030325379,2.304603304315947,1.9185777312277423,1.8931550739124527,5.323099963254037,3.835332789822644,3.707741485511861,4.469311988430036,4.509749526286157,3.829380487351898,2.387511389700819,2.3109888658722757,3.03160916250539,2.2445419721661324,2.312873439418013,2.4025098843713977,2.2473342132571474,0.4460696783546609,0.2688805360259039,0.3341259370943135,0.3341721521674685,2.92900249474269,0.5919243213429013,0.3618189334090971,0.8409994017251847,0.4707853007831204,0.8189532007870639,0.0,0.708604080483326,1.9155163858540616,2.225388891936916,1.5209843036472537,2.582636169746138,1.4159787700042443,1.7717259368027385,1.4575754838031116,1.4500012996927012,1.26763025619141,1.0762720184281989,1.4918053130452336,1.3113054809862206,1.1474852812317522,1.87971116471806,1.6794342185972937,1.3969560394074847,1.4301174398988792,4.25395273363381,2.113455025136659,1.998316605511377,2.2462842980544337,6.800117171378986,2.7187346249970687,3.00579596563665,4.014367007019985,2.6624030291580425,2.976878591214984,3.414062885554074,3.006221467950411,3.3976037669424386,2.5384028059871757,1.9796047745355736,1.5704325652941409,3.4016398957435285,3.646903831547718,3.18156880649758,1.230962932093291,1.3259874111168983,1.8695425567461823,3.1583829916388027,3.133950094396539
326780_8_consensus,1.758155426013559,1.726096915871608,2.176840447157076,3.538191268632147,1.929850153693792,1.83480059806476,3.463922707330198,2.970384877609547,3.6489849727893215,2.260245591246985,2.49031971872364,1.9956119565427457,2.627203075335558,2.3425959279425683,3.658536646801849,2.013263150307296,1.506392775725601,7.307390205153069,5.490420161670386,5.320507327682549,6.249947305460182,6.278430043074877,5.431585512770425,4.020260327122287,3.823378932498372,4.799354292942553,2.5348180784675947,2.583325291315191,2.1678314411561246,1.0126542934731333,0.7345091876106835,0.6386985720170628,0.463272071509607,0.5120545687177014,1.4493375793028918,0.4962895922178632,0.4708123521216976,0.6351083883203614,0.5813212609099878,0.592312159420203,0.708604080483326,0.0,1.2312791612559977,1.451434735975738,1.1965659867389036,1.5375491837613708,1.4305919762803685,1.3983688575813744,1.261655890594568,1.7052455211902495,1.088493213739298,0.9884211160114093,2.4204513435302037,1.578166779561343,1.6342588102716604,1.182863522323203,1.2592684738515345,1.7498725466647898,1.1740626789130033,2.7832932055540027,3.164957214005426,1.7821966839322272,1.801420044098677,4.643261856866218,4.164798860502117,4.569757024143996,5.946673846384726,4.299912897342665,4.666202334519426,5.196289344682782,4.657149503383778,5.155515618303809,3.7067439249308896,3.013356248566595,2.2506557229132227,5.242983746226059,5.45837834324567,4.872586062650271,1.5070213045355558,1.7306303607047653,2.730759299643694,4.980932740674234,4.786620116774998
326797_10_consensus,0.8891044144430111,0.9128951696272908,1.6740762674310758,3.1807739896463545,1.4259160112954987,0.9688720804727496,3.186653100062756,2.671621083189791,3.472794775751936,2.1079225438110143,1.9386989829282013,1.4378242870927238,2.3991877034341087,1.8523448735548984,3.402840087286961,1.3306814019539956,0.7802817063289353,7.362033880938952,5.7765588074278185,5.585281982658614,6.356321587301068,6.380749833738832,5.711433299418502,4.896553918710367,4.773900087824018,6.024466219671297,2.178659002897291,2.1675774356519355,1.54266409098409,1.347184184734772,1.67377183992744,1.6441056868785608,1.519770873635025,1.4422770071831792,1.684035426377477,1.2984966344715758,1.6162685659871272,2.1841804838947496,2.046128032625404,1.7503965234347447,1.9155163858540616,1.2312791612559977,0.0,0.2989408454535009,0.4006712071310403,0.4609216669184661,0.646095873333536,0.3739948022034696,0.4951597865409098,0.9550965019817568,0.4436194285029273,0.5401104470837481,2.016488020711904,0.8872944080145544,1.200378108598386,0.2612219915427545,0.5075804611855688,1.0665859297079692,0.3854235894536941,2.579315867985656,3.9090727619002337,2.232516845577493,2.0197237618239683,4.246106324445975,4.253266463744694,4.705886141485848,5.799354387028018,4.541944902969931,4.902443949079327,5.407544390485725,4.93026056421752,5.07796207277903,3.466980341017916,2.9887961169347363,2.321626659947526,5.286644771288479,5.375230551569416,4.973404067088495,1.8206302136774184,1.9941723819260917,2.7710843420137508,5.246581935376241,4.845532231684331
326797_11_consensus,1.1192382244730084,1.1534958113194875,2.079381252417079,3.575821711491983,1.7975312375346562,1.2202838552673256,3.730745687271338,3.2277626255670384,3.827296881292909,2.5450307685725875,2.324638458265099,1.7642639752652371,2.8273399597977686,2.260716469878048,3.828288420419199,1.653264268081557,1.00313740620129,7.957419903253424,6.383631390162634,6.189784915902521,6.91727255739022,6.993190453495117,6.3177681598888284,5.491406161606449,5.406634557014172,6.666760905650051,2.5684148945339302,2.487492293077537,1.7510960479629034,1.3763858706135466,2.0423339130611,1.8522823414527352,1.7233545918666096,1.6670052654180267,1.693734338576519,1.4669346438360549,1.891222360640711,2.5350729941882264,2.3844136244539413,2.040316988978077,2.225388891936916,1.451434735975738,0.2989408454535009,0.0,0.52550135653388,0.446894366860306,0.809895827179389,0.4141091616652943,0.6936779885486999,1.1423303111250789,0.5900805023927091,0.6317746046202046,2.264911951415229,1.0870525854263065,1.4256350720404498,0.2649738045532217,0.673313946367557,1.2920940467602122,0.4595377795483273,2.4192852408532417,4.283336994749391,2.363469986905386,2.064149053675976,3.9284869277572634,4.667221152912191,5.162402774649252,6.095322334585205,4.923874893882783,5.3766024545192295,5.88201211568537,5.422325866289896,5.369895046278202,3.697757890760556,3.324544750132816,2.6713142449222005,5.602991552924891,5.7106312044385845,5.412675131104038,1.883362227028272,2.0835176193921825,2.734983806698949,5.335879983046368,4.87812907015109
326797_12_consensus,0.8879761168674349,0.7377889349511406,1.2788471791821507,2.295569280299788,0.9839162936851836,0.893233022743118,2.314265285533793,1.9863639844231216,2.5727287957004137,1.4448757598863151,1.355947659212461,1.0768956933738991,1.6730693338881792,1.3202489014724392,2.482347594710916,1.000881099820674,0.7186730404215496,6.033577422833389,4.630355868991501,4.451614689688313,5.149444406678072,5.164244319150384,4.577031402711498,3.8587534808103774,3.7953437432032615,4.924259061647263,1.7179745131255115,1.7628182131895755,1.4123469066935854,1.8092703881704888,1.317234481720675,1.340207414945496,1.3181803562413847,1.2108043462868068,2.2637627227857706,1.191896125584094,1.4093853735459447,2.10227129597547,1.8271790727072807,1.6975818302793186,1.5209843036472537,1.1965659867389036,0.4006712071310403,0.52550135653388,0.0,0.7958741775826184,0.3945612903383448,0.3558157706939369,0.3341617788618691,0.5901996341570452,0.3163949629542344,0.4112599782753818,1.349754756829611,0.5247257742189504,0.7429915611807019,0.4241361405447037,0.4582823917202745,0.6391133729073886,0.3073826015017857,3.3053536196511004,3.2805820362108875,2.2694662847933387,2.2007866182245834,5.368043292937102,3.358190462132086,3.740795328168474,4.735138359303278,3.570544104346141,3.869331562053048,4.34565592058766,3.924299382156221,4.089827143731725,2.765644734171417,2.3055829938170405,1.8073814511493536,4.249810217019899,4.352921507773999,3.9568403755791337,1.677901268363371,1.7656880717420904,2.392200182759097,4.410216019416907,4.0919760871979065
326797_13_consensus,1.147974269313238,1.3631586605815755,2.281198628249001,4.3564153735060245,2.113884371496738,1.3112889730554116,4.289843407959552,3.562180076588504,4.68360482123569,3.021754516215367,2.790379833908787,2.0635851074507627,3.379142798592852,2.6396348969656174,4.618522998880962,1.921589620243992,1.1041180402696682,8.980686536322764,7.2064209477921395,6.994637752610004,7.867730260673738,7.878299464323959,7.129571837011952,6.175333701265004,5.96886329177687,7.340338524568438,2.9158091713024987,2.861667397800602,1.9748405245898084,1.161968934224774,2.259548787750816,2.2479380576903054,2.0078869946108853,1.9565001869230516,1.3589717488085284,1.6968474750916016,2.0814852389274847,2.4808509651352324,2.493123576295602,2.029788321118076,2.582636169746138,1.5375491837613708,0.4609216669184661,0.446894366860306,0.7958741775826184,0.0,1.2376504153147607,0.7637716259134208,0.9643112513394954,1.6641029091697987,0.8971768549583885,1.0374591735219385,3.0328334622633406,1.5874034097119534,2.006341763920318,0.4497184197981596,0.8548906391986293,1.8325362903572116,0.8212146063035561,2.2111754955797096,4.846532098108014,2.5315655891027404,2.1998737861061954,3.495597304494254,5.4809317629188286,5.984453427061567,7.271918809712531,5.866246433333004,6.246003887447273,6.778912240034629,6.225551259746794,6.460938357733255,4.56900010830725,4.025253640679466,3.16105367611965,6.709325339979216,6.777230194739786,6.316407303579922,2.367968669460936,2.610568958132092,3.6199310919328127,6.555611484903693,6.089576495479264
326797_14_consensus,1.1083651298805537,0.7565088835185065,1.1635961787412157,1.602611428974399,0.7823110928146662,1.018334521844963,1.7027690850120507,1.606707824310206,1.8446039664208345,1.0387234284800115,0.9846536788661524,0.9476323364814904,1.1837637435247077,1.037542046127612,1.747987980979076,0.8888553677206801,0.8725759335420662,5.016497897383317,3.854446653290722,3.697454912416333,4.272721899753606,4.292026697374183,3.8008798353510542,3.1443451644738047,3.167896752725653,4.162014618740841,1.5572936195485454,1.6614699775498707,1.5514772649268025,2.523447548667434,1.2830948561293098,1.2779002165343627,1.3763282038700029,1.2398649696581288,3.099545070335921,1.327123874180245,1.5170591040934482,2.4325693104124757,1.9840828420755088,2.0068836651969946,1.4159787700042443,1.4305919762803685,0.646095873333536,0.809895827179389,0.3945612903383448,1.2376504153147607,0.0,0.4163527660733166,0.3375637074628912,0.3311099775834805,0.3403041415001553,0.3906577054747799,0.8026855483698796,0.2872891204725647,0.4099637419352007,0.6969902756833335,0.5635015095337508,0.3307137866013363,0.3296429509833274,4.182987465693884,2.9004070338329484,2.5147263651346634,2.566649450789896,6.6182257317177005,2.6846757643864976,3.0158110823821858,3.775845774039965,2.7955927418537385,3.077684710556923,3.516900130337831,3.178278363986067,3.2283337101481493,2.1972919970107228,1.8194339183439752,1.5226087617319308,3.350259810844591,3.4792326240813054,3.1468156722037293,1.6374345068507523,1.646368104727003,1.982376164451068,3.528233896582094,3.262960223116977
326797_15_consensus,1.0003966712439478,0.8218994715439862,1.5109897302269817,2.414505442760799,1.1585009190480378,1.0034180352692488,2.565741365886197,2.2864633778416987,2.673963111489229,1.6685280707837933,1.4969902520496134,1.2237345108890167,1.8679217355591504,1.5072274931479797,2.614854920406799,1.1319306697872094,0.8274340485133393,6.228478738775266,4.905737957201495,4.734542583705604,5.3519741955648215,5.40207875063436,4.835711358848073,4.166107446281899,4.164705836302971,5.287508166291104,1.9305704593320456,1.9368739026757,1.5316408227254217,1.9214247027388185,1.6025206924924191,1.4972912318330032,1.5058199041404237,1.3923102940036074,2.385581143909576,1.3416254621827193,1.6655256562995646,2.5094800192292155,2.1738220055670467,2.015518971056053,1.7717259368027385,1.3983688575813744,0.3739948022034696,0.4141091616652943,0.3558157706939369,0.7637716259134208,0.4163527660733166,0.0,0.4054092151728241,0.6054676387744848,0.3782609630744105,0.4291238572880615,1.405267318175106,0.5650864995905636,0.8061144672220166,0.3877570614555452,0.5364762856640937,0.6832293474801645,0.287792064021005,3.2170023378378687,3.444973572193021,2.3388975806070675,2.203975501488742,5.22454150806135,3.45710856685497,3.8816678893633703,4.679328609385209,3.6518868428515816,4.026609456598237,4.485144695771794,4.106873469808136,4.06667766145614,2.7201841393386985,2.3770649796532557,1.9337646257104095,4.251989136100121,4.351637653995397,4.0542674966916366,1.6762807139726874,1.764940614882505,2.218304888163459,4.271295246956186,3.894482007402644
326797_16_consensus,0.8398932173755611,0.6307875388816342,1.0522284238666089,1.965702650708863,0.7697212888123772,0.8098188349573547,1.9101287579151176,1.6215524721785073,2.269307614460274,1.1731598317958287,1.088094435128255,0.8945948122692471,1.3743029200026626,1.055282422371306,2.132291893200602,0.8297491398348029,0.6666177956016668,5.505928489832854,4.189037106103342,4.001743041347822,4.691725877478802,4.665893407911767,4.124336178747058,3.4525715734321807,3.380252523688739,4.48900893853579,1.5235270172524906,1.6118701082089046,1.3796454708873398,2.074234215389879,1.2154037932867254,1.3295438616839874,1.3532209169951557,1.205338927399282,2.570991571888271,1.2506343892516725,1.4058814041159735,2.150151956927857,1.8223516134284523,1.7282115056817702,1.4575754838031116,1.261655890594568,0.4951597865409098,0.6936779885486999,0.3341617788618691,0.9643112513394954,0.3375637074628912,0.4054092151728241,0.0,0.4842646057497859,0.3086502143988241,0.4488387638593849,1.1635287756618595,0.4163898548930547,0.6249963919070751,0.5547361009992073,0.4564426655909415,0.5058557675325801,0.3419669208334994,3.6528356253504057,3.02898592884776,2.3086566726247497,2.3144121205349397,5.919363827405732,2.978505368220567,3.3221610932480985,4.3494161748294005,3.213702636887149,3.4496251363183887,3.8894546379543726,3.480476940604774,3.73955794135793,2.506494785798509,2.027224557593115,1.5766411412716934,3.8900340696771423,3.9560790834343607,3.534080080169474,1.71912123612384,1.7569182598083444,2.374074066666481,4.210636918934995,3.9210686494574247
326797_17_consensus,1.3237485598054946,0.8496880243905025,1.154375771917728,1.2436301634449478,0.743171146891541,1.1878155849132668,1.39716296810343,1.441839885849106,1.4566813006923098,0.8596092719946,0.8258224233890701,0.9190002426270212,0.9511489056622509,0.917182489796062,1.3726680747483329,0.9022068855539942,1.057282071512816,4.551488868316994,3.517804488878994,3.3620743092942007,3.889885850764415,3.904618847012216,3.479128537582824,2.778943975925245,2.835712502137824,3.7607695336553206,1.5372573971550878,1.6398219730180583,1.6936975101406802,3.085063539690168,1.367321896284011,1.3414860716313228,1.5231833392367091,1.349364531065362,3.738637264915667,1.5289011047237864,1.6647959987404306,2.696402903918852,2.148504749764584,2.2504693847495787,1.4500012996927012,1.7052455211902495,0.9550965019817568,1.1423303111250789,0.5901996341570452,1.6641029091697987,0.3311099775834805,0.6054676387744848,0.4842646057497859,0.0,0.4865386444241721,0.5311003341660125,0.597782127645587,0.285782549840178,0.3540441728749783,1.0069687232378328,0.789575199092269,0.3038112349332209,0.5050510966345882,4.835008931706966,2.763699965650744,2.7826004282127315,2.8920929991784874,7.505003409334847,2.332109664396569,2.634287735982525,3.2795368958693416,2.4142998292143147,2.6762443601023733,3.076561423818646,2.784483644240652,2.8007805861171846,1.9454781729728552,1.6050295796194405,1.430536223692684,2.900218098923688,3.018717685596812,2.737420383759286,1.6668827320334003,1.624460073520538,1.8140907970827695,3.0559264910890533,2.830502844848752
326797_1_consensus,0.8353404570823386,0.6253556490015626,1.0831977143803897,1.9662146062154875,0.7900071959705315,0.8150167579606205,1.9934153537865316,1.7201139350831909,2.1826072373020797,1.151806504827675,1.1193471224745508,0.8582337280363959,1.3562392986348186,1.0695985910892318,2.1253689491658747,0.8419917067012079,0.6340204295883041,5.810003477554574,4.386920033637466,4.2063311176698335,4.928485021242466,4.919368375711429,4.367960931219727,3.458970726019345,3.353504271063912,4.430877535401351,1.5440718783058855,1.5644804121324114,1.290688739502798,1.880110645156833,1.1303579591464654,1.111861346874548,1.1267861007389115,1.0014195764939018,2.351454188543812,1.0632984507394667,1.1758476100844746,1.861920732594001,1.5528649416911549,1.457242971140431,1.26763025619141,1.088493213739298,0.4436194285029273,0.5900805023927091,0.3163949629542344,0.8971768549583885,0.3403041415001553,0.3782609630744105,0.3086502143988241,0.4865386444241721,0.0,0.3132502278281208,1.1056575832189424,0.399837060730249,0.5740598751622201,0.454167705646114,0.4464605296709578,0.5248821648451099,0.2793122682879811,3.323317164868854,2.880986196388335,2.060129188505016,2.0351601870031573,5.502667308979767,3.00289561983908,3.363725033112246,4.370384331870525,3.214065023369756,3.485501746868067,3.923759780242449,3.510086966884046,3.739283301342539,2.489324945157989,2.0237029998803564,1.547138834679231,3.8815365716679935,3.983710652794855,3.597860245888114,1.3952782029762147,1.4814964078709636,2.0895140215653782,3.94569395032886,3.6771042373302407
326797_2_consensus,1.225120904516416,0.9539011635946508,1.493385448221943,2.1011428856481302,1.0884705256604548,1.1933171204767632,2.297811662397919,2.116973789893848,2.221728407325031,1.3513867047661847,1.406123883662758,1.186897303198748,1.572078461138176,1.4100037909142884,2.2416312862095538,1.1696313419405442,0.9556018798274976,5.887685570405267,4.478129951626897,4.32443326389955,4.993175807906255,5.07261316100255,4.448230900315934,3.459112554901708,3.4434068727543945,4.412857567739479,1.8260156431018688,1.8508901281052204,1.5902691586284163,1.8586427824419616,1.1002856971148276,0.9032936053451976,0.9184919314084254,0.8814447986454752,2.3890996521045054,0.90641276648887,1.0861489161047189,1.7830347669181492,1.4517008027704037,1.4865050185024415,1.0762720184281989,0.9884211160114093,0.5401104470837481,0.6317746046202046,0.4112599782753818,1.0374591735219385,0.3906577054747799,0.4291238572880615,0.4488387638593849,0.5311003341660125,0.3132502278281208,0.0,1.0405391730054134,0.4551036120489016,0.528045379878904,0.5222695585397901,0.5909786252373692,0.5633166076623866,0.2851890189607502,3.4468924268454657,2.978423767901802,2.127731853584862,2.1270948782652117,5.556284719822315,3.0749499892756376,3.456625852888351,4.277756854857557,3.127892900987149,3.514375513077539,4.002414267045879,3.6154972624541415,3.627369921877517,2.4690903165574127,2.066040487979308,1.6397229840495695,3.756202089278872,3.951299105297039,3.627401166953121,1.226384056707161,1.3345308801034437,1.773282141092011,3.5975789283126005,3.3379517066821904
326797_3_consensus,2.332764628254097,1.5304873682957805,1.5843225803774883,0.6624193221342125,1.0241304084579497,2.0737740664324065,1.006885165623487,1.4306565764428,0.7025890080691397,0.7204257799907055,0.8498550525796418,1.269483986868181,0.6932287899015819,1.034760020515364,0.7075347174695708,1.3632220876522751,1.9176769582921904,3.386099435586459,2.597953857361404,2.491965859162292,2.859571706087877,2.9033390410102697,2.621435283263964,1.8825608977087995,2.0403583847308937,2.755867844747911,1.796462679594356,1.9094641428396244,2.3782379352469434,4.577554214224847,1.6261368824295346,1.482784209999295,1.859302871622788,1.6799651396272566,5.436989781927764,2.0789868392873814,2.0379188577013565,3.308581788259744,2.500824756795282,2.9073705983678906,1.4918053130452336,2.4204513435302037,2.016488020711904,2.264911951415229,1.349754756829611,3.0328334622633406,0.8026855483698796,1.405267318175106,1.1635287756618595,0.597782127645587,1.1056575832189424,1.0405391730054134,0.0,0.5363552745423021,0.3984383203085144,2.065955602692213,1.6456736610764438,0.4895138607116678,1.1844458581543904,6.457359994131309,2.2689538336372834,3.357153720603492,3.658102008707488,9.654901330192388,1.610295320557043,1.8181123253409053,2.112879594254821,1.4977943734654673,1.7354207364592753,2.061533945306792,1.879615538351629,1.7688897672284156,1.434782992278997,1.223559833405261,1.3498182041281552,1.7959100445713716,1.970181879439053,1.79755685739633,1.867049991643967,1.726174329089588,1.5182206526691289,1.930883981422653,1.868859996494507
326797_4_consensus,1.2253332169213422,0.7550399520278575,1.0455482309786817,1.175227676964596,0.6408252979023246,1.0979917200021987,1.3082422116102634,1.3263678288606116,1.370780275307652,0.754762433266535,0.7441589703901172,0.804339834708685,0.8544820002632605,0.8091823477829507,1.2940282543376045,0.8033171191602264,0.950004379966174,4.469310225387346,3.3804000033853754,3.2248024353716573,3.771361599109696,3.771817661013301,3.352969887032998,2.629769022027631,2.657955269085789,3.59439678981056,1.4229728156389,1.5061517483577518,1.5597069101622765,2.95040665879651,1.2275634854954092,1.213563556586564,1.39304956907705,1.2239159518709355,3.5964527709537606,1.414933832451425,1.5097471898640151,2.500925165632623,1.9627613059343505,2.058416664689844,1.3113054809862206,1.578166779561343,0.8872944080145544,1.0870525854263065,0.5247257742189504,1.5874034097119534,0.2872891204725647,0.5650864995905636,0.4163898548930547,0.285782549840178,0.399837060730249,0.4551036120489016,0.5363552745423021,0.0,0.287679547057337,0.938477883458404,0.7269575243843178,0.2572107496022227,0.4475162746741716,4.595151061546062,2.512054443520981,2.5306238735460056,2.6474245519887063,7.257773534140256,2.1668673675364403,2.459986739397664,3.15915492024277,2.265404995165909,2.50442983135747,2.891269443094074,2.5842447307546195,2.6640535063381776,1.791720722832849,1.4451133902841775,1.2490182139324588,2.7703104058090844,2.872191143180544,2.568498512592725,1.5324216607387484,1.4927553655851398,1.734606585051722,2.9891078653998875,2.7772804550523347
326797_5_consensus,1.6019351261125507,1.0360985203814153,1.2475037582195796,1.0325297752600022,0.7712758999284688,1.4341465576727614,1.2406756816297957,1.3863308654991329,1.1504791517549506,0.7127327944818944,0.8104784477639555,0.9768034239174312,0.8029226728607455,0.914070543175626,1.1138492624265837,1.0082007376096271,1.2596989917989845,4.1563553979343055,3.115894597114448,2.983939697184269,3.4948761330564366,3.526981164830147,3.100099360598392,2.3055768972794226,2.383727714094107,3.2125693889454965,1.538662506210585,1.654290406353823,1.8350205307783651,3.275738615612113,1.178734952757054,1.0989749647980034,1.3151766776705929,1.1801701423362374,4.004414130495547,1.4259766884120495,1.4680569176267113,2.484697990371501,1.88364704958218,2.131972983256901,1.1474852812317522,1.6342588102716604,1.200378108598386,1.4256350720404498,0.7429915611807019,2.006341763920318,0.4099637419352007,0.8061144672220166,0.6249963919070751,0.3540441728749783,0.5740598751622201,0.528045379878904,0.3984383203085144,0.287679547057337,0.0,1.2430435134102709,0.9701405730340866,0.2960849837993464,0.6230675563194836,5.08599902174052,2.3707000592505096,2.6739562734683773,2.8707745843294106,7.872767763839079,2.0046934592718344,2.2755033577828385,2.8607173550709604,1.985330523381208,2.254859302871012,2.650177755488528,2.3752724547529738,2.387974080171034,1.6921177882929896,1.365200649389294,1.2465196152165845,2.4560252762002506,2.617452757666115,2.3416822210612054,1.4913521179558415,1.439162067456493,1.560601923337856,2.574338779799689,2.430229692527518
326797_6_consensus,0.9513998068470072,0.9718149294171212,1.768769585573125,3.276016657818843,1.5134844428584415,1.0334996638458165,3.33953840704379,2.826666104229844,3.531227118416893,2.196307990156697,2.0466923774926045,1.5067271962890914,2.487110295149307,1.953911003724272,3.5052214621126154,1.414163966870149,0.8207497202245122,7.636446842556268,6.018185835688144,5.822947183080146,6.60287579828173,6.648739183939313,5.962880157789414,5.041084704965272,4.90955426007298,6.126998759888068,2.3029942340517096,2.2608623790018214,1.593540568203764,1.2537172594811636,1.690730940303638,1.5840891395465633,1.44798909661165,1.3867071748574062,1.5774249102091176,1.2330255799498104,1.5612167706514697,2.114054423795551,1.985198640398039,1.6819467513437871,1.87971116471806,1.182863522323203,0.2612219915427545,0.2649738045532217,0.4241361405447037,0.4497184197981596,0.6969902756833335,0.3877570614555452,0.5547361009992073,1.0069687232378328,0.454167705646114,0.5222695585397901,2.065955602692213,0.938477883458404,1.2430435134102709,0.0,0.543769902444069,1.1391165318052003,0.3911661985936803,2.4349007200651727,3.949041029202874,2.176520151748377,1.9437655904660005,4.03388618354785,4.404534838238817,4.872568503104503,5.941649781856938,4.678577630830944,5.065861031165923,5.5707850252501885,5.099357663469846,5.20660713716893,3.57440129168333,3.11565686981038,2.432048730604208,5.410930958064114,5.521247963631822,5.1503662516804525,1.7316582416851816,1.929421076395727,2.691296549931508,5.2131120427376345,4.805284629674418
326797_7_consensus,0.8893274350539286,0.7914108402242164,1.285175391975372,2.556878031737199,1.056724768107756,0.8966869218903639,2.453586458552934,2.0423589559725315,2.8740387419029503,1.5800080935167102,1.4886544104147674,1.1511842999748296,1.8216167152814933,1.411740543449298,2.7418835922042604,1.068227490819595,0.7408888175380071,6.4485218323149525,4.9775388320250045,4.783639688382777,5.551092376754866,5.525211198425836,4.9149309916175525,4.089623918300731,3.954984415136437,5.104852596293711,1.7894436051303728,1.8686491706345123,1.4724416701523069,1.8172954063159068,1.426962203779908,1.5305605605225878,1.4576471946033962,1.3431102899312464,2.229882230606222,1.3143000340621145,1.4958196276134004,2.092074940844782,1.8826991163673483,1.6993318338961103,1.6794342185972937,1.2592684738515345,0.5075804611855688,0.673313946367557,0.4582823917202745,0.8548906391986293,0.5635015095337508,0.5364762856640937,0.4564426655909415,0.789575199092269,0.4464605296709578,0.5909786252373692,1.6456736610764438,0.7269575243843178,0.9701405730340866,0.543769902444069,0.0,0.840174082821477,0.4719647245109399,3.3255472374999044,3.4990043228543186,2.3583732011708207,2.3112516185750565,5.356918869680044,3.6858323660117662,4.067334137304158,5.222030654166076,3.952917118342953,4.206933118631753,4.687043334774955,4.229099878984357,4.54561475828956,3.1377632064348973,2.5963458903378864,2.010484847390842,4.696041407269377,4.789033775748237,4.322598858932281,1.8860539814061208,1.988721572968302,2.7693118072530183,4.886943887915663,4.566750483039243
326797_8_consensus,1.4003153700908229,0.8817784990388873,1.1224624955602849,1.0841492486180755,0.6876829425394817,1.2431049648462815,1.2252931823712174,1.307701033094986,1.2934048926088622,0.7423539101932874,0.7403377879859931,0.8980698106746559,0.8221609117052253,0.8474836855713193,1.192527913686149,0.8833726798314956,1.1137804393641204,4.15334107287066,3.157608111845377,3.014870968648552,3.520011591492846,3.5266145588303743,3.12287261921756,2.499245909899969,2.575426048871748,3.471194315674893,1.42365745193365,1.5586014410489497,1.6913711398193527,3.270549185337416,1.3213123083699545,1.3284614137148765,1.5343724007913124,1.3654682389844195,3.957271103918856,1.573303848556009,1.67305439044668,2.7279851559588337,2.1404069500895275,2.3024068481771565,1.3969560394074847,1.7498725466647898,1.0665859297079692,1.2920940467602122,0.6391133729073886,1.8325362903572116,0.3307137866013363,0.6832293474801645,0.5058557675325801,0.3038112349332209,0.5248821648451099,0.5633166076623866,0.4895138607116678,0.2572107496022227,0.2960849837993464,1.1391165318052003,0.840174082821477,0.0,0.5535381847251415,5.073942110177143,2.595548961996883,2.8067762170045967,2.974665647233792,7.852165634382118,2.1119938958860303,2.391331042536706,3.0170400585819266,2.1557965341579006,2.397623209261326,2.7963150126947767,2.512004792550784,2.551476088396498,1.7779857101242555,1.4375984259444865,1.307580914444543,2.6357273632982583,2.7602006052423462,2.4679569352312,1.7307174242988026,1.6647734706274946,1.829506988445473,2.939061797191812,2.748272772309861
326797_9_consensus,1.0196398689860189,0.8106751771346126,1.4099634070871048,2.222772517701742,1.0490451364056526,1.005692058956981,2.358369983190869,2.1059868870139558,2.440131014107635,1.4560465535049616,1.3863357610902085,1.1417152769198535,1.666266620575641,1.3880078791150368,2.397715878061547,1.065246059800586,0.8033936368863124,5.980664027446551,4.62054334353968,4.457703383265937,5.102124669111163,5.155239581215028,4.569746470860707,3.80178503594766,3.784051621624769,4.849125242409173,1.7850911693993226,1.8144245472689704,1.4783934477742378,1.858709456707004,1.3205318397778,1.2168063797274158,1.2165694972221672,1.13655613693453,2.3410348055375607,1.122331100063093,1.3758813263053753,2.145712988774619,1.8212754337855583,1.738538824399427,1.4301174398988792,1.1740626789130033,0.3854235894536941,0.4595377795483273,0.3073826015017857,0.8212146063035561,0.3296429509833274,0.287792064021005,0.3419669208334994,0.5050510966345882,0.2793122682879811,0.2851890189607502,1.1844458581543904,0.4475162746741716,0.6230675563194836,0.3911661985936803,0.4719647245109399,0.5535381847251415,0.0,3.318024885749935,3.206654280689861,2.225312048153114,2.159860667264013,5.3821918231184895,3.251133212067544,3.65153481709342,4.483531728516141,3.388348456177709,3.746163267461839,4.228521911899463,3.83425638247536,3.850697465176893,2.5843951822551503,2.19572969768592,1.757318223371385,4.004301499444409,4.146997702005535,3.8223340157927614,1.4703496555040374,1.564581335768878,2.03695157774672,3.989919148284514,3.6667572053727326
326907_11_consensus,3.1348542865395075,3.624871506267482,4.838777334887254,7.818647128601015,4.805911393259407,3.4964261819995386,7.800488332826205,6.712041707848528,7.912557906794973,5.989126628930762,5.7771655783449205,4.452644972574376,6.465600445701,5.435029254621838,8.095702356159165,4.486546450230264,3.0459470200940477,12.764269306426058,10.311580156782384,10.095100688699006,11.15079785001842,11.178371275207894,10.257439029334536,8.582078439012946,8.136347073269405,9.550615315630864,5.132598786774906,4.799845743902722,3.44347745683848,1.5003752228737994,4.120182212700058,3.791982994317209,3.379066344800492,3.409661374071561,1.6270170012429617,3.0750025640214176,3.2951276629792687,3.2757290714208693,3.4843487993160807,2.7821879119557025,4.25395273363381,2.7832932055540027,2.579315867985656,2.4192852408532417,3.3053536196511004,2.2111754955797096,4.182987465693884,3.2170023378378687,3.6528356253504057,4.835008931706966,3.323317164868854,3.4468924268454657,6.457359994131309,4.595151061546062,5.08599902174052,2.4349007200651727,3.3255472374999044,5.073942110177143,3.318024885749935,0.0,4.965012081709347,1.5877334516371209,1.0312352231177329,0.8718126181153139,8.04883977053413,8.713923284267082,10.230167561828864,8.655091011055788,9.127265772747135,9.550965884849347,8.895972738141666,9.283369618365384,6.861824893384892,6.328581643410303,5.117240174752283,9.60337135034365,9.607520892548507,9.178359423929464,3.224266979088327,3.698098177457212,5.092740939746932,8.78452347217791,8.262151370057381
326907_13_consensus,3.5213917060045787,2.76739426485409,2.6238905997465167,2.094500402288759,2.2300487069298924,3.34369690937848,2.232011974156535,2.515658456017775,1.9601195279714148,1.9101199816045096,2.1219501573220896,2.305037591804876,1.9041936981757883,2.1548549867514453,2.0697896047225868,2.630602424650476,3.0400743652149345,3.9911138811221454,2.821558166796706,2.718535670060703,3.1954063490467206,3.11731119659197,2.852505153008281,1.689469701652456,1.5972534759398511,2.249152234120686,2.3960314216496954,2.379532947776511,2.879104557234939,5.225411168314281,2.326580058112654,2.207396113703055,2.5902345692599056,2.359357839050972,6.191583770620639,2.939070030064954,2.458830668912924,3.467264871413363,2.646183961294355,3.010380878788282,2.113455025136659,3.164957214005426,3.9090727619002337,4.283336994749391,3.2805820362108875,4.846532098108014,2.9004070338329484,3.444973572193021,3.02898592884776,2.763699965650744,2.880986196388335,2.978423767901802,2.2689538336372834,2.512054443520981,2.3707000592505096,3.949041029202874,3.4990043228543186,2.595548961996883,3.206654280689861,4.965012081709347,0.0,1.5983497594506275,1.966317728081321,8.321632796995516,1.864475065832778,2.072540535077678,2.660459483533145,2.0116702056739086,2.082052247728825,2.203534210826433,1.9643310284447464,2.3341908296830525,1.903277437272891,1.6259751324208196,1.6293318809672428,2.3610949975422386,2.3736971395131263,2.127681494690137,2.117718887249964,2.0280024297468917,2.1544530136887943,2.5076015946149823,2.5581635484637677
326907_3_consensus,2.334265043928042,2.207487647533867,2.705696273904948,4.014058234513641,2.4923653118466405,2.4332377010367168,4.022857201826753,3.5875353477795784,4.005876450054984,2.9002851774054648,2.9702819927920245,2.3868451107409783,3.1713812185573715,2.799043873232506,4.131704921456162,2.5450720771560214,2.02294261947253,7.5180579044551905,5.634088604852764,5.46869277115195,6.275250155386061,6.250668013260963,5.593595158509913,4.067903402524109,3.78007933889171,4.758866384495207,2.7241123107936005,2.585775150681684,2.1663013606192294,2.236998374445079,2.0561942968064386,1.852154894632747,1.7942052646746447,1.725845917016045,2.7946795902429926,1.8304342205818784,1.6905220704322232,2.1059108179728696,1.8413485744232505,1.7041150045339464,1.998316605511377,1.7821966839322272,2.232516845577493,2.363469986905386,2.2694662847933387,2.5315655891027404,2.5147263651346634,2.3388975806070675,2.3086566726247497,2.7826004282127315,2.060129188505016,2.127731853584862,3.357153720603492,2.5306238735460056,2.6739562734683773,2.176520151748377,2.3583732011708207,2.8067762170045967,2.225312048153114,1.5877334516371209,1.5983497594506275,0.0,0.4422452704291686,3.5856496690433346,3.9614757951489423,4.396317238302402,5.54812225424007,4.317396195275819,4.587705324312651,4.891738064535275,4.436120667819239,4.859245204762885,3.396806845905587,2.9367809123190227,2.2943748615819004,5.029916431731863,5.061275327899182,4.673543947073199,1.5601825793419266,1.7466278300708495,2.5957198196387026,4.711945605406186,4.464156363808456
326907_7_consensus,2.225176069268173,2.197392430544994,2.882269736655076,4.427271066502897,2.691586711418097,2.3747068059723238,4.5080798767036185,3.973048943496451,4.422188419610109,3.2569303184760656,3.2312183280816384,2.5011563507192704,3.5403296723672497,3.0380881619130378,4.590293732602902,2.6523323406415784,1.9649742038112663,8.122534889928318,6.172617672693434,6.014098465943789,6.824920525714731,6.823371718517137,6.164756310034591,4.694247728030177,4.411780860638771,5.48524611537465,2.8673644797918314,2.6505701586880264,2.04972315386226,1.904077078017792,2.280068908790838,1.99615540874953,1.8996221168679317,1.832543189699777,2.385223133482839,1.8689162010314817,1.8156867583207368,2.2168442581256613,2.003713671648029,1.742402722820657,2.2462842980544337,1.801420044098677,2.0197237618239683,2.064149053675976,2.2007866182245834,2.1998737861061954,2.566649450789896,2.203975501488742,2.3144121205349397,2.8920929991784874,2.0351601870031573,2.1270948782652117,3.658102008707488,2.6474245519887063,2.8707745843294106,1.9437655904660005,2.3112516185750565,2.974665647233792,2.159860667264013,1.0312352231177329,1.966317728081321,0.4422452704291686,0.0,2.7967329771397544,4.442507825869427,4.927133226480862,6.042424841851471,4.841913872063685,5.182384117005711,5.489842028879252,5.007256508361934,5.337915274794341,3.700157352818792,3.290492302593975,2.5826709025640184,5.542630280270487,5.560878029410048,5.223811863917888,1.6184723771145857,1.8674217419430192,2.727726289502243,5.110950651546773,4.807917857775351
326907_9_consensus,5.188168758381494,6.037776900255665,7.65993928183866,11.5405637982513,7.68389243426293,5.720685921440008,11.533460370738055,10.07132854185386,11.631779897202025,9.24230557094711,8.989847967443382,7.225448301745985,9.88445024563697,8.539663112070286,11.882875777087008,7.171044178048192,5.1815142661889695,17.365015054825278,14.491866487485026,14.254361911162276,15.475319917014644,15.561066999548586,14.409926976477095,12.554959519043903,12.007594457176992,13.612468533829428,8.122526731141477,7.694387487734673,5.805469211359309,2.402586585452184,6.646228248565308,6.190412362933785,5.535464653597501,5.701046266530511,2.274479833179612,5.087861936208014,5.50190644985247,5.127525189517371,5.645465284607553,4.710971653371814,6.800117171378986,4.643261856866218,4.246106324445975,3.9284869277572634,5.368043292937102,3.495597304494254,6.6182257317177005,5.22454150806135,5.919363827405732,7.505003409334847,5.502667308979767,5.556284719822315,9.654901330192388,7.257773534140256,7.872767763839079,4.03388618354785,5.356918869680044,7.852165634382118,5.3821918231184895,0.8718126181153139,8.321632796995516,3.5856496690433346,2.7967329771397544,0.0,11.894800683080687,12.671482071935486,14.41887889664207,12.553917642701208,13.14973856409,13.695703857053047,12.922488962832515,13.263954869708812,10.344458724965191,9.751383085682336,8.178445576097374,13.664000303365924,13.719507084067232,13.235981134292274,5.48943764931289,6.14302546915394,7.890165070681633,12.50018130150562,11.856371234984294
327059_11_consensus,3.958504365851809,2.9877846988610486,2.6902162941727283,1.3719784410405396,2.189748244777377,3.6926096376425335,1.5699945377503468,2.150357616364204,1.3694863548158196,1.659057236947831,1.8067476586815587,2.40402762083761,1.5513806162671244,1.9543271615352185,1.3602851994110663,2.608056966559161,3.5199111432504537,2.229790377064603,1.5875286379240947,1.5084172746542208,1.746926864419038,1.6232508050509296,1.6151037767981506,1.2722405050261043,1.4692616129656813,2.15448428656282,2.205579106009168,2.3096173754174742,3.212644367060648,6.893359577373133,2.818215452297693,2.827365051843288,3.4213638341433352,3.098005223868597,7.902069667830005,3.707558460303346,3.4368287398091297,4.929827247893911,3.853169256156548,4.371615183032418,2.7187346249970687,4.164798860502117,4.253266463744694,4.667221152912191,3.358190462132086,5.4809317629188286,2.6846757643864976,3.45710856685497,2.978505368220567,2.332109664396569,3.00289561983908,3.0749499892756376,1.610295320557043,2.1668673675364403,2.0046934592718344,4.404534838238817,3.6858323660117662,2.1119938958860303,3.251133212067544,8.04883977053413,1.864475065832778,3.9614757951489423,4.442507825869427,11.894800683080687,0.0,0.5136768784573178,0.7087616253596138,0.411715033814346,0.4697800475556164,0.5799970918285453,0.4887301978635605,0.5609022602417326,0.5134870234481923,0.4705742761472606,0.8932016844049144,0.5973255280749754,0.5580578784406498,0.4433591019231357,2.9203004300529187,2.5974097021922944,2.3084893098550765,2.042391272535099,2.1096646415329587
327059_12_consensus,4.308019671007628,3.2911328320515167,2.899116448223083,1.4677912032220777,2.4071456596216194,4.01296344087956,1.6385900206315682,2.2579509309643413,1.4687167108001518,1.805204241759384,1.9837683961527544,2.6485869771528314,1.688373410242491,2.129209580294912,1.443217115024197,2.862139806541279,3.860618440575194,2.207485059867622,1.5851882897881069,1.5034381612642278,1.7452154587838322,1.598945905791311,1.6147595955651468,1.3405002232938728,1.5341409264974004,2.226073889256668,2.461635933316529,2.5894724526395976,3.580184749737612,7.450158488339753,3.0980580247374974,3.1539662897620246,3.7817579425683903,3.4364732273664917,8.49355282722837,4.090772622108489,3.773948711560138,5.284535676024973,4.167974856661431,4.734855130863082,3.00579596563665,4.569757024143996,4.705886141485848,5.162402774649252,3.740795328168474,5.984453427061567,3.0158110823821858,3.8816678893633703,3.3221610932480985,2.634287735982525,3.363725033112246,3.456625852888351,1.8181123253409053,2.459986739397664,2.2755033577828385,4.872568503104503,4.067334137304158,2.391331042536706,3.65153481709342,8.713923284267082,2.072540535077678,4.396317238302402,4.927133226480862,12.671482071935486,0.5136768784573178,0.0,0.8003065524146677,0.5119158329399625,0.5312062535243172,0.636066243608127,0.5477528700132552,0.6715679584874579,0.7110813913364495,0.6557830920898482,1.1248298200272302,0.6956319323522848,0.646440548108842,0.5131419064252327,3.3188109024393952,2.9715975656937985,2.6760831610108085,2.2534028025113457,2.355372959077272
327059_13_consensus,5.82017659694867,4.534493250843752,4.2755976645782425,1.857957357068301,3.555875369474734,5.439888351412208,2.4816946410887226,3.5095086759653213,1.6951445710227515,2.751604637099604,2.888265865124368,3.8104315509608,2.4885785932669364,3.227950168025984,1.8263298151157985,4.047519355203804,5.265178206957444,1.841333959408928,1.6593346210891011,1.6587317831919677,1.5292946932100335,1.5473197205058111,1.7266776045574377,1.8041544047366076,2.282280426679904,2.7997959286240075,3.41174129043452,3.494503136644994,4.657361451033864,9.139914878904108,4.350646340644573,4.047408269539801,4.851193252853989,4.526162238275106,10.356738355691109,5.232997722408754,5.0768375162535335,7.065973912082939,5.666560499502225,6.40850971434179,4.014367007019985,5.946673846384726,5.799354387028018,6.095322334585205,4.735138359303278,7.271918809712531,3.775845774039965,4.679328609385209,4.3494161748294005,3.2795368958693416,4.370384331870525,4.277756854857557,2.112879594254821,3.15915492024277,2.8607173550709604,5.941649781856938,5.222030654166076,3.0170400585819266,4.483531728516141,10.230167561828864,2.660459483533145,5.54812225424007,6.042424841851471,14.41887889664207,0.7087616253596138,0.8003065524146677,0.0,0.4589368365115547,0.6554883844984261,0.7192480033956485,0.8079366411147362,0.2487671367720167,0.6725266014048543,1.0016843147050167,1.8541460106162049,0.2518667486217509,0.3003483342453705,0.518098629039514,3.982554519690666,3.5831894036844574,2.547979767086872,1.5854873536422929,1.6762302847224646
327059_14_consensus,4.500507373903758,3.429390715236877,3.150073302824921,1.396522132161124,2.5295406040834223,4.196492232365984,1.7731453787578175,2.5105260914014025,1.30776014410867,1.8257221121759244,2.0805394439137785,2.800402911842525,1.7089199716730832,2.300380632199904,1.3563882766271718,2.993896728160905,3.991551103950712,1.893732025107852,1.3361965366985942,1.3008147034491913,1.4409696108259595,1.4053904191442257,1.377285298417462,1.1754905838080276,1.498802325963993,2.0792377800481745,2.439168020196405,2.5772632911294977,3.5687570705254643,7.25317581795133,2.924687061181146,2.782438073887249,3.414228928967645,3.1567662449960494,8.348014109092958,3.7735602036522096,3.5431759789828448,5.098463939413307,3.9450779764719073,4.640818022781559,2.6624030291580425,4.299912897342665,4.541944902969931,4.923874893882783,3.570544104346141,5.866246433333004,2.7955927418537385,3.6518868428515816,3.213702636887149,2.4142998292143147,3.214065023369756,3.127892900987149,1.4977943734654673,2.265404995165909,1.985330523381208,4.678577630830944,3.952917118342953,2.1557965341579006,3.388348456177709,8.655091011055788,2.0116702056739086,4.317396195275819,4.841913872063685,12.553917642701208,0.411715033814346,0.5119158329399625,0.4589368365115547,0.0,0.3731364053728612,0.5440151499843182,0.4944970890794025,0.3255238939293008,0.4688263566504247,0.5002423237730795,1.0496097435822662,0.3279027415952669,0.3981819680035983,0.3603471932614184,3.0027520142925823,2.6805347479972284,2.1619649572351136,1.6888008688471243,1.787008841364809
327059_15_consensus,4.619041020621921,3.551984700244361,3.1184355612618333,1.4592030022542986,2.5638378453677437,4.3066140150151,1.6703185610851392,2.3856256212503126,1.423556421018816,1.852765232483705,2.107186791026152,2.856815917573954,1.72841202834951,2.3005450542993917,1.404212638355034,3.0570589515743904,4.123145354967278,1.9501360515170063,1.3859766102249864,1.333186065729592,1.5206950610777312,1.4024961481676428,1.425631057197677,1.1892895092057074,1.4271924319702407,2.0306581832340957,2.527717552008596,2.693730614700769,3.762416830968221,7.7157588545311455,3.13843418372835,3.170506398046939,3.809551308660844,3.5057250548613865,8.795642451351682,4.178092916264745,3.852634000363196,5.372012529836468,4.227336436170162,4.892373020461378,2.976878591214984,4.666202334519426,4.902443949079327,5.3766024545192295,3.869331562053048,6.246003887447273,3.077684710556923,4.026609456598237,3.4496251363183887,2.6762443601023733,3.485501746868067,3.514375513077539,1.7354207364592753,2.50442983135747,2.254859302871012,5.065861031165923,4.206933118631753,2.397623209261326,3.746163267461839,9.127265772747135,2.082052247728825,4.587705324312651,5.182384117005711,13.14973856409,0.4697800475556164,0.5312062535243172,0.6554883844984261,0.3731364053728612,0.0,0.5282007145003718,0.466533745901927,0.5234405109322893,0.7007528580169833,0.6524576628788168,1.17311310116213,0.5203888958538414,0.5373762973788985,0.4090287539207793,3.3876326804627297,3.0339681560641907,2.6442749275623783,2.06871559002326,2.2099124128635594
327059_17_consensus,4.979395273016166,3.85620138533568,3.3631629789368844,1.6309454148332063,2.836547012400729,4.65102736214709,1.845598350567343,2.5858684174244218,1.588148043256183,2.1194041706469307,2.333515625336304,3.108888233223979,1.9454551974437777,2.5174283943919136,1.5785842544661364,3.355881346809213,4.482115402561362,2.1597153217877008,1.681980810107632,1.6155210445308512,1.781595405959422,1.6328867370134503,1.7415733847940942,1.333377512284244,1.550492277129308,2.1102862895007206,2.8643308760272816,2.998182246879594,4.12494564747999,8.333217556337843,3.56129157528892,3.605220474525481,4.294736524832501,3.938943844063488,9.435198933260269,4.668379160566985,4.303523098352514,5.913491250038419,4.709678672638461,5.346838783161388,3.414062885554074,5.196289344682782,5.407544390485725,5.88201211568537,4.34565592058766,6.778912240034629,3.516900130337831,4.485144695771794,3.8894546379543726,3.076561423818646,3.923759780242449,4.002414267045879,2.061533945306792,2.891269443094074,2.650177755488528,5.5707850252501885,4.687043334774955,2.7963150126947767,4.228521911899463,9.550965884849347,2.203534210826433,4.891738064535275,5.489842028879252,13.695703857053047,0.5799970918285453,0.636066243608127,0.7192480033956485,0.5440151499843182,0.5282007145003718,0.0,0.5411962894510225,0.6389103142176396,0.8494753987956756,0.856939001031833,1.420653791405016,0.632568454159923,0.5984061749553575,0.5029139758759129,3.754920868679676,3.374502482770481,2.9202389534682998,2.2118130141003007,2.355381294536585
327059_18_consensus,4.465883489453063,3.435663147382911,2.9576210907843574,1.488825930939072,2.478739156168217,4.172014738935047,1.6190136431750377,2.2452529197134936,1.4664582411730862,1.82473544516256,2.043729240963956,2.726293522145568,1.688078642708717,2.184491175693438,1.438856912809456,2.96828509444714,3.9977720450904144,2.2252147490094103,1.592919847961582,1.5210392381262636,1.7769668258335969,1.6027156121637065,1.6600566215333856,1.215166494626601,1.3737673108075228,2.0247338164812163,2.5602647465277077,2.6902082739763955,3.7354641211177295,7.63783096559149,3.105965933947914,3.199993155838456,3.838470976145004,3.494508637258093,8.678113554208721,4.193688180783909,3.7986646755497873,5.276263938057582,4.151825386531584,4.746059838262056,3.006221467950411,4.657149503383778,4.93026056421752,5.422325866289896,3.924299382156221,6.225551259746794,3.178278363986067,4.106873469808136,3.480476940604774,2.784483644240652,3.510086966884046,3.6154972624541415,1.879615538351629,2.5842447307546195,2.3752724547529738,5.099357663469846,4.229099878984357,2.512004792550784,3.83425638247536,8.895972738141666,1.9643310284447464,4.436120667819239,5.007256508361934,12.922488962832515,0.4887301978635605,0.5477528700132552,0.8079366411147362,0.4944970890794025,0.466533745901927,0.5411962894510225,0.0,0.6753199974561994,0.7738223318089013,0.6774134234779581,1.1407514338299052,0.6788817822111923,0.6349224387168988,0.465815690678653,3.379565254493116,3.032927582810544,2.7499670909720635,2.209379131761409,2.360472242221249
327059_1_consensus,5.166638011480984,3.9877632096722655,3.78220015260149,1.6687659380111768,3.0898400913718547,4.836157213009187,2.2363308550378638,3.129657468934056,1.5223605264217213,2.3661133692878025,2.538753071343365,3.33789748228304,2.168204207657197,2.825808700391008,1.6454466219909136,3.553504084962128,4.62734202692593,1.9017420569026056,1.550135531414071,1.5416658835982275,1.503697745259842,1.5240523879997454,1.612031850078779,1.5874093294875138,2.009066076296847,2.5519188778709463,2.9645848207616154,3.0425992924148773,4.081320343219886,8.152105995047407,3.7161707985989096,3.4360185056578416,4.153002357708601,3.880009182257482,9.307114148942276,4.514399052693705,4.374493449859017,6.188714785371872,4.902893698908372,5.604497416875745,3.3976037669424386,5.155515618303809,5.07796207277903,5.369895046278202,4.089827143731725,6.460938357733255,3.2283337101481493,4.06667766145614,3.73955794135793,2.8007805861171846,3.739283301342539,3.627369921877517,1.7688897672284156,2.6640535063381776,2.387974080171034,5.20660713716893,4.54561475828956,2.551476088396498,3.850697465176893,9.283369618365384,2.3341908296830525,4.859245204762885,5.337915274794341,13.263954869708812,0.5609022602417326,0.6715679584874579,0.2487671367720167,0.3255238939293008,0.5234405109322893,0.6389103142176396,0.6753199974561994,0.0,0.4818382265325454,0.7234249586874739,1.4446036213259958,0.2175097615292998,0.2953278693998413,0.4334131997572399,3.418285480870111,3.0673580272829213,2.213742534853509,1.531809323114544,1.6062262831820815
327059_2_consensus,3.562454508949827,2.675556654993045,2.6980075233371963,1.5396847199373838,2.1446431786300195,3.362824328317231,1.9461541952842936,2.4643355769554773,1.509191257336397,1.7902922856969212,1.8515193428610248,2.299248366869165,1.7064163837966362,2.0150466434042755,1.585180951248958,2.448307843652401,3.1395090191958843,2.511282299767742,1.8308788608792952,1.7664356627449251,1.9185246017343047,1.900538649042005,1.8485323444704704,1.6930526805211912,1.9806007660964724,2.714998816937964,2.062825725768903,2.091649708206262,2.739480401911919,5.997121270618436,2.697548267135403,2.481643072402392,3.017696843186684,2.755238900076733,6.96147761705214,3.208269119214094,3.171720715255219,4.721199117484957,3.683089128434176,4.098485169301398,2.5384028059871757,3.7067439249308896,3.466980341017916,3.697757890760556,2.765644734171417,4.56900010830725,2.1972919970107228,2.7201841393386985,2.506494785798509,1.9454781729728552,2.489324945157989,2.4690903165574127,1.434782992278997,1.791720722832849,1.6921177882929896,3.57440129168333,3.1377632064348973,1.7779857101242555,2.5843951822551503,6.861824893384892,1.903277437272891,3.396806845905587,3.700157352818792,10.344458724965191,0.5134870234481923,0.7110813913364495,0.6725266014048543,0.4688263566504247,0.7007528580169833,0.8494753987956756,0.7738223318089013,0.4818382265325454,0.0,0.358884575865261,0.7616195003924418,0.5721851770154558,0.5759228250350361,0.6135165232384452,2.387540742521253,2.1349099833599894,1.706198152649165,1.8276209407100052,1.7565326170099524
327059_3_consensus,2.928071300500278,2.1549467838892724,2.080705951433515,1.3098404361194298,1.616308567002534,2.7448697364552004,1.4973793590830835,1.8576429398499956,1.3528258349261364,1.2999015502350062,1.4160270470385967,1.7860854401435518,1.290429016338294,1.522527429327056,1.3400366865604951,1.923286433819157,2.535366253018367,2.608384521298376,1.7377394598478872,1.6535598580931603,1.98565291623936,1.8956078152685905,1.755378670447783,1.364546419951239,1.5264900508800563,2.3117213218166626,1.6031213234015809,1.6840727199229375,2.287386858695584,5.241416863289771,2.047533112938368,2.0116499754136044,2.4579053724919504,2.205113934898577,6.135604061304548,2.650830024256948,2.510614546134093,3.8074316059667126,2.906610616883313,3.289792603728245,1.9796047745355736,3.013356248566595,2.9887961169347363,3.324544750132816,2.3055829938170405,4.025253640679466,1.8194339183439752,2.3770649796532557,2.027224557593115,1.6050295796194405,2.0237029998803564,2.066040487979308,1.223559833405261,1.4451133902841775,1.365200649389294,3.11565686981038,2.5963458903378864,1.4375984259444865,2.19572969768592,6.328581643410303,1.6259751324208196,2.9367809123190227,3.290492302593975,9.751383085682336,0.4705742761472606,0.6557830920898482,1.0016843147050167,0.5002423237730795,0.6524576628788168,0.856939001031833,0.6774134234779581,0.7234249586874739,0.358884575865261,0.0,0.4730934827339865,0.8028298523080366,0.800300129250445,0.6427648917959345,2.0589050418129773,1.834367679486661,1.7418715343814029,2.0390063367392486,2.00848359932354
327059_6_consensus,2.2463290839080514,1.689121936359527,1.6802846621805545,1.5933170800911969,1.3311789869308086,2.14487908053934,1.6088530757343165,1.6902126684298082,1.688075974792639,1.2103982662046633,1.3287212212338773,1.4604194386564586,1.3028762599334414,1.3339942943813412,1.645585175375288,1.5791575339162591,1.914653842574012,3.471045258157858,2.3234070943133247,2.20126453805608,2.721809326628488,2.594181591512495,2.3280407306511397,1.67437498420702,1.6878273060517586,2.567388061388101,1.4182752117228574,1.4878149898737547,1.8466489300680564,4.054450170584346,1.5415027460807096,1.6052246982493443,1.9036991268953896,1.6868495974581492,4.8092082801719584,2.0296147114775067,1.875107666311408,2.864704337973308,2.181316990378207,2.4183318468734,1.5704325652941409,2.2506557229132227,2.321626659947526,2.6713142449222005,1.8073814511493536,3.16105367611965,1.5226087617319308,1.9337646257104095,1.5766411412716934,1.430536223692684,1.547138834679231,1.6397229840495695,1.3498182041281552,1.2490182139324588,1.2465196152165845,2.432048730604208,2.010484847390842,1.307580914444543,1.757318223371385,5.117240174752283,1.6293318809672428,2.2943748615819004,2.5826709025640184,8.178445576097374,0.8932016844049144,1.1248298200272302,1.8541460106162049,1.0496097435822662,1.17311310116213,1.420653791405016,1.1407514338299052,1.4446036213259958,0.7616195003924418,0.4730934827339865,0.0,1.5427386672205898,1.5302855685471286,1.219809342916676,1.7046130669348258,1.5659007799990263,1.8619585671141865,2.663754609390253,2.598656003623205
327059_7_consensus,5.36684760494876,4.14987106676881,3.88457641502157,1.6651780072710949,3.181697446737985,5.017746566748656,2.234678298465383,3.1774185799419,1.5030954616419765,2.394138217877128,2.6055221389967755,3.454374315860605,2.1843058544545784,2.9096275508841245,1.6284548617549603,3.681883585214223,4.805871968849374,1.800525928159459,1.4951262146565796,1.4971954782958503,1.4452759185949162,1.474084253376418,1.5702775092478305,1.4776716274212165,1.9021448738009208,2.385358150642503,3.0119920396412,3.110469130850902,4.211313946801056,8.365726439369155,3.753485391251843,3.473976994725149,4.195038314281703,3.928715183889949,9.543365105044984,4.598417596489639,4.421942202558512,6.2339166193751225,4.934468305413077,5.678903081959447,3.4016398957435285,5.242983746226059,5.286644771288479,5.602991552924891,4.249810217019899,6.709325339979216,3.350259810844591,4.251989136100121,3.8900340696771423,2.900218098923688,3.8815365716679935,3.756202089278872,1.7959100445713716,2.7703104058090844,2.4560252762002506,5.410930958064114,4.696041407269377,2.6357273632982583,4.004301499444409,9.60337135034365,2.3610949975422386,5.029916431731863,5.542630280270487,13.664000303365924,0.5973255280749754,0.6956319323522848,0.2518667486217509,0.3279027415952669,0.5203888958538414,0.632568454159923,0.6788817822111923,0.2175097615292998,0.5721851770154558,0.8028298523080366,1.5427386672205898,0.0,0.3069036627815649,0.4430954359161205,3.5081524107042696,3.153952100434026,2.272342368188788,1.474187179800822,1.5806206725185348
327059_8_consensus,5.26224729301191,4.063132193007903,3.7802544946025023,1.687001131409886,3.1276363325247303,4.921434555689075,2.1672318554109893,3.0650071355818795,1.5761173876904309,2.397477695304474,2.5379621350668344,3.370034970772622,2.1793633950084086,2.8150033734468707,1.658918214623327,3.602767130803386,4.742978149459077,1.9348139471095465,1.6166269114903002,1.5831346043489702,1.5700086876310024,1.5358088149129685,1.6706231732431434,1.6021988126741462,1.9832709872967484,2.5608627910008863,3.043186379493136,3.1288351911165364,4.23131922533446,8.529054925373941,3.9019777282306896,3.7139073309579658,4.463365713643611,4.128726642189349,9.688372892198004,4.811343597035716,4.616542979524979,6.462964247198215,5.151057773846958,5.825432912108226,3.646903831547718,5.45837834324567,5.375230551569416,5.7106312044385845,4.352921507773999,6.777230194739786,3.4792326240813054,4.351637653995397,3.9560790834343607,3.018717685596812,3.983710652794855,3.951299105297039,1.970181879439053,2.872191143180544,2.617452757666115,5.521247963631822,4.789033775748237,2.7602006052423462,4.146997702005535,9.607520892548507,2.3736971395131263,5.061275327899182,5.560878029410048,13.719507084067232,0.5580578784406498,0.646440548108842,0.3003483342453705,0.3981819680035983,0.5373762973788985,0.5984061749553575,0.6349224387168988,0.2953278693998413,0.5759228250350361,0.800300129250445,1.5302855685471286,0.3069036627815649,0.0,0.4300229281278689,3.6732975044743057,3.292307781790157,2.486103540598833,1.7095317316064325,1.7911944572979337
327059_9_consensus,4.702889235985822,3.603821665952751,3.2226102502759204,1.4813076552519533,2.654107368161533,4.385756564297708,1.7540743330700366,2.493579334669903,1.4481831140922736,1.9761045721694472,2.159366999797044,2.9258406768746,1.8195793894899448,2.3735387682275477,1.4428483425744505,3.132795381859296,4.214700545955907,1.9195018554323724,1.4458951224170278,1.3943858216584315,1.5230763185773526,1.4153136428920448,1.4792668567088183,1.2817895708394644,1.561044473412494,2.1862219958131845,2.655848154626085,2.795304450517733,3.8716986652995047,7.9001958300374895,3.324893736654701,3.3237549494268706,4.002796436682729,3.676045405326136,8.996392280316343,4.348273375159351,4.068574058076081,5.710191742613176,4.510356774891818,5.15514400328658,3.18156880649758,4.872586062650271,4.973404067088495,5.412675131104038,3.9568403755791337,6.316407303579922,3.1468156722037293,4.0542674966916366,3.534080080169474,2.737420383759286,3.597860245888114,3.627401166953121,1.79755685739633,2.568498512592725,2.3416822210612054,5.1503662516804525,4.322598858932281,2.4679569352312,3.8223340157927614,9.178359423929464,2.127681494690137,4.673543947073199,5.223811863917888,13.235981134292274,0.4433591019231357,0.5131419064252327,0.518098629039514,0.3603471932614184,0.4090287539207793,0.5029139758759129,0.465815690678653,0.4334131997572399,0.6135165232384452,0.6427648917959345,1.219809342916676,0.4430954359161205,0.4300229281278689,0.0,3.489856808990908,3.1176764940512385,2.613990557586021,2.004808484272644,2.1180463539458856
D103_10_consensus,2.406866697104647,2.00230777651268,2.4663381253264447,2.781799390603396,2.0661028292991546,2.408032034477799,3.121499830196285,3.1195189272054336,2.660962877419024,2.113180875024682,2.2878332054663133,2.016240748838527,2.300049857083025,2.279826709676456,2.867950915753965,2.1811098083257434,1.9858454461177075,6.664094422310654,5.123277028804694,4.989090799148812,5.665968051183768,5.727853087762867,5.185683615728863,3.435297205222355,3.33118333126248,4.193932583559672,2.666579412876501,2.514004360347201,2.3657845182644337,2.5671197224588127,1.4849308480118566,1.0717721550932993,1.1669146524876624,1.1328818739395956,3.203404846931392,1.2901917349678342,1.2908923053876151,2.050536825560528,1.5936494507270709,1.6818512752257109,1.230962932093291,1.5070213045355558,1.8206302136774184,1.883362227028272,1.677901268363371,2.367968669460936,1.6374345068507523,1.6762807139726874,1.71912123612384,1.6668827320334003,1.3952782029762147,1.226384056707161,1.867049991643967,1.5324216607387484,1.4913521179558415,1.7316582416851816,1.8860539814061208,1.7307174242988026,1.4703496555040374,3.224266979088327,2.117718887249964,1.5601825793419266,1.6184723771145857,5.48943764931289,2.9203004300529187,3.3188109024393952,3.982554519690666,3.0027520142925823,3.3876326804627297,3.754920868679676,3.379565254493116,3.418285480870111,2.387540742521253,2.0589050418129773,1.7046130669348258,3.5081524107042696,3.6732975044743057,3.489856808990908,0.0,0.6149093872210756,0.8991401200535165,2.3658594225059915,2.201029763263307
D103_12_consensus,2.485610913877736,2.0119745642754765,2.3981055023401723,2.529066489328613,1.985342640617887,2.4597761162058305,2.855187907330276,2.922930013125324,2.4433428691084487,1.974926293976523,2.134328871886737,1.968489105066567,2.1327954753379004,2.163665091972746,2.614724078435188,2.1264421963932136,2.0647229866574435,6.218418305167404,4.803769557053954,4.669283653740422,5.303723776278616,5.345863263046283,4.846768888610484,3.1472416484896826,3.0736505122724225,3.907092852723622,2.559142704883812,2.439866080271429,2.4096586733447225,2.9789519929231005,1.547228944205585,1.1969027231647829,1.3360495621188877,1.2747752601930529,3.670687030271495,1.477895065286873,1.4629265628342978,2.3381350998760126,1.805283878460557,1.9343482189299264,1.3259874111168983,1.7306303607047653,1.9941723819260917,2.0835176193921825,1.7656880717420904,2.610568958132092,1.646368104727003,1.764940614882505,1.7569182598083444,1.624460073520538,1.4814964078709636,1.3345308801034437,1.726174329089588,1.4927553655851398,1.439162067456493,1.929421076395727,1.988721572968302,1.6647734706274946,1.564581335768878,3.698098177457212,2.0280024297468917,1.7466278300708495,1.8674217419430192,6.14302546915394,2.5974097021922944,2.9715975656937985,3.5831894036844574,2.6805347479972284,3.0339681560641907,3.374502482770481,3.032927582810544,3.0673580272829213,2.1349099833599894,1.834367679486661,1.5659007799990263,3.153952100434026,3.292307781790157,3.1176764940512385,0.6149093872210756,0.0,0.8580387434788577,2.133353762196293,1.986170804886683
D103_13_consensus,3.565593673316471,2.78130099908941,3.22317802884254,2.3094310321412195,2.5925643504950813,3.430590507790328,3.047523050896359,3.5391928877516534,2.0735688275367465,2.338503346239236,2.473327892530506,2.617017744427926,2.339704903715472,2.68532749295224,2.3758947261225103,2.8061875725961727,3.026258606435306,5.45249797212864,4.470966624509856,4.399470905295686,4.703874229681105,4.870578994662935,4.547648682617137,3.0731090256108478,3.2508054125482886,3.91022996043489,3.1910271766620326,3.0362489704308477,3.2471761433388338,4.442009633217083,2.3179230887405997,1.660200118237924,2.00089915153751,1.932819620202281,5.326858452195438,2.219935513531368,2.3497476994150475,3.709994643170603,2.8708350186415714,3.1938099010839665,1.8695425567461823,2.730759299643694,2.7710843420137508,2.734983806698949,2.392200182759097,3.6199310919328127,1.982376164451068,2.218304888163459,2.374074066666481,1.8140907970827695,2.0895140215653782,1.773282141092011,1.5182206526691289,1.734606585051722,1.560601923337856,2.691296549931508,2.7693118072530183,1.829506988445473,2.03695157774672,5.092740939746932,2.1544530136887943,2.5957198196387026,2.727726289502243,7.890165070681633,2.3084893098550765,2.6760831610108085,2.547979767086872,2.1619649572351136,2.6442749275623783,2.9202389534682998,2.7499670909720635,2.213742534853509,1.706198152649165,1.7418715343814029,1.8619585671141865,2.272342368188788,2.486103540598833,2.613990557586021,0.8991401200535165,0.8580387434788577,0.0,0.9593367147632534,0.8144714988171131
D103_1_consensus,5.803234981399839,4.541227985816136,4.558769706385704,2.1907236278846085,3.7725257630136175,5.461802752224969,3.1095066864106684,4.191731598364527,1.805424682843864,2.9474475870292167,3.200351818610329,3.9028104778104193,2.731117984423804,3.5866417513954616,2.1459345973926816,4.2279000289476585,5.113690210797074,4.320197795750119,3.840548297354701,3.833825719595154,3.868422145797013,4.022224447001463,3.998249256174233,2.6880352323288434,3.0194674501113354,3.463050415363,4.3651157043059925,4.2696810402837855,5.136213991586544,7.847076765531767,3.785134210775368,3.102722012333743,3.769710379193896,3.6019391685055098,9.022481733739935,4.231028205642815,4.133314904956478,5.975896547638229,4.712557792052166,5.419172976685957,3.1583829916388027,4.980932740674234,5.246581935376241,5.335879983046368,4.410216019416907,6.555611484903693,3.528233896582094,4.271295246956186,4.210636918934995,3.0559264910890533,3.94569395032886,3.5975789283126005,1.930883981422653,2.9891078653998875,2.574338779799689,5.2131120427376345,4.886943887915663,2.939061797191812,3.989919148284514,8.78452347217791,2.5076015946149823,4.711945605406186,5.110950651546773,12.50018130150562,2.042391272535099,2.2534028025113457,1.5854873536422929,1.6888008688471243,2.06871559002326,2.2118130141003007,2.209379131761409,1.531809323114544,1.8276209407100052,2.0390063367392486,2.663754609390253,1.474187179800822,1.7095317316064325,2.004808484272644,2.3658594225059915,2.133353762196293,0.9593367147632534,0.0,0.3181709255605369
D103_7_consensus,5.463168773784389,4.2462539235484655,4.377271908522232,2.2025184581519284,3.609334441099122,5.146090513640047,3.136842078478935,4.150939865363114,1.862128545337555,2.9062650192338424,3.0820043505937638,3.716490590862861,2.6992432922687613,3.4666982010200518,2.18958984756614,4.00171616435108,4.7986680302897184,4.497457257298379,4.02799858360811,4.001468157657939,4.028693862008652,4.199188632138089,4.151304022705403,2.8783729553293824,3.2288459625599444,3.689646978205019,4.215467863000981,4.106292057823112,4.856503221580795,7.446858950379124,3.7164199613644087,3.0153008434997446,3.650802881245113,3.478984255638693,8.58809462029808,4.041660702934564,4.044593620650517,5.915486081165852,4.681448579950086,5.296270755630815,3.133950094396539,4.786620116774998,4.845532231684331,4.87812907015109,4.0919760871979065,6.089576495479264,3.262960223116977,3.894482007402644,3.9210686494574247,2.830502844848752,3.6771042373302407,3.3379517066821904,1.868859996494507,2.7772804550523347,2.430229692527518,4.805284629674418,4.566750483039243,2.748272772309861,3.6667572053727326,8.262151370057381,2.5581635484637677,4.464156363808456,4.807917857775351,11.856371234984294,2.1096646415329587,2.355372959077272,1.6762302847224646,1.787008841364809,2.2099124128635594,2.355381294536585,2.360472242221249,1.6062262831820815,1.7565326170099524,2.00848359932354,2.598656003623205,1.5806206725185348,1.7911944572979337,2.1180463539458856,2.201029763263307,1.986170804886683,0.8144714988171131,0.3181709255605369,0.0
