Sample1,316188_10_consensus.txt,316188_11_consensus.txt,316188_12_consensus.txt,316188_13_consensus.txt,316188_14_consensus.txt,316188_15_consensus.txt,316188_16_consensus.txt,316188_17_consensus.txt,316188_18_consensus.txt,316188_1_consensus.txt,316188_2_consensus.txt,316188_3_consensus.txt,316188_4_consensus.txt,316188_5_consensus.txt,316188_6_consensus.txt,316188_7_consensus.txt,316188_8_consensus.txt,316188_9_consensus.txt,326650_10_consensus.txt,326650_11_consensus.txt,326650_12_consensus.txt,326650_13_consensus.txt,326650_14_consensus.txt,326650_15_consensus.txt,326650_16_consensus.txt,326650_17_consensus.txt,326650_18_consensus.txt,326650_1_consensus.txt,326650_2_consensus.txt,326650_3_consensus.txt,326650_4_consensus.txt,326650_5_consensus.txt,326650_6_consensus.txt,326650_7_consensus.txt,326650_8_consensus.txt,326650_9_consensus.txt,326651_10_consensus.txt,326651_11_consensus.txt,326651_12_consensus.txt,326651_13_consensus.txt,326651_14_consensus.txt,326651_15_consensus.txt,326651_16_consensus.txt,326651_17_consensus.txt,326651_18_consensus.txt,326651_1_consensus.txt,326651_2_consensus.txt,326651_3_consensus.txt,326651_4_consensus.txt,326651_5_consensus.txt,326651_6_consensus.txt,326651_7_consensus.txt,326651_8_consensus.txt,326651_9_consensus.txt,326713_10_consensus.txt,326713_11_consensus.txt,326713_12_consensus.txt,326713_13_consensus.txt,326713_14_consensus.txt,326713_15_consensus.txt,326713_16_consensus.txt,326713_17_consensus.txt,326713_18_consensus.txt,326713_1_consensus.txt,326713_2_consensus.txt,326713_3_consensus.txt,326713_4_consensus.txt,326713_5_consensus.txt,326713_6_consensus.txt,326713_7_consensus.txt,326713_8_consensus.txt,326713_9_consensus.txt,326737_10_consensus.txt,326737_11_consensus.txt,326737_12_consensus.txt,326737_13_consensus.txt,326737_14_consensus.txt,326737_15_consensus.txt,326737_16_consensus.txt,326737_17_consensus.txt,326737_18_consensus.txt,326737_1_consensus.txt,326737_2_consensus.txt,326737_3_consensus.txt,326737_4_consensus.txt,326737_5_consensus.txt,326737_6_consensus.txt,326737_7_consensus.txt,326737_8_consensus.txt,326737_9_consensus.txt,326780_10_consensus.txt,326780_11_consensus.txt,326780_12_consensus.txt,326780_13_consensus.txt,326780_14_consensus.txt,326780_15_consensus.txt,326780_16_consensus.txt,326780_17_consensus.txt,326780_18_consensus.txt,326780_1_consensus.txt,326780_2_consensus.txt,326780_3_consensus.txt,326780_4_consensus.txt,326780_5_consensus.txt,326780_6_consensus.txt,326780_7_consensus.txt,326780_8_consensus.txt,326780_9_consensus.txt,326797_10_consensus.txt,326797_11_consensus.txt,326797_12_consensus.txt,326797_13_consensus.txt,326797_14_consensus.txt,326797_15_consensus.txt,326797_16_consensus.txt,326797_17_consensus.txt,326797_18_consensus.txt,326797_1_consensus.txt,326797_2_consensus.txt,326797_3_consensus.txt,326797_4_consensus.txt,326797_5_consensus.txt,326797_6_consensus.txt,326797_7_consensus.txt,326797_8_consensus.txt,326797_9_consensus.txt,326907_10_consensus.txt,326907_11_consensus.txt,326907_12_consensus.txt,326907_13_consensus.txt,326907_14_consensus.txt,326907_15_consensus.txt,326907_16_consensus.txt,326907_17_consensus.txt,326907_18_consensus.txt,326907_1_consensus.txt,326907_2_consensus.txt,326907_3_consensus.txt,326907_4_consensus.txt,326907_5_consensus.txt,326907_6_consensus.txt,326907_7_consensus.txt,326907_8_consensus.txt,326907_9_consensus.txt,327059_10_consensus.txt,327059_11_consensus.txt,327059_12_consensus.txt,327059_13_consensus.txt,327059_14_consensus.txt,327059_15_consensus.txt,327059_16_consensus.txt,327059_17_consensus.txt,327059_18_consensus.txt,327059_1_consensus.txt,327059_2_consensus.txt,327059_3_consensus.txt,327059_4_consensus.txt,327059_5_consensus.txt,327059_6_consensus.txt,327059_7_consensus.txt,327059_8_consensus.txt,327059_9_consensus.txt,D103_10_consensus.txt,D103_11_consensus.txt,D103_12_consensus.txt,D103_13_consensus.txt,D103_14_consensus.txt,D103_15_consensus.txt,D103_16_consensus.txt,D103_17_consensus.txt,D103_18_consensus.txt,D103_1_consensus.txt,D103_2_consensus.txt,D103_3_consensus.txt,D103_4_consensus.txt,D103_5_consensus.txt,D103_6_consensus.txt,D103_7_consensus.txt,D103_8_consensus.txt,D103_9_consensus.txt
316188_10_consensus.txt,0.0,2.7746474445859235,3.371490869866875,2.2259748153274472,3.281104732425433,3.4809098123618014,1.790292288968601,3.637348674878696,4.439646028913785,3.29236187124377,3.821870026887723,3.8766901133341207,2.0998073398505994,2.9045903331534646,3.497570379206877,2.216774667242362,2.955232338717451,3.41598679062497,7.883625717633038,7.290027395858942,7.725978752515061,7.199887795958091,7.377300114592401,7.751355348900859,7.827846157731415,7.821259219049409,8.192341174913793,7.11730628514357,7.015256351418714,7.452711018891534,7.261282179412092,7.318780851000838,7.238457587242465,7.127891968088306,7.375737380275723,7.20002009748805,10.03951394524131,10.285256867610428,10.389497218054204,10.767453685244618,10.281662694175054,10.407958321399008,10.217235162471752,10.416517332547926,10.38782206974497,10.842745588226649,10.359721016411356,10.400171760159196,9.935773168570734,10.268144007844851,10.616617513406766,10.44894433935059,10.138836695543034,10.225399530840493,6.855613808848034,6.776541187217219,7.111730293663641,6.917191366454517,6.966252186434701,6.970224398963012,6.873270288193908,6.871042072831301,7.130083153366172,7.089402386610686,7.060069056857799,6.909366876628496,6.985052207369222,6.876893774134771,7.266723491084463,7.011745638104628,7.025434905243401,6.97485512444382,8.322117220811037,11.183596487039154,10.428859872426813,8.587481768694772,7.482238347731823,8.770121121366913,8.528156547710523,10.34761008986294,11.70885226212431,7.444551144730383,7.281244574793732,7.43857626173201,8.194322075974128,13.1745896073852,11.339069503735857,7.093215343511133,7.029160056380988,7.480908125914539,7.892107163976107,7.000590870586393,7.099739292098263,6.770684209923388,6.914797579149365,6.769191873024624,7.162635358066723,6.894208846675269,6.857262292808855,6.8084138477066745,6.938088326381433,16.93548387317128,7.300917163784391,6.868994701577094,6.932436790471343,6.859609936046638,7.072067881567023,10.473084911093167,9.45094870112888,9.651550925993604,9.503680853531534,9.517711285608812,9.626990959885577,9.622357038005248,9.461338379483834,9.747488249365516,9.574112116294144,9.261338828385988,10.17504423488532,10.357456237019733,9.55414618219595,9.8212818472893,9.509618225379768,9.619144660966072,9.736136239729037,9.40837108857238,13.632678405394644,9.005649602925189,9.575462595634576,8.806052372341469,11.238120502816288,9.191145931666256,10.395468526590491,10.868604701586037,10.5226553715745,29.81721161827255,24.61784056876656,9.477523315718202,9.231091704158018,9.438143941194596,9.99355397419231,8.758330345786248,9.746412181106962,10.906946175723364,8.460354450588,7.876764669434067,8.072522785252659,8.219828556200127,8.251745900104083,8.171254664881303,8.6979525596102,8.254020839678333,8.24882017921982,7.895607457019651,7.746449174433735,7.645340374622549,8.165828745429394,7.842074151675888,7.7842580402602835,8.256958943195912,8.209974587686077,7.967948617435866,9.770760594758372,12.086716813511828,10.89438271719132,9.336017038874957,14.160612905605944,10.470967197223844,10.295563858244805,13.106782230623937,11.563597186412151,9.818415421222028,11.63070400726798,9.905069830165871,9.586648858697572,11.742734646960798,10.387080503192465,9.547638140646882,11.097009827530885,10.037785073147576
316188_11_consensus.txt,2.7746474445859235,0.0,3.784714332754959,3.084678064946217,3.764293127195231,4.085391757730463,2.914096237840397,4.02355000385387,5.073153419798189,4.040352963768953,4.247912327814163,4.5583340033686,3.0505941778197894,3.419778052749905,4.047356793799054,3.0746795130448845,3.781689948823214,4.158793765768223,8.297717728558041,7.787920458652138,8.184181155078647,7.731842459324184,7.827565588541006,8.199484279608328,8.307634844912116,8.087247963390894,8.509013154805075,7.813304724583304,7.562358422824957,7.939652553280837,7.763401955791892,7.743025162068307,7.712165665391126,7.695621805699716,7.873580056290734,7.758348389553987,10.37684520122076,10.645349336834444,10.791765617932072,11.310273404515383,10.70997975223139,10.898998874679933,10.546726965584073,10.772557376315262,10.774282447988526,11.412992073879082,10.831559545068558,10.941717303468238,10.357461791082642,10.743886830878296,11.122959547067865,10.98146713608071,10.56046478059602,10.711630434763151,7.578798104679265,7.533189399701996,7.716019866551733,7.804308175922188,7.736070817607811,7.66031055736272,7.623992417022976,7.6227423518531054,7.726137381410524,7.918008463893443,7.810020826158166,7.616381915075237,7.698454279732232,7.588739159740726,7.823428972468605,7.858500380892906,7.794675343685981,7.694234259330358,8.754744003732696,11.436636707645675,10.803620893607786,9.143064729768923,8.017431316198781,9.091974338249088,8.907114324938618,10.636293856451232,11.98792970608082,8.071826079233006,7.796871486433645,7.964625237146265,8.655843888154152,13.104411564021916,11.468382739992135,7.709939419141676,7.693021150904656,8.095816159440687,8.528355031467015,7.866544526093776,7.888274300659475,7.769302447276914,7.925701423919349,7.74848324729578,7.965810219857474,7.810964417767252,7.743206898965241,7.73928321137106,7.874066558884294,17.53436988703362,8.113428223196081,7.824499567997464,7.824271543469422,7.827831656742205,8.033033484290456,11.006740296113662,10.267218607814243,10.43971772243208,10.368873538545245,10.255088498858186,10.376634050740677,10.418615744206193,10.139552086710124,10.430887349149884,10.28824070091099,10.060586052517069,10.98932043904557,11.164363703931144,10.37662740335071,10.704553513138537,10.319182225509508,10.387347617285002,10.42753760258728,10.178464112621043,14.520322450792207,10.155783188369924,10.38397466688008,9.83438634047451,11.938467779079588,10.073148595905764,11.184776066843028,11.701808769596084,11.356335758532452,30.535278693386715,24.904475286206207,10.587456252160225,10.35372179193007,10.587044939197083,10.924735819713248,9.88748279985731,10.87466119505035,11.93462490323833,9.441871677829283,8.886372423024852,9.057207820769293,9.41885856263002,9.417228693340974,9.191726364115423,9.623369213692795,9.21904503072352,9.277221195285051,9.06704845265176,8.89846438353652,8.677721581202036,9.12523762529429,8.96339609076091,8.80610116460224,9.434767445403338,9.32781609389292,8.95968804667018,10.858926619002546,12.923748453219844,12.06163234740501,10.632597044114732,15.129765579084449,11.50916407757893,11.233594883568344,13.99156539975445,12.501574684669208,10.97407488181716,12.56103537232434,10.825894845071277,10.62202823594697,12.552668113891286,11.397839713215546,10.714732733364656,12.033884687506315,11.180566093347522
316188_12_consensus.txt,3.371490869866875,3.784714332754959,0.0,3.619919220921986,4.014781468132014,4.350339988654525,3.4177821500584287,4.790835646589642,5.03162945781537,4.543054429908864,4.62577093996515,5.013707710631934,3.6153752413662232,4.059435574642521,4.0306783726551885,3.69349411280632,4.066427509618677,4.5040546845722815,8.417670534074773,7.897814653723742,8.25152505803021,7.985830771231122,7.955178463740195,8.292309010859356,8.389653335960418,8.251754327277126,8.564298032814406,8.162388603280931,7.750948854493913,8.072572148890458,7.876524605126349,7.958851819781955,7.872860954226326,7.990984385412389,7.972102976733254,7.8444738464195325,10.660266157307206,10.926268155363688,11.05455862664212,11.672331168439712,11.031229212869675,11.234389554114614,10.771816154672194,10.984289243554542,11.054350263936044,11.802897144293013,11.213365330298188,11.287812805008343,10.659686491114885,11.025508467305656,11.475720668881706,11.342270372268215,10.905576029528106,11.058833710038584,7.762019739491791,7.700269804839934,7.797721566618748,8.04677208908015,7.935932303274342,7.815991750172031,7.81650013278994,7.769371184467218,7.770057269734536,8.167243517095528,7.999444711899457,7.786540465464952,7.845898476146772,7.747922265658076,7.844074091004074,8.118775955783008,7.969487495186286,7.84762409640382,8.703667201481153,11.368660367540429,10.82285926522593,9.21863893786815,8.109036930673597,9.027312149744432,8.88794170337087,10.559540743764444,11.911990988082152,8.13872959532091,7.82182277540312,7.952244066471451,8.614336992985443,12.981839845399008,11.382204965655546,7.719232594085838,7.764834786553422,8.137270334181721,8.710743829957323,8.154530144524415,8.16383167132176,8.20643324915443,8.354435858606621,8.114659038569982,8.291641950881171,8.19101798396224,8.072961576494777,8.1337758636339,8.214187862845677,17.808720326734942,8.37530117078245,8.19639328619769,8.146287408252874,8.22067347585579,8.344061713119515,11.141294094862133,10.658343084049193,10.846427928080288,10.759698525294825,10.496677685908535,10.78056330500533,10.79524248702552,10.430467810710129,10.798702725582416,10.644694667056797,10.422289017438857,11.46422067277797,11.658190852828852,10.770993777145575,11.141516121483503,10.746459610474744,10.683338955191177,10.802931084400882,10.589589077774349,14.599166349361724,10.306471566846994,10.45170450931198,10.040490093319534,12.139469974507676,10.207527230375147,11.317247700255392,11.901799830588176,11.487174729803144,30.89705120483859,24.851398896394244,10.748234847893002,10.53360556739898,10.74425787600984,11.024142092006514,10.14878104371303,11.054461405611846,12.12673181557119,9.722083815404744,9.164261665025665,9.338671860689658,9.845741604756313,9.8121842743044,9.504423885146764,9.844564700107014,9.500304650915156,9.54594339709672,9.49133841741144,9.264003034228836,8.991980210118925,9.41195987250694,9.231907942058228,9.03191000310926,9.8660039227139,9.713258258747883,9.284902149390575,11.085717702354827,13.102641598087132,12.218264439600604,11.061021833448365,15.137039404433152,11.825985968652162,11.466441590036425,14.185427482366094,12.65062091333931,11.39373440795606,12.685212823151232,11.117874906142504,10.805382465618834,12.566536497557196,11.62476975905065,11.10910950167596,12.212288674186084,11.481198892154111
316188_13_consensus.txt,2.2259748153274472,3.084678064946217,3.619919220921986,0.0,3.4087479519848216,3.436891016641823,2.246108032598101,3.918057724301036,4.471058851171051,3.3511557760243136,3.841118149103636,4.006861068967112,2.444732279116522,3.106748191040253,3.561858931213635,2.3179291751630444,3.150177942688856,3.5358027067578064,7.862483472120232,7.26555714959477,7.722307969749124,7.1422199197316445,7.372290240909649,7.733291658414316,7.864433040162396,7.661765828205375,8.156593380641539,7.115771026145751,7.001219845862693,7.412512960588344,7.244492278162056,7.262492975783857,7.260134630406128,7.108519819284368,7.352026070147474,7.242565023364875,9.884491772116403,10.138208094124709,10.238124844618198,10.726298401722543,10.14559643358183,10.326809579155396,10.03756966030653,10.238797069252996,10.219973255196464,10.818486739099969,10.28790438944111,10.333075955031916,9.812714793880502,10.167048011844544,10.563639044121942,10.37886150427488,10.016626674063389,10.142625954254186,6.832088379918957,6.7584665210657136,6.993898883218208,6.926732565973168,6.923726973969508,6.881972652718673,6.876217443106441,6.827215556455599,6.979479863242432,7.079673284206763,7.003167650446244,6.848462926601087,6.955816441498314,6.812795261584711,7.086274118542747,7.01269257838203,6.9630529153917,6.915724474834804,8.244618630560808,10.960626467562063,10.396610871055143,8.597435369921186,7.47383288407093,8.611429909332571,8.52492663344674,10.15646844023138,11.543992325604734,7.568462253555367,7.201481625025053,7.417927920409625,8.174696630170843,12.848582746797264,11.13671292244544,7.094888094530575,7.050835444175561,7.561064334974276,8.05365337796087,7.284025731352358,7.369818945771328,7.113648935188905,7.292626041909557,7.073854627337141,7.445138797280038,7.183736044992429,7.150896717928106,7.138373262948278,7.284657675140124,17.112100427388555,7.622590318358448,7.214545793681509,7.265562359318665,7.18186305051529,7.397256154632373,10.557628936340734,9.722770079099291,9.870437493110046,9.78104198382198,9.70810882934029,9.840199582525202,9.811721316320472,9.597868703433107,9.860857562922147,9.735430912922991,9.48235153979664,10.430053619642308,10.586123880469644,9.825421682330273,10.051753107862964,9.731917879298862,9.83592030346415,9.859401034484565,9.589999656805958,13.640628235196688,9.220148913551498,9.474188999486046,8.953408714504576,11.114842907201536,9.22495206168628,10.314502131749007,10.837394610407614,10.508546437418715,29.9951393779578,24.23491709674238,9.68953754578132,9.436097449616623,9.682955407019108,10.038645818311863,8.999453616340134,9.989236438793457,11.028013391312754,8.56636891971101,7.989138395636473,8.175800667258898,8.379128873826858,8.403873193396862,8.262855881720157,8.739278898051168,8.30826808361644,8.358448870484438,8.064306231050978,7.953141371312768,7.796500739436055,8.282055641387274,8.02927269036752,7.966749914663353,8.405591805477798,8.33270113695886,8.06499324038981,10.059331092513276,12.24899889277208,11.077373704195791,9.743203342461925,14.342358102512833,10.762781993738711,10.519873813232778,13.20486069989704,11.732452456114627,10.056706276952582,11.809399451017498,10.058773643143184,9.82779234786966,11.883657476484586,10.582565709871176,9.7812260157433,11.166378930216752,10.308152272853022
316188_14_consensus.txt,3.281104732425433,3.764293127195231,4.014781468132014,3.4087479519848216,0.0,4.240382900574332,3.3222666219639905,4.747075699550237,5.055750804517743,4.4198764971117726,4.106023482154569,4.8042133374733,3.428767482897456,3.9076618127882057,4.118496426969045,3.4312166429309627,3.747818732666474,4.287306332771379,8.37941813834027,7.889713558601386,8.231662411275067,7.942503313666862,7.92672088086664,8.247384571729924,8.402445681414349,8.161591968114749,8.56923986682665,8.162205317845917,7.688573082544053,8.078895487620798,7.851833360672629,7.93865427051054,7.872409640549677,7.951790670292553,7.93883584426834,7.831203452670707,10.728806119404908,10.973128259787076,11.118866259708852,11.785695603463523,11.120410977980498,11.329370878177087,10.83592180847694,11.040589639215966,11.119818774773876,11.942868635935156,11.295022761102755,11.39111669788872,10.75027955012007,11.097318060417706,11.583793444297951,11.439144476689648,10.958634256281016,11.15033748546665,7.792157184168387,7.729444904822174,7.774194054858981,8.106112594535375,7.936198493271831,7.815280130641099,7.870119912853056,7.7814179503599235,7.745785893741186,8.21356757112892,8.009485410388777,7.784483765685138,7.877840081562226,7.76075426871671,7.795982022593819,8.17180011738418,7.984899469702441,7.851187649187182,8.684733221589454,11.230307916433048,10.9200663420948,9.260825814436489,8.15824431585321,8.990280194037439,8.855567548826798,10.468708327359934,11.860917840810089,8.204419719466216,7.815528386251174,7.986366721294303,8.602383943287805,12.925565489820542,11.388864330259937,7.738814184880539,7.779628918068624,8.126554356237534,8.615376686626519,8.111161707353062,8.056116241082918,8.184208580167251,8.391992444809091,8.114299025758555,8.231254063217932,8.170458371150232,8.053869474555768,8.149234987131194,8.220119253857888,17.84006435613321,8.371014013584556,8.231307315990875,8.126214278694874,8.208081082826936,8.302434994461919,11.077114931013623,10.636709506243164,10.927887708543269,10.763557201369563,10.537476222846747,10.81093202396005,10.770207331525569,10.446056587857017,10.772711400186552,10.71472210710175,10.486457246899365,11.55538835795545,11.662573609989863,10.80446576874408,11.166337130241686,10.763130417576347,10.71086750623084,10.8217041275999,10.540373893481105,14.757588531235116,10.496791836746809,10.595382494893215,10.217182537207693,12.203226008377383,10.35938822658892,11.42950505925694,12.014521243572744,11.604177525288035,31.066744726534463,25.105271893766087,11.002766731062309,10.755353548296853,10.97599033113795,11.206605535849292,10.360651117722057,11.298848450998094,12.32787906104835,9.688206919952506,9.15492531567287,9.358381569352789,9.838253033334354,9.799710330121286,9.461462888418964,9.883345443897156,9.491886421871923,9.529977100442125,9.493443614197588,9.30578808462394,8.996283573118319,9.396381307184017,9.271012461822352,9.062390433640983,9.866849935654614,9.703475959670868,9.29479892763294,11.166569062129897,13.19973739098242,12.290657781258004,11.11046575381448,15.334040771304783,11.836721603620616,11.595149222037833,14.362992483156972,12.797817203650991,11.40464578431056,12.692213787383023,11.133228860996155,10.880751420052375,12.73393399854524,11.665477087665865,11.13258071576564,12.284738675173344,11.518130472560928
316188_15_consensus.txt,3.4809098123618014,4.085391757730463,4.350339988654525,3.436891016641823,4.240382900574332,0.0,3.465872553246129,4.794084638747052,5.260378795947304,4.567688130147758,4.73849909114341,4.655082531004496,3.5900699611931373,4.217265392432864,4.314707765225819,3.57241553610271,4.048918193733584,4.126306607972879,9.130487872131596,8.601587022186322,8.982440142342739,8.679179087738532,8.673810920891867,9.019757973868424,9.151526633052072,9.004215137750975,9.33869732576693,8.785283642616605,8.413336445035952,8.801195489911834,8.602269315008414,8.650235503050567,8.610603375237872,8.664147909973053,8.652096062803082,8.526879010822427,11.508798539382724,11.748508098285924,11.885926764024646,12.497941963737276,11.85062488929077,12.018552961789284,11.62374191326603,11.823621464708594,11.88066815829518,12.616587007034523,12.024586919477883,12.075358202735174,11.485933459143212,11.845306426344848,12.281781703049376,12.154857539659815,11.71694605428695,11.839135678495609,8.349459811904694,8.287831413643346,8.47165351114603,8.620730163866654,8.537958073584605,8.435929784281996,8.39584529248748,8.366147180810287,8.417429419088705,8.765481651340565,8.610290513530458,8.400350358161177,8.446209860491365,8.350647707606015,8.50885215444714,8.679578057518142,8.583923774388268,8.470697433424448,9.472925882003947,12.067672814623052,11.54709962751764,9.9673274168062,8.845431335523699,9.775419567090694,9.659836237376112,11.396015030939113,12.723104621742664,8.886650659545865,8.582595790319829,8.741394517087258,9.43573075229483,13.931282544659553,12.265261591626595,8.47748122403118,8.533888458287834,8.806786979702565,9.21768478738386,8.570411843381976,8.635774539592092,8.552192076817846,8.739604991113936,8.510753734822401,8.734982981935616,8.590775992166357,8.507329699750017,8.520321626553937,8.609562857903029,18.22181594502229,8.785240801291025,8.562995718837271,8.56008703109245,8.625208834265663,8.746777112864095,11.573150297434836,11.247624479525314,11.455523969982778,11.296367848287789,11.111436272247031,11.38657600524175,11.384643888520998,11.062071734341089,11.399955437456242,11.253955316315968,10.951564653845082,12.053483993729856,12.233533109308835,11.350154784883957,11.70720239270429,11.304688454094617,11.25720330533511,11.45223769038239,11.158576371211607,15.033326817004763,10.720824367714329,11.006788907569728,10.471488010245537,12.623905457220758,10.686177713023255,11.84629184645786,12.38979822392082,11.982610608694811,31.025328419536663,25.302867966236818,11.22197386506241,11.006291657736426,11.170616253331788,11.50075393193174,10.544704290664583,11.47966918346276,12.539339416903545,10.116359928322083,9.612357694016056,9.78170044284144,10.20520223692165,10.151699083624637,9.91607530957873,10.268505119496467,9.934133402227587,9.96488301378804,9.9194663271943,9.707143727743642,9.45342242457923,9.832347139636283,9.635622807959123,9.534962090591192,10.235764194231535,10.101230893132538,9.73235051754051,11.541244093051944,13.752923681003608,12.696959186189702,11.50332660864143,15.71667258154298,12.343528951095893,12.082164726076144,14.737001492958427,13.182874991353458,11.902672355439734,13.295471865966816,11.630214283539717,11.340794716736925,13.250500914264762,12.09816612523798,11.651601036850934,12.740665612359408,11.95438788217666
316188_16_consensus.txt,1.790292288968601,2.914096237840397,3.4177821500584287,2.246108032598101,3.3222666219639905,3.465872553246129,0.0,3.656252629726168,4.279743833847817,3.257297456728452,3.784539403567351,3.8556505637068312,1.969171709743364,2.9441920616884545,3.4991646649494896,2.315713075691747,3.049241022341505,3.288678701286756,8.184502250202058,7.637149091060962,8.081576433303326,7.47710589093532,7.694381550567925,8.07208804419895,8.17971635806839,8.105401680264777,8.489109160666885,7.351958292553604,7.308341751180478,7.736347901453655,7.578926812855911,7.61071507557449,7.5339712622284765,7.389291170496051,7.70273243665514,7.537661884964621,10.005243679525847,10.258279735358542,10.393085591253111,10.75816427917232,10.250730813009966,10.370308511078065,10.208722485200552,10.38034192753122,10.36635624288408,10.827464517777171,10.329525671183092,10.379175013867098,9.917109914490196,10.24313605348152,10.612740613905656,10.418759803053549,10.094846111956542,10.216587155120806,6.897462417133966,6.807737548499176,7.16394246938529,6.94200239998554,7.006388541626052,6.997064092723917,6.923803014968939,6.905214192061919,7.176224656995771,7.114642627123544,7.103762623480748,6.95610594000334,7.03250123152668,6.900566368966452,7.29894773399775,7.0509778881472585,7.070083476941193,7.014006201003724,8.495967420442753,11.436059961654962,10.650897737412208,8.843426873783756,7.73014718357831,8.9789101069166,8.828464489821158,10.552349131940105,11.791254819447488,7.707885744784733,7.479548498353097,7.67184687372071,8.484351972104548,13.260536831645195,11.555512394150924,7.307804620790762,7.262032991170599,7.776822723729083,8.169428100028654,7.332101221207552,7.418542690504523,7.080605293225972,7.248171144195112,7.073199505144146,7.442156209780251,7.188288125068539,7.1377382480379765,7.094962926137612,7.267744094362342,17.232426927841402,7.640013201547561,7.166386043575699,7.211779514755278,7.1788598657340685,7.40173105568465,10.641354761683488,9.868639683112292,9.987998469072636,9.92281507612563,9.857771200482375,9.922793844863577,9.961600351181232,9.85317755867436,10.021231956406552,9.889743472110013,9.573249050007403,10.474478049014238,10.68100527440913,9.924600387540067,10.160450974946457,9.848108791379332,9.947986662520805,10.000411458379745,9.755570738602673,13.49642361188802,9.07199294574758,9.440220652093387,8.77257154308461,11.05974831369224,9.124293746473654,10.260174182176058,10.758200504029505,10.35133165637592,29.82924431192339,24.35802455815576,9.50856455174204,9.302389167042008,9.500162544426471,9.888024308067427,8.790642484289776,9.801813410061868,10.923174637827913,8.390871375375582,7.860863786122252,8.043938493897372,8.184432352965587,8.233269428723133,8.101542729229891,8.629113634286455,8.144397283504759,8.196655801730458,7.886653469213002,7.766950974132953,7.666214341110901,8.215063907874253,7.854057013685292,7.800031966527115,8.213445613303236,8.190329909816512,7.931701496872279,10.027572188486149,12.27586747781868,11.108259912566666,9.644718887164174,14.41919760464208,10.680269139835104,10.558555014523108,13.233800143080884,11.718360100831717,10.035214727190803,11.78650275936934,10.152930903317326,9.837603974581612,11.999966844073697,10.663643639404086,9.791156584671114,11.200005031408809,10.26587602676966
316188_17_consensus.txt,3.637348674878696,4.02355000385387,4.790835646589642,3.918057724301036,4.747075699550237,4.794084638747052,3.656252629726168,0.0,5.758393592013704,4.813886151644056,5.066562854695178,5.447066275858731,3.857808745453042,4.155877891686373,4.84704375151631,3.869980977183559,4.414848890087455,4.859622194222254,9.580726508224586,9.093893769999738,9.457049532277154,8.99521103048886,9.120287359782708,9.44076787576182,9.571601412161726,9.438176757633356,9.720538231547325,9.025926523243244,8.807635362166195,9.203397407818729,9.010929366962444,9.041218482211832,8.971247657554557,8.941641322186285,9.157561000260216,8.980943719001573,11.437207374964544,11.705404422189416,11.81964683535938,12.268304982267978,11.73266209152996,11.893093331287616,11.605304051001385,11.805432266820162,11.82742768410975,12.356627430610844,11.85110293690127,11.91383118263019,11.40743066523146,11.754385208996268,12.084422340806384,11.93802496120287,11.595609812142811,11.721960508460995,8.719428198052185,8.67151254761859,8.926468377575475,8.935392172395666,8.88779819678598,8.820281838175617,8.763253273001567,8.746471256670532,8.914542582792933,9.059087800320242,8.963067282450652,8.779653595739433,8.81984853365634,8.73213613562416,9.008914126935396,8.976006471864252,8.954970338649446,8.846052115069995,9.963646952576935,12.735559938044617,11.98547198304027,10.362957519674636,9.195988504285085,10.311568709391397,10.140051513771084,11.907088500403916,13.265238398237216,9.339383725033429,9.085956561532214,9.204308855636384,9.89916053543442,14.309649997156328,12.67679584051598,8.972557362642647,8.947974621217497,9.297870055587056,9.687833487748833,9.1169549057023,9.08565473364007,8.984094608253997,9.166855630130613,8.972354301907785,9.17534631385888,9.048007581394929,8.9153088654719,8.968421349187338,9.113558803073602,18.729139150963817,9.31072606459088,9.024110034820184,9.038074283674405,9.04776033611938,9.242604837785166,11.97329261061452,11.488051958069605,11.654669313278362,11.514478282091432,11.447937057587636,11.569195231738776,11.625814192012683,11.36237804567986,11.683637505646288,11.454423237226363,11.251111693649705,12.208990364902093,12.394228329490772,11.562767399047118,11.920876175352362,11.519119804206127,11.552984626393368,11.63683241115814,11.412944961724236,15.42489534915245,11.225623825631828,11.464991315536396,10.901359692048516,13.066949750201331,11.138748734460137,12.324521581924444,12.851367860186429,12.353906698293317,31.16209734068059,25.70974393314509,11.586426629452376,11.431534425082532,11.606997389341473,11.946905108664282,10.97208282561968,11.91371415830173,12.99139390799712,10.441037592739292,9.91748371784314,10.04513332015705,10.406666632532165,10.390332460558568,10.15268946845464,10.611603624969405,10.215060492821522,10.229384711215005,10.103329804502437,9.921694798063868,9.66655206548495,10.135136268975316,9.941423172222528,9.832612503381768,10.43202015336118,10.360414992655649,9.97256596671997,11.960237635365218,14.105236223121665,13.177969237656214,11.739405515714909,16.059755541532297,12.647766643764273,12.4609695351769,15.113950995946936,13.6237358715116,12.135905951195582,13.60404249355173,12.100042989749513,11.74422025260816,13.79209297670866,12.556617884174614,11.888450679884444,13.178508583638518,12.257736714225302
316188_18_consensus.txt,4.439646028913785,5.073153419798189,5.03162945781537,4.471058851171051,5.055750804517743,5.260378795947304,4.279743833847817,5.758393592013704,0.0,5.413581880325523,5.362724157189291,5.652399435130292,4.332728132290242,4.9492558283371295,4.89969031552323,4.565866215375024,4.968968725395541,5.225745635762394,9.690122054604956,9.14016031042587,9.487693337556038,9.25460181432868,9.21040688673935,9.520404788561224,9.691479077238,9.527692823433997,9.832105882187191,9.352533076640212,8.973256874954075,9.337604966741026,9.119534686404164,9.2329696152795,9.168237284166082,9.219243609228611,9.235703137154587,9.1253950165962,11.785225412182854,12.049749400886526,12.187662185682257,12.873368758422316,12.171003139236744,12.370252112467142,11.88042033334915,12.11291270209881,12.202887635293392,13.004308444765854,12.37292668204151,12.418567716727637,11.77890421177966,12.150016581159434,12.633868480133629,12.503839019633231,12.034624334157456,12.175132013876578,8.847382765490352,8.768842159454266,8.920363422804428,9.116560816812123,9.030838179800185,8.898725871241595,8.888613955904475,8.850374516656018,8.852150458944436,9.27441792021216,9.093818592479352,8.880248108538467,8.910151455243351,8.826958295618851,8.94458400441323,9.21122980336878,9.049062815267687,8.961164647056023,10.055506294576505,12.736193751337282,12.086597388624623,10.57983313357073,9.535142520569709,10.37476757569516,10.290736656644754,11.973329818362233,13.121732777331433,9.55222601530062,9.186675563364131,9.33373677178554,10.013458043674175,14.364695099830442,12.839643257283342,9.049170160914798,9.092697468521235,9.509392692727944,9.8133130596068,9.30594879066058,9.345683272896736,9.305829320899306,9.47531935795564,9.209447455142254,9.38544461341712,9.31167314460606,9.203355085296778,9.21781014803372,9.272862577283831,18.43298742198283,9.454788919423663,9.27548258296548,9.24773997140784,9.339463342745262,9.450391850415713,12.256368097935308,11.841448683596752,12.096861357607509,11.887886386042112,11.690021824348548,11.953893450305657,11.92218954633904,11.672524055957863,11.941744373412348,11.770447827385738,11.61239059130179,12.65234130553813,12.793261191392617,11.943604709055537,12.304029040955356,11.925521452286944,11.842045239488016,11.952221844484711,11.77377530743098,15.40025822802022,11.336947839739196,11.447362597567576,11.020657532014354,13.1043564816772,11.133323849157932,12.269943123677592,12.784997183872122,12.49407075741425,31.603482012315794,25.376511096208105,11.808351873753509,11.619722343805677,11.796090207148154,12.02051357885074,11.145478195386772,12.1143072010658,13.174575260866732,10.51526624830882,10.036706010703028,10.225675350768938,10.686007101783389,10.6639335663927,10.357135115601864,10.666060493683176,10.38528580593362,10.363475460014511,10.38118839681266,10.165302500125506,9.912056313794494,10.299789674443048,10.073970542353097,9.96192681491334,10.703849089280766,10.554658818860617,10.182980970124731,12.340442919575535,14.304271038701016,13.392934354334216,12.334653555015224,16.336482299251315,13.116135612547168,12.727073372559287,15.21719042639802,13.852032143291352,12.623309363241615,13.881909338555827,12.404777429818182,11.970529252072597,13.913508695755866,12.704711239403023,12.330991981633645,13.22585820209872,12.680632048537973
316188_1_consensus.txt,3.29236187124377,4.040352963768953,4.543054429908864,3.3511557760243136,4.4198764971117726,4.567688130147758,3.257297456728452,4.813886151644056,5.413581880325523,0.0,4.862159364575405,5.085124624843161,3.5398545462159063,4.052937525512107,4.495493323610219,3.321782626547076,4.075580207294024,4.433591613159592,9.533700530937663,9.005163831957873,9.435741105958698,8.904992944222272,9.064531103017316,9.37340602918988,9.533525226014431,9.429701247360583,9.75525085214514,8.869774945375923,8.713220794361291,9.10197746126687,8.936793551613164,8.98467975254249,8.930519486145045,8.842661153182462,9.052453688647631,8.935145227157022,11.302121755326423,11.569942551505562,11.698171473409955,12.071689825179874,11.571505189391758,11.696072924000704,11.469948912784671,11.68469231181217,11.677582464982208,12.154327564963353,11.663604842357358,11.72103392149154,11.246183928093105,11.564227557731783,11.93133340328808,11.75814002749837,11.436586957470126,11.552471302805486,8.346657197194872,8.263592379428985,8.543353509372594,8.46199667260555,8.463046738230503,8.439788502887495,8.365820070006919,8.354888644378889,8.554297795650541,8.61970131704976,8.577553088202308,8.386194094176574,8.459098048644535,8.333986314487959,8.637538779715328,8.542058680110415,8.518550940661441,8.460038469275503,9.823783764295968,12.638746397781802,11.917016625141173,10.133733887311848,9.102250797150704,10.17643240485762,10.092212512186164,11.791486059987449,13.103391074678996,9.0962929627741,8.880187733513765,9.018373844188377,9.749968324555766,14.207705506118144,12.59920368707435,8.690674871397846,8.705541754484102,9.16525701311599,9.465030597411385,8.708413777862575,8.76360300270801,8.569454615506856,8.748568643292003,8.55142995487472,8.827156515762283,8.662545815330134,8.545813759719408,8.579544981467222,8.713472559034187,18.335506533909665,9.022805134670932,8.651752430750491,8.635605496201265,8.643824716479742,8.854634082349094,11.753899534306411,11.300062546090372,11.46214356030748,11.383555644639555,11.207974921948503,11.39272334614492,11.437797934241132,11.208294118441472,11.463301916992862,11.286558896014869,11.00676027226757,11.963375420918284,12.149242568015495,11.356757706549104,11.663712795927154,11.3024978514203,11.343277288609729,11.446601151368668,11.22934389230852,15.001775260686545,10.64608936535086,10.89481544588449,10.387475691921908,12.565935798595376,10.632496888844967,11.788705654548949,12.316235198928212,11.827976116511875,30.97129919571961,25.334200442953545,11.127839779807232,10.86639020306376,11.052765576374668,11.405681530209677,10.41732217439244,11.468117653144816,12.450663796635864,10.03461774006621,9.53654616431578,9.66418403143564,9.976135019736148,10.00714469408848,9.804645077599504,10.26465027728375,9.832297317346216,9.83599735080884,9.655271077185034,9.505672852863086,9.33615626449688,9.846467511126946,9.529320119066938,9.422583392150273,9.99910735263802,9.951523007834396,9.620089112408325,11.542483449607346,13.783189235362611,12.667403161985476,11.336419534841523,15.798642208821548,12.28012749496662,12.05230470485276,14.680164772763304,13.088963951804487,11.741231237682598,13.215673855391458,11.71381430090196,11.332179360778582,13.34914926197314,12.208097444648615,11.473366284480164,12.6337302643434,11.84717333533581
316188_2_consensus.txt,3.821870026887723,4.247912327814163,4.62577093996515,3.841118149103636,4.106023482154569,4.73849909114341,3.784539403567351,5.066562854695178,5.362724157189291,4.862159364575405,0.0,5.112885057890367,3.7482225625514047,4.396798569109535,4.558530780847377,3.9921169314887934,4.231089504754891,4.696813067110611,8.629605734493225,8.129066639306473,8.491519919874577,8.200795616197638,8.20003159420719,8.483478794280643,8.58790882297643,8.380722643418324,8.804943382217914,8.395906232734376,7.942778193410959,8.294957992822845,8.097186574129296,8.184414092528414,8.120600160656181,8.179389176063808,8.225485644682067,8.158674417320185,10.77369668649601,11.003425711456316,11.177574682401769,11.870156143324778,11.188121830100783,11.381018043243555,10.918705185553904,11.11912345028253,11.185309474023711,11.999669926979776,11.400414319112429,11.47623424948904,10.775584417193272,11.164957237914678,11.642865407806651,11.496652844496907,11.071822120028628,11.226305859256456,8.092084741489145,7.992909748989234,7.990494261134359,8.372233741802233,8.185445982305566,8.069737998458606,8.131389149143217,8.074792347926234,7.973526015835262,8.490184250823916,8.253328335355661,8.026221793641469,8.144025345872592,8.022537673655677,8.050370906084197,8.458375356602517,8.227204127865491,8.10611570848846,9.199073449341428,11.85943854536589,11.19022093627632,9.69577584147271,8.575991146745764,9.257858185653332,9.314293587817474,10.94879936732167,12.24107763217603,8.70021585469982,8.213515361658324,8.425203737650236,9.003153939943047,13.203141473796904,11.651464586334498,8.187019374450529,8.21132272967725,8.638269241444732,9.144287786096244,8.685523206394805,8.684483969788175,8.78772867685251,8.940475513787248,8.692966457371767,8.795173945089857,8.700125672085278,8.597161622242368,8.741293315773305,8.79988780633937,18.137405896244616,8.973210537610555,8.827459541211965,8.743658799297236,8.769003989356122,8.89937867171949,11.569536840055832,11.091722988548668,11.366045341123083,11.27910894402862,10.979926340048737,11.2147360471987,11.159740885893996,10.93237505786874,11.176796526440684,11.081095561643394,10.928883221016465,11.978921163836276,12.077212424002257,11.285801327280636,11.602408662092898,11.213379376608088,11.16049591946421,11.221130118794632,10.986083776697797,15.047011212618258,11.039138599210505,10.9895749610709,10.699086909698735,12.578032331208306,10.711232916379686,11.781406451680027,12.376835397587286,11.982384955709392,31.44614146465142,25.353120617543937,11.38611195647826,11.288552658313392,11.484700159298711,11.59759808566116,10.86916142253068,11.766856866618468,12.837864815871797,9.985070006404897,9.466048113722875,9.648135481908298,10.195036423671922,10.13060661984872,9.78731026026776,10.127847679582146,9.808177095651445,9.825967038874012,9.856765432086776,9.659249307917378,9.357310136003548,9.723030762664166,9.62446857016056,9.435050814191529,10.218520350652852,10.051020771490414,9.599498740575257,11.735426769527692,13.767374122756564,12.808757329813544,11.749556478783688,15.732753129264267,12.42304572828874,12.110427469265062,14.710499977241057,13.273336850460112,11.968673083936608,13.223002702290898,11.708910118885228,11.377568832169516,13.290952355227262,12.1879119027941,11.65682221812375,12.71417650023443,12.024157404452694
316188_3_consensus.txt,3.8766901133341207,4.5583340033686,5.013707710631934,4.006861068967112,4.8042133374733,4.655082531004496,3.8556505637068312,5.447066275858731,5.652399435130292,5.085124624843161,5.112885057890367,0.0,4.01367212960929,4.704250456732268,4.956112724497132,4.064418111666043,4.655059083782817,4.694509700697154,9.52156782813546,8.96947554784333,9.387085963113748,8.964018736908429,9.072923131385096,9.414256697720075,9.542184553299478,9.444009890424809,9.792821348851533,8.949600029658882,8.714515431894256,9.122522012956324,8.93160043461387,9.043481876559326,8.984035687093751,8.930738219601267,9.064441657833925,8.929820972359323,11.731774918430403,11.955789513906382,12.100049444352976,12.620531965068269,12.049117251820633,12.201955128291443,11.864932663113336,12.041665667572886,12.113970684186713,12.712475957930335,12.176676218330272,12.195077880702913,11.672877077622331,11.990473118974478,12.4392576895724,12.25749952672129,11.902025817301706,12.009967457641665,8.555479376103904,8.460296571236881,8.705028641623358,8.721172473231206,8.701005547044758,8.67030519658988,8.583536873998753,8.558152161820601,8.69611163300317,8.885581756813224,8.774995210633904,8.613588824390206,8.66231311403709,8.546960874272543,8.807184322218745,8.819617036455611,8.73883502751977,8.676614151139802,9.811204317185345,12.524211515569846,11.912414269901944,10.16411391894286,9.170634723009186,10.25362950482321,10.017911790658104,11.656525867582104,13.016322265458882,9.142910344376844,8.86535078401198,9.009189702274227,9.755971046086074,14.362418841405884,12.670917586981886,8.711351439754424,8.689111177479958,9.134811300432377,9.606580183103404,8.911032111995496,8.913269140240118,8.76387321365985,8.965039019187145,8.7267716523491,9.029518087910104,8.83370363337184,8.774232004299733,8.761690212403607,8.83647678990394,18.32124346988008,9.125310986916304,8.776865666629362,8.80155492652898,8.832206413309734,9.043271301756931,12.014759563628957,11.469412930990131,11.729338461037742,11.591950845811311,11.427449109072484,11.657378307289946,11.603272563590338,11.394938392709092,11.66955933728758,11.616581658833354,11.262543447968367,12.249506954215576,12.41714174736262,11.604945306245613,11.882199787660056,11.508233531997462,11.56283604089856,11.663174899979651,11.410865495518236,15.091687562141884,10.822575822074612,11.073755408210388,10.577848585009916,12.687067009648274,10.755454549236733,11.917645296509477,12.428254698065643,12.081466291578067,30.984012084489507,25.45915624523957,11.273799215940585,11.11090145818605,11.249365682573227,11.62500732927731,10.568441301287294,11.549242653006786,12.657049900692355,10.14917270418698,9.634466928954112,9.844280795253098,10.128833568583786,10.147128012842074,9.966783330219982,10.375872509841145,9.978439579155292,10.00127528616906,9.826441915653676,9.69681734946886,9.484159403526348,9.922427695270812,9.685148819288996,9.605283113809207,10.172122415160004,10.077091553551496,9.778362959955643,11.71097498715227,13.74894209878306,12.68389144780008,11.46835043400324,15.810536655331475,12.357153972357253,12.20609382932338,14.744970375038292,13.267363524884844,11.834454795504882,13.289844885752416,11.73462384525186,11.44294686275316,13.400217311085951,12.211453626011805,11.581076256220513,12.652975093546218,12.0094275547479
316188_4_consensus.txt,2.0998073398505994,3.0505941778197894,3.6153752413662232,2.444732279116522,3.428767482897456,3.5900699611931373,1.969171709743364,3.857808745453042,4.332728132290242,3.5398545462159063,3.7482225625514047,4.01367212960929,0.0,3.0216542024173805,3.436743343923979,2.532056704328056,3.1422640294703115,3.5346753448365007,8.488488423875935,7.873144189584877,8.333866744342117,7.783281730079693,7.952515379954207,8.310256273679101,8.40581290678415,8.313945664135474,8.719862505328194,7.734928490405707,7.595262628579121,8.028785795232181,7.845527472516039,7.887837313303748,7.86140264726464,7.697195821178695,7.954448211265685,7.801688719963408,10.323366792582874,10.587664752903947,10.688074094571334,11.156734356323682,10.58500833017689,10.75078637364294,10.506388628649631,10.694790821566585,10.666391737203412,11.2611151982872,10.73994134503721,10.788953978501809,10.272455196236876,10.617631685104245,10.98894894148816,10.80325560900269,10.459443591611771,10.60328832948062,7.325764769797615,7.225565494085799,7.494698138885553,7.38945043836577,7.388403851802764,7.352255602443336,7.367441871253845,7.294442766485815,7.433583680461311,7.555661172187399,7.470082370476689,7.302607348645324,7.448026405540816,7.281473468973047,7.5902010618014515,7.498451952145558,7.448650143618238,7.398303827406551,8.7975945391388,11.693037470152431,10.946501338380358,9.193972325871243,8.09599597806448,9.17879948544754,9.149513013804608,10.850914383384122,12.124458328590832,8.171277970949859,7.780635651885746,8.04854352868125,8.74083999031086,13.3731262348482,11.78352403461878,7.694106200161798,7.685118557311284,8.15992645429526,8.42058078929432,7.735528219581226,7.85651523098295,7.572067874466484,7.744566487571205,7.541137089666904,7.850812977471662,7.609766728873751,7.564777560162042,7.601528852645856,7.758237144104214,17.609786743471204,8.063329694977142,7.6698352904737135,7.727242056430782,7.6563868003783,7.848244473658326,10.838085013880288,10.359220343939114,10.458392502951938,10.37141812026448,10.271932939523708,10.393703576833277,10.395694152598937,10.227499116006072,10.424608199739396,10.305183878984735,10.062930007644638,11.018014839619129,11.186043294023762,10.41637027119367,10.678608245176065,10.318812162270149,10.376429389000576,10.442185764377712,10.177941926549464,14.018353621644962,9.653859043781496,9.95264347307409,9.447086681506336,11.55205212183705,9.681263229195906,10.791958381361384,11.299655372274287,11.002271502475764,30.52926743476752,24.658433958771862,10.156996119437622,9.997747222922158,10.148980695003049,10.515433596012484,9.50487619736998,10.481027883447268,11.4839104089275,8.74516697396325,8.19992818668743,8.380944894830805,8.592668577966208,8.62453249164588,8.427963638690017,8.91566093012591,8.494634073267775,8.56322582401998,8.328204714981325,8.193974463517975,8.071398723501545,8.545024783923964,8.302344833835605,8.229217372181495,8.625295260717223,8.564307393100307,8.281949622423042,10.778211615713474,13.080603963135104,11.81687538063568,10.511904110204796,15.12762253755659,11.471088786794835,11.36888766027505,13.969956784799422,12.50038788877265,10.864372721651762,12.476514409761194,10.86829372161634,10.57083416005736,12.668995709378748,11.355627756326784,10.563636353489414,11.855947622956194,11.027583691527129
316188_5_consensus.txt,2.9045903331534646,3.419778052749905,4.059435574642521,3.106748191040253,3.9076618127882057,4.217265392432864,2.9441920616884545,4.155877891686373,4.9492558283371295,4.052937525512107,4.396798569109535,4.704250456732268,3.0216542024173805,0.0,3.989674753690906,3.225805839132761,3.738102367237559,4.086647415444588,9.14505717356252,8.535985609788327,8.981197337513095,8.539698785403687,8.612345916250433,8.991883902165,9.123612933209586,9.029018331042437,9.373247563984537,8.493751808424179,8.318449369399445,8.742950017696444,8.508112512157027,8.622736282662288,8.546703069716727,8.493583588658225,8.623915406735648,8.419699486856473,11.165976670822149,11.41267388413604,11.529368779315064,12.040268089293704,11.47412097022891,11.599687961769632,11.326154209400444,11.513195924028023,11.520282647043985,12.153619950373582,11.582439428914997,11.627504842018084,11.122602743839876,11.44531900137332,11.83432177425152,11.69656015303906,11.341447252274406,11.449502079619208,8.109412691115267,8.051568249709646,8.302540638587743,8.225434185593485,8.237995756873602,8.18963329535029,8.152503955950749,8.11899483246225,8.276272703019458,8.399607644700723,8.33452833477537,8.145522431868756,8.22999083765319,8.106648140688833,8.39708297306737,8.332210026957057,8.286995124146415,8.23212081470814,9.421470440591406,12.226733400053831,11.47530668784526,9.869850087411407,8.749891969426074,9.8534695885279,9.719717193439465,11.475870679129514,12.795091660448463,8.728008633021147,8.450868811874557,8.645118276087203,9.35728693848398,14.016279364472894,12.46894606756041,8.33314685705875,8.322651765231,8.677264975812477,8.973232585632218,8.209592281861546,8.32984171084081,8.085596219157367,8.247548849850261,8.041304560027072,8.388285070017275,8.155578938314818,8.106363861251339,8.075888853666129,8.204816569157288,17.982397290714175,8.482841196046536,8.126325618203964,8.152501634664077,8.156126904283383,8.331846339108438,11.364670434065602,10.958305038031485,11.047949897552485,10.977041829416804,10.910059815999432,11.045735126988916,11.070968062541908,10.844719682306618,11.095029944171928,10.961985803192247,10.648780151252026,11.624382138577516,11.847387159341167,11.03486344428137,11.28904423680791,10.953169399932564,10.980065614076691,11.111371062863384,10.80371070152637,14.52864606629754,10.084741518232192,10.489744545831911,9.927203172223985,12.075617323410654,10.21991375529575,11.305630587179849,11.83346779757818,11.492010224807244,31.00597806954147,25.15705128413145,10.649524315940424,10.37994696141584,10.552892978714908,10.987562887091883,9.914658722639617,10.858006521373396,11.940108878245042,9.561976256787034,9.00469413683146,9.228889617938648,9.447065106708692,9.44832118015438,9.299316838267371,9.745238350923614,9.348971042964706,9.35239413257193,9.18416268037106,9.01157210262744,8.863669611612124,9.34630755969539,9.057892281547597,8.968825190112966,9.472176067723524,9.385774097078524,9.111464112387807,11.232890239927883,13.504182599798412,12.312444680574856,11.031163450667748,15.56060806173184,11.953109655062065,11.824133270890345,14.477863383632211,12.956459588749055,11.445090590109205,12.9466896328683,11.369396093594332,11.049433717174791,13.145765394839714,11.828163890158237,11.150387743184467,12.403335115324523,11.544585679391162
316188_6_consensus.txt,3.497570379206877,4.047356793799054,4.0306783726551885,3.561858931213635,4.118496426969045,4.314707765225819,3.4991646649494896,4.84704375151631,4.89969031552323,4.495493323610219,4.558530780847377,4.956112724497132,3.436743343923979,3.989674753690906,0.0,3.653854232351023,3.930944261180288,4.410371939253878,8.64170495655344,8.125766435922287,8.464403061615599,8.370223192196363,8.206089574657767,8.550993284826347,8.604346150582444,8.449311489290608,8.761819451617953,8.582051793708388,8.009140760345645,8.376045422502955,8.127581270190603,8.230098687896316,8.153340370528952,8.328437818081284,8.21123879422754,8.104140863664952,11.001380284876234,11.239886336307222,11.398861350461402,12.136573344606518,11.409312285986973,11.593226126065758,11.083001571208117,11.318020433126208,11.383942555266856,12.282207609628417,11.642689673803716,11.695058278525153,11.02329471903454,11.409350970921023,11.87993912973019,11.78236880573212,11.28028642906935,11.441422770366673,8.07988519589503,8.019213821890787,8.066083822830649,8.461913401382958,8.275880026241396,8.101832310744612,8.124916259689599,8.063048383492685,7.978298031143367,8.584483065269978,8.358240776251932,8.076404191495612,8.136167220061282,8.032286447760384,8.069965381300335,8.523103959129685,8.303277056388765,8.178907152291458,9.10959663978582,11.632459429117944,11.10378868553471,9.720857410565372,8.593819085412179,9.332511659767192,9.221814525972889,10.932570503197551,12.200005882277368,8.655029920950255,8.248701178932208,8.388472088751314,8.963525630231572,13.263359569494751,11.666363385930708,8.204925284858007,8.284317094625521,8.508241686120982,8.708181089859409,8.346501515057014,8.348036749716925,8.44908042903728,8.654076974765587,8.348839903231067,8.443058380186471,8.413036064342634,8.270598990997996,8.356250134125787,8.441037884403272,17.85509077843909,8.479469113153755,8.408806310032674,8.329568878066652,8.490002567357351,8.57181150468881,11.117463146275838,11.052427767226163,11.27011170642595,11.132144747058987,10.845063972843718,11.177754538020793,11.1823935297042,10.856621763923954,11.134170645261634,11.008004981869815,10.835585930816762,11.940148838245364,12.097052904740735,11.22708137100085,11.614852147689817,11.160007426800972,11.071099370459931,11.199202247245807,11.000962129751258,14.767633261152923,10.657707101332903,10.707127465419036,10.422498197067512,12.377404342945738,10.469166196557468,11.597951523876304,12.152017159569256,11.825617185898524,31.323527042957835,25.074441783113,11.111400050522208,10.9716590679634,11.113631558677524,11.27657772995667,10.50886290902804,11.41602789659089,12.476404584860916,9.842216586772793,9.39792055874625,9.55138660570634,10.173371998357707,10.103082098774903,9.711843693452124,9.940333160539694,9.732723595689606,9.74646570132461,9.867704988014395,9.62086781386546,9.263891956102157,9.586220025510784,9.482719892970977,9.270387768245769,10.196678135952652,10.003203755502,9.555541858873651,11.700977823910192,13.71897702213414,12.834296915431423,11.820103283051026,15.745552197559846,12.47176814693637,12.13034638477427,14.733469576079358,13.28909957970609,12.157950222589308,13.193891997589787,11.766019535115106,11.406394007120866,13.161286721531098,12.198247326497892,11.84813142329756,12.762419463432082,12.10108458129315
316188_7_consensus.txt,2.216774667242362,3.0746795130448845,3.69349411280632,2.3179291751630444,3.4312166429309627,3.57241553610271,2.315713075691747,3.869980977183559,4.565866215375024,3.321782626547076,3.9921169314887934,4.064418111666043,2.532056704328056,3.225805839132761,3.653854232351023,0.0,3.1354957744189846,3.645169777708588,7.97116630783762,7.443637193880363,7.865361283217453,7.404129931937632,7.541511003310518,7.926824296920074,7.936570411139201,7.904882138856919,8.277096383973685,7.383529682656672,7.189219246462585,7.607286895071411,7.383540479017085,7.480272129493585,7.380673929136435,7.33343958250191,7.540623123539945,7.35898232201373,10.141670713576788,10.379724135954916,10.50553840901364,10.94044892419629,10.404276570530158,10.559236175129628,10.299393233233332,10.489216063468689,10.506693666799949,11.033674987252596,10.511205159710356,10.572695958177462,10.07978182524073,10.40306473895282,10.784958856149046,10.618682808964763,10.270427479936757,10.380107878021818,7.10711307620943,7.050068470909878,7.326321344890687,7.257350244292695,7.272613280164137,7.229221882484239,7.1412319993486335,7.144713107637415,7.342144638970694,7.400188102904565,7.347330590119157,7.182454224263324,7.223709312413291,7.138222663993588,7.447671345889773,7.334649212030399,7.321088383001779,7.247348238763379,8.358638062927298,11.136941548359346,10.440076231439718,8.645959317707934,7.613679561309084,8.777720774249019,8.562421749948328,10.319313149729624,11.77057017429263,7.5627525089000756,7.351103088970262,7.516849146947891,8.315080255264775,13.083563264686006,11.349544969640306,7.1976182595398654,7.169210073877025,7.583844334519313,8.307800725357083,7.500511497327409,7.542664506623055,7.304136832639756,7.4730213142307775,7.299521225712908,7.657997977647369,7.394311031900827,7.326212153162714,7.304572971552375,7.433763757415704,17.357040403141013,7.730450364019646,7.36877936859554,7.404719323437064,7.397335016874081,7.586314810691874,10.870719292850936,9.830537873976027,10.020765421319766,9.878416277337353,9.82271478972092,9.95506718301715,9.962045065032044,9.738302863056331,10.073388926061398,9.928363864244886,9.61704079217617,10.560302709170514,10.757116820112287,9.947449511567925,10.230049498064773,9.861053679273994,9.971534529978726,10.01350579244854,9.739319160939884,13.99233280168869,9.4908147100424,9.893485215925068,9.248919995852248,11.59687071158703,9.544188774373085,10.780120051795905,11.223213393121624,10.866547490840276,30.08266679245719,24.835589031438133,9.93272519366394,9.691313720877533,9.924377580119083,10.3944205874634,9.21984152939268,10.226187252846556,11.341329401293647,8.746466963867363,8.142175607900185,8.371899166951778,8.575834032524995,8.615897026233654,8.457036203370535,8.904869919281282,8.508050379495273,8.566829359799272,8.257981190240002,8.116449851810557,7.934214392439628,8.39633371192366,8.15360209933067,8.071690187354477,8.599485246702557,8.552505070568941,8.258207562288362,10.094102030505496,12.318383043558867,11.289892142268286,9.794424887180128,14.44205281796576,10.80385234641983,10.647528989362511,13.33009143370782,11.840810286828969,10.227979726743342,11.8950415782071,10.17172301383681,9.904799562754988,12.025094373318892,10.730612339178547,9.975401293513528,11.328902209513444,10.43160904404374
316188_8_consensus.txt,2.955232338717451,3.781689948823214,4.066427509618677,3.150177942688856,3.747818732666474,4.048918193733584,3.049241022341505,4.414848890087455,4.968968725395541,4.075580207294024,4.231089504754891,4.655059083782817,3.1422640294703115,3.738102367237559,3.930944261180288,3.1354957744189846,0.0,4.011791272501682,8.09953934172836,7.546325225961198,7.93086788607809,7.680916990040941,7.662408890215204,8.001902246777718,8.026487057846452,7.979376657940236,8.310502787288272,7.735821297245934,7.388819620340996,7.767156693194806,7.5283742855345395,7.64093307866176,7.559018628405226,7.598155421691217,7.666673175058577,7.536546097259759,10.344791384803386,10.561020041456572,10.73007518294719,11.293159054482317,10.653888212083077,10.799803875283772,10.455798424103932,10.645816313536898,10.703113164209356,11.382134100719044,10.82234453747236,10.87791402050624,10.300404402943514,10.655405863552346,11.065715170349732,10.96058761270598,10.520340595278752,10.656383564479086,7.28342977018201,7.229374147750605,7.428499918481634,7.53109955524377,7.465236471955677,7.345074185009594,7.315336797248619,7.283694822645543,7.38149247997876,7.6717692378474,7.52568092253739,7.324273396522756,7.369811894490681,7.278431840237943,7.484550940611371,7.59060584944848,7.490758211953221,7.412022813114731,8.56641806937796,11.336093378957628,10.642207110353922,9.027263523439046,7.886916784382606,8.921205300253632,8.733900242462369,10.452263435937653,11.741676887127255,7.88975862386485,7.613673342962443,7.772341282881598,8.372611234419367,13.054856525608445,11.375741929503192,7.564542357910852,7.542298123869614,7.874821607803312,8.174348703566352,7.642809840333825,7.700632350595924,7.594418641734649,7.744278120543583,7.5371977896975295,7.739820677226476,7.663789068433971,7.496916765792093,7.551113166530627,7.66436645821193,17.369476389779038,7.864476250407279,7.590196281174997,7.604798694273086,7.656944729565907,7.780371727530223,10.623326523837932,10.18299463040205,10.354441699656434,10.212765306941492,10.090619443563469,10.303327818677303,10.31837189181374,10.01995709197638,10.340253131173654,10.18259730174458,9.929093717134547,10.921758653184838,11.111640138712175,10.26782836894256,10.58035040476068,10.236388447391503,10.24345119590106,10.326088988617355,10.148830065207392,14.067230817820814,9.679327705192406,9.94451991674913,9.450144808358004,11.63605289029249,9.639461488930236,10.822274338891988,11.348099468908629,10.94707806416909,30.45734112279422,24.77012149603513,10.130748793349028,9.94646440566487,10.09054764425747,10.527037624074753,9.517549947967211,10.41691793677012,11.509949879999796,9.122326896580262,8.607276736445272,8.764427851217079,9.197560485907502,9.178867508849066,8.920756595885962,9.229572178927754,8.923490434848361,8.950661062543702,8.880695911192106,8.660876568787444,8.408301255291065,8.787883031318415,8.614319471153976,8.455990097353606,9.221623741345866,9.110505205747074,8.72737406211047,10.663671470191955,12.734179553012154,11.811885992806763,10.54107519886071,14.854513381598965,11.45352670398222,11.154734693176124,13.824492678586296,12.313284520581192,10.983314281075875,12.352828399858709,10.847158045613014,10.406784067203034,12.293048803314718,11.264461679656051,10.70656243448201,11.859458228496692,11.025069705657586
316188_9_consensus.txt,3.41598679062497,4.158793765768223,4.5040546845722815,3.5358027067578064,4.287306332771379,4.126306607972879,3.288678701286756,4.859622194222254,5.225745635762394,4.433591613159592,4.696813067110611,4.694509700697154,3.5346753448365007,4.086647415444588,4.410371939253878,3.645169777708588,4.011791272501682,0.0,9.481073255980732,8.952793929930806,9.27827008633858,9.051128882190824,9.051605335533452,9.364238860121986,9.461744165623884,9.405486220531143,9.71448978826271,9.098150294921084,8.765656889084369,9.151607515354158,8.895603548651195,9.03967597352556,8.950044148180154,8.999849476621307,9.06221340243644,8.880116886867654,11.710799999158269,11.930579850363472,12.084480641741152,12.677368316459308,12.043972905037151,12.191946658659958,11.831260733185673,12.023013768611236,12.071161903376831,12.77702959921811,12.186259968821275,12.218530733815784,11.65737842771506,11.98543756629624,12.4415618006376,12.313910210204485,11.903274127555846,12.016158285412589,8.548776410782466,8.489010855071399,8.691689060343947,8.752223872877266,8.723735586282203,8.645948735572802,8.559101715870156,8.558172754247039,8.657255211467202,8.927691294677118,8.798177438964899,8.612259918793427,8.620591409605993,8.534962599640608,8.76480108701071,8.85404887302991,8.77334526169102,8.690064430840721,9.740686686109145,12.514184958593546,11.83519197147723,10.254558316920791,9.22934073705477,10.17424223933682,10.055909835976706,11.684941824346597,13.041799032934364,9.188815267169446,8.881261827075434,9.050847788899148,9.683083615933072,14.32155521685047,12.677828664187814,8.776360750002596,8.775237094763384,9.094393779864047,9.367194151865649,8.751031177802929,8.788751459588752,8.67654675839151,8.847063069926605,8.641903693355232,8.860338324995439,8.729611826567918,8.657067378035322,8.650720903288743,8.716129809160293,18.205471309799293,8.944625763867691,8.696434923079266,8.64058539371888,8.765326034616294,8.910329328921648,11.730128847596234,11.469016799591202,11.69292473656742,11.54405506158406,11.381316415846698,11.634453244391466,11.578549181161122,11.408122230088791,11.633445535084263,11.499567237486076,11.251099495798428,12.271976481758657,12.445271455630518,11.59044843353638,11.899729358734191,11.520955025631793,11.536267258957878,11.645241797399876,11.412680322485356,14.959251412511035,10.648013799552302,10.912202928422404,10.397273202289457,12.50918953227881,10.638891521109429,11.79070828380202,12.25881652903621,11.90728835093904,31.2256128648346,25.37855341959744,11.146254516977931,10.936616401545336,11.074897274065847,11.438966626784008,10.410356226182955,11.349871435424577,12.440399289724551,9.998665804854568,9.552050862517092,9.729565530888522,10.133388367616476,10.094596290844263,9.847283027674507,10.227257765571323,9.864581899301584,9.88299810889248,9.83147701002764,9.63414767426292,9.395927078741977,9.798610034139015,9.5773839967963,9.459378826792433,10.152743234965328,10.027474854800005,9.684062823790612,11.78451868427618,13.893180859576944,12.86885913519734,11.707412828702957,15.91864401611565,12.527223640374132,12.22248429370245,14.824009472708212,13.347248666325754,12.090886384496288,13.327137092232364,11.908955966760344,11.488585199369709,13.533720711737033,12.292359037203823,11.80126618673711,12.883586482043428,12.116190600817616
326650_10_consensus.txt,7.883625717633038,8.297717728558041,8.417670534074773,7.862483472120232,8.37941813834027,9.130487872131596,8.184502250202058,9.580726508224586,9.690122054604956,9.533700530937663,8.629605734493225,9.52156782813546,8.488488423875935,9.14505717356252,8.64170495655344,7.97116630783762,8.09953934172836,9.481073255980732,0.0,1.5362111149601674,2.077979289109294,1.5733097650666537,1.5996608589302923,2.0788485364032,1.9093475644969544,1.525175541108467,2.2571026020407885,1.939052629029732,1.51714738526033,1.694157631647613,1.5681712331448807,1.449634374554137,1.5631844195677331,1.5942972550342915,1.7031397576630525,1.8733890292376143,6.288843225706501,6.4622534440902655,6.664251297025544,7.474542233283898,6.636187461870236,6.973879966313405,6.3305450116857855,6.529096269458364,6.695627900591603,7.591022507938419,6.9032947096504245,7.12986208936934,6.224280352797734,6.756638148517709,7.285854804208043,7.1521729173512085,6.467146052303178,6.76532741567047,3.585183258126221,3.5856121583382787,3.402696943307774,4.072939251325693,3.757020243533816,3.570674704450425,3.6035577409085695,3.63040642606677,3.432439430570298,3.992012631015541,3.720804536863568,3.5131580909961144,3.545977169194373,3.578593456836188,3.4007975099178225,3.979761943449546,3.781773220072752,3.54218197260991,4.506405920731595,6.8087553883704,6.7989974124607215,5.077755750466849,3.864603925444328,4.5040441350659535,4.263780124062691,5.829775768706952,7.682122863229665,3.815485777980541,3.435155586959354,3.6226011288120494,4.181566669028314,8.692312652031774,6.777597860787807,3.454575739312304,3.460780659144916,3.824234409542784,5.614027170876682,5.141493188005541,4.967237762362288,5.158835403125181,5.383556881631478,5.172830609795824,5.256900610221635,5.08642841313241,4.988455488546947,5.238773943157639,5.349424021716061,15.493814953228023,5.654888710121156,5.420591351049609,5.44567240524907,5.127615958487979,5.273048542450397,8.712882777060372,6.148769643478602,6.492304858641091,6.4285718351843,6.171858829915891,6.321895165887668,6.358604794457904,5.823410608122231,6.216340705960931,6.196100294996143,6.25606175515918,7.155115634604385,7.309617160637572,6.335054169480031,6.796368405756766,6.463752756730798,6.488699148031003,6.32104506027332,6.185654685736893,11.664610010454853,7.845697021588364,7.588254044207929,7.128284392980447,9.381307516896811,7.248944835288455,8.254661121721938,8.927605288127097,8.56969157439437,28.51248317670786,22.907526699327548,7.880849102231025,7.576904791176787,8.12042547383038,8.258303869214956,7.500052950263466,8.419956136329915,9.567509213639084,7.886863262621716,7.044242808990987,7.223932453045336,8.005715633246837,8.042529790921265,7.659103548838061,7.658305193097021,7.587183653667466,7.536088392976353,7.396395260907468,7.245750212435951,6.787891980648226,6.989043311513683,7.175679019516167,6.802747399495672,7.945270437819829,7.829686619921802,7.240680309064089,6.507351613401681,8.19211911472604,7.937271117525938,6.215319147166156,10.698180065555109,6.948483590903891,6.365750947988261,9.384249219637924,8.331748211565184,6.349388168046289,8.164101774063568,6.205039212575969,6.195412898847621,7.744921362160085,6.920115097760913,6.083790753108872,7.916413885861175,6.827430889235984
326650_11_consensus.txt,7.290027395858942,7.787920458652138,7.897814653723742,7.26555714959477,7.889713558601386,8.601587022186322,7.637149091060962,9.093893769999738,9.14016031042587,9.005163831957873,8.129066639306473,8.96947554784333,7.873144189584877,8.535985609788327,8.125766435922287,7.443637193880363,7.546325225961198,8.952793929930806,1.5362111149601674,0.0,1.6210230610570877,0.979345684211637,1.1257254927346023,1.580816262851613,1.535467277609996,1.0652489684262036,1.870250135558365,1.2814056599273158,0.9982657731580388,1.2126530885218472,1.155900439819277,0.904099128957114,1.116132716314894,1.0142784936127214,1.2112853490669977,1.3964765535903894,5.917047006651387,6.103475214227785,6.286137228107975,7.038123463019247,6.229599294860577,6.565804116254185,5.962398749545059,6.1692668801501895,6.305402558929529,7.155005367301556,6.497954048246413,6.700461399365111,5.811424697423831,6.355961809477208,6.887217305663114,6.7084884281126165,6.075180392138634,6.357956016733681,2.9813236676938004,2.9653059244997166,2.813709159222072,3.388805757940532,3.1139901411173696,2.9436465112889323,3.001512375840264,3.0182882051033744,2.8332910470007846,3.3097437905477705,3.065526765541108,2.889802406256649,2.955499969064647,2.9798910633429045,2.8264772919837924,3.297361183845169,3.106932163973056,2.921173318439912,4.086013215588309,6.479398681269345,6.43835366470131,4.613428123555536,3.3744451858432285,4.146620485018502,3.906600127042793,5.525706259844412,7.3108481699895265,3.388473886965244,2.9371960999981184,3.166821063114753,3.79597021712948,8.433990024256218,6.515351948715818,2.966880589257073,2.9555348687774767,3.391189616105521,5.1531625785623305,4.57589962937368,4.458830766812696,4.529067405819831,4.754640578236263,4.551676117038596,4.727891731660009,4.460865474353454,4.43147955684293,4.6541979476522215,4.792336198648229,15.053224593120888,5.171229658994207,4.827011446785832,4.935837560112532,4.503794670584,4.696586779687209,8.257081844113827,5.600321393216575,5.869096699078739,5.837420751220748,5.628070789413755,5.74059960059185,5.748507065425542,5.273270901853266,5.637648289147762,5.623921447755151,5.694755102027102,6.555566311319922,6.684119000281044,5.7688119736709496,6.144626201132212,5.857786493117828,5.925121819809192,5.740823081250596,5.5982118244915,11.012357664516005,7.118634796648223,6.909838125814417,6.417902518957931,8.697924433799017,6.560923337434701,7.543316703178675,8.213067331424213,7.935319866394309,27.94363679246481,22.301081239306995,7.17954675167573,6.874865665392122,7.418108096868082,7.590127854879199,6.771259695090123,7.741741784111184,8.843385844533032,7.318193045467467,6.445812950673371,6.621998755120615,7.280965700959655,7.353262066001434,7.037033644465396,7.085233487028461,6.972639665574093,6.963191188758856,6.686893422750018,6.561776456235293,6.179640655295998,6.461401782082817,6.568870952798591,6.245433448619906,7.236013449738323,7.125880814371271,6.603399393294353,5.961510821613956,7.737896910236714,7.300893874799215,5.581716394989826,10.188170026726423,6.44062499917078,5.886897983257256,8.927546900406696,7.880287677512513,5.704883083679931,7.680969865569523,5.651282132152517,5.7017943463064285,7.313825601458348,6.390151430144726,5.402866214109224,7.37649014339479,6.226116661660285
326650_12_consensus.txt,7.725978752515061,8.184181155078647,8.25152505803021,7.722307969749124,8.231662411275067,8.982440142342739,8.081576433303326,9.457049532277154,9.487693337556038,9.435741105958698,8.491519919874577,9.387085963113748,8.333866744342117,8.981197337513095,8.464403061615599,7.865361283217453,7.93086788607809,9.27827008633858,2.077979289109294,1.6210230610570877,0.0,1.7306946200382072,1.7338088649133283,2.127267986978268,2.0586117398119086,1.6806399633033493,2.2258987908311383,2.0853024134348743,1.664548143336674,1.8558660449483568,1.6954853350617896,1.5846276985970462,1.5889524263909038,1.754938603331027,1.8279277284368616,1.944823369950768,6.527240527871868,6.709691192170794,6.920323107988793,7.764520129250968,6.917339362023597,7.2350842941471,6.56264614481961,6.769124973772307,6.948867822930652,7.890301168752842,7.184842372577748,7.374293856036616,6.475033576149315,7.002784637970763,7.556058082409265,7.435952229557984,6.741473990209272,7.008880008649555,3.579214078882956,3.601999265184702,3.3743240982659586,4.114221003003934,3.799302534225262,3.579794885280762,3.598595287515707,3.641297543792234,3.398272887762289,4.044282214778548,3.7548646531740246,3.536197563970348,3.537195148442038,3.58010024143141,3.37750260974866,4.032139595280341,3.7995108577675865,3.574672736089383,4.505216581565946,6.720976412070286,6.732315733253245,5.139973690727686,3.888036957840029,4.536964523374593,4.290647876264359,5.856221137727118,7.6173362733893555,3.864498635877794,3.440890622595134,3.6110990558769913,4.179295523482324,8.67640633220833,6.774783828770751,3.4902424522823594,3.52571549138554,3.848299912074026,5.506489719734418,5.099078627262884,4.917772226112902,5.146447865806465,5.345312629254124,5.116300836897494,5.204284780875184,5.062318848731422,4.96210623936247,5.199855968690542,5.290385655128375,15.38080669267913,5.593058909236845,5.340034532932975,5.370244659058869,5.141548671611247,5.253022401416217,8.504596520625682,6.2182725668500325,6.557807831321043,6.500924720980436,6.243610701820444,6.372024349206242,6.407193999279173,5.923874506418656,6.318296295036191,6.2621583311611175,6.345253667811562,7.263043373419407,7.387918696124643,6.443940387667908,6.877858301230731,6.539343855433003,6.543714876640138,6.372472569165268,6.256563140716935,11.626855045529794,7.743711651474939,7.47551865434815,7.033148607894702,9.279973942006563,7.184419056959655,8.149086834710658,8.80688706318017,8.516984961896696,28.45380310359093,22.65572091566702,7.803074068236981,7.504082465720728,8.016049600070176,8.13077501840121,7.385381104861835,8.276228992397932,9.48981762206688,7.670329149330939,6.903402862601183,7.069934575459115,7.87395185043556,7.885022383007538,7.477270729454858,7.43928284367081,7.376403457050685,7.383798832138041,7.280639749144086,7.096256570478658,6.634630370390198,6.815458998274494,6.980931508072501,6.62843563926856,7.831681118622214,7.653078862715063,7.039189775601642,6.621415976481671,8.35675916563315,8.01300319983278,6.426399996272835,10.705876662280277,7.157986128785751,6.464650440274909,9.47352166584119,8.420991785572085,6.560002081171774,8.214285844066183,6.326319365464428,6.264651471204843,7.835393289699084,7.037082225740846,6.282136709990766,7.9839213474044755,6.9545505402310255
326650_13_consensus.txt,7.199887795958091,7.731842459324184,7.985830771231122,7.1422199197316445,7.942503313666862,8.679179087738532,7.47710589093532,8.99521103048886,9.25460181432868,8.904992944222272,8.200795616197638,8.964018736908429,7.783281730079693,8.539698785403687,8.370223192196363,7.404129931937632,7.680916990040941,9.051128882190824,1.5733097650666537,0.979345684211637,1.7306946200382072,0.0,1.0346570312476615,1.538527672599287,1.570184782444926,0.9638307644141832,1.9746711340698653,0.5196041627053205,0.740916301694142,1.0066719707765517,1.078302271205132,0.6553943825383044,0.9785091889960996,0.451391803956426,1.1146628599058772,1.4037147909810983,5.488475670884839,5.717293718952647,5.865412980367523,6.393056961646153,5.680895530229066,6.015052076464542,5.604299045560481,5.812224352389023,5.859358796508957,6.479746430895716,5.906785626587634,6.1269156007429615,5.332838468498551,5.88100583503342,6.330575829973327,6.085989851672991,5.546408313914185,5.818869698595051,2.5852469244647978,2.548696594696424,2.4891789111449043,2.771059731513162,2.582954043430334,2.511557594336409,2.611545685046508,2.610416705349053,2.5511499797466968,2.691852118097131,2.54014962273385,2.4473771543563885,2.615421235114809,2.560455056467049,2.5489312242003166,2.6897735800535543,2.591332750859749,2.471246648095132,4.110666896151599,6.640745383063631,6.502938402689836,4.449230101267062,3.207245662620039,4.206865878569658,4.07393744573244,5.616926867544578,7.320030296487403,3.348452252868753,2.8198834908617414,3.1850659077219348,3.909661348627651,8.596358736435036,6.584909549994848,2.848248004021684,2.818660429587453,3.459648133443352,5.2600539233736185,4.393076506895568,4.312827488399421,4.124477703097682,4.364446358535986,4.200746344127538,4.558321620159461,4.121255059692601,4.148089787098229,4.362086451798746,4.621822767542142,15.149653991552896,5.219884666533233,4.606979601436251,4.791541499497214,4.10434813673038,4.427478466739558,8.320348689565947,5.346724683999469,5.507093690193813,5.593402362800532,5.459663984549763,5.401732078476471,5.448212067664429,5.050558826661984,5.266998117898879,5.275415923969547,5.406165213861698,6.119306493246427,6.225276666669174,5.41049671729786,5.674585261566335,5.500934198791924,5.702383940699065,5.399667347500952,5.256919041556557,10.82810415780773,6.97801942639768,6.728936059029252,6.116966470855971,8.455640369263051,6.385813482329183,7.319757003153711,8.022666451024975,7.675844080200306,27.417873329912936,22.093498028915462,7.005280232725397,6.676267604938062,7.301308750568467,7.398371299382973,6.5406011796695225,7.6783800207643935,8.709281445446607,6.995306873557297,6.059443931420617,6.193840705635921,6.588691935612076,6.753522787955888,6.566438521892508,6.861118458056865,6.5495496182628585,6.558575750755381,5.970725234891859,5.99011668513225,5.790778562245862,6.239139276335038,6.203096471570461,5.96945808368821,6.550745181649518,6.541050669695835,6.1040142148373775,5.434338684421675,7.358330370261228,6.685298337163374,4.723436487215054,9.86296438823922,5.786347233827371,5.380595112519131,8.398752451934229,7.473374960882666,4.710702019828034,7.311266119639811,5.011203646822992,5.249918541920238,6.995370841222439,5.885365833205526,4.445152953503339,6.870126504891516,5.548974623934953
326650_14_consensus.txt,7.377300114592401,7.827565588541006,7.955178463740195,7.372290240909649,7.92672088086664,8.673810920891867,7.694381550567925,9.120287359782708,9.21040688673935,9.064531103017316,8.20003159420719,9.072923131385096,7.952515379954207,8.612345916250433,8.206089574657767,7.541511003310518,7.662408890215204,9.051605335533452,1.5996608589302923,1.1257254927346023,1.7338088649133283,1.0346570312476615,0.0,1.617212828846732,1.6186483207836773,1.1284491079688903,1.9606624389947456,1.3458122904907557,0.9802680516207828,1.2564102205263907,1.236605667482536,1.0034819417309109,1.188777140732839,1.0629124880715608,1.2404421812850046,1.4863870397367125,6.0085976688551455,6.215400697368523,6.405295681166308,7.1569784325664045,6.336937326358111,6.669916710592247,6.071426224588436,6.281157314862412,6.414501229698772,7.275441216557567,6.602199969442552,6.824130634696985,5.91741546703895,6.468295565049289,6.99527280260736,6.819174370621454,6.1814798039629295,6.463788503781188,3.146028648933111,3.119529605180446,2.9441792640463404,3.543702334308364,3.2463352561940155,3.0757668775748925,3.1708374304299696,3.1668193891052283,2.9654854016029617,3.474875197268432,3.2086598200498884,3.0174929159300063,3.119627444921264,3.120159297651412,2.953341068271812,3.4604346530389307,3.258822399085944,3.0572550917980834,4.236358791802843,6.631437893078498,6.564978872864742,4.783054933390758,3.506707904135681,4.2622678848747455,4.066972091620812,5.652252478524929,7.3930994049434275,3.5471156191937894,3.085312944897624,3.2941070911844577,3.9407748370634863,8.511586451683854,6.624127182831444,3.112477901839668,3.105588377148081,3.5447886204567567,5.357073359725632,4.784064809120537,4.6623599970357645,4.755458566364609,4.997309633918462,4.783603124692718,4.937862257111931,4.699990161088635,4.632447811380871,4.889107680960706,5.055772747210028,15.362757770562837,5.397827617715734,5.080607814943164,5.157793880798806,4.725835307144052,4.916543183547617,8.45486616262474,5.72140147102823,6.00077003841443,5.977782575512379,5.751523376535147,5.839785562501561,5.895439976201431,5.393729108262505,5.733763328463283,5.731749142087324,5.825190453632956,6.685560512099414,6.800227700780283,5.893076790983287,6.2737714991599205,6.008574448996114,6.037411686645953,5.874572967127733,5.717301836336333,11.186700705934982,7.3733048289259955,7.140710121542895,6.643734630946653,8.880730904764334,6.804961119590985,7.757759325950133,8.472292840886212,8.14425949487486,28.118387384591983,22.514777982328496,7.437091035425965,7.124349799661161,7.684152262810358,7.797569638130085,7.041977925580568,7.983318689773796,9.107233984809511,7.417027439263279,6.567856443733717,6.715974250870772,7.408199506794517,7.4659245163175,7.141975898939791,7.221148355362118,7.098361912894745,7.064749048767567,6.812158206806998,6.671778888086806,6.303618620143482,6.587365324730797,6.702815747898455,6.357732202180557,7.364601944511719,7.248984413164067,6.72076547428253,6.076351769056259,7.884052864103069,7.446002525719678,5.7157825948561936,10.333406476651476,6.55916532859419,6.043817234401558,9.043437424042509,8.065766089792987,5.817908883010887,7.829605111287151,5.769979107944948,5.852345549695201,7.436737680851195,6.518936866560921,5.531016846407852,7.521240072256774,6.339298389521389
326650_15_consensus.txt,7.751355348900859,8.199484279608328,8.292309010859356,7.733291658414316,8.247384571729924,9.019757973868424,8.07208804419895,9.44076787576182,9.520404788561224,9.37340602918988,8.483478794280643,9.414256697720075,8.310256273679101,8.991883902165,8.550993284826347,7.926824296920074,8.001902246777718,9.364238860121986,2.0788485364032,1.580816262851613,2.127267986978268,1.538527672599287,1.617212828846732,0.0,2.0658278544684663,1.6067418024185829,2.342406286101948,1.9129435878342065,1.5623138435378792,1.708962956745438,1.7102889643330172,1.502739915249549,1.66332114286854,1.5977968242639804,1.7634229227406877,1.907194521191912,6.358779907024939,6.561410757873659,6.760942532937349,7.541943367102021,6.726967801081969,7.053183557132627,6.419224600489315,6.615478921140436,6.763975736935265,7.66259923363441,6.99405872551165,7.189953524883606,6.306531914742379,6.830024008534963,7.370369170553715,7.207641993916184,6.563415721061404,6.849241381499894,3.586712418229979,3.573978544585316,3.371586779551308,4.041650971490981,3.720636659926299,3.5372481241384435,3.620229252727654,3.609849947952796,3.3898766384562578,3.9764704287184713,3.684737835607223,3.483985535739862,3.560314870784908,3.568774198535948,3.3606590043116285,3.9527649463353214,3.733756609386433,3.516013299202712,4.643768866356709,7.02761528581982,6.983624633777083,5.206556156638953,3.976197122026917,4.664383637008768,4.460585932138713,6.045857210910981,7.763351932315231,4.005440786238751,3.5504505257830488,3.724566192816383,4.346283758135257,8.763267135258388,6.94838924366303,3.5973206268820377,3.596458524504442,3.993205500383567,5.678942337306978,5.173163931661748,5.0392743825925095,5.208939797610697,5.446998311149457,5.208780529223418,5.307091486044271,5.12492941999318,5.041447769053946,5.307707266762577,5.426327080978012,15.651412280446891,5.761058021616009,5.497437124386067,5.526041760728049,5.168472433794591,5.343637526062935,8.741715648430784,6.200886110974807,6.524464384400119,6.492572462516705,6.217170877339129,6.348447319357149,6.377796576786523,5.8453705601966135,6.260312349266883,6.231996872027196,6.304527626056881,7.206733543811367,7.312542611198125,6.383161771012055,6.817019169526134,6.509783084633284,6.506628185034515,6.363490522986695,6.21804258959412,11.563441237844811,7.7580076137770675,7.469654439207943,7.045665789321276,9.261237133444297,7.175617273825651,8.145055479301732,8.849162009582017,8.504934164582494,28.41936008574578,22.642251995378786,7.865103646548846,7.541710096160102,8.075401174497642,8.168981748668841,7.455173279208509,8.38406527052274,9.48426764500391,7.707373124997389,6.932567759756068,7.069188543374651,7.816354818218713,7.856915131356004,7.497151128671533,7.534139213395122,7.419004614699361,7.386808488553413,7.220425244321291,7.074309690492328,6.67529266784868,6.924253931377962,7.054837242479493,6.680154769858973,7.777501566711408,7.6314318024320755,7.079099560173063,6.613254959091023,8.365226488099836,7.966822821394487,6.309058304434132,10.791722505397956,7.0746582199518,6.526365909923811,9.554862595691816,8.490022096785879,6.433696434939122,8.291418014935743,6.308168551896131,6.323585801663057,7.900289502225519,7.050448025179492,6.137840160071107,7.97504853437249,6.8774952521421255
326650_16_consensus.txt,7.827846157731415,8.307634844912116,8.389653335960418,7.864433040162396,8.402445681414349,9.151526633052072,8.17971635806839,9.571601412161726,9.691479077238,9.533525226014431,8.58790882297643,9.542184553299478,8.40581290678415,9.123612933209586,8.604346150582444,7.936570411139201,8.026487057846452,9.461744165623884,1.9093475644969544,1.535467277609996,2.0586117398119086,1.570184782444926,1.6186483207836773,2.0658278544684663,0.0,1.5610354766581622,2.2777995848136925,1.947170743564812,1.5298487962010654,1.6998120091324722,1.5445037726128137,1.4558289561596212,1.5637133956592493,1.5903364550129029,1.6801862484126104,1.872251261996951,6.407738850868952,6.5793017379455705,6.77064215503151,7.574493043172481,6.74093331850861,7.078913899384929,6.445982018349355,6.659520871936763,6.78292112673563,7.693915184387322,7.02923079260222,7.252008363770471,6.3287550970449615,6.868607105131389,7.387071104163908,7.251468553525285,6.582245848187313,6.87448305469195,3.641594964502133,3.611546040213738,3.403937333202464,4.081744046520043,3.76876817216629,3.576296451346252,3.6569110581806967,3.658235135300629,3.413261169091925,4.010215028821278,3.722156409645208,3.515280950029592,3.595299162842025,3.614841557616387,3.414272967107081,3.994889745177375,3.774433728887289,3.5613329179380457,4.687650013984808,6.982793938993609,6.864350268832254,5.197423039020464,3.962560142510938,4.650082011973552,4.43597620984616,5.987655385369976,7.783194537808754,3.911127700628299,3.513461956549861,3.727977105672608,4.283263754579252,8.889012304704352,6.977531596896881,3.5845045046219184,3.567367645305524,3.97762618389271,5.679674768348548,5.210692566178295,5.088831973309198,5.257391904839949,5.447815977557127,5.247124528094673,5.34540847071537,5.139852465338095,5.081354299517955,5.351849814199397,5.476177017799387,15.652170413394686,5.76928705921614,5.525576273795423,5.599204065984111,5.216907285281479,5.3623087259099975,8.768926063286983,6.15033161898964,6.440344123922671,6.444992092933262,6.176772128846665,6.300353117407951,6.366571405601519,5.824085081187832,6.23651193993436,6.191504143806355,6.290091840742775,7.171248860236119,7.32527261214517,6.357999048371482,6.7759489207708725,6.480820958936988,6.505056238069415,6.327111819975869,6.185506201534338,11.783116889843654,7.9509449570318225,7.66429863037331,7.253844268463013,9.498455904756725,7.370830215237333,8.36027641507053,9.034558143042318,8.747525618246584,28.519383472532752,23.01844007213469,7.971490532327721,7.705395202354452,8.23235173951548,8.407082619382436,7.623118343561714,8.471965885389125,9.686608353272163,7.864485659815955,7.033925503189494,7.19371116703195,7.988597671817843,8.004028965718874,7.6309051410027,7.622351780909241,7.548595248558854,7.533249553148664,7.375420137673473,7.193241736692926,6.752255456193666,6.999593094087345,7.167102071037846,6.778740994316138,7.930412290942058,7.785974476335468,7.190542429675247,6.732772003106106,8.410946304955928,8.114385140151342,6.4320251814114044,10.88258506430492,7.204901484963671,6.60103378984121,9.669173333639264,8.629120032672574,6.570614446544312,8.360251896460966,6.4681182903932495,6.4244171015629945,7.954021726212204,7.17916730623466,6.251203722090281,8.158891935114525,7.010194588129309
326650_17_consensus.txt,7.821259219049409,8.087247963390894,8.251754327277126,7.661765828205375,8.161591968114749,9.004215137750975,8.105401680264777,9.438176757633356,9.527692823433997,9.429701247360583,8.380722643418324,9.444009890424809,8.313945664135474,9.029018331042437,8.449311489290608,7.904882138856919,7.979376657940236,9.405486220531143,1.525175541108467,1.0652489684262036,1.6806399633033493,0.9638307644141832,1.1284491079688903,1.6067418024185829,1.5610354766581622,0.0,1.7938272157340407,1.3680433763805695,1.02954080921819,1.2185932265674635,1.1907860838565512,0.8422465320709307,1.0976048741271145,1.0011184935935376,1.258875056513716,1.508465236762902,5.77257558878938,5.982293050840497,6.188437253449422,7.003864532271507,6.136070572257665,6.508224817924088,5.830691284791271,6.043768106138089,6.198286039293919,7.1447567481208125,6.441402590809162,6.688709452672981,5.72389104985848,6.300670045589811,6.84557201036381,6.676356250670267,5.988108496112716,6.304842422744684,3.20014873217616,3.1932351905359155,2.9154925223913324,3.6851812631928738,3.305419988475592,3.106340525086296,3.2331688674494785,3.216257701724772,2.941363162756886,3.579073014554752,3.25160945046116,3.056549465856733,3.16636728929808,3.160166522847419,2.899456735156832,3.574514091429421,3.3202659863011377,3.094715840683648,4.197507543792597,6.4811666371491015,6.524523814386555,4.798446206523522,3.4829645969190324,4.136227659865938,3.9588162421514994,5.474745999473612,7.21275219429009,3.645228637140974,3.0396835772021973,3.323868312234822,3.916427319458194,8.230529762452818,6.333301139487219,3.179846316545536,3.181146666632856,3.63629934177942,5.416705379733514,4.965742074027503,4.788051839208265,4.979548258650311,5.228483521412613,4.990381423987628,5.074927143213074,4.876712320744275,4.808718279397851,5.100287911189525,5.243638462523506,15.409038319889476,5.571833108631722,5.301694145647446,5.364978593864066,4.919059094569889,5.104180119885086,8.52503277055905,5.8667631759403776,6.1614408506603695,6.159272226043527,5.879980990129752,5.972515958835629,6.021751454664809,5.466615593759116,5.786099613949034,5.791297571823236,5.985211359860955,6.8688029289783685,6.939612371882106,6.036446833394905,6.452386023465294,6.15246572591758,6.176863283007947,5.962224830814193,5.8657773541192455,11.449781288094528,7.79408885715128,7.291019622133206,6.932014713858507,9.056358912152405,7.025301350947984,7.929058551787307,8.639693955607072,8.306450470282869,28.403107684286624,22.502159664259352,7.795275323204692,7.481924088873484,8.090818894447807,8.031631304982682,7.441837753734092,8.454000159475356,9.51077290294404,7.654917217926084,6.82784100583774,6.949606601432151,7.749766654131349,7.7943493297293,7.393242236133915,7.450145357852364,7.323378834834102,7.316643639513643,7.115767004844543,7.00673377208409,6.562228083779701,6.82159404269612,7.018188410695018,6.631032859852837,7.699843454097049,7.559340843942607,6.939338036423408,6.370114115989452,8.031613990069559,7.723258924308084,6.048813063612897,10.50721651521866,6.765570330298942,6.15568039199502,9.204129630450495,8.182063838961483,6.03417132559855,7.986874023946996,5.946835024657787,6.024984824444175,7.504314785661336,6.724107645760967,5.720526913977096,7.749104864232038,6.591520551458245
326650_18_consensus.txt,8.192341174913793,8.509013154805075,8.564298032814406,8.156593380641539,8.56923986682665,9.33869732576693,8.489109160666885,9.720538231547325,9.832105882187191,9.75525085214514,8.804943382217914,9.792821348851533,8.719862505328194,9.373247563984537,8.761819451617953,8.277096383973685,8.310502787288272,9.71448978826271,2.2571026020407885,1.870250135558365,2.2258987908311383,1.9746711340698653,1.9606624389947456,2.342406286101948,2.2777995848136925,1.7938272157340407,0.0,2.395482972852733,1.9252236526452864,2.071474208635664,1.964321079398701,1.802736289628001,1.806247299322422,1.9721920507875552,2.0679547221251937,2.22873885850737,6.577415487463782,6.7479340507089205,6.982006295364101,7.832533435505354,6.972263839841617,7.305033353092767,6.601496446329804,6.80586972322493,6.996541803861248,7.9482093830130225,7.25901312548001,7.479543990048398,6.540832259797924,7.070202729240577,7.617550041343463,7.503478917041207,6.797805655664774,7.11091144043877,3.98038343986542,3.99114595713354,3.738059664096852,4.567516799298232,4.193759357375427,3.9604465540064666,3.993214375677496,4.025771775168209,3.753806649416447,4.471131237164627,4.151752621157698,3.908928022448549,3.921700231540513,3.969915991628966,3.710296659275002,4.4526041276319575,4.202063754301662,3.955374257720848,4.816384853070872,7.022771295946996,7.007160813795963,5.428771473390043,4.172401908732354,4.758332400917482,4.50416245248681,6.089217957578114,7.85671174385601,4.236896248255391,3.783449247294129,3.946255585169638,4.520551611808116,8.86429480936772,6.892717695420004,3.854867933348032,3.895514027871173,4.24865215482896,5.807439862376839,5.51496131671172,5.31213806555462,5.618550841757156,5.83525924976118,5.594812191060328,5.597929222715493,5.497698969219471,5.36038435770547,5.6558168844537136,5.767497724607097,15.727184910874769,6.007997064007782,5.792559461001247,5.817644333655039,5.57931862385135,5.686013177879204,8.771922723871626,6.6295963895175305,6.96018052563619,6.902739857518213,6.595104216667664,6.772785018171817,6.811657638696772,6.282785106287804,6.675434424192417,6.592632235601911,6.703530731664557,7.666921332029119,7.778014441731841,6.84013150657978,7.302958450697815,6.964185489723832,6.867251639403321,6.746050747029528,6.649269933232745,12.0796600156699,8.36400865469966,7.929511750242796,7.589706334499397,9.752910553868958,7.663231780164324,8.641065725921862,9.32920171992157,8.977045906658475,28.93172620912276,22.96148860126999,8.390787152669475,8.137385856294372,8.63240987163556,8.601063360456749,8.000610229754727,8.932984639687959,10.09610300283896,8.175496259543763,7.4246715673533,7.562527079556901,8.491827255387193,8.468600090463895,8.021857913580561,7.931921083341592,7.90975564298401,7.894584550270679,7.872240795716152,7.684756103643906,7.159572527837668,7.357223131999945,7.5544565760549744,7.166080283561144,8.435791544281699,8.24819521125562,7.593442998972819,7.236850282024818,8.95312379303931,8.7526099745225,7.076035330076252,11.232844268511428,7.737522946211072,7.073645302603779,10.109715469018,8.897041585163947,7.2112706666251825,8.707110228625027,6.952090606576121,6.882755797498078,8.299816121982417,7.632036623765259,6.897863570836876,8.636625567844476,7.577683583740509
326650_1_consensus.txt,7.11730628514357,7.813304724583304,8.162388603280931,7.115771026145751,8.162205317845917,8.785283642616605,7.351958292553604,9.025926523243244,9.352533076640212,8.869774945375923,8.395906232734376,8.949600029658882,7.734928490405707,8.493751808424179,8.582051793708388,7.383529682656672,7.735821297245934,9.098150294921084,1.939052629029732,1.2814056599273158,2.0853024134348743,0.5196041627053205,1.3458122904907557,1.9129435878342065,1.947170743564812,1.3680433763805695,2.395482972852733,0.0,0.9185985272693528,1.2459651108484309,1.345807596089685,0.8676380155735046,1.2414055202839904,0.5104917770893849,1.4066835873512673,1.7079327332047,5.583299484941165,5.810626810525889,5.925046581126651,6.275099707802781,5.677916585876631,5.969137580820757,5.73883436745632,5.914827760444268,5.918809209617905,6.31481974222794,5.834874120176039,6.016111893569189,5.352057622884558,5.872111014078939,6.257187699433075,5.984703729749015,5.548263491356579,5.777744604060388,2.4334806802079925,2.415173878416283,2.53380278185216,2.466088304552557,2.428027387985708,2.4252487039467496,2.444209910898224,2.49065078449496,2.6123735046540446,2.409974029050545,2.392813510472706,2.361551838533273,2.489899322210306,2.462681252502307,2.65683115358496,2.4114949815642603,2.435629293313582,2.379240230937796,4.346849928969505,7.069527492450106,6.716671783886113,4.535425367677703,3.302103014558952,4.558159572070622,4.434967161417774,5.998168133541924,7.64554852023781,3.446924522041797,2.9851248269609982,3.391760430218937,4.249504432044489,9.189192098283227,7.088822245420033,2.94446957309799,2.8813551345280075,3.649204475932208,5.459869372304581,4.359409510935052,4.317442140819821,3.835674566708633,4.074336142023128,3.939084809210272,4.528329779915509,3.940858274258346,4.013256629272803,4.110045255761008,4.4221936007542695,15.037572527882103,5.187213172363158,4.359693464559655,4.63311256794168,3.858490611608545,4.279304191975598,8.4855375770033,5.393688352345976,5.465600802037329,5.540218965051849,5.553902798999047,5.397764784623973,5.431627305304687,5.1637369023625865,5.299085953640315,5.297684173173138,5.348199376881496,5.983676372656987,6.100805404653272,5.376566178014457,5.531278510623395,5.431426272676163,5.736219315851827,5.3961114558779855,5.25225321679693,10.544733495182754,6.59174866884166,6.498059836512937,5.725165799263891,8.197160039034543,6.108011396197014,7.092335524820214,7.735218122048195,7.407924943846126,26.941591762027485,21.965490965429808,6.612152570087915,6.296487638752296,6.90729528528027,7.101181569331288,6.055690844337335,7.309632495027813,8.332378686206653,6.814577520689568,5.817922233600427,5.964468203393778,6.10555034267702,6.338062159065316,6.311198836244614,6.681537611806277,6.30003319773715,6.315321204812221,5.51913557358057,5.618375575955213,5.570479657628653,6.101144339963639,5.919687688455042,5.809193851768839,6.0633631253129465,6.134026845325479,5.845088243255191,5.144289681835119,7.18207824320325,6.323283365865166,4.238628647254927,9.661357788836256,5.508235210804855,5.169571707531929,8.094461059637581,7.221692939653963,4.223492909660763,7.122839972349993,4.757100775429478,5.014671124851986,6.940156324117993,5.60535150286529,4.006352300748631,6.571259596895175,5.220832070364452
326650_2_consensus.txt,7.015256351418714,7.562358422824957,7.750948854493913,7.001219845862693,7.688573082544053,8.413336445035952,7.308341751180478,8.807635362166195,8.973256874954075,8.713220794361291,7.942778193410959,8.714515431894256,7.595262628579121,8.318449369399445,8.009140760345645,7.189219246462585,7.388819620340996,8.765656889084369,1.51714738526033,0.9982657731580388,1.664548143336674,0.740916301694142,0.9802680516207828,1.5623138435378792,1.5298487962010654,1.02954080921819,1.9252236526452864,0.9185985272693528,0.0,1.074437878118033,1.072931826697527,0.7838714801974902,1.0167341900835254,0.7482535603712677,1.0953943833088715,1.3640932696881691,5.700704736349564,5.920055849713435,6.08295745409248,6.733828740526633,5.977479962204825,6.29142878573623,5.798396157027639,6.007530581364222,6.102784594337265,6.836586066513803,6.214626160756325,6.41872821944628,5.5778644025453445,6.118117263261524,6.60831443329397,6.403016912903468,5.827769066861492,6.088227231937935,2.7724956426379777,2.7462449350310294,2.653725751604213,3.087266142233318,2.849566080210934,2.723434779318381,2.797006584249061,2.8070813090266142,2.6846485407131127,3.0222725956502927,2.8153156292328845,2.668772235637732,2.7789135596087817,2.76479319017551,2.698968893550557,3.017897367386979,2.8683996068625106,2.7013829380061907,4.054749950761561,6.513258519903729,6.394486689662244,4.517846952865568,3.241636284390836,4.135508300149638,3.958309013617906,5.546798886847455,7.302061252260955,3.320224027298252,2.8756025710367226,3.119544794492242,3.836154715849716,8.519038887994782,6.501079008133729,2.8692296610633434,2.848390578331191,3.3577776483762136,5.1670549610511785,4.462842958939177,4.369302014860693,4.315644255191444,4.561478144489058,4.3615843437088415,4.620249426909197,4.29513442691308,4.273636569671282,4.480627486131539,4.684315129736376,15.084476307501744,5.118583825577503,4.684607978228428,4.814701098922001,4.298063570563215,4.548688058076436,8.291415669487264,5.419468548894542,5.67750136350594,5.658888360973663,5.494803304926961,5.523167929022748,5.549013340209228,5.139134601061755,5.420911197574412,5.3884998420529655,5.4777888747599945,6.28860653997134,6.389366127364951,5.537228702393861,5.872447329845727,5.6282677737838185,5.753084565443487,5.54072078222049,5.382997491093306,10.866422663446428,6.945130963724012,6.769479425229804,6.199688593868871,8.520791389574413,6.400482307607831,7.395922022338823,8.10457933000987,7.744442428424918,27.676346790668447,22.206693378663545,6.995986386059769,6.701281684577623,7.258889934750073,7.405910067705577,6.568064973786022,7.592752693866373,8.683755873384996,6.947015508256186,6.071762855443524,6.222418743069568,6.766098099681358,6.86325037055758,6.6155217610433965,6.773795580052422,6.580796319588785,6.559106523875869,6.175922113261663,6.106438133481163,5.809743094801604,6.159247729272124,6.192413364339757,5.919393076281835,6.738351410941789,6.65305621263866,6.187169215560857,5.616566532852289,7.515829782866376,6.936294495441189,5.103687630280092,9.95094883989475,6.04869753611132,5.604396327080394,8.607076497093146,7.631810509329171,5.180197702976784,7.433503659830592,5.296517265386115,5.414141031858208,7.146619786494512,6.06825180254225,4.921626300162927,7.036701066526348,5.821457151247614
326650_3_consensus.txt,7.452711018891534,7.939652553280837,8.072572148890458,7.412512960588344,8.078895487620798,8.801195489911834,7.736347901453655,9.203397407818729,9.337604966741026,9.10197746126687,8.294957992822845,9.122522012956324,8.028785795232181,8.742950017696444,8.376045422502955,7.607286895071411,7.767156693194806,9.151607515354158,1.694157631647613,1.2126530885218472,1.8558660449483568,1.0066719707765517,1.2564102205263907,1.708962956745438,1.6998120091324722,1.2185932265674635,2.071474208635664,1.2459651108484309,1.074437878118033,0.0,1.2683017950896556,1.0075027867096082,1.227767423088039,1.0256653690845496,1.3411298630716717,1.5688548883659903,5.87354029118751,6.058560360028082,6.2302297791848105,6.963778497345743,6.1645362501174645,6.483798263633503,5.94340431662954,6.11998834367904,6.263679084811543,7.0581606767414655,6.4292647577184425,6.624751027570255,5.761374971539055,6.302851917068779,6.803448960649348,6.64168624201244,6.020913070076745,6.284077546362312,2.9772765912682644,2.961914749716641,2.833502972097904,3.34963424227783,3.1002654522744137,2.943213572204741,2.9943740996509973,3.0227283253263977,2.861973455910686,3.278490950333321,3.053318229500235,2.8924745308563047,2.952344002795712,2.974882973283286,2.8567825696632667,3.2688491245867795,3.1009219894206126,2.918443907960921,4.242715572419115,6.65469563914337,6.575048023515308,4.676369967023959,3.4909176749229687,4.270225326127388,4.070217714984153,5.683606175426405,7.420328871522145,3.5355625454466804,3.0908451769903422,3.3017464394182525,3.997265947025596,8.572586499407635,6.612281222839044,3.0925005773042926,3.0784235497857253,3.6001304071239133,5.399804460531925,4.758391476070642,4.613493018829672,4.632138900026462,4.878747603654404,4.655616830450981,4.884621939782221,4.5983024613701104,4.540731886566277,4.760721143631258,4.942777201774277,15.11916185233764,5.347799253541268,4.972553477015822,5.056618339350393,4.61290768398618,4.835210420718283,8.480048452881533,5.764401281464927,6.011205950439205,6.035009080065663,5.76862147998321,5.881090687972176,5.90010482546262,5.42407500356444,5.749479090895818,5.730482946346854,5.79061396064202,6.659257981554902,6.753954349941409,5.863930213935987,6.22750675024804,5.984190020019923,6.075983001134432,5.86660628238667,5.743793384078003,11.106536294449429,7.282314697639265,6.997560061084414,6.489832238038559,8.812638426585352,6.663460078446178,7.656337258045141,8.345414134406155,7.977374037501704,27.877146083152525,22.29326475949296,7.323282412062952,7.024768903690244,7.585638319096859,7.658716882938336,6.889541141834798,7.94361527715148,9.001830520130227,7.322404526224659,6.442971600783437,6.60378655392833,7.229221305181852,7.3207417177411,7.033275795585155,7.10464703151024,6.9406399462350805,6.929543153516192,6.619963306659031,6.529423688861868,6.194809183550262,6.504426489474554,6.567745823350833,6.2671204372593365,7.178164529731191,7.090577930074062,6.5816701697741,5.925735608567322,7.679351170829307,7.223121806544782,5.514663239395588,10.14385884488405,6.353858001146193,5.828477127023518,8.769373469783375,7.79734554755305,5.5669355024410265,7.594132831634852,5.604789512514458,5.666229726711492,7.252567250412483,6.341512083720204,5.292029710518534,7.321754384886901,6.16737554597097
326650_4_consensus.txt,7.261282179412092,7.763401955791892,7.876524605126349,7.244492278162056,7.851833360672629,8.602269315008414,7.578926812855911,9.010929366962444,9.119534686404164,8.936793551613164,8.097186574129296,8.93160043461387,7.845527472516039,8.508112512157027,8.127581270190603,7.383540479017085,7.5283742855345395,8.895603548651195,1.5681712331448807,1.155900439819277,1.6954853350617896,1.078302271205132,1.236605667482536,1.7102889643330172,1.5445037726128137,1.1907860838565512,1.964321079398701,1.345807596089685,1.072931826697527,1.2683017950896556,0.0,1.0116600566527154,1.1673053426032425,1.0880466618000355,1.315052238840508,1.5131562418669091,5.931410021095644,6.120635630368838,6.294471974601663,7.065947876008977,6.25712598686755,6.581146019392349,5.988508028004844,6.189159971160905,6.319558109400532,7.17201864492182,6.519880252788369,6.711609359349609,5.824830353773109,6.376679753450048,6.883633070886162,6.740858591801725,6.105254314168178,6.365932843656651,2.940016590118944,2.948909417615824,2.8149432434721007,3.370558596138949,3.117981261274508,2.9449593098514697,2.9504385488818343,2.98881702093928,2.844765980334671,3.313870140797178,3.07157539215666,2.891278525753364,2.9064624682488898,2.956176544492621,2.832790474427497,3.290464891696842,3.1199630934612514,2.9317614707057373,4.047749950178854,6.449847692675405,6.323670195949774,4.588898777643067,3.353992408084707,4.123963404964968,3.87757523511732,5.4414770211242285,7.3258266236694,3.3473269811445334,2.905959473653354,3.122321221840366,3.773232281767889,8.399336632104394,6.451439571339733,2.932820471914169,2.928373850163553,3.367288110427353,5.157994267014487,4.570916854093923,4.424738192344989,4.48183624316016,4.7086982854795565,4.494163114677917,4.705929725606325,4.455086555100934,4.380433363738462,4.582092255286625,4.706181509284534,14.884298517949048,5.068291922566402,4.753546570471315,4.818644659191136,4.465694458791518,4.666387387158068,8.201649526401354,5.682203745507081,5.940248193476975,5.928473947966495,5.694843375723679,5.783540634011956,5.80704010627278,5.3387150111622645,5.708650786312717,5.679005369543404,5.709947134635797,6.605643704394993,6.722284992382356,5.806786345702335,6.196048502210147,5.918209316445768,5.970941286664754,5.785601767038656,5.658233113152221,11.001179946930732,7.065920835268571,6.855848088193113,6.336466169976234,8.679456445321136,6.510279859055572,7.52784610268435,8.158840335926868,7.8483928525344595,27.900315254090003,22.26135578976425,7.146229569068396,6.8341878469434505,7.355307429412051,7.541917124815086,6.695548783542904,7.689532378014007,8.787429344148222,7.279751183148619,6.438252002038951,6.61904514542141,7.290652249972766,7.352386733030869,7.036386782688737,7.066179538972051,6.949954344873845,6.949663170089934,6.681522942977722,6.572894314605492,6.174566148664496,6.438836605516769,6.547286947148336,6.232452266756866,7.228858667425129,7.129267992428197,6.603602524839175,5.956431711325308,7.744971287243629,7.334138868465629,5.632869456279138,10.148567386901505,6.492766925266324,5.860823712547415,8.894833610599164,7.82961492063032,5.749246175951043,7.643645743128957,5.675820942106327,5.684362505590627,7.321829221141115,6.384457392310367,5.454372219985544,7.335918754717341,6.271236605724994
326650_5_consensus.txt,7.318780851000838,7.743025162068307,7.958851819781955,7.262492975783857,7.93865427051054,8.650235503050567,7.61071507557449,9.041218482211832,9.2329696152795,8.98467975254249,8.184414092528414,9.043481876559326,7.887837313303748,8.622736282662288,8.230098687896316,7.480272129493585,7.64093307866176,9.03967597352556,1.449634374554137,0.904099128957114,1.5846276985970462,0.6553943825383044,1.0034819417309109,1.502739915249549,1.4558289561596212,0.8422465320709307,1.802736289628001,0.8676380155735046,0.7838714801974902,1.0075027867096082,1.0116600566527154,0.0,0.9147114552212656,0.6742318377925471,1.0868783018177055,1.3467828768161212,5.538849424970294,5.750865776359603,5.915149215097188,6.594682568974406,5.811855115394792,6.137584875163498,5.61779833176314,5.836163883417953,5.934789375355763,6.689734708069864,6.058432175743462,6.281901230590563,5.418008800148527,5.985845076229623,6.467559998441345,6.28369905734354,5.66180415863289,5.936026667443741,2.6608944007584228,2.6662491176284107,2.540319991672277,3.032857660533921,2.7728843595147623,2.635378958082981,2.694572930106119,2.7201645626309983,2.580945468546247,2.9349956217464523,2.7232755478442527,2.5766012487622447,2.6603569765330235,2.6645453558720646,2.5669582441622083,2.937915977580189,2.786357042275313,2.6094343841383534,3.957752721256327,6.383872063767171,6.272183620300382,4.424273912705644,3.128680028083465,3.989933390728652,3.795693840895126,5.373792066221313,7.111926368396041,3.2625698166447705,2.74236508841841,3.0306360291153283,3.71640969671165,8.25997287019527,6.299800601000129,2.8004436192791218,2.790309737296127,3.307070939271909,5.18145939009969,4.484527518597702,4.344909928499476,4.321611804874124,4.560582127975124,4.359038421923231,4.608438702564399,4.2944807817466994,4.265182599694526,4.465799029833931,4.666512982201198,14.99799672022948,5.121876030224371,4.687620165947919,4.792217567601995,4.292875812694092,4.556520173684817,8.20730910381917,5.46416150745813,5.686496787826059,5.721011863087483,5.512290905701377,5.554583906544963,5.59409075236016,5.125415676047055,5.402384189407485,5.38290844846847,5.499486477093114,6.320680815117157,6.412230765700656,5.545195659270178,5.895292523374735,5.681010309089174,5.78706986791417,5.534473632756317,5.425466903405379,10.910118649489732,7.117763813033207,6.790150029076187,6.237910093134474,8.559703224408679,6.462398751013211,7.438224625096439,8.11441984206408,7.751575377300298,27.66389639341611,22.16470818489603,7.129595665220222,6.814517404690264,7.40233466336241,7.461524750320279,6.680166845348992,7.778092615711785,8.827160139995897,7.188874828074802,6.312999715600199,6.4352042780435,7.030334826629087,7.135083010031849,6.858116458850816,7.005874718131338,6.798895579667942,6.791305249233403,6.404015750613382,6.3469353917527656,6.030663420942403,6.385138631716188,6.4295658307031545,6.134758775594321,6.981071069435359,6.915769128162083,6.387404837417648,5.747546834961554,7.560007259810845,7.095777417525312,5.2744443843511135,10.002071597455654,6.203748510839432,5.614876159317021,8.632088658477699,7.664852295329638,5.298489121634816,7.464375109750108,5.38844139311783,5.488839900407186,7.100084832595485,6.160555543974397,5.000099924998324,7.162862622970351,5.97030004997265
326650_6_consensus.txt,7.238457587242465,7.712165665391126,7.872860954226326,7.260134630406128,7.872409640549677,8.610603375237872,7.5339712622284765,8.971247657554557,9.168237284166082,8.930519486145045,8.120600160656181,8.984035687093751,7.86140264726464,8.546703069716727,8.153340370528952,7.380673929136435,7.559018628405226,8.950044148180154,1.5631844195677331,1.116132716314894,1.5889524263909038,0.9785091889960996,1.188777140732839,1.66332114286854,1.5637133956592493,1.0976048741271145,1.806247299322422,1.2414055202839904,1.0167341900835254,1.227767423088039,1.1673053426032425,0.9147114552212656,0.0,0.9831908541540884,1.276776903117934,1.4736822093157116,5.663540009009921,5.85217624492941,6.040890432457104,6.760157418805534,5.977168930957362,6.281238019672969,5.731852150613577,5.920946574697439,6.050764473959589,6.8593490130894565,6.214399873470143,6.425128090921589,5.566875685100854,6.0938403161911765,6.583236365959635,6.448614117849331,5.814298149936008,6.074442301463591,2.8799954145596303,2.9032796094709283,2.7672465732802607,3.3322863943099605,3.069753439398312,2.9044835462667606,2.9059562111721675,2.954179640780069,2.815649132532542,3.245332220268608,3.032830308027542,2.843510328478544,2.8621570252025776,2.9083390414845667,2.806984554883229,3.236501969918777,3.0827702767970777,2.8740175896269875,4.031681872721606,6.422489045111945,6.260316274768911,4.553329014595249,3.252766004607338,4.08124470198635,3.840506449159875,5.4307418160152565,7.212868154530895,3.3186556051616094,2.9122302107663813,3.128613219537499,3.787106721752309,8.44958308096102,6.3751739400977385,2.9347350640835543,2.926143783810062,3.364118107588695,5.124407310157721,4.557141060070194,4.389097044166533,4.428642192744292,4.655496617014364,4.451907744358095,4.657499205954423,4.396779610579188,4.33522176476049,4.525055090077217,4.679935831069145,14.978083468515706,5.073691731877602,4.717445767937647,4.789204151526121,4.430208429930872,4.642955581899969,8.210369876596872,5.592108567694368,5.858272285883572,5.865385912568115,5.633437027238642,5.693274607520038,5.758484024701488,5.2970287066031005,5.637712788457634,5.557997154815041,5.631102636305457,6.491732433527375,6.609831626402581,5.721884055351097,6.120096049745939,5.847600422056985,5.8909983922415,5.690408146626453,5.576060272694974,10.965118826576486,7.138781231199005,6.850525449247471,6.326104634600711,8.669986714312927,6.536497410115544,7.549808487266489,8.18043371102101,7.824826632447241,27.77173878464021,22.33484239448046,7.166116979965238,6.851417052945806,7.383245255101372,7.485383140495855,6.714520430744528,7.730178317870241,8.869937016316271,7.179218384358819,6.350554965600907,6.513095832396914,7.183340052577819,7.238301217743924,6.92729864446568,6.984198234883593,6.840076478800086,6.850573792579212,6.575626564876188,6.455158495226101,6.0651633183954345,6.361755591234783,6.452200819074733,6.138060203825091,7.130833664532986,7.031252529822268,6.462971633994016,5.865940417764648,7.624544714956869,7.263859827402143,5.48787702384999,10.030641194399893,6.333622768101918,5.722424538278574,8.805984302811112,7.712670997832049,5.579491804306372,7.548576465787448,5.53827688221412,5.574111355911157,7.157003086829036,6.298006384572318,5.308078532652189,7.2969123568854,6.159771189535036
326650_7_consensus.txt,7.127891968088306,7.695621805699716,7.990984385412389,7.108519819284368,7.951790670292553,8.664147909973053,7.389291170496051,8.941641322186285,9.219243609228611,8.842661153182462,8.179389176063808,8.930738219601267,7.697195821178695,8.493583588658225,8.328437818081284,7.33343958250191,7.598155421691217,8.999849476621307,1.5942972550342915,1.0142784936127214,1.754938603331027,0.451391803956426,1.0629124880715608,1.5977968242639804,1.5903364550129029,1.0011184935935376,1.9721920507875552,0.5104917770893849,0.7482535603712677,1.0256653690845496,1.0880466618000355,0.6742318377925471,0.9831908541540884,0.0,1.140918296896075,1.428004195105416,5.447738044660696,5.671948788491932,5.828440912754331,6.332363386070938,5.637368696565602,5.961219727868524,5.572280252735425,5.777615348924883,5.818416881388259,6.413818936226448,5.858020872274778,6.069123947663343,5.290789108931165,5.836026935801556,6.278300414399496,6.02543758812692,5.500210417568326,5.766357048425959,2.5364057568626777,2.4989347015135195,2.4599311615247075,2.714120335012865,2.5348390584468348,2.468368480298522,2.5544659952494726,2.560576353148804,2.5215612396748384,2.6418291042698456,2.4924929623953176,2.404705805290177,2.560401079464782,2.52064355254106,2.5357064022730924,2.6365041063353942,2.547734382624924,2.4329295259681203,4.14614325212159,6.7146107546556095,6.463842074219201,4.490707494175638,3.210814133724909,4.243747501531971,4.094475788077375,5.63020036436393,7.33245682680888,3.371573087906484,2.837089178274141,3.196352288414744,3.969642957726194,8.663253752437413,6.636617645426838,2.8763005708232185,2.835419529074443,3.4835729025315345,5.291115575368337,4.443004525709853,4.346535837349052,4.125582690057627,4.357145044586048,4.205873741240112,4.587805152035514,4.133695379718972,4.147373835163592,4.364344234079965,4.635950506352856,15.137128846961332,5.236894526895583,4.607787853488787,4.81177100477214,4.113045939646156,4.445446133594089,8.375402467923664,5.319352196684179,5.487501200919724,5.5406400873278585,5.443178568326914,5.352627766830096,5.414344131939458,5.042961016999186,5.243574698243208,5.224091509867662,5.3637898929980565,6.074843426484108,6.177098889641002,5.385559601765124,5.630516425543135,5.4608171933539325,5.676608391458501,5.372151449968726,5.23898820277941,10.730370242919037,6.931737117010471,6.663088796904617,6.049853053119648,8.373813367013042,6.31230030993612,7.270576728755032,7.950196035203248,7.609239666557244,27.380632590439404,22.098260757443484,6.926117012540374,6.623568811223095,7.234579390881151,7.3287129897280465,6.459140185615411,7.600257263464755,8.637785105439264,6.865599395626475,5.947538078938976,6.081125840060793,6.456982439762953,6.628631817107873,6.457481185389099,6.719884874318836,6.438231937118417,6.434969865241101,5.858794269049895,5.873939624790637,5.690311884093148,6.128770125053677,6.088983720075021,5.8778469762353325,6.423655950537523,6.414539450822701,6.003252628560233,5.397101724221727,7.3151343668341156,6.657216300071582,4.677110157486936,9.786643033218184,5.754676260428539,5.354991601486859,8.335354102969745,7.4383293710774865,4.6655260758070085,7.261111187012887,5.002704767174748,5.224545403491675,6.968731663534072,5.836859096127796,4.4031767064338965,6.839680339862866,5.486049764576308
326650_8_consensus.txt,7.375737380275723,7.873580056290734,7.972102976733254,7.352026070147474,7.93883584426834,8.652096062803082,7.70273243665514,9.157561000260216,9.235703137154587,9.052453688647631,8.225485644682067,9.064441657833925,7.954448211265685,8.623915406735648,8.21123879422754,7.540623123539945,7.666673175058577,9.06221340243644,1.7031397576630525,1.2112853490669977,1.8279277284368616,1.1146628599058772,1.2404421812850046,1.7634229227406877,1.6801862484126104,1.258875056513716,2.0679547221251937,1.4066835873512673,1.0953943833088715,1.3411298630716717,1.315052238840508,1.0868783018177055,1.276776903117934,1.140918296896075,0.0,1.5574649758664236,6.071236898269603,6.27676713066262,6.45257963116228,7.202643179917914,6.396129522782303,6.728680639883407,6.140174154437318,6.347737161862199,6.4617738634999,7.326189637995867,6.671973536442465,6.875346343484807,5.9982526628221535,6.527953691372318,7.047804236494415,6.885485713370258,6.240831086283606,6.519682326796328,3.1292880843009243,3.0957778828515075,2.929982625777484,3.5191697069602697,3.236580541319768,3.07606170189996,3.154702170245173,3.147056986561097,2.949595266592155,3.4535764528134223,3.1952952609741487,3.01572939066358,3.112519404067825,3.110595237832684,2.9452535118959418,3.433482172006848,3.233489239318488,3.0456754565630035,4.327041296212826,6.675414053372947,6.634606304664999,4.832632971926955,3.6204737396864735,4.373779557909245,4.132689650633267,5.735982779668007,7.4687101696951,3.640573682622517,3.165288813666848,3.3847745464818217,4.031575555195559,8.684801706308349,6.655784987971515,3.2074916916912457,3.20517719247556,3.635845643832511,5.312937592367575,4.725104542355098,4.605705310377687,4.699560044338227,4.907672852125302,4.702967065522671,4.880788092413923,4.611088103605596,4.591102599688952,4.834465599388295,4.986043625021864,15.25655368344809,5.373177899845416,5.0043862895988696,5.0987479727401706,4.666999890669274,4.8387402809417495,8.39389408004564,5.735856415317301,6.006264656965186,5.998108633930315,5.756113992391306,5.873237824511136,5.901993302848666,5.409621162767166,5.750352691925684,5.731000837688953,5.841626193059767,6.701648795100027,6.808185243641788,5.897158427860404,6.269438293287124,6.000962775699065,6.087077499577504,5.907325862476228,5.716655455950161,11.186446493696394,7.303471544136073,7.065059513142955,6.590581672529993,8.881410032640588,6.751025147494886,7.709985383818946,8.38828589213756,8.11041982290078,28.081683620824947,22.403646475300263,7.355443776219943,7.039665311530541,7.597235493205915,7.755823611881397,6.963984196823617,7.909710229448024,9.023511231731275,7.414962943416071,6.560557521561236,6.7340204790194775,7.384788128144407,7.452472774244541,7.117515864865652,7.21258743056319,7.069037738944587,7.07001453624423,6.784984987470807,6.656629579393893,6.296217572046487,6.609692438784748,6.682579402900672,6.36281802052622,7.340615660066192,7.236669002065014,6.697977967462691,6.153434190603662,7.91669923726738,7.452555071725669,5.73984143767558,10.43009149922176,6.6087888516792646,6.040427788261923,9.096370122734925,8.081193278598562,5.843550533211328,7.836491965884306,5.806718508451354,5.872257564744075,7.467225033062505,6.564712264284083,5.54645224641331,7.564827912880844,6.37148684305015
326650_9_consensus.txt,7.20002009748805,7.758348389553987,7.8444738464195325,7.242565023364875,7.831203452670707,8.526879010822427,7.537661884964621,8.980943719001573,9.1253950165962,8.935145227157022,8.158674417320185,8.929820972359323,7.801688719963408,8.419699486856473,8.104140863664952,7.35898232201373,7.536546097259759,8.880116886867654,1.8733890292376143,1.3964765535903894,1.944823369950768,1.4037147909810983,1.4863870397367125,1.907194521191912,1.872251261996951,1.508465236762902,2.22873885850737,1.7079327332047,1.3640932696881691,1.5688548883659903,1.5131562418669091,1.3467828768161212,1.4736822093157116,1.428004195105416,1.5574649758664236,0.0,6.3379667778633575,6.532767719485378,6.692000953484239,7.475632955349738,6.684887555807961,6.976667047507704,6.39414831699952,6.610371510485095,6.716282141140368,7.590123923137526,6.934590037305497,7.118978443853052,6.251990556438557,6.784026637375632,7.280172835674307,7.136207900240265,6.5176525341317415,6.769362508947268,3.4204394711649684,3.403005316221368,3.2873401422078814,3.827117584446512,3.5718961364966617,3.4090402574965992,3.437912451274656,3.449295331175449,3.291051217200049,3.785954427258389,3.538160251737736,3.3429477594035006,3.408227917679937,3.4199132148906983,3.29146663664784,3.756434703204548,3.579921032037248,3.385540803512299,4.431354774701049,6.815655087941536,6.693180398692959,4.975922456049091,3.7550819447486106,4.5472960972686565,4.279949046181855,5.913748890089721,7.768182374465084,3.710830216428064,3.3324096814211543,3.525693889346712,4.122491862588788,8.825730347011813,6.909021447532268,3.336619142793097,3.331094188272232,3.698990679619726,5.2754126367072445,4.679657922311435,4.615785905964117,4.67789635795009,4.888047170741515,4.7047343937258574,4.848495368318879,4.614426115197205,4.568144025327513,4.78715304827017,4.920566271886571,15.220657850400585,5.2365976817584965,4.939789040173423,5.026523824511571,4.6641584629327895,4.825113318040962,8.341824663325838,5.785469135519804,6.049917162620204,6.017368589760679,5.845961676271202,5.916989798438408,5.956220571631889,5.501338370044266,5.867505317762095,5.83245769898798,5.877603332181593,6.741772986229762,6.891902284771504,5.959340469283177,6.354437428081894,6.058852128997955,6.1149594521307336,5.981021894544256,5.780040350243723,11.211287886378898,7.191129674052775,7.117634432132661,6.58654224083358,8.933514669384863,6.772114547468732,7.791651268184125,8.436116630371146,8.14294778385954,28.055924424097952,22.524120870088893,7.323359364543705,6.99107263810896,7.503556068832438,7.779172221921499,6.915260550187895,7.835984816380687,8.94074897037791,7.434315696491581,6.578764421542303,6.765357714113804,7.431026424603033,7.478153648550347,7.151513224654309,7.235591973035923,7.118220400476957,7.101168042068821,6.852061897067813,6.695469592705535,6.315416179532008,6.581939101234525,6.692597475532921,6.354150871491129,7.396513478934708,7.276691518618293,6.750762679246236,6.151177589482529,8.014628860715959,7.531891150192905,5.79743739365324,10.417121686332337,6.670371772629721,6.160467436478143,9.185219518676604,8.088202187071886,6.002637133618293,7.875652211524368,5.90272176238409,5.928024257432071,7.611051106029492,6.634686092656466,5.697164756485222,7.577400356346516,6.444566878040973
326651_10_consensus.txt,10.03951394524131,10.37684520122076,10.660266157307206,9.884491772116403,10.728806119404908,11.508798539382724,10.005243679525847,11.437207374964544,11.785225412182854,11.302121755326423,10.77369668649601,11.731774918430403,10.323366792582874,11.165976670822149,11.001380284876234,10.141670713576788,10.344791384803386,11.710799999158269,6.288843225706501,5.917047006651387,6.527240527871868,5.488475670884839,6.0085976688551455,6.358779907024939,6.407738850868952,5.77257558878938,6.577415487463782,5.583299484941165,5.700704736349564,5.87354029118751,5.931410021095644,5.538849424970294,5.663540009009921,5.447738044660696,6.071236898269603,6.3379667778633575,0.0,0.5231820094508066,0.5196899631289966,0.737150653874437,0.4837003604599204,0.5699217441991777,0.4026896687693124,0.5570070058935812,0.5344839764410381,0.8519549242225821,0.564212729988185,0.6575395369461603,0.3924620433764971,0.5403719043245587,0.682228231369777,0.659956129204943,0.4877503500079569,0.5662993956480591,5.546662457027082,5.578820155314531,5.538849544246773,5.72877593886858,5.563195248788702,5.499962912143133,5.623206005704674,5.628927797339429,5.646264214033522,5.600978179804883,5.569111156546853,5.44423304061695,5.586283419199276,5.533535668041395,5.575014286882094,5.661185768997598,5.61228011746249,5.45509673086957,6.997478512550799,9.683595382879048,9.456025574463524,7.176768424936824,6.124413514892751,6.9194838259829226,7.169674848416207,8.472277412965411,9.79004601946076,6.257369090644829,5.677227985997888,6.056788748733879,6.912746280150657,10.712536362287096,9.466756368104086,5.824865177978268,5.73775713559138,6.6905017240073335,8.704421045870447,8.316901496703395,8.077961360578684,7.975368204869653,8.21674900131444,7.930546034192616,8.225153961285343,7.944669831622264,7.8811061483689855,7.995556573100089,8.228701074091703,18.16563064659124,8.801415154466156,8.243281827357919,8.361364910367456,7.94737211983653,8.308596274244792,11.438703483504357,9.522495126893489,9.513464667829112,9.78747298497018,9.435805574113203,9.416541676346526,9.495722157531816,9.140860273380724,9.26134738925225,9.146453585656218,9.38968053215683,10.083106266430375,10.259339920466346,9.525881925405542,9.79936913062454,9.575924562740283,9.70568556760054,9.197407820437547,9.366351415477991,13.202850947558945,9.989323072787895,9.248859532254016,8.948115711833509,10.9967515224792,9.154724095319864,9.907526133413796,10.554223430245315,10.14594369672136,29.882236222488245,23.684882433194105,9.740806445150213,9.714310174490263,10.350456646131704,9.985279266513317,9.520681927512271,10.61376037817081,11.54132472317093,9.671172843811178,8.904474676593168,8.894494202037777,9.38817327275433,9.597277925514447,9.34742706233493,9.540153208793528,9.149523471732834,9.215744047931535,8.864930396566479,8.878230133864918,8.678202142183068,9.116679200119904,9.029783747389558,8.773504539920623,9.323927073495668,9.37665962756114,8.837083871702532,10.022118191551217,11.72350420094108,11.310938238247616,9.503881268594228,14.115993274274842,10.287716141443354,9.59505817687915,12.648589635581288,11.291971771594774,9.41430641202146,11.441426391417792,9.686052670593597,9.551770354892938,11.315206170180772,10.31198275462907,9.144944993709885,11.12320920568095,10.11253975693893
326651_11_consensus.txt,10.285256867610428,10.645349336834444,10.926268155363688,10.138208094124709,10.973128259787076,11.748508098285924,10.258279735358542,11.705404422189416,12.049749400886526,11.569942551505562,11.003425711456316,11.955789513906382,10.587664752903947,11.41267388413604,11.239886336307222,10.379724135954916,10.561020041456572,11.930579850363472,6.4622534440902655,6.103475214227785,6.709691192170794,5.717293718952647,6.215400697368523,6.561410757873659,6.5793017379455705,5.982293050840497,6.7479340507089205,5.810626810525889,5.920055849713435,6.058560360028082,6.120635630368838,5.750865776359603,5.85217624492941,5.671948788491932,6.27676713066262,6.532767719485378,0.5231820094508066,0.0,0.5196609566234542,0.7953708145278142,0.5114054575121258,0.5948741193016076,0.5181940700824157,0.3947683819762346,0.5403771154179822,0.9079869564836828,0.6072127181379869,0.6893250019611514,0.5372177146813897,0.4045186079886775,0.701667806216733,0.7277014275045985,0.5113709995601994,0.589672251796344,5.800837374217053,5.842704405965435,5.821589934519693,6.016187482609837,5.862972387079367,5.783623831955367,5.873603419953952,5.895990144916709,5.926581857682436,5.88795860065602,5.864896213758186,5.724326513139829,5.835206207673423,5.809232426418532,5.857957184365716,5.950319288350158,5.904810726708831,5.728679518244007,7.200253893477509,9.91916123369191,9.614130743625708,7.364609197118851,6.342729721951798,7.1565575495465055,7.342901902099811,8.64481409399383,10.00586430086355,6.455021939594644,5.89791437132817,6.277643574008096,7.100057564103508,10.962917831154924,9.699002840064397,6.035009926600196,5.939389381156332,6.89796432507535,8.864999511712199,8.51899334432784,8.271916297939356,8.15965579532758,8.40370361427614,8.111488604637316,8.428994648319588,8.153197573682235,8.076055152335812,8.179482847323584,8.385304263212504,18.20905897478053,8.947259061366879,8.407569192707683,8.532089397066102,8.146860198615457,8.502826480127169,11.636469959874772,9.716983344990297,9.69541631003591,9.99202010850894,9.62889456319664,9.622461996589491,9.660589925181796,9.321964998310136,9.455454842516474,9.356448826409178,9.553045143898204,10.270091458928109,10.433100526827388,9.71035902519634,9.966687423656252,9.75576936692886,9.890513197621658,9.38255828442675,9.543930258178989,13.393987690871654,10.166893828847776,9.422634118649398,9.14429455179959,11.18960244168909,9.361316889482907,10.117136724939542,10.716355787955592,10.32906604208108,30.05835610435554,23.839187040734828,9.908013817589849,9.90676253782243,10.513616751301868,10.179528869265312,9.6817807669849,10.771330624620532,11.661015063851664,9.934058475143956,9.15293874257378,9.179724242307316,9.682420585693308,9.871736930093846,9.638311639429446,9.778597808778612,9.40136115505993,9.48312999653058,9.164484173515632,9.160716183308123,8.948975413380083,9.350930848821406,9.28879082950641,9.03746857964967,9.600546419129955,9.653740071862842,9.130720086403414,10.214230373631551,11.850816324851394,11.525280760994065,9.72240188731081,14.249225257384296,10.49303516771721,9.798954675796324,12.81186055839686,11.446120258973338,9.648312202982652,11.58848428746677,9.88620790784836,9.726438408759575,11.472030032479095,10.480099288585734,9.38083356154857,11.31370909725058,10.336947776914885
326651_12_consensus.txt,10.389497218054204,10.791765617932072,11.05455862664212,10.238124844618198,11.118866259708852,11.885926764024646,10.393085591253111,11.81964683535938,12.187662185682257,11.698171473409955,11.177574682401769,12.100049444352976,10.688074094571334,11.529368779315064,11.398861350461402,10.50553840901364,10.73007518294719,12.084480641741152,6.664251297025544,6.286137228107975,6.920323107988793,5.865412980367523,6.405295681166308,6.760942532937349,6.77064215503151,6.188437253449422,6.982006295364101,5.925046581126651,6.08295745409248,6.2302297791848105,6.294471974601663,5.915149215097188,6.040890432457104,5.828440912754331,6.45257963116228,6.692000953484239,0.5196899631289966,0.5196609566234542,0.0,0.6733713546501008,0.4587744626357448,0.5262565503482506,0.5183016499311179,0.5095789250913185,0.3779389524267458,0.7771518230727565,0.5443681952699535,0.5900800108939279,0.5138389252296633,0.4974116214903574,0.4777015171159178,0.618368113647648,0.4770698664784731,0.5244385619175205,5.905635244905966,5.948292041639832,5.956670991580836,6.078181029053667,5.95444297998398,5.890855415316764,5.97674521349137,5.9932304041557245,6.046126555524779,5.954917535320419,5.955620122089613,5.829209389399921,5.936919461971343,5.909472340585012,6.002451183685082,6.020146536009122,5.99830329426328,5.83651372985787,7.340365191236174,10.033076320349892,9.777864154040287,7.487671202169906,6.472419674198306,7.30623344657954,7.505594450245667,8.82167676828027,10.188456721882687,6.57271807066337,6.026593412423267,6.402550302276268,7.250915936339027,11.151529837387043,9.883249317474338,6.152215810376163,6.050716051871973,7.005721891616076,9.054085279025005,8.624659754986396,8.408597606085095,8.236951348723096,8.486640009727466,8.194790636768971,8.579226004611428,8.240403780305655,8.18622065629944,8.27014935286661,8.479092030353286,18.385599946742506,9.073762061336936,8.498337413798595,8.63808027968679,8.237474933883334,8.596220523277225,11.825765612539383,9.81056462634018,9.776818660529557,10.071052175119403,9.743362778360565,9.72288224029694,9.7628755655507,9.432271172722096,9.569671069449951,9.46932031654137,9.651977857079032,10.361827948645043,10.53668574971914,9.793661959412702,10.05286517571068,9.8492326353836,9.99842828230146,9.506983468357532,9.633026543078415,13.485466248351145,10.201917688421702,9.530294558511628,9.214584522026996,11.294735199974468,9.450132475673342,10.21582971409066,10.823720573925073,10.44530235611569,30.046500500794536,23.98214665376821,9.96515266990474,9.949402037426182,10.577742069736416,10.253038405634696,9.75307461653574,10.842508663296767,11.722702378268536,10.081091107829309,9.25931101320083,9.288395491813787,9.736320674160254,9.93861091483501,9.728224549522793,9.907790799230495,9.526821975750636,9.611059225321696,9.221044000423433,9.235659537364995,9.044355124254707,9.488212034594994,9.391560065314138,9.16877660978514,9.653341130496813,9.724805948076494,9.217198137846763,10.31047337084044,12.004290511086424,11.573274333328186,9.769270040968422,14.381432261170517,10.564870773521989,9.919860944037907,12.908109907206608,11.57010983213138,9.71802748807869,11.696539684844709,9.975475783525098,9.837509884822907,11.612917604868926,10.583245978314494,9.435746726022389,11.413044979713163,10.41562108853924
326651_13_consensus.txt,10.767453685244618,11.310273404515383,11.672331168439712,10.726298401722543,11.785695603463523,12.497941963737276,10.75816427917232,12.268304982267978,12.873368758422316,12.071689825179874,11.870156143324778,12.620531965068269,11.156734356323682,12.040268089293704,12.136573344606518,10.94044892419629,11.293159054482317,12.677368316459308,7.474542233283898,7.038123463019247,7.764520129250968,6.393056961646153,7.1569784325664045,7.541943367102021,7.574493043172481,7.003864532271507,7.832533435505354,6.275099707802781,6.733828740526633,6.963778497345743,7.065947876008977,6.594682568974406,6.760157418805534,6.332363386070938,7.202643179917914,7.475632955349738,0.737150653874437,0.7953708145278142,0.6733713546501008,0.0,0.4921039254866173,0.4855308116426045,0.8121419847165612,0.8195433969843862,0.6309711793202268,0.2432231846806871,0.3982887884227466,0.4254237210755605,0.6032352174592575,0.5750353155987113,0.4223690491950265,0.2531441084777839,0.5066991537898389,0.5299600005961906,6.335321605428476,6.3619332583098185,6.507133109051438,6.289870000278711,6.28066892289138,6.314914257408077,6.396783343074674,6.422244807980633,6.6605912524795485,6.15570539135166,6.294391166835965,6.249661056369405,6.420432923660087,6.34779487724029,6.6264720529933925,6.227155615533036,6.3408579095006985,6.236206761808148,8.0158215736692,10.855911298254966,10.49614095015886,7.957309699369603,6.962983413069821,8.077490961981766,8.292398579857263,9.61219797151989,10.986800923572162,7.077728967691655,6.584334377630682,7.0487443820329645,7.9489718328165395,11.953332944426734,10.705053893173272,6.664517950187019,6.528590427601671,7.641120545983881,9.784924306611742,9.16918179363006,8.982945954921206,8.60258030318056,8.82271049856871,8.606128359639683,9.100274648156926,8.659328912506567,8.646294177949358,8.712649013890825,9.015484808611518,19.17275689030908,9.797237162621798,8.97249903037357,9.200039895817495,8.6137052173479,9.084183966284629,12.513170191368433,10.22007665060272,10.096157771272942,10.441150221404712,10.232036217472285,10.094696035809193,10.17388742394678,9.923723542471407,9.979403447188986,9.854216088787323,10.039551983753768,10.592251271323107,10.819964366442662,10.148570934960958,10.341784526626157,10.174914331309935,10.442706014485736,9.869584853710876,10.01553785748797,14.002666834499507,10.642646082794556,10.106375435166512,9.674007301846244,11.807068538551846,10.037882463125868,10.778872271885293,11.391875624302656,10.97905392427623,30.141701927481108,24.60246722391787,10.39376607116759,10.362941192202584,11.042478006567308,10.811743341842885,10.145382274003625,11.29282904424008,12.193386839047832,10.46808552009827,9.597409415067148,9.576213661293878,9.773701607061753,10.06812904169766,9.984042281012536,10.343206237904552,9.832789685975854,9.90845816930431,9.258659725423511,9.373883814155931,9.31867079018224,9.894978244385811,9.692239040734762,9.527955837559034,9.696083980716026,9.863400565105565,9.461667244774048,10.629302175119165,12.49206171783294,11.894557114705094,9.794968691456802,14.889678314301593,10.786628792855709,10.299061152159595,13.360993114508004,11.9799117683948,9.755124034733797,12.205990472799783,10.307241473570173,10.240952557986702,12.216304124410556,10.978785854644856,9.514125808828908,11.828611785309192,10.644805888262
326651_14_consensus.txt,10.281662694175054,10.70997975223139,11.031229212869675,10.14559643358183,11.120410977980498,11.85062488929077,10.250730813009966,11.73266209152996,12.171003139236744,11.571505189391758,11.188121830100783,12.049117251820633,10.58500833017689,11.47412097022891,11.409312285986973,10.404276570530158,10.653888212083077,12.043972905037151,6.636187461870236,6.229599294860577,6.917339362023597,5.680895530229066,6.336937326358111,6.726967801081969,6.74093331850861,6.136070572257665,6.972263839841617,5.677916585876631,5.977479962204825,6.1645362501174645,6.25712598686755,5.811855115394792,5.977168930957362,5.637368696565602,6.396129522782303,6.684887555807961,0.4837003604599204,0.5114054575121258,0.4587744626357448,0.4921039254866173,0.0,0.4159321507166851,0.5187090797458609,0.5258977209037994,0.4605492527700789,0.5888715942955969,0.2995775466678196,0.471553314884261,0.4213704375310385,0.43403165906102,0.4865716493750938,0.4611992019466697,0.2687094594286918,0.4382867997919675,5.727903189019571,5.755746453426582,5.804722099253581,5.795668941368206,5.708378385938829,5.683866742335965,5.80017281618035,5.810453800322648,5.920812950314144,5.663392761290197,5.702866735761404,5.620291326804534,5.784125506393025,5.723813373885434,5.87259383822277,5.735116530390599,5.754612592244257,5.618600887563503,7.287453817888149,10.05113134254242,9.78150594737673,7.356740302175638,6.322392412875274,7.291003214631473,7.508884190286437,8.823151984732931,10.160297333305778,6.4726731670101,5.909025896493745,6.345212755581315,7.200935814317177,11.151527717316752,9.87983077049563,6.031710117038642,5.918096740976409,6.958858751846663,9.040604971857135,8.555658657004983,8.362339637105322,8.098718048328124,8.332639632440873,8.07815362534268,8.483878061294376,8.116458258158218,8.082483228648528,8.166205038790565,8.441909821631384,18.47550188233368,9.1204172326577,8.423507398571644,8.613794933705435,8.097016854830258,8.500260852016368,11.816125807472304,9.686129606196346,9.60212574708396,9.930931619921353,9.642334300186915,9.569084986867551,9.62562953227905,9.32160669858962,9.396201467582898,9.287023035119889,9.52139957912732,10.15397362772319,10.34298333443934,9.634354944191555,9.8537888188456,9.678513910751008,9.88913635310206,9.331532472724009,9.49255157701407,13.402210221090854,10.128929849633778,9.4743799646767,9.101298939526371,11.21425706271981,9.392972117296154,10.11703844028318,10.737234787767136,10.373302570421174,29.82833495051625,23.89985117941751,9.86266480648743,9.842415947994368,10.507613044292556,10.203652667070685,9.639397061542295,10.757147711854202,11.660430303314229,9.87444344298416,9.04641401935703,9.04643263653253,9.381065719636922,9.63641744479537,9.465838940745073,9.744941466015293,9.283990814747426,9.376458784788383,8.860494751081433,8.920860268361139,8.807882974811491,9.311720327767604,9.16142246445378,8.964345553557223,9.30948800216828,9.422217331716638,8.955717849756525,10.153599266135188,11.9220316671682,11.442671709165722,9.470973292549049,14.338132171579671,10.367768253586064,9.781794800883688,12.818964750707096,11.439765295755535,9.40228674874072,11.641368923157472,9.818947010671025,9.72635042460672,11.559953060860948,10.459101596085986,9.133700791115588,11.297165886586242,10.2027947974251
326651_15_consensus.txt,10.407958321399008,10.898998874679933,11.234389554114614,10.326809579155396,11.329370878177087,12.018552961789284,10.370308511078065,11.893093331287616,12.370252112467142,11.696072924000704,11.381018043243555,12.201955128291443,10.75078637364294,11.599687961769632,11.593226126065758,10.559236175129628,10.799803875283772,12.191946658659958,6.973879966313405,6.565804116254185,7.2350842941471,6.015052076464542,6.669916710592247,7.053183557132627,7.078913899384929,6.508224817924088,7.305033353092767,5.969137580820757,6.29142878573623,6.483798263633503,6.581146019392349,6.137584875163498,6.281238019672969,5.961219727868524,6.728680639883407,6.976667047507704,0.5699217441991777,0.5948741193016076,0.5262565503482506,0.4855308116426045,0.4159321507166851,0.0,0.6080038268253247,0.6051474005948876,0.5125906256147914,0.5436566646474148,0.4100683900027206,0.3269339116889114,0.4719533892839536,0.4687199657294059,0.4613148833951754,0.4572472571392723,0.4355839665473127,0.3319771942661305,5.979385677892367,6.027866669983268,6.124558685362104,6.050185884567611,6.001271890844919,5.98089865885197,6.04736348351264,6.077199237080208,6.24670414844627,5.934949122493833,6.010170784314369,5.916900232675744,6.046092335058006,5.994465836663835,6.205575988813621,6.004811618681629,6.055757941162938,5.918530500166298,7.592268679058861,10.404047970343356,10.059007676203748,7.646553426872288,6.626142821378039,7.632005582078932,7.838199024932749,9.17679150534343,10.474276381710697,6.734617824869815,6.241545316547274,6.649128664016246,7.527077043768827,11.551432348964624,10.24917379473618,6.3349079753768365,6.221908350152717,7.2515914372959855,9.242674140777751,8.726826857336277,8.542108754196363,8.237635030155502,8.469470971559304,8.21727964512121,8.649966043956056,8.280111684047199,8.235033958990414,8.297611612872743,8.570047396515065,18.618187735499987,9.256603708901425,8.538530053533918,8.722133343884934,8.251980794855626,8.66458813302836,11.983445475630331,9.890687118742449,9.805426517842308,10.140217859716133,9.867771613801892,9.768249581845737,9.844948955298946,9.562348502827604,9.646382433349912,9.496919697814064,9.69842493620422,10.326050446840496,10.514277926991896,9.833065444285069,10.041085183293148,9.874789623615015,10.093420879437415,9.55119104785058,9.708308260515937,13.46515675426906,10.176884617759017,9.58982112471358,9.172007532178782,11.32557733131,9.491289064513296,10.24377697275554,10.851819557890906,10.447206210630725,29.902566468202053,24.07196705178933,9.919632630815158,9.898037906646891,10.565450405281467,10.266891229672126,9.686689283532758,10.811013114660796,11.719129427497592,10.017254874655691,9.189145067658728,9.183189811994453,9.501894079808096,9.74870761428349,9.617361329297978,9.887156237204806,9.415231366687236,9.50829214795965,8.995149072894549,9.0462408461932,8.95253249698959,9.463987132924672,9.278408765160693,9.090520373627555,9.427908067670614,9.550795307588032,9.101300356881213,10.300782906040354,12.140655756591002,11.587693636715471,9.618944581578774,14.499877040028425,10.521875113583803,9.9659128542458,12.98476474400468,11.575652013220576,9.57915893009232,11.788160426277043,10.026339869865184,9.873651474210988,11.776653367615893,10.631993704006163,9.33063126991044,11.455254606112192,10.35813146092056
326651_16_consensus.txt,10.217235162471752,10.546726965584073,10.771816154672194,10.03756966030653,10.83592180847694,11.62374191326603,10.208722485200552,11.605304051001385,11.88042033334915,11.469948912784671,10.918705185553904,11.864932663113336,10.506388628649631,11.326154209400444,11.083001571208117,10.299393233233332,10.455798424103932,11.831260733185673,6.3305450116857855,5.962398749545059,6.56264614481961,5.604299045560481,6.071426224588436,6.419224600489315,6.445982018349355,5.830691284791271,6.601496446329804,5.73883436745632,5.798396157027639,5.94340431662954,5.988508028004844,5.61779833176314,5.731852150613577,5.572280252735425,6.140174154437318,6.39414831699952,0.4026896687693124,0.5181940700824157,0.5183016499311179,0.8121419847165612,0.5187090797458609,0.6080038268253247,0.0,0.5199805092982501,0.5371585304885684,0.9359759293629965,0.6357671203080031,0.6982255113331917,0.4283764405209354,0.5632772901802809,0.7200128688654104,0.7438909696517726,0.5288393938163267,0.6125320881210996,5.689299959352979,5.7409349445900375,5.672404674981976,5.939037939189973,5.759331129434315,5.659674651980254,5.769579818638931,5.783209972726013,5.768062683388052,5.810976191888244,5.753971776830042,5.610315245618551,5.7175570658337165,5.68650124499311,5.691201129181252,5.86866835893187,5.796295639604921,5.618756582660637,7.040077180113144,9.679683664738375,9.50542220781074,7.242287014411204,6.226980861675258,6.963174050002465,7.1922090356652575,8.460643166868351,9.820168937919846,6.338985119933795,5.74913976140806,6.134067856201625,6.93837506820779,10.759663299350676,9.49962227206214,5.905952404086747,5.83489837451674,6.75479901159639,8.7008830398849,8.375145346589647,8.120951784270403,8.062903922289479,8.306656855431697,8.002297941308825,8.28360446259785,8.037438268448284,7.945073643495959,8.060454804023095,8.261209340510732,18.115534600960416,8.795859962842599,8.29110312566479,8.395879550368477,8.035060862019122,8.368443418654692,11.4490897380295,9.598454521462545,9.606957178340622,9.885277599327935,9.501654654130505,9.529120868545988,9.586520782117816,9.188816695901778,9.338029433218765,9.253375804123152,9.476032384399218,10.211148984986778,10.384033526402504,9.612300887781087,9.902132372135044,9.66390926858412,9.78922607179868,9.304751097809516,9.476468926936604,13.282294168886324,10.10501126464095,9.324820143145075,9.066017604604838,11.120350230827,9.26054726723538,10.02147517052464,10.648296986934952,10.242031217022372,30.045624598747168,23.75784217509107,9.872858675467342,9.837725274635943,10.465713337157467,10.104770065664413,9.648576834719734,10.747226980063488,11.628403690838011,9.884430372190764,9.11965144558866,9.12632705737684,9.680663718853168,9.86536111372942,9.58401982333396,9.72999920307086,9.372921852138006,9.444455039956097,9.14761024246434,9.13525460829959,8.890966867924817,9.290965782647676,9.233472424468689,8.953963382581492,9.609765739754948,9.64573900829555,9.070147192953414,10.177564737057708,11.81716779217021,11.499734941184215,9.73057955204115,14.269720567411696,10.46186256339314,9.7366594863214,12.77973994122192,11.394784758264109,9.647292382764078,11.56553726301587,9.832494282644518,9.674039164877684,11.388391895274822,10.45712511769142,9.363327777117036,11.25100342681219,10.308467007865204
326651_17_consensus.txt,10.416517332547926,10.772557376315262,10.984289243554542,10.238797069252996,11.040589639215966,11.823621464708594,10.38034192753122,11.805432266820162,12.11291270209881,11.68469231181217,11.11912345028253,12.041665667572886,10.694790821566585,11.513195924028023,11.318020433126208,10.489216063468689,10.645816313536898,12.023013768611236,6.529096269458364,6.1692668801501895,6.769124973772307,5.812224352389023,6.281157314862412,6.615478921140436,6.659520871936763,6.043768106138089,6.80586972322493,5.914827760444268,6.007530581364222,6.11998834367904,6.189159971160905,5.836163883417953,5.920946574697439,5.777615348924883,6.347737161862199,6.610371510485095,0.5570070058935812,0.3947683819762346,0.5095789250913185,0.8195433969843862,0.5258977209037994,0.6051474005948876,0.5199805092982501,0.0,0.5344951693278972,0.9535909463320992,0.6442436537253684,0.6938238274654509,0.5689856798271649,0.4265433016548172,0.6974489351765669,0.7730254348279573,0.5420474474731805,0.6016286083825548,5.827074965222209,5.878990473797671,5.851446440076927,6.0800533048928855,5.92265029005307,5.824452874878261,5.901819299452939,5.930662784391757,5.943045542455366,5.9569109318771325,5.913794336729666,5.768446205163059,5.849644947463958,5.843361782068087,5.875982487991507,6.018574488761544,5.956866213152125,5.77432098596654,7.208421454220286,9.888226182043695,9.667604556011383,7.383639769423837,6.374088341577249,7.15803068246214,7.338991007348852,8.625898560034159,9.967268946873844,6.491358539782254,5.930423548185502,6.28773376055176,7.116251755354767,10.96544500502921,9.702903721454902,6.062557162807593,5.984996396109864,6.9151018781072935,8.937121528887985,8.60524504497937,8.349669661000974,8.261834510885194,8.51193522949643,8.201029717436086,8.52219560022229,8.255028796615022,8.158908177556043,8.258319618729104,8.45297783977253,18.27417939232584,8.999714760787072,8.482549553597096,8.592825495277339,8.257244612450677,8.582079082823554,11.69807595396668,9.858942186191314,9.836081226212912,10.12258576954929,9.741346159127716,9.775552152878731,9.82081940475581,9.448706816269862,9.585086209634085,9.506368754697291,9.682988671570628,10.444025453828488,10.596595765925656,9.854527989715336,10.11602057580302,9.909148359043796,10.012370806303352,9.53567778822662,9.690767041985964,13.413985944816034,10.1938901596302,9.434687896995117,9.17094914203301,11.23196890795498,9.370626300979438,10.136700845915982,10.738597308325325,10.353180838776268,30.135340987056395,23.8666170244054,9.949152536218833,9.951378631859086,10.539620394416149,10.175276060343949,9.736536364073745,10.818168914932984,11.70506137526354,10.007950253865204,9.23767302766504,9.263395491329504,9.802507880557355,9.972237134576176,9.73047734587078,9.842394537289069,9.476719729611602,9.57453115093739,9.27709818055814,9.267983737624776,9.039899152657313,9.428350791340108,9.36615875318057,9.11003945999488,9.71630754050858,9.75629931731396,9.221390130017085,10.248670304058692,11.871443654348012,11.550553325248586,9.824266863042794,14.230496337213369,10.532292706636383,9.833809399919687,12.8380825630544,11.4406912981201,9.752919233630394,11.593344582165855,9.941545259657346,9.75512861371368,11.454264366202947,10.52109316214188,9.476534509715862,11.325416703274245,10.413655603373629
326651_18_consensus.txt,10.38782206974497,10.774282447988526,11.054350263936044,10.219973255196464,11.119818774773876,11.88066815829518,10.36635624288408,11.82742768410975,12.202887635293392,11.677582464982208,11.185309474023711,12.113970684186713,10.666391737203412,11.520282647043985,11.383942555266856,10.506693666799949,10.703113164209356,12.071161903376831,6.695627900591603,6.305402558929529,6.948867822930652,5.859358796508957,6.414501229698772,6.763975736935265,6.78292112673563,6.198286039293919,6.996541803861248,5.918809209617905,6.102784594337265,6.263679084811543,6.319558109400532,5.934789375355763,6.050764473959589,5.818416881388259,6.4617738634999,6.716282141140368,0.5344839764410381,0.5403771154179822,0.3779389524267458,0.6309711793202268,0.4605492527700789,0.5125906256147914,0.5371585304885684,0.5344951693278972,0.0,0.7486218173107773,0.5381358403020045,0.584277894846764,0.5062433244635827,0.5187187716333597,0.4722884963621254,0.5864456850554802,0.4747043096026573,0.5078193350609581,5.93892377665594,5.975163408422361,5.973821929009773,6.091657594514459,5.962528942485562,5.899797628317231,6.012257227919179,6.013882597096085,6.071652342681887,5.967713274807295,5.961792984621468,5.840436407938682,5.981766488964126,5.934184002658753,6.021415109009922,6.033663278580832,6.006813851777622,5.848587956474376,7.399684599175998,10.138442935197531,9.825111943593072,7.543640567105626,6.511861230010254,7.377838759240433,7.591794977257223,8.881925466142718,10.21276429752254,6.644362970731038,6.067301071049144,6.472887671216085,7.303297229255918,11.198795151545824,9.936714344196387,6.21379280031033,6.117229492733657,7.076893625811294,9.062338010074882,8.665031667366634,8.459131095236728,8.28423190961405,8.518400037186098,8.246055608662573,8.599052209115769,8.278486806133856,8.220106601784892,8.321023119599431,8.553957901011984,18.479230272598382,9.156635516602648,8.560798451495032,8.713215042066167,8.282102240499057,8.645483667996928,11.828633669103285,9.849592499110486,9.791735630143364,10.100686459270776,9.793314500991926,9.736745818453189,9.801726084746008,9.472956435031731,9.58200997357136,9.467234420940317,9.695282502761527,10.383065345155444,10.547793082330884,9.826455250284994,10.079178747791277,9.867377228023996,10.037783677320531,9.52201014285214,9.656216857943493,13.498950774660614,10.254183887269676,9.557645921025426,9.256850252906474,11.283931338585091,9.48196283733813,10.225739796951984,10.844960290734662,10.474511279770413,30.12405459763886,23.974382832161268,9.996592695839864,9.989193979643062,10.60850932090193,10.306385004827687,9.803912889214416,10.859822300999896,11.772352091784684,10.054232854887346,9.24868025773327,9.272613157839942,9.705266268311902,9.910717544641102,9.692167920130773,9.898167999021268,9.49230124211482,9.599356352451425,9.19424949980322,9.202101587250295,9.036435436581767,9.476468248968786,9.388848464999796,9.1605606673819,9.627428095123264,9.697186597662892,9.19207663592698,10.385891577672057,12.099245443284133,11.654762978680536,9.833423106376074,14.49436338913597,10.633420523781922,9.99356852833904,13.047099817916944,11.669715944463237,9.779633894260485,11.817252740414574,10.051521924489007,9.914780738029435,11.721158634418316,10.686412985266088,9.491915848483472,11.503417324237375,10.471114113860835
326651_1_consensus.txt,10.842745588226649,11.412992073879082,11.802897144293013,10.818486739099969,11.942868635935156,12.616587007034523,10.827464517777171,12.356627430610844,13.004308444765854,12.154327564963353,11.999669926979776,12.712475957930335,11.2611151982872,12.153619950373582,12.282207609628417,11.033674987252596,11.382134100719044,12.77702959921811,7.591022507938419,7.155005367301556,7.890301168752842,6.479746430895716,7.275441216557567,7.66259923363441,7.693915184387322,7.1447567481208125,7.9482093830130225,6.31481974222794,6.836586066513803,7.0581606767414655,7.17201864492182,6.689734708069864,6.8593490130894565,6.413818936226448,7.326189637995867,7.590123923137526,0.8519549242225821,0.9079869564836828,0.7771518230727565,0.2432231846806871,0.5888715942955969,0.5436566646474148,0.9359759293629965,0.9535909463320992,0.7486218173107773,0.0,0.4427217922304862,0.4505992394491045,0.6724181005026253,0.6478072381028142,0.4584225739720295,0.2687390193979126,0.5880282951853815,0.5884692319204987,6.370995261291625,6.410921866114222,6.603802075132592,6.310866341613803,6.343441495409934,6.391176885638515,6.42887053714594,6.4809886432496455,6.758392686131344,6.182031187694975,6.362664858012067,6.320475248012031,6.459527547199684,6.404861719437463,6.732016863410138,6.255088454945792,6.4014717251805,6.306914281720879,8.127573294210151,11.006751836046249,10.56435938454308,8.037904730678463,7.031945144393262,8.210435074328984,8.40429576012832,9.779034606489006,11.100116700542005,7.146937340319653,6.686257713148279,7.137256487917398,8.0781828198335,12.163560100870823,10.81890797519634,6.740760640619669,6.600423317410105,7.725335691550299,9.864999178825316,9.200944794247109,9.031644139114633,8.577973224430423,8.810468240340924,8.59402510475627,9.138460053548783,8.670519520011567,8.65162178118328,8.688615266537,9.001310228930436,19.192785277093776,9.801344913794992,8.945964282715352,9.188699888985012,8.602265917798206,9.1054410515614,12.57631082785258,10.259231454262247,10.124693915575335,10.469058590869963,10.28803501178379,10.12960299642873,10.20850353456592,9.976350521458528,10.031008719210377,9.896726817308092,10.045629197687449,10.589746801188484,10.815738914192591,10.161943745319777,10.339752734333729,10.191732227671936,10.478765447830312,9.9036344029671,10.051093953519,14.003427505699053,10.622364424329874,10.12957738426286,9.65718437259278,11.844442952780868,10.031814774149325,10.820563409486738,11.415972565648929,10.980308375354753,30.07427566463729,24.6561649647432,10.368576348901684,10.343569480531414,11.011489265226317,10.81970576866462,10.099387433034847,11.272276205716992,12.169901932113705,10.506039779971218,9.63201913350349,9.60987422868493,9.770901846648144,10.076200749672807,10.027065697156443,10.388318431000071,9.857370341132937,9.935417791004738,9.254907677585948,9.378796522356424,9.347424951301493,9.937930967485556,9.705744879389783,9.552883987042492,9.689489368730335,9.876600803519068,9.496315413604862,10.616717307433248,12.495540048511032,11.8949964308855,9.748474965531445,14.88035815350804,10.781191718470154,10.311722768877075,13.340628410913723,11.94427986365548,9.732129022532147,12.201381868091003,10.324602535936949,10.23445908740291,12.223993698039862,10.96767209155712,9.498056318458111,11.805301460698786,10.645272637832704
326651_2_consensus.txt,10.359721016411356,10.831559545068558,11.213365330298188,10.28790438944111,11.295022761102755,12.024586919477883,10.329525671183092,11.85110293690127,12.37292668204151,11.663604842357358,11.400414319112429,12.176676218330272,10.73994134503721,11.582439428914997,11.642689673803716,10.511205159710356,10.82234453747236,12.186259968821275,6.9032947096504245,6.497954048246413,7.184842372577748,5.906785626587634,6.602199969442552,6.99405872551165,7.02923079260222,6.441402590809162,7.25901312548001,5.834874120176039,6.214626160756325,6.4292647577184425,6.519880252788369,6.058432175743462,6.214399873470143,5.858020872274778,6.671973536442465,6.934590037305497,0.564212729988185,0.6072127181379869,0.5443681952699535,0.3982887884227466,0.2995775466678196,0.4100683900027206,0.6357671203080031,0.6442436537253684,0.5381358403020045,0.4427217922304862,0.0,0.3910631095030794,0.4519183439476251,0.452207230414217,0.4239706662228855,0.3765240080378476,0.2911518275082017,0.4276932311975088,5.8735337590318295,5.920356144540051,6.036685424916186,5.904682270238027,5.87289381397818,5.876920195543562,5.941083390958511,5.979726884020295,6.186063755527869,5.769057101470878,5.881381801223483,5.811519556293661,5.950810652030043,5.895546260149501,6.136222371992915,5.844426350809158,5.92943973832115,5.804057460408728,7.4513006826133505,10.286356061425296,9.954564396908324,7.5087983138063805,6.463012454730972,7.530638335943138,7.721276802521686,9.049880619837836,10.419239494105112,6.562380273564429,6.080539658666964,6.500380347159194,7.408823548991222,11.407806152481612,10.144414721328758,6.157905646096765,6.032716772812705,7.098937433074866,9.223885248069225,8.647308917660098,8.451339077478906,8.123375418484954,8.350501263337947,8.11198436297343,8.577927103848253,8.181727229494925,8.153617455959306,8.19306263187002,8.479971096894474,18.557161613107723,9.223059195724431,8.453268136582608,8.650473564964443,8.133317127736973,8.581970199425143,11.975239650572007,9.796096153211636,9.698285377398122,10.01545175672311,9.798579641395577,9.67469023463434,9.748801597996705,9.482315671567337,9.559476969009438,9.410002528050086,9.607173636197617,10.194231084742228,10.406357035210988,9.727634765180367,9.93377532278953,9.767417736152538,10.011515755524728,9.437891691211064,9.599436681177622,13.533418249700844,10.18202938177552,9.635422326017476,9.176988182272057,11.349421498599384,9.528326614391515,10.28453389717373,10.892285250672272,10.477048146746029,29.756187591197147,24.12563241212792,9.945590466891415,9.899727491909516,10.575718687516884,10.315274435714857,9.658624059349108,10.815313808471616,11.745675753433376,9.974426079181171,9.141681175663734,9.12785702510763,9.38890547182598,9.657790890391368,9.553510042150949,9.874169181097386,9.37103853277273,9.453169573370817,8.86856335243624,8.954782495385189,8.87251314908815,9.41299711570838,9.222218092772437,9.048355254394096,9.307940341680876,9.452755077690313,9.028541046824955,10.134971275000794,11.986504280625809,11.468816997302838,9.410927593501526,14.400141075148897,10.354263330308186,9.79302193892056,12.875142365905331,11.490239483511573,9.363511863967688,11.686959453800227,9.84400410837236,9.7619617024979,11.682441405673558,10.47681250173082,9.121154661117998,11.336733053441776,10.215727455022543
326651_3_consensus.txt,10.400171760159196,10.941717303468238,11.287812805008343,10.333075955031916,11.39111669788872,12.075358202735174,10.379175013867098,11.91383118263019,12.418567716727637,11.72103392149154,11.47623424948904,12.195077880702913,10.788953978501809,11.627504842018084,11.695058278525153,10.572695958177462,10.87791402050624,12.218530733815784,7.12986208936934,6.700461399365111,7.374293856036616,6.1269156007429615,6.824130634696985,7.189953524883606,7.252008363770471,6.688709452672981,7.479543990048398,6.016111893569189,6.41872821944628,6.624751027570255,6.711609359349609,6.281901230590563,6.425128090921589,6.069123947663343,6.875346343484807,7.118978443853052,0.6575395369461603,0.6893250019611514,0.5900800108939279,0.4254237210755605,0.471553314884261,0.3269339116889114,0.6982255113331917,0.6938238274654509,0.584277894846764,0.4505992394491045,0.3910631095030794,0.0,0.5123355397424803,0.4854989160193668,0.4252243565019853,0.4111558819798802,0.4803397345066855,0.3534600083551709,5.976456053236973,6.036658368005305,6.188780424264053,6.014026139011321,6.014281174459143,6.013184239508064,6.039506357229357,6.093413907437935,6.314054397706627,5.905886576596004,6.024018663683421,5.95557797299864,6.051437521330172,6.0174307011441215,6.28774026005118,5.972801501484469,6.063211102999617,5.949824846287299,7.671872766253614,10.498573985155758,10.114549531491832,7.676527944425231,6.678318572134174,7.754453242003535,7.928820605190481,9.268991577329246,10.621007237569929,6.7561188784627575,6.293011346492847,6.700639408532936,7.620139872988943,11.72621769741329,10.355831624355003,6.363652097899944,6.247511795254752,7.290954772701241,9.31978238357317,8.71659960422619,8.535552423484205,8.16357863347389,8.388258739821424,8.149643393477163,8.652499259603303,8.239429322350986,8.208868298676293,8.229099515699147,8.493861360613835,18.58407162090964,9.234407296169309,8.465978397217555,8.666989738899815,8.191660902959882,8.628926894020367,12.036067949121843,9.941890442351507,9.835920140222695,10.150987756048153,9.930919020866384,9.820352428603314,9.871933032479262,9.625405936609296,9.719637238705388,9.572882702632056,9.721085349937937,10.328077932164774,10.528755665257563,9.855406178357155,10.055876551182337,9.893786704278511,10.137115851655608,9.593464681006653,9.73801094087156,13.505582686577554,10.11407166864177,9.58965565731495,9.130722925375778,11.32249381818866,9.469446295657974,10.274007996241494,10.83816040743227,10.448948957439312,29.812745367918296,24.093074613333386,9.867544349883872,9.849802098437806,10.489443888086155,10.245153854783666,9.598513728259263,10.75241152250635,11.66419253266514,10.03972547553991,9.207880181509893,9.207758658479747,9.455381744212843,9.723177250610943,9.6173782627136,9.911236937542128,9.433217037238704,9.519707302374629,8.955316728475339,9.039850340056605,8.962252795785787,9.491788135621562,9.282024581970234,9.126327736557698,9.3783434528209,9.523673532554142,9.104286412592728,10.222582144012732,12.05302719088371,11.488322356463186,9.499357787213398,14.39695007116586,10.457270579414285,9.89906312581013,12.917677685868284,11.504806989588928,9.476387397255678,11.729690524903845,9.931326121626569,9.806720417971178,11.757667571710556,10.543967406282036,9.233331909380468,11.362262629999124,10.278771852474849
326651_4_consensus.txt,9.935773168570734,10.357461791082642,10.659686491114885,9.812714793880502,10.75027955012007,11.485933459143212,9.917109914490196,11.40743066523146,11.77890421177966,11.246183928093105,10.775584417193272,11.672877077622331,10.272455196236876,11.122602743839876,11.02329471903454,10.07978182524073,10.300404402943514,11.65737842771506,6.224280352797734,5.811424697423831,6.475033576149315,5.332838468498551,5.91741546703895,6.306531914742379,6.3287550970449615,5.72389104985848,6.540832259797924,5.352057622884558,5.5778644025453445,5.761374971539055,5.824830353773109,5.418008800148527,5.566875685100854,5.290789108931165,5.9982526628221535,6.251990556438557,0.3924620433764971,0.5372177146813897,0.5138389252296633,0.6032352174592575,0.4213704375310385,0.4719533892839536,0.4283764405209354,0.5689856798271649,0.5062433244635827,0.6724181005026253,0.4519183439476251,0.5123355397424803,0.0,0.4713355705749222,0.5523295483830566,0.5202199711135904,0.4181679874313317,0.4795474228685634,5.368217313589469,5.411999859620664,5.447868578863563,5.498671067008388,5.398937641209216,5.356567315213511,5.439463940351459,5.464536213177098,5.56009857607819,5.373337321698728,5.402825234073362,5.29435299979491,5.415812699673154,5.37518904003673,5.508752522835607,5.441018612421431,5.445148771984009,5.298559079364736,6.898919863650519,9.652872439815496,9.355235103015389,7.035000455804095,5.978006888109064,6.901478165589936,7.093423219113163,8.4344403918588,9.822091856848148,6.098941404947652,5.560017713452851,5.953659302513927,6.812974482917923,10.794834715169088,9.467882376387308,5.6640736891783945,5.564845916008494,6.568067048258513,8.62509782969397,8.145674697707022,7.94631566498083,7.707476075452007,7.947687161883323,7.685635161139658,8.075506539440028,7.735336515215295,7.679987662106839,7.753914199248868,8.003920975248548,17.98737251996164,8.634289768019812,7.995523632947538,8.163967299970977,7.7067046943158175,8.114609820122382,11.387385203007796,9.365775117802627,9.324072350083668,9.612772134896945,9.311982152257087,9.260522804712366,9.307354223291613,8.995643408488434,9.110225152930752,8.981223057308398,9.18569238273176,9.853581563224964,10.03587314113372,9.32310279459449,9.569740280491658,9.372317880839717,9.557059417062192,9.032218290295871,9.188873226007786,13.002948678981852,9.716561506065888,9.063976545087428,8.695327516461475,10.830586637837088,8.952292533475656,9.720637507278695,10.359693876109532,9.961416124815344,29.548407200944155,23.585253482900328,9.488376403217558,9.455466395931069,10.091637302244749,9.789584127597266,9.219017438008509,10.370891555315438,11.268167677413544,9.5490443482077,8.744372400857287,8.744624160279784,9.149319003018547,9.37647243011429,9.190920552321645,9.418602570702037,8.992163829691435,9.07237046355175,8.629731066386285,8.666201589376215,8.517430311964233,8.98831914612822,8.848792250078475,8.647307044591571,9.074186822593616,9.160487709189226,8.674189467295378,9.75102989958532,11.511924077185084,11.03847623326442,9.160212715478169,13.860384833962655,10.016663660186056,9.379941137282517,12.393426521458537,11.049322201196787,9.082282106510377,11.207946228488822,9.426318355677893,9.320576708877184,11.1135853263213,10.049598792998154,8.825551890264876,10.874390867798866,9.84918696186338
326651_5_consensus.txt,10.268144007844851,10.743886830878296,11.025508467305656,10.167048011844544,11.097318060417706,11.845306426344848,10.24313605348152,11.754385208996268,12.150016581159434,11.564227557731783,11.164957237914678,11.990473118974478,10.617631685104245,11.44531900137332,11.409350970921023,10.40306473895282,10.655405863552346,11.98543756629624,6.756638148517709,6.355961809477208,7.002784637970763,5.88100583503342,6.468295565049289,6.830024008534963,6.868607105131389,6.300670045589811,7.070202729240577,5.872111014078939,6.118117263261524,6.302851917068779,6.376679753450048,5.985845076229623,6.0938403161911765,5.836026935801556,6.527953691372318,6.784026637375632,0.5403719043245587,0.4045186079886775,0.4974116214903574,0.5750353155987113,0.43403165906102,0.4687199657294059,0.5632772901802809,0.4265433016548172,0.5187187716333597,0.6478072381028142,0.452207230414217,0.4854989160193668,0.4713355705749222,0.0,0.5070254887134524,0.5244701330872203,0.4479817102549077,0.4737071365520933,5.825579689898177,5.867945877205614,5.9310638213647735,5.938814464036796,5.865009676196962,5.831216221316936,5.895854685100801,5.923597854486957,6.05369401248015,5.8247190072945045,5.87241746639944,5.773879110060022,5.880114704901871,5.84658873795064,5.998342735443032,5.895092289697402,5.9071802483506985,5.769138976846023,7.365874707066837,10.129853363887603,9.794526049325214,7.43685074137278,6.449470123774404,7.379993343393096,7.59954120599275,8.882698206621114,10.24139572690791,6.536270171392687,6.0294540165804165,6.420160115191379,7.3113191609973,11.271402985488692,9.953523238450543,6.119933918558331,6.019668667350572,7.026033667559034,9.059046070912473,8.58341282324352,8.36250462794203,8.129137476551591,8.362219996099668,8.093365966468525,8.511572906891388,8.164966761800258,8.107446764018562,8.17315762469218,8.410130070524303,18.396142319532714,9.068411851063672,8.40589067128991,8.56017555067399,8.136836320908117,8.530073601199092,11.818017426693077,9.78635836201488,9.74141949351008,10.04849349865168,9.73344597451387,9.688782265420627,9.72992725703358,9.448323731103072,9.557329645314384,9.437980553531132,9.600358787835203,10.269330335802238,10.454170389784965,9.751426038276064,9.972518125394233,9.796736372959003,9.97489975131225,9.463018231480248,9.602245599202092,13.396802318154528,10.056448394208871,9.439552684206888,9.06608996280238,11.211485155994184,9.34913302530856,10.115652789668502,10.717392847496171,10.327844183939874,29.8702579390652,23.927318312447767,9.8195651476139,9.802264046486698,10.438829730055716,10.144141375770346,9.57303420743699,10.687556717708276,11.5904783899187,9.861122744110844,9.054377777081015,9.069901139949309,9.446884386740464,9.66997353066762,9.509157036178522,9.731101361334368,9.292242211506164,9.374593270442688,8.9301342396746,8.970173929706277,8.83829495625696,9.314113398800146,9.155588738096355,8.951151633449456,9.369612703743712,9.459743000435369,9.008147597462935,10.09291564209326,11.86262928379415,11.371024705346656,9.498527449753963,14.237761043750991,10.360428361743343,9.760667477276002,12.78494197450658,11.355791340023188,9.446615543554913,11.5533001695498,9.805252172790688,9.662789814491704,11.53198184870655,10.399305210941408,9.2057083902111,11.225547925836224,10.197847937148763
326651_6_consensus.txt,10.616617513406766,11.122959547067865,11.475720668881706,10.563639044121942,11.583793444297951,12.281781703049376,10.612740613905656,12.084422340806384,12.633868480133629,11.93133340328808,11.642865407806651,12.4392576895724,10.98894894148816,11.83432177425152,11.87993912973019,10.784958856149046,11.065715170349732,12.4415618006376,7.285854804208043,6.887217305663114,7.556058082409265,6.330575829973327,6.99527280260736,7.370369170553715,7.387071104163908,6.84557201036381,7.617550041343463,6.257187699433075,6.60831443329397,6.803448960649348,6.883633070886162,6.467559998441345,6.583236365959635,6.278300414399496,7.047804236494415,7.280172835674307,0.682228231369777,0.701667806216733,0.4777015171159178,0.4223690491950265,0.4865716493750938,0.4613148833951754,0.7200128688654104,0.6974489351765669,0.4722884963621254,0.4584225739720295,0.4239706662228855,0.4252243565019853,0.5523295483830566,0.5070254887134524,0.0,0.4375600309058995,0.5187280983254254,0.4977113684178107,6.272468534484119,6.329319260304885,6.460706442614537,6.3352635091874845,6.310501273660577,6.302388167977483,6.335879379685309,6.380901114597862,6.587777299782317,6.212527964401204,6.318528488482741,6.237771350699234,6.33950892145549,6.309745431477495,6.560236838538742,6.281500681855277,6.365367375275639,6.239341093188784,7.859958998931575,10.694321012537898,10.258468053986917,7.897213739174788,6.875871488133782,7.911559850159222,8.09235228030775,9.47679892737608,10.78882516180903,6.981818248791569,6.503877818970807,6.921674449055388,7.803543323085478,11.794197977816111,10.493433721742576,6.5902871588180005,6.467033322565044,7.491270300167287,9.477689755973984,8.936132370415407,8.75503869255715,8.426320609451409,8.6560618065227,8.414625111955388,8.881780281810904,8.490568279959064,8.437399400802406,8.48890236014472,8.746709325256575,18.8223736036918,9.445311127781338,8.727146578632528,8.909607378831765,8.452454195296866,8.87832068355226,12.213229288085811,10.115177134279634,10.00836617657012,10.330931848291756,10.107039402117437,9.993989183335144,10.063284674276533,9.799377363089777,9.885594190077144,9.748721927669408,9.899657159170031,10.525090986089822,10.729190531983932,10.045690477740209,10.262735194423271,10.080581775670908,10.305332074407602,9.767802347664484,9.915680732232374,13.84301676266648,10.464280962401231,9.92029005994334,9.5138194754619,11.665968046430804,9.829662242740426,10.6173622796137,11.2141453080838,10.799195286594797,30.14364795007521,24.440258972149195,10.21811434651687,10.2213676226728,10.843152389334364,10.599073742586429,9.983261820522443,11.104395530769692,12.012908848536938,10.327898594621049,9.493710183811288,9.487188314485364,9.789483083856451,10.039306819557568,9.914704672420214,10.18984493619746,9.730773190662774,9.81284536683836,9.276085042935108,9.338501275937972,9.237644425881626,9.748720292952328,9.57553548614203,9.396283801990478,9.699880081111472,9.835352010168606,9.398749395425456,10.56057055625189,12.38902771653528,11.873091778244657,9.860783826785564,14.712880811534433,10.792811349243893,10.235714043736325,13.28954542546819,11.8380261302986,9.852965653900526,12.065765136930397,10.289752620477202,10.13271551144112,12.067445660537658,10.888762856304766,9.607077249654822,11.730770879303918,10.664224467139263
326651_7_consensus.txt,10.44894433935059,10.98146713608071,11.342270372268215,10.37886150427488,11.439144476689648,12.154857539659815,10.418759803053549,11.93802496120287,12.503839019633231,11.75814002749837,11.496652844496907,12.25749952672129,10.80325560900269,11.69656015303906,11.78236880573212,10.618682808964763,10.96058761270598,12.313910210204485,7.1521729173512085,6.7084884281126165,7.435952229557984,6.085989851672991,6.819174370621454,7.207641993916184,7.251468553525285,6.676356250670267,7.503478917041207,5.984703729749015,6.403016912903468,6.64168624201244,6.740858591801725,6.28369905734354,6.448614117849331,6.02543758812692,6.885485713370258,7.136207900240265,0.659956129204943,0.7277014275045985,0.618368113647648,0.2531441084777839,0.4611992019466697,0.4572472571392723,0.7438909696517726,0.7730254348279573,0.5864456850554802,0.2687390193979126,0.3765240080378476,0.4111558819798802,0.5202199711135904,0.5244701330872203,0.4375600309058995,0.0,0.4587880970764217,0.4909766766101029,6.067926074867614,6.085287819731832,6.2164836766212375,6.029437838689432,6.009220462543055,6.036532396422217,6.132442133555173,6.1475688709529095,6.356038569498367,5.907319727141271,6.026259665117891,5.971942527788144,6.147222994764775,6.069475229773047,6.324500435724076,5.9773957198960375,6.0682830083625845,5.959917426754828,7.724610826473736,10.58862904834814,10.216177398234322,7.7123361415012255,6.700815456769192,7.78799409506297,7.999895480504051,9.338317497611,10.706732280468316,6.810576904381492,6.311365925054702,6.751332138946623,7.660486439802639,11.68246881512016,10.419139012261326,6.388289236679839,6.251212309699383,7.3607666770833475,9.482121942784204,8.898176128017894,8.714802198590633,8.348715290869336,8.588957625323303,8.355649362342092,8.835891354137004,8.403245046710026,8.388982160912974,8.45725249353535,8.758716822869246,18.91853048178189,9.515022786291013,8.709044631623954,8.93840745792437,8.360504942031923,8.833699110377665,12.225770200738792,9.986372869298693,9.880121423249877,10.203747914230805,9.983928067133265,9.852472713543648,9.921318644484302,9.681137092170047,9.744857219075186,9.606951421834763,9.80258564616372,10.370219289702447,10.584558768635588,9.915924819792169,10.111508855650698,9.947928728510531,10.196196460961858,9.628294823014189,9.773696286854827,13.66580266150089,10.323742891089353,9.78275617390159,9.362110674578105,11.49203579113913,9.68907009282742,10.448865438658345,11.069218571167482,10.64590144039056,29.938658162660715,24.2791066853581,10.089528476472594,10.065606413349371,10.735920586770192,10.490988171851484,9.8417408775814,10.988262169992709,11.8842722302673,10.105100977715267,9.258808303296462,9.248914346085826,9.459743794841415,9.7443213250354,9.656984606001856,9.99697353944424,9.488377357564332,9.569550541586525,8.953408430808906,9.059881288254983,9.00012386957144,9.557044146108524,9.365767506421603,9.21179445227881,9.391041171389588,9.54374594080059,9.15137037229539,10.324799744391044,12.166010317184316,11.570730422774432,9.510771084702242,14.547055889714898,10.48502395072785,10.011993040033303,13.040965144223946,11.678999618551927,9.466470338667534,11.878616117308695,10.007761292009944,9.93520373513178,11.897080986911533,10.652328427419832,9.222228220623322,11.475645595366814,10.300244985395407
326651_8_consensus.txt,10.138836695543034,10.56046478059602,10.905576029528106,10.016626674063389,10.958634256281016,11.71694605428695,10.094846111956542,11.595609812142811,12.034624334157456,11.436586957470126,11.071822120028628,11.902025817301706,10.459443591611771,11.341447252274406,11.28028642906935,10.270427479936757,10.520340595278752,11.903274127555846,6.467146052303178,6.075180392138634,6.741473990209272,5.546408313914185,6.1814798039629295,6.563415721061404,6.582245848187313,5.988108496112716,6.797805655664774,5.548263491356579,5.827769066861492,6.020913070076745,6.105254314168178,5.66180415863289,5.814298149936008,5.500210417568326,6.240831086283606,6.5176525341317415,0.4877503500079569,0.5113709995601994,0.4770698664784731,0.5066991537898389,0.2687094594286918,0.4355839665473127,0.5288393938163267,0.5420474474731805,0.4747043096026573,0.5880282951853815,0.2911518275082017,0.4803397345066855,0.4181679874313317,0.4479817102549077,0.5187280983254254,0.4587880970764217,0.0,0.4373584210499075,5.6206341007647325,5.6447492225134965,5.7043401201923984,5.70300118260559,5.611750825460888,5.585338228136152,5.692829573198651,5.698507463394094,5.8284898163814205,5.568256730222458,5.616112728835674,5.525851348808544,5.679370914632557,5.615424396025787,5.7722992475816,5.639293417482804,5.663517544889487,5.525681600553241,7.135935124654623,9.90094550920378,9.62155815161742,7.227570126275964,6.188263170699315,7.173854050731109,7.360061539446008,8.662451253253096,10.0132110197938,6.304112171032728,5.779735457078971,6.203378616980217,7.053072095174173,11.05883214266197,9.746726601148112,5.886756485880028,5.774076152355633,6.796359977736813,8.87933706157304,8.408704165437655,8.18330639222853,7.941050414215169,8.178325693870306,7.9265280738027855,8.323739314460454,7.962331308305579,7.926772595007776,8.010667732231923,8.276543883420686,18.3307853769615,8.953570663078949,8.261449871707441,8.440549584639541,7.948157113397372,8.349953464656835,11.671449659366772,9.538443932173609,9.483766344899038,9.764604539408538,9.506829770468585,9.417184758037877,9.48723814257528,9.182108924607974,9.292346293651576,9.14902806370685,9.376710967457656,10.00932724290044,10.19964198671596,9.497108362677409,9.728796246281206,9.539143950689208,9.747405485130344,9.197734231639515,9.349152484382216,13.283837600498316,9.997374071322952,9.3840791752595,8.983035931167365,11.120088084565964,9.284577097960096,10.035669525599587,10.65740171577852,10.25549178463814,29.67688675756085,23.84602549212758,9.765128221913074,9.72016888623932,10.386506521464751,10.090463367395555,9.502571694541928,10.623921485327628,11.566348897711464,9.716947307348562,8.909061543290647,8.91168982853884,9.256414073617464,9.498491737341226,9.33311346242283,9.598899901754235,9.155464589377289,9.241190047421467,8.739275207111973,8.783837602934,8.660211038900115,9.150964099062207,9.020272617664377,8.812695659786925,9.189172989408007,9.290047414087098,8.817688500418285,9.952586119258,11.721490180607702,11.259741248262117,9.279182393267549,14.16235054130948,10.163461778068722,9.58045092726411,12.652197236305083,11.26599999783764,9.218161279247964,11.447781929680446,9.632776731933973,9.530076271332064,11.380796598186803,10.272668244711385,8.962947998904554,11.122591807435867,10.028141124438946
326651_9_consensus.txt,10.225399530840493,10.711630434763151,11.058833710038584,10.142625954254186,11.15033748546665,11.839135678495609,10.216587155120806,11.721960508460995,12.175132013876578,11.552471302805486,11.226305859256456,12.009967457641665,10.60328832948062,11.449502079619208,11.441422770366673,10.380107878021818,10.656383564479086,12.016158285412589,6.76532741567047,6.357956016733681,7.008880008649555,5.818869698595051,6.463788503781188,6.849241381499894,6.87448305469195,6.304842422744684,7.11091144043877,5.777744604060388,6.088227231937935,6.284077546362312,6.365932843656651,5.936026667443741,6.074442301463591,5.766357048425959,6.519682326796328,6.769362508947268,0.5662993956480591,0.589672251796344,0.5244385619175205,0.5299600005961906,0.4382867997919675,0.3319771942661305,0.6125320881210996,0.6016286083825548,0.5078193350609581,0.5884692319204987,0.4276932311975088,0.3534600083551709,0.4795474228685634,0.4737071365520933,0.4977113684178107,0.4909766766101029,0.4373584210499075,0.0,5.799976545099412,5.847723514551149,5.949600396356118,5.880729515667269,5.829638599680209,5.811610554091772,5.869522162594251,5.899825817545377,6.066484363380823,5.765148942805013,5.833909422237809,5.747507966791545,5.862904235495307,5.82383151518934,6.026082571027587,5.831054194285912,5.876401698567008,5.752167141342682,7.392003694606444,10.202476453782594,9.865227535193467,7.456646237244513,6.442457710508222,7.445651449931006,7.635495969470242,8.971285492066045,10.304589828508767,6.548817010774712,6.050991690994238,6.4438534702978245,7.336275844380623,11.385749284160283,10.03782893943685,6.138003070392983,6.018551128949127,7.026925545791812,9.072050139833834,8.527627874388031,8.334454022605826,8.028783507385867,8.246447326264956,8.0119996195574,8.450674745385413,8.076898804001644,8.039439997831266,8.08633472590975,8.34921993376787,18.3649983633664,9.029183202063336,8.329208338571846,8.51449411454746,8.044605653201586,8.454905811287915,11.817388578999612,9.66435052525742,9.596136282848477,9.904166117884074,9.648523553529458,9.557995520106717,9.619173030366484,9.341251713661734,9.45225979711978,9.29577849505938,9.48855172300324,10.123700954738126,10.309688048091571,9.61023622393759,9.827531781121763,9.65175718533385,9.884769953023692,9.33623199655267,9.48830278889318,13.338411026339712,9.991087226278069,9.435064121690118,8.9932371309784,11.163514803438488,9.309468950565131,10.088247300705234,10.68331868266091,10.315113997063747,29.73864930882536,23.953804420039887,9.748179446910513,9.707780762651907,10.361678379299631,10.12968915809614,9.500039153904028,10.614626022225591,11.550248494663832,9.872754597941425,9.049079283329377,9.045085847597534,9.361324953721862,9.61152509292492,9.470721682852684,9.740016395071962,9.289797483821758,9.375935370842512,8.84736177012826,8.894387732887822,8.795279883445232,9.302161705387393,9.118278908512307,8.94254554005505,9.29000845268581,9.398963104475456,8.957777204242689,10.058624077526416,11.872749687532291,11.34274014208296,9.390840137320254,14.270263005789673,10.331091059489268,9.717484428883324,12.734946646564026,11.36807250327297,9.35213559233273,11.593068843964602,9.760984280118748,9.63350671002405,11.57724812323096,10.38965757090648,9.096675949456426,11.211802889624153,10.154022335472064
326713_10_consensus.txt,6.855613808848034,7.578798104679265,7.762019739491791,6.832088379918957,7.792157184168387,8.349459811904694,6.897462417133966,8.719428198052185,8.847382765490352,8.346657197194872,8.092084741489145,8.555479376103904,7.325764769797615,8.109412691115267,8.07988519589503,7.10711307620943,7.28342977018201,8.548776410782466,3.585183258126221,2.9813236676938004,3.579214078882956,2.5852469244647978,3.146028648933111,3.586712418229979,3.641594964502133,3.20014873217616,3.98038343986542,2.4334806802079925,2.7724956426379777,2.9772765912682644,2.940016590118944,2.6608944007584228,2.8799954145596303,2.5364057568626777,3.1292880843009243,3.4204394711649684,5.546662457027082,5.800837374217053,5.905635244905966,6.335321605428476,5.727903189019571,5.979385677892367,5.689299959352979,5.827074965222209,5.93892377665594,6.370995261291625,5.8735337590318295,5.976456053236973,5.368217313589469,5.825579689898177,6.272468534484119,6.067926074867614,5.6206341007647325,5.799976545099412,0.0,0.3534544426289017,0.5641065833175958,0.4394155613668999,0.4292547114498575,0.400340239633465,0.2427602217255184,0.3640161173096885,0.5866499768125664,0.4285333157984041,0.4167476263156686,0.4009406128545265,0.2465888449722797,0.3580389320169388,0.6162712244839668,0.4266721500970902,0.4240322298339265,0.3975770759964803,3.9729231126399895,6.578812227796561,6.324320305894162,4.000282552283522,3.099784753371125,4.208187512344182,4.157797176717281,5.51686660440248,7.053033794640328,3.041013583622714,2.584684489816482,2.9432701254875724,3.889623775546511,8.700907108825731,6.734304110891173,2.524319792353822,2.5543620026041367,3.2693348391097743,5.237573717503892,4.260209799830363,4.094022578619047,3.692979081486783,3.941259811872612,3.6714825242325446,4.3743772772691045,3.901049416077228,3.862355799650573,3.753923712379958,3.94773016317464,14.372683823878049,4.7356904091938645,3.91449944382407,4.044985326427081,3.757936920301688,4.10246395989418,7.821220630103141,6.524406481707047,6.584733350088982,6.720094785666561,6.439162294396681,6.592054858297047,6.5936676562047865,6.427092036337967,6.393875605262394,6.497154569565737,6.341820020892953,7.174115589908297,7.264613981510934,6.514204717403402,6.661989392399789,6.623674643547361,6.6992527268937465,6.516143812913754,6.46554935074937,9.691016153577776,5.76843168762889,5.490148054750705,4.809632430127692,7.495789472500064,5.200868923366386,6.25059514009962,6.73531952915755,6.382023025759281,26.524108115537388,20.758901070525667,5.876895309387635,5.627889880106466,6.018874335238991,6.121615616847976,5.109171591574636,6.561594031225013,7.501514039425103,6.564485907149958,5.737552796507146,5.919154739194482,6.108477708874432,6.331713584026716,6.200889754594755,6.455230247245709,6.051171894735944,6.135916500182304,5.5903551517585015,5.776227532622386,5.550269244486003,6.057405733549615,5.7320783553398655,5.721304256573717,6.046217804654475,6.163269730352056,5.7649301886390845,5.798394901259883,7.668715661480462,6.750852463138699,5.31989047574757,9.803958036302047,6.431790981990787,5.65537315420147,8.419156819243824,7.308157238015724,5.32627079458598,7.283570660638645,5.446573157045975,5.41334306348881,7.256168328702017,6.128867017016148,5.099071278906479,6.798376178368756,6.083898066072493
326713_11_consensus.txt,6.776541187217219,7.533189399701996,7.700269804839934,6.7584665210657136,7.729444904822174,8.287831413643346,6.807737548499176,8.67151254761859,8.768842159454266,8.263592379428985,7.992909748989234,8.460296571236881,7.225565494085799,8.051568249709646,8.019213821890787,7.050068470909878,7.229374147750605,8.489010855071399,3.5856121583382787,2.9653059244997166,3.601999265184702,2.548696594696424,3.119529605180446,3.573978544585316,3.611546040213738,3.1932351905359155,3.99114595713354,2.415173878416283,2.7462449350310294,2.961914749716641,2.948909417615824,2.6662491176284107,2.9032796094709283,2.4989347015135195,3.0957778828515075,3.403005316221368,5.578820155314531,5.842704405965435,5.948292041639832,6.3619332583098185,5.755746453426582,6.027866669983268,5.7409349445900375,5.878990473797671,5.975163408422361,6.410921866114222,5.920356144540051,6.036658368005305,5.411999859620664,5.867945877205614,6.329319260304885,6.085287819731832,5.6447492225134965,5.847723514551149,0.3534544426289017,0.0,0.5317180980505327,0.4235030907912573,0.3665745738646819,0.3640999608559809,0.3558180339440469,0.3055675622084095,0.5535052701624181,0.425612463209859,0.3729392205077602,0.3550481358099659,0.3649341488937807,0.3013965817281701,0.5851605902764732,0.4178077049044191,0.3641813097906379,0.3534600826602059,4.0928339846607855,6.72727839203128,6.505711670084736,4.096402581327482,3.227348328410244,4.31174042602197,4.282662079883608,5.634838993990343,7.127878838653487,3.1507314496873846,2.67360311684115,3.033915426542876,3.979089731502256,8.786355413988645,6.852559267935874,2.614164726555145,2.635473543359524,3.3941234974792565,5.326723039821047,4.350053393014946,4.214990552781728,3.8243949837561217,4.073819305434881,3.814258558283768,4.47955028736078,3.994941664483406,3.993708426082037,3.927813203578637,4.146475959768736,14.627427216824742,4.937507581033628,4.1010518960735,4.248497929188943,3.883762007127245,4.212657078415191,7.97620573640063,6.529498459282536,6.602666937282208,6.731068188548477,6.442332106024651,6.585750522729143,6.59760010924208,6.43226472327126,6.39552055349634,6.507507491570436,6.39099109352685,7.192997052184467,7.286793618316494,6.532127831922423,6.674894866353782,6.643238637771617,6.733520172998851,6.53946166773585,6.467248853449405,9.759200915889778,5.888443492336137,5.585296166627359,4.946806724989017,7.576465516619805,5.304337664820196,6.33412965868547,6.859234204241602,6.507543509048162,26.63994817298084,20.85197184437095,5.978127556103232,5.746518099288494,6.14830574178626,6.262729526972976,5.2670439835403045,6.643356335560725,7.602301588812679,6.525137861759674,5.692463754403889,5.877768578349389,6.036097815232438,6.275815142306101,6.136800697776891,6.438695194561774,6.022567918774143,6.106404936817967,5.523041976564286,5.709072882871624,5.508345418250428,6.047162306585392,5.714052484161528,5.708648116172924,5.99141894474252,6.09835303354555,5.734374186519574,5.840997045669496,7.742339424189254,6.751987672374924,5.304027516049985,9.919114661111394,6.415063750009267,5.753150938938518,8.499501995235732,7.414013875605917,5.304230554834589,7.358019113285252,5.490959706841295,5.477306002369687,7.337786463198995,6.188414483893041,5.071008110909247,6.861672427699773,6.06682765621548
326713_12_consensus.txt,7.111730293663641,7.716019866551733,7.797721566618748,6.993898883218208,7.774194054858981,8.47165351114603,7.16394246938529,8.926468377575475,8.920363422804428,8.543353509372594,7.990494261134359,8.705028641623358,7.494698138885553,8.302540638587743,8.066083822830649,7.326321344890687,7.428499918481634,8.691689060343947,3.402696943307774,2.813709159222072,3.3743240982659586,2.4891789111449043,2.9441792640463404,3.371586779551308,3.403937333202464,2.9154925223913324,3.738059664096852,2.53380278185216,2.653725751604213,2.833502972097904,2.8149432434721007,2.540319991672277,2.7672465732802607,2.4599311615247075,2.929982625777484,3.2873401422078814,5.538849544246773,5.821589934519693,5.956670991580836,6.507133109051438,5.804722099253581,6.124558685362104,5.672404674981976,5.851446440076927,5.973821929009773,6.603802075132592,6.036685424916186,6.188780424264053,5.447868578863563,5.9310638213647735,6.460706442614537,6.2164836766212375,5.7043401201923984,5.949600396356118,0.5641065833175958,0.5317180980505327,0.0,0.7517549975179918,0.5282577368894295,0.4689820273033547,0.5939148874711009,0.539500476992373,0.4381150253794885,0.7113092353679917,0.5279643658456052,0.473266574610875,0.5496219806576619,0.5101202649460674,0.4321058384680327,0.72133511214804,0.5210365895019322,0.4788048490240726,4.031011588259901,6.499059736504592,6.457677115230979,4.134481946391247,3.25905043635197,4.1028094881770585,4.139521256760133,5.354493764435006,6.895927609837997,3.2301101097218066,2.612696777226347,2.987331452815169,3.8439162177292574,8.377739176849786,6.539337568379551,2.6606741031491765,2.691437274147802,3.4086209974032613,5.403840208193742,4.64362060627974,4.438612296361157,4.311949654769819,4.557611131479234,4.27113791172917,4.752832738513746,4.375741845664493,4.336626776653588,4.410634705254893,4.587278081348302,14.937773049224065,5.281370671598324,4.593223382763711,4.6697340853672245,4.312586892152865,4.570624876549118,8.07523713916055,6.6828632961488665,6.838723629636775,6.953478615572749,6.5521317861320085,6.747104594143309,6.7719166993161934,6.526583610750436,6.511244795769244,6.646067984314243,6.660710142148616,7.510693137864791,7.583993003442799,6.768686162726397,6.96815143612281,6.902606623554675,6.890223056756611,6.700952474437031,6.666972967561776,10.081170917558891,6.394614641009298,5.861277388511155,5.392504653926551,7.85335536724574,5.627482938690264,6.568955296546562,7.169494160256647,6.837618293752939,27.10209781041368,21.0044806045554,6.418020589773619,6.211375082528207,6.651775160319232,6.618163631502739,5.814190103600367,7.12805127096351,8.063724715882813,6.809542135057313,6.009296874379174,6.174631419175057,6.522794065835683,6.726001357233372,6.457505667624162,6.7132640017374,6.350482370139787,6.416374212368623,5.981727547438879,6.13141071623977,5.817981440199333,6.301006792109604,6.088254624313947,5.987263921976762,6.4938658047792615,6.533635099733601,6.056044631309362,6.251817505849658,8.021919812220688,7.155604662426583,5.867109872005756,10.234460643847513,6.801869001040927,6.037505741111659,8.842740987780417,7.762061024553589,5.766644271334542,7.6383763657553345,5.802995607919343,5.82611018963172,7.486340093587444,6.545380336041831,5.507544797270043,7.25315220286916,6.450389810738329
326713_13_consensus.txt,6.917191366454517,7.804308175922188,8.04677208908015,6.926732565973168,8.106112594535375,8.620730163866654,6.94200239998554,8.935392172395666,9.116560816812123,8.46199667260555,8.372233741802233,8.721172473231206,7.38945043836577,8.225434185593485,8.461913401382958,7.257350244292695,7.53109955524377,8.752223872877266,4.072939251325693,3.388805757940532,4.114221003003934,2.771059731513162,3.543702334308364,4.041650971490981,4.081744046520043,3.6851812631928738,4.567516799298232,2.466088304552557,3.087266142233318,3.34963424227783,3.370558596138949,3.032857660533921,3.3322863943099605,2.714120335012865,3.5191697069602697,3.827117584446512,5.72877593886858,6.016187482609837,6.078181029053667,6.289870000278711,5.795668941368206,6.050185884567611,5.939037939189973,6.0800533048928855,6.091657594514459,6.310866341613803,5.904682270238027,6.014026139011321,5.498671067008388,5.938814464036796,6.3352635091874845,6.029437838689432,5.70300118260559,5.880729515667269,0.4394155613668999,0.4235030907912573,0.7517549975179918,0.0,0.3557218799100496,0.4491521738335109,0.4335143995303951,0.4415484955206921,0.7845495989367919,0.2244772951407867,0.3650377991087339,0.4349315837951053,0.4921218866286381,0.4526027857782537,0.856268618036836,0.2202113520053785,0.3548408394610192,0.4245529960039675,4.518626850808232,7.284123629460055,6.935190911847144,4.326001632170744,3.5064454284116096,4.802768247138033,4.845585064791123,6.155738610023036,7.640924113409142,3.408769009048114,2.974221945723002,3.4082969096125453,4.4111683463352165,9.390478750134603,7.500623735869681,2.8721878983334364,2.858472405780958,3.7548753616284793,5.6987520045656765,4.501977794074151,4.436678144867187,3.816942732921234,4.043218321197628,3.8371934193320953,4.662101629152062,4.039880409429486,4.103315160403099,3.992844321810992,4.2688034633879965,14.898512697498177,5.239764750210213,4.1784190677527135,4.4221504172037385,3.900863293401301,4.308318394260141,8.321011274250111,6.67919036667621,6.655158649731902,6.838076642425051,6.666099955482821,6.696093106905892,6.700945308893267,6.645288578079885,6.522898819018053,6.636963290646463,6.521309979817033,7.201163247994373,7.332532061668246,6.627872486020749,6.668715898439018,6.709465737025994,6.914577833246085,6.655215410001233,6.568733380374908,9.84545426750276,5.812477114777892,5.684424302595687,4.915335540159219,7.639068420196793,5.393731025709087,6.387816998421499,6.897488989094597,6.606769179135426,26.41131050247691,20.946509687731748,5.925154069395944,5.686855541861405,6.112224378391431,6.33123171557736,5.178248685058179,6.6274389654784045,7.561384379967137,6.545464645411641,5.647501751694506,5.82894647539365,5.739922073498576,6.051591199549648,6.053071962788295,6.506739122204692,5.972211879932502,6.057444055520875,5.242532283241985,5.516509200576877,5.456614794191239,6.106156433179876,5.654967097801773,5.738536554011603,5.694707290655117,5.884821035410312,5.628471609230246,5.835097731693054,7.877187420133453,6.640947013080222,5.042962306233392,10.046050391310189,6.356655605801109,5.767766319158454,8.51968930616664,7.505481898525147,5.035694557340264,7.481525196749885,5.465383351420428,5.535333070992806,7.568748001425092,6.215943303830329,4.823676818401168,6.853068208712557,5.961197891868437
326713_14_consensus.txt,6.966252186434701,7.736070817607811,7.935932303274342,6.923726973969508,7.936198493271831,8.537958073584605,7.006388541626052,8.88779819678598,9.030838179800185,8.463046738230503,8.185445982305566,8.701005547044758,7.388403851802764,8.237995756873602,8.275880026241396,7.272613280164137,7.465236471955677,8.723735586282203,3.757020243533816,3.1139901411173696,3.799302534225262,2.582954043430334,3.2463352561940155,3.720636659926299,3.76876817216629,3.305419988475592,4.193759357375427,2.428027387985708,2.849566080210934,3.1002654522744137,3.117981261274508,2.7728843595147623,3.069753439398312,2.5348390584468348,3.236580541319768,3.5718961364966617,5.563195248788702,5.862972387079367,5.95444297998398,6.28066892289138,5.708378385938829,6.001271890844919,5.759331129434315,5.92265029005307,5.962528942485562,6.343441495409934,5.87289381397818,6.014281174459143,5.398937641209216,5.865009676196962,6.310501273660577,6.009220462543055,5.611750825460888,5.829638599680209,0.4292547114498575,0.3665745738646819,0.5282577368894295,0.3557218799100496,0.0,0.3284073994338428,0.4343626577025361,0.3741598446384842,0.5606048149920184,0.3461836624589409,0.2398206935189364,0.3196852334577897,0.4527192392921506,0.3714553855419922,0.588060253008166,0.3479001045702716,0.23281841415087,0.3188946254225016,4.3287319220115705,6.97720341815932,6.789353494956174,4.22797045260802,3.3924933560730324,4.499167973490557,4.561086367822725,5.823523542364342,7.28414523327541,3.329417984637644,2.7922929520386788,3.230092128556521,4.151425968983176,8.906589615459211,7.096585340550064,2.780047476211621,2.775467057626031,3.604982369031745,5.585523138475537,4.565886440946315,4.459664956045742,4.038156745461777,4.274591082542997,4.043659810352324,4.710700264388265,4.18800827881995,4.221314067544711,4.208916760482225,4.461682656504877,15.063349797837873,5.3310182548315765,4.399502968283002,4.595802147271286,4.083037606897847,4.431113565494854,8.234513110413047,6.637791908397617,6.6843947913426405,6.8520652964368765,6.594552347711385,6.673599671822217,6.699895362504549,6.555491993907594,6.471082732136665,6.607420520007736,6.5609895098371,7.293909816750954,7.398207151607096,6.653082449874205,6.753790917129322,6.753233818713227,6.88506494763493,6.639247602954413,6.564645323864738,9.94758830727335,6.095821238806138,5.779431992069817,5.155410364592058,7.719856756386548,5.521887053601404,6.466059503069744,7.047923106500377,6.732149660246762,26.74511912802228,20.96610138346182,6.156143303773888,5.940631486341431,6.38527580563499,6.498337585464981,5.501246630132869,6.880129864461082,7.801382596649887,6.670606991957868,5.800790894891918,5.967464982796798,6.040348974404651,6.315788228729844,6.202959366923039,6.614815967929246,6.133402849872368,6.203688936381525,5.53163500289088,5.756091271355331,5.604299767045859,6.20034693802495,5.860393760252975,5.860189251130748,6.005188391572176,6.138916933141218,5.794494842969471,6.036898304489682,7.9954624672058685,6.897586376187689,5.375742339676549,10.223327750639385,6.542484268920703,5.921313394680965,8.704350495636959,7.690186408335705,5.320313740122742,7.594671142859056,5.6324880334719865,5.710997825744073,7.618716786235552,6.397710936958504,5.085408114766551,7.080466564351127,6.1568581939484375
326713_15_consensus.txt,6.970224398963012,7.66031055736272,7.815991750172031,6.881972652718673,7.815280130641099,8.435929784281996,6.997064092723917,8.820281838175617,8.898725871241595,8.439788502887495,8.069737998458606,8.67030519658988,7.352255602443336,8.18963329535029,8.101832310744612,7.229221882484239,7.345074185009594,8.645948735572802,3.570674704450425,2.9436465112889323,3.579794885280762,2.511557594336409,3.0757668775748925,3.5372481241384435,3.576296451346252,3.106340525086296,3.9604465540064666,2.4252487039467496,2.723434779318381,2.943213572204741,2.9449593098514697,2.635378958082981,2.9044835462667606,2.468368480298522,3.07606170189996,3.4090402574965992,5.499962912143133,5.783623831955367,5.890855415316764,6.314914257408077,5.683866742335965,5.98089865885197,5.659674651980254,5.824452874878261,5.899797628317231,6.391176885638515,5.876920195543562,6.013184239508064,5.356567315213511,5.831216221316936,6.302388167977483,6.036532396422217,5.585338228136152,5.811610554091772,0.400340239633465,0.3640999608559809,0.4689820273033547,0.4491521738335109,0.3284073994338428,0.0,0.4135368307248086,0.3667678470189344,0.4736276148063325,0.4319115719204092,0.3279160890505181,0.2506555798690328,0.4106390320813489,0.3573733131216841,0.5060298700847738,0.428701573220053,0.3340556809596933,0.2591288694811737,4.1534155028844,6.735762280551057,6.583588732112162,4.154257921767112,3.297066986838729,4.299928580111498,4.352455208056654,5.617038463357744,7.091997056518494,3.2432971345945134,2.689162233153297,3.087903401079984,3.993420160842789,8.665171810575089,6.8747636934361935,2.696231851050811,2.715110089835832,3.483384605084723,5.415661355210034,4.51646859950398,4.379016821233677,4.0582552759744885,4.299453400217942,4.037750714939875,4.650931207153633,4.183178600943847,4.181197647380145,4.185043760869917,4.413688755565374,14.889929494985154,5.199477344429283,4.365516863706546,4.524820211987617,4.095652872371886,4.406954793964019,8.106696142987403,6.610332550526493,6.672218342159852,6.820692005178273,6.521055072646448,6.630932864815804,6.661997729603513,6.488691917940173,6.418344823576717,6.536884268547681,6.518373075509885,7.296818336879824,7.389817023357068,6.641419081059098,6.771491013903187,6.738772108655894,6.81733349163386,6.588988551627153,6.53446686021357,9.897160463003445,6.091170315907732,5.71078946627938,5.147463262999793,7.654621427191785,5.4668123578993,6.40212916009142,6.985810256284822,6.662988588689245,26.843501974052003,20.8884829483502,6.156257849845872,5.9460586953622965,6.371064409301368,6.43092857709928,5.521762765084645,6.864077455941015,7.810441292488633,6.641337958583449,5.803159900352341,5.962730845351302,6.165177974384392,6.394811576038308,6.230221069305969,6.540824494470485,6.13079598232946,6.213884044002668,5.649976197870785,5.836462253377135,5.618017337827155,6.147573777308821,5.860324888926243,5.8289141303826,6.123596525026528,6.211972035371559,5.814507003633935,6.047569677342324,7.918706704306487,6.942900522738114,5.528450765950083,10.12817785767504,6.588521134981363,5.912758773921439,8.687205533453948,7.675557273697734,5.460002309826677,7.568611136802758,5.642856399139305,5.690973818095358,7.502913324600968,6.393598311257279,5.215171141395388,7.064657482985467,6.227357709294836
326713_16_consensus.txt,6.873270288193908,7.623992417022976,7.81650013278994,6.876217443106441,7.870119912853056,8.39584529248748,6.923803014968939,8.763253273001567,8.888613955904475,8.365820070006919,8.131389149143217,8.583536873998753,7.367441871253845,8.152503955950749,8.124916259689599,7.1412319993486335,7.315336797248619,8.559101715870156,3.6035577409085695,3.001512375840264,3.598595287515707,2.611545685046508,3.1708374304299696,3.620229252727654,3.6569110581806967,3.2331688674494785,3.993214375677496,2.444209910898224,2.797006584249061,2.9943740996509973,2.9504385488818343,2.694572930106119,2.9059562111721675,2.5544659952494726,3.154702170245173,3.437912451274656,5.623206005704674,5.873603419953952,5.97674521349137,6.396783343074674,5.80017281618035,6.04736348351264,5.769579818638931,5.901819299452939,6.012257227919179,6.42887053714594,5.941083390958511,6.039506357229357,5.439463940351459,5.895854685100801,6.335879379685309,6.132442133555173,5.692829573198651,5.869522162594251,0.2427602217255184,0.3558180339440469,0.5939148874711009,0.4335143995303951,0.4343626577025361,0.4135368307248086,0.0,0.3633210596799472,0.6081788256258278,0.43473856152184,0.4206579786051065,0.4124254569487107,0.248964227665283,0.3753666609744641,0.6509861886692079,0.4221875137498045,0.4255770397450646,0.4116748099737606,4.053280056685082,6.666425314931814,6.390816151799413,4.069963428513404,3.1807141314947103,4.277681986895573,4.22186389144963,5.602632332121686,7.11977097755647,3.096213819179866,2.656307293408247,3.0052993114101696,3.953475547530445,8.825013756358999,6.8287484168991455,2.6019836426359007,2.617146954132181,3.3321976746661903,5.217002843920341,4.23157331872676,4.069388259270056,3.659358692789908,3.899977264840402,3.640235688130929,4.343256695193475,3.867458053422922,3.8319614094771737,3.72773200579212,3.914046421054877,14.309987743769511,4.711296261443522,3.8763861997304616,4.014044085864043,3.729813750685537,4.07478048690075,7.796037408733355,6.494737972726114,6.556236212940746,6.679338663243868,6.416482923986393,6.551786068931392,6.57315872222415,6.414915682668607,6.393136523637224,6.484705416642896,6.326245601456549,7.142522153908203,7.251532879135425,6.496758451156552,6.639395265452095,6.601650396019124,6.682219417082706,6.4913361894555806,6.4605062300447,9.700281195130913,5.749255111145715,5.479349131368736,4.802697968483983,7.489946037082177,5.189024070590506,6.261679833436517,6.743802581064188,6.390599787544261,26.544402419328776,20.791911104994654,5.846467559950099,5.618322180047585,5.988344261616362,6.117973533660461,5.083855944500556,6.536827427164951,7.470965348891411,6.593818280898802,5.767598426739539,5.947581524205873,6.13639112757528,6.364084373705111,6.238543489079007,6.476789288832379,6.094117704513224,6.165350955884492,5.620356155546688,5.807427828423897,5.576437058844988,6.075940674508217,5.755240242584193,5.75020562500805,6.076103582183805,6.190017627978534,5.801991060423916,5.770361000733658,7.659583585535586,6.7432643812097695,5.281077985742741,9.783125041072822,6.412715045773268,5.638352018922546,8.389366484377888,7.284675974523054,5.312234750895243,7.259772123052187,5.439166464194386,5.3861096695029005,7.263204340557309,6.0990158421979,5.08208952068992,6.787442777751835,6.076145929020299
326713_17_consensus.txt,6.871042072831301,7.6227423518531054,7.769371184467218,6.827215556455599,7.7814179503599235,8.366147180810287,6.905214192061919,8.746471256670532,8.850374516656018,8.354888644378889,8.074792347926234,8.558152161820601,7.294442766485815,8.11899483246225,8.063048383492685,7.144713107637415,7.283694822645543,8.558172754247039,3.63040642606677,3.0182882051033744,3.641297543792234,2.610416705349053,3.1668193891052283,3.609849947952796,3.658235135300629,3.216257701724772,4.025771775168209,2.49065078449496,2.8070813090266142,3.0227283253263977,2.98881702093928,2.7201645626309983,2.954179640780069,2.560576353148804,3.147056986561097,3.449295331175449,5.628927797339429,5.895990144916709,5.9932304041557245,6.422244807980633,5.810453800322648,6.077199237080208,5.783209972726013,5.930662784391757,6.013882597096085,6.4809886432496455,5.979726884020295,6.093413907437935,5.464536213177098,5.923597854486957,6.380901114597862,6.1475688709529095,5.698507463394094,5.899825817545377,0.3640161173096885,0.3055675622084095,0.539500476992373,0.4415484955206921,0.3741598446384842,0.3667678470189344,0.3633210596799472,0.0,0.548783927070474,0.4508538649695879,0.3812742939408622,0.3673804549725901,0.3764947390437214,0.3027245111576917,0.5826547175812493,0.4366891167369431,0.3778117433328134,0.3674717907554168,4.1419637925896495,6.7430844651908615,6.52422925941022,4.1802236175313965,3.2915521474674847,4.356707468368086,4.345878102534925,5.646973574843855,7.16000137826984,3.220776301455772,2.7250493379120826,3.105582451176246,4.028434333178439,8.822668762252874,6.888015114788516,2.7011033434201863,2.72717834762392,3.451409032250581,5.289689027149393,4.3648632468032815,4.219666276516364,3.859562656123046,4.102327681571637,3.843905529043809,4.491380393758789,4.022944808840066,3.999618025390817,3.966085981756464,4.179348800375919,14.65565407156015,4.964650701452399,4.129600720788687,4.2780121835182285,3.913478525955327,4.241449116695435,7.939564478356601,6.550176040444171,6.624229377159281,6.733855014300048,6.4663034079589465,6.601383544302735,6.617505605177712,6.447951564747257,6.414759218528729,6.512836685155037,6.415289348772319,7.223959655245949,7.318374991813982,6.563604558385919,6.70523266403103,6.671700361742751,6.739548297354361,6.557326808017933,6.486528850490629,9.820901200955175,5.936570047146006,5.625621319395407,5.002037293394949,7.600354498560023,5.352606601052628,6.35909855815936,6.887315304819083,6.575378176634331,26.72167555640607,20.865770746474595,6.026702707873312,5.79374253863989,6.202189348117372,6.292090357179859,5.328696747918116,6.715311070508676,7.654510059662925,6.575858420481893,5.752417277882898,5.929511326751026,6.112872716575225,6.338943473299366,6.186497945400276,6.482811884254033,6.077140717743816,6.151296856358613,5.613311445746945,5.787164596627974,5.571958068005756,6.091443591836082,5.785690189804029,5.771518131538642,6.067769762107503,6.170395675800876,5.784522275393101,5.9276805132547,7.835552682191633,6.850374196808843,5.422916595610218,9.99414419573202,6.520310615994845,5.833268432586294,8.608287959000961,7.497670153862941,5.41661386751764,7.454172822802548,5.585144914711805,5.566175772895349,7.411405440224712,6.274595631630064,5.179179086608656,6.938083763733573,6.165607660876617
326713_18_consensus.txt,7.130083153366172,7.726137381410524,7.770057269734536,6.979479863242432,7.745785893741186,8.417429419088705,7.176224656995771,8.914542582792933,8.852150458944436,8.554297795650541,7.973526015835262,8.69611163300317,7.433583680461311,8.276272703019458,7.978298031143367,7.342144638970694,7.38149247997876,8.657255211467202,3.432439430570298,2.8332910470007846,3.398272887762289,2.5511499797466968,2.9654854016029617,3.3898766384562578,3.413261169091925,2.941363162756886,3.753806649416447,2.6123735046540446,2.6846485407131127,2.861973455910686,2.844765980334671,2.580945468546247,2.815649132532542,2.5215612396748384,2.949595266592155,3.291051217200049,5.646264214033522,5.926581857682436,6.046126555524779,6.6605912524795485,5.920812950314144,6.24670414844627,5.768062683388052,5.943045542455366,6.071652342681887,6.758392686131344,6.186063755527869,6.314054397706627,5.56009857607819,6.05369401248015,6.587777299782317,6.356038569498367,5.8284898163814205,6.066484363380823,0.5866499768125664,0.5535052701624181,0.4381150253794885,0.7845495989367919,0.5606048149920184,0.4736276148063325,0.6081788256258278,0.548783927070474,0.0,0.7563621254676605,0.5475056416980806,0.4816725478422086,0.5592421701971375,0.52276782252477,0.4258870781787891,0.7644659791035338,0.5449022359530318,0.4983246647828991,4.101447915796712,6.543389794646316,6.505566282151278,4.227520109252964,3.354932739964511,4.145718256734995,4.2177704781701095,5.422661555496063,6.934721969101588,3.3328195086820074,2.6883039239512527,3.0666518034886394,3.902985385269631,8.412759438069827,6.626610958555943,2.7462565639664263,2.797272554600454,3.4897446838210726,5.354080243720546,4.613866300684151,4.451386091504901,4.32230544700758,4.565688012827593,4.264922869531688,4.741069325073624,4.3758536741969465,4.33466709619529,4.405842543230506,4.579328311661811,14.913451959937449,5.239438145176791,4.570595006883707,4.667526044131819,4.324544577816141,4.565653533074453,8.011311088677417,6.726277098976652,6.8666279694671175,6.993306355084087,6.582934491854473,6.785834919915885,6.813093506387531,6.557822573168096,6.543291932823593,6.685457145738326,6.691264660167178,7.565289869565163,7.638958225876706,6.819081251541093,7.016500832243878,6.949776673047495,6.924396736952588,6.742170475975456,6.694819368295498,10.043120910001278,6.343688785884524,5.808141335357561,5.399072816150465,7.82843829280597,5.59905762409818,6.530767659148523,7.113599498099973,6.839006350322279,27.27327420085232,20.90092935000655,6.4121349042872,6.219091733228765,6.611252436328755,6.598351819238076,5.826483568943274,7.116346535145283,8.028700693168844,6.820931838017373,6.025410260018589,6.207730319249208,6.589259481221347,6.76659165983699,6.484404755810829,6.69653903533964,6.360702183705541,6.445663559327954,6.063779283507301,6.187459743399245,5.866458521317156,6.312296870302248,6.116021576598087,6.02078301021038,6.553230039286234,6.568181707071972,6.084975619288457,6.373572859228716,8.157088640398456,7.270506592463619,6.048381466053058,10.322848567052745,6.9596658901216415,6.183051210103372,8.952905707315665,7.907621330390725,5.9625695906038345,7.7468401837754755,5.945068843945023,5.947421882948959,7.609994404626036,6.672812781881476,5.686427861684194,7.34046650274297,6.604979580793383
326713_1_consensus.txt,7.089402386610686,7.918008463893443,8.167243517095528,7.079673284206763,8.21356757112892,8.765481651340565,7.114642627123544,9.059087800320242,9.27441792021216,8.61970131704976,8.490184250823916,8.885581756813224,7.555661172187399,8.399607644700723,8.584483065269978,7.400188102904565,7.6717692378474,8.927691294677118,3.992012631015541,3.3097437905477705,4.044282214778548,2.691852118097131,3.474875197268432,3.9764704287184713,4.010215028821278,3.579073014554752,4.471131237164627,2.409974029050545,3.0222725956502927,3.278490950333321,3.313870140797178,2.9349956217464523,3.245332220268608,2.6418291042698456,3.4535764528134223,3.785954427258389,5.600978179804883,5.88795860065602,5.954917535320419,6.15570539135166,5.663392761290197,5.934949122493833,5.810976191888244,5.9569109318771325,5.967713274807295,6.182031187694975,5.769057101470878,5.905886576596004,5.373337321698728,5.8247190072945045,6.212527964401204,5.907319727141271,5.568256730222458,5.765148942805013,0.4285333157984041,0.425612463209859,0.7113092353679917,0.2244772951407867,0.3461836624589409,0.4319115719204092,0.43473856152184,0.4508538649695879,0.7563621254676605,0.0,0.3516703942667618,0.4158880488193404,0.4779783032124101,0.4430189055899518,0.8155415826674925,0.2159531337402995,0.342813916319983,0.3994986994052851,4.421381370302527,7.1497439058942405,6.864705271281707,4.243005498577077,3.4006938219132508,4.683378936751751,4.720764578044054,6.024839110805829,7.536608374909747,3.320057387335908,2.8735791376512907,3.323418088842402,4.319409443493726,9.253771457290554,7.3564684098919315,2.7917481743525627,2.7703371345082246,3.667586469910248,5.758971632098053,4.577721839715593,4.486671600190277,3.89260782775483,4.125407034714044,3.919739586970877,4.735688459987159,4.114420015031101,4.172256952531541,4.0671418805713415,4.353296871155976,15.025358613279993,5.322828192926522,4.270214194213224,4.514015538429646,3.968211661150235,4.3909481714045455,8.385228061140538,6.691665349431162,6.656412931645377,6.8559518174294,6.669418023711046,6.70605980090852,6.708942661003107,6.627610097579236,6.523795319333487,6.632201681183062,6.542248872378707,7.216262297291053,7.347683712765615,6.639408783676686,6.69583794573299,6.725545610257143,6.927480548505741,6.644595774129016,6.575344446363658,9.964425632350869,5.995779175753569,5.819590463506813,5.059557367477282,7.75851410937139,5.527769557216345,6.503005575487862,7.042464427080574,6.723965842930852,26.477648923210893,21.03233370109865,6.0779659178560905,5.826411991783687,6.277229946507532,6.470400689611267,5.334126513163369,6.793681179652765,7.725624470510525,6.738794118728436,5.812819373165553,5.988647344081414,5.912374193192818,6.232629447782529,6.226038361888698,6.669418489664281,6.132502896910808,6.228875288908284,5.400231666529066,5.678032872775816,5.5998855135751455,6.251382888640308,5.826293690196167,5.894338271330923,5.866836840092219,6.0591254816698665,5.781711966571947,5.893145738170233,7.903231545500546,6.741589810834398,5.099813571233938,10.098942937807408,6.396435365283821,5.784889944265672,8.570754784403675,7.569638297102074,5.067626138428409,7.542163989113817,5.48281881995581,5.597309303996212,7.596496220829579,6.262416179340391,4.8691898515401135,6.967132583577552,6.039695247594693
326713_2_consensus.txt,7.060069056857799,7.810020826158166,7.999444711899457,7.003167650446244,8.009485410388777,8.610290513530458,7.103762623480748,8.963067282450652,9.093818592479352,8.577553088202308,8.253328335355661,8.774995210633904,7.470082370476689,8.33452833477537,8.358240776251932,7.347330590119157,7.52568092253739,8.798177438964899,3.720804536863568,3.065526765541108,3.7548646531740246,2.54014962273385,3.2086598200498884,3.684737835607223,3.722156409645208,3.25160945046116,4.151752621157698,2.392813510472706,2.8153156292328845,3.053318229500235,3.07157539215666,2.7232755478442527,3.032830308027542,2.4924929623953176,3.1952952609741487,3.538160251737736,5.569111156546853,5.864896213758186,5.955620122089613,6.294391166835965,5.702866735761404,6.010170784314369,5.753971776830042,5.913794336729666,5.961792984621468,6.362664858012067,5.881381801223483,6.024018663683421,5.402825234073362,5.87241746639944,6.318528488482741,6.026259665117891,5.616112728835674,5.833909422237809,0.4167476263156686,0.3729392205077602,0.5279643658456052,0.3650377991087339,0.2398206935189364,0.3279160890505181,0.4206579786051065,0.3812742939408622,0.5475056416980806,0.3516703942667618,0.0,0.3196062181724528,0.4397422926673471,0.3767737620698312,0.5776687344852007,0.3508645455598298,0.2411690815898737,0.3209045135307065,4.284407779883509,6.916815275309887,6.72781322725632,4.207978792245854,3.3563245568385582,4.452408217339553,4.526839004275587,5.777661628383839,7.259543469791822,3.313720419382662,2.7495967878877536,3.2107243799257503,4.126067789270735,8.87650327462677,7.04414839182158,2.755561400783336,2.7624654462933336,3.586880728938695,5.596803807787694,4.592057596287987,4.48257152281127,4.060309407685509,4.289187457321759,4.063934950928342,4.736242150422015,4.21243002702272,4.23537623400108,4.22656738855909,4.482468670360561,15.005590310509264,5.339056573232085,4.418419900366871,4.622810123242857,4.102070892121901,4.446582862899902,8.254781235660062,6.647987537626648,6.676934786790355,6.845355928212598,6.607354599426515,6.681951084364812,6.694424471009484,6.559013376080486,6.459885391978503,6.59555194125619,6.566724132579395,7.30384745365069,7.400451601265331,6.656664204992751,6.746893494434914,6.760152562805217,6.890441444517137,6.628348904345103,6.565569103088194,9.972174588229564,6.149622916156716,5.810778274295217,5.187832540911359,7.755530314528755,5.554279119337764,6.487925667039008,7.067156038301789,6.769238473048347,26.745034639100425,20.97240042732426,6.194793901931632,5.98224502782216,6.433362511070584,6.533004886701974,5.557553751266767,6.935678592020111,7.85565907745422,6.708455000394224,5.832552816422947,5.999288583956002,6.076606705792017,6.355484873830847,6.243688559672876,6.634183262924182,6.160532734056403,6.246117903491665,5.566915905563405,5.797435203929922,5.639543258423373,6.217788524016328,5.894145647016615,5.904503555508654,6.039734679902097,6.1733858465696585,5.825149544992485,6.0565522133233,8.007995862967391,6.948115219387262,5.421046324720521,10.225111514171374,6.598025900229857,5.943672751592999,8.72236641227795,7.724669125672847,5.358182171923431,7.641207456213863,5.645517158575387,5.7330324318378985,7.6363073467134654,6.406770246052986,5.110434322733738,7.0940210058271305,6.201335441465517
326713_3_consensus.txt,6.909366876628496,7.616381915075237,7.786540465464952,6.848462926601087,7.784483765685138,8.400350358161177,6.95610594000334,8.779653595739433,8.880248108538467,8.386194094176574,8.026221793641469,8.613588824390206,7.302607348645324,8.145522431868756,8.076404191495612,7.182454224263324,7.324273396522756,8.612259918793427,3.5131580909961144,2.889802406256649,3.536197563970348,2.4473771543563885,3.0174929159300063,3.483985535739862,3.515280950029592,3.056549465856733,3.908928022448549,2.361551838533273,2.668772235637732,2.8924745308563047,2.891278525753364,2.5766012487622447,2.843510328478544,2.404705805290177,3.01572939066358,3.3429477594035006,5.44423304061695,5.724326513139829,5.829209389399921,6.249661056369405,5.620291326804534,5.916900232675744,5.610315245618551,5.768446205163059,5.840436407938682,6.320475248012031,5.811519556293661,5.95557797299864,5.29435299979491,5.773879110060022,6.237771350699234,5.971942527788144,5.525851348808544,5.747507966791545,0.4009406128545265,0.3550481358099659,0.473266574610875,0.4349315837951053,0.3196852334577897,0.2506555798690328,0.4124254569487107,0.3673804549725901,0.4816725478422086,0.4158880488193404,0.3196062181724528,0.0,0.4120533653619418,0.3519202542049697,0.5072277179782532,0.4132055100400862,0.330442425335093,0.2568506292130337,4.142503911377901,6.737984702059464,6.544090586516177,4.132185453247871,3.2620915249398195,4.282100706521305,4.333498347747081,5.6031734799285005,7.103205297203829,3.2093314213634585,2.657859688208476,3.054394644239153,3.964005998561106,8.67197375294927,6.86075292422214,2.658844017167098,2.676146119742782,3.4452401030949886,5.37065069474528,4.446552224455672,4.320081644028619,3.985963695892508,4.223803523485231,3.971447308095435,4.581682770814666,4.114309834683468,4.113226489526028,4.114588042482637,4.345003102673786,14.825314806493168,5.134378515968365,4.298881559563426,4.459408495957916,4.020685657961508,4.339233360297385,8.051093605267283,6.522188565123201,6.588085934395053,6.740985998533802,6.447043907036687,6.550475927932894,6.5950380882648005,6.41024863806399,6.340330353899276,6.461300441503681,6.443408401772558,7.215820549585146,7.322354777176372,6.5507846789076325,6.687366863097282,6.659909374266988,6.752721296450773,6.51502965218981,6.459686660073771,9.872946260703088,6.067453739951361,5.690642902453305,5.118474723467443,7.635123896876621,5.44513894974034,6.3873925746340205,6.961208082747135,6.65140704999402,26.802874088025646,20.854258832663334,6.139515815477694,5.919076839870286,6.341442924304715,6.408315698400031,5.484495036378519,6.841398760154334,7.780687413721694,6.615140206112926,5.770470805432751,5.939090059094895,6.124233442062177,6.362176296040445,6.20789904461742,6.5225623367902585,6.102769957593978,6.1805379207168585,5.6103838860740325,5.792282147942558,5.580435164894766,6.123011047765544,5.829033446072231,5.800964379319964,6.083570414534449,6.179374089942485,5.791146868935016,6.002434937997691,7.888223410680325,6.913521828217085,5.4518115029854926,10.09371800693208,6.533214597202402,5.862337047778453,8.635693226650574,7.6113268919172015,5.402124360731818,7.522314387039728,5.596274199269658,5.643421934728792,7.456838402973858,6.344117786601373,5.146285857893645,7.028248236096829,6.166764361462924
326713_4_consensus.txt,6.985052207369222,7.698454279732232,7.845898476146772,6.955816441498314,7.877840081562226,8.446209860491365,7.03250123152668,8.81984853365634,8.910151455243351,8.459098048644535,8.144025345872592,8.66231311403709,7.448026405540816,8.22999083765319,8.136167220061282,7.223709312413291,7.369811894490681,8.620591409605993,3.545977169194373,2.955499969064647,3.537195148442038,2.615421235114809,3.119627444921264,3.560314870784908,3.595299162842025,3.16636728929808,3.921700231540513,2.489899322210306,2.7789135596087817,2.952344002795712,2.9064624682488898,2.6603569765330235,2.8621570252025776,2.560401079464782,3.112519404067825,3.408227917679937,5.586283419199276,5.835206207673423,5.936919461971343,6.420432923660087,5.784125506393025,6.046092335058006,5.7175570658337165,5.849644947463958,5.981766488964126,6.459527547199684,5.950810652030043,6.051437521330172,5.415812699673154,5.880114704901871,6.33950892145549,6.147222994764775,5.679370914632557,5.862904235495307,0.2465888449722797,0.3649341488937807,0.5496219806576619,0.4921218866286381,0.4527192392921506,0.4106390320813489,0.248964227665283,0.3764947390437214,0.5592421701971375,0.4779783032124101,0.4397422926673471,0.4120533653619418,0.0,0.3678264117263552,0.5876856980057141,0.4758191727809162,0.4436172627639507,0.413803061842259,3.9712218088916975,6.554921622186896,6.311241401037592,4.027949899530142,3.1453555552589023,4.169794689414744,4.118225786593882,5.49670451444581,7.02649678241346,3.069994907437149,2.604262524193814,2.950594880464962,3.8727763711520993,8.667715640373103,6.694985293721345,2.55321283503838,2.578695166832915,3.2884905404496294,5.2554705235601205,4.350870885928714,4.155197173225929,3.80026836486661,4.056186900890566,3.7749884541661913,4.453894575914546,3.995049161385056,3.9421864811405385,3.85670996585543,4.028941213913981,14.372442360417608,4.788473158662157,4.007649087335551,4.120367669891209,3.8659603808062,4.193041437015268,7.854155533853827,6.589523540598691,6.667962697658652,6.78834375195089,6.479743602718827,6.659464763838116,6.644727450186849,6.478102891986509,6.465396769265567,6.574186295870675,6.417490369320092,7.267680508819524,7.353079894987673,6.592667900032552,6.755845509310007,6.71895876906234,6.763338572775922,6.577760907503659,6.542067681916308,9.74579117723539,5.870698492260658,5.540461781938973,4.903866758204003,7.5813523844888095,5.264631026219263,6.318485572695352,6.813894771480534,6.453001606599855,26.695166706289683,20.798204468896813,5.960387980145697,5.730444516379066,6.11079051433785,6.200811255258259,5.21488003910747,6.635185163494839,7.58313983676868,6.676464987479676,5.85016615278505,6.045666252729802,6.28842531637747,6.503158297485697,6.343717991259041,6.533860050561884,6.178523033218539,6.262415404450678,5.765055655081767,5.940441555026666,5.676495366614404,6.150360319616425,5.852246746013634,5.835356009920815,6.224459255818601,6.326722244562575,5.908036239157127,5.923303840765527,7.75822509760917,6.900266810768812,5.497994260684493,9.88923335968417,6.575951864100318,5.776736128574498,8.51639304091998,7.395573609296321,5.510975286790028,7.351139248828133,5.574291109974865,5.5097311113732985,7.31550015535629,6.2196174243434825,5.274118145771354,6.897610461758177,6.237916485005428
326713_5_consensus.txt,6.876893774134771,7.588739159740726,7.747922265658076,6.812795261584711,7.76075426871671,8.350647707606015,6.900566368966452,8.73213613562416,8.826958295618851,8.333986314487959,8.022537673655677,8.546960874272543,7.281473468973047,8.106648140688833,8.032286447760384,7.138222663993588,7.278431840237943,8.534962599640608,3.578593456836188,2.9798910633429045,3.58010024143141,2.560455056467049,3.120159297651412,3.568774198535948,3.614841557616387,3.160166522847419,3.969915991628966,2.462681252502307,2.76479319017551,2.974882973283286,2.956176544492621,2.6645453558720646,2.9083390414845667,2.52064355254106,3.110595237832684,3.4199132148906983,5.533535668041395,5.809232426418532,5.909472340585012,6.34779487724029,5.723813373885434,5.994465836663835,5.68650124499311,5.843361782068087,5.934184002658753,6.404861719437463,5.895546260149501,6.0174307011441215,5.37518904003673,5.84658873795064,6.309745431477495,6.069475229773047,5.615424396025787,5.82383151518934,0.3580389320169388,0.3013965817281701,0.5101202649460674,0.4526027857782537,0.3714553855419922,0.3573733131216841,0.3753666609744641,0.3027245111576917,0.52276782252477,0.4430189055899518,0.3767737620698312,0.3519202542049697,0.3678264117263552,0.0,0.5436274297986188,0.4445888062804215,0.3689287464694644,0.3567666893564478,4.081791532162015,6.687443115701058,6.488435134813642,4.131638912111839,3.246886938422336,4.281729548464796,4.28628019814164,5.605491315472193,7.090080602682519,3.18581993465574,2.677839365678836,3.066487679314264,3.963245448192424,8.71122285743786,6.7838067374791535,2.6497108712862314,2.6838153876874458,3.4144710725647087,5.285684289182257,4.371784911889051,4.224753599065707,3.8850941025135626,4.128557881877782,3.855047493111101,4.486865606041988,4.030220289388126,4.01541869596133,3.981316113554044,4.19667675836655,14.642621057447286,4.974056046270448,4.153153286823624,4.284608243667151,3.9246488509671735,4.257624898301913,7.915272411151079,6.531433102917276,6.600415254642826,6.737738526993326,6.446004603762276,6.590386250484755,6.603275405221552,6.417564577159055,6.380700241839975,6.48950681740871,6.402164904337496,7.208892584421449,7.308551058274475,6.5471268795959645,6.696433728789543,6.665195872927029,6.734763621792752,6.524132540740823,6.472496224859469,9.833859907541353,5.97366769867125,5.624807477455306,5.016691330146728,7.6032642923809135,5.367108593855846,6.3603085665852745,6.90656229835372,6.556475328570514,26.72364626132912,20.826705258313723,6.059694932047705,5.828942469370929,6.243737225541679,6.309862028584348,5.362005592981745,6.754640350141358,7.691118854391277,6.556113231981158,5.740046385231835,5.9195058550885165,6.110680979788583,6.336099494440305,6.181005671808862,6.483000596200895,6.0633446300565765,6.14236076060854,5.600297589184038,5.77507502322112,5.556172412500985,6.08007685774254,5.776666386631405,5.7471417983351785,6.063961640128753,6.162617751889115,5.763824811199015,5.952542084846982,7.84650801119767,6.88729509515332,5.467306620114755,10.04577765603301,6.533736817732915,5.85202670716609,8.601588940185252,7.508290434411833,5.4350096070359655,7.440995820110572,5.589092614735193,5.588683140714181,7.405378600724191,6.2971080223776426,5.198934575134899,6.957807999909164,6.1903439739379
326713_6_consensus.txt,7.266723491084463,7.823428972468605,7.844074091004074,7.086274118542747,7.795982022593819,8.50885215444714,7.29894773399775,9.008914126935396,8.94458400441323,8.637538779715328,8.050370906084197,8.807184322218745,7.5902010618014515,8.39708297306737,8.069965381300335,7.447671345889773,7.484550940611371,8.76480108701071,3.4007975099178225,2.8264772919837924,3.37750260974866,2.5489312242003166,2.953341068271812,3.3606590043116285,3.414272967107081,2.899456735156832,3.710296659275002,2.65683115358496,2.698968893550557,2.8567825696632667,2.832790474427497,2.5669582441622083,2.806984554883229,2.5357064022730924,2.9452535118959418,3.29146663664784,5.575014286882094,5.857957184365716,6.002451183685082,6.6264720529933925,5.87259383822277,6.205575988813621,5.691201129181252,5.875982487991507,6.021415109009922,6.732016863410138,6.136222371992915,6.28774026005118,5.508752522835607,5.998342735443032,6.560236838538742,6.324500435724076,5.7722992475816,6.026082571027587,0.6162712244839668,0.5851605902764732,0.4321058384680327,0.856268618036836,0.588060253008166,0.5060298700847738,0.6509861886692079,0.5826547175812493,0.4258870781787891,0.8155415826674925,0.5776687344852007,0.5072277179782532,0.5876856980057141,0.5436274297986188,0.0,0.8215000495625873,0.5803419018481009,0.5168139052801166,4.066753208683792,6.478151450736846,6.506267337261761,4.212408423181103,3.3583573001569675,4.079853243594414,4.17965414746169,5.383656555342327,6.876353680366208,3.3374724105484006,2.669581510980038,3.038746537715668,3.8696678388907912,8.305166558779206,6.522064266188181,2.7458924639448696,2.798438272956844,3.477171196045901,5.37573935749748,4.67433303344967,4.471015981206222,4.4078917241010345,4.653136637707291,4.341545270148572,4.77141811690359,4.450256429223487,4.390683288527328,4.475220223713961,4.648284950642562,14.886757674070113,5.286636144488739,4.658461159011381,4.718653059265364,4.398643364952136,4.611548780365979,8.008429217638081,6.798624095412151,6.9482204370335126,7.094628363644574,6.627007889268725,6.861137704071439,6.886239994454797,6.611944714436447,6.588516435978136,6.75392129529439,6.753362465408713,7.648264846571749,7.709045801211573,6.88018302444749,7.097044506604732,7.030018328799713,6.993110991568187,6.804408527781902,6.776382913525026,10.128206834112916,6.479038534708423,5.86952966327658,5.462095293229822,7.880012620724528,5.685529992687975,6.578357674031167,7.191851317595024,6.871185450880489,27.25593419351651,20.92303423952376,6.541333301100394,6.3113291172771255,6.729330809099224,6.66138932903965,5.9291659782447255,7.239335705243548,8.15863300093423,6.934240281641507,6.150033283493201,6.314878727636028,6.742670608675326,6.921035301004622,6.613031994614403,6.830781574335617,6.488901481546748,6.556783560979,6.199840274167116,6.326263626666787,5.986699225960024,6.43178348839092,6.233372495267247,6.108999811823253,6.703569487591835,6.713689665697757,6.211879202245882,6.407255354202164,8.133978064117514,7.316885231554409,6.099196010785477,10.372241823548563,6.9747912842482265,6.188877179132192,8.941559457940059,7.873351918505591,5.986073670861742,7.73447590234224,5.95896686363659,5.955581208176284,7.577549757470592,6.702199253684341,5.726241299615253,7.364260377927394,6.6385274143056
326713_7_consensus.txt,7.011745638104628,7.858500380892906,8.118775955783008,7.01269257838203,8.17180011738418,8.679578057518142,7.0509778881472585,8.976006471864252,9.21122980336878,8.542058680110415,8.458375356602517,8.819617036455611,7.498451952145558,8.332210026957057,8.523103959129685,7.334649212030399,7.59060584944848,8.85404887302991,3.979761943449546,3.297361183845169,4.032139595280341,2.6897735800535543,3.4604346530389307,3.9527649463353214,3.994889745177375,3.574514091429421,4.4526041276319575,2.4114949815642603,3.017897367386979,3.2688491245867795,3.290464891696842,2.937915977580189,3.236501969918777,2.6365041063353942,3.433482172006848,3.756434703204548,5.661185768997598,5.950319288350158,6.020146536009122,6.227155615533036,5.735116530390599,6.004811618681629,5.86866835893187,6.018574488761544,6.033663278580832,6.255088454945792,5.844426350809158,5.972801501484469,5.441018612421431,5.895092289697402,6.281500681855277,5.9773957198960375,5.639293417482804,5.831054194285912,0.4266721500970902,0.4178077049044191,0.72133511214804,0.2202113520053785,0.3479001045702716,0.428701573220053,0.4221875137498045,0.4366891167369431,0.7644659791035338,0.2159531337402995,0.3508645455598298,0.4132055100400862,0.4758191727809162,0.4445888062804215,0.8215000495625873,0.0,0.3492454861196847,0.4040913936529478,4.470948476223782,7.205297991412181,6.879125651981099,4.2743266033287455,3.4485264538440674,4.726572864677166,4.743283724996104,6.070916646907051,7.573280734852972,3.364013704672061,2.9120652763895123,3.3617579917793137,4.350885210615104,9.30459170761094,7.390714665146959,2.836367485789765,2.816869606404282,3.696066420348074,5.704512955859457,4.524365306208608,4.445213841289103,3.846560454885889,4.07517475958889,3.873939539206845,4.682987599912849,4.069223493946481,4.124087931334145,4.022428559644766,4.298022739210069,14.940064535496674,5.258250074301827,4.212455279333653,4.462058459899481,3.923971606782175,4.338205606256111,8.321015544723423,6.64187182167899,6.605486730111011,6.79125648219491,6.6229317380339126,6.644587959841374,6.667174874795023,6.587631229593853,6.473758919953752,6.605702902248481,6.497999019696522,7.17052975377436,7.308356647347523,6.5881056194108965,6.651057161406698,6.680396243196583,6.88174672151041,6.599609910608763,6.543478209678938,9.923525277945828,5.930931038914196,5.758956426665463,5.014447191374188,7.704859743670681,5.460170488149174,6.477657744178657,6.9819705367232245,6.688828444184821,26.41735705053037,21.02080262728623,6.020868796235959,5.775420541924291,6.2150658177412765,6.424393680804712,5.283228770313542,6.727545433678131,7.662295155632364,6.689500161936905,5.785015085262387,5.957301424378386,5.891566864853701,6.2109778233365205,6.1911405835306255,6.626054944755083,6.112427983331486,6.1945337265873945,5.386399432264852,5.661604053628423,5.570886459521262,6.211446319665129,5.797210507473949,5.868479898592511,5.843884661186337,6.040645110282924,5.75518213147086,5.88625986412751,7.881602771115865,6.7381795168628855,5.0922186578084165,10.086354010456148,6.40955468809733,5.781379925944464,8.56486741701076,7.54508910472839,5.08657593510469,7.533500550915846,5.492566829447412,5.574732636775536,7.582572179678095,6.264316875165321,4.869705066062238,6.944700861034789,6.015656191461915
326713_8_consensus.txt,7.025434905243401,7.794675343685981,7.969487495186286,6.9630529153917,7.984899469702441,8.583923774388268,7.070083476941193,8.954970338649446,9.049062815267687,8.518550940661441,8.227204127865491,8.73883502751977,7.448650143618238,8.286995124146415,8.303277056388765,7.321088383001779,7.490758211953221,8.77334526169102,3.781773220072752,3.106932163973056,3.7995108577675865,2.591332750859749,3.258822399085944,3.733756609386433,3.774433728887289,3.3202659863011377,4.202063754301662,2.435629293313582,2.8683996068625106,3.1009219894206126,3.1199630934612514,2.786357042275313,3.0827702767970777,2.547734382624924,3.233489239318488,3.579921032037248,5.61228011746249,5.904810726708831,5.99830329426328,6.3408579095006985,5.754612592244257,6.055757941162938,5.796295639604921,5.956866213152125,6.006813851777622,6.4014717251805,5.92943973832115,6.063211102999617,5.445148771984009,5.9071802483506985,6.365367375275639,6.0682830083625845,5.663517544889487,5.876401698567008,0.4240322298339265,0.3641813097906379,0.5210365895019322,0.3548408394610192,0.23281841415087,0.3340556809596933,0.4255770397450646,0.3778117433328134,0.5449022359530318,0.342813916319983,0.2411690815898737,0.330442425335093,0.4436172627639507,0.3689287464694644,0.5803419018481009,0.3492454861196847,0.0,0.3221580107578461,4.346411089779736,6.971511093097945,6.77337164175475,4.253240990931545,3.422136207461847,4.513637097316973,4.580746722140418,5.831688224952188,7.3053885839382815,3.370161341949256,2.809526075825317,3.252294695572857,4.176851146720253,8.958369262615292,7.118242643676695,2.7957628252086124,2.7984820079023507,3.63676488614999,5.604219206492303,4.57547581994919,4.47156475531375,4.048429344550584,4.278882461993817,4.046468727611796,4.730772171762737,4.193680695795479,4.2276110062237535,4.21025545024861,4.4573274587497735,15.018004030463487,5.327144258566307,4.399923652081043,4.594062660111035,4.086125273909602,4.433000863177028,8.240821907572581,6.689222621552688,6.728200252500812,6.891030001160516,6.631967432064698,6.718911565350368,6.7326838527562245,6.594977986163201,6.511706174591495,6.644677349937695,6.603097589283266,7.343204696326097,7.446957334522438,6.699134768927308,6.793103731716826,6.810732895741637,6.935623476775049,6.676351188194587,6.603938993295401,9.946380263884976,6.095037839826318,5.758808152340407,5.137502559333825,7.715247150210757,5.50141336317995,6.438473420594562,7.001880498139826,6.715141892229042,26.70598685086179,20.916191210973462,6.156996913744592,5.937600170470091,6.382784620220832,6.472696546880059,5.489569411299954,6.877243040343217,7.804732443390606,6.680005314561242,5.811091063732647,5.992296738376751,6.065407411911679,6.332214644629062,6.223809728097933,6.6161092330152655,6.145026790311249,6.227557633286153,5.5498493499098345,5.781999829187157,5.625985658713944,6.212237817439359,5.870624310004246,5.879363039631073,6.030247296780658,6.158363164451316,5.813101184231698,6.047889912567428,7.969208750448331,6.886486730940931,5.397572356983062,10.195435719013917,6.5791806825805565,5.930626699450897,8.692124628052795,7.680804521161065,5.33667826209637,7.5878615335686845,5.630443326201714,5.708855549869156,7.600269558456603,6.396276057444538,5.094544981612842,7.073681956966766,6.191580506286016
326713_9_consensus.txt,6.97485512444382,7.694234259330358,7.84762409640382,6.915724474834804,7.851187649187182,8.470697433424448,7.014006201003724,8.846052115069995,8.961164647056023,8.460038469275503,8.10611570848846,8.676614151139802,7.398303827406551,8.23212081470814,8.178907152291458,7.247348238763379,7.412022813114731,8.690064430840721,3.54218197260991,2.921173318439912,3.574672736089383,2.471246648095132,3.0572550917980834,3.516013299202712,3.5613329179380457,3.094715840683648,3.955374257720848,2.379240230937796,2.7013829380061907,2.918443907960921,2.9317614707057373,2.6094343841383534,2.8740175896269875,2.4329295259681203,3.0456754565630035,3.385540803512299,5.45509673086957,5.728679518244007,5.83651372985787,6.236206761808148,5.618600887563503,5.918530500166298,5.618756582660637,5.77432098596654,5.848587956474376,6.306914281720879,5.804057460408728,5.949824846287299,5.298559079364736,5.769138976846023,6.239341093188784,5.959917426754828,5.525681600553241,5.752167141342682,0.3975770759964803,0.3534600826602059,0.4788048490240726,0.4245529960039675,0.3188946254225016,0.2591288694811737,0.4116748099737606,0.3674717907554168,0.4983246647828991,0.3994986994052851,0.3209045135307065,0.2568506292130337,0.413803061842259,0.3567666893564478,0.5168139052801166,0.4040913936529478,0.3221580107578461,0.0,4.12437137305426,6.7165207054545135,6.594611166231857,4.12970832751347,3.2514257561234103,4.293654109155284,4.34086750849616,5.608254326899896,7.106174201571832,3.20882809375604,2.6667410742462607,3.0595392274074698,3.9744150370739817,8.67411061464179,6.843701600036695,2.6566133438817587,2.6636919840585733,3.4615132670043067,5.451997668452179,4.517970666179849,4.378374964277271,4.046701717795827,4.288081770574195,4.032557078184141,4.654122258359166,4.178990898603558,4.188056207277782,4.176764476197889,4.410054757911496,14.89198840983363,5.221439072490398,4.3633763671884935,4.528060043522999,4.082906399758542,4.408226984324756,8.125818348303937,6.590638740529073,6.647471990606505,6.8211552821586,6.519248601724996,6.630698939050035,6.652672193998399,6.476341759462002,6.412404566335056,6.530528202138271,6.508309994984643,7.271718491612773,7.3722099262790834,6.61174249840218,6.743486133296585,6.719902036144845,6.814785410457716,6.5762426030269125,6.5128264063119445,9.897112258990944,6.09816302259344,5.72182983143307,5.134655372287796,7.680295783105237,5.4778703900789765,6.401728054511523,6.984627367607118,6.66743234554599,26.747746716921483,20.886411220486423,6.155363041442399,5.928494871668704,6.374077928141276,6.425015490397527,5.500502906682357,6.860138879627471,7.790963611393181,6.672891931963022,5.817544385706242,5.986660169682068,6.154265571831616,6.396613567929876,6.254181658816265,6.587607537371071,6.141856455667437,6.228820538722573,5.63218490677167,5.830090562362329,5.624050007850485,6.175942294418064,5.872187486378607,5.847210253499327,6.110950861708659,6.217856358574011,5.827919421041884,6.001497830591063,7.884033822625099,6.907157911510922,5.440207778552804,10.106251010047115,6.524774628072976,5.860991774161562,8.643009792822568,7.6125153228611,5.378774733235616,7.527208699870755,5.590063957299776,5.649162936611106,7.473864476689073,6.350952857065863,5.146879886554643,7.051608422752679,6.1681247012171525
326737_10_consensus.txt,8.322117220811037,8.754744003732696,8.703667201481153,8.244618630560808,8.684733221589454,9.472925882003947,8.495967420442753,9.963646952576935,10.055506294576505,9.823783764295968,9.199073449341428,9.811204317185345,8.7975945391388,9.421470440591406,9.10959663978582,8.358638062927298,8.56641806937796,9.740686686109145,4.506405920731595,4.086013215588309,4.505216581565946,4.110666896151599,4.236358791802843,4.643768866356709,4.687650013984808,4.197507543792597,4.816384853070872,4.346849928969505,4.054749950761561,4.242715572419115,4.047749950178854,3.957752721256327,4.031681872721606,4.14614325212159,4.327041296212826,4.431354774701049,6.997478512550799,7.200253893477509,7.340365191236174,8.0158215736692,7.287453817888149,7.592268679058861,7.040077180113144,7.208421454220286,7.399684599175998,8.127573294210151,7.4513006826133505,7.671872766253614,6.898919863650519,7.365874707066837,7.859958998931575,7.724610826473736,7.135935124654623,7.392003694606444,3.9729231126399895,4.0928339846607855,4.031011588259901,4.518626850808232,4.3287319220115705,4.1534155028844,4.053280056685082,4.1419637925896495,4.101447915796712,4.421381370302527,4.284407779883509,4.142503911377901,3.9712218088916975,4.081791532162015,4.066753208683792,4.470948476223782,4.346411089779736,4.12437137305426,0.0,5.641245787589298,5.789903385823664,3.9949513701635055,2.844567259505993,3.684788792516088,3.5483340926056712,4.876788555319763,6.614479948015685,2.9555658988720097,2.517174299644637,2.7714783666778544,3.45654551077746,7.700068593829144,6.010745848127954,2.4751878085170915,2.4564357015443647,2.921449229950156,6.75278736461172,6.215523109432297,5.970768148904881,6.035356373382001,6.291686291718975,6.000457224903869,6.338371047998862,6.153536080239803,6.0096866695463405,5.959770112484421,6.04024865680816,16.033245504608715,6.404468742739482,6.089888357302016,6.050939187938241,6.089126680981394,6.278703754720425,9.502818917572997,7.967765229449583,8.201792889913634,8.129313556050363,7.828706031800493,8.205834187969401,8.093943568436202,7.627396111755161,7.984576854100908,7.975015244779229,7.884623594740503,8.888124158364576,8.980154674421783,8.106296341423786,8.458903275739544,8.178931413208772,8.073035709345902,8.0544591851517,7.949999433957373,11.930832885708467,8.053274746376701,7.882500464568011,7.340931444316311,9.693728308295931,7.597267426229337,8.591788528366465,9.150219358862673,8.809128669851077,28.550187042994366,22.60235843672177,8.342591708433929,7.93832284193536,8.439829933253463,8.532044332173314,7.638294033171007,8.819347916600236,9.751493392689667,8.629459571977065,7.843040225861159,8.028483684317507,8.597605151379184,8.693387118007081,8.405448540201633,8.486562403596565,8.217872244254636,8.287140281079473,8.036613801221733,8.002768552953512,7.606983303905849,7.906550339069156,7.820577226432022,7.610756478444387,8.558473561900087,8.507166924234696,7.960760304577775,7.8816440249102016,9.490844341466527,9.242284327768743,7.817131498853882,11.859215612224716,8.49677432599043,7.693269044866952,10.7825547112829,9.303731710994668,7.927179614180432,9.3032592252805,7.521368207044418,7.457512080151105,8.990132652921488,8.14224898775035,7.629875174353344,8.916941051122762,8.330096309147962
326737_11_consensus.txt,11.183596487039154,11.436636707645675,11.368660367540429,10.960626467562063,11.230307916433048,12.067672814623052,11.436059961654962,12.735559938044617,12.736193751337282,12.638746397781802,11.85943854536589,12.524211515569846,11.693037470152431,12.226733400053831,11.632459429117944,11.136941548359346,11.336093378957628,12.514184958593546,6.8087553883704,6.479398681269345,6.720976412070286,6.640745383063631,6.631437893078498,7.02761528581982,6.982793938993609,6.4811666371491015,7.022771295946996,7.069527492450106,6.513258519903729,6.65469563914337,6.449847692675405,6.383872063767171,6.422489045111945,6.7146107546556095,6.675414053372947,6.815655087941536,9.683595382879048,9.91916123369191,10.033076320349892,10.855911298254966,10.05113134254242,10.404047970343356,9.679683664738375,9.888226182043695,10.138442935197531,11.006751836046249,10.286356061425296,10.498573985155758,9.652872439815496,10.129853363887603,10.694321012537898,10.58862904834814,9.90094550920378,10.202476453782594,6.578812227796561,6.72727839203128,6.499059736504592,7.284123629460055,6.97720341815932,6.735762280551057,6.666425314931814,6.7430844651908615,6.543389794646316,7.1497439058942405,6.916815275309887,6.737984702059464,6.554921622186896,6.687443115701058,6.478151450736846,7.205297991412181,6.971511093097945,6.7165207054545135,5.641245787589298,0.0,7.743064859082949,6.117929714470336,5.148264102293979,5.776624248067094,5.720142223931077,6.797834755518295,8.465154542428081,5.317296299729719,4.793179883822631,5.091387956698327,5.614414337472795,9.692161504064416,7.879692432743468,4.835476160261749,4.88173347199745,5.182358532941748,9.042589020694436,8.72236932031575,8.345543892676005,8.713492022338073,8.952489187621211,8.594296796676986,8.832438040081001,8.735880604416536,8.590136374566441,8.60475630984888,8.612180127441377,18.17605965989821,8.902523129512474,8.676961455500873,8.581803286489219,8.702262414535937,8.786706373966865,11.671323030922563,10.503533358634456,10.851403022442526,10.761484785030518,10.367355347647106,10.848266716920191,10.709440564764805,10.13317239614844,10.552911199701612,10.54807757022644,10.496617970603722,11.63125905842162,11.6998127388199,10.763757373866042,11.132182657540056,10.877099933512852,10.68124290893178,10.709896997176545,10.551245817785798,14.84236869365816,11.07500215333215,10.695015330623846,10.33667351939971,12.566692856421014,10.524278490909296,11.46243677818137,11.983522864929284,11.593155497773864,30.58424815014473,24.701467861506785,11.351954994446372,10.895342303922348,11.419467149612046,11.370374062498,10.687468993128904,11.780860038532351,12.724946445351748,11.57294163566985,10.753358476037818,10.967332925184223,11.763610329660992,11.778976825016288,11.3560969311917,11.374929957141944,11.16137282232961,11.203108020115735,11.161066487547316,11.116951990846983,10.542467951423475,10.742626438978675,10.796978633583308,10.509197053601897,11.71719673403993,11.577178904569791,10.91975655946817,10.58866217598296,12.07430275671254,11.888051504818236,10.653517478317326,14.23906004754292,11.143559807911744,10.216745284145077,13.22597782868968,11.793899967181003,10.717398312555645,11.675612364916333,10.138752991129309,10.033405826076716,11.334893995098298,10.771823225073092,10.424702623068868,11.510150193128766,11.032223645769704
326737_12_consensus.txt,10.428859872426813,10.803620893607786,10.82285926522593,10.396610871055143,10.9200663420948,11.54709962751764,10.650897737412208,11.98547198304027,12.086597388624623,11.917016625141173,11.19022093627632,11.912414269901944,10.946501338380358,11.47530668784526,11.10378868553471,10.440076231439718,10.642207110353922,11.83519197147723,6.7989974124607215,6.43835366470131,6.732315733253245,6.502938402689836,6.564978872864742,6.983624633777083,6.864350268832254,6.524523814386555,7.007160813795963,6.716671783886113,6.394486689662244,6.575048023515308,6.323670195949774,6.272183620300382,6.260316274768911,6.463842074219201,6.634606304664999,6.693180398692959,9.456025574463524,9.614130743625708,9.777864154040287,10.49614095015886,9.78150594737673,10.059007676203748,9.50542220781074,9.667604556011383,9.825111943593072,10.56435938454308,9.954564396908324,10.114549531491832,9.355235103015389,9.794526049325214,10.258468053986917,10.216177398234322,9.62155815161742,9.865227535193467,6.324320305894162,6.505711670084736,6.457677115230979,6.935190911847144,6.789353494956174,6.583588732112162,6.390816151799413,6.52422925941022,6.505566282151278,6.864705271281707,6.72781322725632,6.544090586516177,6.311241401037592,6.488435134813642,6.506267337261761,6.879125651981099,6.77337164175475,6.594611166231857,5.789903385823664,7.743064859082949,0.0,6.328962013284468,5.1420892804951,5.965864922312562,5.703697817773673,7.105998894693755,8.620047389299543,5.272909908548058,4.84966584508976,5.148682263806677,5.744107120192666,10.067934565499058,7.958570223660558,4.842126277987063,4.861609322326444,5.189477562214108,8.80665988558917,8.278762777266024,8.061151711214166,8.080798932525568,8.289916567240425,8.034313110422772,8.370009567800082,8.179634869187396,7.9749449988479455,7.971424239747591,8.026606313706111,17.535371515468626,8.277603054414612,8.054740241566606,8.037280181646224,8.127374140561756,8.34069520917592,11.245963329329244,10.123183122210662,10.351238718794775,10.302711158959768,10.064222568980597,10.342959265767718,10.278903453342195,9.851451738980812,10.21190469899102,10.07044384119257,10.003409162508945,11.044329840869068,11.144032982959176,10.255165766843843,10.633512239265087,10.379768720045718,10.218302113703771,10.216483343121697,10.114056615775835,14.409958059610858,10.541416733738744,10.336022206281145,9.801492290515114,12.238964348319314,9.947032103257412,11.116736008617238,11.632574608657649,11.246407942113706,29.77984420695861,24.438527807814808,10.710516878731823,10.436076449715529,10.8412248705813,10.939544379310972,10.034261085774062,11.229030193716936,12.236886205597898,10.703092396917668,10.010397758655133,10.207297143872893,10.869130400014685,10.889012475571064,10.578509174667431,10.554340403934589,10.40214113787539,10.437101068568609,10.341384541097,10.234932729694831,9.780314685289,10.044698662666576,10.025437121644076,9.857273282356402,10.814666023458017,10.726706280344729,10.12085386746287,10.242643837681726,11.826921570766215,11.572704000569388,10.206933477430084,13.825783849745676,10.960646109659194,10.120132225266444,12.930750727965403,11.617082128027905,10.3910947039667,11.514388397512905,9.93259362836227,9.747633782483549,11.157758113644718,10.470463574038147,10.065914955714677,11.301302991984812,10.730812176701534
326737_13_consensus.txt,8.587481768694772,9.143064729768923,9.21863893786815,8.597435369921186,9.260825814436489,9.9673274168062,8.843426873783756,10.362957519674636,10.57983313357073,10.133733887311848,9.69577584147271,10.16411391894286,9.193972325871243,9.869850087411407,9.720857410565372,8.645959317707934,9.027263523439046,10.254558316920791,5.077755750466849,4.613428123555536,5.139973690727686,4.449230101267062,4.783054933390758,5.206556156638953,5.197423039020464,4.798446206523522,5.428771473390043,4.535425367677703,4.517846952865568,4.676369967023959,4.588898777643067,4.424273912705644,4.553329014595249,4.490707494175638,4.832632971926955,4.975922456049091,7.176768424936824,7.364609197118851,7.487671202169906,7.957309699369603,7.356740302175638,7.646553426872288,7.242287014411204,7.383639769423837,7.543640567105626,8.037904730678463,7.5087983138063805,7.676527944425231,7.035000455804095,7.43685074137278,7.897213739174788,7.7123361415012255,7.227570126275964,7.456646237244513,4.000282552283522,4.096402581327482,4.134481946391247,4.326001632170744,4.22797045260802,4.154257921767112,4.069963428513404,4.1802236175313965,4.227520109252964,4.243005498577077,4.207978792245854,4.132185453247871,4.027949899530142,4.131638912111839,4.212408423181103,4.2743266033287455,4.253240990931545,4.12970832751347,3.9949513701635055,6.117929714470336,6.328962013284468,0.0,3.076672509269315,4.0896229003467965,4.107726145023662,5.282926813183735,6.797789886039141,2.9560722614972974,2.701927629405759,3.0684092250826893,3.8325355068275258,8.45045991768643,6.593622273959397,2.5565512787356965,2.5404767423210046,3.2830349048591643,7.273571997639578,6.416672734809822,6.222167123457439,6.105017234534273,6.36628926239257,6.0834949721052,6.61819126317539,6.286969252611925,6.184519669033477,6.132167764671806,6.25593061531174,16.51004227096712,6.8040141525967215,6.254024103554343,6.302353504759253,6.16736063450594,6.398082723909056,9.924290580363731,8.284348549204651,8.414796632450816,8.523322679579223,8.232005701971275,8.504365641475545,8.40812390407632,8.061199664921048,8.32753705867708,8.439761917896874,8.238085464002097,9.148440443208926,9.28086546030761,8.363002029539302,8.63390447207081,8.488402622978583,8.529238120372042,8.411516928767867,8.313262541269864,12.318914903177074,8.13907478329736,8.083861515129627,7.523321442737142,9.994423642529398,7.833797586320827,8.897067458197682,9.378417719697836,9.01019747818924,28.481424456188336,22.89798269492394,8.44212279223575,8.015777151540874,8.489752079287257,8.852935265789824,7.787620528957632,8.987019334894399,9.838382004216784,8.977890380330166,8.07159371326577,8.291799334331074,8.631097616674765,8.825565952241732,8.619353915877582,8.849718484692005,8.436601835811643,8.521928734722508,8.054706191755201,8.120083626640508,7.810647235919362,8.239627804159113,8.033312757151634,7.915012716284366,8.576747941090503,8.62641668283311,8.171783318690245,7.903650773421248,9.589091353893878,9.056861608687882,7.524800122938132,11.878167088633234,8.443322119423215,7.690519068492449,10.57472285494714,9.358918996314172,7.680870075994335,9.45626497487865,7.51774200187856,7.429829460956569,9.135276251235725,8.295498415198324,7.3994017736305295,8.867371606771826,8.244233028794383
326737_14_consensus.txt,7.482238347731823,8.017431316198781,8.109036930673597,7.47383288407093,8.15824431585321,8.845431335523699,7.73014718357831,9.195988504285085,9.535142520569709,9.102250797150704,8.575991146745764,9.170634723009186,8.09599597806448,8.749891969426074,8.593819085412179,7.613679561309084,7.886916784382606,9.22934073705477,3.864603925444328,3.3744451858432285,3.888036957840029,3.207245662620039,3.506707904135681,3.976197122026917,3.962560142510938,3.4829645969190324,4.172401908732354,3.302103014558952,3.241636284390836,3.4909176749229687,3.353992408084707,3.128680028083465,3.252766004607338,3.210814133724909,3.6204737396864735,3.7550819447486106,6.124413514892751,6.342729721951798,6.472419674198306,6.962983413069821,6.322392412875274,6.626142821378039,6.226980861675258,6.374088341577249,6.511861230010254,7.031945144393262,6.463012454730972,6.678318572134174,5.978006888109064,6.449470123774404,6.875871488133782,6.700815456769192,6.188263170699315,6.442457710508222,3.099784753371125,3.227348328410244,3.25905043635197,3.5064454284116096,3.3924933560730324,3.297066986838729,3.1807141314947103,3.2915521474674847,3.354932739964511,3.4006938219132508,3.3563245568385582,3.2620915249398195,3.1453555552589023,3.246886938422336,3.3583573001569675,3.4485264538440674,3.422136207461847,3.2514257561234103,2.844567259505993,5.148264102293979,5.1420892804951,3.076672509269315,0.0,3.068510270679667,2.9608410022413523,4.328338614443169,5.907358856746896,2.069272282655618,1.604737246796617,2.0459769691462384,2.8071532443493084,7.318318887274756,5.360770813276531,1.6377883070178996,1.4955076579552724,2.231027107454338,6.174053873994978,5.425125498447187,5.222102074071131,5.097378984292391,5.3358193422932345,5.091170417756757,5.576198231875821,5.2618776976459,5.1542779786404935,5.099167308774497,5.230995381431171,15.49592929972556,5.7431487624400575,5.223011803393661,5.2952358294110695,5.151531518677416,5.429146680381905,8.906463564788112,7.093961236664654,7.250061302041786,7.258623315747059,7.065878630939267,7.312222342813868,7.238505037422556,6.82817908977546,7.130674947709622,7.095401503932976,6.977319607676463,7.90598622099742,8.045395079929847,7.191684853953348,7.467889008890836,7.275414437523523,7.253564290434554,7.182240910932137,7.048572072292132,11.428807593967916,7.3658266786761715,7.275644017535512,6.622420646763771,9.12908847246365,7.003380273968446,8.04110550364959,8.594550396053307,8.2125066540911,27.88012634419823,22.28037543409272,7.598707017729225,7.200328741371152,7.719505184671107,7.906879915756747,6.893667840100932,8.13482478329712,9.119279710479477,7.939474035148351,7.096703488546154,7.250311808490721,7.665823550422658,7.8028011013796,7.626543760371817,7.833692713255402,7.462440492087637,7.525728523477312,7.097567309384885,7.106788534354109,6.802303438966078,7.229865844791277,7.0536263080823005,6.912005036862524,7.615826421045256,7.6273987513897055,7.133577370438161,6.904615471554052,8.765462772464389,8.258192528347706,6.614988934656424,10.923541191918218,7.5464641826407615,6.778482799798837,9.875507239356182,8.494475208527604,6.74797373610852,8.507605311856139,6.567321024114619,6.546377291741408,8.167978213163792,7.288971407232168,6.459229763577241,8.115160049655401,7.310419846070886
326737_15_consensus.txt,8.770121121366913,9.091974338249088,9.027312149744432,8.611429909332571,8.990280194037439,9.775419567090694,8.9789101069166,10.311568709391397,10.37476757569516,10.17643240485762,9.257858185653332,10.25362950482321,9.17879948544754,9.8534695885279,9.332511659767192,8.777720774249019,8.921205300253632,10.17424223933682,4.5040441350659535,4.146620485018502,4.536964523374593,4.206865878569658,4.2622678848747455,4.664383637008768,4.650082011973552,4.136227659865938,4.758332400917482,4.558159572070622,4.135508300149638,4.270225326127388,4.123963404964968,3.989933390728652,4.08124470198635,4.243747501531971,4.373779557909245,4.5472960972686565,6.9194838259829226,7.1565575495465055,7.30623344657954,8.077490961981766,7.291003214631473,7.632005582078932,6.963174050002465,7.15803068246214,7.377838759240433,8.210435074328984,7.530638335943138,7.754453242003535,6.901478165589936,7.379993343393096,7.911559850159222,7.78799409506297,7.173854050731109,7.445651449931006,4.208187512344182,4.31174042602197,4.1028094881770585,4.802768247138033,4.499167973490557,4.299928580111498,4.277681986895573,4.356707468368086,4.145718256734995,4.683378936751751,4.452408217339553,4.282100706521305,4.169794689414744,4.281729548464796,4.079853243594414,4.726572864677166,4.513637097316973,4.293654109155284,3.684788792516088,5.776624248067094,5.965864922312562,4.0896229003467965,3.068510270679667,0.0,3.6366730533083,4.995675359655877,6.578624713010015,3.202751146285607,2.6312886887265563,2.902605488304289,3.555684187104191,7.614418733639013,5.821232771781126,2.750899432569156,2.726963854325902,3.11925988256894,6.984861772915167,6.585238156194293,6.237172173013505,6.524119029004794,6.788641662112923,6.448719495027433,6.670984279762365,6.576494021451481,6.375108230984722,6.450409122540634,6.510524449037348,16.46858659536406,6.806692065367088,6.570955601626622,6.495422285634788,6.51108031519783,6.652468175004117,9.585750526725064,8.235317402126839,8.520463657297967,8.536874454868553,8.068525927378516,8.483728104458237,8.369039698395738,7.851164729117556,8.228718140709816,8.214238094081736,8.22004141952084,9.28057428859762,9.344668519247024,8.413251319276185,8.822967491522093,8.557725936952863,8.386894416115524,8.360247221106306,8.24423556127249,12.692416157044136,8.916203832192537,8.479469048127385,8.142683597066025,10.332006026014312,8.24060139707035,9.218137546110938,9.830060664703865,9.408544408712714,29.271776761200044,23.16267363077526,9.115442464754665,8.770449151468085,9.241805265244809,9.21675413947247,8.570678618254192,9.686160226977734,10.578956956303898,9.225368391161169,8.427549084234897,8.57391853880722,9.314267729762776,9.399591360991622,9.005996931372408,9.04837514628872,8.798224247790813,8.82278374799131,8.725857704301347,8.686647033503618,8.184980495955301,8.45314450434887,8.495569114827333,8.215270381558128,9.270478774265996,9.202487586239895,8.513322985413993,8.561039231649147,10.23116362646192,9.9403613185263,8.613386707751829,12.393790045472656,9.269743159718416,8.340168017308429,11.278055536554293,9.977646571082914,8.667530089758998,9.899985961544246,8.220321355346243,8.093383142102255,9.397225382638794,8.894791916350528,8.337070023208298,9.589364777252342,9.08033333507501
326737_16_consensus.txt,8.528156547710523,8.907114324938618,8.88794170337087,8.52492663344674,8.855567548826798,9.659836237376112,8.828464489821158,10.140051513771084,10.290736656644754,10.092212512186164,9.314293587817474,10.017911790658104,9.149513013804608,9.719717193439465,9.221814525972889,8.562421749948328,8.733900242462369,10.055909835976706,4.263780124062691,3.906600127042793,4.290647876264359,4.07393744573244,4.066972091620812,4.460585932138713,4.43597620984616,3.9588162421514994,4.50416245248681,4.434967161417774,3.958309013617906,4.070217714984153,3.87757523511732,3.795693840895126,3.840506449159875,4.094475788077375,4.132689650633267,4.279949046181855,7.169674848416207,7.342901902099811,7.505594450245667,8.292398579857263,7.508884190286437,7.838199024932749,7.1922090356652575,7.338991007348852,7.591794977257223,8.40429576012832,7.721276802521686,7.928820605190481,7.093423219113163,7.59954120599275,8.09235228030775,7.999895480504051,7.360061539446008,7.635495969470242,4.157797176717281,4.282662079883608,4.139521256760133,4.845585064791123,4.561086367822725,4.352455208056654,4.22186389144963,4.345878102534925,4.2177704781701095,4.720764578044054,4.526839004275587,4.333498347747081,4.118225786593882,4.28628019814164,4.17965414746169,4.743283724996104,4.580746722140418,4.34086750849616,3.5483340926056712,5.720142223931077,5.703697817773673,4.107726145023662,2.9608410022413523,3.6366730533083,0.0,4.874032206673292,6.695964272331423,3.009277867001913,2.57630935566624,2.8016534424791075,3.371464890180277,7.695721986791227,5.870887151618945,2.625420024076448,2.585180539033104,2.9618177683451563,6.7497890138047865,6.348041594599067,5.986064654675488,6.230249106131168,6.513936778524169,6.193570258799923,6.441168883406135,6.314171381787958,6.094887127157108,6.153420771065441,6.16980644272644,16.066051666085286,6.419923459374786,6.237726203793329,6.151744139888251,6.247766357303988,6.419663587768923,9.49479535952031,7.857584743859775,8.190331509836767,8.09527049997763,7.764544949892013,8.176758002757595,8.044132446404717,7.527696722051132,7.961871896285857,7.928695579303735,7.8336622295801135,8.87499547003631,8.962905366489451,8.019395352275524,8.462839969391325,8.176815757582574,8.048497942249412,8.050866235236242,7.922847793626829,12.517683016721035,8.615411611527122,8.336695817631096,7.894339342571186,10.239879894344426,8.029005993360101,9.19860976249737,9.745385308870937,9.274523453456482,29.20201639055176,23.27075482844174,8.865778165335257,8.486055998687277,8.922918427431284,9.028715738263315,8.20958302357792,9.35330479145432,10.3818353861775,9.06534218002878,8.28865443536489,8.482091466595818,9.248876431796589,9.306179255461473,8.919454206198168,8.865515153025683,8.721696517373175,8.739800649369442,8.651119728671858,8.555188523997572,8.018092427198042,8.261224297479316,8.309161543209143,8.01523190673879,9.186574388783072,9.105984829077045,8.448038446127555,8.090075266073256,9.61072204192368,9.570510686466775,8.110381679798024,11.822033152920085,8.744125230392171,7.885514063873302,10.87757003296241,9.470799419527566,8.295228319559953,9.438495055998317,7.764758202725204,7.648353481961749,8.954865149668535,8.381971876132752,7.970310084183382,9.289598705360843,8.59318776270419
326737_17_consensus.txt,10.34761008986294,10.636293856451232,10.559540743764444,10.15646844023138,10.468708327359934,11.396015030939113,10.552349131940105,11.907088500403916,11.973329818362233,11.791486059987449,10.94879936732167,11.656525867582104,10.850914383384122,11.475870679129514,10.932570503197551,10.319313149729624,10.452263435937653,11.684941824346597,5.829775768706952,5.525706259844412,5.856221137727118,5.616926867544578,5.652252478524929,6.045857210910981,5.987655385369976,5.474745999473612,6.089217957578114,5.998168133541924,5.546798886847455,5.683606175426405,5.4414770211242285,5.373792066221313,5.4307418160152565,5.63020036436393,5.735982779668007,5.913748890089721,8.472277412965411,8.64481409399383,8.82167676828027,9.61219797151989,8.823151984732931,9.17679150534343,8.460643166868351,8.625898560034159,8.881925466142718,9.779034606489006,9.049880619837836,9.268991577329246,8.4344403918588,8.882698206621114,9.47679892737608,9.338317497611,8.662451253253096,8.971285492066045,5.51686660440248,5.634838993990343,5.354493764435006,6.155738610023036,5.823523542364342,5.617038463357744,5.602632332121686,5.646973574843855,5.422661555496063,6.024839110805829,5.777661628383839,5.6031734799285005,5.49670451444581,5.605491315472193,5.383656555342327,6.070916646907051,5.831688224952188,5.608254326899896,4.876788555319763,6.797834755518295,7.105998894693755,5.282926813183735,4.328338614443169,4.995675359655877,4.874032206673292,0.0,7.463527065619189,4.36770174595739,3.7748572935640814,4.141866771817604,4.739577074145416,8.63414517002252,7.115536658179906,3.853962895645623,3.911432801213607,4.45272196634653,8.513728187725746,8.103768432306083,7.720002435195056,8.099914127169484,8.320407858320834,7.989868807467815,8.212451537352422,8.092586234513988,7.891784573163648,8.00137312612577,8.028231448089628,17.83237955797597,8.37852439890429,8.10483167820587,8.025816555731694,8.065167195205959,8.174678791981535,11.100852655581493,9.73273522824553,9.999048553037769,10.023432465115889,9.623763080719243,9.98159890179727,9.867580425202163,9.345209816460963,9.697422762157204,9.781322955530356,9.782882563584224,10.805016520223148,10.87203890358552,9.917181066672867,10.299368056613218,10.093630558055564,9.904338715441384,9.841852683034633,9.759378204556356,13.869892019345627,10.193987699046772,9.657857903003787,9.391244275173564,11.583683372073494,9.467333522818308,10.426316044275495,10.99329314738486,10.669512117201236,30.12053469064552,24.12334759081375,10.392417315913804,10.02437070134522,10.52419148716558,10.480802744389962,9.81012893993062,10.966344033053474,11.800247055274497,10.672051422408458,9.924353589454086,10.09089684849647,10.89485155759536,10.949895294995372,10.528776202826464,10.53733039554794,10.289104577710532,10.379308687179048,10.282403326464475,10.270437935039697,9.685939857177516,9.901445016335686,10.02330687131314,9.70688318259107,10.837008883282124,10.739901884281096,10.057502325480073,9.635241219190164,11.112801148417589,10.953168146242945,9.750067791846504,13.222792313578395,10.2433209209903,9.328846080344816,12.319496091216765,11.007429050659994,9.737292844087108,10.825730287958436,9.18249931981569,9.154754858495608,10.3931738344304,9.860132926495735,9.409157030046003,10.680652953494588,10.073519831857766
326737_18_consensus.txt,11.70885226212431,11.98792970608082,11.911990988082152,11.543992325604734,11.860917840810089,12.723104621742664,11.791254819447488,13.265238398237216,13.121732777331433,13.103391074678996,12.24107763217603,13.016322265458882,12.124458328590832,12.795091660448463,12.200005882277368,11.77057017429263,11.741676887127255,13.041799032934364,7.682122863229665,7.3108481699895265,7.6173362733893555,7.320030296487403,7.3930994049434275,7.763351932315231,7.783194537808754,7.21275219429009,7.85671174385601,7.64554852023781,7.302061252260955,7.420328871522145,7.3258266236694,7.111926368396041,7.212868154530895,7.33245682680888,7.4687101696951,7.768182374465084,9.79004601946076,10.00586430086355,10.188456721882687,10.986800923572162,10.160297333305778,10.474276381710697,9.820168937919846,9.967268946873844,10.21276429752254,11.100116700542005,10.419239494105112,10.621007237569929,9.822091856848148,10.24139572690791,10.78882516180903,10.706732280468316,10.0132110197938,10.304589828508767,7.053033794640328,7.127878838653487,6.895927609837997,7.640924113409142,7.28414523327541,7.091997056518494,7.11977097755647,7.16000137826984,6.934721969101588,7.536608374909747,7.259543469791822,7.103205297203829,7.02649678241346,7.090080602682519,6.876353680366208,7.573280734852972,7.3053885839382815,7.106174201571832,6.614479948015685,8.465154542428081,8.620047389299543,6.797789886039141,5.907358856746896,6.578624713010015,6.695964272331423,7.463527065619189,0.0,6.136572751078461,5.464196908495012,5.903960593200566,6.52109030315944,10.349448602580992,8.638184732082152,5.628875346776738,5.644770596644435,6.2524251382685065,9.85333722925452,9.567298219699069,9.218647011198982,9.49420315088571,9.730779042719348,9.397977891004984,9.60368313930968,9.52019408841062,9.31823519312468,9.413819147011507,9.481381137423568,19.02832127113686,9.83211763996968,9.512530741071885,9.44915591365941,9.4885747132476,9.575255954358909,12.351148833538389,11.365272563468068,11.638951387847158,11.716750566112694,11.26557360482417,11.572871018257729,11.528706672314115,11.063048342947807,11.251657667031791,11.36227215611325,11.38649702105846,12.462418759587194,12.417439365093458,11.6058066190011,11.904057034484085,11.701464570174949,11.537611822090298,11.484711447727308,11.428538216469178,14.985331800440292,11.6417617615096,11.029690788079506,10.741983318363452,12.84441293378353,10.828522460330362,11.689151829229845,12.250249394804882,11.91968485020925,30.86622605293951,24.61936895362487,11.741644390310682,11.502530519241873,11.923671303209003,11.770897416999787,11.26290775918352,12.345726279468806,13.295759044642864,11.785682647001522,11.133460373455875,11.256656829785015,12.040176953415994,12.088505207293396,11.624919598904173,11.730781322846894,11.42714523817392,11.514800946273624,11.491416884367425,11.413990838265647,10.948328051099168,11.19734364488056,11.218473407454894,10.892260369903797,12.021441923243287,11.906360703243422,11.21326445279783,11.393240840428405,12.775112816795795,12.57514509098769,11.489075375057098,14.88682192208455,12.033042202990544,11.003303070556512,13.84416740408409,12.502457087843029,11.40601646333846,12.558867053504912,10.9983935426298,10.799931995791724,12.061756382729811,11.674177991040947,11.104581022673926,12.256869168184435,11.828136042895665
326737_1_consensus.txt,7.444551144730383,8.071826079233006,8.13872959532091,7.568462253555367,8.204419719466216,8.886650659545865,7.707885744784733,9.339383725033429,9.55222601530062,9.0962929627741,8.70021585469982,9.142910344376844,8.171277970949859,8.728008633021147,8.655029920950255,7.5627525089000756,7.88975862386485,9.188815267169446,3.815485777980541,3.388473886965244,3.864498635877794,3.348452252868753,3.5471156191937894,4.005440786238751,3.911127700628299,3.645228637140974,4.236896248255391,3.446924522041797,3.320224027298252,3.5355625454466804,3.3473269811445334,3.2625698166447705,3.3186556051616094,3.371573087906484,3.640573682622517,3.710830216428064,6.257369090644829,6.455021939594644,6.57271807066337,7.077728967691655,6.4726731670101,6.734617824869815,6.338985119933795,6.491358539782254,6.644362970731038,7.146937340319653,6.562380273564429,6.7561188784627575,6.098941404947652,6.536270171392687,6.981818248791569,6.810576904381492,6.304112171032728,6.548817010774712,3.041013583622714,3.1507314496873846,3.2301101097218066,3.408769009048114,3.329417984637644,3.2432971345945134,3.096213819179866,3.220776301455772,3.3328195086820074,3.320057387335908,3.313720419382662,3.2093314213634585,3.069994907437149,3.18581993465574,3.3374724105484006,3.364013704672061,3.370161341949256,3.20882809375604,2.9555658988720097,5.317296299729719,5.272909908548058,2.9560722614972974,2.069272282655618,3.202751146285607,3.009277867001913,4.36770174595739,6.136572751078461,0.0,1.7111296289332358,1.9796630137622628,2.80379832550625,7.627485673467959,5.691970625487045,1.5358086611399244,1.5282015642023907,2.169267437588587,6.121569540812288,5.290042462721431,5.079280897745264,4.986626893176208,5.20345070791484,4.959426901140205,5.515365857973734,5.170327112349696,5.059616726866977,4.959148146077325,5.065270451308322,15.491387951880997,5.61277622326952,5.070224648501494,5.125103216119044,5.051167875152771,5.309307697835152,8.936774496398584,7.066031891895136,7.253617665613888,7.264291004042036,7.047788644159823,7.334246556236621,7.255586338763464,6.854321651904456,7.241394612141107,7.23581055221905,6.99949869437404,7.90359261243259,8.085233410053945,7.182128788914042,7.501684053233191,7.307385360248077,7.289970090798249,7.261507911555498,7.093158000310268,11.291627074889618,7.009484219916317,7.119659051067742,6.419564769436533,9.033611641809784,6.779772090668246,7.906643231073417,8.41241605115124,8.030536470464426,27.72096375788732,22.373164805432225,7.296864530440644,6.890702413687563,7.372318509770878,7.770029514003397,6.5577454285020735,7.746896620287941,8.757220125943093,7.883162021787768,7.029306358512258,7.233851181654927,7.632797484261914,7.776436669395025,7.611271352115182,7.7525590047160335,7.426268980358031,7.485585452257567,7.071033035790265,7.061043525935247,6.719032220676809,7.11760034958462,6.978928169036692,6.7898973553921,7.574020505223359,7.6014085456793055,7.1230667292871885,6.621608433624829,8.460807059178137,7.972697187383858,6.351204313077403,10.7553485191508,7.28217433573991,6.520186180516703,9.644332127084226,8.26581400093903,6.562350065900773,8.270986612552974,6.3818262990810695,6.281790018267202,7.967474344570746,7.097608283622947,6.323547929407312,7.852532159005193,7.106060561910397
326737_2_consensus.txt,7.281244574793732,7.796871486433645,7.82182277540312,7.201481625025053,7.815528386251174,8.582595790319829,7.479548498353097,9.085956561532214,9.186675563364131,8.880187733513765,8.213515361658324,8.86535078401198,7.780635651885746,8.450868811874557,8.248701178932208,7.351103088970262,7.613673342962443,8.881261827075434,3.435155586959354,2.9371960999981184,3.440890622595134,2.8198834908617414,3.085312944897624,3.5504505257830488,3.513461956549861,3.0396835772021973,3.783449247294129,2.9851248269609982,2.8756025710367226,3.0908451769903422,2.905959473653354,2.74236508841841,2.9122302107663813,2.837089178274141,3.165288813666848,3.3324096814211543,5.677227985997888,5.89791437132817,6.026593412423267,6.584334377630682,5.909025896493745,6.241545316547274,5.74913976140806,5.930423548185502,6.067301071049144,6.686257713148279,6.080539658666964,6.293011346492847,5.560017713452851,6.0294540165804165,6.503877818970807,6.311365925054702,5.779735457078971,6.050991690994238,2.584684489816482,2.67360311684115,2.612696777226347,2.974221945723002,2.7922929520386788,2.689162233153297,2.656307293408247,2.7250493379120826,2.6883039239512527,2.8735791376512907,2.7495967878877536,2.657859688208476,2.604262524193814,2.677839365678836,2.669581510980038,2.9120652763895123,2.809526075825317,2.6667410742462607,2.517174299644637,4.793179883822631,4.84966584508976,2.701927629405759,1.604737246796617,2.6312886887265563,2.57630935566624,3.7748572935640814,5.464196908495012,1.7111296289332358,0.0,1.6198884527054247,2.349587064227535,6.802893800150571,5.016315369768222,1.2351098942374392,1.1325355513267257,1.8550240840166337,5.8727947490764905,5.132700859594365,4.919896968547675,4.897962219586361,5.123701305793247,4.861283784335058,5.320064852267933,4.988290811836805,4.905715708703497,4.908786019662898,5.009826513938549,15.352544854697271,5.552061087080915,5.026264569759519,5.0679735328820925,4.924459258516777,5.154637542353783,8.584592237996446,6.89737944275322,7.06362835264008,7.102806103004468,6.854573489584823,7.117900033264448,7.003825568475236,6.614368548283778,6.879229799748032,6.918002935813206,6.867306051108699,7.782832190448062,7.9140357319337795,7.017637949655523,7.304883535061322,7.135800924845228,7.102379551200272,6.986923417968001,6.8555304373117565,11.029566548692742,7.024161749739847,6.778282373745469,6.293575985406051,8.646738120980785,6.547581304188498,7.537171640113797,8.074275605336538,7.780727685504871,27.891176149129137,21.969616843099743,7.23956933492201,6.8833626874348965,7.395434817190164,7.554854683874737,6.597762830889792,7.821702649143617,8.763923526608778,7.624574121753653,6.774329763614787,6.939178604063898,7.399513544605156,7.542342021247123,7.3164412565522525,7.50614226879577,7.143420989377489,7.224629556089098,6.832821307106428,6.873876884462675,6.521580923987472,6.917728143826821,6.815690588078951,6.614812110221578,7.351181911488709,7.36014017846594,6.842590955728042,6.819190069512899,8.55165468658555,8.129887108656703,6.584837246126426,10.869691318799084,7.456344782629742,6.602377072047602,9.70229372025625,8.381484541172313,6.626438468324977,8.302879143519476,6.407140940978593,6.406583384012151,8.002688232611604,7.190588866203143,6.289747579327241,7.932240621468452,7.158618175344941
326737_3_consensus.txt,7.43857626173201,7.964625237146265,7.952244066471451,7.417927920409625,7.986366721294303,8.741394517087258,7.67184687372071,9.204308855636384,9.33373677178554,9.018373844188377,8.425203737650236,9.009189702274227,8.04854352868125,8.645118276087203,8.388472088751314,7.516849146947891,7.772341282881598,9.050847788899148,3.6226011288120494,3.166821063114753,3.6110990558769913,3.1850659077219348,3.2941070911844577,3.724566192816383,3.727977105672608,3.323868312234822,3.946255585169638,3.391760430218937,3.119544794492242,3.3017464394182525,3.122321221840366,3.0306360291153283,3.128613219537499,3.196352288414744,3.3847745464818217,3.525693889346712,6.056788748733879,6.277643574008096,6.402550302276268,7.0487443820329645,6.345212755581315,6.649128664016246,6.134067856201625,6.28773376055176,6.472887671216085,7.137256487917398,6.500380347159194,6.700639408532936,5.953659302513927,6.420160115191379,6.921674449055388,6.751332138946623,6.203378616980217,6.4438534702978245,2.9432701254875724,3.033915426542876,2.987331452815169,3.4082969096125453,3.230092128556521,3.087903401079984,3.0052993114101696,3.105582451176246,3.0666518034886394,3.323418088842402,3.2107243799257503,3.054394644239153,2.950594880464962,3.066487679314264,3.038746537715668,3.3617579917793137,3.252294695572857,3.0595392274074698,2.7714783666778544,5.091387956698327,5.148682263806677,3.0684092250826893,2.0459769691462384,2.902605488304289,2.8016534424791075,4.141866771817604,5.903960593200566,1.9796630137622628,1.6198884527054247,0.0,2.688775334299123,7.187761129188743,5.361282363021019,1.5864384157933955,1.5420561952877847,2.06417362927931,5.999431084456944,5.345274252180047,5.098748415237424,5.149436243125308,5.3996482752783095,5.099883764260483,5.517495645297231,5.268472879026035,5.144039573215025,5.095979274985041,5.185498323678871,15.417483759749018,5.618405940906655,5.200091095803032,5.200517218564585,5.180797400271217,5.405588319832418,8.806516911595793,7.098999260692551,7.311960718373371,7.299278004962048,6.985594696635701,7.3325412104663314,7.240850747690445,6.81805223321777,7.155665960904798,7.188567019711286,7.027707899426218,8.00412157664556,8.141775218058058,7.21674259077821,7.552422042406818,7.355224329790417,7.263270312945735,7.242396136347622,7.113401431443606,11.189432956419523,7.107381545466694,6.962247108297902,6.420081486892457,8.902748840503705,6.67941112053694,7.756187680980304,8.316743001421344,7.922094603171274,28.03405517121729,21.99132645174575,7.37056847533097,6.966878740848074,7.465260099167381,7.629648669151209,6.668721117408552,7.850811520202512,8.82226666970405,7.864994099507101,7.064483091421039,7.24889867419256,7.785064759395425,7.898534849732755,7.655886327317205,7.731972686585493,7.448242318003395,7.493745234793209,7.214467263418612,7.185673863007366,6.773443249529464,7.124208825717403,7.039670092947972,6.809568230767638,7.733697222290573,7.700468881898871,7.180938289078881,6.790656222231064,8.448952844729206,8.065024083278843,6.627151124238026,10.719126446285202,7.407186304820698,6.574629128663389,9.594185289492316,8.337590680067137,6.780916908863958,8.226854422043743,6.466650642677337,6.375653553816619,7.87778914685407,7.121635799562625,6.474956987985479,7.879040923216905,7.186704395813536
326737_4_consensus.txt,8.194322075974128,8.655843888154152,8.614336992985443,8.174696630170843,8.602383943287805,9.43573075229483,8.484351972104548,9.89916053543442,10.013458043674175,9.749968324555766,9.003153939943047,9.755971046086074,8.74083999031086,9.35728693848398,8.963525630231572,8.315080255264775,8.372611234419367,9.683083615933072,4.181566669028314,3.79597021712948,4.179295523482324,3.909661348627651,3.9407748370634863,4.346283758135257,4.283263754579252,3.916427319458194,4.520551611808116,4.249504432044489,3.836154715849716,3.997265947025596,3.773232281767889,3.71640969671165,3.787106721752309,3.969642957726194,4.031575555195559,4.122491862588788,6.912746280150657,7.100057564103508,7.250915936339027,7.9489718328165395,7.200935814317177,7.527077043768827,6.93837506820779,7.116251755354767,7.303297229255918,8.0781828198335,7.408823548991222,7.620139872988943,6.812974482917923,7.3113191609973,7.803543323085478,7.660486439802639,7.053072095174173,7.336275844380623,3.889623775546511,3.979089731502256,3.8439162177292574,4.4111683463352165,4.151425968983176,3.993420160842789,3.953475547530445,4.028434333178439,3.902985385269631,4.319409443493726,4.126067789270735,3.964005998561106,3.8727763711520993,3.963245448192424,3.8696678388907912,4.350885210615104,4.176851146720253,3.9744150370739817,3.45654551077746,5.614414337472795,5.744107120192666,3.8325355068275258,2.8071532443493084,3.555684187104191,3.371464890180277,4.739577074145416,6.52109030315944,2.80379832550625,2.349587064227535,2.688775334299123,0.0,7.456697645785198,5.846725071471724,2.435845739905289,2.35328207964028,2.84107192705153,6.615025375702828,6.142091497227511,5.868822937704636,6.096930805680245,6.31445583236922,6.025362154277673,6.275261581104076,6.158819380566285,5.946029869845802,6.067112626758672,6.109452326817973,16.28144105323122,6.451184118834533,6.144107973237624,6.097366795372011,6.124010970430106,6.253280009127707,9.24950868667861,7.795414407468684,8.037594482996951,8.060888278738332,7.746041232236053,8.117837260301712,7.973675545037111,7.506950804898679,7.846048882148011,7.878188734484752,7.836658374376498,8.835259007237084,8.96892403400227,7.990573771676793,8.35346110588199,8.112592930111873,8.007990252445609,7.965377147187496,7.875448461751489,12.194147264497984,8.167788230595079,7.962146632039094,7.568636120718168,9.85809103667549,7.76787987257245,8.770181865834275,9.356782704332716,9.01241509719864,29.020713382486065,22.88959210306916,8.458908751966703,8.08579671992561,8.557443484307953,8.729070740096006,7.877130792817525,8.946216854284785,9.885921075159558,8.751813377394114,7.980149062663543,8.170889989116517,8.820249135540053,8.919641463971118,8.551395011644331,8.624032546751437,8.34431656134143,8.427526352953237,8.24663102704352,8.173038834728914,7.689297443150053,8.009887533148571,8.026542232917734,7.75686618446656,8.772347518540244,8.70897476039346,8.080737099829378,8.132826497489532,9.773476224295962,9.47415052135034,8.047163520524919,11.912266984457348,8.77509161578962,7.908936208004661,10.986256724940516,9.61444304692833,8.23990941701004,9.34303739023386,7.831474049124949,7.669270114696133,9.146025836360424,8.475876479363478,7.883347424123258,9.223686592232582,8.528466356730462
326737_5_consensus.txt,13.1745896073852,13.104411564021916,12.981839845399008,12.848582746797264,12.925565489820542,13.931282544659553,13.260536831645195,14.309649997156328,14.364695099830442,14.207705506118144,13.203141473796904,14.362418841405884,13.3731262348482,14.016279364472894,13.263359569494751,13.083563264686006,13.054856525608445,14.32155521685047,8.692312652031774,8.433990024256218,8.67640633220833,8.596358736435036,8.511586451683854,8.763267135258388,8.889012304704352,8.230529762452818,8.86429480936772,9.189192098283227,8.519038887994782,8.572586499407635,8.399336632104394,8.25997287019527,8.44958308096102,8.663253752437413,8.684801706308349,8.825730347011813,10.712536362287096,10.962917831154924,11.151529837387043,11.953332944426734,11.151527717316752,11.551432348964624,10.759663299350676,10.96544500502921,11.198795151545824,12.163560100870823,11.407806152481612,11.72621769741329,10.794834715169088,11.271402985488692,11.794197977816111,11.68246881512016,11.05883214266197,11.385749284160283,8.700907108825731,8.786355413988645,8.377739176849786,9.390478750134603,8.906589615459211,8.665171810575089,8.825013756358999,8.822668762252874,8.412759438069827,9.253771457290554,8.87650327462677,8.67197375294927,8.667715640373103,8.71122285743786,8.305166558779206,9.30459170761094,8.958369262615292,8.67411061464179,7.700068593829144,9.692161504064416,10.067934565499058,8.45045991768643,7.318318887274756,7.614418733639013,7.695721986791227,8.63414517002252,10.349448602580992,7.627485673467959,6.802893800150571,7.187761129188743,7.456697645785198,0.0,9.279620323609263,7.049698341269618,7.060219123578577,7.488148325205145,11.401034763165056,11.350204653683818,11.023868286443246,11.692000893024217,11.912443624245723,11.554726339671276,11.41628296982708,11.564928191839442,11.294439670496558,11.57626633821559,11.624537978857006,20.71750560862893,11.77095965273162,11.740415589812358,11.514051825764,11.608103505878034,11.65090224313957,13.690395535685012,12.793328827434038,13.177663582176024,13.24332076167957,12.643962010383746,13.090172301697407,13.011958640358271,12.408341719445616,12.715776850155637,12.734205829227676,12.896417860329052,13.998237041318587,14.01279021482003,13.061182811614458,13.560815702282298,13.217618740017826,12.981727794105607,12.79981765928028,12.86526023193943,16.80251451824836,13.645475755106418,12.836217266606695,12.898141915056216,14.541645647031489,12.732234293858255,13.532125433218994,14.250976562812298,13.847472321034443,32.53687897477295,26.08673788736371,13.80526806242267,13.585794979284913,14.051942835051989,13.761799434536442,13.464295030572202,14.41635077414503,15.333993293841443,13.442001066012722,12.84606080621927,12.84518105404652,13.884082396284896,13.935792303196138,13.298472420422854,13.329315081435652,13.099776478963122,13.1807682236265,13.310160015976123,13.265550433101224,12.609883859175396,12.787059503350577,12.992948253906263,12.57169206795379,13.837806849306787,13.70463223409513,12.888394469227933,13.604002547913636,14.832038576073614,14.895062922274406,13.916441558998145,16.820019448407493,14.10529682776479,13.17064033334077,15.956717230936022,14.73009959433216,13.77085759644666,14.393448463372463,13.17018723573051,13.02985466761038,14.17937080775488,13.84941742814044,13.44620869310205,14.33856007424913,13.9211282572316
326737_6_consensus.txt,11.339069503735857,11.468382739992135,11.382204965655546,11.13671292244544,11.388864330259937,12.265261591626595,11.555512394150924,12.67679584051598,12.839643257283342,12.59920368707435,11.651464586334498,12.670917586981886,11.78352403461878,12.46894606756041,11.666363385930708,11.349544969640306,11.375741929503192,12.677828664187814,6.777597860787807,6.515351948715818,6.774783828770751,6.584909549994848,6.624127182831444,6.94838924366303,6.977531596896881,6.333301139487219,6.892717695420004,7.088822245420033,6.501079008133729,6.612281222839044,6.451439571339733,6.299800601000129,6.3751739400977385,6.636617645426838,6.655784987971515,6.909021447532268,9.466756368104086,9.699002840064397,9.883249317474338,10.705053893173272,9.87983077049563,10.24917379473618,9.49962227206214,9.702903721454902,9.936714344196387,10.81890797519634,10.144414721328758,10.355831624355003,9.467882376387308,9.953523238450543,10.493433721742576,10.419139012261326,9.746726601148112,10.03782893943685,6.734304110891173,6.852559267935874,6.539337568379551,7.500623735869681,7.096585340550064,6.8747636934361935,6.8287484168991455,6.888015114788516,6.626610958555943,7.3564684098919315,7.04414839182158,6.86075292422214,6.694985293721345,6.7838067374791535,6.522064266188181,7.390714665146959,7.118242643676695,6.843701600036695,6.010745848127954,7.879692432743468,7.958570223660558,6.593622273959397,5.360770813276531,5.821232771781126,5.870887151618945,7.115536658179906,8.638184732082152,5.691970625487045,5.016315369768222,5.361282363021019,5.846725071471724,9.279620323609263,0.0,5.170702199744369,5.207946395473016,5.592779849580097,9.301532671808786,9.099263456621316,8.725843566978824,9.171094729153085,9.444996137549026,9.081852053420905,9.14959062527413,9.141955607665352,8.903308857459933,9.086345947793916,9.106182689284992,18.69679711689889,9.327198864206196,9.195394853990194,9.035743544251432,9.137639065278677,9.262589376428023,11.78300803108607,10.643198934125904,11.052372208325435,11.044369535307112,10.503402753861508,10.95999141300956,10.8675413253697,10.238262224216385,10.64730386574206,10.62901032161301,10.650516398598938,11.794742705048805,11.798648586847436,10.8417836167107,11.36047996532278,11.035850733318057,10.75785070921006,10.787596258138478,10.699716339253996,15.342051391918574,11.65432342857332,11.031334418227118,10.874162132455185,12.905812559812716,10.831132487123853,11.84103968171189,12.479060488162986,12.016315585919983,30.964432149069125,25.063058912137933,11.821851194907254,11.504629192567052,11.992222237790202,11.795047193479093,11.30596890599736,12.345714370847643,13.34232246032866,11.644736852972414,10.97681112532581,11.056013212193534,12.007611511134996,12.019391569709114,11.477954716369196,11.437589737592075,11.27539429317642,11.37105631765604,11.3890237202707,11.309290372976363,10.710128762144166,10.984333334235544,11.055518393205148,10.679954225094434,11.950741352765933,11.820535809540786,11.046072507659687,11.050563843424072,12.509815448582572,12.408438938165602,11.275008553935209,14.527566566604603,11.749048259554115,10.80370994836926,13.66803168349395,12.142434229532055,11.277310517749696,12.125149268309713,10.67682706339184,10.547246894557986,11.659786593940908,11.324822822875944,10.96579214645118,12.071574113066449,11.53946503945292
326737_7_consensus.txt,7.093215343511133,7.709939419141676,7.719232594085838,7.094888094530575,7.738814184880539,8.47748122403118,7.307804620790762,8.972557362642647,9.049170160914798,8.690674871397846,8.187019374450529,8.711351439754424,7.694106200161798,8.33314685705875,8.204925284858007,7.1976182595398654,7.564542357910852,8.776360750002596,3.454575739312304,2.966880589257073,3.4902424522823594,2.848248004021684,3.112477901839668,3.5973206268820377,3.5845045046219184,3.179846316545536,3.854867933348032,2.94446957309799,2.8692296610633434,3.0925005773042926,2.932820471914169,2.8004436192791218,2.9347350640835543,2.8763005708232185,3.2074916916912457,3.336619142793097,5.824865177978268,6.035009926600196,6.152215810376163,6.664517950187019,6.031710117038642,6.3349079753768365,5.905952404086747,6.062557162807593,6.21379280031033,6.740760640619669,6.157905646096765,6.363652097899944,5.6640736891783945,6.119933918558331,6.5902871588180005,6.388289236679839,5.886756485880028,6.138003070392983,2.524319792353822,2.614164726555145,2.6606741031491765,2.8721878983334364,2.780047476211621,2.696231851050811,2.6019836426359007,2.7011033434201863,2.7462565639664263,2.7917481743525627,2.755561400783336,2.658844017167098,2.55321283503838,2.6497108712862314,2.7458924639448696,2.836367485789765,2.7957628252086124,2.6566133438817587,2.4751878085170915,4.835476160261749,4.842126277987063,2.5565512787356965,1.6377883070178996,2.750899432569156,2.625420024076448,3.853962895645623,5.628875346776738,1.5358086611399244,1.2351098942374392,1.5864384157933955,2.435845739905289,7.049698341269618,5.170702199744369,0.0,1.079394974204547,1.784037809656354,5.827282480555709,4.990449086138256,4.802550613386643,4.683213045919047,4.935748737018116,4.670420135142706,5.209704612579117,4.841244460007999,4.768274521793728,4.67783670123373,4.797966663279453,15.141848053184845,5.359799372481007,4.813421800017864,4.85968253791566,4.730691510446093,5.0056662668059175,8.604183728352439,6.815878205537274,6.988750500376966,7.006250302695548,6.741241747005347,7.061336571087963,6.921283429778839,6.54524920239146,6.85418189824162,6.906845054220867,6.704368364643983,7.661955855011456,7.790683410143913,6.876446902956559,7.1774072357649175,7.037824380699533,6.999662867547954,6.927120769674559,6.787014663618777,10.876475759212497,6.752291959854745,6.706711292710565,6.07262198503804,8.6313070765529,6.404041223850584,7.469842586924074,7.997955224803945,7.655161858444728,27.49657220342772,21.875109813816607,7.028275219982618,6.617949072317231,7.151806124892573,7.392765217739679,6.280852492071517,7.534152252742842,8.517003434011315,7.430324885522509,6.569475939020663,6.757570437373886,7.135438938667562,7.293564453596218,7.134806302698792,7.342870037438388,6.963245242858136,7.022554280859993,6.5648535112586615,6.608865552088446,6.292368053296912,6.708951878938024,6.538806961730586,6.394117692525299,7.08419062761277,7.104281264980955,6.665671623091043,6.3820359284512165,8.205953088018646,7.639334139863195,6.089414034178958,10.422272390617024,7.017288127270547,6.263378249113316,9.286688494407542,8.004098501948476,6.215624599144007,7.933906188691253,6.049061115729614,6.019062569233768,7.671741974955637,6.73749747314406,5.915368090149457,7.488093862144012,6.772047854076277
326737_8_consensus.txt,7.029160056380988,7.693021150904656,7.764834786553422,7.050835444175561,7.779628918068624,8.533888458287834,7.262032991170599,8.947974621217497,9.092697468521235,8.705541754484102,8.21132272967725,8.689111177479958,7.685118557311284,8.322651765231,8.284317094625521,7.169210073877025,7.542298123869614,8.775237094763384,3.460780659144916,2.9555348687774767,3.52571549138554,2.818660429587453,3.105588377148081,3.596458524504442,3.567367645305524,3.181146666632856,3.895514027871173,2.8813551345280075,2.848390578331191,3.0784235497857253,2.928373850163553,2.790309737296127,2.926143783810062,2.835419529074443,3.20517719247556,3.331094188272232,5.73775713559138,5.939389381156332,6.050716051871973,6.528590427601671,5.918096740976409,6.221908350152717,5.83489837451674,5.984996396109864,6.117229492733657,6.600423317410105,6.032716772812705,6.247511795254752,5.564845916008494,6.019668667350572,6.467033322565044,6.251212309699383,5.774076152355633,6.018551128949127,2.5543620026041367,2.635473543359524,2.691437274147802,2.858472405780958,2.775467057626031,2.715110089835832,2.617146954132181,2.72717834762392,2.797272554600454,2.7703371345082246,2.7624654462933336,2.676146119742782,2.578695166832915,2.6838153876874458,2.798438272956844,2.816869606404282,2.7984820079023507,2.6636919840585733,2.4564357015443647,4.88173347199745,4.861609322326444,2.5404767423210046,1.4955076579552724,2.726963854325902,2.585180539033104,3.911432801213607,5.644770596644435,1.5282015642023907,1.1325355513267257,1.5420561952877847,2.35328207964028,7.060219123578577,5.207946395473016,1.079394974204547,0.0,1.740686788017399,5.904168509556655,5.024827332474047,4.830884692907716,4.689638318000903,4.946142701229007,4.679760963884519,5.25103170406544,4.861363024096306,4.788141877485487,4.704544647398848,4.820893264011943,15.20560626414374,5.395535061313467,4.8340608749810485,4.894717477110419,4.738949176620508,5.0245433592169775,8.671501473653962,6.7295465807389405,6.884760113661287,6.900070783902265,6.685219923626448,6.95227249725076,6.8120687821475485,6.476882317995319,6.78026672655426,6.812127041642611,6.639403721886936,7.538542004703004,7.675330470707422,6.784987472091757,7.060050858758359,6.910267305821378,6.926261031521449,6.830780004947087,6.6774637855553465,10.980493507861638,6.759551327467477,6.805222517092034,6.120846983859508,8.685155728360712,6.4811991451989,7.533397808133827,8.097905745567857,7.754069133815165,27.579788550958824,22.08831570060039,7.071552771640256,6.630010637680812,7.14960920568052,7.451547013658285,6.314176775374108,7.56160213277002,8.549460989884949,7.426407340104788,6.528938142807135,6.740812032096414,7.053838029855683,7.237346549910569,7.098924703357568,7.318208895248517,6.93155607979179,7.011408841187404,6.48244950449714,6.529424845232086,6.239772865116379,6.698973977177957,6.500406119662671,6.368459066714195,7.003344509713145,7.04817050862772,6.616883325571109,6.401568837354034,8.200370595586378,7.647526858731339,6.015826299097739,10.47221504596962,7.000970843856919,6.277379790654209,9.286461302020143,8.00446391124143,6.17432052807834,7.963810149165454,6.059253834920696,6.0393262167496005,7.6848544660521725,6.763590163914955,5.878056048047938,7.57910513324839,6.760512606856992
326737_9_consensus.txt,7.480908125914539,8.095816159440687,8.137270334181721,7.561064334974276,8.126554356237534,8.806786979702565,7.776822723729083,9.297870055587056,9.509392692727944,9.16525701311599,8.638269241444732,9.134811300432377,8.15992645429526,8.677264975812477,8.508241686120982,7.583844334519313,7.874821607803312,9.094393779864047,3.824234409542784,3.391189616105521,3.848299912074026,3.459648133443352,3.5447886204567567,3.993205500383567,3.97762618389271,3.63629934177942,4.24865215482896,3.649204475932208,3.3577776483762136,3.6001304071239133,3.367288110427353,3.307070939271909,3.364118107588695,3.4835729025315345,3.635845643832511,3.698990679619726,6.6905017240073335,6.89796432507535,7.005721891616076,7.641120545983881,6.958858751846663,7.2515914372959855,6.75479901159639,6.9151018781072935,7.076893625811294,7.725335691550299,7.098937433074866,7.290954772701241,6.568067048258513,7.026033667559034,7.491270300167287,7.3607666770833475,6.796359977736813,7.026925545791812,3.2693348391097743,3.3941234974792565,3.4086209974032613,3.7548753616284793,3.604982369031745,3.483384605084723,3.3321976746661903,3.451409032250581,3.4897446838210726,3.667586469910248,3.586880728938695,3.4452401030949886,3.2884905404496294,3.4144710725647087,3.477171196045901,3.696066420348074,3.63676488614999,3.4615132670043067,2.921449229950156,5.182358532941748,5.189477562214108,3.2830349048591643,2.231027107454338,3.11925988256894,2.9618177683451563,4.45272196634653,6.2524251382685065,2.169267437588587,1.8550240840166337,2.06417362927931,2.84107192705153,7.488148325205145,5.592779849580097,1.784037809656354,1.740686788017399,0.0,6.145870811545478,5.4100282579988175,5.194667393748432,5.195386524391836,5.446568151185318,5.162154834563353,5.615938393164583,5.344242833057706,5.217109755382296,5.150802230439979,5.229623703698394,15.57135793184534,5.650448240748744,5.248446703505579,5.252727880978341,5.254100263873852,5.461899915832248,8.924569076263936,7.128089281652478,7.381639374289364,7.299189299611612,7.100725774290254,7.436076450572898,7.338177763377757,6.891227273205857,7.299596925072308,7.262395051049566,7.08074431691324,8.093285389621542,8.234242281591548,7.289017569667351,7.633884118861033,7.403649606517774,7.341317127576588,7.380500164862497,7.147682531184671,11.500875906850354,7.224991696322434,7.341530796099335,6.6583545747053,9.237393166358912,6.9706764204202045,8.116807326130356,8.682784087353525,8.287394051444267,27.992088350651272,22.59175601992081,7.548274798686862,7.120065717430862,7.584039616795792,8.000410600894725,6.83551090860874,7.996667972569412,9.050135969107655,8.03506086898608,7.201093876607331,7.4267818864584,7.908818360733392,8.016001722832243,7.784087450160655,7.905953781631524,7.642045788736823,7.691724173203966,7.367147218799687,7.309741712347886,6.91368666493446,7.2073805617066,7.144189591588997,6.941231445348478,7.867878157899383,7.835391200560025,7.329611772766782,6.921919875803098,8.748559534464277,8.297329909133396,6.768953559000636,10.942608190255669,7.625102789080188,6.887278359371237,9.900215877212643,8.604977172744498,7.026007973203491,8.526080933027629,6.664047630386733,6.57449637546739,8.3030498800062,7.3588945450859455,6.718637067576481,8.201470691157112,7.4174676163654
326780_10_consensus.txt,7.892107163976107,8.528355031467015,8.710743829957323,8.05365337796087,8.615376686626519,9.21768478738386,8.169428100028654,9.687833487748833,9.8133130596068,9.465030597411385,9.144287786096244,9.606580183103404,8.42058078929432,8.973232585632218,8.708181089859409,8.307800725357083,8.174348703566352,9.367194151865649,5.614027170876682,5.1531625785623305,5.506489719734418,5.2600539233736185,5.357073359725632,5.678942337306978,5.679674768348548,5.416705379733514,5.807439862376839,5.459869372304581,5.1670549610511785,5.399804460531925,5.157994267014487,5.18145939009969,5.124407310157721,5.291115575368337,5.312937592367575,5.2754126367072445,8.704421045870447,8.864999511712199,9.054085279025005,9.784924306611742,9.040604971857135,9.242674140777751,8.7008830398849,8.937121528887985,9.062338010074882,9.864999178825316,9.223885248069225,9.31978238357317,8.62509782969397,9.059046070912473,9.477689755973984,9.482121942784204,8.87933706157304,9.072050139833834,5.237573717503892,5.326723039821047,5.403840208193742,5.6987520045656765,5.585523138475537,5.415661355210034,5.217002843920341,5.289689027149393,5.354080243720546,5.758971632098053,5.596803807787694,5.37065069474528,5.2554705235601205,5.285684289182257,5.37573935749748,5.704512955859457,5.604219206492303,5.451997668452179,6.75278736461172,9.042589020694436,8.80665988558917,7.273571997639578,6.174053873994978,6.984861772915167,6.7497890138047865,8.513728187725746,9.85333722925452,6.121569540812288,5.8727947490764905,5.999431084456944,6.615025375702828,11.401034763165056,9.301532671808786,5.827282480555709,5.904168509556655,6.145870811545478,0.0,2.2676975408492126,2.217368490349429,2.4636542881611376,2.5275753227075484,2.403614884184549,2.1064742791493813,2.369928398328,2.193488167210944,2.3925410103775,2.3698372435252963,12.619641872666648,2.591689257470364,2.481262254160697,2.348072389145898,2.399985398721526,2.2632798155530622,5.046164455958035,7.881100843124102,8.148855169283934,8.100214420208374,7.875694092834749,8.166656590336459,8.133350760591497,7.737747795944756,7.995098752525166,7.874604369983615,7.79598309451984,8.810789537315713,8.975791047081884,8.016090856799337,8.442083740464739,8.091612862822672,8.040551128071968,8.200871527859931,7.95651715641327,12.10680395482808,7.933232159673423,7.984165776784039,7.458166418490862,9.854864560600788,7.773706555498336,8.878192730615524,9.347319691028249,8.913711267430017,28.987479723615024,22.84639116387285,8.395681338098768,8.019641119624282,8.312900609569112,8.527666667422409,7.647739821417758,8.8250975945856,9.739810613739508,8.296291622946569,7.658336059701469,7.865393666060299,8.464252548805746,8.418401384784147,8.123768834759403,8.25432949466142,8.059076876481868,7.962649923436857,8.020388096333818,7.801327637518455,7.448827858809068,7.753507323146891,7.620070711842004,7.364055159269014,8.43849188968818,8.296959975360664,7.807859692456191,8.2271649269573,10.142552655836935,9.424458771212583,8.002306269211658,12.511794049645571,8.868830584594605,8.233443167541907,11.190838518182543,9.437021472623712,8.360295402510019,9.626408888977892,8.029663141080505,7.749421549043859,9.469994794349986,8.495335396713813,8.111046623622371,9.3675744098922,8.667082579028829
326780_11_consensus.txt,7.000590870586393,7.866544526093776,8.154530144524415,7.284025731352358,8.111161707353062,8.570411843381976,7.332101221207552,9.1169549057023,9.30594879066058,8.708413777862575,8.685523206394805,8.911032111995496,7.735528219581226,8.209592281861546,8.346501515057014,7.500511497327409,7.642809840333825,8.751031177802929,5.141493188005541,4.57589962937368,5.099078627262884,4.393076506895568,4.784064809120537,5.173163931661748,5.210692566178295,4.965742074027503,5.51496131671172,4.359409510935052,4.462842958939177,4.758391476070642,4.570916854093923,4.484527518597702,4.557141060070194,4.443004525709853,4.725104542355098,4.679657922311435,8.316901496703395,8.51899334432784,8.624659754986396,9.16918179363006,8.555658657004983,8.726826857336277,8.375145346589647,8.60524504497937,8.665031667366634,9.200944794247109,8.647308917660098,8.71659960422619,8.145674697707022,8.58341282324352,8.936132370415407,8.898176128017894,8.408704165437655,8.527627874388031,4.260209799830363,4.350053393014946,4.64362060627974,4.501977794074151,4.565886440946315,4.51646859950398,4.23157331872676,4.3648632468032815,4.613866300684151,4.577721839715593,4.592057596287987,4.446552224455672,4.350870885928714,4.371784911889051,4.67433303344967,4.524365306208608,4.57547581994919,4.517970666179849,6.215523109432297,8.72236932031575,8.278762777266024,6.416672734809822,5.425125498447187,6.585238156194293,6.348041594599067,8.103768432306083,9.567298219699069,5.290042462721431,5.132700859594365,5.345274252180047,6.142091497227511,11.350204653683818,9.099263456621316,4.990449086138256,5.024827332474047,5.4100282579988175,2.2676975408492126,0.0,1.3758608684267983,1.1087612354286875,1.1227077927666187,1.130718747759147,1.2146059909039195,1.061964069814053,1.121180751903239,1.1478751238792029,1.1326288843314956,11.915936291473033,1.7334432134612143,1.167125299392353,1.252029457278411,1.0571602624701768,1.021190617137847,4.947533263073581,7.011520643202971,7.168230921969666,7.157450419981615,7.124028890961426,7.255011188166748,7.227272389422126,6.948663152510562,7.143771369236902,7.0637080365392535,6.905856018321231,7.774230877687444,7.994249049719713,7.016112500713916,7.360759220355419,7.08495983856028,7.212862064099852,7.376383897420851,7.0289304232724135,11.277434222817533,6.644780068732473,7.072180980333656,6.202223379174143,8.910437216817229,6.732732228088366,7.892226508519968,8.316760051370636,7.955614177089387,27.708973605108667,22.323365359913623,7.156714584358269,6.665096921966324,7.017157731807174,7.52198362353613,6.279951922883015,7.610454852662372,8.490749550648502,7.652115440143916,6.863944601393428,7.119581688670792,7.363087061781186,7.410166223844044,7.342268167433019,7.698327991536416,7.313445353155487,7.249654397463075,6.869217681543432,6.767826100896286,6.629064256182119,7.138493299597428,6.765048523076246,6.649624768974604,7.312976563170991,7.279209903546189,6.967536991019074,6.796887667669466,8.999776775404257,7.936710497197566,6.264151600730884,11.341492547617236,7.471061113926112,6.936790712339473,9.89796536115614,8.340192773214369,6.644264603714021,8.586324012679086,6.556885002733907,6.461033796102299,8.484845482900937,7.215918505590935,6.39588663869489,8.125026507931693,7.242274313718724
326780_12_consensus.txt,7.099739292098263,7.888274300659475,8.16383167132176,7.369818945771328,8.056116241082918,8.635774539592092,7.418542690504523,9.08565473364007,9.345683272896736,8.76360300270801,8.684483969788175,8.913269140240118,7.85651523098295,8.32984171084081,8.348036749716925,7.542664506623055,7.700632350595924,8.788751459588752,4.967237762362288,4.458830766812696,4.917772226112902,4.312827488399421,4.6623599970357645,5.0392743825925095,5.088831973309198,4.788051839208265,5.31213806555462,4.317442140819821,4.369302014860693,4.613493018829672,4.424738192344989,4.344909928499476,4.389097044166533,4.346535837349052,4.605705310377687,4.615785905964117,8.077961360578684,8.271916297939356,8.408597606085095,8.982945954921206,8.362339637105322,8.542108754196363,8.120951784270403,8.349669661000974,8.459131095236728,9.031644139114633,8.451339077478906,8.535552423484205,7.94631566498083,8.36250462794203,8.75503869255715,8.714802198590633,8.18330639222853,8.334454022605826,4.094022578619047,4.214990552781728,4.438612296361157,4.436678144867187,4.459664956045742,4.379016821233677,4.069388259270056,4.219666276516364,4.451386091504901,4.486671600190277,4.48257152281127,4.320081644028619,4.155197173225929,4.224753599065707,4.471015981206222,4.445213841289103,4.47156475531375,4.378374964277271,5.970768148904881,8.345543892676005,8.061151711214166,6.222167123457439,5.222102074071131,6.237172173013505,5.986064654675488,7.720002435195056,9.218647011198982,5.079280897745264,4.919896968547675,5.098748415237424,5.868822937704636,11.023868286443246,8.725843566978824,4.802550613386643,4.830884692907716,5.194667393748432,2.217368490349429,1.3758608684267983,0.0,1.2144504948574877,1.3133966163399575,1.168029494027337,1.3498196998237404,1.249399459294068,1.1217387984598872,1.2298467483471995,1.2562220919481888,11.895764744268376,1.806575588132432,1.3253129916898845,1.1689227483603872,1.1784007698275332,1.235477239561078,4.853981574577915,6.986753651679408,7.217061610165786,7.165109924952446,7.044586496781847,7.255367215768672,7.212102595719273,6.886999915106571,7.158980064050184,7.066796963774948,6.883376368864447,7.819525549071784,7.991042854271086,7.026110659178926,7.406059053358831,7.140698026881523,7.18693639318019,7.3317681089973235,7.016622076857288,11.317442499931587,6.856354824351456,7.074865484460929,6.2854540848503575,8.985392624886288,6.756616180770664,7.965728644446017,8.390196598699958,7.906173799944554,27.7200676286758,22.263939653939985,7.349961707025216,6.814893431029645,7.178483117871281,7.552056414724575,6.39120500757906,7.786963818286381,8.667963196806852,7.637383580914616,6.878883432407235,7.119329903834341,7.455675868592948,7.495159636002143,7.361758514135772,7.682060897515669,7.3039146973878815,7.21647538881939,6.955636093383703,6.85646281939006,6.636660306425767,7.106839643419903,6.79586255335073,6.62388343038117,7.408367361440014,7.372370861074671,6.981575625979474,6.734856901962587,8.819072792829331,7.915154951640034,6.303474885496712,11.179433448979523,7.369669134720709,6.829482042379368,9.763925034754608,8.14053187426805,6.619169690920501,8.391142689597586,6.496396731339303,6.325635850562492,8.28063448332665,7.114707328406439,6.407593169745269,7.970263132968796,7.203609375093606
326780_13_consensus.txt,6.770684209923388,7.769302447276914,8.20643324915443,7.113648935188905,8.184208580167251,8.552192076817846,7.080605293225972,8.984094608253997,9.305829320899306,8.569454615506856,8.78772867685251,8.76387321365985,7.572067874466484,8.085596219157367,8.44908042903728,7.304136832639756,7.594418641734649,8.67654675839151,5.158835403125181,4.529067405819831,5.146447865806465,4.124477703097682,4.755458566364609,5.208939797610697,5.257391904839949,4.979548258650311,5.618550841757156,3.835674566708633,4.315644255191444,4.632138900026462,4.48183624316016,4.321611804874124,4.428642192744292,4.125582690057627,4.699560044338227,4.67789635795009,7.975368204869653,8.15965579532758,8.236951348723096,8.60258030318056,8.098718048328124,8.237635030155502,8.062903922289479,8.261834510885194,8.28423190961405,8.577973224430423,8.123375418484954,8.16357863347389,7.707476075452007,8.129137476551591,8.426320609451409,8.348715290869336,7.941050414215169,8.028783507385867,3.692979081486783,3.8243949837561217,4.311949654769819,3.816942732921234,4.038156745461777,4.0582552759744885,3.659358692789908,3.859562656123046,4.32230544700758,3.89260782775483,4.060309407685509,3.985963695892508,3.80026836486661,3.8850941025135626,4.4078917241010345,3.846560454885889,4.048429344550584,4.046701717795827,6.035356373382001,8.713492022338073,8.080798932525568,6.105017234534273,5.097378984292391,6.524119029004794,6.230249106131168,8.099914127169484,9.49420315088571,4.986626893176208,4.897962219586361,5.149436243125308,6.096930805680245,11.692000893024217,9.171094729153085,4.683213045919047,4.689638318000903,5.195386524391836,2.4636542881611376,1.1087612354286875,1.2144504948574877,0.0,0.5771331887861493,0.5444998748658918,1.1549648057530248,0.7377591091355384,0.799089530215042,0.4810741434706642,0.6736001777181855,11.59172469229486,1.5297196496364336,0.6736859334647534,0.8107171198761307,0.4731667191669544,0.8111278477607584,5.236765630554544,6.705537447478434,6.748172979090384,6.77672673689608,6.836141045974898,6.879496537273383,6.8404794039867625,6.66867618903558,6.822906598970235,6.720929818692412,6.452634066270662,7.252930029628601,7.453635494507296,6.608283407087413,6.8289902013518144,6.6544480165993605,6.865404161125298,7.000001330811699,6.647181466246707,10.733056172090071,6.061960525119559,6.561737643274114,5.494440836991373,8.42721896126875,6.157164917217926,7.428638448611309,7.748564648263027,7.349690585199823,26.996931338801232,22.00065313824672,6.563853206534304,6.0442522790615385,6.385588357126551,6.94503652936271,5.50326593448267,7.023649054734392,7.896431498986601,7.329232412843908,6.469545724882948,6.741328293179038,6.704568895989553,6.847539949477266,6.947346152819932,7.372595200201886,6.916568261934572,6.85053786989522,6.236613268919086,6.234555476545609,6.239864888199634,6.81903127383157,6.337506495702598,6.328543836912672,6.650324858093484,6.732216213191009,6.537307250397191,6.13013327415365,8.432566830941425,7.223383376667471,5.365197334469258,10.730777285244812,6.810626150278438,6.318291487111139,9.206498795939638,7.651183668806368,5.7186411600543465,8.016817289165147,5.889803604417523,5.81391784497265,8.014508625098983,6.501265110912243,5.527254502623521,7.414716668560004,6.556569701185367
326780_14_consensus.txt,6.914797579149365,7.925701423919349,8.354435858606621,7.292626041909557,8.391992444809091,8.739604991113936,7.248171144195112,9.166855630130613,9.47531935795564,8.748568643292003,8.940475513787248,8.965039019187145,7.744566487571205,8.247548849850261,8.654076974765587,7.4730213142307775,7.744278120543583,8.847063069926605,5.383556881631478,4.754640578236263,5.345312629254124,4.364446358535986,4.997309633918462,5.446998311149457,5.447815977557127,5.228483521412613,5.83525924976118,4.074336142023128,4.561478144489058,4.878747603654404,4.7086982854795565,4.560582127975124,4.655496617014364,4.357145044586048,4.907672852125302,4.888047170741515,8.21674900131444,8.40370361427614,8.486640009727466,8.82271049856871,8.332639632440873,8.469470971559304,8.306656855431697,8.51193522949643,8.518400037186098,8.810468240340924,8.350501263337947,8.388258739821424,7.947687161883323,8.362219996099668,8.6560618065227,8.588957625323303,8.178325693870306,8.246447326264956,3.941259811872612,4.073819305434881,4.557611131479234,4.043218321197628,4.274591082542997,4.299453400217942,3.899977264840402,4.102327681571637,4.565688012827593,4.125407034714044,4.289187457321759,4.223803523485231,4.056186900890566,4.128557881877782,4.653136637707291,4.07517475958889,4.278882461993817,4.288081770574195,6.291686291718975,8.952489187621211,8.289916567240425,6.36628926239257,5.3358193422932345,6.788641662112923,6.513936778524169,8.320407858320834,9.730779042719348,5.20345070791484,5.123701305793247,5.3996482752783095,6.31445583236922,11.912443624245723,9.444996137549026,4.935748737018116,4.946142701229007,5.446568151185318,2.5275753227075484,1.1227077927666187,1.3133966163399575,0.5771331887861493,0.0,0.6447376075325906,1.1830370352003,0.7739894303490473,0.8479630486891097,0.647026808656392,0.686506171322776,11.661950955178613,1.5841942912408626,0.7509312839680433,0.928000599481038,0.6164844411669606,0.7707865517663777,5.237307616696057,6.8488317563836745,6.885563832689797,6.935616289228051,7.004911575813367,7.031403323003588,7.009183342602341,6.85978054309885,6.991732353319378,6.87124988868004,6.616872304469325,7.3898647977443375,7.619916825345513,6.770119626363623,6.974911923671641,6.8053554928116,7.049222537293758,7.1474322554211085,6.807556281497,11.031174600122084,6.340391371890121,6.872926591189184,5.786845243719483,8.719464927559784,6.466200075619781,7.716358942408249,8.025543713176205,7.669951463840562,27.14523451196368,22.26871997322405,6.809438322977485,6.30212813013577,6.663311700857832,7.249756047561448,5.780206675795569,7.265737302144657,8.18109734381602,7.492132071110802,6.631057810327832,6.896759956085703,6.859502171217855,7.000460973115082,7.097695362856712,7.553387398861162,7.081132044461242,7.027485820218431,6.392674944311807,6.381780475487176,6.3957415695762165,6.9840553186630245,6.486927029010587,6.489801006208609,6.803178642820001,6.880740080260011,6.6862024321243325,6.346274048862824,8.644708970514273,7.44165059667273,5.56835219301729,10.991396593260504,7.027558336222626,6.479770383523714,9.426443080840045,7.903068342777827,5.917799886507225,8.270943868051802,6.099839736788624,6.028391113585599,8.277337552727431,6.730101932109903,5.724346726458521,7.64419898292698,6.769681098340925
326780_15_consensus.txt,6.769191873024624,7.74848324729578,8.114659038569982,7.073854627337141,8.114299025758555,8.510753734822401,7.073199505144146,8.972354301907785,9.209447455142254,8.55142995487472,8.692966457371767,8.7267716523491,7.541137089666904,8.041304560027072,8.348839903231067,7.299521225712908,7.5371977896975295,8.641903693355232,5.172830609795824,4.551676117038596,5.116300836897494,4.200746344127538,4.783603124692718,5.208780529223418,5.247124528094673,4.990381423987628,5.594812191060328,3.939084809210272,4.3615843437088415,4.655616830450981,4.494163114677917,4.359038421923231,4.451907744358095,4.205873741240112,4.702967065522671,4.7047343937258574,7.930546034192616,8.111488604637316,8.194790636768971,8.606128359639683,8.07815362534268,8.21727964512121,8.002297941308825,8.201029717436086,8.246055608662573,8.59402510475627,8.11198436297343,8.149643393477163,7.685635161139658,8.093365966468525,8.414625111955388,8.355649362342092,7.9265280738027855,8.0119996195574,3.6714825242325446,3.814258558283768,4.27113791172917,3.8371934193320953,4.043659810352324,4.037750714939875,3.640235688130929,3.843905529043809,4.264922869531688,3.919739586970877,4.063934950928342,3.971447308095435,3.7749884541661913,3.855047493111101,4.341545270148572,3.873939539206845,4.046468727611796,4.032557078184141,6.000457224903869,8.594296796676986,8.034313110422772,6.0834949721052,5.091170417756757,6.448719495027433,6.193570258799923,7.989868807467815,9.397977891004984,4.959426901140205,4.861283784335058,5.099883764260483,6.025362154277673,11.554726339671276,9.081852053420905,4.670420135142706,4.679760963884519,5.162154834563353,2.403614884184549,1.130718747759147,1.168029494027337,0.5444998748658918,0.6447376075325906,0.0,1.1661478409142774,0.7880988681625922,0.8053957874672051,0.5787506526403376,0.703709017904032,11.470582131540368,1.4982274055494145,0.6953754353137356,0.7929131477145575,0.6031431925475772,0.84467864462124,5.039695077030558,6.784410457433239,6.837351404462993,6.879156981340884,6.901149108113543,6.980859210875053,6.939454560019499,6.748095365955578,6.890297883774338,6.802678877143308,6.533380601444094,7.362502287467009,7.565509963756881,6.707482843997241,6.929243470969936,6.766364135535753,6.953892083431299,7.068374232432575,6.752762084934375,10.755303904199025,6.104080532189528,6.531132968851352,5.531062967459775,8.431830490914763,6.172175417797007,7.427261076246623,7.757383113701167,7.347424010785176,27.041887749670707,21.91791283594916,6.586130766365443,6.088771499325162,6.418270833345218,6.9422989680813885,5.555472369528502,7.063709147699626,7.940713576657174,7.308496733410379,6.470252133786005,6.740427687404235,6.775681888589645,6.895202177735769,6.946466246949171,7.349247823722067,6.895371039313886,6.845802962181324,6.307245434169602,6.28102424817439,6.253301684435655,6.822597443611869,6.332603620894247,6.310178176640761,6.714370398887809,6.773014251977486,6.53750006569868,6.219910517327776,8.482760508828846,7.321985967509363,5.56562403267651,10.791275801807046,6.942383809229227,6.3901267858339,9.271593585125515,7.733430038106235,5.903369951416437,8.078467101561614,6.013520823929355,5.901703021812807,8.079068146127554,6.602143730157081,5.710607557893468,7.507614489655168,6.689720247247408
326780_16_consensus.txt,7.162635358066723,7.965810219857474,8.291641950881171,7.445138797280038,8.231254063217932,8.734982981935616,7.442156209780251,9.17534631385888,9.38544461341712,8.827156515762283,8.795173945089857,9.029518087910104,7.850812977471662,8.388285070017275,8.443058380186471,7.657997977647369,7.739820677226476,8.860338324995439,5.256900610221635,4.727891731660009,5.204284780875184,4.558321620159461,4.937862257111931,5.307091486044271,5.34540847071537,5.074927143213074,5.597929222715493,4.528329779915509,4.620249426909197,4.884621939782221,4.705929725606325,4.608438702564399,4.657499205954423,4.587805152035514,4.880788092413923,4.848495368318879,8.225153961285343,8.428994648319588,8.579226004611428,9.100274648156926,8.483878061294376,8.649966043956056,8.28360446259785,8.52219560022229,8.599052209115769,9.138460053548783,8.577927103848253,8.652499259603303,8.075506539440028,8.511572906891388,8.881780281810904,8.835891354137004,8.323739314460454,8.450674745385413,4.3743772772691045,4.47955028736078,4.752832738513746,4.662101629152062,4.710700264388265,4.650931207153633,4.343256695193475,4.491380393758789,4.741069325073624,4.735688459987159,4.736242150422015,4.581682770814666,4.453894575914546,4.486865606041988,4.77141811690359,4.682987599912849,4.730772171762737,4.654122258359166,6.338371047998862,8.832438040081001,8.370009567800082,6.61819126317539,5.576198231875821,6.670984279762365,6.441168883406135,8.212451537352422,9.60368313930968,5.515365857973734,5.320064852267933,5.517495645297231,6.275261581104076,11.41628296982708,9.14959062527413,5.209704612579117,5.25103170406544,5.615938393164583,2.1064742791493813,1.2146059909039195,1.3498196998237404,1.1549648057530248,1.1830370352003,1.1661478409142774,0.0,1.1576190976651333,1.1438440128210343,1.1480848309456633,1.1749361861870966,11.83137005876091,1.668872991172634,1.252977662040962,1.2384354152135302,1.098343165584538,1.100192756531328,4.851099216923217,7.114451439721904,7.289210622148914,7.266571365857089,7.191908946964531,7.332668662139099,7.33901014991261,7.019557700426503,7.247424925354494,7.098979672344001,6.976671348199147,7.855359369821997,8.06263966965156,7.109055356137333,7.477025163122562,7.189636064961633,7.302369818408636,7.444302429450943,7.140782495784436,11.392661632817465,6.903482598916128,7.207103152772106,6.355492851443273,9.024448869071762,6.874158836302627,8.037278195487033,8.43497899260501,8.025858414318861,27.823678623501053,22.3389615017914,7.388572442956843,6.905146072496279,7.219914254546836,7.630548412287055,6.475172364880052,7.830312131527137,8.749299001357997,7.703631549543218,6.958620073279235,7.185847637327129,7.486971743150207,7.541078594201565,7.414124707105941,7.752175797824805,7.3853797884579535,7.296205688437396,6.996950711367845,6.87845196212993,6.72708462871833,7.209951716407659,6.863549198680744,6.711259657740072,7.44036862176921,7.415206244033015,7.048727504628914,7.017835307786754,9.157545866671851,8.180939855890983,6.514549622518871,11.522170360045097,7.6623389664162,7.0679265926732455,10.04263235076678,8.420905244452683,6.874073500492386,8.693426978016817,6.810872620740554,6.613236428102994,8.60916098055759,7.390541557305539,6.638612550332994,8.261126622272343,7.458239503588288
326780_17_consensus.txt,6.894208846675269,7.810964417767252,8.19101798396224,7.183736044992429,8.170458371150232,8.590775992166357,7.188288125068539,9.048007581394929,9.31167314460606,8.662545815330134,8.700125672085278,8.83370363337184,7.609766728873751,8.155578938314818,8.413036064342634,7.394311031900827,7.663789068433971,8.729611826567918,5.08642841313241,4.460865474353454,5.062318848731422,4.121255059692601,4.699990161088635,5.12492941999318,5.139852465338095,4.876712320744275,5.497698969219471,3.940858274258346,4.29513442691308,4.5983024613701104,4.455086555100934,4.2944807817466994,4.396779610579188,4.133695379718972,4.611088103605596,4.614426115197205,7.944669831622264,8.153197573682235,8.240403780305655,8.659328912506567,8.116458258158218,8.280111684047199,8.037438268448284,8.255028796615022,8.278486806133856,8.670519520011567,8.181727229494925,8.239429322350986,7.735336515215295,8.164966761800258,8.490568279959064,8.403245046710026,7.962331308305579,8.076898804001644,3.901049416077228,3.994941664483406,4.375741845664493,4.039880409429486,4.18800827881995,4.183178600943847,3.867458053422922,4.022944808840066,4.3758536741969465,4.114420015031101,4.21243002702272,4.114309834683468,3.995049161385056,4.030220289388126,4.450256429223487,4.069223493946481,4.193680695795479,4.178990898603558,6.153536080239803,8.735880604416536,8.179634869187396,6.286969252611925,5.2618776976459,6.576494021451481,6.314171381787958,8.092586234513988,9.52019408841062,5.170327112349696,4.988290811836805,5.268472879026035,6.158819380566285,11.564928191839442,9.141955607665352,4.841244460007999,4.861363024096306,5.344242833057706,2.369928398328,1.061964069814053,1.249399459294068,0.7377591091355384,0.7739894303490473,0.7880988681625922,1.1576190976651333,0.0,0.9107178900741246,0.8274696728634012,0.9034446668665056,11.754711061047544,1.7032341152726076,0.9021151835211184,1.0561091016079445,0.7345838894525514,0.8960766450299502,5.1544189651017405,6.799414616008789,6.891137279324141,6.920009431487529,6.921777189383988,6.97365788489634,6.952905123795063,6.744033548792629,6.907812167096267,6.804804074377103,6.619711617554685,7.427321243316271,7.642300821790855,6.747212119932271,7.023906415910801,6.805194340043386,6.999741783681998,7.088298928321592,6.755010914726654,11.03520685953157,6.441500945540042,6.831871243723981,5.875909740274835,8.671387019240342,6.474352833479941,7.664290696203182,8.023042887664587,7.644351229017104,27.25085333447436,22.185540262465565,6.910426881726437,6.4152381145618165,6.79443416686172,7.257973891444124,5.946086086001003,7.378194024907714,8.264661666945699,7.394772433034461,6.565447974581559,6.815150454069681,6.900368120596454,7.009861995462813,7.025872092494126,7.441008741088012,7.014561886075398,6.951948246383779,6.414307587433086,6.391301421056653,6.3425491397781,6.901932766882794,6.480506674085689,6.405364240817164,6.8463493532204325,6.88661991465915,6.63169908825995,6.392100885611512,8.629500257668155,7.4960618201718034,5.701647748370021,11.045397024442876,7.027922423296786,6.51150748572212,9.479529621943756,7.938158839342179,6.007596268970701,8.258883375392656,6.127424034808371,6.079622020901581,8.194140930545643,6.777227569560409,5.795325961229423,7.71218725406726,6.785944218273471
326780_18_consensus.txt,6.857262292808855,7.743206898965241,8.072961576494777,7.150896717928106,8.053869474555768,8.507329699750017,7.1377382480379765,8.9153088654719,9.203355085296778,8.545813759719408,8.597161622242368,8.774232004299733,7.564777560162042,8.106363861251339,8.270598990997996,7.326212153162714,7.496916765792093,8.657067378035322,4.988455488546947,4.43147955684293,4.96210623936247,4.148089787098229,4.632447811380871,5.041447769053946,5.081354299517955,4.808718279397851,5.36038435770547,4.013256629272803,4.273636569671282,4.540731886566277,4.380433363738462,4.265182599694526,4.33522176476049,4.147373835163592,4.591102599688952,4.568144025327513,7.8811061483689855,8.076055152335812,8.18622065629944,8.646294177949358,8.082483228648528,8.235033958990414,7.945073643495959,8.158908177556043,8.220106601784892,8.65162178118328,8.153617455959306,8.208868298676293,7.679987662106839,8.107446764018562,8.437399400802406,8.388982160912974,7.926772595007776,8.039439997831266,3.862355799650573,3.993708426082037,4.336626776653588,4.103315160403099,4.221314067544711,4.181197647380145,3.8319614094771737,3.999618025390817,4.33466709619529,4.172256952531541,4.23537623400108,4.113226489526028,3.9421864811405385,4.01541869596133,4.390683288527328,4.124087931334145,4.2276110062237535,4.188056207277782,6.0096866695463405,8.590136374566441,7.9749449988479455,6.184519669033477,5.1542779786404935,6.375108230984722,6.094887127157108,7.891784573163648,9.31823519312468,5.059616726866977,4.905715708703497,5.144039573215025,5.946029869845802,11.294439670496558,8.903308857459933,4.768274521793728,4.788141877485487,5.217109755382296,2.193488167210944,1.121180751903239,1.1217387984598872,0.799089530215042,0.8479630486891097,0.8053957874672051,1.1438440128210343,0.9107178900741246,0.0,0.845712320044413,0.9168315844531209,11.683832287443352,1.5488315100566863,0.945689890208655,0.9168462715931014,0.780169156570139,0.912432461016806,4.886476495822421,6.7789768985190335,6.891199207977138,6.915660493399571,6.871774614775063,6.984041001655214,6.970836485901884,6.701452622084673,6.89453259067642,6.784122674274272,6.59696438824318,7.45941518226374,7.653175479924414,6.74853850423608,7.048729640434146,6.818171732552685,6.959379276954905,7.073924970131827,6.778868567137067,10.998753396320296,6.462368472586547,6.809968605955476,5.921018796315423,8.699212501527484,6.4924544105753625,7.690522627754149,8.089671074026455,7.657702779671297,27.45524441823784,22.169201972814164,6.952577831208373,6.473362011752272,6.80557267202596,7.255278684217103,6.006739790756456,7.449748890138153,8.32176401647007,7.376407661364283,6.583435386026508,6.818814462315345,7.00965168508742,7.099903492086241,7.05756381652418,7.400271814397911,7.014006636434033,6.947307437342715,6.528552389952154,6.46194784980122,6.3511498592309295,6.860418939902502,6.4790872422261145,6.3858275816692185,6.957416073261697,6.9834400689211975,6.663053700473881,6.455968153951346,8.67241550402639,7.644870667376438,5.884598538713533,10.961075918666438,7.140074124236946,6.619191174354171,9.53671558532335,7.93038166081925,6.228752809718856,8.245318737139144,6.278864927203927,6.111009421442191,8.173809492095472,6.866275529378811,6.011091594822403,7.7536548864552515,6.9153778977917
326780_1_consensus.txt,6.8084138477066745,7.73928321137106,8.1337758636339,7.138373262948278,8.149234987131194,8.520321626553937,7.094962926137612,8.968421349187338,9.21781014803372,8.579544981467222,8.741293315773305,8.761690212403607,7.601528852645856,8.075888853666129,8.356250134125787,7.304572971552375,7.551113166530627,8.650720903288743,5.238773943157639,4.6541979476522215,5.199855968690542,4.362086451798746,4.889107680960706,5.307707266762577,5.351849814199397,5.100287911189525,5.6558168844537136,4.110045255761008,4.480627486131539,4.760721143631258,4.582092255286625,4.465799029833931,4.525055090077217,4.364344234079965,4.834465599388295,4.78715304827017,7.995556573100089,8.179482847323584,8.27014935286661,8.712649013890825,8.166205038790565,8.297611612872743,8.060454804023095,8.258319618729104,8.321023119599431,8.688615266537,8.19306263187002,8.229099515699147,7.753914199248868,8.17315762469218,8.48890236014472,8.45725249353535,8.010667732231923,8.08633472590975,3.753923712379958,3.927813203578637,4.410634705254893,3.992844321810992,4.208916760482225,4.185043760869917,3.72773200579212,3.966085981756464,4.405842543230506,4.0671418805713415,4.22656738855909,4.114588042482637,3.85670996585543,3.981316113554044,4.475220223713961,4.022428559644766,4.21025545024861,4.176764476197889,5.959770112484421,8.60475630984888,7.971424239747591,6.132167764671806,5.099167308774497,6.450409122540634,6.153420771065441,8.00137312612577,9.413819147011507,4.959148146077325,4.908786019662898,5.095979274985041,6.067112626758672,11.57626633821559,9.086345947793916,4.67783670123373,4.704544647398848,5.150802230439979,2.3925410103775,1.1478751238792029,1.2298467483471995,0.4810741434706642,0.647026808656392,0.5787506526403376,1.1480848309456633,0.8274696728634012,0.845712320044413,0.0,0.5771714491997955,11.3044613636971,1.3260834787637918,0.5875974823647425,0.6872329254596252,0.560600872456348,0.8523703094460302,5.056988245942591,6.863340149862097,6.912117661599723,6.950433686884082,6.958385397476206,7.059590808452072,7.015265774315367,6.822982700830437,6.990835271096159,6.880162279489923,6.562735069137375,7.425446670272151,7.615912534749668,6.764832094900612,7.017876504575838,6.813042398508969,7.001220496502356,7.1529842134502815,6.824993214998074,10.7571767792345,6.091839119670851,6.569518586517177,5.517228070543354,8.449862593020725,6.167533720221513,7.454723460197897,7.761664409778575,7.33400548689076,27.090506067246736,21.98298888183143,6.616169354518831,6.0889468430454485,6.394509252270211,6.922285879840842,5.514347655007839,7.029627835207407,7.923996531986347,7.373327268439027,6.569437511246861,6.845308499299676,6.905663581730551,7.015434738912745,7.078552442014427,7.414555495299623,6.998787574649327,6.943218814572447,6.441818087370223,6.401659418741872,6.342841428071154,6.879482690910663,6.406101253617635,6.373942464343202,6.8437028605376895,6.8992292838497065,6.656398241687214,6.247676628102454,8.481347117897428,7.385788928770069,5.65270464422963,10.78915068227724,6.996869197106946,6.3934436946783535,9.288565978889553,7.664832529026739,6.015680294357935,8.089917442462536,6.061989575442794,5.901035544202728,8.036934962090413,6.602119816000823,5.838318158955701,7.520582512384237,6.784119122663356
326780_2_consensus.txt,6.938088326381433,7.874066558884294,8.214187862845677,7.284657675140124,8.220119253857888,8.609562857903029,7.267744094362342,9.113558803073602,9.272862577283831,8.713472559034187,8.79988780633937,8.83647678990394,7.758237144104214,8.204816569157288,8.441037884403272,7.433763757415704,7.66436645821193,8.716129809160293,5.349424021716061,4.792336198648229,5.290385655128375,4.621822767542142,5.055772747210028,5.426327080978012,5.476177017799387,5.243638462523506,5.767497724607097,4.4221936007542695,4.684315129736376,4.942777201774277,4.706181509284534,4.666512982201198,4.679935831069145,4.635950506352856,4.986043625021864,4.920566271886571,8.228701074091703,8.385304263212504,8.479092030353286,9.015484808611518,8.441909821631384,8.570047396515065,8.261209340510732,8.45297783977253,8.553957901011984,9.001310228930436,8.479971096894474,8.493861360613835,8.003920975248548,8.410130070524303,8.746709325256575,8.758716822869246,8.276543883420686,8.34921993376787,3.94773016317464,4.146475959768736,4.587278081348302,4.2688034633879965,4.461682656504877,4.413688755565374,3.914046421054877,4.179348800375919,4.579328311661811,4.353296871155976,4.482468670360561,4.345003102673786,4.028941213913981,4.19667675836655,4.648284950642562,4.298022739210069,4.4573274587497735,4.410054757911496,6.04024865680816,8.612180127441377,8.026606313706111,6.25593061531174,5.230995381431171,6.510524449037348,6.16980644272644,8.028231448089628,9.481381137423568,5.065270451308322,5.009826513938549,5.185498323678871,6.109452326817973,11.624537978857006,9.106182689284992,4.797966663279453,4.820893264011943,5.229623703698394,2.3698372435252963,1.1326288843314956,1.2562220919481888,0.6736001777181855,0.686506171322776,0.703709017904032,1.1749361861870966,0.9034446668665056,0.9168315844531209,0.5771714491997955,0.0,11.09794865501692,1.200666252177598,0.5958304466360005,0.6456260828965696,0.7257984739717926,0.8104538201933451,5.079955352822424,7.051341042745435,7.155820669482864,7.149991961845444,7.121323965868839,7.288405767481663,7.219515332300091,7.00748263225239,7.208452492405513,7.1069079867469895,6.782257669403066,7.689789284790436,7.892002460013657,6.987233676097276,7.283906231866183,7.049777386427365,7.188499064524137,7.383741738901563,7.058278668843002,10.958211218454494,6.260002382465814,6.715526782935172,5.703033792086046,8.647903073686962,6.319715204467457,7.63607674524917,7.912922493078668,7.493313011338046,27.32685642956403,22.16478330094651,6.785054100276284,6.272249123009033,6.545471073703652,7.089747651109292,5.6912621263964525,7.20280138751292,8.082305405591796,7.651126381920108,6.866574128314653,7.161687845707547,7.322203436159953,7.398122648738251,7.406213651501389,7.679024979225801,7.309141607275649,7.251877270889281,6.842571989663043,6.771674709411286,6.64809939182328,7.132931228195673,6.695118269176362,6.640102415100614,7.246949348069506,7.2801747809518815,6.9816065660147615,6.588358730459163,8.718041749738575,7.726791232463825,6.083975572144823,11.004745859028048,7.353486939663412,6.67255270815167,9.570855298798447,7.918283952096772,6.473649656280315,8.33001973447756,6.368470778659344,6.149383700708768,8.24366136299119,6.899266496157452,6.26693412391694,7.794360509626074,7.157725187340532
326780_3_consensus.txt,16.93548387317128,17.53436988703362,17.808720326734942,17.112100427388555,17.84006435613321,18.22181594502229,17.232426927841402,18.729139150963817,18.43298742198283,18.335506533909665,18.137405896244616,18.32124346988008,17.609786743471204,17.982397290714175,17.85509077843909,17.357040403141013,17.369476389779038,18.205471309799293,15.493814953228023,15.053224593120888,15.38080669267913,15.149653991552896,15.362757770562837,15.651412280446891,15.652170413394686,15.409038319889476,15.727184910874769,15.037572527882103,15.084476307501744,15.11916185233764,14.884298517949048,14.99799672022948,14.978083468515706,15.137128846961332,15.25655368344809,15.220657850400585,18.16563064659124,18.20905897478053,18.385599946742506,19.17275689030908,18.47550188233368,18.618187735499987,18.115534600960416,18.27417939232584,18.479230272598382,19.192785277093776,18.557161613107723,18.58407162090964,17.98737251996164,18.396142319532714,18.8223736036918,18.91853048178189,18.3307853769615,18.3649983633664,14.372683823878049,14.627427216824742,14.937773049224065,14.898512697498177,15.063349797837873,14.889929494985154,14.309987743769511,14.65565407156015,14.913451959937449,15.025358613279993,15.005590310509264,14.825314806493168,14.372442360417608,14.642621057447286,14.886757674070113,14.940064535496674,15.018004030463487,14.89198840983363,16.033245504608715,18.17605965989821,17.535371515468626,16.51004227096712,15.49592929972556,16.46858659536406,16.066051666085286,17.83237955797597,19.02832127113686,15.491387951880997,15.352544854697271,15.417483759749018,16.28144105323122,20.71750560862893,18.69679711689889,15.141848053184845,15.20560626414374,15.57135793184534,12.619641872666648,11.915936291473033,11.895764744268376,11.59172469229486,11.661950955178613,11.470582131540368,11.83137005876091,11.754711061047544,11.683832287443352,11.3044613636971,11.09794865501692,0.0,11.414315012210864,11.418232680578626,11.24003175649824,11.616433985696688,11.694615729193856,14.6341661883352,17.631338791171856,17.825115661338486,17.728489148139488,17.50361882762087,17.913355887476143,17.68054182686035,17.49813339277864,17.71735711365244,17.54011778326361,17.234229110260458,18.30882325139004,18.442870923988263,17.557981741913522,17.835076329214303,17.629402757394814,17.5521622715803,17.750107706753965,17.64689687139355,20.11288197906083,16.439136727748178,16.5257644789271,15.722807167445067,18.19792008432153,16.1216638002316,17.350391483197313,17.458215841275432,17.156538444568696,33.62830911539413,28.588677520243834,16.67198119891782,16.397684432919903,16.580131933061978,16.766814901459952,15.686106913325318,17.141642727065232,18.022890491218103,17.375073723932246,16.80014649562895,17.078944453312147,17.549749166974834,17.53246615984466,17.383274960441383,17.378854039768044,17.232494427467486,17.175747068187604,17.11008666472236,16.982078250355073,16.66652809632268,16.93973994352433,16.632068719876997,16.568724800786185,17.42360201525031,17.350376865658745,16.99896070461955,16.94731051150586,18.34215874227237,18.0832604665244,17.06672238640556,20.49536122633521,17.87265048210719,16.805876908314076,19.098364700687625,17.79160579371768,17.2852130127348,18.15986706031476,16.82394153376083,16.45927705249892,18.025549818951788,17.047296994692147,16.933993046678893,17.730533600728563,17.68285019348326
326780_4_consensus.txt,7.300917163784391,8.113428223196081,8.37530117078245,7.622590318358448,8.371014013584556,8.785240801291025,7.640013201547561,9.31072606459088,9.454788919423663,9.022805134670932,8.973210537610555,9.125310986916304,8.063329694977142,8.482841196046536,8.479469113153755,7.730450364019646,7.864476250407279,8.944625763867691,5.654888710121156,5.171229658994207,5.593058909236845,5.219884666533233,5.397827617715734,5.761058021616009,5.76928705921614,5.571833108631722,6.007997064007782,5.187213172363158,5.118583825577503,5.347799253541268,5.068291922566402,5.121876030224371,5.073691731877602,5.236894526895583,5.373177899845416,5.2365976817584965,8.801415154466156,8.947259061366879,9.073762061336936,9.797237162621798,9.1204172326577,9.256603708901425,8.795859962842599,8.999714760787072,9.156635516602648,9.801344913794992,9.223059195724431,9.234407296169309,8.634289768019812,9.068411851063672,9.445311127781338,9.515022786291013,8.953570663078949,9.029183202063336,4.7356904091938645,4.937507581033628,5.281370671598324,5.239764750210213,5.3310182548315765,5.199477344429283,4.711296261443522,4.964650701452399,5.239438145176791,5.322828192926522,5.339056573232085,5.134378515968365,4.788473158662157,4.974056046270448,5.286636144488739,5.258250074301827,5.327144258566307,5.221439072490398,6.404468742739482,8.902523129512474,8.277603054414612,6.8040141525967215,5.7431487624400575,6.806692065367088,6.419923459374786,8.37852439890429,9.83211763996968,5.61277622326952,5.552061087080915,5.618405940906655,6.451184118834533,11.77095965273162,9.327198864206196,5.359799372481007,5.395535061313467,5.650448240748744,2.591689257470364,1.7334432134612143,1.806575588132432,1.5297196496364336,1.5841942912408626,1.4982274055494145,1.668872991172634,1.7032341152726076,1.5488315100566863,1.3260834787637918,1.200666252177598,11.414315012210864,0.0,1.3379287034811114,1.2541800243757848,1.5238231799123128,1.5614195257946335,5.290928047574028,7.611597960668064,7.798596542444386,7.753982854992614,7.622651539026492,7.885284510783208,7.837753017490513,7.491490597527047,7.810033742359792,7.679410647541886,7.347149161943207,8.401801005326831,8.577119907275119,7.606400359100064,7.999731704315479,7.692397646320728,7.69882939125705,7.983227561242415,7.674084465088413,11.618580690742874,6.957941207368663,7.383390397664471,6.490035155139935,9.32784384993613,6.985146093106891,8.347291638451793,8.649010893234504,8.204300174341824,28.1296855888142,22.65748644809173,7.5266938289645395,7.019289260303481,7.236419131909031,7.749200661888892,6.495121650947851,7.862608003173193,8.824283729350668,8.15860723510724,7.443739183306889,7.734892963440416,8.144307715803961,8.120027218819246,7.989789173166798,8.135188857260744,7.910580584526315,7.823346528017282,7.671576809822113,7.468996150156784,7.219877875767565,7.601297649616299,7.277304127739569,7.14471458986651,8.070484510215294,8.009191055654469,7.607264461948887,7.389319381584585,9.395075003629245,8.591895207775053,7.127446954920288,11.576717389513703,8.252369740303948,7.511154619902641,10.352996546857014,8.651073645292684,7.585569346047691,9.015041162594455,7.236990526942634,6.91816312375812,8.862736880905459,7.68733435936889,7.34041062078154,8.588719447029575,8.085733533336509
326780_5_consensus.txt,6.868994701577094,7.824499567997464,8.19639328619769,7.214545793681509,8.231307315990875,8.562995718837271,7.166386043575699,9.024110034820184,9.27548258296548,8.651752430750491,8.827459541211965,8.776865666629362,7.6698352904737135,8.126325618203964,8.408806310032674,7.36877936859554,7.590196281174997,8.696434923079266,5.420591351049609,4.827011446785832,5.340034532932975,4.606979601436251,5.080607814943164,5.497437124386067,5.525576273795423,5.301694145647446,5.792559461001247,4.359693464559655,4.684607978228428,4.972553477015822,4.753546570471315,4.687620165947919,4.717445767937647,4.607787853488787,5.0043862895988696,4.939789040173423,8.243281827357919,8.407569192707683,8.498337413798595,8.97249903037357,8.423507398571644,8.538530053533918,8.29110312566479,8.482549553597096,8.560798451495032,8.945964282715352,8.453268136582608,8.465978397217555,7.995523632947538,8.40589067128991,8.727146578632528,8.709044631623954,8.261449871707441,8.329208338571846,3.91449944382407,4.1010518960735,4.593223382763711,4.1784190677527135,4.399502968283002,4.365516863706546,3.8763861997304616,4.129600720788687,4.570595006883707,4.270214194213224,4.418419900366871,4.298881559563426,4.007649087335551,4.153153286823624,4.658461159011381,4.212455279333653,4.399923652081043,4.3633763671884935,6.089888357302016,8.676961455500873,8.054740241566606,6.254024103554343,5.223011803393661,6.570955601626622,6.237726203793329,8.10483167820587,9.512530741071885,5.070224648501494,5.026264569759519,5.200091095803032,6.144107973237624,11.740415589812358,9.195394853990194,4.813421800017864,4.8340608749810485,5.248446703505579,2.481262254160697,1.167125299392353,1.3253129916898845,0.6736859334647534,0.7509312839680433,0.6953754353137356,1.252977662040962,0.9021151835211184,0.945689890208655,0.5875974823647425,0.5958304466360005,11.418232680578626,1.3379287034811114,0.0,0.7155971148557114,0.7503461521212103,0.9410157339895592,5.170446194888655,7.020916052869097,7.079123417056849,7.102355953859046,7.11370682124857,7.230842775988094,7.181680693117414,6.998487669977294,7.177358256014259,7.0509483450850325,6.721319922166742,7.598833132485538,7.800709737844045,6.942960986710887,7.1923455835412256,6.984073642038652,7.164144741101097,7.335120060024337,7.005270460651786,10.791773526348038,6.070215662251599,6.578986541921779,5.55373813281949,8.470252260091115,6.181197395757579,7.4858480724061565,7.746791582575383,7.381960969223826,27.18478085865587,22.05156721540925,6.625592716903327,6.107301591776377,6.35462276129681,6.932741090919194,5.528295594902488,7.004288410946629,7.919745658488637,7.581632558809247,6.777536207671574,7.0702028812405615,7.163629754771648,7.248761735384107,7.300762528986866,7.595203817762865,7.209842906902281,7.161123844100928,6.7126944149537735,6.644677278470226,6.558266703605113,7.072452258860096,6.61056600302868,6.590874739024059,7.091426058489105,7.138651085675008,6.884938906756929,6.5058170110741,8.724579175981262,7.647772171045972,5.947235843344572,10.958875433334924,7.294113960381878,6.648111408382306,9.536940752100918,7.881504818936264,6.356037108842315,8.297045479001952,6.320355943520781,6.150123742111987,8.27213075425027,6.853830190165922,6.160613547284015,7.75784916056466,7.06181040049205
326780_6_consensus.txt,6.932436790471343,7.824271543469422,8.146287408252874,7.265562359318665,8.126214278694874,8.56008703109245,7.211779514755278,9.038074283674405,9.24773997140784,8.635605496201265,8.743658799297236,8.80155492652898,7.727242056430782,8.152501634664077,8.329568878066652,7.404719323437064,7.604798694273086,8.64058539371888,5.44567240524907,4.935837560112532,5.370244659058869,4.791541499497214,5.157793880798806,5.526041760728049,5.599204065984111,5.364978593864066,5.817644333655039,4.63311256794168,4.814701098922001,5.056618339350393,4.818644659191136,4.792217567601995,4.789204151526121,4.81177100477214,5.0987479727401706,5.026523824511571,8.361364910367456,8.532089397066102,8.63808027968679,9.200039895817495,8.613794933705435,8.722133343884934,8.395879550368477,8.592825495277339,8.713215042066167,9.188699888985012,8.650473564964443,8.666989738899815,8.163967299970977,8.56017555067399,8.909607378831765,8.93840745792437,8.440549584639541,8.51449411454746,4.044985326427081,4.248497929188943,4.6697340853672245,4.4221504172037385,4.595802147271286,4.524820211987617,4.014044085864043,4.2780121835182285,4.667526044131819,4.514015538429646,4.622810123242857,4.459408495957916,4.120367669891209,4.284608243667151,4.718653059265364,4.462058459899481,4.594062660111035,4.528060043522999,6.050939187938241,8.581803286489219,8.037280181646224,6.302353504759253,5.2952358294110695,6.495422285634788,6.151744139888251,8.025816555731694,9.44915591365941,5.125103216119044,5.0679735328820925,5.200517218564585,6.097366795372011,11.514051825764,9.035743544251432,4.85968253791566,4.894717477110419,5.252727880978341,2.348072389145898,1.252029457278411,1.1689227483603872,0.8107171198761307,0.928000599481038,0.7929131477145575,1.2384354152135302,1.0561091016079445,0.9168462715931014,0.6872329254596252,0.6456260828965696,11.24003175649824,1.2541800243757848,0.7155971148557114,0.0,0.867904684752375,1.0211281402922054,4.940289973829692,7.1728215852820085,7.33134692281908,7.312998459140829,7.220730043206458,7.43871569720261,7.371519796245934,7.135303387303168,7.361542639094637,7.237732112856804,6.891332524434347,7.855823320426396,8.03484289843675,7.124764836092538,7.468383449114867,7.215822744792263,7.2992813204940035,7.514546923417129,7.189639481688971,11.037414690792389,6.360263089547061,6.770219922914237,5.803692798316433,8.713861305034015,6.399087235627121,7.730027845264374,8.012387528606666,7.512310853193526,27.58200093068524,22.198625951528182,6.9290025726378985,6.405946899360799,6.653558962957732,7.104970143787227,5.811755147574104,7.316015051244676,8.184949901080017,7.613054584334407,6.875494235609779,7.155573772527475,7.385841378793771,7.437649415886369,7.396055812237591,7.651992800128823,7.286997723705952,7.218772493773372,6.915828840805602,6.817886630354792,6.651280628119821,7.122237315297923,6.703501936814632,6.604023224168032,7.318065830331307,7.330653186398763,6.998584140340597,6.693664142035686,8.856086506756071,7.895683452791673,6.2947948309541175,11.118111932165618,7.502225675600812,6.821992394767904,9.690679984706662,7.965479109588841,6.697932805758967,8.395063890381266,6.518068977536132,6.277663180350828,8.33913395463378,7.019672661969821,6.49032972060229,7.873698537389032,7.306046474869731
326780_7_consensus.txt,6.859609936046638,7.827831656742205,8.22067347585579,7.18186305051529,8.208081082826936,8.625208834265663,7.1788598657340685,9.04776033611938,9.339463342745262,8.643824716479742,8.769003989356122,8.832206413309734,7.6563868003783,8.156126904283383,8.490002567357351,7.397335016874081,7.656944729565907,8.765326034616294,5.127615958487979,4.503794670584,5.141548671611247,4.10434813673038,4.725835307144052,5.168472433794591,5.216907285281479,4.919059094569889,5.57931862385135,3.858490611608545,4.298063570563215,4.61290768398618,4.465694458791518,4.292875812694092,4.430208429930872,4.113045939646156,4.666999890669274,4.6641584629327895,7.94737211983653,8.146860198615457,8.237474933883334,8.6137052173479,8.097016854830258,8.251980794855626,8.035060862019122,8.257244612450677,8.282102240499057,8.602265917798206,8.133317127736973,8.191660902959882,7.7067046943158175,8.136836320908117,8.452454195296866,8.360504942031923,7.948157113397372,8.044605653201586,3.757936920301688,3.883762007127245,4.312586892152865,3.900863293401301,4.083037606897847,4.095652872371886,3.729813750685537,3.913478525955327,4.324544577816141,3.968211661150235,4.102070892121901,4.020685657961508,3.8659603808062,3.9246488509671735,4.398643364952136,3.923971606782175,4.086125273909602,4.082906399758542,6.089126680981394,8.702262414535937,8.127374140561756,6.16736063450594,5.151531518677416,6.51108031519783,6.247766357303988,8.065167195205959,9.4885747132476,5.051167875152771,4.924459258516777,5.180797400271217,6.124010970430106,11.608103505878034,9.137639065278677,4.730691510446093,4.738949176620508,5.254100263873852,2.399985398721526,1.0571602624701768,1.1784007698275332,0.4731667191669544,0.6164844411669606,0.6031431925475772,1.098343165584538,0.7345838894525514,0.780169156570139,0.560600872456348,0.7257984739717926,11.616433985696688,1.5238231799123128,0.7503461521212103,0.867904684752375,0.0,0.7725311971278188,5.131328365059972,6.721039012987376,6.793753946214736,6.825146280199306,6.8425577011975065,6.906878571227367,6.868498295924553,6.657506133657876,6.824642911019623,6.72469990530135,6.490831602045034,7.303194275254953,7.505724794120681,6.622877795865122,6.882550114238541,6.701061075202233,6.89678153050636,7.025065257559845,6.687078151253502,10.89214285545262,6.263177791104056,6.703631656874563,5.672822096210723,8.565240084241793,6.314039567588793,7.561638058733422,7.914281244410745,7.469697248074908,27.098971658788003,22.09180881516193,6.753698708291779,6.229241122316296,6.607272611262488,7.091351864522153,5.705231503972811,7.253381099782871,8.100615217727068,7.393722480724591,6.547001089776472,6.792368949657828,6.815819937233016,6.945419593409952,7.016185171768541,7.458629914369453,6.997744383116981,6.906935440150221,6.329818654695487,6.32489023390724,6.307831181149709,6.890841699154976,6.422177034913716,6.383448523220352,6.762471079585112,6.828338765634442,6.604878811177798,6.203422826605447,8.478128970447187,7.302756972769487,5.455821541220132,10.81837972567962,6.855254513921295,6.363258909844888,9.237431736847384,7.72557054452443,5.7802961485065225,8.097202682914372,5.931126283252922,5.879635485689505,8.036531136857377,6.563890797722593,5.575781832871712,7.512583380210572,6.598532455476402
326780_8_consensus.txt,7.072067881567023,8.033033484290456,8.344061713119515,7.397256154632373,8.302434994461919,8.746777112864095,7.40173105568465,9.242604837785166,9.450391850415713,8.854634082349094,8.89937867171949,9.043271301756931,7.848244473658326,8.331846339108438,8.57181150468881,7.586314810691874,7.780371727530223,8.910329328921648,5.273048542450397,4.696586779687209,5.253022401416217,4.427478466739558,4.916543183547617,5.343637526062935,5.3623087259099975,5.104180119885086,5.686013177879204,4.279304191975598,4.548688058076436,4.835210420718283,4.666387387158068,4.556520173684817,4.642955581899969,4.445446133594089,4.8387402809417495,4.825113318040962,8.308596274244792,8.502826480127169,8.596220523277225,9.084183966284629,8.500260852016368,8.66458813302836,8.368443418654692,8.582079082823554,8.645483667996928,9.1054410515614,8.581970199425143,8.628926894020367,8.114609820122382,8.530073601199092,8.87832068355226,8.833699110377665,8.349953464656835,8.454905811287915,4.10246395989418,4.212657078415191,4.570624876549118,4.308318394260141,4.431113565494854,4.406954793964019,4.07478048690075,4.241449116695435,4.565653533074453,4.3909481714045455,4.446582862899902,4.339233360297385,4.193041437015268,4.257624898301913,4.611548780365979,4.338205606256111,4.433000863177028,4.408226984324756,6.278703754720425,8.786706373966865,8.34069520917592,6.398082723909056,5.429146680381905,6.652468175004117,6.419663587768923,8.174678791981535,9.575255954358909,5.309307697835152,5.154637542353783,5.405588319832418,6.253280009127707,11.65090224313957,9.262589376428023,5.0056662668059175,5.0245433592169775,5.461899915832248,2.2632798155530622,1.021190617137847,1.235477239561078,0.8111278477607584,0.7707865517663777,0.84467864462124,1.100192756531328,0.8960766450299502,0.912432461016806,0.8523703094460302,0.8104538201933451,11.694615729193856,1.5614195257946335,0.9410157339895592,1.0211281402922054,0.7725311971278188,0.0,5.040514558578991,7.014489531716095,7.135869976269646,7.165880290837777,7.1246109323298015,7.2428043464761345,7.212386491875463,6.966592941473266,7.135907087555097,7.075850413327089,6.858966686553572,7.716691845486139,7.917013315496433,6.985457969929541,7.261984666772435,7.066236901379284,7.222791425092396,7.387953173037658,7.029059255086054,11.161507288550638,6.575039558365859,7.000811539594736,6.023414148764459,8.868965714359717,6.630533876077266,7.830116707784555,8.18977286713664,7.823200370099471,27.431064881997145,22.320996146338643,7.027138290581206,6.548432898039209,6.896245145928162,7.4224624727140736,6.103508548248612,7.5254859249043875,8.414824378157448,7.6724190036844675,6.828816738096862,7.097302051937504,7.225587678696172,7.329541051573983,7.316179234486526,7.699040998638111,7.286245888740723,7.213905761612693,6.7420994690983775,6.68549066038122,6.597879768321036,7.14837910510505,6.709878690761343,6.645730059032871,7.177302394114349,7.202896372108739,6.924812725754634,6.619793888887443,8.844814498134497,7.720165709062599,5.998955021987626,11.201927445814365,7.295917053066432,6.7634176669042745,9.651000760655563,8.114941276489276,6.35159139655741,8.39309101611002,6.383729093943089,6.246846992991038,8.34995779767911,7.0053129071418425,6.133306505272401,7.909378972538491,7.048883447385435
326780_9_consensus.txt,10.473084911093167,11.006740296113662,11.141294094862133,10.557628936340734,11.077114931013623,11.573150297434836,10.641354761683488,11.97329261061452,12.256368097935308,11.753899534306411,11.569536840055832,12.014759563628957,10.838085013880288,11.364670434065602,11.117463146275838,10.870719292850936,10.623326523837932,11.730128847596234,8.712882777060372,8.257081844113827,8.504596520625682,8.320348689565947,8.45486616262474,8.741715648430784,8.768926063286983,8.52503277055905,8.771922723871626,8.4855375770033,8.291415669487264,8.480048452881533,8.201649526401354,8.20730910381917,8.210369876596872,8.375402467923664,8.39389408004564,8.341824663325838,11.438703483504357,11.636469959874772,11.825765612539383,12.513170191368433,11.816125807472304,11.983445475630331,11.4490897380295,11.69807595396668,11.828633669103285,12.57631082785258,11.975239650572007,12.036067949121843,11.387385203007796,11.818017426693077,12.213229288085811,12.225770200738792,11.671449659366772,11.817388578999612,7.821220630103141,7.97620573640063,8.07523713916055,8.321011274250111,8.234513110413047,8.106696142987403,7.796037408733355,7.939564478356601,8.011311088677417,8.385228061140538,8.254781235660062,8.051093605267283,7.854155533853827,7.915272411151079,8.008429217638081,8.321015544723423,8.240821907572581,8.125818348303937,9.502818917572997,11.671323030922563,11.245963329329244,9.924290580363731,8.906463564788112,9.585750526725064,9.49479535952031,11.100852655581493,12.351148833538389,8.936774496398584,8.584592237996446,8.806516911595793,9.24950868667861,13.690395535685012,11.78300803108607,8.604183728352439,8.671501473653962,8.924569076263936,5.046164455958035,4.947533263073581,4.853981574577915,5.236765630554544,5.237307616696057,5.039695077030558,4.851099216923217,5.1544189651017405,4.886476495822421,5.056988245942591,5.079955352822424,14.6341661883352,5.290928047574028,5.170446194888655,4.940289973829692,5.131328365059972,5.040514558578991,0.0,10.956208119539497,11.148621713709131,11.220956643397416,10.92919467382444,11.210945839144586,11.233654558062485,10.815896830463371,11.069189770112873,10.844564852319536,10.824300609973193,11.873173904434964,12.040728164902248,11.04894751346069,11.50228570874856,11.145029386993883,11.04073417714335,11.199049145825995,11.017261971889866,14.492678209110124,10.509222225292092,10.394855459013913,10.005799453381258,12.215021290189044,10.258636735011804,11.288695822137129,11.746507157613507,11.33525934944447,30.59401182556428,24.344064722395217,10.986565648917804,10.61004118523573,10.796164171650048,10.940066779755057,10.172805792846477,11.396413373841426,12.227412484154684,11.048357781880611,10.496347857604633,10.664022044477178,11.316671756526205,11.24897737513794,10.87925072276039,11.072735916923534,10.796827303373448,10.758342624278155,10.882547189574552,10.697236494257083,10.309385675728096,10.688497687409722,10.483470800845453,10.26179948157278,11.258891076440875,11.15294733163762,10.572993080029278,11.434884012323266,13.325082473998576,12.558715629648988,11.378447701272194,15.308482791756262,12.190339594292707,11.463913774347134,14.134745353010716,12.431466881495908,11.714334786235554,12.625218742210222,11.34297718437938,10.947900791945813,12.586977711949544,11.71998920308431,11.447940132016186,12.501611134182896,11.936371085902069
326797_10_consensus.txt,9.45094870112888,10.267218607814243,10.658343084049193,9.722770079099291,10.636709506243164,11.247624479525314,9.868639683112292,11.488051958069605,11.841448683596752,11.300062546090372,11.091722988548668,11.469412930990131,10.359220343939114,10.958305038031485,11.052427767226163,9.830537873976027,10.18299463040205,11.469016799591202,6.148769643478602,5.600321393216575,6.2182725668500325,5.346724683999469,5.72140147102823,6.200886110974807,6.15033161898964,5.8667631759403776,6.6295963895175305,5.393688352345976,5.419468548894542,5.764401281464927,5.682203745507081,5.46416150745813,5.592108567694368,5.319352196684179,5.735856415317301,5.785469135519804,9.522495126893489,9.716983344990297,9.81056462634018,10.22007665060272,9.686129606196346,9.890687118742449,9.598454521462545,9.858942186191314,9.849592499110486,10.259231454262247,9.796096153211636,9.941890442351507,9.365775117802627,9.78635836201488,10.115177134279634,9.986372869298693,9.538443932173609,9.66435052525742,6.524406481707047,6.529498459282536,6.6828632961488665,6.67919036667621,6.637791908397617,6.610332550526493,6.494737972726114,6.550176040444171,6.726277098976652,6.691665349431162,6.647987537626648,6.522188565123201,6.589523540598691,6.531433102917276,6.798624095412151,6.64187182167899,6.689222621552688,6.590638740529073,7.967765229449583,10.503533358634456,10.123183122210662,8.284348549204651,7.093961236664654,8.235317402126839,7.857584743859775,9.73273522824553,11.365272563468068,7.066031891895136,6.89737944275322,7.098999260692551,7.795414407468684,12.793328827434038,10.643198934125904,6.815878205537274,6.7295465807389405,7.128089281652478,7.881100843124102,7.011520643202971,6.986753651679408,6.705537447478434,6.8488317563836745,6.784410457433239,7.114451439721904,6.799414616008789,6.7789768985190335,6.863340149862097,7.051341042745435,17.631338791171856,7.611597960668064,7.020916052869097,7.1728215852820085,6.721039012987376,7.014489531716095,10.956208119539497,0.0,1.556796883423317,1.847550773229898,1.9839390821700813,1.6408900923121337,1.6378404525205497,1.4994375946818082,1.7133872376929276,2.0580308285803994,1.6293282211625524,1.6540500291192188,1.7218671525649256,1.147759837174135,1.5853782975511308,1.5885015770019209,2.096334117830452,1.7494804841838911,1.6126801629072816,13.941845562013214,9.6726243539361,10.041861352665537,9.225668536900002,11.703109801566145,9.67528325102677,10.7211305803217,11.327427698365568,11.05541040342581,29.80651695689818,25.08351446382209,9.944106038072732,9.47803509664618,10.036512192029818,10.573536204040693,9.421575955103378,10.411403698623076,11.456743678083969,10.087790848146255,9.152738282304256,9.356334640825196,9.59576266790566,9.750936335619826,9.652504051776702,9.978266929574716,9.693700000528452,9.621053684142396,9.052531745599651,8.940078769580623,8.774973629661417,9.215428580493269,9.119216295063438,8.861317601097369,9.594893784076987,9.627733002094828,9.189589767905886,8.678318544385263,10.897974508809,10.120241919130365,7.904186458041295,13.388113376592514,9.109233578098667,8.842027811260891,11.806292529530936,10.49130840068915,8.246363084135737,10.68632507612017,8.546017153427613,8.495291491584851,10.435348569028406,9.211378697509817,7.991703609387571,10.268612363324564,8.970591790627225
326797_11_consensus.txt,9.651550925993604,10.43971772243208,10.846427928080288,9.870437493110046,10.927887708543269,11.455523969982778,9.987998469072636,11.654669313278362,12.096861357607509,11.46214356030748,11.366045341123083,11.729338461037742,10.458392502951938,11.047949897552485,11.27011170642595,10.020765421319766,10.354441699656434,11.69292473656742,6.492304858641091,5.869096699078739,6.557807831321043,5.507093690193813,6.00077003841443,6.524464384400119,6.440344123922671,6.1614408506603695,6.96018052563619,5.465600802037329,5.67750136350594,6.011205950439205,5.940248193476975,5.686496787826059,5.858272285883572,5.487501200919724,6.006264656965186,6.049917162620204,9.513464667829112,9.69541631003591,9.776818660529557,10.096157771272942,9.60212574708396,9.805426517842308,9.606957178340622,9.836081226212912,9.791735630143364,10.124693915575335,9.698285377398122,9.835920140222695,9.324072350083668,9.74141949351008,10.00836617657012,9.880121423249877,9.483766344899038,9.596136282848477,6.584733350088982,6.602666937282208,6.838723629636775,6.655158649731902,6.6843947913426405,6.672218342159852,6.556236212940746,6.624229377159281,6.8666279694671175,6.656412931645377,6.676934786790355,6.588085934395053,6.667962697658652,6.600415254642826,6.9482204370335126,6.605486730111011,6.728200252500812,6.647471990606505,8.201792889913634,10.851403022442526,10.351238718794775,8.414796632450816,7.250061302041786,8.520463657297967,8.190331509836767,9.999048553037769,11.638951387847158,7.253617665613888,7.06362835264008,7.311960718373371,8.037594482996951,13.177663582176024,11.052372208325435,6.988750500376966,6.884760113661287,7.381639374289364,8.148855169283934,7.168230921969666,7.217061610165786,6.748172979090384,6.885563832689797,6.837351404462993,7.289210622148914,6.891137279324141,6.891199207977138,6.912117661599723,7.155820669482864,17.825115661338486,7.798596542444386,7.079123417056849,7.33134692281908,6.793753946214736,7.135869976269646,11.148621713709131,1.556796883423317,0.0,1.760746361900658,1.9252315904024613,1.457739440477155,1.528373755926566,1.8715893537571449,1.1394969658787204,2.0655506984595604,1.4570802242088234,1.3790413212604449,1.5399126400850491,1.3959084681991385,0.974191095669198,1.443098563512649,2.0268824994954,1.5073956238401252,1.5260765102364644,13.779021681748588,9.501376619917435,9.90134292165493,9.05161759907736,11.50481947851614,9.561105983573668,10.552189594822153,11.11808441963518,10.91497086955968,29.78260779802605,24.8987522718582,9.74308690788274,9.291225070094413,9.866332056226328,10.45971528537268,9.258933609851056,10.250853708689531,11.20466504241665,10.342172070604192,9.356351245001347,9.563966025014167,9.650343051538812,9.865375657304298,9.844272206838696,10.228758509731565,9.845571157615725,9.853267866263195,9.11404380594712,9.048706343289552,8.985772367186371,9.477200307580349,9.328284823409376,9.130004636937088,9.627612618585148,9.721582898754887,9.362597819964662,8.876024390974464,11.122097354015809,10.22380809804713,7.989591293725994,13.56632818817178,9.305341490620036,8.993069389469099,11.919477070843357,10.698673468506456,8.315583504988183,10.977726611971264,8.733419327149704,8.716439478978032,10.72086000875072,9.41676164467026,8.05583710706071,10.421903041007283,9.121418386035655
326797_12_consensus.txt,9.503680853531534,10.368873538545245,10.759698525294825,9.78104198382198,10.763557201369563,11.296367848287789,9.92281507612563,11.514478282091432,11.887886386042112,11.383555644639555,11.27910894402862,11.591950845811311,10.37141812026448,10.977041829416804,11.132144747058987,9.878416277337353,10.212765306941492,11.54405506158406,6.4285718351843,5.837420751220748,6.500924720980436,5.593402362800532,5.977782575512379,6.492572462516705,6.444992092933262,6.159272226043527,6.902739857518213,5.540218965051849,5.658888360973663,6.035009080065663,5.928473947966495,5.721011863087483,5.865385912568115,5.5406400873278585,5.998108633930315,6.017368589760679,9.78747298497018,9.99202010850894,10.071052175119403,10.441150221404712,9.930931619921353,10.140217859716133,9.885277599327935,10.12258576954929,10.100686459270776,10.469058590869963,10.01545175672311,10.150987756048153,9.612772134896945,10.04849349865168,10.330931848291756,10.203747914230805,9.764604539408538,9.904166117884074,6.720094785666561,6.731068188548477,6.953478615572749,6.838076642425051,6.8520652964368765,6.820692005178273,6.679338663243868,6.733855014300048,6.993306355084087,6.8559518174294,6.845355928212598,6.740985998533802,6.78834375195089,6.737738526993326,7.094628363644574,6.79125648219491,6.891030001160516,6.8211552821586,8.129313556050363,10.761484785030518,10.302711158959768,8.523322679579223,7.258623315747059,8.536874454868553,8.09527049997763,10.023432465115889,11.716750566112694,7.264291004042036,7.102806103004468,7.299278004962048,8.060888278738332,13.24332076167957,11.044369535307112,7.006250302695548,6.900070783902265,7.299189299611612,8.100214420208374,7.157450419981615,7.165109924952446,6.77672673689608,6.935616289228051,6.879156981340884,7.266571365857089,6.920009431487529,6.915660493399571,6.950433686884082,7.149991961845444,17.728489148139488,7.753982854992614,7.102355953859046,7.312998459140829,6.825146280199306,7.165880290837777,11.220956643397416,1.847550773229898,1.760746361900658,0.0,2.1996712831056584,1.7776912274057397,1.8395114475849248,2.098024629688496,1.9442816297494687,1.916907207982092,1.855456272655147,1.8443243755288563,1.9753970255863464,1.7977440570205658,1.8162380125806408,1.4638815287177636,2.2093718896766177,1.8883986773556671,1.829570583930547,13.980806635094666,9.674776540937671,10.147970754418736,9.243703190415715,11.773099336613882,9.706251522314917,10.838023986697747,11.407843293947792,11.142252561896385,29.919803202889568,25.115005218194256,9.928263721973847,9.485373858586172,10.039480332262883,10.62217316759086,9.393093651620063,10.413055363558271,11.442712731892357,10.19388737322646,9.290459474592922,9.497943848868772,9.63929598444588,9.813012591007803,9.772477723087206,10.06381817353548,9.8277868807329,9.75834778887139,9.123615842195475,9.010730848583703,8.909015038411553,9.30921051325845,9.230080449406556,9.028582215838242,9.635092478292847,9.676880243635082,9.32594373356875,8.801143282163025,11.043839367995588,10.24951030362348,8.009609785577709,13.461020886097344,9.25392367735816,9.00587543950877,11.987819167117324,10.71851033843484,8.391340803263972,10.896561412189271,8.705153682759999,8.666747801133113,10.653226143066036,9.344854625507026,8.118730433740325,10.400418876934111,9.098174043453128
326797_13_consensus.txt,9.517711285608812,10.255088498858186,10.496677685908535,9.70810882934029,10.537476222846747,11.111436272247031,9.857771200482375,11.447937057587636,11.690021824348548,11.207974921948503,10.979926340048737,11.427449109072484,10.271932939523708,10.910059815999432,10.845063972843718,9.82271478972092,10.090619443563469,11.381316415846698,6.171858829915891,5.628070789413755,6.243610701820444,5.459663984549763,5.751523376535147,6.217170877339129,6.176772128846665,5.879980990129752,6.595104216667664,5.553902798999047,5.494803304926961,5.76862147998321,5.694843375723679,5.512290905701377,5.633437027238642,5.443178568326914,5.756113992391306,5.845961676271202,9.435805574113203,9.62889456319664,9.743362778360565,10.232036217472285,9.642334300186915,9.867771613801892,9.501654654130505,9.741346159127716,9.793314500991926,10.28803501178379,9.798579641395577,9.930919020866384,9.311982152257087,9.73344597451387,10.107039402117437,9.983928067133265,9.506829770468585,9.648523553529458,6.439162294396681,6.442332106024651,6.5521317861320085,6.666099955482821,6.594552347711385,6.521055072646448,6.416482923986393,6.4663034079589465,6.582934491854473,6.669418023711046,6.607354599426515,6.447043907036687,6.479743602718827,6.446004603762276,6.627007889268725,6.6229317380339126,6.631967432064698,6.519248601724996,7.828706031800493,10.367355347647106,10.064222568980597,8.232005701971275,7.065878630939267,8.068525927378516,7.764544949892013,9.623763080719243,11.26557360482417,7.047788644159823,6.854573489584823,6.985594696635701,7.746041232236053,12.643962010383746,10.503402753861508,6.741241747005347,6.685219923626448,7.100725774290254,7.875694092834749,7.124028890961426,7.044586496781847,6.836141045974898,7.004911575813367,6.901149108113543,7.191908946964531,6.921777189383988,6.871774614775063,6.958385397476206,7.121323965868839,17.50361882762087,7.622651539026492,7.11370682124857,7.220730043206458,6.8425577011975065,7.1246109323298015,10.92919467382444,1.9839390821700813,1.9252315904024613,2.1996712831056584,0.0,1.968063274884571,1.957922768752837,2.0565696455775537,1.968264980072604,2.5068734739442107,1.6447214314862322,2.1935636904340186,2.3123756722917506,1.9778565088138864,2.06591691625232,2.11912070657138,1.826289272345548,1.9857572931438767,2.015394564965959,13.81282642588451,9.682370084862669,9.932250302118518,9.166509448571333,11.663823655610088,9.5807592201229,10.61271159833518,11.223584735601776,10.943622228713195,29.832384296955127,24.692214682301028,9.934638027515971,9.499580194980863,10.07543669367476,10.440633945026946,9.39582599475358,10.431990550394858,11.370232896569064,10.084485369087986,9.211335126075028,9.403926847549483,9.75908956831529,9.87830446527198,9.725975471414529,9.966460045353244,9.739212097356983,9.66391193364774,9.196679621213832,9.068805731113116,8.892767698960029,9.261917255448054,9.18498001729597,8.909113761944695,9.73802736148292,9.7221756339506,9.292641324333658,8.841710762498678,10.910735105374556,10.180634286047336,8.184273683840388,13.305854599065183,9.283287391501348,8.94117987547196,11.80826498206102,10.540062065518782,8.492783764991259,10.685197228936431,8.680292171496376,8.599338057394903,10.385940422455748,9.326743159278069,8.256777509266385,10.320993701121663,9.131167249817508
326797_14_consensus.txt,9.626990959885577,10.376634050740677,10.78056330500533,9.840199582525202,10.81093202396005,11.38657600524175,9.922793844863577,11.569195231738776,11.953893450305657,11.39272334614492,11.2147360471987,11.657378307289946,10.393703576833277,11.045735126988916,11.177754538020793,9.95506718301715,10.303327818677303,11.634453244391466,6.321895165887668,5.74059960059185,6.372024349206242,5.401732078476471,5.839785562501561,6.348447319357149,6.300353117407951,5.972515958835629,6.772785018171817,5.397764784623973,5.523167929022748,5.881090687972176,5.783540634011956,5.554583906544963,5.693274607520038,5.352627766830096,5.873237824511136,5.916989798438408,9.416541676346526,9.622461996589491,9.72288224029694,10.094696035809193,9.569084986867551,9.768249581845737,9.529120868545988,9.775552152878731,9.736745818453189,10.12960299642873,9.67469023463434,9.820352428603314,9.260522804712366,9.688782265420627,9.993989183335144,9.852472713543648,9.417184758037877,9.557995520106717,6.592054858297047,6.585750522729143,6.747104594143309,6.696093106905892,6.673599671822217,6.630932864815804,6.551786068931392,6.601383544302735,6.785834919915885,6.70605980090852,6.681951084364812,6.550475927932894,6.659464763838116,6.590386250484755,6.861137704071439,6.644587959841374,6.718911565350368,6.630698939050035,8.205834187969401,10.848266716920191,10.342959265767718,8.504365641475545,7.312222342813868,8.483728104458237,8.176758002757595,9.98159890179727,11.572871018257729,7.334246556236621,7.117900033264448,7.3325412104663314,8.117837260301712,13.090172301697407,10.95999141300956,7.061336571087963,6.95227249725076,7.436076450572898,8.166656590336459,7.255011188166748,7.255367215768672,6.879496537273383,7.031403323003588,6.980859210875053,7.332668662139099,6.97365788489634,6.984041001655214,7.059590808452072,7.288405767481663,17.913355887476143,7.885284510783208,7.230842775988094,7.43871569720261,6.906878571227367,7.2428043464761345,11.210945839144586,1.6408900923121337,1.457739440477155,1.7776912274057397,1.968063274884571,0.0,1.5348079419820235,1.9003181043929656,1.6136574985955576,1.98884886696726,1.633301202700011,1.157708888535126,1.6410146745466818,1.565198988925033,1.496035283668391,1.5039800746773722,1.9801160217724032,1.1783379522890982,1.5195814892546196,13.821173129364524,9.70259273142733,9.996225127401033,9.17871511533366,11.596502147628598,9.605822544231842,10.6313886695051,11.208584518978512,10.944633150902746,29.81348029303672,24.966851410998856,9.89122318434795,9.47802660433308,10.053386945727423,10.500975017957046,9.404932506537875,10.385225296732528,11.416500674616884,10.078582818428233,9.18263633620012,9.3483648311435,9.56496305336833,9.724443321834826,9.647874159838809,9.962526294124077,9.680407807740778,9.63823082214816,9.023905407000086,8.941176853617094,8.82718063092716,9.25591161952616,9.151101921783436,8.933179533721272,9.552437310312484,9.600193024458065,9.19760631431012,8.840154902323206,11.06995027424557,10.228543981061364,8.042973665337115,13.488302662820558,9.24873109736842,8.98882681811483,11.922361497102258,10.70480772091571,8.330842198429877,10.919102596519451,8.728894048236498,8.669767808472272,10.687133112879453,9.432349655433027,8.09384490883815,10.370944963410976,9.109348335643858
326797_15_consensus.txt,9.622357038005248,10.418615744206193,10.79524248702552,9.811721316320472,10.770207331525569,11.384643888520998,9.961600351181232,11.625814192012683,11.92218954633904,11.437797934241132,11.159740885893996,11.603272563590338,10.395694152598937,11.070968062541908,11.1823935297042,9.962045065032044,10.31837189181374,11.578549181161122,6.358604794457904,5.748507065425542,6.407193999279173,5.448212067664429,5.895439976201431,6.377796576786523,6.366571405601519,6.021751454664809,6.811657638696772,5.431627305304687,5.549013340209228,5.90010482546262,5.80704010627278,5.59409075236016,5.758484024701488,5.414344131939458,5.901993302848666,5.956220571631889,9.495722157531816,9.660589925181796,9.7628755655507,10.17388742394678,9.62562953227905,9.844948955298946,9.586520782117816,9.82081940475581,9.801726084746008,10.20850353456592,9.748801597996705,9.871933032479262,9.307354223291613,9.72992725703358,10.063284674276533,9.921318644484302,9.48723814257528,9.619173030366484,6.5936676562047865,6.59760010924208,6.7719166993161934,6.700945308893267,6.699895362504549,6.661997729603513,6.57315872222415,6.617505605177712,6.813093506387531,6.708942661003107,6.694424471009484,6.5950380882648005,6.644727450186849,6.603275405221552,6.886239994454797,6.667174874795023,6.7326838527562245,6.652672193998399,8.093943568436202,10.709440564764805,10.278903453342195,8.40812390407632,7.238505037422556,8.369039698395738,8.044132446404717,9.867580425202163,11.528706672314115,7.255586338763464,7.003825568475236,7.240850747690445,7.973675545037111,13.011958640358271,10.8675413253697,6.921283429778839,6.8120687821475485,7.338177763377757,8.133350760591497,7.227272389422126,7.212102595719273,6.8404794039867625,7.009183342602341,6.939454560019499,7.33901014991261,6.952905123795063,6.970836485901884,7.015265774315367,7.219515332300091,17.68054182686035,7.837753017490513,7.181680693117414,7.371519796245934,6.868498295924553,7.212386491875463,11.233654558062485,1.6378404525205497,1.528373755926566,1.8395114475849248,1.957922768752837,1.5348079419820235,0.0,1.9423143894960049,1.6051229473926585,2.060015650421292,1.596696146795466,1.4815783729524128,1.1891522770932852,1.4930972502199324,1.4869614563008329,1.4858348616256762,2.084826931470843,1.612807368171957,1.0873181022868152,13.98220907224487,9.77918540247191,10.107186184437012,9.284043297840752,11.746378704276026,9.7285846237927,10.75911073454779,11.333013002155326,11.070684592012128,29.90394443567561,25.04086965745023,10.020869714718742,9.586501223050504,10.173281221971251,10.615522188557804,9.475553596836278,10.528447597373088,11.501024333573298,10.061327351402896,9.10866705415117,9.341847130620408,9.502784003856789,9.670986224096168,9.607384767205131,9.934545816465231,9.62754697975322,9.609068178956363,8.964054567268022,8.881088483368558,8.790324858453914,9.212297631766774,9.111632495196773,8.910846003658378,9.488593448075903,9.537304920165866,9.175015442578117,8.871409462788392,11.03419023462652,10.236968223111036,8.066340992198832,13.45108669094941,9.308068152071542,9.002798659348173,11.896690930898046,10.6753217610069,8.362292215205912,10.88587848329746,8.698040159639788,8.714710988432842,10.657925467433472,9.331844787299984,8.083620048896933,10.365676321356148,9.108566078378658
326797_16_consensus.txt,9.461338379483834,10.139552086710124,10.430467810710129,9.597868703433107,10.446056587857017,11.062071734341089,9.85317755867436,11.36237804567986,11.672524055957863,11.208294118441472,10.93237505786874,11.394938392709092,10.227499116006072,10.844719682306618,10.856621763923954,9.738302863056331,10.01995709197638,11.408122230088791,5.823410608122231,5.273270901853266,5.923874506418656,5.050558826661984,5.393729108262505,5.8453705601966135,5.824085081187832,5.466615593759116,6.282785106287804,5.1637369023625865,5.139134601061755,5.42407500356444,5.3387150111622645,5.125415676047055,5.2970287066031005,5.042961016999186,5.409621162767166,5.501338370044266,9.140860273380724,9.321964998310136,9.432271172722096,9.923723542471407,9.32160669858962,9.562348502827604,9.188816695901778,9.448706816269862,9.472956435031731,9.976350521458528,9.482315671567337,9.625405936609296,8.995643408488434,9.448323731103072,9.799377363089777,9.681137092170047,9.182108924607974,9.341251713661734,6.427092036337967,6.43226472327126,6.526583610750436,6.645288578079885,6.555491993907594,6.488691917940173,6.414915682668607,6.447951564747257,6.557822573168096,6.627610097579236,6.559013376080486,6.41024863806399,6.478102891986509,6.417564577159055,6.611944714436447,6.587631229593853,6.594977986163201,6.476341759462002,7.627396111755161,10.13317239614844,9.851451738980812,8.061199664921048,6.82817908977546,7.851164729117556,7.527696722051132,9.345209816460963,11.063048342947807,6.854321651904456,6.614368548283778,6.81805223321777,7.506950804898679,12.408341719445616,10.238262224216385,6.54524920239146,6.476882317995319,6.891227273205857,7.737747795944756,6.948663152510562,6.886999915106571,6.66867618903558,6.85978054309885,6.748095365955578,7.019557700426503,6.744033548792629,6.701452622084673,6.822982700830437,7.00748263225239,17.49813339277864,7.491490597527047,6.998487669977294,7.135303387303168,6.657506133657876,6.966592941473266,10.815896830463371,1.4994375946818082,1.8715893537571449,2.098024629688496,2.0565696455775537,1.9003181043929656,1.9423143894960049,0.0,1.9247334367769893,2.319596599207273,1.872782862767224,2.0948612339198007,2.2116589256417,1.4632063370154356,1.991144073344344,1.963312770021048,2.1595577164753195,1.989470942886044,1.9037071039653028,13.912202112653574,9.697890423294268,9.959495328217486,9.20298638552532,11.6386984959762,9.622503236264436,10.659702984352862,11.264546658342397,10.96773632817144,29.8505440433114,24.829064561438088,9.99675789240638,9.497523667908297,10.092581410306138,10.49315424405802,9.439412574892913,10.459443831232306,11.40758459138624,10.090259387737092,9.172174144598046,9.339448424468458,9.685383846872924,9.811854394429249,9.70439549425555,9.961025127262758,9.718223149508503,9.654227409794771,9.115649632809266,8.979162307778836,8.820113483624937,9.195482870332569,9.1620665669667,8.857593866443437,9.674016148042938,9.676087967391991,9.217677525072418,8.690419365845571,10.836868026484863,10.140025886435922,7.976285710392915,13.273714778045246,9.109078273117175,8.82481373232713,11.813745350895488,10.457283373933876,8.296496226127317,10.68630942506178,8.512790237391357,8.461764665060286,10.287464589348588,9.196069888547129,8.008447026299848,10.230868101748229,8.963549846795217
326797_17_consensus.txt,9.747488249365516,10.430887349149884,10.798702725582416,9.860857562922147,10.772711400186552,11.399955437456242,10.021231956406552,11.683637505646288,11.941744373412348,11.463301916992862,11.176796526440684,11.66955933728758,10.424608199739396,11.095029944171928,11.134170645261634,10.073388926061398,10.340253131173654,11.633445535084263,6.216340705960931,5.637648289147762,6.318296295036191,5.266998117898879,5.733763328463283,6.260312349266883,6.23651193993436,5.786099613949034,6.675434424192417,5.299085953640315,5.420911197574412,5.749479090895818,5.708650786312717,5.402384189407485,5.637712788457634,5.243574698243208,5.750352691925684,5.867505317762095,9.26134738925225,9.455454842516474,9.569671069449951,9.979403447188986,9.396201467582898,9.646382433349912,9.338029433218765,9.585086209634085,9.58200997357136,10.031008719210377,9.559476969009438,9.719637238705388,9.110225152930752,9.557329645314384,9.885594190077144,9.744857219075186,9.292346293651576,9.45225979711978,6.393875605262394,6.39552055349634,6.511244795769244,6.522898819018053,6.471082732136665,6.418344823576717,6.393136523637224,6.414759218528729,6.543291932823593,6.523795319333487,6.459885391978503,6.340330353899276,6.465396769265567,6.380700241839975,6.588516435978136,6.473758919953752,6.511706174591495,6.412404566335056,7.984576854100908,10.552911199701612,10.21190469899102,8.32753705867708,7.130674947709622,8.228718140709816,7.961871896285857,9.697422762157204,11.251657667031791,7.241394612141107,6.879229799748032,7.155665960904798,7.846048882148011,12.715776850155637,10.64730386574206,6.85418189824162,6.78026672655426,7.299596925072308,7.995098752525166,7.143771369236902,7.158980064050184,6.822906598970235,6.991732353319378,6.890297883774338,7.247424925354494,6.907812167096267,6.89453259067642,6.990835271096159,7.208452492405513,17.71735711365244,7.810033742359792,7.177358256014259,7.361542639094637,6.824642911019623,7.135907087555097,11.069189770112873,1.7133872376929276,1.1394969658787204,1.9442816297494687,1.968264980072604,1.6136574985955576,1.6051229473926585,1.9247334367769893,0.0,2.099390471399033,1.6440528812682942,1.6399467044618063,1.6756351377218834,1.5662115900315143,1.1363784886500523,1.6121064050695963,2.0546032746232754,1.6447837632146047,1.6196303166850612,13.732771579596715,9.72097173293605,9.846825760274156,9.136359279690168,11.459879510060604,9.507117727020956,10.476254193671709,11.082795112239012,10.86166944687892,29.9485318335174,24.59004953295204,9.90378864065258,9.486896777318634,10.08978972899024,10.45924086545824,9.432040234263866,10.507005464995586,11.382525119960974,10.242480821998411,9.294797390244184,9.467322415529168,9.696021221853698,9.892417087995852,9.788234488516196,10.138911895215584,9.781008892151135,9.757638876318708,9.144887718340613,9.085974600953762,8.974018641949101,9.431617652476064,9.32795531391315,9.08195499324529,9.684023166769578,9.737487736736057,9.32229623288208,8.979544775151794,11.08035802872007,10.266614955255877,8.18127742333462,13.52016411739976,9.341452617613072,9.017678393300171,11.913910114467058,10.681905595021874,8.376257235689025,10.89516371437469,8.749728112404966,8.739376752611577,10.582654272576631,9.415704972607443,8.091420914505989,10.367634170670216,9.142328599214352
326797_18_consensus.txt,9.574112116294144,10.28824070091099,10.644694667056797,9.735430912922991,10.71472210710175,11.253955316315968,9.889743472110013,11.454423237226363,11.770447827385738,11.286558896014869,11.081095561643394,11.616581658833354,10.305183878984735,10.961985803192247,11.008004981869815,9.928363864244886,10.18259730174458,11.499567237486076,6.196100294996143,5.623921447755151,6.2621583311611175,5.275415923969547,5.731749142087324,6.231996872027196,6.191504143806355,5.791297571823236,6.592632235601911,5.297684173173138,5.3884998420529655,5.730482946346854,5.679005369543404,5.38290844846847,5.557997154815041,5.224091509867662,5.731000837688953,5.83245769898798,9.146453585656218,9.356448826409178,9.46932031654137,9.854216088787323,9.287023035119889,9.496919697814064,9.253375804123152,9.506368754697291,9.467234420940317,9.896726817308092,9.410002528050086,9.572882702632056,8.981223057308398,9.437980553531132,9.748721927669408,9.606951421834763,9.14902806370685,9.29577849505938,6.497154569565737,6.507507491570436,6.646067984314243,6.636963290646463,6.607420520007736,6.536884268547681,6.484705416642896,6.512836685155037,6.685457145738326,6.632201681183062,6.59555194125619,6.461300441503681,6.574186295870675,6.48950681740871,6.75392129529439,6.605702902248481,6.644677349937695,6.530528202138271,7.975015244779229,10.54807757022644,10.07044384119257,8.439761917896874,7.095401503932976,8.214238094081736,7.928695579303735,9.781322955530356,11.36227215611325,7.23581055221905,6.918002935813206,7.188567019711286,7.878188734484752,12.734205829227676,10.62901032161301,6.906845054220867,6.812127041642611,7.262395051049566,7.874604369983615,7.0637080365392535,7.066796963774948,6.720929818692412,6.87124988868004,6.802678877143308,7.098979672344001,6.804804074377103,6.784122674274272,6.880162279489923,7.1069079867469895,17.54011778326361,7.679410647541886,7.0509483450850325,7.237732112856804,6.72469990530135,7.075850413327089,10.844564852319536,2.0580308285803994,2.0655506984595604,1.916907207982092,2.5068734739442107,1.98884886696726,2.060015650421292,2.319596599207273,2.099390471399033,0.0,2.073189011941168,2.0354176763965484,2.124549796651081,1.9499432708815327,2.049421472271206,1.5905418817864074,2.5360165397308947,2.095655501997385,1.999841095446243,13.848105133919717,9.73490149242764,9.98993520172678,9.176767517800045,11.560061784427148,9.612412954140725,10.602809596309951,11.239495256302575,10.90413597734431,29.85652291017089,24.74364173577408,9.965825290295127,9.545594826760237,10.109726253516442,10.44037391423342,9.464523913197697,10.508855899800947,11.512342219460264,9.995040095791978,9.102117537699767,9.227632532206371,9.481334391385928,9.64358834427253,9.545702718952612,9.861428646037098,9.581529087815056,9.525892537297864,8.941295361915081,8.841103307522928,8.742310478815057,9.196845127469883,9.087229883020145,8.869903876948683,9.472035147475085,9.501527328263135,9.084182969949891,8.896802023146051,11.104632139678245,10.3389928335381,8.13921529565971,13.51413811845532,9.331146465232564,9.015269048655457,11.954002126534988,10.665233389860871,8.386383004678237,10.913066623764848,8.72056508238802,8.740270911407038,10.622439458285385,9.421974270782016,8.111099380261635,10.510684145896503,9.146287196470723
326797_1_consensus.txt,9.261338828385988,10.060586052517069,10.422289017438857,9.48235153979664,10.486457246899365,10.951564653845082,9.573249050007403,11.251111693649705,11.61239059130179,11.00676027226757,10.928883221016465,11.262543447968367,10.062930007644638,10.648780151252026,10.835585930816762,9.61704079217617,9.929093717134547,11.251099495798428,6.25606175515918,5.694755102027102,6.345253667811562,5.406165213861698,5.825190453632956,6.304527626056881,6.290091840742775,5.985211359860955,6.703530731664557,5.348199376881496,5.4777888747599945,5.79061396064202,5.709947134635797,5.499486477093114,5.631102636305457,5.3637898929980565,5.841626193059767,5.877603332181593,9.38968053215683,9.553045143898204,9.651977857079032,10.039551983753768,9.52139957912732,9.69842493620422,9.476032384399218,9.682988671570628,9.695282502761527,10.045629197687449,9.607173636197617,9.721085349937937,9.18569238273176,9.600358787835203,9.899657159170031,9.80258564616372,9.376710967457656,9.48855172300324,6.341820020892953,6.39099109352685,6.660710142148616,6.521309979817033,6.5609895098371,6.518373075509885,6.326245601456549,6.415289348772319,6.691264660167178,6.542248872378707,6.566724132579395,6.443408401772558,6.417490369320092,6.402164904337496,6.753362465408713,6.497999019696522,6.603097589283266,6.508309994984643,7.884623594740503,10.496617970603722,10.003409162508945,8.238085464002097,6.977319607676463,8.22004141952084,7.8336622295801135,9.782882563584224,11.38649702105846,6.99949869437404,6.867306051108699,7.027707899426218,7.836658374376498,12.896417860329052,10.650516398598938,6.704368364643983,6.639403721886936,7.08074431691324,7.79598309451984,6.905856018321231,6.883376368864447,6.452634066270662,6.616872304469325,6.533380601444094,6.976671348199147,6.619711617554685,6.59696438824318,6.562735069137375,6.782257669403066,17.234229110260458,7.347149161943207,6.721319922166742,6.891332524434347,6.490831602045034,6.858966686553572,10.824300609973193,1.6293282211625524,1.4570802242088234,1.855456272655147,1.6447214314862322,1.633301202700011,1.596696146795466,1.872782862767224,1.6440528812682942,2.073189011941168,0.0,1.3979662251365426,1.483272223897643,1.3861312870105849,1.368529431539173,1.5136493546168597,1.6603640873357222,1.6478045555253402,1.5933800368358106,13.61831225864762,9.31849158123714,9.684794951200672,8.798368143440314,11.36820410724249,9.31096224330082,10.42341818337269,10.98134975161571,10.623513532439349,29.60149034553183,24.662375104526973,9.58548372839914,9.1369688392964,9.67538395671238,10.142362337549455,8.9750910386785,10.05623874637763,11.050975388528856,9.853317208093188,8.944402696074803,9.126358604674408,9.338831549147812,9.494247928693426,9.450624944496552,9.74185508658195,9.440419196371693,9.39333013303724,8.810759841626862,8.71699474115485,8.608626239311889,9.040316738328784,8.884140609496399,8.686851999874648,9.311662364821814,9.360515642969858,8.991570267052055,8.515794618303289,10.752655363655151,9.874952108711229,7.779256989298517,13.082324904337668,9.015485047846935,8.70693512079714,11.608394598365235,10.243046412205672,8.111361691909849,10.533126644960362,8.451717969861534,8.38162763893024,10.241298054925608,9.012643587550542,7.87851675508,10.011327070120956,8.862566478963913
326797_2_consensus.txt,10.17504423488532,10.98932043904557,11.46422067277797,10.430053619642308,11.55538835795545,12.053483993729856,10.474478049014238,12.208990364902093,12.65234130553813,11.963375420918284,11.978921163836276,12.249506954215576,11.018014839619129,11.624382138577516,11.940148838245364,10.560302709170514,10.921758653184838,12.271976481758657,7.155115634604385,6.555566311319922,7.263043373419407,6.119306493246427,6.685560512099414,7.206733543811367,7.171248860236119,6.8688029289783685,7.666921332029119,5.983676372656987,6.28860653997134,6.659257981554902,6.605643704394993,6.320680815117157,6.491732433527375,6.074843426484108,6.701648795100027,6.741772986229762,10.083106266430375,10.270091458928109,10.361827948645043,10.592251271323107,10.15397362772319,10.326050446840496,10.211148984986778,10.444025453828488,10.383065345155444,10.589746801188484,10.194231084742228,10.328077932164774,9.853581563224964,10.269330335802238,10.525090986089822,10.370219289702447,10.00932724290044,10.123700954738126,7.174115589908297,7.192997052184467,7.510693137864791,7.201163247994373,7.293909816750954,7.296818336879824,7.142522153908203,7.223959655245949,7.565289869565163,7.216262297291053,7.30384745365069,7.215820549585146,7.267680508819524,7.208892584421449,7.648264846571749,7.17052975377436,7.343204696326097,7.271718491612773,8.888124158364576,11.63125905842162,11.044329840869068,9.148440443208926,7.90598622099742,9.28057428859762,8.87499547003631,10.805016520223148,12.462418759587194,7.90359261243259,7.782832190448062,8.00412157664556,8.835259007237084,13.998237041318587,11.794742705048805,7.661955855011456,7.538542004703004,8.093285389621542,8.810789537315713,7.774230877687444,7.819525549071784,7.252930029628601,7.3898647977443375,7.362502287467009,7.855359369821997,7.427321243316271,7.45941518226374,7.425446670272151,7.689789284790436,18.30882325139004,8.401801005326831,7.598833132485538,7.855823320426396,7.303194275254953,7.716691845486139,11.873173904434964,1.6540500291192188,1.3790413212604449,1.8443243755288563,2.1935636904340186,1.157708888535126,1.4815783729524128,2.0948612339198007,1.6399467044618063,2.0354176763965484,1.3979662251365426,0.0,1.0749996427190354,1.3422876975315603,1.193059824548925,1.3282013891793554,2.230615320038396,1.201641441686263,1.4490382174315073,14.409446271405102,10.14559017040466,10.556224157739052,9.61772209006375,12.143045214852975,10.179079533696438,11.217730787348614,11.787050493842116,11.48209270856836,30.21052881758488,25.483141663248546,10.363152618594938,9.90853927668769,10.49622503584527,10.991124524009535,9.781426557640655,10.857550982805378,11.856238253179072,10.682132949467018,9.725302344351064,9.906478275255836,9.953692562184813,10.169688303441433,10.208506235078232,10.56277228315264,10.198736287551242,10.181612892286466,9.423487370212854,9.376998661104096,9.363679025863178,9.856545320294458,9.669129054670009,9.502616452570408,9.933731018148308,10.041393517213235,9.71837737676924,9.177874687051087,11.474304274783094,10.588955073476882,8.270775401927665,13.971752304007625,9.589041201793291,9.376355483156203,12.320235660807668,11.041336997331255,8.571304272045893,11.343395238317214,9.107607839999105,9.141571421079789,11.10246940764273,9.73772148986302,8.371480882496996,10.767264555906364,9.456287484783331
326797_3_consensus.txt,10.357456237019733,11.164363703931144,11.658190852828852,10.586123880469644,11.662573609989863,12.233533109308835,10.68100527440913,12.394228329490772,12.793261191392617,12.149242568015495,12.077212424002257,12.41714174736262,11.186043294023762,11.847387159341167,12.097052904740735,10.757116820112287,11.111640138712175,12.445271455630518,7.309617160637572,6.684119000281044,7.387918696124643,6.225276666669174,6.800227700780283,7.312542611198125,7.32527261214517,6.939612371882106,7.778014441731841,6.100805404653272,6.389366127364951,6.753954349941409,6.722284992382356,6.412230765700656,6.609831626402581,6.177098889641002,6.808185243641788,6.891902284771504,10.259339920466346,10.433100526827388,10.53668574971914,10.819964366442662,10.34298333443934,10.514277926991896,10.384033526402504,10.596595765925656,10.547793082330884,10.815738914192591,10.406357035210988,10.528755665257563,10.03587314113372,10.454170389784965,10.729190531983932,10.584558768635588,10.19964198671596,10.309688048091571,7.264613981510934,7.286793618316494,7.583993003442799,7.332532061668246,7.398207151607096,7.389817023357068,7.251532879135425,7.318374991813982,7.638958225876706,7.347683712765615,7.400451601265331,7.322354777176372,7.353079894987673,7.308551058274475,7.709045801211573,7.308356647347523,7.446957334522438,7.3722099262790834,8.980154674421783,11.6998127388199,11.144032982959176,9.28086546030761,8.045395079929847,9.344668519247024,8.962905366489451,10.87203890358552,12.417439365093458,8.085233410053945,7.9140357319337795,8.141775218058058,8.96892403400227,14.01279021482003,11.798648586847436,7.790683410143913,7.675330470707422,8.234242281591548,8.975791047081884,7.994249049719713,7.991042854271086,7.453635494507296,7.619916825345513,7.565509963756881,8.06263966965156,7.642300821790855,7.653175479924414,7.615912534749668,7.892002460013657,18.442870923988263,8.577119907275119,7.800709737844045,8.03484289843675,7.505724794120681,7.917013315496433,12.040728164902248,1.7218671525649256,1.5399126400850491,1.9753970255863464,2.3123756722917506,1.6410146745466818,1.1891522770932852,2.2116589256417,1.6756351377218834,2.124549796651081,1.483272223897643,1.0749996427190354,0.0,1.375337104644359,1.2120236494529308,1.3876572897667074,2.3675698277401693,1.6849414800772138,1.1599402068974882,14.567007177612822,10.436017671859249,10.754998384968872,9.85205827297392,12.345139382987895,10.379597496454778,11.40778230367846,11.981126743117784,11.643772439221834,30.36802974106149,25.63126146771674,10.631431195391883,10.211046861598504,10.785397000156252,11.198750952943328,10.04633677854946,11.174713958179552,12.164431283837589,10.815017818260912,9.867494828384054,10.051505762104,10.124354581637364,10.333244275479046,10.35274268178705,10.72472853536999,10.353344977070549,10.337122923701031,9.596500048756807,9.56045980404457,9.546910552895495,10.028825860735084,9.837857793458795,9.66534919310692,10.111339875632892,10.206722941412806,9.897209142149734,9.38103250551859,11.610155586205735,10.71785377773557,8.501098454830412,14.103755283084354,9.792084422525932,9.562505327963663,12.443004744546556,11.204193333845694,8.757734684351249,11.503288548521766,9.287091368118013,9.311354830406287,11.230804959361537,9.879229445019178,8.561030711497153,10.957711801950154,9.655055792143116
326797_4_consensus.txt,9.55414618219595,10.37662740335071,10.770993777145575,9.825421682330273,10.80446576874408,11.350154784883957,9.924600387540067,11.562767399047118,11.943604709055537,11.356757706549104,11.285801327280636,11.604945306245613,10.41637027119367,11.03486344428137,11.22708137100085,9.947449511567925,10.26782836894256,11.59044843353638,6.335054169480031,5.7688119736709496,6.443940387667908,5.41049671729786,5.893076790983287,6.383161771012055,6.357999048371482,6.036446833394905,6.84013150657978,5.376566178014457,5.537228702393861,5.863930213935987,5.806786345702335,5.545195659270178,5.721884055351097,5.385559601765124,5.897158427860404,5.959340469283177,9.525881925405542,9.71035902519634,9.793661959412702,10.148570934960958,9.634354944191555,9.833065444285069,9.612300887781087,9.854527989715336,9.826455250284994,10.161943745319777,9.727634765180367,9.855406178357155,9.32310279459449,9.751426038276064,10.045690477740209,9.915924819792169,9.497108362677409,9.61023622393759,6.514204717403402,6.532127831922423,6.768686162726397,6.627872486020749,6.653082449874205,6.641419081059098,6.496758451156552,6.563604558385919,6.819081251541093,6.639408783676686,6.656664204992751,6.5507846789076325,6.592667900032552,6.5471268795959645,6.88018302444749,6.5881056194108965,6.699134768927308,6.61174249840218,8.106296341423786,10.763757373866042,10.255165766843843,8.363002029539302,7.191684853953348,8.413251319276185,8.019395352275524,9.917181066672867,11.6058066190011,7.182128788914042,7.017637949655523,7.21674259077821,7.990573771676793,13.061182811614458,10.8417836167107,6.876446902956559,6.784987472091757,7.289017569667351,8.016090856799337,7.016112500713916,7.026110659178926,6.608283407087413,6.770119626363623,6.707482843997241,7.109055356137333,6.747212119932271,6.74853850423608,6.764832094900612,6.987233676097276,17.557981741913522,7.606400359100064,6.942960986710887,7.124764836092538,6.622877795865122,6.985457969929541,11.04894751346069,1.147759837174135,1.3959084681991385,1.7977440570205658,1.9778565088138864,1.565198988925033,1.4930972502199324,1.4632063370154356,1.5662115900315143,1.9499432708815327,1.3861312870105849,1.3422876975315603,1.375337104644359,0.0,1.3016117543643304,1.375083775996302,2.0662139890650906,1.5935094581971612,1.4933216362412622,13.961118531723798,9.652990249188916,10.039408928439684,9.134770351952795,11.717743878500016,9.63047173741171,10.716157189484989,11.30063353761716,10.986305722221118,29.68953633958563,25.02975169380312,9.948086990522768,9.460510758149953,10.025139867167752,10.494125090770297,9.33323583207573,10.41380740004928,11.418070100172429,10.110921122844388,9.159865399997273,9.342625467463677,9.501360165974576,9.694691728605504,9.664959154939424,10.019794636811298,9.680876205601407,9.641957244311584,8.939173308587442,8.86097995746519,8.784088930890618,9.271818747549103,9.097085090313158,8.876303275917735,9.483879999887904,9.559738712918543,9.181201937239564,8.673514564131949,10.900044004579511,10.066501255073147,7.826741893873248,13.403122882093156,9.106463942768528,8.845233707541581,11.737465843186442,10.491399327802526,8.155203187154086,10.744175015029043,8.563967377759298,8.528236574564062,10.455503199487168,9.218400124759684,7.909455674014055,10.258078565416724,8.965986891748514
326797_5_consensus.txt,9.8212818472893,10.704553513138537,11.141516121483503,10.051753107862964,11.166337130241686,11.70720239270429,10.160450974946457,11.920876175352362,12.304029040955356,11.663712795927154,11.602408662092898,11.882199787660056,10.678608245176065,11.28904423680791,11.614852147689817,10.230049498064773,10.58035040476068,11.899729358734191,6.796368405756766,6.144626201132212,6.877858301230731,5.674585261566335,6.2737714991599205,6.817019169526134,6.7759489207708725,6.452386023465294,7.302958450697815,5.531278510623395,5.872447329845727,6.22750675024804,6.196048502210147,5.895292523374735,6.120096049745939,5.630516425543135,6.269438293287124,6.354437428081894,9.79936913062454,9.966687423656252,10.05286517571068,10.341784526626157,9.8537888188456,10.041085183293148,9.902132372135044,10.11602057580302,10.079178747791277,10.339752734333729,9.93377532278953,10.055876551182337,9.569740280491658,9.972518125394233,10.262735194423271,10.111508855650698,9.728796246281206,9.827531781121763,6.661989392399789,6.674894866353782,6.96815143612281,6.668715898439018,6.753790917129322,6.771491013903187,6.639395265452095,6.70523266403103,7.016500832243878,6.69583794573299,6.746893494434914,6.687366863097282,6.755845509310007,6.696433728789543,7.097044506604732,6.651057161406698,6.793103731716826,6.743486133296585,8.458903275739544,11.132182657540056,10.633512239265087,8.63390447207081,7.467889008890836,8.822967491522093,8.462839969391325,10.299368056613218,11.904057034484085,7.501684053233191,7.304883535061322,7.552422042406818,8.35346110588199,13.560815702282298,11.36047996532278,7.1774072357649175,7.060050858758359,7.633884118861033,8.442083740464739,7.360759220355419,7.406059053358831,6.8289902013518144,6.974911923671641,6.929243470969936,7.477025163122562,7.023906415910801,7.048729640434146,7.017876504575838,7.283906231866183,17.835076329214303,7.999731704315479,7.1923455835412256,7.468383449114867,6.882550114238541,7.261984666772435,11.50228570874856,1.5853782975511308,0.974191095669198,1.8162380125806408,2.06591691625232,1.496035283668391,1.4869614563008329,1.991144073344344,1.1363784886500523,2.049421472271206,1.368529431539173,1.193059824548925,1.2120236494529308,1.3016117543643304,0.0,1.3325556425322702,2.14210240216238,1.5523306431412038,1.486937235462733,13.949842846581134,9.676421396520707,10.089338500817234,9.142793209818308,11.674557501366564,9.698974536272374,10.71556661062209,11.269586609318251,11.022457119356602,29.76039640059105,25.04570911119652,9.908079046656551,9.463599098207167,10.053864760632734,10.575922666866347,9.33070211291738,10.431595684554395,11.41735450232744,10.331317948561434,9.343433541089098,9.544288694102306,9.5569584840473,9.784374667591408,9.84605127411544,10.261450028442596,9.840107411765873,9.836246794984676,9.0211702000949,8.990197538291739,9.002098258696094,9.537446770722283,9.284719023320749,9.148408149889974,9.53860965912861,9.649468072853608,9.36236315419984,8.820074701502335,11.101854495103908,10.1101296482762,7.873240395885773,13.522132557093414,9.253583403801429,8.971306596431646,11.87521110156149,10.676653179918333,8.13818559692794,10.944568812947296,8.685456058795353,8.694438574576225,10.699998082446086,9.328846746791667,7.916096323477973,10.34917776037372,9.02754751645125
326797_6_consensus.txt,9.509618225379768,10.319182225509508,10.746459610474744,9.731917879298862,10.763130417576347,11.304688454094617,9.848108791379332,11.519119804206127,11.925521452286944,11.3024978514203,11.213379376608088,11.508233531997462,10.318812162270149,10.953169399932564,11.160007426800972,9.861053679273994,10.236388447391503,11.520955025631793,6.463752756730798,5.857786493117828,6.539343855433003,5.500934198791924,6.008574448996114,6.509783084633284,6.480820958936988,6.15246572591758,6.964185489723832,5.431426272676163,5.6282677737838185,5.984190020019923,5.918209316445768,5.681010309089174,5.847600422056985,5.4608171933539325,6.000962775699065,6.058852128997955,9.575924562740283,9.75576936692886,9.8492326353836,10.174914331309935,9.678513910751008,9.874789623615015,9.66390926858412,9.909148359043796,9.867377228023996,10.191732227671936,9.767417736152538,9.893786704278511,9.372317880839717,9.796736372959003,10.080581775670908,9.947928728510531,9.539143950689208,9.65175718533385,6.623674643547361,6.643238637771617,6.902606623554675,6.709465737025994,6.753233818713227,6.738772108655894,6.601650396019124,6.671700361742751,6.949776673047495,6.725545610257143,6.760152562805217,6.659909374266988,6.71895876906234,6.665195872927029,7.030018328799713,6.680396243196583,6.810732895741637,6.719902036144845,8.178931413208772,10.877099933512852,10.379768720045718,8.488402622978583,7.275414437523523,8.557725936952863,8.176815757582574,10.093630558055564,11.701464570174949,7.307385360248077,7.135800924845228,7.355224329790417,8.112592930111873,13.217618740017826,11.035850733318057,7.037824380699533,6.910267305821378,7.403649606517774,8.091612862822672,7.08495983856028,7.140698026881523,6.6544480165993605,6.8053554928116,6.766364135535753,7.189636064961633,6.805194340043386,6.818171732552685,6.813042398508969,7.049777386427365,17.629402757394814,7.692397646320728,6.984073642038652,7.215822744792263,6.701061075202233,7.066236901379284,11.145029386993883,1.5885015770019209,1.443098563512649,1.4638815287177636,2.11912070657138,1.5039800746773722,1.4858348616256762,1.963312770021048,1.6121064050695963,1.5905418817864074,1.5136493546168597,1.3282013891793554,1.3876572897667074,1.375083775996302,1.3325556425322702,0.0,2.1671391390564168,1.6256283031192424,1.4872374224005398,13.839282878681727,9.5583043241935,9.989180695934692,9.106402515760864,11.569427499954372,9.602242444734998,10.642448319968594,11.20509135257197,10.934216778729931,29.753690549726684,25.00728141658658,9.832128413311864,9.37530739878258,9.930582243298543,10.489041872871669,9.272002755334029,10.326604757722748,11.334481691228802,10.103957960345724,9.168590891102896,9.355968886571418,9.4588000487434,9.662161329100286,9.643816633591086,9.994529468884934,9.655883450696706,9.638800073046356,8.928420204864778,8.854922843269435,8.800747601942135,9.264453919776315,9.104164820810864,8.923493216882036,9.448115323336026,9.52618984936646,9.17984071303158,8.729486925510628,10.977861025120546,10.110605383205211,7.862260594934924,13.450661458902914,9.139960397027494,8.922351716311368,11.862849155093896,10.580814887223482,8.19101062353701,10.867100003851531,8.608209914804718,8.597729835535006,10.6238942710757,9.272068531417515,7.950057924310158,10.315561050645954,9.000440278931308
326797_7_consensus.txt,9.619144660966072,10.387347617285002,10.683338955191177,9.83592030346415,10.71086750623084,11.25720330533511,9.947986662520805,11.552984626393368,11.842045239488016,11.343277288609729,11.16049591946421,11.56283604089856,10.376429389000576,10.980065614076691,11.071099370459931,9.971534529978726,10.24345119590106,11.536267258957878,6.488699148031003,5.925121819809192,6.543714876640138,5.702383940699065,6.037411686645953,6.506628185034515,6.505056238069415,6.176863283007947,6.867251639403321,5.736219315851827,5.753084565443487,6.075983001134432,5.970941286664754,5.78706986791417,5.8909983922415,5.676608391458501,6.087077499577504,6.1149594521307336,9.70568556760054,9.890513197621658,9.99842828230146,10.442706014485736,9.88913635310206,10.093420879437415,9.78922607179868,10.012370806303352,10.037783677320531,10.478765447830312,10.011515755524728,10.137115851655608,9.557059417062192,9.97489975131225,10.305332074407602,10.196196460961858,9.747405485130344,9.884769953023692,6.6992527268937465,6.733520172998851,6.890223056756611,6.914577833246085,6.88506494763493,6.81733349163386,6.682219417082706,6.739548297354361,6.924396736952588,6.927480548505741,6.890441444517137,6.752721296450773,6.763338572775922,6.734763621792752,6.993110991568187,6.88174672151041,6.935623476775049,6.814785410457716,8.073035709345902,10.68124290893178,10.218302113703771,8.529238120372042,7.253564290434554,8.386894416115524,8.048497942249412,9.904338715441384,11.537611822090298,7.289970090798249,7.102379551200272,7.263270312945735,8.007990252445609,12.981727794105607,10.75785070921006,6.999662867547954,6.926261031521449,7.341317127576588,8.040551128071968,7.212862064099852,7.18693639318019,6.865404161125298,7.049222537293758,6.953892083431299,7.302369818408636,6.999741783681998,6.959379276954905,7.001220496502356,7.188499064524137,17.5521622715803,7.69882939125705,7.164144741101097,7.2992813204940035,6.89678153050636,7.222791425092396,11.04073417714335,2.096334117830452,2.0268824994954,2.2093718896766177,1.826289272345548,1.9801160217724032,2.084826931470843,2.1595577164753195,2.0546032746232754,2.5360165397308947,1.6603640873357222,2.230615320038396,2.3675698277401693,2.0662139890650906,2.14210240216238,2.1671391390564168,0.0,2.030905347911016,2.049813916582366,13.99196113337848,9.826385909867213,10.152478793567354,9.325244389165846,11.84708104149604,9.77596165345301,10.836944881629565,11.40769440171266,11.12499160015102,29.9715417736702,24.98647025311982,10.110646507298952,9.639880460744848,10.19935432137538,10.584555588556045,9.517483663790811,10.577930720042389,11.53513939553278,10.252192424024315,9.38809242736056,9.565759495798376,9.877502865044733,9.991803769938883,9.889656932671189,10.142352793809096,9.892576423564606,9.832996222365352,9.325501195761888,9.21854987663005,9.065967788729324,9.476364902232548,9.342194437010107,9.117747244474517,9.85627504684652,9.861294200851262,9.432415213078684,9.061907094383288,11.26979524029241,10.462186748069826,8.420738027824484,13.563085699717988,9.58273140554411,9.27287554128469,12.159866481639485,10.80270879538341,8.742699134269856,11.019204226815418,8.943608528396169,8.876563372536452,10.729278450196944,9.545596647738648,8.482407763381389,10.524265077348332,9.42267867577982
326797_8_consensus.txt,9.736136239729037,10.42753760258728,10.802931084400882,9.859401034484565,10.8217041275999,11.45223769038239,10.000411458379745,11.63683241115814,11.952221844484711,11.446601151368668,11.221130118794632,11.663174899979651,10.442185764377712,11.111371062863384,11.199202247245807,10.01350579244854,10.326088988617355,11.645241797399876,6.32104506027332,5.740823081250596,6.372472569165268,5.399667347500952,5.874572967127733,6.363490522986695,6.327111819975869,5.962224830814193,6.746050747029528,5.3961114558779855,5.54072078222049,5.86660628238667,5.785601767038656,5.534473632756317,5.690408146626453,5.372151449968726,5.907325862476228,5.981021894544256,9.197407820437547,9.38255828442675,9.506983468357532,9.869584853710876,9.331532472724009,9.55119104785058,9.304751097809516,9.53567778822662,9.52201014285214,9.9036344029671,9.437891691211064,9.593464681006653,9.032218290295871,9.463018231480248,9.767802347664484,9.628294823014189,9.197734231639515,9.33623199655267,6.516143812913754,6.53946166773585,6.700952474437031,6.655215410001233,6.639247602954413,6.588988551627153,6.4913361894555806,6.557326808017933,6.742170475975456,6.644595774129016,6.628348904345103,6.51502965218981,6.577760907503659,6.524132540740823,6.804408527781902,6.599609910608763,6.676351188194587,6.5762426030269125,8.0544591851517,10.709896997176545,10.216483343121697,8.411516928767867,7.182240910932137,8.360247221106306,8.050866235236242,9.841852683034633,11.484711447727308,7.261507911555498,6.986923417968001,7.242396136347622,7.965377147187496,12.79981765928028,10.787596258138478,6.927120769674559,6.830780004947087,7.380500164862497,8.200871527859931,7.376383897420851,7.3317681089973235,7.000001330811699,7.1474322554211085,7.068374232432575,7.444302429450943,7.088298928321592,7.073924970131827,7.1529842134502815,7.383741738901563,17.750107706753965,7.983227561242415,7.335120060024337,7.514546923417129,7.025065257559845,7.387953173037658,11.199049145825995,1.7494804841838911,1.5073956238401252,1.8883986773556671,1.9857572931438767,1.1783379522890982,1.612807368171957,1.989470942886044,1.6447837632146047,2.095655501997385,1.6478045555253402,1.201641441686263,1.6849414800772138,1.5935094581971612,1.5523306431412038,1.6256283031192424,2.030905347911016,0.0,1.6038635960040892,13.95914332495846,9.88351236166443,10.05894360166326,9.287355645483672,11.6850246889569,9.71671491480646,10.706417868015023,11.265436240845588,11.05359159288156,29.916860580655,24.87520139794168,10.0495756710676,9.651594200277884,10.236956873462589,10.576150917635402,9.53490216341902,10.598485512260368,11.592176518186136,10.052934238143507,9.14669578136079,9.315905306063373,9.529591203177176,9.710652365721216,9.62277281071681,9.919243973403752,9.59853909359083,9.594039863086437,8.984072550831684,8.927024496372269,8.811452973937492,9.247452025690391,9.1329684292337,8.933327721022408,9.501264481804924,9.55290188697768,9.161599077441906,9.004501331653273,11.124335718842984,10.412523541455528,8.235185130447292,13.596385030119052,9.433669157396594,9.071097496604692,11.959762476428295,10.772692309404649,8.47075069961403,10.991014880422595,8.856044977557133,8.807315749388351,10.72673488471753,9.47977269355988,8.224457758976314,10.461397300561714,9.266203901291137
326797_9_consensus.txt,9.40837108857238,10.178464112621043,10.589589077774349,9.589999656805958,10.540373893481105,11.158576371211607,9.755570738602673,11.412944961724236,11.77377530743098,11.22934389230852,10.986083776697797,11.410865495518236,10.177941926549464,10.80371070152637,11.000962129751258,9.739319160939884,10.148830065207392,11.412680322485356,6.185654685736893,5.5982118244915,6.256563140716935,5.256919041556557,5.717301836336333,6.21804258959412,6.185506201534338,5.8657773541192455,6.649269933232745,5.25225321679693,5.382997491093306,5.743793384078003,5.658233113152221,5.425466903405379,5.576060272694974,5.23898820277941,5.716655455950161,5.780040350243723,9.366351415477991,9.543930258178989,9.633026543078415,10.01553785748797,9.49255157701407,9.708308260515937,9.476468926936604,9.690767041985964,9.656216857943493,10.051093953519,9.599436681177622,9.73801094087156,9.188873226007786,9.602245599202092,9.915680732232374,9.773696286854827,9.349152484382216,9.48830278889318,6.46554935074937,6.467248853449405,6.666972967561776,6.568733380374908,6.564645323864738,6.53446686021357,6.4605062300447,6.486528850490629,6.694819368295498,6.575344446363658,6.565569103088194,6.459686660073771,6.542067681916308,6.472496224859469,6.776382913525026,6.543478209678938,6.603938993295401,6.5128264063119445,7.949999433957373,10.551245817785798,10.114056615775835,8.313262541269864,7.048572072292132,8.24423556127249,7.922847793626829,9.759378204556356,11.428538216469178,7.093158000310268,6.8555304373117565,7.113401431443606,7.875448461751489,12.86526023193943,10.699716339253996,6.787014663618777,6.6774637855553465,7.147682531184671,7.95651715641327,7.0289304232724135,7.016622076857288,6.647181466246707,6.807556281497,6.752762084934375,7.140782495784436,6.755010914726654,6.778868567137067,6.824993214998074,7.058278668843002,17.64689687139355,7.674084465088413,7.005270460651786,7.189639481688971,6.687078151253502,7.029059255086054,11.017261971889866,1.6126801629072816,1.5260765102364644,1.829570583930547,2.015394564965959,1.5195814892546196,1.0873181022868152,1.9037071039653028,1.6196303166850612,1.999841095446243,1.5933800368358106,1.4490382174315073,1.1599402068974882,1.4933216362412622,1.486937235462733,1.4872374224005398,2.049813916582366,1.6038635960040892,0.0,13.893720470333164,9.661871871521384,10.038660635854455,9.187974706835009,11.64189765926335,9.65790369614166,10.646743777060465,11.274164975499616,11.008095625780015,29.881048226643884,24.92521160283217,9.915089925938844,9.484219584941684,10.065650924265924,10.511063091963932,9.36831149520242,10.397830787026578,11.423769668786631,9.919405413134314,8.965554822617605,9.181892557319884,9.34498946706833,9.503321165947057,9.458040698219406,9.803190254443848,9.488419279415496,9.474844353307844,8.814049127298858,8.730406784283161,8.652132065132832,9.098088435765137,8.973526131390429,8.76413518462266,9.329965540239186,9.369545173732831,9.016160044327876,8.615476447535116,10.8607995308397,10.008803348350623,7.818782341894632,13.35814152503417,9.049590622235598,8.831372998236418,11.772753550424229,10.501638368644649,8.111313628431105,10.706238908258456,8.465778820125706,8.50900277320261,10.477228973382012,9.131485693329637,7.874340177960164,10.204082058658116,8.905952405767266
326907_10_consensus.txt,13.632678405394644,14.520322450792207,14.599166349361724,13.640628235196688,14.757588531235116,15.033326817004763,13.49642361188802,15.42489534915245,15.40025822802022,15.001775260686545,15.047011212618258,15.091687562141884,14.018353621644962,14.52864606629754,14.767633261152923,13.99233280168869,14.067230817820814,14.959251412511035,11.664610010454853,11.012357664516005,11.626855045529794,10.82810415780773,11.186700705934982,11.563441237844811,11.783116889843654,11.449781288094528,12.0796600156699,10.544733495182754,10.866422663446428,11.106536294449429,11.001179946930732,10.910118649489732,10.965118826576486,10.730370242919037,11.186446493696394,11.211287886378898,13.202850947558945,13.393987690871654,13.485466248351145,14.002666834499507,13.402210221090854,13.46515675426906,13.282294168886324,13.413985944816034,13.498950774660614,14.003427505699053,13.533418249700844,13.505582686577554,13.002948678981852,13.396802318154528,13.84301676266648,13.66580266150089,13.283837600498316,13.338411026339712,9.691016153577776,9.759200915889778,10.081170917558891,9.84545426750276,9.94758830727335,9.897160463003445,9.700281195130913,9.820901200955175,10.043120910001278,9.964425632350869,9.972174588229564,9.872946260703088,9.74579117723539,9.833859907541353,10.128206834112916,9.923525277945828,9.946380263884976,9.897112258990944,11.930832885708467,14.84236869365816,14.409958059610858,12.318914903177074,11.428807593967916,12.692416157044136,12.517683016721035,13.869892019345627,14.985331800440292,11.291627074889618,11.029566548692742,11.189432956419523,12.194147264497984,16.80251451824836,15.342051391918574,10.876475759212497,10.980493507861638,11.500875906850354,12.10680395482808,11.277434222817533,11.317442499931587,10.733056172090071,11.031174600122084,10.755303904199025,11.392661632817465,11.03520685953157,10.998753396320296,10.7571767792345,10.958211218454494,20.11288197906083,11.618580690742874,10.791773526348038,11.037414690792389,10.89214285545262,11.161507288550638,14.492678209110124,13.941845562013214,13.779021681748588,13.980806635094666,13.81282642588451,13.821173129364524,13.98220907224487,13.912202112653574,13.732771579596715,13.848105133919717,13.61831225864762,14.409446271405102,14.567007177612822,13.961118531723798,13.949842846581134,13.839282878681727,13.99196113337848,13.95914332495846,13.893720470333164,0.0,6.335125948758787,6.101709306818805,5.7878681434984856,7.072628518869692,6.518792696745891,6.0389406870117455,6.479521930677379,6.9402229606657215,26.65115597667966,19.94045888459505,6.571203402304491,6.082867095352185,6.583046017018546,6.820922319138788,6.1808922732518,6.856812143409911,7.346439852059461,13.583697988483834,12.917782271302826,13.06154236000208,13.187956050557602,13.406606014641625,13.339640521544196,13.59057232951153,13.135498864664214,13.281477754427158,12.818561818457397,12.855001219312328,12.795174284397376,13.2447620365582,12.804412365087728,12.816601241494707,13.17407625166362,13.227325303683529,13.037846694459065,12.80580378324197,14.649881048342536,13.605234317590885,12.40432682271114,16.57050840874882,13.340886178001256,12.83284207239393,15.094043701159537,14.13158063234266,12.564326783061972,14.022853826451636,12.691303249002717,12.365734255932864,14.347610357482496,13.115211590089077,12.313870499769394,13.534175959223036,12.994060431147318
326907_11_consensus.txt,9.005649602925189,10.155783188369924,10.306471566846994,9.220148913551498,10.496791836746809,10.720824367714329,9.07199294574758,11.225623825631828,11.336947839739196,10.64608936535086,11.039138599210505,10.822575822074612,9.653859043781496,10.084741518232192,10.657707101332903,9.4908147100424,9.679327705192406,10.648013799552302,7.845697021588364,7.118634796648223,7.743711651474939,6.97801942639768,7.3733048289259955,7.7580076137770675,7.9509449570318225,7.79408885715128,8.36400865469966,6.59174866884166,6.945130963724012,7.282314697639265,7.065920835268571,7.117763813033207,7.138781231199005,6.931737117010471,7.303471544136073,7.191129674052775,9.989323072787895,10.166893828847776,10.201917688421702,10.642646082794556,10.128929849633778,10.176884617759017,10.10501126464095,10.1938901596302,10.254183887269676,10.622364424329874,10.18202938177552,10.11407166864177,9.716561506065888,10.056448394208871,10.464280962401231,10.323742891089353,9.997374071322952,9.991087226278069,5.76843168762889,5.888443492336137,6.394614641009298,5.812477114777892,6.095821238806138,6.091170315907732,5.749255111145715,5.936570047146006,6.343688785884524,5.995779175753569,6.149622916156716,6.067453739951361,5.870698492260658,5.97366769867125,6.479038534708423,5.930931038914196,6.095037839826318,6.09816302259344,8.053274746376701,11.07500215333215,10.541416733738744,8.13907478329736,7.3658266786761715,8.916203832192537,8.615411611527122,10.193987699046772,11.6417617615096,7.009484219916317,7.024161749739847,7.107381545466694,8.167788230595079,13.645475755106418,11.65432342857332,6.752291959854745,6.759551327467477,7.224991696322434,7.933232159673423,6.644780068732473,6.856354824351456,6.061960525119559,6.340391371890121,6.104080532189528,6.903482598916128,6.441500945540042,6.462368472586547,6.091839119670851,6.260002382465814,16.439136727748178,6.957941207368663,6.070215662251599,6.360263089547061,6.263177791104056,6.575039558365859,10.509222225292092,9.6726243539361,9.501376619917435,9.674776540937671,9.682370084862669,9.70259273142733,9.77918540247191,9.697890423294268,9.72097173293605,9.73490149242764,9.31849158123714,10.14559017040466,10.436017671859249,9.652990249188916,9.676421396520707,9.5583043241935,9.826385909867213,9.88351236166443,9.661871871521384,6.335125948758787,0.0,2.0911042700428766,1.438210026820343,3.435232990851091,2.300959369023872,2.6229294042981337,2.4863340764486,2.995717191544429,24.28065364839972,18.339020107228635,2.1855209299295666,1.808957151526556,1.628823534700473,2.835443666871413,1.5585636041552675,2.306296120640866,2.883587127871749,9.404684971341908,8.64230895939977,8.895800888449742,8.87383966521611,9.025072676088882,9.10303080024039,9.429505128924404,8.938400925790802,9.049723748499956,8.47249549289404,8.4445529613306,8.448622414998226,8.994059951693771,8.41201324179923,8.484968036955934,8.83982580281787,8.893999234952616,8.770323482909077,8.328960404706436,10.476079709941018,9.074629645527123,7.7279054931686915,12.561144198549982,8.980897587359436,8.515397235333978,11.155926452800202,9.882403816290092,8.183956751868607,10.007334240974616,8.278270075840567,7.970707204738176,10.342358799740566,8.840823641301938,7.938804243666368,9.218827522793276,8.572496799335454
326907_12_consensus.txt,9.575462595634576,10.38397466688008,10.45170450931198,9.474188999486046,10.595382494893215,11.006788907569728,9.440220652093387,11.464991315536396,11.447362597567576,10.89481544588449,10.9895749610709,11.073755408210388,9.95264347307409,10.489744545831911,10.707127465419036,9.893485215925068,9.94451991674913,10.912202928422404,7.588254044207929,6.909838125814417,7.47551865434815,6.728936059029252,7.140710121542895,7.469654439207943,7.66429863037331,7.291019622133206,7.929511750242796,6.498059836512937,6.769479425229804,6.997560061084414,6.855848088193113,6.790150029076187,6.850525449247471,6.663088796904617,7.065059513142955,7.117634432132661,9.248859532254016,9.422634118649398,9.530294558511628,10.106375435166512,9.4743799646767,9.58982112471358,9.324820143145075,9.434687896995117,9.557645921025426,10.12957738426286,9.635422326017476,9.58965565731495,9.063976545087428,9.439552684206888,9.92029005994334,9.78275617390159,9.3840791752595,9.435064121690118,5.490148054750705,5.585296166627359,5.861277388511155,5.684424302595687,5.779431992069817,5.71078946627938,5.479349131368736,5.625621319395407,5.808141335357561,5.819590463506813,5.810778274295217,5.690642902453305,5.540461781938973,5.624807477455306,5.86952966327658,5.758956426665463,5.758808152340407,5.72182983143307,7.882500464568011,10.695015330623846,10.336022206281145,8.083861515129627,7.275644017535512,8.479469048127385,8.336695817631096,9.657857903003787,11.029690788079506,7.119659051067742,6.778282373745469,6.962247108297902,7.962146632039094,12.836217266606695,11.031334418227118,6.706711292710565,6.805222517092034,7.341530796099335,7.984165776784039,7.072180980333656,7.074865484460929,6.561737643274114,6.872926591189184,6.531132968851352,7.207103152772106,6.831871243723981,6.809968605955476,6.569518586517177,6.715526782935172,16.5257644789271,7.383390397664471,6.578986541921779,6.770219922914237,6.703631656874563,7.000811539594736,10.394855459013913,10.041861352665537,9.90134292165493,10.147970754418736,9.932250302118518,9.996225127401033,10.107186184437012,9.959495328217486,9.846825760274156,9.98993520172678,9.684794951200672,10.556224157739052,10.754998384968872,10.039408928439684,10.089338500817234,9.989180695934692,10.152478793567354,10.05894360166326,10.038660635854455,6.101709306818805,2.0911042700428766,0.0,1.796799954242772,3.279894996593839,2.353136633570841,2.5533489991872216,2.643210201583827,2.6927700588177004,24.80196081148165,17.667769169058147,2.652603239633436,2.4677700617488654,2.4444000704644395,2.740606804483264,2.199223753472154,2.993893723068993,3.440213021228601,9.528271076170483,8.844567106935528,9.03743347097327,9.2790696116748,9.4054054713219,9.292353680526958,9.507584033651312,9.057450543584023,9.209461195106996,8.864684325846042,8.883191215878014,8.734017354991408,9.185702654260185,8.792078035764689,8.764680125650955,9.237590719008836,9.256856533159862,8.9712425166598,8.828098553309587,10.642683583839244,9.502328202973333,8.475114362527904,12.72483980073605,9.421678487100849,8.785902540709799,11.282756848619217,10.07591099656463,8.614532187493978,10.154685391777718,8.600685304950503,8.332201278726018,10.326321797870436,9.156740971086036,8.353151877277014,9.454024054180252,9.011812266134598
326907_13_consensus.txt,8.806052372341469,9.83438634047451,10.040490093319534,8.953408714504576,10.217182537207693,10.471488010245537,8.77257154308461,10.901359692048516,11.020657532014354,10.387475691921908,10.699086909698735,10.577848585009916,9.447086681506336,9.927203172223985,10.422498197067512,9.248919995852248,9.450144808358004,10.397273202289457,7.128284392980447,6.417902518957931,7.033148607894702,6.116966470855971,6.643734630946653,7.045665789321276,7.253844268463013,6.932014713858507,7.589706334499397,5.725165799263891,6.199688593868871,6.489832238038559,6.336466169976234,6.237910093134474,6.326104634600711,6.049853053119648,6.590581672529993,6.58654224083358,8.948115711833509,9.14429455179959,9.214584522026996,9.674007301846244,9.101298939526371,9.172007532178782,9.066017604604838,9.17094914203301,9.256850252906474,9.65718437259278,9.176988182272057,9.130722925375778,8.695327516461475,9.06608996280238,9.5138194754619,9.362110674578105,8.983035931167365,8.9932371309784,4.809632430127692,4.946806724989017,5.392504653926551,4.915335540159219,5.155410364592058,5.147463262999793,4.802697968483983,5.002037293394949,5.399072816150465,5.059557367477282,5.187832540911359,5.118474723467443,4.903866758204003,5.016691330146728,5.462095293229822,5.014447191374188,5.137502559333825,5.134655372287796,7.340931444316311,10.33667351939971,9.801492290515114,7.523321442737142,6.622420646763771,8.142683597066025,7.894339342571186,9.391244275173564,10.741983318363452,6.419564769436533,6.293575985406051,6.420081486892457,7.568636120718168,12.898141915056216,10.874162132455185,6.07262198503804,6.120846983859508,6.6583545747053,7.458166418490862,6.202223379174143,6.2854540848503575,5.494440836991373,5.786845243719483,5.531062967459775,6.355492851443273,5.875909740274835,5.921018796315423,5.517228070543354,5.703033792086046,15.722807167445067,6.490035155139935,5.55373813281949,5.803692798316433,5.672822096210723,6.023414148764459,10.005799453381258,9.225668536900002,9.05161759907736,9.243703190415715,9.166509448571333,9.17871511533366,9.284043297840752,9.20298638552532,9.136359279690168,9.176767517800045,8.798368143440314,9.61772209006375,9.85205827297392,9.134770351952795,9.142793209818308,9.106402515760864,9.325244389165846,9.287355645483672,9.187974706835009,5.7878681434984856,1.438210026820343,1.796799954242772,0.0,2.790217357422648,1.680696699626651,1.9114339548501675,2.0057667496476483,2.301523471650114,23.5623977014418,17.396845636114733,1.7535329490384015,1.411329697375777,1.5830849296898464,2.212196879326086,0.9326206196052452,1.99441839844269,2.636381351828163,8.850732446111522,8.099847775757098,8.324624621096689,8.315773891372146,8.515554083445977,8.569761384203787,8.895302322023724,8.378346308060372,8.478600440293064,7.88232950390335,7.925973521898754,7.930744635983444,8.504199119118198,7.916081835853731,7.979977298957237,8.283411963221226,8.374534564868895,8.211628209634341,7.599702939096744,9.675745500607263,8.348173628016355,7.034896275898575,11.84571893997537,8.255554893049464,7.6515887091930495,10.21842729160494,9.037844300611937,7.262304402686084,9.19913943706092,7.437215958188347,7.218702662706562,9.42130006842467,7.997636882666825,7.044517657152994,8.47863790092407,7.844023078495468
326907_14_consensus.txt,11.238120502816288,11.938467779079588,12.139469974507676,11.114842907201536,12.203226008377383,12.623905457220758,11.05974831369224,13.066949750201331,13.1043564816772,12.565935798595376,12.578032331208306,12.687067009648274,11.55205212183705,12.075617323410654,12.377404342945738,11.59687071158703,11.63605289029249,12.50918953227881,9.381307516896811,8.697924433799017,9.279973942006563,8.455640369263051,8.880730904764334,9.261237133444297,9.498455904756725,9.056358912152405,9.752910553868958,8.197160039034543,8.520791389574413,8.812638426585352,8.679456445321136,8.559703224408679,8.669986714312927,8.373813367013042,8.881410032640588,8.933514669384863,10.9967515224792,11.18960244168909,11.294735199974468,11.807068538551846,11.21425706271981,11.32557733131,11.120350230827,11.23196890795498,11.283931338585091,11.844442952780868,11.349421498599384,11.32249381818866,10.830586637837088,11.211485155994184,11.665968046430804,11.49203579113913,11.120088084565964,11.163514803438488,7.495789472500064,7.576465516619805,7.85335536724574,7.639068420196793,7.719856756386548,7.654621427191785,7.489946037082177,7.600354498560023,7.82843829280597,7.75851410937139,7.755530314528755,7.635123896876621,7.5813523844888095,7.6032642923809135,7.880012620724528,7.704859743670681,7.715247150210757,7.680295783105237,9.693728308295931,12.566692856421014,12.238964348319314,9.994423642529398,9.12908847246365,10.332006026014312,10.239879894344426,11.583683372073494,12.84441293378353,9.033611641809784,8.646738120980785,8.902748840503705,9.85809103667549,14.541645647031489,12.905812559812716,8.6313070765529,8.685155728360712,9.237393166358912,9.854864560600788,8.910437216817229,8.985392624886288,8.42721896126875,8.719464927559784,8.431830490914763,9.024448869071762,8.671387019240342,8.699212501527484,8.449862593020725,8.647903073686962,18.19792008432153,9.32784384993613,8.470252260091115,8.713861305034015,8.565240084241793,8.868965714359717,12.215021290189044,11.703109801566145,11.50481947851614,11.773099336613882,11.663823655610088,11.596502147628598,11.746378704276026,11.6386984959762,11.459879510060604,11.560061784427148,11.36820410724249,12.143045214852975,12.345139382987895,11.717743878500016,11.674557501366564,11.569427499954372,11.84708104149604,11.6850246889569,11.64189765926335,7.072628518869692,3.435232990851091,3.279894996593839,2.790217357422648,0.0,3.451645131342218,3.143417670298504,3.401169350376108,3.852110703336791,25.3207453272031,18.23642438371189,3.559981097068772,3.3098171577900075,3.566480502281024,3.885368840413605,3.3421561991069098,3.662988959126153,4.340387962398097,11.291045323357707,10.620243611494288,10.796434006937204,10.941415369208016,11.106298840544524,11.03645618147408,11.307598813649236,10.812083014225436,10.953952134937424,10.556548546236286,10.589291552938109,10.527465658577055,11.0071455145777,10.61713603672331,10.59247553963496,10.92403993952854,10.93787448835883,10.72682412584885,10.616223944878811,12.485066359333588,11.316340462213873,10.24814570730473,14.576234562956015,11.1959569599926,10.643475614008992,13.04256358468274,12.032457902884516,10.344004437990575,12.042866881022404,10.421391969680997,10.245572693254246,12.2177013177527,11.010375857046084,10.083114232668834,11.332709646412582,10.779182196227794
326907_15_consensus.txt,9.191145931666256,10.073148595905764,10.207527230375147,9.22495206168628,10.35938822658892,10.686177713023255,9.124293746473654,11.138748734460137,11.133323849157932,10.632496888844967,10.711232916379686,10.755454549236733,9.681263229195906,10.21991375529575,10.469166196557468,9.544188774373085,9.639461488930236,10.638891521109429,7.248944835288455,6.560923337434701,7.184419056959655,6.385813482329183,6.804961119590985,7.175617273825651,7.370830215237333,7.025301350947984,7.663231780164324,6.108011396197014,6.400482307607831,6.663460078446178,6.510279859055572,6.462398751013211,6.536497410115544,6.31230030993612,6.751025147494886,6.772114547468732,9.154724095319864,9.361316889482907,9.450132475673342,10.037882463125868,9.392972117296154,9.491289064513296,9.26054726723538,9.370626300979438,9.48196283733813,10.031814774149325,9.528326614391515,9.469446295657974,8.952292533475656,9.34913302530856,9.829662242740426,9.68907009282742,9.284577097960096,9.309468950565131,5.200868923366386,5.304337664820196,5.627482938690264,5.393731025709087,5.521887053601404,5.4668123578993,5.189024070590506,5.352606601052628,5.59905762409818,5.527769557216345,5.554279119337764,5.44513894974034,5.264631026219263,5.367108593855846,5.685529992687975,5.460170488149174,5.50141336317995,5.4778703900789765,7.597267426229337,10.524278490909296,9.947032103257412,7.833797586320827,7.003380273968446,8.24060139707035,8.029005993360101,9.467333522818308,10.828522460330362,6.779772090668246,6.547581304188498,6.67941112053694,7.76787987257245,12.732234293858255,10.831132487123853,6.404041223850584,6.4811991451989,6.9706764204202045,7.773706555498336,6.732732228088366,6.756616180770664,6.157164917217926,6.466200075619781,6.172175417797007,6.874158836302627,6.474352833479941,6.4924544105753625,6.167533720221513,6.319715204467457,16.1216638002316,6.985146093106891,6.181197395757579,6.399087235627121,6.314039567588793,6.630533876077266,10.258636735011804,9.67528325102677,9.561105983573668,9.706251522314917,9.5807592201229,9.605822544231842,9.7285846237927,9.622503236264436,9.507117727020956,9.612412954140725,9.31096224330082,10.179079533696438,10.379597496454778,9.63047173741171,9.698974536272374,9.602242444734998,9.77596165345301,9.71671491480646,9.65790369614166,6.518792696745891,2.300959369023872,2.353136633570841,1.680696699626651,3.451645131342218,0.0,2.596258958061071,2.7206786082294343,3.007022364749332,24.369714200300507,17.733807773530884,2.308130571964739,2.339975477944336,2.359824222598718,2.9719140170151945,2.0042668975616493,2.836455714445549,3.3430743120636635,9.139976596835538,8.479425844683703,8.685965080660196,8.854381306803589,9.015172420174736,8.92955329435921,9.147952630585335,8.7190016201763,8.81796747785802,8.434191173413751,8.456257638651266,8.343978840468367,8.81041344979991,8.380085127482062,8.390734461806744,8.81466717602774,8.86158602624755,8.613661372049478,8.315629207186646,10.200200302367875,9.031829695862996,7.958694310320311,12.248824161131097,8.979568700663549,8.371186590703473,10.881457542621092,9.73585797897266,8.135580163363613,9.774266050251072,8.142364964424075,7.878769855597568,9.988072373872114,8.679134285893042,7.862149767470214,9.035630635115808,8.579314196041025
326907_16_consensus.txt,10.395468526590491,11.184776066843028,11.317247700255392,10.314502131749007,11.42950505925694,11.84629184645786,10.260174182176058,12.324521581924444,12.269943123677592,11.788705654548949,11.781406451680027,11.917645296509477,10.791958381361384,11.305630587179849,11.597951523876304,10.780120051795905,10.822274338891988,11.79070828380202,8.254661121721938,7.543316703178675,8.149086834710658,7.319757003153711,7.757759325950133,8.145055479301732,8.36027641507053,7.929058551787307,8.641065725921862,7.092335524820214,7.395922022338823,7.656337258045141,7.52784610268435,7.438224625096439,7.549808487266489,7.270576728755032,7.709985383818946,7.791651268184125,9.907526133413796,10.117136724939542,10.21582971409066,10.778872271885293,10.11703844028318,10.24377697275554,10.02147517052464,10.136700845915982,10.225739796951984,10.820563409486738,10.28453389717373,10.274007996241494,9.720637507278695,10.115652789668502,10.6173622796137,10.448865438658345,10.035669525599587,10.088247300705234,6.25059514009962,6.33412965868547,6.568955296546562,6.387816998421499,6.466059503069744,6.40212916009142,6.261679833436517,6.35909855815936,6.530767659148523,6.503005575487862,6.487925667039008,6.3873925746340205,6.318485572695352,6.3603085665852745,6.578357674031167,6.477657744178657,6.438473420594562,6.401728054511523,8.591788528366465,11.46243677818137,11.116736008617238,8.897067458197682,8.04110550364959,9.218137546110938,9.19860976249737,10.426316044275495,11.689151829229845,7.906643231073417,7.537171640113797,7.756187680980304,8.770181865834275,13.532125433218994,11.84103968171189,7.469842586924074,7.533397808133827,8.116807326130356,8.878192730615524,7.892226508519968,7.965728644446017,7.428638448611309,7.716358942408249,7.427261076246623,8.037278195487033,7.664290696203182,7.690522627754149,7.454723460197897,7.63607674524917,17.350391483197313,8.347291638451793,7.4858480724061565,7.730027845264374,7.561638058733422,7.830116707784555,11.288695822137129,10.7211305803217,10.552189594822153,10.838023986697747,10.61271159833518,10.6313886695051,10.75911073454779,10.659702984352862,10.476254193671709,10.602809596309951,10.42341818337269,11.217730787348614,11.40778230367846,10.716157189484989,10.71556661062209,10.642448319968594,10.836944881629565,10.706417868015023,10.646743777060465,6.0389406870117455,2.6229294042981337,2.5533489991872216,1.9114339548501675,3.143417670298504,2.596258958061071,0.0,2.459668626591508,3.1788839476882345,24.536195145245244,17.604748350303964,2.676962497600357,2.238055152937932,2.660033551518609,3.0749665217928737,2.5172759372267137,2.9653619602769936,3.5512613717387467,10.327706753852569,9.617937568615162,9.795335979488698,9.973440107864915,10.136078692397971,10.0492623133689,10.306727747265256,9.817364825103652,9.975368886902402,9.550368545900028,9.58759205341596,9.510511849267914,10.003388243585448,9.564697879386928,9.5706076017932,9.94239291687785,9.97727940520167,9.726428642250085,9.588329336428728,11.430396620876763,10.25017762485146,9.142060343551805,13.61960462092543,10.14224457485716,9.539815779103606,12.04324297363678,10.928351380781235,9.217640208720638,10.986166227087438,9.326618169639572,9.144464609251145,11.130985305637978,9.869715271688449,8.964024745613187,10.338862952685872,9.72569328186637
326907_17_consensus.txt,10.868604701586037,11.701808769596084,11.901799830588176,10.837394610407614,12.014521243572744,12.38979822392082,10.758200504029505,12.851367860186429,12.784997183872122,12.316235198928212,12.376835397587286,12.428254698065643,11.299655372274287,11.83346779757818,12.152017159569256,11.223213393121624,11.348099468908629,12.25881652903621,8.927605288127097,8.213067331424213,8.80688706318017,8.022666451024975,8.472292840886212,8.849162009582017,9.034558143042318,8.639693955607072,9.32920171992157,7.735218122048195,8.10457933000987,8.345414134406155,8.158840335926868,8.11441984206408,8.18043371102101,7.950196035203248,8.38828589213756,8.436116630371146,10.554223430245315,10.716355787955592,10.823720573925073,11.391875624302656,10.737234787767136,10.851819557890906,10.648296986934952,10.738597308325325,10.844960290734662,11.415972565648929,10.892285250672272,10.83816040743227,10.359693876109532,10.717392847496171,11.2141453080838,11.069218571167482,10.65740171577852,10.68331868266091,6.73531952915755,6.859234204241602,7.169494160256647,6.897488989094597,7.047923106500377,6.985810256284822,6.743802581064188,6.887315304819083,7.113599498099973,7.042464427080574,7.067156038301789,6.961208082747135,6.813894771480534,6.90656229835372,7.191851317595024,6.9819705367232245,7.001880498139826,6.984627367607118,9.150219358862673,11.983522864929284,11.632574608657649,9.378417719697836,8.594550396053307,9.830060664703865,9.745385308870937,10.99329314738486,12.250249394804882,8.41241605115124,8.074275605336538,8.316743001421344,9.356782704332716,14.250976562812298,12.479060488162986,7.997955224803945,8.097905745567857,8.682784087353525,9.347319691028249,8.316760051370636,8.390196598699958,7.748564648263027,8.025543713176205,7.757383113701167,8.43497899260501,8.023042887664587,8.089671074026455,7.761664409778575,7.912922493078668,17.458215841275432,8.649010893234504,7.746791582575383,8.012387528606666,7.914281244410745,8.18977286713664,11.746507157613507,11.327427698365568,11.11808441963518,11.407843293947792,11.223584735601776,11.208584518978512,11.333013002155326,11.264546658342397,11.082795112239012,11.239495256302575,10.98134975161571,11.787050493842116,11.981126743117784,11.30063353761716,11.269586609318251,11.20509135257197,11.40769440171266,11.265436240845588,11.274164975499616,6.479521930677379,2.4863340764486,2.643210201583827,2.0057667496476483,3.401169350376108,2.7206786082294343,2.459668626591508,0.0,3.304188319467982,24.72754387627788,17.843594334440468,2.806833232515487,2.637122573418992,2.484247543016636,3.2819368495643744,2.506190871643014,3.080774688614895,3.625879017307852,10.758113729685476,10.07158414812136,10.277303976324902,10.423727799120456,10.596773359346455,10.50702668200779,10.77082038161234,10.268481379719958,10.447278610602837,10.005141549877637,10.047604775543732,9.96375527285727,10.458597266087564,9.991782843838564,10.019845218390683,10.37255790428901,10.437169769238722,10.184813877792068,9.985701707144472,11.841175893022864,10.629048086031617,9.594444595023162,13.96842591635675,10.604691194260797,9.865870491763076,12.408524737799157,11.261374221471216,9.704900101400824,11.301452810373348,9.749569543624716,9.495883757885167,11.581278788613872,10.293703844842412,9.433979441495808,10.637882575064054,10.164859455137956
326907_18_consensus.txt,10.5226553715745,11.356335758532452,11.487174729803144,10.508546437418715,11.604177525288035,11.982610608694811,10.35133165637592,12.353906698293317,12.49407075741425,11.827976116511875,11.982384955709392,12.081466291578067,11.002271502475764,11.492010224807244,11.825617185898524,10.866547490840276,10.94707806416909,11.90728835093904,8.56969157439437,7.935319866394309,8.516984961896696,7.675844080200306,8.14425949487486,8.504934164582494,8.747525618246584,8.306450470282869,8.977045906658475,7.407924943846126,7.744442428424918,7.977374037501704,7.8483928525344595,7.751575377300298,7.824826632447241,7.609239666557244,8.11041982290078,8.14294778385954,10.14594369672136,10.32906604208108,10.44530235611569,10.97905392427623,10.373302570421174,10.447206210630725,10.242031217022372,10.353180838776268,10.474511279770413,10.980308375354753,10.477048146746029,10.448948957439312,9.961416124815344,10.327844183939874,10.799195286594797,10.64590144039056,10.25549178463814,10.315113997063747,6.382023025759281,6.507543509048162,6.837618293752939,6.606769179135426,6.732149660246762,6.662988588689245,6.390599787544261,6.575378176634331,6.839006350322279,6.723965842930852,6.769238473048347,6.65140704999402,6.453001606599855,6.556475328570514,6.871185450880489,6.688828444184821,6.715141892229042,6.66743234554599,8.809128669851077,11.593155497773864,11.246407942113706,9.01019747818924,8.2125066540911,9.408544408712714,9.274523453456482,10.669512117201236,11.91968485020925,8.030536470464426,7.780727685504871,7.922094603171274,9.01241509719864,13.847472321034443,12.016315585919983,7.655161858444728,7.754069133815165,8.287394051444267,8.913711267430017,7.955614177089387,7.906173799944554,7.349690585199823,7.669951463840562,7.347424010785176,8.025858414318861,7.644351229017104,7.657702779671297,7.33400548689076,7.493313011338046,17.156538444568696,8.204300174341824,7.381960969223826,7.512310853193526,7.469697248074908,7.823200370099471,11.33525934944447,11.05541040342581,10.91497086955968,11.142252561896385,10.943622228713195,10.944633150902746,11.070684592012128,10.96773632817144,10.86166944687892,10.90413597734431,10.623513532439349,11.48209270856836,11.643772439221834,10.986305722221118,11.022457119356602,10.934216778729931,11.12499160015102,11.05359159288156,11.008095625780015,6.9402229606657215,2.995717191544429,2.6927700588177004,2.301523471650114,3.852110703336791,3.007022364749332,3.1788839476882345,3.304188319467982,0.0,24.84795930701364,18.180869804713893,3.2964017930552245,3.057445575300392,3.1050949461833284,3.1970612966845806,2.745527695523151,3.563395989205276,4.206200150050165,10.37080949108713,9.713286305421263,9.879912802311708,10.081717090180462,10.219040061762769,10.159239524094744,10.41128072304764,9.908634739422382,10.012143403877474,9.648312882707556,9.69346383637361,9.567206341097004,10.0727870969813,9.595298887010586,9.602015421315514,10.041118383829598,10.099720121235292,9.829735632145573,9.402971033235133,11.300027608264884,10.169167976180574,9.059359521313866,13.405817454136413,10.011489506404928,9.3894364386407,11.870768644830603,10.69518395771604,9.177948409399391,10.810171116590084,9.273635201055017,8.979448595372787,10.936460693549575,9.74828284885757,8.960904268767024,10.115984031577456,9.637555324486698
326907_1_consensus.txt,29.81721161827255,30.535278693386715,30.89705120483859,29.9951393779578,31.066744726534463,31.025328419536663,29.82924431192339,31.16209734068059,31.603482012315794,30.97129919571961,31.44614146465142,30.984012084489507,30.52926743476752,31.00597806954147,31.323527042957835,30.08266679245719,30.45734112279422,31.2256128648346,28.51248317670786,27.94363679246481,28.45380310359093,27.417873329912936,28.118387384591983,28.41936008574578,28.519383472532752,28.403107684286624,28.93172620912276,26.941591762027485,27.676346790668447,27.877146083152525,27.900315254090003,27.66389639341611,27.77173878464021,27.380632590439404,28.081683620824947,28.055924424097952,29.882236222488245,30.05835610435554,30.046500500794536,30.141701927481108,29.82833495051625,29.902566468202053,30.045624598747168,30.135340987056395,30.12405459763886,30.07427566463729,29.756187591197147,29.812745367918296,29.548407200944155,29.8702579390652,30.14364795007521,29.938658162660715,29.67688675756085,29.73864930882536,26.524108115537388,26.63994817298084,27.10209781041368,26.41131050247691,26.74511912802228,26.843501974052003,26.544402419328776,26.72167555640607,27.27327420085232,26.477648923210893,26.745034639100425,26.802874088025646,26.695166706289683,26.72364626132912,27.25593419351651,26.41735705053037,26.70598685086179,26.747746716921483,28.550187042994366,30.58424815014473,29.77984420695861,28.481424456188336,27.88012634419823,29.271776761200044,29.20201639055176,30.12053469064552,30.86622605293951,27.72096375788732,27.891176149129137,28.03405517121729,29.020713382486065,32.53687897477295,30.964432149069125,27.49657220342772,27.579788550958824,27.992088350651272,28.987479723615024,27.708973605108667,27.7200676286758,26.996931338801232,27.14523451196368,27.041887749670707,27.823678623501053,27.25085333447436,27.45524441823784,27.090506067246736,27.32685642956403,33.62830911539413,28.1296855888142,27.18478085865587,27.58200093068524,27.098971658788003,27.431064881997145,30.59401182556428,29.80651695689818,29.78260779802605,29.919803202889568,29.832384296955127,29.81348029303672,29.90394443567561,29.8505440433114,29.9485318335174,29.85652291017089,29.60149034553183,30.21052881758488,30.36802974106149,29.68953633958563,29.76039640059105,29.753690549726684,29.9715417736702,29.916860580655,29.881048226643884,26.65115597667966,24.28065364839972,24.80196081148165,23.5623977014418,25.3207453272031,24.369714200300507,24.536195145245244,24.72754387627788,24.84795930701364,0.0,32.30552645020106,24.27947579606388,24.06370130053745,24.118986727312745,24.51125906241839,23.61339088842197,24.547623020794163,25.15867864311525,28.782994863270915,28.14122887349839,28.314668444848,28.08103902407948,28.24903200282796,28.45570978930124,28.869562109877165,28.40048045921526,28.483261481675072,27.730227566921315,27.876699894289573,27.99669587894084,28.532125129789392,27.97590515410405,28.10228616540872,27.9820448893646,28.190763529239234,28.078239866921137,28.407931254781147,29.846253342482328,28.985866945573548,27.715303713659125,31.114989079774546,28.8143779408278,28.50829962991378,30.020231106231563,29.269536348581823,27.897871185657777,29.43581187803392,28.304288665707304,28.179666626479506,29.810140943824024,28.71066889200131,27.8604476336638,29.129282544309262,28.54783330903274
326907_2_consensus.txt,24.61784056876656,24.904475286206207,24.851398896394244,24.23491709674238,25.105271893766087,25.302867966236818,24.35802455815576,25.70974393314509,25.376511096208105,25.334200442953545,25.353120617543937,25.45915624523957,24.658433958771862,25.15705128413145,25.074441783113,24.835589031438133,24.77012149603513,25.37855341959744,22.907526699327548,22.301081239306995,22.65572091566702,22.093498028915462,22.514777982328496,22.642251995378786,23.01844007213469,22.502159664259352,22.96148860126999,21.965490965429808,22.206693378663545,22.29326475949296,22.26135578976425,22.16470818489603,22.33484239448046,22.098260757443484,22.403646475300263,22.524120870088893,23.684882433194105,23.839187040734828,23.98214665376821,24.60246722391787,23.89985117941751,24.07196705178933,23.75784217509107,23.8666170244054,23.974382832161268,24.6561649647432,24.12563241212792,24.093074613333386,23.585253482900328,23.927318312447767,24.440258972149195,24.2791066853581,23.84602549212758,23.953804420039887,20.758901070525667,20.85197184437095,21.0044806045554,20.946509687731748,20.96610138346182,20.8884829483502,20.791911104994654,20.865770746474595,20.90092935000655,21.03233370109865,20.97240042732426,20.854258832663334,20.798204468896813,20.826705258313723,20.92303423952376,21.02080262728623,20.916191210973462,20.886411220486423,22.60235843672177,24.701467861506785,24.438527807814808,22.89798269492394,22.28037543409272,23.16267363077526,23.27075482844174,24.12334759081375,24.61936895362487,22.373164805432225,21.969616843099743,21.99132645174575,22.88959210306916,26.08673788736371,25.063058912137933,21.875109813816607,22.08831570060039,22.59175601992081,22.84639116387285,22.323365359913623,22.263939653939985,22.00065313824672,22.26871997322405,21.91791283594916,22.3389615017914,22.185540262465565,22.169201972814164,21.98298888183143,22.16478330094651,28.588677520243834,22.65748644809173,22.05156721540925,22.198625951528182,22.09180881516193,22.320996146338643,24.344064722395217,25.08351446382209,24.8987522718582,25.115005218194256,24.692214682301028,24.966851410998856,25.04086965745023,24.829064561438088,24.59004953295204,24.74364173577408,24.662375104526973,25.483141663248546,25.63126146771674,25.02975169380312,25.04570911119652,25.00728141658658,24.98647025311982,24.87520139794168,24.92521160283217,19.94045888459505,18.339020107228635,17.667769169058147,17.396845636114733,18.23642438371189,17.733807773530884,17.604748350303964,17.843594334440468,18.180869804713893,32.30552645020106,0.0,17.896451977115134,18.173350293168028,18.205652593011507,17.993009925707497,17.836642710483943,18.602500442893984,18.979958278612287,22.89260123946304,22.382394897592235,22.47198429402033,22.664542858564342,22.8266186008143,22.696653341879767,22.86362067927979,22.34791109275852,22.600059685840563,22.35811167280696,22.42752812610945,22.40495339425229,22.64364833468857,22.394585485055305,22.367777473272383,22.63554828774056,22.61182255584345,22.482005184129434,23.843707823707177,24.895848304949368,24.23850622721648,23.7706389461826,26.51181704512232,24.344269133301736,23.44589752591565,25.067425562575863,24.320189824210672,23.667270474052884,24.25120383518049,23.548372470608854,23.282043183124472,24.47204777897565,23.74725358820757,23.419728992517435,23.80457912123973,23.79485460663033
326907_3_consensus.txt,9.477523315718202,10.587456252160225,10.748234847893002,9.68953754578132,11.002766731062309,11.22197386506241,9.50856455174204,11.586426629452376,11.808351873753509,11.127839779807232,11.38611195647826,11.273799215940585,10.156996119437622,10.649524315940424,11.111400050522208,9.93272519366394,10.130748793349028,11.146254516977931,7.880849102231025,7.17954675167573,7.803074068236981,7.005280232725397,7.437091035425965,7.865103646548846,7.971490532327721,7.795275323204692,8.390787152669475,6.612152570087915,6.995986386059769,7.323282412062952,7.146229569068396,7.129595665220222,7.166116979965238,6.926117012540374,7.355443776219943,7.323359364543705,9.740806445150213,9.908013817589849,9.96515266990474,10.39376607116759,9.86266480648743,9.919632630815158,9.872858675467342,9.949152536218833,9.996592695839864,10.368576348901684,9.945590466891415,9.867544349883872,9.488376403217558,9.8195651476139,10.21811434651687,10.089528476472594,9.765128221913074,9.748179446910513,5.876895309387635,5.978127556103232,6.418020589773619,5.925154069395944,6.156143303773888,6.156257849845872,5.846467559950099,6.026702707873312,6.4121349042872,6.0779659178560905,6.194793901931632,6.139515815477694,5.960387980145697,6.059694932047705,6.541333301100394,6.020868796235959,6.156996913744592,6.155363041442399,8.342591708433929,11.351954994446372,10.710516878731823,8.44212279223575,7.598707017729225,9.115442464754665,8.865778165335257,10.392417315913804,11.741644390310682,7.296864530440644,7.23956933492201,7.37056847533097,8.458908751966703,13.80526806242267,11.821851194907254,7.028275219982618,7.071552771640256,7.548274798686862,8.395681338098768,7.156714584358269,7.349961707025216,6.563853206534304,6.809438322977485,6.586130766365443,7.388572442956843,6.910426881726437,6.952577831208373,6.616169354518831,6.785054100276284,16.67198119891782,7.5266938289645395,6.625592716903327,6.9290025726378985,6.753698708291779,7.027138290581206,10.986565648917804,9.944106038072732,9.74308690788274,9.928263721973847,9.934638027515971,9.89122318434795,10.020869714718742,9.99675789240638,9.90378864065258,9.965825290295127,9.58548372839914,10.363152618594938,10.631431195391883,9.948086990522768,9.908079046656551,9.832128413311864,10.110646507298952,10.0495756710676,9.915089925938844,6.571203402304491,2.1855209299295666,2.652603239633436,1.7535329490384015,3.559981097068772,2.308130571964739,2.676962497600357,2.806833232515487,3.2964017930552245,24.27947579606388,17.896451977115134,0.0,2.137132236092839,2.288653219169987,3.135676625793792,1.979399105234336,2.5540543260991626,3.0807780582928217,9.743412772039562,8.963437505323611,9.193563171245556,9.187069863506338,9.373398928160212,9.428633987391606,9.714268029955804,9.251515375694794,9.387046765047272,8.777856403130613,8.776354982570865,8.763984705809662,9.316710454399072,8.792023492290298,8.857142179182858,9.149688748028154,9.23273812873134,9.10272404848979,8.60633665660265,10.6948811819924,9.334651753599871,8.010409324318175,12.72893665955877,9.238823537241672,8.732253645684466,11.318909337055004,10.184876916929625,8.346969534916127,10.222756063371436,8.508965944429008,8.253680690772,10.493313979569166,9.064391294900872,8.110992944279076,9.53331556118303,8.8362159739454
326907_4_consensus.txt,9.231091704158018,10.35372179193007,10.53360556739898,9.436097449616623,10.755353548296853,11.006291657736426,9.302389167042008,11.431534425082532,11.619722343805677,10.86639020306376,11.288552658313392,11.11090145818605,9.997747222922158,10.37994696141584,10.9716590679634,9.691313720877533,9.94646440566487,10.936616401545336,7.576904791176787,6.874865665392122,7.504082465720728,6.676267604938062,7.124349799661161,7.541710096160102,7.705395202354452,7.481924088873484,8.137385856294372,6.296487638752296,6.701281684577623,7.024768903690244,6.8341878469434505,6.814517404690264,6.851417052945806,6.623568811223095,7.039665311530541,6.99107263810896,9.714310174490263,9.90676253782243,9.949402037426182,10.362941192202584,9.842415947994368,9.898037906646891,9.837725274635943,9.951378631859086,9.989193979643062,10.343569480531414,9.899727491909516,9.849802098437806,9.455466395931069,9.802264046486698,10.2213676226728,10.065606413349371,9.72016888623932,9.707780762651907,5.627889880106466,5.746518099288494,6.211375082528207,5.686855541861405,5.940631486341431,5.9460586953622965,5.618322180047585,5.79374253863989,6.219091733228765,5.826411991783687,5.98224502782216,5.919076839870286,5.730444516379066,5.828942469370929,6.3113291172771255,5.775420541924291,5.937600170470091,5.928494871668704,7.93832284193536,10.895342303922348,10.436076449715529,8.015777151540874,7.200328741371152,8.770449151468085,8.486055998687277,10.02437070134522,11.502530519241873,6.890702413687563,6.8833626874348965,6.966878740848074,8.08579671992561,13.585794979284913,11.504629192567052,6.617949072317231,6.630010637680812,7.120065717430862,8.019641119624282,6.665096921966324,6.814893431029645,6.0442522790615385,6.30212813013577,6.088771499325162,6.905146072496279,6.4152381145618165,6.473362011752272,6.0889468430454485,6.272249123009033,16.397684432919903,7.019289260303481,6.107301591776377,6.405946899360799,6.229241122316296,6.548432898039209,10.61004118523573,9.47803509664618,9.291225070094413,9.485373858586172,9.499580194980863,9.47802660433308,9.586501223050504,9.497523667908297,9.486896777318634,9.545594826760237,9.1369688392964,9.90853927668769,10.211046861598504,9.460510758149953,9.463599098207167,9.37530739878258,9.639880460744848,9.651594200277884,9.484219584941684,6.082867095352185,1.808957151526556,2.4677700617488654,1.411329697375777,3.3098171577900075,2.339975477944336,2.238055152937932,2.637122573418992,3.057445575300392,24.06370130053745,18.173350293168028,2.137132236092839,0.0,1.963335378428724,2.8520537509392057,1.6786113533524372,2.307788413341996,2.956069119198389,9.537019151766287,8.726751551551331,8.9733415046652,8.928116809254902,9.115975302753329,9.209473641155457,9.57163040687186,9.043937073201562,9.13046133324309,8.492217551700435,8.484448499000678,8.488599759172303,9.080230311450292,8.493006993209917,8.556539176938315,8.882644941104786,8.977514393031754,8.842066699674092,8.075507881727333,10.195365860127708,8.811409555500575,7.401673403543782,12.386282894216436,8.694175185796894,8.19237392762949,10.83511429643056,9.63400424939084,7.787039049802502,9.755894013096452,7.941380769293914,7.731589522038746,10.012697944365982,8.54038484832705,7.574719224768046,9.038774182248858,8.28746495006709
326907_5_consensus.txt,9.438143941194596,10.587044939197083,10.74425787600984,9.682955407019108,10.97599033113795,11.170616253331788,9.500162544426471,11.606997389341473,11.796090207148154,11.052765576374668,11.484700159298711,11.249365682573227,10.148980695003049,10.552892978714908,11.113631558677524,9.924377580119083,10.09054764425747,11.074897274065847,8.12042547383038,7.418108096868082,8.016049600070176,7.301308750568467,7.684152262810358,8.075401174497642,8.23235173951548,8.090818894447807,8.63240987163556,6.90729528528027,7.258889934750073,7.585638319096859,7.355307429412051,7.40233466336241,7.383245255101372,7.234579390881151,7.597235493205915,7.503556068832438,10.350456646131704,10.513616751301868,10.577742069736416,11.042478006567308,10.507613044292556,10.565450405281467,10.465713337157467,10.539620394416149,10.60850932090193,11.011489265226317,10.575718687516884,10.489443888086155,10.091637302244749,10.438829730055716,10.843152389334364,10.735920586770192,10.386506521464751,10.361678379299631,6.018874335238991,6.14830574178626,6.651775160319232,6.112224378391431,6.38527580563499,6.371064409301368,5.988344261616362,6.202189348117372,6.611252436328755,6.277229946507532,6.433362511070584,6.341442924304715,6.11079051433785,6.243737225541679,6.729330809099224,6.2150658177412765,6.382784620220832,6.374077928141276,8.439829933253463,11.419467149612046,10.8412248705813,8.489752079287257,7.719505184671107,9.241805265244809,8.922918427431284,10.52419148716558,11.923671303209003,7.372318509770878,7.395434817190164,7.465260099167381,8.557443484307953,14.051942835051989,11.992222237790202,7.151806124892573,7.14960920568052,7.584039616795792,8.312900609569112,7.017157731807174,7.178483117871281,6.385588357126551,6.663311700857832,6.418270833345218,7.219914254546836,6.79443416686172,6.80557267202596,6.394509252270211,6.545471073703652,16.580131933061978,7.236419131909031,6.35462276129681,6.653558962957732,6.607272611262488,6.896245145928162,10.796164171650048,10.036512192029818,9.866332056226328,10.039480332262883,10.07543669367476,10.053386945727423,10.173281221971251,10.092581410306138,10.08978972899024,10.109726253516442,9.67538395671238,10.49622503584527,10.785397000156252,10.025139867167752,10.053864760632734,9.930582243298543,10.19935432137538,10.236956873462589,10.065650924265924,6.583046017018546,1.628823534700473,2.4444000704644395,1.5830849296898464,3.566480502281024,2.359824222598718,2.660033551518609,2.484247543016636,3.1050949461833284,24.118986727312745,18.205652593011507,2.288653219169987,1.963335378428724,0.0,2.9556619992440005,1.6991546741649015,2.357285227831369,3.132615356511621,9.86526513925179,9.09887628639524,9.377479982141892,9.37945519341872,9.521554517842674,9.585254982253446,9.83991962593376,9.38839993396499,9.507799809337088,8.971245571661655,8.934402962208878,8.89525226617377,9.446382891026644,8.868194987389472,8.941366286548885,9.322922774052644,9.394746524830625,9.252273235642178,8.61963177920336,10.704068821175213,9.326639088237757,8.07987515025485,12.779181021494026,9.34759446797034,8.8002529752859,11.367308480076533,10.10652249729452,8.519899686666633,10.269784473986531,8.5828093726019,8.278018401270515,10.533772993267236,9.120446566492376,8.297614386383373,9.554437317491306,8.940108141255052
326907_6_consensus.txt,9.99355397419231,10.924735819713248,11.024142092006514,10.038645818311863,11.206605535849292,11.50075393193174,9.888024308067427,11.946905108664282,12.02051357885074,11.405681530209677,11.59759808566116,11.62500732927731,10.515433596012484,10.987562887091883,11.27657772995667,10.3944205874634,10.527037624074753,11.438966626784008,8.258303869214956,7.590127854879199,8.13077501840121,7.398371299382973,7.797569638130085,8.168981748668841,8.407082619382436,8.031631304982682,8.601063360456749,7.101181569331288,7.405910067705577,7.658716882938336,7.541917124815086,7.461524750320279,7.485383140495855,7.3287129897280465,7.755823611881397,7.779172221921499,9.985279266513317,10.179528869265312,10.253038405634696,10.811743341842885,10.203652667070685,10.266891229672126,10.104770065664413,10.175276060343949,10.306385004827687,10.81970576866462,10.315274435714857,10.245153854783666,9.789584127597266,10.144141375770346,10.599073742586429,10.490988171851484,10.090463367395555,10.12968915809614,6.121615616847976,6.262729526972976,6.618163631502739,6.33123171557736,6.498337585464981,6.43092857709928,6.117973533660461,6.292090357179859,6.598351819238076,6.470400689611267,6.533004886701974,6.408315698400031,6.200811255258259,6.309862028584348,6.66138932903965,6.424393680804712,6.472696546880059,6.425015490397527,8.532044332173314,11.370374062498,10.939544379310972,8.852935265789824,7.906879915756747,9.21675413947247,9.028715738263315,10.480802744389962,11.770897416999787,7.770029514003397,7.554854683874737,7.629648669151209,8.729070740096006,13.761799434536442,11.795047193479093,7.392765217739679,7.451547013658285,8.000410600894725,8.527666667422409,7.52198362353613,7.552056414724575,6.94503652936271,7.249756047561448,6.9422989680813885,7.630548412287055,7.257973891444124,7.255278684217103,6.922285879840842,7.089747651109292,16.766814901459952,7.749200661888892,6.932741090919194,7.104970143787227,7.091351864522153,7.4224624727140736,10.940066779755057,10.573536204040693,10.45971528537268,10.62217316759086,10.440633945026946,10.500975017957046,10.615522188557804,10.49315424405802,10.45924086545824,10.44037391423342,10.142362337549455,10.991124524009535,11.198750952943328,10.494125090770297,10.575922666866347,10.489041872871669,10.584555588556045,10.576150917635402,10.511063091963932,6.820922319138788,2.835443666871413,2.740606804483264,2.212196879326086,3.885368840413605,2.9719140170151945,3.0749665217928737,3.2819368495643744,3.1970612966845806,24.51125906241839,17.993009925707497,3.135676625793792,2.8520537509392057,2.9556619992440005,0.0,2.5748572395244764,3.372479169751728,3.976307796470224,9.963512986200785,9.316387683667015,9.516227560589186,9.703283839704229,9.808165958117172,9.792433954967692,9.99753214921327,9.555472278417142,9.639807189552926,9.28284438792798,9.299978625259484,9.19700588251976,9.706145750139626,9.195851162855549,9.198937012319677,9.64575205430333,9.688582193794671,9.456214807899585,9.16332067817251,11.097591255944849,9.92461621358052,8.768100591849134,13.076690070877136,9.788032567852042,9.18719381398489,11.730678771218038,10.461058323485643,8.988698159372632,10.56361268079388,9.01176206401408,8.744905667821627,10.704973612582537,9.51568114232316,8.768566784528218,9.95276593972966,9.399848718017722
326907_7_consensus.txt,8.758330345786248,9.88748279985731,10.14878104371303,8.999453616340134,10.360651117722057,10.544704290664583,8.790642484289776,10.97208282561968,11.145478195386772,10.41732217439244,10.86916142253068,10.568441301287294,9.50487619736998,9.914658722639617,10.50886290902804,9.21984152939268,9.517549947967211,10.410356226182955,7.500052950263466,6.771259695090123,7.385381104861835,6.5406011796695225,7.041977925580568,7.455173279208509,7.623118343561714,7.441837753734092,8.000610229754727,6.055690844337335,6.568064973786022,6.889541141834798,6.695548783542904,6.680166845348992,6.714520430744528,6.459140185615411,6.963984196823617,6.915260550187895,9.520681927512271,9.6817807669849,9.75307461653574,10.145382274003625,9.639397061542295,9.686689283532758,9.648576834719734,9.736536364073745,9.803912889214416,10.099387433034847,9.658624059349108,9.598513728259263,9.219017438008509,9.57303420743699,9.983261820522443,9.8417408775814,9.502571694541928,9.500039153904028,5.109171591574636,5.2670439835403045,5.814190103600367,5.178248685058179,5.501246630132869,5.521762765084645,5.083855944500556,5.328696747918116,5.826483568943274,5.334126513163369,5.557553751266767,5.484495036378519,5.21488003910747,5.362005592981745,5.9291659782447255,5.283228770313542,5.489569411299954,5.500502906682357,7.638294033171007,10.687468993128904,10.034261085774062,7.787620528957632,6.893667840100932,8.570678618254192,8.20958302357792,9.81012893993062,11.26290775918352,6.5577454285020735,6.597762830889792,6.668721117408552,7.877130792817525,13.464295030572202,11.30596890599736,6.280852492071517,6.314176775374108,6.83551090860874,7.647739821417758,6.279951922883015,6.39120500757906,5.50326593448267,5.780206675795569,5.555472369528502,6.475172364880052,5.946086086001003,6.006739790756456,5.514347655007839,5.6912621263964525,15.686106913325318,6.495121650947851,5.528295594902488,5.811755147574104,5.705231503972811,6.103508548248612,10.172805792846477,9.421575955103378,9.258933609851056,9.393093651620063,9.39582599475358,9.404932506537875,9.475553596836278,9.439412574892913,9.432040234263866,9.464523913197697,8.9750910386785,9.781426557640655,10.04633677854946,9.33323583207573,9.33070211291738,9.272002755334029,9.517483663790811,9.53490216341902,9.36831149520242,6.1808922732518,1.5585636041552675,2.199223753472154,0.9326206196052452,3.3421561991069098,2.0042668975616493,2.5172759372267137,2.506190871643014,2.745527695523151,23.61339088842197,17.836642710483943,1.979399105234336,1.6786113533524372,1.6991546741649015,2.5748572395244764,0.0,2.1290291644523904,2.8730695254944294,8.96309435874241,8.223352073424167,8.487955249050742,8.39962910961549,8.588466568789386,8.7083691365591,9.020756278696012,8.519490823057026,8.620434465438791,7.989389310823128,8.021577515861907,8.037080987699426,8.618136697368016,7.979069231026074,8.085921265383035,8.344682712864824,8.462088891088854,8.357396021948148,7.691052686170963,9.780870461126142,8.439192895060671,7.0621477276377504,11.916381904749642,8.382070899111454,7.814666157328133,10.407378414342304,9.196725472546063,7.429598351263962,9.380286138318468,7.579512141556506,7.344989386511429,9.593475518080936,8.124024118062493,7.23998586397073,8.6258588821471,7.987171257450882
326907_8_consensus.txt,9.746412181106962,10.87466119505035,11.054461405611846,9.989236438793457,11.298848450998094,11.47966918346276,9.801813410061868,11.91371415830173,12.1143072010658,11.468117653144816,11.766856866618468,11.549242653006786,10.481027883447268,10.858006521373396,11.41602789659089,10.226187252846556,10.41691793677012,11.349871435424577,8.419956136329915,7.741741784111184,8.276228992397932,7.6783800207643935,7.983318689773796,8.38406527052274,8.471965885389125,8.454000159475356,8.932984639687959,7.309632495027813,7.592752693866373,7.94361527715148,7.689532378014007,7.778092615711785,7.730178317870241,7.600257263464755,7.909710229448024,7.835984816380687,10.61376037817081,10.771330624620532,10.842508663296767,11.29282904424008,10.757147711854202,10.811013114660796,10.747226980063488,10.818168914932984,10.859822300999896,11.272276205716992,10.815313808471616,10.75241152250635,10.370891555315438,10.687556717708276,11.104395530769692,10.988262169992709,10.623921485327628,10.614626022225591,6.561594031225013,6.643356335560725,7.12805127096351,6.6274389654784045,6.880129864461082,6.864077455941015,6.536827427164951,6.715311070508676,7.116346535145283,6.793681179652765,6.935678592020111,6.841398760154334,6.635185163494839,6.754640350141358,7.239335705243548,6.727545433678131,6.877243040343217,6.860138879627471,8.819347916600236,11.780860038532351,11.229030193716936,8.987019334894399,8.13482478329712,9.686160226977734,9.35330479145432,10.966344033053474,12.345726279468806,7.746896620287941,7.821702649143617,7.850811520202512,8.946216854284785,14.41635077414503,12.345714370847643,7.534152252742842,7.56160213277002,7.996667972569412,8.8250975945856,7.610454852662372,7.786963818286381,7.023649054734392,7.265737302144657,7.063709147699626,7.830312131527137,7.378194024907714,7.449748890138153,7.029627835207407,7.20280138751292,17.141642727065232,7.862608003173193,7.004288410946629,7.316015051244676,7.253381099782871,7.5254859249043875,11.396413373841426,10.411403698623076,10.250853708689531,10.413055363558271,10.431990550394858,10.385225296732528,10.528447597373088,10.459443831232306,10.507005464995586,10.508855899800947,10.05623874637763,10.857550982805378,11.174713958179552,10.41380740004928,10.431595684554395,10.326604757722748,10.577930720042389,10.598485512260368,10.397830787026578,6.856812143409911,2.306296120640866,2.993893723068993,1.99441839844269,3.662988959126153,2.836455714445549,2.9653619602769936,3.080774688614895,3.563395989205276,24.547623020794163,18.602500442893984,2.5540543260991626,2.307788413341996,2.357285227831369,3.372479169751728,2.1290291644523904,0.0,3.5326762516803,10.14628775212509,9.421417564943908,9.68276701515788,9.687407446684574,9.835544062933252,9.902326731785593,10.127689459687872,9.72796297869047,9.83246266932258,9.28374857964394,9.219120828497068,9.210905747705963,9.721879813713826,9.17888056605608,9.242478659932942,9.647816889966805,9.688662173452316,9.582048810513868,9.034954876016798,11.10471053434418,9.814630876635874,8.486000277403264,13.278492690614373,9.721109650160995,9.189357604794395,11.831958267652569,10.586326199010728,8.937779176670972,10.747329167558632,9.03686217791443,8.70507579451862,11.013288117445429,9.535651362261774,8.727770705200044,10.109206903363088,9.34986654779084
326907_9_consensus.txt,10.906946175723364,11.93462490323833,12.12673181557119,11.028013391312754,12.32787906104835,12.539339416903545,10.923174637827913,12.99139390799712,13.174575260866732,12.450663796635864,12.837864815871797,12.657049900692355,11.4839104089275,11.940108878245042,12.476404584860916,11.341329401293647,11.509949879999796,12.440399289724551,9.567509213639084,8.843385844533032,9.48981762206688,8.709281445446607,9.107233984809511,9.48426764500391,9.686608353272163,9.51077290294404,10.09610300283896,8.332378686206653,8.683755873384996,9.001830520130227,8.787429344148222,8.827160139995897,8.869937016316271,8.637785105439264,9.023511231731275,8.94074897037791,11.54132472317093,11.661015063851664,11.722702378268536,12.193386839047832,11.660430303314229,11.719129427497592,11.628403690838011,11.70506137526354,11.772352091784684,12.169901932113705,11.745675753433376,11.66419253266514,11.268167677413544,11.5904783899187,12.012908848536938,11.8842722302673,11.566348897711464,11.550248494663832,7.501514039425103,7.602301588812679,8.063724715882813,7.561384379967137,7.801382596649887,7.810441292488633,7.470965348891411,7.654510059662925,8.028700693168844,7.725624470510525,7.85565907745422,7.780687413721694,7.58313983676868,7.691118854391277,8.15863300093423,7.662295155632364,7.804732443390606,7.790963611393181,9.751493392689667,12.724946445351748,12.236886205597898,9.838382004216784,9.119279710479477,10.578956956303898,10.3818353861775,11.800247055274497,13.295759044642864,8.757220125943093,8.763923526608778,8.82226666970405,9.885921075159558,15.333993293841443,13.34232246032866,8.517003434011315,8.549460989884949,9.050135969107655,9.739810613739508,8.490749550648502,8.667963196806852,7.896431498986601,8.18109734381602,7.940713576657174,8.749299001357997,8.264661666945699,8.32176401647007,7.923996531986347,8.082305405591796,18.022890491218103,8.824283729350668,7.919745658488637,8.184949901080017,8.100615217727068,8.414824378157448,12.227412484154684,11.456743678083969,11.20466504241665,11.442712731892357,11.370232896569064,11.416500674616884,11.501024333573298,11.40758459138624,11.382525119960974,11.512342219460264,11.050975388528856,11.856238253179072,12.164431283837589,11.418070100172429,11.41735450232744,11.334481691228802,11.53513939553278,11.592176518186136,11.423769668786631,7.346439852059461,2.883587127871749,3.440213021228601,2.636381351828163,4.340387962398097,3.3430743120636635,3.5512613717387467,3.625879017307852,4.206200150050165,25.15867864311525,18.979958278612287,3.0807780582928217,2.956069119198389,3.132615356511621,3.976307796470224,2.8730695254944294,3.5326762516803,0.0,11.347920337329867,10.565388164702654,10.84193286308755,10.802429685008631,10.974126444211834,11.05167298689554,11.303448865352664,10.827627834673194,10.962430318322902,10.402891902720684,10.404125420188166,10.391556306995426,10.9159978526082,10.40933675077656,10.440443064920998,10.763243179294932,10.851682256998116,10.720271915232502,10.035814158729975,12.168223184997828,10.750962286298488,9.494574799997508,14.179712296017216,10.698798095612972,10.240968679388402,12.76819926350521,11.494161264841978,9.893628488667105,11.617932601749771,9.950074926859145,9.69535869387181,11.9345468511533,10.518856440045964,9.637074666032843,10.837844705163777,10.243968275982525
327059_10_consensus.txt,8.460354450588,9.441871677829283,9.722083815404744,8.56636891971101,9.688206919952506,10.116359928322083,8.390871375375582,10.441037592739292,10.51526624830882,10.03461774006621,9.985070006404897,10.14917270418698,8.74516697396325,9.561976256787034,9.842216586772793,8.746466963867363,9.122326896580262,9.998665804854568,7.886863262621716,7.318193045467467,7.670329149330939,6.995306873557297,7.417027439263279,7.707373124997389,7.864485659815955,7.654917217926084,8.175496259543763,6.814577520689568,6.947015508256186,7.322404526224659,7.279751183148619,7.188874828074802,7.179218384358819,6.865599395626475,7.414962943416071,7.434315696491581,9.671172843811178,9.934058475143956,10.081091107829309,10.46808552009827,9.87444344298416,10.017254874655691,9.884430372190764,10.007950253865204,10.054232854887346,10.506039779971218,9.974426079181171,10.03972547553991,9.5490443482077,9.861122744110844,10.327898594621049,10.105100977715267,9.716947307348562,9.872754597941425,6.564485907149958,6.525137861759674,6.809542135057313,6.545464645411641,6.670606991957868,6.641337958583449,6.593818280898802,6.575858420481893,6.820931838017373,6.738794118728436,6.708455000394224,6.615140206112926,6.676464987479676,6.556113231981158,6.934240281641507,6.689500161936905,6.680005314561242,6.672891931963022,8.629459571977065,11.57294163566985,10.703092396917668,8.977890380330166,7.939474035148351,9.225368391161169,9.06534218002878,10.672051422408458,11.785682647001522,7.883162021787768,7.624574121753653,7.864994099507101,8.751813377394114,13.442001066012722,11.644736852972414,7.430324885522509,7.426407340104788,8.03506086898608,8.296291622946569,7.652115440143916,7.637383580914616,7.329232412843908,7.492132071110802,7.308496733410379,7.703631549543218,7.394772433034461,7.376407661364283,7.373327268439027,7.651126381920108,17.375073723932246,8.15860723510724,7.581632558809247,7.613054584334407,7.393722480724591,7.6724190036844675,11.048357781880611,10.087790848146255,10.342172070604192,10.19388737322646,10.084485369087986,10.078582818428233,10.061327351402896,10.090259387737092,10.242480821998411,9.995040095791978,9.853317208093188,10.682132949467018,10.815017818260912,10.110921122844388,10.331317948561434,10.103957960345724,10.252192424024315,10.052934238143507,9.919405413134314,13.583697988483834,9.404684971341908,9.528271076170483,8.850732446111522,11.291045323357707,9.139976596835538,10.327706753852569,10.758113729685476,10.37080949108713,28.782994863270915,22.89260123946304,9.743412772039562,9.537019151766287,9.86526513925179,9.963512986200785,8.96309435874241,10.14628775212509,11.347920337329867,0.0,1.2097136986195096,1.2903427647839862,1.495420664708604,1.351641013473511,1.2103449025273108,1.4904332015091768,1.2203101645328616,1.3279581991432678,1.498344720107582,1.361551133813066,1.237271125528764,1.4830884821129755,1.3145086004124664,1.392604654400202,1.4946500990022855,1.349012969519947,1.214534313611125,9.311401362928676,11.307201777159833,10.287265778240569,8.772649732003856,13.67983367095644,9.770689719038783,9.61486440519286,12.248548022042485,10.898869455452145,8.9776847490063,10.987288222034351,9.297919195565155,9.042067167803792,11.141313612604904,9.715225857324585,8.788559368185531,10.234337296370484,9.410578370521762
327059_11_consensus.txt,7.876764669434067,8.886372423024852,9.164261665025665,7.989138395636473,9.15492531567287,9.612357694016056,7.860863786122252,9.91748371784314,10.036706010703028,9.53654616431578,9.466048113722875,9.634466928954112,8.19992818668743,9.00469413683146,9.39792055874625,8.142175607900185,8.607276736445272,9.552050862517092,7.044242808990987,6.445812950673371,6.903402862601183,6.059443931420617,6.567856443733717,6.932567759756068,7.033925503189494,6.82784100583774,7.4246715673533,5.817922233600427,6.071762855443524,6.442971600783437,6.438252002038951,6.312999715600199,6.350554965600907,5.947538078938976,6.560557521561236,6.578764421542303,8.904474676593168,9.15293874257378,9.25931101320083,9.597409415067148,9.04641401935703,9.189145067658728,9.11965144558866,9.23767302766504,9.24868025773327,9.63201913350349,9.141681175663734,9.207880181509893,8.744372400857287,9.054377777081015,9.493710183811288,9.258808303296462,8.909061543290647,9.049079283329377,5.737552796507146,5.692463754403889,6.009296874379174,5.647501751694506,5.800790894891918,5.803159900352341,5.767598426739539,5.752417277882898,6.025410260018589,5.812819373165553,5.832552816422947,5.770470805432751,5.85016615278505,5.740046385231835,6.150033283493201,5.785015085262387,5.811091063732647,5.817544385706242,7.843040225861159,10.753358476037818,10.010397758655133,8.07159371326577,7.096703488546154,8.427549084234897,8.28865443536489,9.924353589454086,11.133460373455875,7.029306358512258,6.774329763614787,7.064483091421039,7.980149062663543,12.84606080621927,10.97681112532581,6.569475939020663,6.528938142807135,7.201093876607331,7.658336059701469,6.863944601393428,6.878883432407235,6.469545724882948,6.631057810327832,6.470252133786005,6.958620073279235,6.565447974581559,6.583435386026508,6.569437511246861,6.866574128314653,16.80014649562895,7.443739183306889,6.777536207671574,6.875494235609779,6.547001089776472,6.828816738096862,10.496347857604633,9.152738282304256,9.356351245001347,9.290459474592922,9.211335126075028,9.18263633620012,9.10866705415117,9.172174144598046,9.294797390244184,9.102117537699767,8.944402696074803,9.725302344351064,9.867494828384054,9.159865399997273,9.343433541089098,9.168590891102896,9.38809242736056,9.14669578136079,8.965554822617605,12.917782271302826,8.64230895939977,8.844567106935528,8.099847775757098,10.620243611494288,8.479425844683703,9.617937568615162,10.07158414812136,9.713286305421263,28.14122887349839,22.382394897592235,8.963437505323611,8.726751551551331,9.09887628639524,9.316387683667015,8.223352073424167,9.421417564943908,10.565388164702654,1.2097136986195096,0.0,0.93598733004319,0.9489146628158664,0.8656680235332033,0.863162412405643,1.39290901696711,0.8045709062797641,1.0156478768709007,0.927591743452183,0.8559651307421063,0.8379776347289862,1.2481213795138046,0.820711418586086,1.06094001946434,0.9362519676033116,0.849303963829243,0.8366603388882936,8.379226102108703,10.452718740736088,9.314386822319364,7.694848550566917,12.873663740447284,8.796247565359977,8.720060153890813,11.295894365688696,10.044145249209578,7.897738486614685,10.124408896401349,8.311091265957145,8.158427375401061,10.33367018643554,8.752766492650323,7.701406592081639,9.35892655478142,8.437401083978898
327059_12_consensus.txt,8.072522785252659,9.057207820769293,9.338671860689658,8.175800667258898,9.358381569352789,9.78170044284144,8.043938493897372,10.04513332015705,10.225675350768938,9.66418403143564,9.648135481908298,9.844280795253098,8.380944894830805,9.228889617938648,9.55138660570634,8.371899166951778,8.764427851217079,9.729565530888522,7.223932453045336,6.621998755120615,7.069934575459115,6.193840705635921,6.715974250870772,7.069188543374651,7.19371116703195,6.949606601432151,7.562527079556901,5.964468203393778,6.222418743069568,6.60378655392833,6.61904514542141,6.4352042780435,6.513095832396914,6.081125840060793,6.7340204790194775,6.765357714113804,8.894494202037777,9.179724242307316,9.288395491813787,9.576213661293878,9.04643263653253,9.183189811994453,9.12632705737684,9.263395491329504,9.272613157839942,9.60987422868493,9.12785702510763,9.207758658479747,8.744624160279784,9.069901139949309,9.487188314485364,9.248914346085826,8.91168982853884,9.045085847597534,5.919154739194482,5.877768578349389,6.174631419175057,5.82894647539365,5.967464982796798,5.962730845351302,5.947581524205873,5.929511326751026,6.207730319249208,5.988647344081414,5.999288583956002,5.939090059094895,6.045666252729802,5.9195058550885165,6.314878727636028,5.957301424378386,5.992296738376751,5.986660169682068,8.028483684317507,10.967332925184223,10.207297143872893,8.291799334331074,7.250311808490721,8.57391853880722,8.482091466595818,10.09089684849647,11.256656829785015,7.233851181654927,6.939178604063898,7.24889867419256,8.170889989116517,12.84518105404652,11.056013212193534,6.757570437373886,6.740812032096414,7.4267818864584,7.865393666060299,7.119581688670792,7.119329903834341,6.741328293179038,6.896759956085703,6.740427687404235,7.185847637327129,6.815150454069681,6.818814462315345,6.845308499299676,7.161687845707547,17.078944453312147,7.734892963440416,7.0702028812405615,7.155573772527475,6.792368949657828,7.097302051937504,10.664022044477178,9.356334640825196,9.563966025014167,9.497943848868772,9.403926847549483,9.3483648311435,9.341847130620408,9.339448424468458,9.467322415529168,9.227632532206371,9.126358604674408,9.906478275255836,10.051505762104,9.342625467463677,9.544288694102306,9.355968886571418,9.565759495798376,9.315905306063373,9.181892557319884,13.06154236000208,8.895800888449742,9.03743347097327,8.324624621096689,10.796434006937204,8.685965080660196,9.795335979488698,10.277303976324902,9.879912802311708,28.314668444848,22.47198429402033,9.193563171245556,8.9733415046652,9.377479982141892,9.516227560589186,8.487955249050742,9.68276701515788,10.84193286308755,1.2903427647839862,0.93598733004319,0.0,1.0492741820305582,0.9646320627575732,0.9591541108333104,1.4824660600246489,0.9806284697705224,0.9915686630131404,1.0138398177759314,0.9320666437773184,0.9505435365975928,1.3550349937200965,1.0127241889763354,1.0409495453306477,1.0476743722546755,0.9469301991507564,0.920089145876716,8.66696110657557,10.761628535030866,9.666691219591144,8.001764562307471,13.144786607439755,9.106583026334022,8.985265553285785,11.623235936949186,10.328670493891366,8.167917631525711,10.437273092990496,8.623041634627157,8.443118246626113,10.585580207231205,9.065644756927496,7.972552089912085,9.66302941583274,8.719707286054359
327059_13_consensus.txt,8.219828556200127,9.41885856263002,9.845741604756313,8.379128873826858,9.838253033334354,10.20520223692165,8.184432352965587,10.406666632532165,10.686007101783389,9.976135019736148,10.195036423671922,10.128833568583786,8.592668577966208,9.447065106708692,10.173371998357707,8.575834032524995,9.197560485907502,10.133388367616476,8.005715633246837,7.280965700959655,7.87395185043556,6.588691935612076,7.408199506794517,7.816354818218713,7.988597671817843,7.749766654131349,8.491827255387193,6.10555034267702,6.766098099681358,7.229221305181852,7.290652249972766,7.030334826629087,7.183340052577819,6.456982439762953,7.384788128144407,7.431026424603033,9.38817327275433,9.682420585693308,9.736320674160254,9.773701607061753,9.381065719636922,9.501894079808096,9.680663718853168,9.802507880557355,9.705266268311902,9.770901846648144,9.38890547182598,9.455381744212843,9.149319003018547,9.446884386740464,9.789483083856451,9.459743794841415,9.256414073617464,9.361324953721862,6.108477708874432,6.036097815232438,6.522794065835683,5.739922073498576,6.040348974404651,6.165177974384392,6.13639112757528,6.112872716575225,6.589259481221347,5.912374193192818,6.076606705792017,6.124233442062177,6.28842531637747,6.110680979788583,6.742670608675326,5.891566864853701,6.065407411911679,6.154265571831616,8.597605151379184,11.763610329660992,10.869130400014685,8.631097616674765,7.665823550422658,9.314267729762776,9.248876431796589,10.89485155759536,12.040176953415994,7.632797484261914,7.399513544605156,7.785064759395425,8.820249135540053,13.884082396284896,12.007611511134996,7.135438938667562,7.053838029855683,7.908818360733392,8.464252548805746,7.363087061781186,7.455675868592948,6.704568895989553,6.859502171217855,6.775681888589645,7.486971743150207,6.900368120596454,7.00965168508742,6.905663581730551,7.322203436159953,17.549749166974834,8.144307715803961,7.163629754771648,7.385841378793771,6.815819937233016,7.225587678696172,11.316671756526205,9.59576266790566,9.650343051538812,9.63929598444588,9.75908956831529,9.56496305336833,9.502784003856789,9.685383846872924,9.696021221853698,9.481334391385928,9.338831549147812,9.953692562184813,10.124354581637364,9.501360165974576,9.5569584840473,9.4588000487434,9.877502865044733,9.529591203177176,9.34498946706833,13.187956050557602,8.87383966521611,9.2790696116748,8.315773891372146,10.941415369208016,8.854381306803589,9.973440107864915,10.423727799120456,10.081717090180462,28.08103902407948,22.664542858564342,9.187069863506338,8.928116809254902,9.37945519341872,9.703283839704229,8.39962910961549,9.687407446684574,10.802429685008631,1.495420664708604,0.9489146628158664,1.0492741820305582,0.0,0.5027785123701278,0.8670051631952447,1.7526943459516249,0.9585445221231907,1.156470596450106,0.2783975117063733,0.555839778334132,0.935951160502782,1.6564847780247192,1.0135043411979725,1.3373751195464934,0.2428923670987615,0.4720141005435607,0.8521022052574381,8.584495777811867,10.912056982714605,9.45456998969246,7.529851335602416,13.326133242406629,8.976198991665683,8.985682437020614,11.619968476687347,10.425742719521509,7.708006849236767,10.5614930708403,8.499274544082368,8.479450739951858,10.907538317226964,9.031543934700096,7.537689253339863,9.657663221358746,8.513670249219786
327059_14_consensus.txt,8.251745900104083,9.417228693340974,9.8121842743044,8.403873193396862,9.799710330121286,10.151699083624637,8.233269428723133,10.390332460558568,10.6639335663927,10.00714469408848,10.13060661984872,10.147128012842074,8.62453249164588,9.44832118015438,10.103082098774903,8.615897026233654,9.178867508849066,10.094596290844263,8.042529790921265,7.353262066001434,7.885022383007538,6.753522787955888,7.4659245163175,7.856915131356004,8.004028965718874,7.7943493297293,8.468600090463895,6.338062159065316,6.86325037055758,7.3207417177411,7.352386733030869,7.135083010031849,7.238301217743924,6.628631817107873,7.452472774244541,7.478153648550347,9.597277925514447,9.871736930093846,9.93861091483501,10.06812904169766,9.63641744479537,9.74870761428349,9.86536111372942,9.972237134576176,9.910717544641102,10.076200749672807,9.657790890391368,9.723177250610943,9.37647243011429,9.66997353066762,10.039306819557568,9.7443213250354,9.498491737341226,9.61152509292492,6.331713584026716,6.275815142306101,6.726001357233372,6.051591199549648,6.315788228729844,6.394811576038308,6.364084373705111,6.338943473299366,6.76659165983699,6.232629447782529,6.355484873830847,6.362176296040445,6.503158297485697,6.336099494440305,6.921035301004622,6.2109778233365205,6.332214644629062,6.396613567929876,8.693387118007081,11.778976825016288,10.889012475571064,8.825565952241732,7.8028011013796,9.399591360991622,9.306179255461473,10.949895294995372,12.088505207293396,7.776436669395025,7.542342021247123,7.898534849732755,8.919641463971118,13.935792303196138,12.019391569709114,7.293564453596218,7.237346549910569,8.016001722832243,8.418401384784147,7.410166223844044,7.495159636002143,6.847539949477266,7.000460973115082,6.895202177735769,7.541078594201565,7.009861995462813,7.099903492086241,7.015434738912745,7.398122648738251,17.53246615984466,8.120027218819246,7.248761735384107,7.437649415886369,6.945419593409952,7.329541051573983,11.24897737513794,9.750936335619826,9.865375657304298,9.813012591007803,9.87830446527198,9.724443321834826,9.670986224096168,9.811854394429249,9.892417087995852,9.64358834427253,9.494247928693426,10.169688303441433,10.333244275479046,9.694691728605504,9.784374667591408,9.662161329100286,9.991803769938883,9.710652365721216,9.503321165947057,13.406606014641625,9.025072676088882,9.4054054713219,8.515554083445977,11.106298840544524,9.015172420174736,10.136078692397971,10.596773359346455,10.219040061762769,28.24903200282796,22.8266186008143,9.373398928160212,9.115975302753329,9.521554517842674,9.808165958117172,8.588466568789386,9.835544062933252,10.974126444211834,1.351641013473511,0.8656680235332033,0.9646320627575732,0.5027785123701278,0.0,0.8016428255741062,1.5867759099114096,0.8904385731192974,1.051354178417796,0.5461990846442859,0.5148487412210443,0.876874508732385,1.4976569283208503,0.931603849582018,1.1992861249680686,0.4916607203142007,0.41991959799293,0.8023685163900609,8.776709515516018,11.042056792288577,9.683259228017334,7.859475565775995,13.44495952589773,9.204210043790283,9.213388186257871,11.824138581710883,10.57249677919708,8.068452491695155,10.720090865418,8.71758960568792,8.674916548541034,10.986920620501223,9.233601191134994,7.896804071303791,9.869831669697533,8.758773948413022
327059_15_consensus.txt,8.171254664881303,9.191726364115423,9.504423885146764,8.262855881720157,9.461462888418964,9.91607530957873,8.101542729229891,10.15268946845464,10.357135115601864,9.804645077599504,9.78731026026776,9.966783330219982,8.427963638690017,9.299316838267371,9.711843693452124,8.457036203370535,8.920756595885962,9.847283027674507,7.659103548838061,7.037033644465396,7.477270729454858,6.566438521892508,7.141975898939791,7.497151128671533,7.6309051410027,7.393242236133915,8.021857913580561,6.311198836244614,6.6155217610433965,7.033275795585155,7.036386782688737,6.858116458850816,6.92729864446568,6.457481185389099,7.117515864865652,7.151513224654309,9.34742706233493,9.638311639429446,9.728224549522793,9.984042281012536,9.465838940745073,9.617361329297978,9.58401982333396,9.73047734587078,9.692167920130773,10.027065697156443,9.553510042150949,9.6173782627136,9.190920552321645,9.509157036178522,9.914704672420214,9.656984606001856,9.33311346242283,9.470721682852684,6.200889754594755,6.136800697776891,6.457505667624162,6.053071962788295,6.202959366923039,6.230221069305969,6.238543489079007,6.186497945400276,6.484404755810829,6.226038361888698,6.243688559672876,6.20789904461742,6.343717991259041,6.181005671808862,6.613031994614403,6.1911405835306255,6.223809728097933,6.254181658816265,8.405448540201633,11.3560969311917,10.578509174667431,8.619353915877582,7.626543760371817,9.005996931372408,8.919454206198168,10.528776202826464,11.624919598904173,7.611271352115182,7.3164412565522525,7.655886327317205,8.551395011644331,13.298472420422854,11.477954716369196,7.134806302698792,7.098924703357568,7.784087450160655,8.123768834759403,7.342268167433019,7.361758514135772,6.947346152819932,7.097695362856712,6.946466246949171,7.414124707105941,7.025872092494126,7.05756381652418,7.078552442014427,7.406213651501389,17.383274960441383,7.989789173166798,7.300762528986866,7.396055812237591,7.016185171768541,7.316179234486526,10.87925072276039,9.652504051776702,9.844272206838696,9.772477723087206,9.725975471414529,9.647874159838809,9.607384767205131,9.70439549425555,9.788234488516196,9.545702718952612,9.450624944496552,10.208506235078232,10.35274268178705,9.664959154939424,9.84605127411544,9.643816633591086,9.889656932671189,9.62277281071681,9.458040698219406,13.339640521544196,9.10303080024039,9.292353680526958,8.569761384203787,11.03645618147408,8.92955329435921,10.0492623133689,10.50702668200779,10.159239524094744,28.45570978930124,22.696653341879767,9.428633987391606,9.209473641155457,9.585254982253446,9.792433954967692,8.7083691365591,9.902326731785593,11.05167298689554,1.2103449025273108,0.863162412405643,0.9591541108333104,0.8670051631952447,0.8016428255741062,0.0,1.4072319962250504,0.8732374193784835,1.0198857368317815,0.887003186468462,0.8386154546404327,0.7514033812813636,1.352456720020541,0.9901291882266604,1.158664481656615,0.8614773119220445,0.7976485936973745,0.6659593883870798,8.941550668395962,11.07830414457942,9.878095597741437,8.20542066423468,13.492620516273348,9.376600686852557,9.306841216379157,11.903342381513085,10.659242003035844,8.384095722674203,10.7341085604466,8.865479470766275,8.714296929564682,11.005348556876925,9.365065359907137,8.181460654579212,9.94106896389684,8.963369097224358
327059_16_consensus.txt,8.6979525596102,9.623369213692795,9.844564700107014,8.739278898051168,9.883345443897156,10.268505119496467,8.629113634286455,10.611603624969405,10.666060493683176,10.26465027728375,10.127847679582146,10.375872509841145,8.91566093012591,9.745238350923614,9.940333160539694,8.904869919281282,9.229572178927754,10.227257765571323,7.658305193097021,7.085233487028461,7.43928284367081,6.861118458056865,7.221148355362118,7.534139213395122,7.622351780909241,7.450145357852364,7.931921083341592,6.681537611806277,6.773795580052422,7.10464703151024,7.066179538972051,7.005874718131338,6.984198234883593,6.719884874318836,7.21258743056319,7.235591973035923,9.540153208793528,9.778597808778612,9.907790799230495,10.343206237904552,9.744941466015293,9.887156237204806,9.72999920307086,9.842394537289069,9.898167999021268,10.388318431000071,9.874169181097386,9.911236937542128,9.418602570702037,9.731101361334368,10.18984493619746,9.99697353944424,9.598899901754235,9.740016395071962,6.455230247245709,6.438695194561774,6.7132640017374,6.506739122204692,6.614815967929246,6.540824494470485,6.476789288832379,6.482811884254033,6.69653903533964,6.669418489664281,6.634183262924182,6.5225623367902585,6.533860050561884,6.483000596200895,6.830781574335617,6.626054944755083,6.6161092330152655,6.587607537371071,8.486562403596565,11.374929957141944,10.554340403934589,8.849718484692005,7.833692713255402,9.04837514628872,8.865515153025683,10.53733039554794,11.730781322846894,7.7525590047160335,7.50614226879577,7.731972686585493,8.624032546751437,13.329315081435652,11.437589737592075,7.342870037438388,7.318208895248517,7.905953781631524,8.25432949466142,7.698327991536416,7.682060897515669,7.372595200201886,7.553387398861162,7.349247823722067,7.752175797824805,7.441008741088012,7.400271814397911,7.414555495299623,7.679024979225801,17.378854039768044,8.135188857260744,7.595203817762865,7.651992800128823,7.458629914369453,7.699040998638111,11.072735916923534,9.978266929574716,10.228758509731565,10.06381817353548,9.966460045353244,9.962526294124077,9.934545816465231,9.961025127262758,10.138911895215584,9.861428646037098,9.74185508658195,10.56277228315264,10.72472853536999,10.019794636811298,10.261450028442596,9.994529468884934,10.142352793809096,9.919243973403752,9.803190254443848,13.59057232951153,9.429505128924404,9.507584033651312,8.895302322023724,11.307598813649236,9.147952630585335,10.306727747265256,10.77082038161234,10.41128072304764,28.869562109877165,22.86362067927979,9.714268029955804,9.57163040687186,9.83991962593376,9.99753214921327,9.020756278696012,10.127689459687872,11.303448865352664,1.4904332015091768,1.39290901696711,1.4824660600246489,1.7526943459516249,1.5867759099114096,1.4072319962250504,0.0,1.402313099152309,1.566296311877295,1.762679732625429,1.6041653167143863,1.4432590621737518,1.5901179891939137,1.5207556582645338,1.6418505769562444,1.7298195746841998,1.5743563107333216,1.4248251643755907,9.344734872078844,11.269326326045473,10.360944813167748,8.877782620336518,13.611368329845106,9.845166323458784,9.639831962122685,12.23399268975703,10.906768630270337,9.094598534459635,10.990240242314826,9.332619017007572,9.075277442115636,11.158677216299909,9.671555451316408,8.892826513484692,10.249642367493491,9.499494464086354
327059_17_consensus.txt,8.254020839678333,9.21904503072352,9.500304650915156,8.30826808361644,9.491886421871923,9.934133402227587,8.144397283504759,10.215060492821522,10.38528580593362,9.832297317346216,9.808177095651445,9.978439579155292,8.494634073267775,9.348971042964706,9.732723595689606,8.508050379495273,8.923490434848361,9.864581899301584,7.587183653667466,6.972639665574093,7.376403457050685,6.5495496182628585,7.098361912894745,7.419004614699361,7.548595248558854,7.323378834834102,7.90975564298401,6.30003319773715,6.580796319588785,6.9406399462350805,6.949954344873845,6.798895579667942,6.840076478800086,6.438231937118417,7.069037738944587,7.118220400476957,9.149523471732834,9.40136115505993,9.526821975750636,9.832789685975854,9.283990814747426,9.415231366687236,9.372921852138006,9.476719729611602,9.49230124211482,9.857370341132937,9.37103853277273,9.433217037238704,8.992163829691435,9.292242211506164,9.730773190662774,9.488377357564332,9.155464589377289,9.289797483821758,6.051171894735944,6.022567918774143,6.350482370139787,5.972211879932502,6.133402849872368,6.13079598232946,6.094117704513224,6.077140717743816,6.360702183705541,6.132502896910808,6.160532734056403,6.102769957593978,6.178523033218539,6.0633446300565765,6.488901481546748,6.112427983331486,6.145026790311249,6.141856455667437,8.217872244254636,11.16137282232961,10.40214113787539,8.436601835811643,7.462440492087637,8.798224247790813,8.721696517373175,10.289104577710532,11.42714523817392,7.426268980358031,7.143420989377489,7.448242318003395,8.34431656134143,13.099776478963122,11.27539429317642,6.963245242858136,6.93155607979179,7.642045788736823,8.059076876481868,7.313445353155487,7.3039146973878815,6.916568261934572,7.081132044461242,6.895371039313886,7.3853797884579535,7.014561886075398,7.014006636434033,6.998787574649327,7.309141607275649,17.232494427467486,7.910580584526315,7.209842906902281,7.286997723705952,6.997744383116981,7.286245888740723,10.796827303373448,9.693700000528452,9.845571157615725,9.8277868807329,9.739212097356983,9.680407807740778,9.62754697975322,9.718223149508503,9.781008892151135,9.581529087815056,9.440419196371693,10.198736287551242,10.353344977070549,9.680876205601407,9.840107411765873,9.655883450696706,9.892576423564606,9.59853909359083,9.488419279415496,13.135498864664214,8.938400925790802,9.057450543584023,8.378346308060372,10.812083014225436,8.7190016201763,9.817364825103652,10.268481379719958,9.908634739422382,28.40048045921526,22.34791109275852,9.251515375694794,9.043937073201562,9.38839993396499,9.555472278417142,8.519490823057026,9.72796297869047,10.827627834673194,1.2203101645328616,0.8045709062797641,0.9806284697705224,0.9585445221231907,0.8904385731192974,0.8732374193784835,1.402313099152309,0.0,1.0446697949138295,0.9694187677434344,0.9372301112518926,0.9315697630437398,1.353648422656477,0.8914932042702048,1.1664622683815082,0.9469333733648568,0.8729969517476661,0.8762943604554039,8.891087985003765,10.935443678961178,9.830482374335588,8.25197451048615,13.316866579707948,9.35662411251974,9.204433172770225,11.809360421179916,10.49694984238988,8.424821545392547,10.592930058907996,8.829163447825238,8.66540020628588,10.79624201226278,9.283756517598874,8.239715605438619,9.82117102683435,8.956093527040252
327059_18_consensus.txt,8.24882017921982,9.277221195285051,9.54594339709672,8.358448870484438,9.529977100442125,9.96488301378804,8.196655801730458,10.229384711215005,10.363475460014511,9.83599735080884,9.825967038874012,10.00127528616906,8.56322582401998,9.35239413257193,9.74646570132461,8.566829359799272,8.950661062543702,9.88299810889248,7.536088392976353,6.963191188758856,7.383798832138041,6.558575750755381,7.064749048767567,7.386808488553413,7.533249553148664,7.316643639513643,7.894584550270679,6.315321204812221,6.559106523875869,6.929543153516192,6.949663170089934,6.791305249233403,6.850573792579212,6.434969865241101,7.07001453624423,7.101168042068821,9.215744047931535,9.48312999653058,9.611059225321696,9.90845816930431,9.376458784788383,9.50829214795965,9.444455039956097,9.57453115093739,9.599356352451425,9.935417791004738,9.453169573370817,9.519707302374629,9.07237046355175,9.374593270442688,9.81284536683836,9.569550541586525,9.241190047421467,9.375935370842512,6.135916500182304,6.106404936817967,6.416374212368623,6.057444055520875,6.203688936381525,6.213884044002668,6.165350955884492,6.151296856358613,6.445663559327954,6.228875288908284,6.246117903491665,6.1805379207168585,6.262415404450678,6.14236076060854,6.556783560979,6.1945337265873945,6.227557633286153,6.228820538722573,8.287140281079473,11.203108020115735,10.437101068568609,8.521928734722508,7.525728523477312,8.82278374799131,8.739800649369442,10.379308687179048,11.514800946273624,7.485585452257567,7.224629556089098,7.493745234793209,8.427526352953237,13.1807682236265,11.37105631765604,7.022554280859993,7.011408841187404,7.691724173203966,7.962649923436857,7.249654397463075,7.21647538881939,6.85053786989522,7.027485820218431,6.845802962181324,7.296205688437396,6.951948246383779,6.947307437342715,6.943218814572447,7.251877270889281,17.175747068187604,7.823346528017282,7.161123844100928,7.218772493773372,6.906935440150221,7.213905761612693,10.758342624278155,9.621053684142396,9.853267866263195,9.75834778887139,9.66391193364774,9.63823082214816,9.609068178956363,9.654227409794771,9.757638876318708,9.525892537297864,9.39333013303724,10.181612892286466,10.337122923701031,9.641957244311584,9.836246794984676,9.638800073046356,9.832996222365352,9.594039863086437,9.474844353307844,13.281477754427158,9.049723748499956,9.209461195106996,8.478600440293064,10.953952134937424,8.81796747785802,9.975368886902402,10.447278610602837,10.012143403877474,28.483261481675072,22.600059685840563,9.387046765047272,9.13046133324309,9.507799809337088,9.639807189552926,8.620434465438791,9.83246266932258,10.962430318322902,1.3279581991432678,1.0156478768709007,0.9915686630131404,1.156470596450106,1.051354178417796,1.0198857368317815,1.566296311877295,1.0446697949138295,0.0,1.1628942825695958,1.0689729736138247,1.017807472545826,1.4388771749931948,1.10436613783844,1.150060685346716,1.1580043248984566,1.045629480795924,0.9880353499612512,8.887593617155346,10.928200022629028,9.833818444537885,8.208497386633496,13.333412788275837,9.30751824692004,9.1704991142783,11.80616364301494,10.483869550584018,8.410617384474676,10.599695015259783,8.846007557776034,8.629785556029958,10.783457223043795,9.239657034310085,8.217131930135622,9.831337480203388,8.911571803383765
327059_1_consensus.txt,7.895607457019651,9.06704845265176,9.49133841741144,8.064306231050978,9.493443614197588,9.9194663271943,7.886653469213002,10.103329804502437,10.38118839681266,9.655271077185034,9.856765432086776,9.826441915653676,8.328204714981325,9.18416268037106,9.867704988014395,8.257981190240002,8.880695911192106,9.83147701002764,7.396395260907468,6.686893422750018,7.280639749144086,5.970725234891859,6.812158206806998,7.220425244321291,7.375420137673473,7.115767004844543,7.872240795716152,5.51913557358057,6.175922113261663,6.619963306659031,6.681522942977722,6.404015750613382,6.575626564876188,5.858794269049895,6.784984987470807,6.852061897067813,8.864930396566479,9.164484173515632,9.221044000423433,9.258659725423511,8.860494751081433,8.995149072894549,9.14761024246434,9.27709818055814,9.19424949980322,9.254907677585948,8.86856335243624,8.955316728475339,8.629731066386285,8.9301342396746,9.276085042935108,8.953408430808906,8.739275207111973,8.84736177012826,5.5903551517585015,5.523041976564286,5.981727547438879,5.242532283241985,5.53163500289088,5.649976197870785,5.620356155546688,5.613311445746945,6.063779283507301,5.400231666529066,5.566915905563405,5.6103838860740325,5.765055655081767,5.600297589184038,6.199840274167116,5.386399432264852,5.5498493499098345,5.63218490677167,8.036613801221733,11.161066487547316,10.341384541097,8.054706191755201,7.097567309384885,8.725857704301347,8.651119728671858,10.282403326464475,11.491416884367425,7.071033035790265,6.832821307106428,7.214467263418612,8.24663102704352,13.310160015976123,11.3890237202707,6.5648535112586615,6.48244950449714,7.367147218799687,8.020388096333818,6.869217681543432,6.955636093383703,6.236613268919086,6.392674944311807,6.307245434169602,6.996950711367845,6.414307587433086,6.528552389952154,6.441818087370223,6.842571989663043,17.11008666472236,7.671576809822113,6.7126944149537735,6.915828840805602,6.329818654695487,6.7420994690983775,10.882547189574552,9.052531745599651,9.11404380594712,9.123615842195475,9.196679621213832,9.023905407000086,8.964054567268022,9.115649632809266,9.144887718340613,8.941295361915081,8.810759841626862,9.423487370212854,9.596500048756807,8.939173308587442,9.0211702000949,8.928420204864778,9.325501195761888,8.984072550831684,8.814049127298858,12.818561818457397,8.47249549289404,8.864684325846042,7.88232950390335,10.556548546236286,8.434191173413751,9.550368545900028,10.005141549877637,9.648312882707556,27.730227566921315,22.35811167280696,8.777856403130613,8.492217551700435,8.971245571661655,9.28284438792798,7.989389310823128,9.28374857964394,10.402891902720684,1.498344720107582,0.927591743452183,1.0138398177759314,0.2783975117063733,0.5461990846442859,0.887003186468462,1.762679732625429,0.9694187677434344,1.1628942825695958,0.0,0.5072197933851612,0.8591020292417397,1.6056672959555272,0.9329514263385476,1.2403158808534158,0.2766178706576738,0.5006239807398174,0.8275381038624232,8.03277940466603,10.316906388087432,8.910901187638672,6.9638835241947845,12.801512738500094,8.403443507597046,8.379951710482203,11.050641343315078,9.865783048564026,7.136180541544263,10.016535853081791,7.915487371103438,7.904435261094875,10.282815706747272,8.484174002887698,6.964406009758989,9.13654526446726,7.975775593012258
327059_2_consensus.txt,7.746449174433735,8.89846438353652,9.264003034228836,7.953141371312768,9.30578808462394,9.707143727743642,7.766950974132953,9.921694798063868,10.165302500125506,9.505672852863086,9.659249307917378,9.69681734946886,8.193974463517975,9.01157210262744,9.62086781386546,8.116449851810557,8.660876568787444,9.63414767426292,7.245750212435951,6.561776456235293,7.096256570478658,5.99011668513225,6.671778888086806,7.074309690492328,7.193241736692926,7.00673377208409,7.684756103643906,5.618375575955213,6.106438133481163,6.529423688861868,6.572894314605492,6.3469353917527656,6.455158495226101,5.873939624790637,6.656629579393893,6.695469592705535,8.878230133864918,9.160716183308123,9.235659537364995,9.373883814155931,8.920860268361139,9.0462408461932,9.13525460829959,9.267983737624776,9.202101587250295,9.378796522356424,8.954782495385189,9.039850340056605,8.666201589376215,8.970173929706277,9.338501275937972,9.059881288254983,8.783837602934,8.894387732887822,5.776227532622386,5.709072882871624,6.13141071623977,5.516509200576877,5.756091271355331,5.836462253377135,5.807427828423897,5.787164596627974,6.187459743399245,5.678032872775816,5.797435203929922,5.792282147942558,5.940441555026666,5.77507502322112,6.326263626666787,5.661604053628423,5.781999829187157,5.830090562362329,8.002768552953512,11.116951990846983,10.234932729694831,8.120083626640508,7.106788534354109,8.686647033503618,8.555188523997572,10.270437935039697,11.413990838265647,7.061043525935247,6.873876884462675,7.185673863007366,8.173038834728914,13.265550433101224,11.309290372976363,6.608865552088446,6.529424845232086,7.309741712347886,7.801327637518455,6.767826100896286,6.85646281939006,6.234555476545609,6.381780475487176,6.28102424817439,6.87845196212993,6.391301421056653,6.46194784980122,6.401659418741872,6.771674709411286,16.982078250355073,7.468996150156784,6.644677278470226,6.817886630354792,6.32489023390724,6.68549066038122,10.697236494257083,8.940078769580623,9.048706343289552,9.010730848583703,9.068805731113116,8.941176853617094,8.881088483368558,8.979162307778836,9.085974600953762,8.841103307522928,8.71699474115485,9.376998661104096,9.56045980404457,8.86097995746519,8.990197538291739,8.854922843269435,9.21854987663005,8.927024496372269,8.730406784283161,12.855001219312328,8.4445529613306,8.883191215878014,7.925973521898754,10.589291552938109,8.456257638651266,9.58759205341596,10.047604775543732,9.69346383637361,27.876699894289573,22.42752812610945,8.776354982570865,8.484448499000678,8.934402962208878,9.299978625259484,8.021577515861907,9.219120828497068,10.404125420188166,1.361551133813066,0.8559651307421063,0.9320666437773184,0.555839778334132,0.5148487412210443,0.8386154546404327,1.6041653167143863,0.9372301112518926,1.0689729736138247,0.5072197933851612,0.0,0.7588805772610385,1.416135850436376,0.841848471879814,1.026020498956143,0.5518108518103304,0.470963880862655,0.7897874229489616,8.132852880231098,10.377381603557296,9.08125533670676,7.176382349708945,12.863607654373482,8.535556927237508,8.49911782197745,11.197456305012224,9.932816678939956,7.418164404959498,10.11415557899238,8.08049132167065,7.994278864481544,10.307852669440194,8.609366597845622,7.232831032162039,9.285291524549791,8.135215663370332
327059_3_consensus.txt,7.645340374622549,8.677721581202036,8.991980210118925,7.796500739436055,8.996283573118319,9.45342242457923,7.666214341110901,9.66655206548495,9.912056313794494,9.33615626449688,9.357310136003548,9.484159403526348,8.071398723501545,8.863669611612124,9.263891956102157,7.934214392439628,8.408301255291065,9.395927078741977,6.787891980648226,6.179640655295998,6.634630370390198,5.790778562245862,6.303618620143482,6.67529266784868,6.752255456193666,6.562228083779701,7.159572527837668,5.570479657628653,5.809743094801604,6.194809183550262,6.174566148664496,6.030663420942403,6.0651633183954345,5.690311884093148,6.296217572046487,6.315416179532008,8.678202142183068,8.948975413380083,9.044355124254707,9.31867079018224,8.807882974811491,8.95253249698959,8.890966867924817,9.039899152657313,9.036435436581767,9.347424951301493,8.87251314908815,8.962252795785787,8.517430311964233,8.83829495625696,9.237644425881626,9.00012386957144,8.660211038900115,8.795279883445232,5.550269244486003,5.508345418250428,5.817981440199333,5.456614794191239,5.604299767045859,5.618017337827155,5.576437058844988,5.571958068005756,5.866458521317156,5.5998855135751455,5.639543258423373,5.580435164894766,5.676495366614404,5.556172412500985,5.986699225960024,5.570886459521262,5.625985658713944,5.624050007850485,7.606983303905849,10.542467951423475,9.780314685289,7.810647235919362,6.802303438966078,8.184980495955301,8.018092427198042,9.685939857177516,10.948328051099168,6.719032220676809,6.521580923987472,6.773443249529464,7.689297443150053,12.609883859175396,10.710128762144166,6.292368053296912,6.239772865116379,6.91368666493446,7.448827858809068,6.629064256182119,6.636660306425767,6.239864888199634,6.3957415695762165,6.253301684435655,6.72708462871833,6.3425491397781,6.3511498592309295,6.342841428071154,6.64809939182328,16.66652809632268,7.219877875767565,6.558266703605113,6.651280628119821,6.307831181149709,6.597879768321036,10.309385675728096,8.774973629661417,8.985772367186371,8.909015038411553,8.892767698960029,8.82718063092716,8.790324858453914,8.820113483624937,8.974018641949101,8.742310478815057,8.608626239311889,9.363679025863178,9.546910552895495,8.784088930890618,9.002098258696094,8.800747601942135,9.065967788729324,8.811452973937492,8.652132065132832,12.795174284397376,8.448622414998226,8.734017354991408,7.930744635983444,10.527465658577055,8.343978840468367,9.510511849267914,9.96375527285727,9.567206341097004,27.99669587894084,22.40495339425229,8.763984705809662,8.488599759172303,8.89525226617377,9.19700588251976,8.037080987699426,9.210905747705963,10.391556306995426,1.237271125528764,0.8379776347289862,0.9505435365975928,0.935951160502782,0.876874508732385,0.7514033812813636,1.4432590621737518,0.9315697630437398,1.017807472545826,0.8591020292417397,0.7588805772610385,0.0,1.2101493358248945,0.8477345092942983,0.9832937425231308,0.913606087249093,0.8392485572618398,0.6804091790089046,8.117822897761926,10.224372647050814,9.139200097462094,7.377691785696925,12.663946731210103,8.567273757837654,8.430900464251692,11.115545494019216,9.804558746605608,7.632193626353683,9.96198793667088,8.07207222810797,7.900329889092234,10.098837733703306,8.570280185356353,7.433738182533887,9.22067620429857,8.20639049562402
327059_4_consensus.txt,8.165828745429394,9.12523762529429,9.41195987250694,8.282055641387274,9.396381307184017,9.832347139636283,8.215063907874253,10.135136268975316,10.299789674443048,9.846467511126946,9.723030762664166,9.922427695270812,8.545024783923964,9.34630755969539,9.586220025510784,8.39633371192366,8.787883031318415,9.798610034139015,6.989043311513683,6.461401782082817,6.815458998274494,6.239139276335038,6.587365324730797,6.924253931377962,6.999593094087345,6.82159404269612,7.357223131999945,6.101144339963639,6.159247729272124,6.504426489474554,6.438836605516769,6.385138631716188,6.361755591234783,6.128770125053677,6.609692438784748,6.581939101234525,9.116679200119904,9.350930848821406,9.488212034594994,9.894978244385811,9.311720327767604,9.463987132924672,9.290965782647676,9.428350791340108,9.476468248968786,9.937930967485556,9.41299711570838,9.491788135621562,8.98831914612822,9.314113398800146,9.748720292952328,9.557044146108524,9.150964099062207,9.302161705387393,6.057405733549615,6.047162306585392,6.301006792109604,6.106156433179876,6.20034693802495,6.147573777308821,6.075940674508217,6.091443591836082,6.312296870302248,6.251382888640308,6.217788524016328,6.123011047765544,6.150360319616425,6.08007685774254,6.43178348839092,6.211446319665129,6.212237817439359,6.175942294418064,7.906550339069156,10.742626438978675,10.044698662666576,8.239627804159113,7.229865844791277,8.45314450434887,8.261224297479316,9.901445016335686,11.19734364488056,7.11760034958462,6.917728143826821,7.124208825717403,8.009887533148571,12.787059503350577,10.984333334235544,6.708951878938024,6.698973977177957,7.2073805617066,7.753507323146891,7.138493299597428,7.106839643419903,6.81903127383157,6.9840553186630245,6.822597443611869,7.209951716407659,6.901932766882794,6.860418939902502,6.879482690910663,7.132931228195673,16.93973994352433,7.601297649616299,7.072452258860096,7.122237315297923,6.890841699154976,7.14837910510505,10.688497687409722,9.215428580493269,9.477200307580349,9.30921051325845,9.261917255448054,9.25591161952616,9.212297631766774,9.195482870332569,9.431617652476064,9.196845127469883,9.040316738328784,9.856545320294458,10.028825860735084,9.271818747549103,9.537446770722283,9.264453919776315,9.476364902232548,9.247452025690391,9.098088435765137,13.2447620365582,8.994059951693771,9.185702654260185,8.504199119118198,11.0071455145777,8.81041344979991,10.003388243585448,10.458597266087564,10.0727870969813,28.532125129789392,22.64364833468857,9.316710454399072,9.080230311450292,9.446382891026644,9.706145750139626,8.618136697368016,9.721879813713826,10.9159978526082,1.4830884821129755,1.2481213795138046,1.3550349937200965,1.6564847780247192,1.4976569283208503,1.352456720020541,1.5901179891939137,1.353648422656477,1.4388771749931948,1.6056672959555272,1.416135850436376,1.2101493358248945,0.0,1.3431767981682017,1.351463695860616,1.642454858712199,1.4816716009141828,1.3097870725591747,8.639333710240805,10.59526218651274,9.740709544112462,8.098095667084294,12.992410675056192,9.111452600539453,8.886408473922188,11.57601265705864,10.256220530511143,8.356985144580904,10.36972701960309,8.619060700436762,8.389743296152858,10.495872228544556,9.006077611666683,8.14091875420911,9.672017737681074,8.804675769074834
327059_5_consensus.txt,7.842074151675888,8.96339609076091,9.231907942058228,8.02927269036752,9.271012461822352,9.635622807959123,7.854057013685292,9.941423172222528,10.073970542353097,9.529320119066938,9.62446857016056,9.685148819288996,8.302344833835605,9.057892281547597,9.482719892970977,8.15360209933067,8.614319471153976,9.5773839967963,7.175679019516167,6.568870952798591,6.980931508072501,6.203096471570461,6.702815747898455,7.054837242479493,7.167102071037846,7.018188410695018,7.5544565760549744,5.919687688455042,6.192413364339757,6.567745823350833,6.547286947148336,6.4295658307031545,6.452200819074733,6.088983720075021,6.682579402900672,6.692597475532921,9.029783747389558,9.28879082950641,9.391560065314138,9.692239040734762,9.16142246445378,9.278408765160693,9.233472424468689,9.36615875318057,9.388848464999796,9.705744879389783,9.222218092772437,9.282024581970234,8.848792250078475,9.155588738096355,9.57553548614203,9.365767506421603,9.020272617664377,9.118278908512307,5.7320783553398655,5.714052484161528,6.088254624313947,5.654967097801773,5.860393760252975,5.860324888926243,5.755240242584193,5.785690189804029,6.116021576598087,5.826293690196167,5.894145647016615,5.829033446072231,5.852246746013634,5.776666386631405,6.233372495267247,5.797210507473949,5.870624310004246,5.872187486378607,7.820577226432022,10.796978633583308,10.025437121644076,8.033312757151634,7.0536263080823005,8.495569114827333,8.309161543209143,10.02330687131314,11.218473407454894,6.978928169036692,6.815690588078951,7.039670092947972,8.026542232917734,12.992948253906263,11.055518393205148,6.538806961730586,6.500406119662671,7.144189591588997,7.620070711842004,6.765048523076246,6.79586255335073,6.337506495702598,6.486927029010587,6.332603620894247,6.863549198680744,6.480506674085689,6.4790872422261145,6.406101253617635,6.695118269176362,16.632068719876997,7.277304127739569,6.61056600302868,6.703501936814632,6.422177034913716,6.709878690761343,10.483470800845453,9.119216295063438,9.328284823409376,9.230080449406556,9.18498001729597,9.151101921783436,9.111632495196773,9.1620665669667,9.32795531391315,9.087229883020145,8.884140609496399,9.669129054670009,9.837857793458795,9.097085090313158,9.284719023320749,9.104164820810864,9.342194437010107,9.1329684292337,8.973526131390429,12.804412365087728,8.41201324179923,8.792078035764689,7.916081835853731,10.61713603672331,8.380085127482062,9.564697879386928,9.991782843838564,9.595298887010586,27.97590515410405,22.394585485055305,8.792023492290298,8.493006993209917,8.868194987389472,9.195851162855549,7.979069231026074,9.17888056605608,10.40933675077656,1.3145086004124664,0.820711418586086,1.0127241889763354,1.0135043411979725,0.931603849582018,0.9901291882266604,1.5207556582645338,0.8914932042702048,1.10436613783844,0.9329514263385476,0.841848471879814,0.8477345092942983,1.3431767981682017,0.0,1.0311337418402218,0.9896875033426796,0.9050124416893937,0.9144299762594414,8.262275902594808,10.395547329633873,9.27850746021204,7.567427615838312,12.809831448142404,8.783234750362794,8.58622129169953,11.254366482016223,9.953659535541648,7.843819376051613,10.123747696565829,8.262073209697576,8.045554856205058,10.25001852102423,8.723245757629115,7.674043666805858,9.32590060137636,8.407656562409556
327059_6_consensus.txt,7.7842580402602835,8.80610116460224,9.03191000310926,7.966749914663353,9.062390433640983,9.534962090591192,7.800031966527115,9.832612503381768,9.96192681491334,9.422583392150273,9.435050814191529,9.605283113809207,8.229217372181495,8.968825190112966,9.270387768245769,8.071690187354477,8.455990097353606,9.459378826792433,6.802747399495672,6.245433448619906,6.62843563926856,5.96945808368821,6.357732202180557,6.680154769858973,6.778740994316138,6.631032859852837,7.166080283561144,5.809193851768839,5.919393076281835,6.2671204372593365,6.232452266756866,6.134758775594321,6.138060203825091,5.8778469762353325,6.36281802052622,6.354150871491129,8.773504539920623,9.03746857964967,9.16877660978514,9.527955837559034,8.964345553557223,9.090520373627555,8.953963382581492,9.11003945999488,9.1605606673819,9.552883987042492,9.048355254394096,9.126327736557698,8.647307044591571,8.951151633449456,9.396283801990478,9.21179445227881,8.812695659786925,8.94254554005505,5.721304256573717,5.708648116172924,5.987263921976762,5.738536554011603,5.860189251130748,5.8289141303826,5.75020562500805,5.771518131538642,6.02078301021038,5.894338271330923,5.904503555508654,5.800964379319964,5.835356009920815,5.7471417983351785,6.108999811823253,5.868479898592511,5.879363039631073,5.847210253499327,7.610756478444387,10.509197053601897,9.857273282356402,7.915012716284366,6.912005036862524,8.215270381558128,8.01523190673879,9.70688318259107,10.892260369903797,6.7898973553921,6.614812110221578,6.809568230767638,7.75686618446656,12.57169206795379,10.679954225094434,6.394117692525299,6.368459066714195,6.941231445348478,7.364055159269014,6.649624768974604,6.62388343038117,6.328543836912672,6.489801006208609,6.310178176640761,6.711259657740072,6.405364240817164,6.3858275816692185,6.373942464343202,6.640102415100614,16.568724800786185,7.14471458986651,6.590874739024059,6.604023224168032,6.383448523220352,6.645730059032871,10.26179948157278,8.861317601097369,9.130004636937088,9.028582215838242,8.909113761944695,8.933179533721272,8.910846003658378,8.857593866443437,9.08195499324529,8.869903876948683,8.686851999874648,9.502616452570408,9.66534919310692,8.876303275917735,9.148408149889974,8.923493216882036,9.117747244474517,8.933327721022408,8.76413518462266,12.816601241494707,8.484968036955934,8.764680125650955,7.979977298957237,10.59247553963496,8.390734461806744,9.5706076017932,10.019845218390683,9.602015421315514,28.10228616540872,22.367777473272383,8.857142179182858,8.556539176938315,8.941366286548885,9.198937012319677,8.085921265383035,9.242478659932942,10.440443064920998,1.392604654400202,1.06094001946434,1.0409495453306477,1.3373751195464934,1.1992861249680686,1.158664481656615,1.6418505769562444,1.1664622683815082,1.150060685346716,1.2403158808534158,1.026020498956143,0.9832937425231308,1.351463695860616,1.0311337418402218,0.0,1.331457238870371,1.1623843734281536,1.074431977700158,8.215581716021234,10.27639664112877,9.287115583998116,7.623819713511011,12.776182759891071,8.692626907008332,8.478618229850838,11.235783620490452,9.830465004287872,7.889477243081785,9.996631800936257,8.24494575584663,7.967003542349403,10.085007139989102,8.680531187729173,7.714625742292753,9.28797450053804,8.376534994280405
327059_7_consensus.txt,8.256958943195912,9.434767445403338,9.8660039227139,8.405591805477798,9.866849935654614,10.235764194231535,8.213445613303236,10.43202015336118,10.703849089280766,9.99910735263802,10.218520350652852,10.172122415160004,8.625295260717223,9.472176067723524,10.196678135952652,8.599485246702557,9.221623741345866,10.152743234965328,7.945270437819829,7.236013449738323,7.831681118622214,6.550745181649518,7.364601944511719,7.777501566711408,7.930412290942058,7.699843454097049,8.435791544281699,6.0633631253129465,6.738351410941789,7.178164529731191,7.228858667425129,6.981071069435359,7.130833664532986,6.423655950537523,7.340615660066192,7.396513478934708,9.323927073495668,9.600546419129955,9.653341130496813,9.696083980716026,9.30948800216828,9.427908067670614,9.609765739754948,9.71630754050858,9.627428095123264,9.689489368730335,9.307940341680876,9.3783434528209,9.074186822593616,9.369612703743712,9.699880081111472,9.391041171389588,9.189172989408007,9.29000845268581,6.046217804654475,5.99141894474252,6.4938658047792615,5.694707290655117,6.005188391572176,6.123596525026528,6.076103582183805,6.067769762107503,6.553230039286234,5.866836840092219,6.039734679902097,6.083570414534449,6.224459255818601,6.063961640128753,6.703569487591835,5.843884661186337,6.030247296780658,6.110950861708659,8.558473561900087,11.71719673403993,10.814666023458017,8.576747941090503,7.615826421045256,9.270478774265996,9.186574388783072,10.837008883282124,12.021441923243287,7.574020505223359,7.351181911488709,7.733697222290573,8.772347518540244,13.837806849306787,11.950741352765933,7.08419062761277,7.003344509713145,7.867878157899383,8.43849188968818,7.312976563170991,7.408367361440014,6.650324858093484,6.803178642820001,6.714370398887809,7.44036862176921,6.8463493532204325,6.957416073261697,6.8437028605376895,7.246949348069506,17.42360201525031,8.070484510215294,7.091426058489105,7.318065830331307,6.762471079585112,7.177302394114349,11.258891076440875,9.594893784076987,9.627612618585148,9.635092478292847,9.73802736148292,9.552437310312484,9.488593448075903,9.674016148042938,9.684023166769578,9.472035147475085,9.311662364821814,9.933731018148308,10.111339875632892,9.483879999887904,9.53860965912861,9.448115323336026,9.85627504684652,9.501264481804924,9.329965540239186,13.17407625166362,8.83982580281787,9.237590719008836,8.283411963221226,10.92403993952854,8.81466717602774,9.94239291687785,10.37255790428901,10.041118383829598,27.9820448893646,22.63554828774056,9.149688748028154,8.882644941104786,9.322922774052644,9.64575205430333,8.344682712864824,9.647816889966805,10.763243179294932,1.4946500990022855,0.9362519676033116,1.0476743722546755,0.2428923670987615,0.4916607203142007,0.8614773119220445,1.7298195746841998,0.9469333733648568,1.1580043248984566,0.2766178706576738,0.5518108518103304,0.913606087249093,1.642454858712199,0.9896875033426796,1.331457238870371,0.0,0.4636499136119596,0.8402217595059938,8.572130062449617,10.861517266464546,9.451649950101457,7.531889494430914,13.286308683077436,8.978225255572681,8.956573674193407,11.58124820702426,10.38526054739384,7.716288668059917,10.526506143266772,8.48770434567166,8.465816522352895,10.861795161607745,9.005164281051407,7.550906654130642,9.650439388700988,8.525331632006498
327059_8_consensus.txt,8.209974587686077,9.32781609389292,9.713258258747883,8.33270113695886,9.703475959670868,10.101230893132538,8.190329909816512,10.360414992655649,10.554658818860617,9.951523007834396,10.051020771490414,10.077091553551496,8.564307393100307,9.385774097078524,10.003203755502,8.552505070568941,9.110505205747074,10.027474854800005,7.829686619921802,7.125880814371271,7.653078862715063,6.541050669695835,7.248984413164067,7.6314318024320755,7.785974476335468,7.559340843942607,8.24819521125562,6.134026845325479,6.65305621263866,7.090577930074062,7.129267992428197,6.915769128162083,7.031252529822268,6.414539450822701,7.236669002065014,7.276691518618293,9.37665962756114,9.653740071862842,9.724805948076494,9.863400565105565,9.422217331716638,9.550795307588032,9.64573900829555,9.75629931731396,9.697186597662892,9.876600803519068,9.452755077690313,9.523673532554142,9.160487709189226,9.459743000435369,9.835352010168606,9.54374594080059,9.290047414087098,9.398963104475456,6.163269730352056,6.09835303354555,6.533635099733601,5.884821035410312,6.138916933141218,6.211972035371559,6.190017627978534,6.170395675800876,6.568181707071972,6.0591254816698665,6.1733858465696585,6.179374089942485,6.326722244562575,6.162617751889115,6.713689665697757,6.040645110282924,6.158363164451316,6.217856358574011,8.507166924234696,11.577178904569791,10.726706280344729,8.62641668283311,7.6273987513897055,9.202487586239895,9.105984829077045,10.739901884281096,11.906360703243422,7.6014085456793055,7.36014017846594,7.700468881898871,8.70897476039346,13.70463223409513,11.820535809540786,7.104281264980955,7.04817050862772,7.835391200560025,8.296959975360664,7.279209903546189,7.372370861074671,6.732216213191009,6.880740080260011,6.773014251977486,7.415206244033015,6.88661991465915,6.9834400689211975,6.8992292838497065,7.2801747809518815,17.350376865658745,8.009191055654469,7.138651085675008,7.330653186398763,6.828338765634442,7.202896372108739,11.15294733163762,9.627733002094828,9.721582898754887,9.676880243635082,9.7221756339506,9.600193024458065,9.537304920165866,9.676087967391991,9.737487736736057,9.501527328263135,9.360515642969858,10.041393517213235,10.206722941412806,9.559738712918543,9.649468072853608,9.52618984936646,9.861294200851262,9.55290188697768,9.369545173732831,13.227325303683529,8.893999234952616,9.256856533159862,8.374534564868895,10.93787448835883,8.86158602624755,9.97727940520167,10.437169769238722,10.099720121235292,28.190763529239234,22.61182255584345,9.23273812873134,8.977514393031754,9.394746524830625,9.688582193794671,8.462088891088854,9.688662173452316,10.851682256998116,1.349012969519947,0.849303963829243,0.9469301991507564,0.4720141005435607,0.41991959799293,0.7976485936973745,1.5743563107333216,0.8729969517476661,1.045629480795924,0.5006239807398174,0.470963880862655,0.8392485572618398,1.4816716009141828,0.9050124416893937,1.1623843734281536,0.4636499136119596,0.0,0.7944111914980567,8.609849434602381,10.835336458501615,9.486247840787314,7.70691628780844,13.270998369048073,9.03776702827622,9.003720398958706,11.608572826124714,10.423918920013593,7.886407900901077,10.539652884743871,8.533702840491458,8.49710427325482,10.81391675726934,9.039911073883276,7.715003253231771,9.683036133162318,8.612665855791136
327059_9_consensus.txt,7.967948617435866,8.95968804667018,9.284902149390575,8.06499324038981,9.29479892763294,9.73235051754051,7.931701496872279,9.97256596671997,10.182980970124731,9.620089112408325,9.599498740575257,9.778362959955643,8.281949622423042,9.111464112387807,9.555541858873651,8.258207562288362,8.72737406211047,9.684062823790612,7.240680309064089,6.603399393294353,7.039189775601642,6.1040142148373775,6.72076547428253,7.079099560173063,7.190542429675247,6.939338036423408,7.593442998972819,5.845088243255191,6.187169215560857,6.5816701697741,6.603602524839175,6.387404837417648,6.462971633994016,6.003252628560233,6.697977967462691,6.750762679246236,8.837083871702532,9.130720086403414,9.217198137846763,9.461667244774048,8.955717849756525,9.101300356881213,9.070147192953414,9.221390130017085,9.19207663592698,9.496315413604862,9.028541046824955,9.104286412592728,8.674189467295378,9.008147597462935,9.398749395425456,9.15137037229539,8.817688500418285,8.957777204242689,5.7649301886390845,5.734374186519574,6.056044631309362,5.628471609230246,5.794494842969471,5.814507003633935,5.801991060423916,5.784522275393101,6.084975619288457,5.781711966571947,5.825149544992485,5.791146868935016,5.908036239157127,5.763824811199015,6.211879202245882,5.75518213147086,5.813101184231698,5.827919421041884,7.960760304577775,10.91975655946817,10.12085386746287,8.171783318690245,7.133577370438161,8.513322985413993,8.448038446127555,10.057502325480073,11.21326445279783,7.1230667292871885,6.842590955728042,7.180938289078881,8.080737099829378,12.888394469227933,11.046072507659687,6.665671623091043,6.616883325571109,7.329611772766782,7.807859692456191,6.967536991019074,6.981575625979474,6.537307250397191,6.6862024321243325,6.53750006569868,7.048727504628914,6.63169908825995,6.663053700473881,6.656398241687214,6.9816065660147615,16.99896070461955,7.607264461948887,6.884938906756929,6.998584140340597,6.604878811177798,6.924812725754634,10.572993080029278,9.189589767905886,9.362597819964662,9.32594373356875,9.292641324333658,9.19760631431012,9.175015442578117,9.217677525072418,9.32229623288208,9.084182969949891,8.991570267052055,9.71837737676924,9.897209142149734,9.181201937239564,9.36236315419984,9.17984071303158,9.432415213078684,9.161599077441906,9.016160044327876,13.037846694459065,8.770323482909077,8.9712425166598,8.211628209634341,10.72682412584885,8.613661372049478,9.726428642250085,10.184813877792068,9.829735632145573,28.078239866921137,22.482005184129434,9.10272404848979,8.842066699674092,9.252273235642178,9.456214807899585,8.357396021948148,9.582048810513868,10.720271915232502,1.214534313611125,0.8366603388882936,0.920089145876716,0.8521022052574381,0.8023685163900609,0.6659593883870798,1.4248251643755907,0.8762943604554039,0.9880353499612512,0.8275381038624232,0.7897874229489616,0.6804091790089046,1.3097870725591747,0.9144299762594414,1.074431977700158,0.8402217595059938,0.7944111914980567,0.0,8.558068953860698,10.671471918341638,9.502535920714593,7.798102402883728,13.092028462158568,8.99453270193925,8.8560982101273,11.516445030707873,10.241992726019816,7.962521401559456,10.35282004100594,8.458865432243329,8.339544737700919,10.585594083083606,8.977189324514882,7.769378940570959,9.566451469346532,8.599066219952988
D103_10_consensus.txt,9.770760594758372,10.858926619002546,11.085717702354827,10.059331092513276,11.166569062129897,11.541244093051944,10.027572188486149,11.960237635365218,12.340442919575535,11.542483449607346,11.735426769527692,11.71097498715227,10.778211615713474,11.232890239927883,11.700977823910192,10.094102030505496,10.663671470191955,11.78451868427618,6.507351613401681,5.961510821613956,6.621415976481671,5.434338684421675,6.076351769056259,6.613254959091023,6.732772003106106,6.370114115989452,7.236850282024818,5.144289681835119,5.616566532852289,5.925735608567322,5.956431711325308,5.747546834961554,5.865940417764648,5.397101724221727,6.153434190603662,6.151177589482529,10.022118191551217,10.214230373631551,10.31047337084044,10.629302175119165,10.153599266135188,10.300782906040354,10.177564737057708,10.248670304058692,10.385891577672057,10.616717307433248,10.134971275000794,10.222582144012732,9.75102989958532,10.09291564209326,10.56057055625189,10.324799744391044,9.952586119258,10.058624077526416,5.798394901259883,5.840997045669496,6.251817505849658,5.835097731693054,6.036898304489682,6.047569677342324,5.770361000733658,5.9276805132547,6.373572859228716,5.893145738170233,6.0565522133233,6.002434937997691,5.923303840765527,5.952542084846982,6.407255354202164,5.88625986412751,6.047889912567428,6.001497830591063,7.8816440249102016,10.58866217598296,10.242643837681726,7.903650773421248,6.904615471554052,8.561039231649147,8.090075266073256,9.635241219190164,11.393240840428405,6.621608433624829,6.819190069512899,6.790656222231064,8.132826497489532,13.604002547913636,11.050563843424072,6.3820359284512165,6.401568837354034,6.921919875803098,8.2271649269573,6.796887667669466,6.734856901962587,6.13013327415365,6.346274048862824,6.219910517327776,7.017835307786754,6.392100885611512,6.455968153951346,6.247676628102454,6.588358730459163,16.94731051150586,7.389319381584585,6.5058170110741,6.693664142035686,6.203422826605447,6.619793888887443,11.434884012323266,8.678318544385263,8.876024390974464,8.801143282163025,8.841710762498678,8.840154902323206,8.871409462788392,8.690419365845571,8.979544775151794,8.896802023146051,8.515794618303289,9.177874687051087,9.38103250551859,8.673514564131949,8.820074701502335,8.729486925510628,9.061907094383288,9.004501331653273,8.615476447535116,12.80580378324197,8.328960404706436,8.828098553309587,7.599702939096744,10.616223944878811,8.315629207186646,9.588329336428728,9.985701707144472,9.402971033235133,28.407931254781147,23.843707823707177,8.60633665660265,8.075507881727333,8.61963177920336,9.16332067817251,7.691052686170963,9.034954876016798,10.035814158729975,9.311401362928676,8.379226102108703,8.66696110657557,8.584495777811867,8.776709515516018,8.941550668395962,9.344734872078844,8.891087985003765,8.887593617155346,8.03277940466603,8.132852880231098,8.117822897761926,8.639333710240805,8.262275902594808,8.215581716021234,8.572130062449617,8.609849434602381,8.558068953860698,0.0,5.024812268191852,3.8269072214757776,2.392041066663125,7.899651090405541,3.314869339886229,3.663083920041288,5.997685176108405,5.153366748791086,2.353197313321516,5.630391116312694,2.9998855597667102,3.123290402852888,5.164111828753846,3.656922462706575,2.448289785523059,4.705235307057478,3.2061015930344183
D103_11_consensus.txt,12.086716813511828,12.923748453219844,13.102641598087132,12.24899889277208,13.19973739098242,13.752923681003608,12.27586747781868,14.105236223121665,14.304271038701016,13.783189235362611,13.767374122756564,13.74894209878306,13.080603963135104,13.504182599798412,13.71897702213414,12.318383043558867,12.734179553012154,13.893180859576944,8.19211911472604,7.737896910236714,8.35675916563315,7.358330370261228,7.884052864103069,8.365226488099836,8.410946304955928,8.031613990069559,8.95312379303931,7.18207824320325,7.515829782866376,7.679351170829307,7.744971287243629,7.560007259810845,7.624544714956869,7.3151343668341156,7.91669923726738,8.014628860715959,11.72350420094108,11.850816324851394,12.004290511086424,12.49206171783294,11.9220316671682,12.140655756591002,11.81716779217021,11.871443654348012,12.099245443284133,12.495540048511032,11.986504280625809,12.05302719088371,11.511924077185084,11.86262928379415,12.38902771653528,12.166010317184316,11.721490180607702,11.872749687532291,7.668715661480462,7.742339424189254,8.021919812220688,7.877187420133453,7.9954624672058685,7.918706704306487,7.659583585535586,7.835552682191633,8.157088640398456,7.903231545500546,8.007995862967391,7.888223410680325,7.75822509760917,7.84650801119767,8.133978064117514,7.881602771115865,7.969208750448331,7.884033822625099,9.490844341466527,12.07430275671254,11.826921570766215,9.589091353893878,8.765462772464389,10.23116362646192,9.61072204192368,11.112801148417589,12.775112816795795,8.460807059178137,8.55165468658555,8.448952844729206,9.773476224295962,14.832038576073614,12.509815448582572,8.205953088018646,8.200370595586378,8.748559534464277,10.142552655836935,8.999776775404257,8.819072792829331,8.432566830941425,8.644708970514273,8.482760508828846,9.157545866671851,8.629500257668155,8.67241550402639,8.481347117897428,8.718041749738575,18.34215874227237,9.395075003629245,8.724579175981262,8.856086506756071,8.478128970447187,8.844814498134497,13.325082473998576,10.897974508809,11.122097354015809,11.043839367995588,10.910735105374556,11.06995027424557,11.03419023462652,10.836868026484863,11.08035802872007,11.104632139678245,10.752655363655151,11.474304274783094,11.610155586205735,10.900044004579511,11.101854495103908,10.977861025120546,11.26979524029241,11.124335718842984,10.8607995308397,14.649881048342536,10.476079709941018,10.642683583839244,9.675745500607263,12.485066359333588,10.200200302367875,11.430396620876763,11.841175893022864,11.300027608264884,29.846253342482328,24.895848304949368,10.6948811819924,10.195365860127708,10.704068821175213,11.097591255944849,9.780870461126142,11.10471053434418,12.168223184997828,11.307201777159833,10.452718740736088,10.761628535030866,10.912056982714605,11.042056792288577,11.07830414457942,11.269326326045473,10.935443678961178,10.928200022629028,10.316906388087432,10.377381603557296,10.224372647050814,10.59526218651274,10.395547329633873,10.27639664112877,10.861517266464546,10.835336458501615,10.671471918341638,5.024812268191852,0.0,5.58353731599874,4.617336682029759,9.157417459870544,5.299024940765946,5.390828601660303,7.406200842300791,6.84646061806302,4.485195761152568,7.340598849025525,4.8981710675066665,5.0681510792032896,6.579966533997833,5.499241035705495,4.550002451202374,6.394613484724687,5.268916655277167
D103_12_consensus.txt,10.89438271719132,12.06163234740501,12.218264439600604,11.077373704195791,12.290657781258004,12.696959186189702,11.108259912566666,13.177969237656214,13.392934354334216,12.667403161985476,12.808757329813544,12.68389144780008,11.81687538063568,12.312444680574856,12.834296915431423,11.289892142268286,11.811885992806763,12.86885913519734,7.937271117525938,7.300893874799215,8.01300319983278,6.685298337163374,7.446002525719678,7.966822821394487,8.114385140151342,7.723258924308084,8.7526099745225,6.323283365865166,6.936294495441189,7.223121806544782,7.334138868465629,7.095777417525312,7.263859827402143,6.657216300071582,7.452555071725669,7.531891150192905,11.310938238247616,11.525280760994065,11.573274333328186,11.894557114705094,11.442671709165722,11.587693636715471,11.499734941184215,11.550553325248586,11.654762978680536,11.8949964308855,11.468816997302838,11.488322356463186,11.03847623326442,11.371024705346656,11.873091778244657,11.570730422774432,11.259741248262117,11.34274014208296,6.750852463138699,6.751987672374924,7.155604662426583,6.640947013080222,6.897586376187689,6.942900522738114,6.7432643812097695,6.850374196808843,7.270506592463619,6.741589810834398,6.948115219387262,6.913521828217085,6.900266810768812,6.88729509515332,7.316885231554409,6.7381795168628855,6.886486730940931,6.907157911510922,9.242284327768743,11.888051504818236,11.572704000569388,9.056861608687882,8.258192528347706,9.9403613185263,9.570510686466775,10.953168146242945,12.57514509098769,7.972697187383858,8.129887108656703,8.065024083278843,9.47415052135034,14.895062922274406,12.408438938165602,7.639334139863195,7.647526858731339,8.297329909133396,9.424458771212583,7.936710497197566,7.915154951640034,7.223383376667471,7.44165059667273,7.321985967509363,8.180939855890983,7.4960618201718034,7.644870667376438,7.385788928770069,7.726791232463825,18.0832604665244,8.591895207775053,7.647772171045972,7.895683452791673,7.302756972769487,7.720165709062599,12.558715629648988,10.120241919130365,10.22380809804713,10.24951030362348,10.180634286047336,10.228543981061364,10.236968223111036,10.140025886435922,10.266614955255877,10.3389928335381,9.874952108711229,10.588955073476882,10.71785377773557,10.066501255073147,10.1101296482762,10.110605383205211,10.462186748069826,10.412523541455528,10.008803348350623,13.605234317590885,9.074629645527123,9.502328202973333,8.348173628016355,11.316340462213873,9.031829695862996,10.25017762485146,10.629048086031617,10.169167976180574,28.985866945573548,24.23850622721648,9.334651753599871,8.811409555500575,9.326639088237757,9.92461621358052,8.439192895060671,9.814630876635874,10.750962286298488,10.287265778240569,9.314386822319364,9.666691219591144,9.45456998969246,9.683259228017334,9.878095597741437,10.360944813167748,9.830482374335588,9.833818444537885,8.910901187638672,9.08125533670676,9.139200097462094,9.740709544112462,9.27850746021204,9.287115583998116,9.451649950101457,9.486247840787314,9.502535920714593,3.8269072214757776,5.58353731599874,0.0,3.042027307494436,8.43768322260081,3.984003726105925,4.493835770002136,6.5448692840680565,5.705575639147696,2.9756601842611303,6.33575698307726,3.674271893069715,3.9116979994801113,5.823514539507414,4.248963673926369,3.057897097047885,5.19889936080358,3.871728260629027
D103_13_consensus.txt,9.336017038874957,10.632597044114732,11.061021833448365,9.743203342461925,11.11046575381448,11.50332660864143,9.644718887164174,11.739405515714909,12.334653555015224,11.336419534841523,11.749556478783688,11.46835043400324,10.511904110204796,11.031163450667748,11.820103283051026,9.794424887180128,10.54107519886071,11.707412828702957,6.215319147166156,5.581716394989826,6.426399996272835,4.723436487215054,5.7157825948561936,6.309058304434132,6.4320251814114044,6.048813063612897,7.076035330076252,4.238628647254927,5.103687630280092,5.514663239395588,5.632869456279138,5.2744443843511135,5.48787702384999,4.677110157486936,5.73984143767558,5.79743739365324,9.503881268594228,9.72240188731081,9.769270040968422,9.794968691456802,9.470973292549049,9.618944581578774,9.73057955204115,9.824266863042794,9.833423106376074,9.748474965531445,9.410927593501526,9.499357787213398,9.160212715478169,9.498527449753963,9.860783826785564,9.510771084702242,9.279182393267549,9.390840137320254,5.31989047574757,5.304027516049985,5.867109872005756,5.042962306233392,5.375742339676549,5.528450765950083,5.281077985742741,5.422916595610218,6.048381466053058,5.099813571233938,5.421046324720521,5.4518115029854926,5.497994260684493,5.467306620114755,6.099196010785477,5.0922186578084165,5.397572356983062,5.440207778552804,7.817131498853882,10.653517478317326,10.206933477430084,7.524800122938132,6.614988934656424,8.613386707751829,8.110381679798024,9.750067791846504,11.489075375057098,6.351204313077403,6.584837246126426,6.627151124238026,8.047163520524919,13.916441558998145,11.275008553935209,6.089414034178958,6.015826299097739,6.768953559000636,8.002306269211658,6.264151600730884,6.303474885496712,5.365197334469258,5.56835219301729,5.56562403267651,6.514549622518871,5.701647748370021,5.884598538713533,5.65270464422963,6.083975572144823,17.06672238640556,7.127446954920288,5.947235843344572,6.2947948309541175,5.455821541220132,5.998955021987626,11.378447701272194,7.904186458041295,7.989591293725994,8.009609785577709,8.184273683840388,8.042973665337115,8.066340992198832,7.976285710392915,8.18127742333462,8.13921529565971,7.779256989298517,8.270775401927665,8.501098454830412,7.826741893873248,7.873240395885773,7.862260594934924,8.420738027824484,8.235185130447292,7.818782341894632,12.40432682271114,7.7279054931686915,8.475114362527904,7.034896275898575,10.24814570730473,7.958694310320311,9.142060343551805,9.594444595023162,9.059359521313866,27.715303713659125,23.7706389461826,8.010409324318175,7.401673403543782,8.07987515025485,8.768100591849134,7.0621477276377504,8.486000277403264,9.494574799997508,8.772649732003856,7.694848550566917,8.001764562307471,7.529851335602416,7.859475565775995,8.20542066423468,8.877782620336518,8.25197451048615,8.208497386633496,6.9638835241947845,7.176382349708945,7.377691785696925,8.098095667084294,7.567427615838312,7.623819713511011,7.531889494430914,7.70691628780844,7.798102402883728,2.392041066663125,4.617336682029759,3.042027307494436,0.0,7.576358285423964,2.3329867632401147,3.0442331688540207,5.391914762488227,4.526575793956567,0.982354513498251,5.177812043390532,2.159540775005439,2.5840380221151804,4.7920731757598105,2.949055346928901,1.1117616066821938,4.06112272341079,2.2953814377136723
D103_14_consensus.txt,14.160612905605944,15.129765579084449,15.137039404433152,14.342358102512833,15.334040771304783,15.71667258154298,14.41919760464208,16.059755541532297,16.336482299251315,15.798642208821548,15.732753129264267,15.810536655331475,15.12762253755659,15.56060806173184,15.745552197559846,14.44205281796576,14.854513381598965,15.91864401611565,10.698180065555109,10.188170026726423,10.705876662280277,9.86296438823922,10.333406476651476,10.791722505397956,10.88258506430492,10.50721651521866,11.232844268511428,9.661357788836256,9.95094883989475,10.14385884488405,10.148567386901505,10.002071597455654,10.030641194399893,9.786643033218184,10.43009149922176,10.417121686332337,14.115993274274842,14.249225257384296,14.381432261170517,14.889678314301593,14.338132171579671,14.499877040028425,14.269720567411696,14.230496337213369,14.49436338913597,14.88035815350804,14.400141075148897,14.39695007116586,13.860384833962655,14.237761043750991,14.712880811534433,14.547055889714898,14.16235054130948,14.270263005789673,9.803958036302047,9.919114661111394,10.234460643847513,10.046050391310189,10.223327750639385,10.12817785767504,9.783125041072822,9.99414419573202,10.322848567052745,10.098942937807408,10.225111514171374,10.09371800693208,9.88923335968417,10.04577765603301,10.372241823548563,10.086354010456148,10.195435719013917,10.106251010047115,11.859215612224716,14.23906004754292,13.825783849745676,11.878167088633234,10.923541191918218,12.393790045472656,11.822033152920085,13.222792313578395,14.88682192208455,10.7553485191508,10.869691318799084,10.719126446285202,11.912266984457348,16.820019448407493,14.527566566604603,10.422272390617024,10.47221504596962,10.942608190255669,12.511794049645571,11.341492547617236,11.179433448979523,10.730777285244812,10.991396593260504,10.791275801807046,11.522170360045097,11.045397024442876,10.961075918666438,10.78915068227724,11.004745859028048,20.49536122633521,11.576717389513703,10.958875433334924,11.118111932165618,10.81837972567962,11.201927445814365,15.308482791756262,13.388113376592514,13.56632818817178,13.461020886097344,13.305854599065183,13.488302662820558,13.45108669094941,13.273714778045246,13.52016411739976,13.51413811845532,13.082324904337668,13.971752304007625,14.103755283084354,13.403122882093156,13.522132557093414,13.450661458902914,13.563085699717988,13.596385030119052,13.35814152503417,16.57050840874882,12.561144198549982,12.72483980073605,11.84571893997537,14.576234562956015,12.248824161131097,13.61960462092543,13.96842591635675,13.405817454136413,31.114989079774546,26.51181704512232,12.72893665955877,12.386282894216436,12.779181021494026,13.076690070877136,11.916381904749642,13.278492690614373,14.179712296017216,13.67983367095644,12.873663740447284,13.144786607439755,13.326133242406629,13.44495952589773,13.492620516273348,13.611368329845106,13.316866579707948,13.333412788275837,12.801512738500094,12.863607654373482,12.663946731210103,12.992410675056192,12.809831448142404,12.776182759891071,13.286308683077436,13.270998369048073,13.092028462158568,7.899651090405541,9.157417459870544,8.43768322260081,7.576358285423964,0.0,8.22562628236966,8.340024087055667,10.15332319721847,9.513526281207817,7.474148847661523,9.580872362691764,7.796269355510901,7.869396210955415,9.321497243397744,8.110836845251015,7.507770616926734,8.852872274977699,8.142737258385523
D103_15_consensus.txt,10.470967197223844,11.50916407757893,11.825985968652162,10.762781993738711,11.836721603620616,12.343528951095893,10.680269139835104,12.647766643764273,13.116135612547168,12.28012749496662,12.42304572828874,12.357153972357253,11.471088786794835,11.953109655062065,12.47176814693637,10.80385234641983,11.45352670398222,12.527223640374132,6.948483590903891,6.44062499917078,7.157986128785751,5.786347233827371,6.55916532859419,7.0746582199518,7.204901484963671,6.765570330298942,7.737522946211072,5.508235210804855,6.04869753611132,6.353858001146193,6.492766925266324,6.203748510839432,6.333622768101918,5.754676260428539,6.6087888516792646,6.670371772629721,10.287716141443354,10.49303516771721,10.564870773521989,10.786628792855709,10.367768253586064,10.521875113583803,10.46186256339314,10.532292706636383,10.633420523781922,10.781191718470154,10.354263330308186,10.457270579414285,10.016663660186056,10.360428361743343,10.792811349243893,10.48502395072785,10.163461778068722,10.331091059489268,6.431790981990787,6.415063750009267,6.801869001040927,6.356655605801109,6.542484268920703,6.588521134981363,6.412715045773268,6.520310615994845,6.9596658901216415,6.396435365283821,6.598025900229857,6.533214597202402,6.575951864100318,6.533736817732915,6.9747912842482265,6.40955468809733,6.5791806825805565,6.524774628072976,8.49677432599043,11.143559807911744,10.960646109659194,8.443322119423215,7.5464641826407615,9.269743159718416,8.744125230392171,10.2433209209903,12.033042202990544,7.28217433573991,7.456344782629742,7.407186304820698,8.77509161578962,14.10529682776479,11.749048259554115,7.017288127270547,7.000970843856919,7.625102789080188,8.868830584594605,7.471061113926112,7.369669134720709,6.810626150278438,7.027558336222626,6.942383809229227,7.6623389664162,7.027922423296786,7.140074124236946,6.996869197106946,7.353486939663412,17.87265048210719,8.252369740303948,7.294113960381878,7.502225675600812,6.855254513921295,7.295917053066432,12.190339594292707,9.109233578098667,9.305341490620036,9.25392367735816,9.283287391501348,9.24873109736842,9.308068152071542,9.109078273117175,9.341452617613072,9.331146465232564,9.015485047846935,9.589041201793291,9.792084422525932,9.106463942768528,9.253583403801429,9.139960397027494,9.58273140554411,9.433669157396594,9.049590622235598,13.340886178001256,8.980897587359436,9.421678487100849,8.255554893049464,11.1959569599926,8.979568700663549,10.14224457485716,10.604691194260797,10.011489506404928,28.8143779408278,24.344269133301736,9.238823537241672,8.694175185796894,9.34759446797034,9.788032567852042,8.382070899111454,9.721109650160995,10.698798095612972,9.770689719038783,8.796247565359977,9.106583026334022,8.976198991665683,9.204210043790283,9.376600686852557,9.845166323458784,9.35662411251974,9.30751824692004,8.403443507597046,8.535556927237508,8.567273757837654,9.111452600539453,8.783234750362794,8.692626907008332,8.978225255572681,9.03776702827622,8.99453270193925,3.314869339886229,5.299024940765946,3.984003726105925,2.3329867632401147,8.22562628236966,0.0,3.942432922629792,6.197622344134516,5.320614937029632,2.3127794467007448,5.832869549810539,3.02615234084584,3.448752509620647,5.406090319501459,3.80586617214766,2.436324558888828,4.80750615575073,3.1595021176286764
D103_16_consensus.txt,10.295563858244805,11.233594883568344,11.466441590036425,10.519873813232778,11.595149222037833,12.082164726076144,10.558555014523108,12.4609695351769,12.727073372559287,12.05230470485276,12.110427469265062,12.20609382932338,11.36888766027505,11.824133270890345,12.13034638477427,10.647528989362511,11.154734693176124,12.22248429370245,6.365750947988261,5.886897983257256,6.464650440274909,5.380595112519131,6.043817234401558,6.526365909923811,6.60103378984121,6.15568039199502,7.073645302603779,5.169571707531929,5.604396327080394,5.828477127023518,5.860823712547415,5.614876159317021,5.722424538278574,5.354991601486859,6.040427788261923,6.160467436478143,9.59505817687915,9.798954675796324,9.919860944037907,10.299061152159595,9.781794800883688,9.9659128542458,9.7366594863214,9.833809399919687,9.99356852833904,10.311722768877075,9.79302193892056,9.89906312581013,9.379941137282517,9.760667477276002,10.235714043736325,10.011993040033303,9.58045092726411,9.717484428883324,5.65537315420147,5.753150938938518,6.037505741111659,5.767766319158454,5.921313394680965,5.912758773921439,5.638352018922546,5.833268432586294,6.183051210103372,5.784889944265672,5.943672751592999,5.862337047778453,5.776736128574498,5.85202670716609,6.188877179132192,5.781379925944464,5.930626699450897,5.860991774161562,7.693269044866952,10.216745284145077,10.120132225266444,7.690519068492449,6.778482799798837,8.340168017308429,7.885514063873302,9.328846080344816,11.003303070556512,6.520186180516703,6.602377072047602,6.574629128663389,7.908936208004661,13.17064033334077,10.80370994836926,6.263378249113316,6.277379790654209,6.887278359371237,8.233443167541907,6.936790712339473,6.829482042379368,6.318291487111139,6.479770383523714,6.3901267858339,7.0679265926732455,6.51150748572212,6.619191174354171,6.3934436946783535,6.67255270815167,16.805876908314076,7.511154619902641,6.648111408382306,6.821992394767904,6.363258909844888,6.7634176669042745,11.463913774347134,8.842027811260891,8.993069389469099,9.00587543950877,8.94117987547196,8.98882681811483,9.002798659348173,8.82481373232713,9.017678393300171,9.015269048655457,8.70693512079714,9.376355483156203,9.562505327963663,8.845233707541581,8.971306596431646,8.922351716311368,9.27287554128469,9.071097496604692,8.831372998236418,12.83284207239393,8.515397235333978,8.785902540709799,7.6515887091930495,10.643475614008992,8.371186590703473,9.539815779103606,9.865870491763076,9.3894364386407,28.50829962991378,23.44589752591565,8.732253645684466,8.19237392762949,8.8002529752859,9.18719381398489,7.814666157328133,9.189357604794395,10.240968679388402,9.61486440519286,8.720060153890813,8.985265553285785,8.985682437020614,9.213388186257871,9.306841216379157,9.639831962122685,9.204433172770225,9.1704991142783,8.379951710482203,8.49911782197745,8.430900464251692,8.886408473922188,8.58622129169953,8.478618229850838,8.956573674193407,9.003720398958706,8.8560982101273,3.663083920041288,5.390828601660303,4.493835770002136,3.0442331688540207,8.340024087055667,3.942432922629792,0.0,6.40308401345203,5.555499448114063,2.943043468115832,6.138138438226747,3.458657368894308,3.5664197823157906,5.51538119100212,4.200045470215287,2.9726345105779046,5.098605172963062,3.9128317837261193
D103_17_consensus.txt,13.106782230623937,13.99156539975445,14.185427482366094,13.20486069989704,14.362992483156972,14.737001492958427,13.233800143080884,15.113950995946936,15.21719042639802,14.680164772763304,14.710499977241057,14.744970375038292,13.969956784799422,14.477863383632211,14.733469576079358,13.33009143370782,13.824492678586296,14.824009472708212,9.384249219637924,8.927546900406696,9.47352166584119,8.398752451934229,9.043437424042509,9.554862595691816,9.669173333639264,9.204129630450495,10.109715469018,8.094461059637581,8.607076497093146,8.769373469783375,8.894833610599164,8.632088658477699,8.805984302811112,8.335354102969745,9.096370122734925,9.185219518676604,12.648589635581288,12.81186055839686,12.908109907206608,13.360993114508004,12.818964750707096,12.98476474400468,12.77973994122192,12.8380825630544,13.047099817916944,13.340628410913723,12.875142365905331,12.917677685868284,12.393426521458537,12.78494197450658,13.28954542546819,13.040965144223946,12.652197236305083,12.734946646564026,8.419156819243824,8.499501995235732,8.842740987780417,8.51968930616664,8.704350495636959,8.687205533453948,8.389366484377888,8.608287959000961,8.952905707315665,8.570754784403675,8.72236641227795,8.635693226650574,8.51639304091998,8.601588940185252,8.941559457940059,8.56486741701076,8.692124628052795,8.643009792822568,10.7825547112829,13.22597782868968,12.930750727965403,10.57472285494714,9.875507239356182,11.278055536554293,10.87757003296241,12.319496091216765,13.84416740408409,9.644332127084226,9.70229372025625,9.594185289492316,10.986256724940516,15.956717230936022,13.66803168349395,9.286688494407542,9.286461302020143,9.900215877212643,11.190838518182543,9.89796536115614,9.763925034754608,9.206498795939638,9.426443080840045,9.271593585125515,10.04263235076678,9.479529621943756,9.53671558532335,9.288565978889553,9.570855298798447,19.098364700687625,10.352996546857014,9.536940752100918,9.690679984706662,9.237431736847384,9.651000760655563,14.134745353010716,11.806292529530936,11.919477070843357,11.987819167117324,11.80826498206102,11.922361497102258,11.896690930898046,11.813745350895488,11.913910114467058,11.954002126534988,11.608394598365235,12.320235660807668,12.443004744546556,11.737465843186442,11.87521110156149,11.862849155093896,12.159866481639485,11.959762476428295,11.772753550424229,15.094043701159537,11.155926452800202,11.282756848619217,10.21842729160494,13.04256358468274,10.881457542621092,12.04324297363678,12.408524737799157,11.870768644830603,30.020231106231563,25.067425562575863,11.318909337055004,10.83511429643056,11.367308480076533,11.730678771218038,10.407378414342304,11.831958267652569,12.76819926350521,12.248548022042485,11.295894365688696,11.623235936949186,11.619968476687347,11.824138581710883,11.903342381513085,12.23399268975703,11.809360421179916,11.80616364301494,11.050641343315078,11.197456305012224,11.115545494019216,11.57601265705864,11.254366482016223,11.235783620490452,11.58124820702426,11.608572826124714,11.516445030707873,5.997685176108405,7.406200842300791,6.5448692840680565,5.391914762488227,10.15332319721847,6.197622344134516,6.40308401345203,0.0,7.514815105543221,5.191062193978837,8.061590784468478,5.709976521555802,5.984394940880975,7.563651661978838,6.317765914599249,5.272256431663209,7.22517346611545,6.096286101391286
D103_18_consensus.txt,11.563597186412151,12.501574684669208,12.65062091333931,11.732452456114627,12.797817203650991,13.182874991353458,11.718360100831717,13.6237358715116,13.852032143291352,13.088963951804487,13.273336850460112,13.267363524884844,12.50038788877265,12.956459588749055,13.28909957970609,11.840810286828969,12.313284520581192,13.347248666325754,8.331748211565184,7.880287677512513,8.420991785572085,7.473374960882666,8.065766089792987,8.490022096785879,8.629120032672574,8.182063838961483,8.897041585163947,7.221692939653963,7.631810509329171,7.79734554755305,7.82961492063032,7.664852295329638,7.712670997832049,7.4383293710774865,8.081193278598562,8.088202187071886,11.291971771594774,11.446120258973338,11.57010983213138,11.9799117683948,11.439765295755535,11.575652013220576,11.394784758264109,11.4406912981201,11.669715944463237,11.94427986365548,11.490239483511573,11.504806989588928,11.049322201196787,11.355791340023188,11.8380261302986,11.678999618551927,11.26599999783764,11.36807250327297,7.308157238015724,7.414013875605917,7.762061024553589,7.505481898525147,7.690186408335705,7.675557273697734,7.284675974523054,7.497670153862941,7.907621330390725,7.569638297102074,7.724669125672847,7.6113268919172015,7.395573609296321,7.508290434411833,7.873351918505591,7.54508910472839,7.680804521161065,7.6125153228611,9.303731710994668,11.793899967181003,11.617082128027905,9.358918996314172,8.494475208527604,9.977646571082914,9.470799419527566,11.007429050659994,12.502457087843029,8.26581400093903,8.381484541172313,8.337590680067137,9.61444304692833,14.73009959433216,12.142434229532055,8.004098501948476,8.00446391124143,8.604977172744498,9.437021472623712,8.340192773214369,8.14053187426805,7.651183668806368,7.903068342777827,7.733430038106235,8.420905244452683,7.938158839342179,7.93038166081925,7.664832529026739,7.918283952096772,17.79160579371768,8.651073645292684,7.881504818936264,7.965479109588841,7.72557054452443,8.114941276489276,12.431466881495908,10.49130840068915,10.698673468506456,10.71851033843484,10.540062065518782,10.70480772091571,10.6753217610069,10.457283373933876,10.681905595021874,10.665233389860871,10.243046412205672,11.041336997331255,11.204193333845694,10.491399327802526,10.676653179918333,10.580814887223482,10.80270879538341,10.772692309404649,10.501638368644649,14.13158063234266,9.882403816290092,10.07591099656463,9.037844300611937,12.032457902884516,9.73585797897266,10.928351380781235,11.261374221471216,10.69518395771604,29.269536348581823,24.320189824210672,10.184876916929625,9.63400424939084,10.10652249729452,10.461058323485643,9.196725472546063,10.586326199010728,11.494161264841978,10.898869455452145,10.044145249209578,10.328670493891366,10.425742719521509,10.57249677919708,10.659242003035844,10.906768630270337,10.49694984238988,10.483869550584018,9.865783048564026,9.932816678939956,9.804558746605608,10.256220530511143,9.953659535541648,9.830465004287872,10.38526054739384,10.423918920013593,10.241992726019816,5.153366748791086,6.84646061806302,5.705575639147696,4.526575793956567,9.513526281207817,5.320614937029632,5.555499448114063,7.514815105543221,0.0,4.509800833534655,7.125091739395941,4.974694579393429,4.977441901723694,6.655137891845584,5.211508822324902,4.597576815340176,6.407485972941117,5.297639454321029
D103_1_consensus.txt,9.818415421222028,10.97407488181716,11.39373440795606,10.056706276952582,11.40464578431056,11.902672355439734,10.035214727190803,12.135905951195582,12.623309363241615,11.741231237682598,11.968673083936608,11.834454795504882,10.864372721651762,11.445090590109205,12.157950222589308,10.227979726743342,10.983314281075875,12.090886384496288,6.349388168046289,5.704883083679931,6.560002081171774,4.710702019828034,5.817908883010887,6.433696434939122,6.570614446544312,6.03417132559855,7.2112706666251825,4.223492909660763,5.180197702976784,5.5669355024410265,5.749246175951043,5.298489121634816,5.579491804306372,4.6655260758070085,5.843550533211328,6.002637133618293,9.41430641202146,9.648312202982652,9.71802748807869,9.755124034733797,9.40228674874072,9.57915893009232,9.647292382764078,9.752919233630394,9.779633894260485,9.732129022532147,9.363511863967688,9.476387397255678,9.082282106510377,9.446615543554913,9.852965653900526,9.466470338667534,9.218161279247964,9.35213559233273,5.32627079458598,5.304230554834589,5.766644271334542,5.035694557340264,5.320313740122742,5.460002309826677,5.312234750895243,5.41661386751764,5.9625695906038345,5.067626138428409,5.358182171923431,5.402124360731818,5.510975286790028,5.4350096070359655,5.986073670861742,5.08657593510469,5.33667826209637,5.378774733235616,7.927179614180432,10.717398312555645,10.3910947039667,7.680870075994335,6.74797373610852,8.667530089758998,8.295228319559953,9.737292844087108,11.40601646333846,6.562350065900773,6.626438468324977,6.780916908863958,8.23990941701004,13.77085759644666,11.277310517749696,6.215624599144007,6.17432052807834,7.026007973203491,8.360295402510019,6.644264603714021,6.619169690920501,5.7186411600543465,5.917799886507225,5.903369951416437,6.874073500492386,6.007596268970701,6.228752809718856,6.015680294357935,6.473649656280315,17.2852130127348,7.585569346047691,6.356037108842315,6.697932805758967,5.7802961485065225,6.35159139655741,11.714334786235554,8.246363084135737,8.315583504988183,8.391340803263972,8.492783764991259,8.330842198429877,8.362292215205912,8.296496226127317,8.376257235689025,8.386383004678237,8.111361691909849,8.571304272045893,8.757734684351249,8.155203187154086,8.13818559692794,8.19101062353701,8.742699134269856,8.47075069961403,8.111313628431105,12.564326783061972,8.183956751868607,8.614532187493978,7.262304402686084,10.344004437990575,8.135580163363613,9.217640208720638,9.704900101400824,9.177948409399391,27.897871185657777,23.667270474052884,8.346969534916127,7.787039049802502,8.519899686666633,8.988698159372632,7.429598351263962,8.937779176670972,9.893628488667105,8.9776847490063,7.897738486614685,8.167917631525711,7.708006849236767,8.068452491695155,8.384095722674203,9.094598534459635,8.424821545392547,8.410617384474676,7.136180541544263,7.418164404959498,7.632193626353683,8.356985144580904,7.843819376051613,7.889477243081785,7.716288668059917,7.886407900901077,7.962521401559456,2.353197313321516,4.485195761152568,2.9756601842611303,0.982354513498251,7.474148847661523,2.3127794467007448,2.943043468115832,5.191062193978837,4.509800833534655,0.0,5.056875937419932,2.010191292784328,2.573880674436396,4.692206276244235,2.845469725167277,0.8806147650891489,3.9410631660822446,2.236948054128902
D103_2_consensus.txt,11.63070400726798,12.56103537232434,12.685212823151232,11.809399451017498,12.692213787383023,13.295471865966816,11.78650275936934,13.60404249355173,13.881909338555827,13.215673855391458,13.223002702290898,13.289844885752416,12.476514409761194,12.9466896328683,13.193891997589787,11.8950415782071,12.352828399858709,13.327137092232364,8.164101774063568,7.680969865569523,8.214285844066183,7.311266119639811,7.829605111287151,8.291418014935743,8.360251896460966,7.986874023946996,8.707110228625027,7.122839972349993,7.433503659830592,7.594132831634852,7.643645743128957,7.464375109750108,7.548576465787448,7.261111187012887,7.836491965884306,7.875652211524368,11.441426391417792,11.58848428746677,11.696539684844709,12.205990472799783,11.641368923157472,11.788160426277043,11.56553726301587,11.593344582165855,11.817252740414574,12.201381868091003,11.686959453800227,11.729690524903845,11.207946228488822,11.5533001695498,12.065765136930397,11.878616117308695,11.447781929680446,11.593068843964602,7.283570660638645,7.358019113285252,7.6383763657553345,7.481525196749885,7.594671142859056,7.568611136802758,7.259772123052187,7.454172822802548,7.7468401837754755,7.542163989113817,7.641207456213863,7.522314387039728,7.351139248828133,7.440995820110572,7.73447590234224,7.533500550915846,7.5878615335686845,7.527208699870755,9.3032592252805,11.675612364916333,11.514388397512905,9.45626497487865,8.507605311856139,9.899985961544246,9.438495055998317,10.825730287958436,12.558867053504912,8.270986612552974,8.302879143519476,8.226854422043743,9.34303739023386,14.393448463372463,12.125149268309713,7.933906188691253,7.963810149165454,8.526080933027629,9.626408888977892,8.586324012679086,8.391142689597586,8.016817289165147,8.270943868051802,8.078467101561614,8.693426978016817,8.258883375392656,8.245318737139144,8.089917442462536,8.33001973447756,18.15986706031476,9.015041162594455,8.297045479001952,8.395063890381266,8.097202682914372,8.39309101611002,12.625218742210222,10.68632507612017,10.977726611971264,10.896561412189271,10.685197228936431,10.919102596519451,10.88587848329746,10.68630942506178,10.89516371437469,10.913066623764848,10.533126644960362,11.343395238317214,11.503288548521766,10.744175015029043,10.944568812947296,10.867100003851531,11.019204226815418,10.991014880422595,10.706238908258456,14.022853826451636,10.007334240974616,10.154685391777718,9.19913943706092,12.042866881022404,9.774266050251072,10.986166227087438,11.301452810373348,10.810171116590084,29.43581187803392,24.25120383518049,10.222756063371436,9.755894013096452,10.269784473986531,10.56361268079388,9.380286138318468,10.747329167558632,11.617932601749771,10.987288222034351,10.124408896401349,10.437273092990496,10.5614930708403,10.720090865418,10.7341085604466,10.990240242314826,10.592930058907996,10.599695015259783,10.016535853081791,10.11415557899238,9.96198793667088,10.36972701960309,10.123747696565829,9.996631800936257,10.526506143266772,10.539652884743871,10.35282004100594,5.630391116312694,7.340598849025525,6.33575698307726,5.177812043390532,9.580872362691764,5.832869549810539,6.138138438226747,8.061590784468478,7.125091739395941,5.056875937419932,0.0,5.465814543507065,5.606201303733599,7.200403207198065,5.939386769806106,5.142793832002383,6.75063407756096,5.807156288787496
D103_3_consensus.txt,9.905069830165871,10.825894845071277,11.117874906142504,10.058773643143184,11.133228860996155,11.630214283539717,10.152930903317326,12.100042989749513,12.404777429818182,11.71381430090196,11.708910118885228,11.73462384525186,10.86829372161634,11.369396093594332,11.766019535115106,10.17172301383681,10.847158045613014,11.908955966760344,6.205039212575969,5.651282132152517,6.326319365464428,5.011203646822992,5.769979107944948,6.308168551896131,6.4681182903932495,5.946835024657787,6.952090606576121,4.757100775429478,5.296517265386115,5.604789512514458,5.675820942106327,5.38844139311783,5.53827688221412,5.002704767174748,5.806718508451354,5.90272176238409,9.686052670593597,9.88620790784836,9.975475783525098,10.307241473570173,9.818947010671025,10.026339869865184,9.832494282644518,9.941545259657346,10.051521924489007,10.324602535936949,9.84400410837236,9.931326121626569,9.426318355677893,9.805252172790688,10.289752620477202,10.007761292009944,9.632776731933973,9.760984280118748,5.446573157045975,5.490959706841295,5.802995607919343,5.465383351420428,5.6324880334719865,5.642856399139305,5.439166464194386,5.585144914711805,5.945068843945023,5.48281881995581,5.645517158575387,5.596274199269658,5.574291109974865,5.589092614735193,5.95896686363659,5.492566829447412,5.630443326201714,5.590063957299776,7.521368207044418,10.138752991129309,9.93259362836227,7.51774200187856,6.567321024114619,8.220321355346243,7.764758202725204,9.18249931981569,10.9983935426298,6.3818262990810695,6.407140940978593,6.466650642677337,7.831474049124949,13.17018723573051,10.67682706339184,6.049061115729614,6.059253834920696,6.664047630386733,8.029663141080505,6.556885002733907,6.496396731339303,5.889803604417523,6.099839736788624,6.013520823929355,6.810872620740554,6.127424034808371,6.278864927203927,6.061989575442794,6.368470778659344,16.82394153376083,7.236990526942634,6.320355943520781,6.518068977536132,5.931126283252922,6.383729093943089,11.34297718437938,8.546017153427613,8.733419327149704,8.705153682759999,8.680292171496376,8.728894048236498,8.698040159639788,8.512790237391357,8.749728112404966,8.72056508238802,8.451717969861534,9.107607839999105,9.287091368118013,8.563967377759298,8.685456058795353,8.608209914804718,8.943608528396169,8.856044977557133,8.465778820125706,12.691303249002717,8.278270075840567,8.600685304950503,7.437215958188347,10.421391969680997,8.142364964424075,9.326618169639572,9.749569543624716,9.273635201055017,28.304288665707304,23.548372470608854,8.508965944429008,7.941380769293914,8.5828093726019,9.01176206401408,7.579512141556506,9.03686217791443,9.950074926859145,9.297919195565155,8.311091265957145,8.623041634627157,8.499274544082368,8.71758960568792,8.865479470766275,9.332619017007572,8.829163447825238,8.846007557776034,7.915487371103438,8.08049132167065,8.07207222810797,8.619060700436762,8.262073209697576,8.24494575584663,8.48770434567166,8.533702840491458,8.458865432243329,2.9998855597667102,4.8981710675066665,3.674271893069715,2.159540775005439,7.796269355510901,3.02615234084584,3.458657368894308,5.709976521555802,4.974694579393429,2.010191292784328,5.465814543507065,0.0,3.024348500600695,4.860419702084414,3.401660932469838,2.060446960523109,4.426195844910524,2.963869484679776
D103_4_consensus.txt,9.586648858697572,10.62202823594697,10.805382465618834,9.82779234786966,10.880751420052375,11.340794716736925,9.837603974581612,11.74422025260816,11.970529252072597,11.332179360778582,11.377568832169516,11.44294686275316,10.57083416005736,11.049433717174791,11.406394007120866,9.904799562754988,10.406784067203034,11.488585199369709,6.195412898847621,5.7017943463064285,6.264651471204843,5.249918541920238,5.852345549695201,6.323585801663057,6.4244171015629945,6.024984824444175,6.882755797498078,5.014671124851986,5.414141031858208,5.666229726711492,5.684362505590627,5.488839900407186,5.574111355911157,5.224545403491675,5.872257564744075,5.928024257432071,9.551770354892938,9.726438408759575,9.837509884822907,10.240952557986702,9.72635042460672,9.873651474210988,9.674039164877684,9.75512861371368,9.914780738029435,10.23445908740291,9.7619617024979,9.806720417971178,9.320576708877184,9.662789814491704,10.13271551144112,9.93520373513178,9.530076271332064,9.63350671002405,5.41334306348881,5.477306002369687,5.82611018963172,5.535333070992806,5.710997825744073,5.690973818095358,5.3861096695029005,5.566175772895349,5.947421882948959,5.597309303996212,5.7330324318378985,5.643421934728792,5.5097311113732985,5.588683140714181,5.955581208176284,5.574732636775536,5.708855549869156,5.649162936611106,7.457512080151105,10.033405826076716,9.747633782483549,7.429829460956569,6.546377291741408,8.093383142102255,7.648353481961749,9.154754858495608,10.799931995791724,6.281790018267202,6.406583384012151,6.375653553816619,7.669270114696133,13.02985466761038,10.547246894557986,6.019062569233768,6.0393262167496005,6.57449637546739,7.749421549043859,6.461033796102299,6.325635850562492,5.81391784497265,6.028391113585599,5.901703021812807,6.613236428102994,6.079622020901581,6.111009421442191,5.901035544202728,6.149383700708768,16.45927705249892,6.91816312375812,6.150123742111987,6.277663180350828,5.879635485689505,6.246846992991038,10.947900791945813,8.495291491584851,8.716439478978032,8.666747801133113,8.599338057394903,8.669767808472272,8.714710988432842,8.461764665060286,8.739376752611577,8.740270911407038,8.38162763893024,9.141571421079789,9.311354830406287,8.528236574564062,8.694438574576225,8.597729835535006,8.876563372536452,8.807315749388351,8.50900277320261,12.365734255932864,7.970707204738176,8.332201278726018,7.218702662706562,10.245572693254246,7.878769855597568,9.144464609251145,9.495883757885167,8.979448595372787,28.179666626479506,23.282043183124472,8.253680690772,7.731589522038746,8.278018401270515,8.744905667821627,7.344989386511429,8.70507579451862,9.69535869387181,9.042067167803792,8.158427375401061,8.443118246626113,8.479450739951858,8.674916548541034,8.714296929564682,9.075277442115636,8.66540020628588,8.629785556029958,7.904435261094875,7.994278864481544,7.900329889092234,8.389743296152858,8.045554856205058,7.967003542349403,8.465816522352895,8.49710427325482,8.339544737700919,3.123290402852888,5.0681510792032896,3.9116979994801113,2.5840380221151804,7.869396210955415,3.448752509620647,3.5664197823157906,5.984394940880975,4.977441901723694,2.573880674436396,5.606201303733599,3.024348500600695,0.0,5.075293415550618,3.6342360632349937,2.5902649690106614,4.580792295613378,3.4513455370105817
D103_5_consensus.txt,11.742734646960798,12.552668113891286,12.566536497557196,11.883657476484586,12.73393399854524,13.250500914264762,11.999966844073697,13.79209297670866,13.913508695755866,13.34914926197314,13.290952355227262,13.400217311085951,12.668995709378748,13.145765394839714,13.161286721531098,12.025094373318892,12.293048803314718,13.533720711737033,7.744921362160085,7.313825601458348,7.835393289699084,6.995370841222439,7.436737680851195,7.900289502225519,7.954021726212204,7.504314785661336,8.299816121982417,6.940156324117993,7.146619786494512,7.252567250412483,7.321829221141115,7.100084832595485,7.157003086829036,6.968731663534072,7.467225033062505,7.611051106029492,11.315206170180772,11.472030032479095,11.612917604868926,12.216304124410556,11.559953060860948,11.776653367615893,11.388391895274822,11.454264366202947,11.721158634418316,12.223993698039862,11.682441405673558,11.757667571710556,11.1135853263213,11.53198184870655,12.067445660537658,11.897080986911533,11.380796598186803,11.57724812323096,7.256168328702017,7.337786463198995,7.486340093587444,7.568748001425092,7.618716786235552,7.502913324600968,7.263204340557309,7.411405440224712,7.609994404626036,7.596496220829579,7.6363073467134654,7.456838402973858,7.31550015535629,7.405378600724191,7.577549757470592,7.582572179678095,7.600269558456603,7.473864476689073,8.990132652921488,11.334893995098298,11.157758113644718,9.135276251235725,8.167978213163792,9.397225382638794,8.954865149668535,10.3931738344304,12.061756382729811,7.967474344570746,8.002688232611604,7.87778914685407,9.146025836360424,14.17937080775488,11.659786593940908,7.671741974955637,7.6848544660521725,8.3030498800062,9.469994794349986,8.484845482900937,8.28063448332665,8.014508625098983,8.277337552727431,8.079068146127554,8.60916098055759,8.194140930545643,8.173809492095472,8.036934962090413,8.24366136299119,18.025549818951788,8.862736880905459,8.27213075425027,8.33913395463378,8.036531136857377,8.34995779767911,12.586977711949544,10.435348569028406,10.72086000875072,10.653226143066036,10.385940422455748,10.687133112879453,10.657925467433472,10.287464589348588,10.582654272576631,10.622439458285385,10.241298054925608,11.10246940764273,11.230804959361537,10.455503199487168,10.699998082446086,10.6238942710757,10.729278450196944,10.72673488471753,10.477228973382012,14.347610357482496,10.342358799740566,10.326321797870436,9.42130006842467,12.2177013177527,9.988072373872114,11.130985305637978,11.581278788613872,10.936460693549575,29.810140943824024,24.47204777897565,10.493313979569166,10.012697944365982,10.533772993267236,10.704973612582537,9.593475518080936,11.013288117445429,11.9345468511533,11.141313612604904,10.33367018643554,10.585580207231205,10.907538317226964,10.986920620501223,11.005348556876925,11.158677216299909,10.79624201226278,10.783457223043795,10.282815706747272,10.307852669440194,10.098837733703306,10.495872228544556,10.25001852102423,10.085007139989102,10.861795161607745,10.81391675726934,10.585594083083606,5.164111828753846,6.579966533997833,5.823514539507414,4.7920731757598105,9.321497243397744,5.406090319501459,5.51538119100212,7.563651661978838,6.655137891845584,4.692206276244235,7.200403207198065,4.860419702084414,5.075293415550618,0.0,5.378317544274012,4.716529400760578,6.438468025418274,5.403032308982176
D103_6_consensus.txt,10.387080503192465,11.397839713215546,11.62476975905065,10.582565709871176,11.665477087665865,12.09816612523798,10.663643639404086,12.556617884174614,12.704711239403023,12.208097444648615,12.1879119027941,12.211453626011805,11.355627756326784,11.828163890158237,12.198247326497892,10.730612339178547,11.264461679656051,12.292359037203823,6.920115097760913,6.390151430144726,7.037082225740846,5.885365833205526,6.518936866560921,7.050448025179492,7.17916730623466,6.724107645760967,7.632036623765259,5.60535150286529,6.06825180254225,6.341512083720204,6.384457392310367,6.160555543974397,6.298006384572318,5.836859096127796,6.564712264284083,6.634686092656466,10.31198275462907,10.480099288585734,10.583245978314494,10.978785854644856,10.459101596085986,10.631993704006163,10.45712511769142,10.52109316214188,10.686412985266088,10.96767209155712,10.47681250173082,10.543967406282036,10.049598792998154,10.399305210941408,10.888762856304766,10.652328427419832,10.272668244711385,10.38965757090648,6.128867017016148,6.188414483893041,6.545380336041831,6.215943303830329,6.397710936958504,6.393598311257279,6.0990158421979,6.274595631630064,6.672812781881476,6.262416179340391,6.406770246052986,6.344117786601373,6.2196174243434825,6.2971080223776426,6.702199253684341,6.264316875165321,6.396276057444538,6.350952857065863,8.14224898775035,10.771823225073092,10.470463574038147,8.295498415198324,7.288971407232168,8.894791916350528,8.381971876132752,9.860132926495735,11.674177991040947,7.097608283622947,7.190588866203143,7.121635799562625,8.475876479363478,13.84941742814044,11.324822822875944,6.73749747314406,6.763590163914955,7.3588945450859455,8.495335396713813,7.215918505590935,7.114707328406439,6.501265110912243,6.730101932109903,6.602143730157081,7.390541557305539,6.777227569560409,6.866275529378811,6.602119816000823,6.899266496157452,17.047296994692147,7.68733435936889,6.853830190165922,7.019672661969821,6.563890797722593,7.0053129071418425,11.71998920308431,9.211378697509817,9.41676164467026,9.344854625507026,9.326743159278069,9.432349655433027,9.331844787299984,9.196069888547129,9.415704972607443,9.421974270782016,9.012643587550542,9.73772148986302,9.879229445019178,9.218400124759684,9.328846746791667,9.272068531417515,9.545596647738648,9.47977269355988,9.131485693329637,13.115211590089077,8.840823641301938,9.156740971086036,7.997636882666825,11.010375857046084,8.679134285893042,9.869715271688449,10.293703844842412,9.74828284885757,28.71066889200131,23.74725358820757,9.064391294900872,8.54038484832705,9.120446566492376,9.51568114232316,8.124024118062493,9.535651362261774,10.518856440045964,9.715225857324585,8.752766492650323,9.065644756927496,9.031543934700096,9.233601191134994,9.365065359907137,9.671555451316408,9.283756517598874,9.239657034310085,8.484174002887698,8.609366597845622,8.570280185356353,9.006077611666683,8.723245757629115,8.680531187729173,9.005164281051407,9.039911073883276,8.977189324514882,3.656922462706575,5.499241035705495,4.248963673926369,2.949055346928901,8.110836845251015,3.80586617214766,4.200045470215287,6.317765914599249,5.211508822324902,2.845469725167277,5.939386769806106,3.401660932469838,3.6342360632349937,5.378317544274012,0.0,2.908642065014078,4.945889503784429,3.817987498822447
D103_7_consensus.txt,9.547638140646882,10.714732733364656,11.10910950167596,9.7812260157433,11.13258071576564,11.651601036850934,9.791156584671114,11.888450679884444,12.330991981633645,11.473366284480164,11.65682221812375,11.581076256220513,10.563636353489414,11.150387743184467,11.84813142329756,9.975401293513528,10.70656243448201,11.80126618673711,6.083790753108872,5.402866214109224,6.282136709990766,4.445152953503339,5.531016846407852,6.137840160071107,6.251203722090281,5.720526913977096,6.897863570836876,4.006352300748631,4.921626300162927,5.292029710518534,5.454372219985544,5.000099924998324,5.308078532652189,4.4031767064338965,5.54645224641331,5.697164756485222,9.144944993709885,9.38083356154857,9.435746726022389,9.514125808828908,9.133700791115588,9.33063126991044,9.363327777117036,9.476534509715862,9.491915848483472,9.498056318458111,9.121154661117998,9.233331909380468,8.825551890264876,9.2057083902111,9.607077249654822,9.222228220623322,8.962947998904554,9.096675949456426,5.099071278906479,5.071008110909247,5.507544797270043,4.823676818401168,5.085408114766551,5.215171141395388,5.08208952068992,5.179179086608656,5.686427861684194,4.8691898515401135,5.110434322733738,5.146285857893645,5.274118145771354,5.198934575134899,5.726241299615253,4.869705066062238,5.094544981612842,5.146879886554643,7.629875174353344,10.424702623068868,10.065914955714677,7.3994017736305295,6.459229763577241,8.337070023208298,7.970310084183382,9.409157030046003,11.104581022673926,6.323547929407312,6.289747579327241,6.474956987985479,7.883347424123258,13.44620869310205,10.96579214645118,5.915368090149457,5.878056048047938,6.718637067576481,8.111046623622371,6.39588663869489,6.407593169745269,5.527254502623521,5.724346726458521,5.710607557893468,6.638612550332994,5.795325961229423,6.011091594822403,5.838318158955701,6.26693412391694,16.933993046678893,7.34041062078154,6.160613547284015,6.49032972060229,5.575781832871712,6.133306505272401,11.447940132016186,7.991703609387571,8.05583710706071,8.118730433740325,8.256777509266385,8.09384490883815,8.083620048896933,8.008447026299848,8.091420914505989,8.111099380261635,7.87851675508,8.371480882496996,8.561030711497153,7.909455674014055,7.916096323477973,7.950057924310158,8.482407763381389,8.224457758976314,7.874340177960164,12.313870499769394,7.938804243666368,8.353151877277014,7.044517657152994,10.083114232668834,7.862149767470214,8.964024745613187,9.433979441495808,8.960904268767024,27.8604476336638,23.419728992517435,8.110992944279076,7.574719224768046,8.297614386383373,8.768566784528218,7.23998586397073,8.727770705200044,9.637074666032843,8.788559368185531,7.701406592081639,7.972552089912085,7.537689253339863,7.896804071303791,8.181460654579212,8.892826513484692,8.239715605438619,8.217131930135622,6.964406009758989,7.232831032162039,7.433738182533887,8.14091875420911,7.674043666805858,7.714625742292753,7.550906654130642,7.715003253231771,7.769378940570959,2.448289785523059,4.550002451202374,3.057897097047885,1.1117616066821938,7.507770616926734,2.436324558888828,2.9726345105779046,5.272256431663209,4.597576815340176,0.8806147650891489,5.142793832002383,2.060446960523109,2.5902649690106614,4.716529400760578,2.908642065014078,0.0,3.962733136119823,2.274143403503388
D103_8_consensus.txt,11.097009827530885,12.033884687506315,12.212288674186084,11.166378930216752,12.284738675173344,12.740665612359408,11.200005031408809,13.178508583638518,13.22585820209872,12.6337302643434,12.71417650023443,12.652975093546218,11.855947622956194,12.403335115324523,12.762419463432082,11.328902209513444,11.859458228496692,12.883586482043428,7.916413885861175,7.37649014339479,7.9839213474044755,6.870126504891516,7.521240072256774,7.97504853437249,8.158891935114525,7.749104864232038,8.636625567844476,6.571259596895175,7.036701066526348,7.321754384886901,7.335918754717341,7.162862622970351,7.2969123568854,6.839680339862866,7.564827912880844,7.577400356346516,11.12320920568095,11.31370909725058,11.413044979713163,11.828611785309192,11.297165886586242,11.455254606112192,11.25100342681219,11.325416703274245,11.503417324237375,11.805301460698786,11.336733053441776,11.362262629999124,10.874390867798866,11.225547925836224,11.730770879303918,11.475645595366814,11.122591807435867,11.211802889624153,6.798376178368756,6.861672427699773,7.25315220286916,6.853068208712557,7.080466564351127,7.064657482985467,6.787442777751835,6.938083763733573,7.34046650274297,6.967132583577552,7.0940210058271305,7.028248236096829,6.897610461758177,6.957807999909164,7.364260377927394,6.944700861034789,7.073681956966766,7.051608422752679,8.916941051122762,11.510150193128766,11.301302991984812,8.867371606771826,8.115160049655401,9.589364777252342,9.289598705360843,10.680652953494588,12.256869168184435,7.852532159005193,7.932240621468452,7.879040923216905,9.223686592232582,14.33856007424913,12.071574113066449,7.488093862144012,7.57910513324839,8.201470691157112,9.3675744098922,8.125026507931693,7.970263132968796,7.414716668560004,7.64419898292698,7.507614489655168,8.261126622272343,7.71218725406726,7.7536548864552515,7.520582512384237,7.794360509626074,17.730533600728563,8.588719447029575,7.75784916056466,7.873698537389032,7.512583380210572,7.909378972538491,12.501611134182896,10.268612363324564,10.421903041007283,10.400418876934111,10.320993701121663,10.370944963410976,10.365676321356148,10.230868101748229,10.367634170670216,10.510684145896503,10.011327070120956,10.767264555906364,10.957711801950154,10.258078565416724,10.34917776037372,10.315561050645954,10.524265077348332,10.461397300561714,10.204082058658116,13.534175959223036,9.218827522793276,9.454024054180252,8.47863790092407,11.332709646412582,9.035630635115808,10.338862952685872,10.637882575064054,10.115984031577456,29.129282544309262,23.80457912123973,9.53331556118303,9.038774182248858,9.554437317491306,9.95276593972966,8.6258588821471,10.109206903363088,10.837844705163777,10.234337296370484,9.35892655478142,9.66302941583274,9.657663221358746,9.869831669697533,9.94106896389684,10.249642367493491,9.82117102683435,9.831337480203388,9.13654526446726,9.285291524549791,9.22067620429857,9.672017737681074,9.32590060137636,9.28797450053804,9.650439388700988,9.683036133162318,9.566451469346532,4.705235307057478,6.394613484724687,5.19889936080358,4.06112272341079,8.852872274977699,4.80750615575073,5.098605172963062,7.22517346611545,6.407485972941117,3.9410631660822446,6.75063407756096,4.426195844910524,4.580792295613378,6.438468025418274,4.945889503784429,3.962733136119823,0.0,4.750951113537269
D103_9_consensus.txt,10.037785073147576,11.180566093347522,11.481198892154111,10.308152272853022,11.518130472560928,11.95438788217666,10.26587602676966,12.257736714225302,12.680632048537973,11.84717333533581,12.024157404452694,12.0094275547479,11.027583691527129,11.544585679391162,12.10108458129315,10.43160904404374,11.025069705657586,12.116190600817616,6.827430889235984,6.226116661660285,6.9545505402310255,5.548974623934953,6.339298389521389,6.8774952521421255,7.010194588129309,6.591520551458245,7.577683583740509,5.220832070364452,5.821457151247614,6.16737554597097,6.271236605724994,5.97030004997265,6.159771189535036,5.486049764576308,6.37148684305015,6.444566878040973,10.11253975693893,10.336947776914885,10.41562108853924,10.644805888262,10.2027947974251,10.35813146092056,10.308467007865204,10.413655603373629,10.471114113860835,10.645272637832704,10.215727455022543,10.278771852474849,9.84918696186338,10.197847937148763,10.664224467139263,10.300244985395407,10.028141124438946,10.154022335472064,6.083898066072493,6.06682765621548,6.450389810738329,5.961197891868437,6.1568581939484375,6.227357709294836,6.076145929020299,6.165607660876617,6.604979580793383,6.039695247594693,6.201335441465517,6.166764361462924,6.237916485005428,6.1903439739379,6.6385274143056,6.015656191461915,6.191580506286016,6.1681247012171525,8.330096309147962,11.032223645769704,10.730812176701534,8.244233028794383,7.310419846070886,9.08033333507501,8.59318776270419,10.073519831857766,11.828136042895665,7.106060561910397,7.158618175344941,7.186704395813536,8.528466356730462,13.9211282572316,11.53946503945292,6.772047854076277,6.760512606856992,7.4174676163654,8.667082579028829,7.242274313718724,7.203609375093606,6.556569701185367,6.769681098340925,6.689720247247408,7.458239503588288,6.785944218273471,6.9153778977917,6.784119122663356,7.157725187340532,17.68285019348326,8.085733533336509,7.06181040049205,7.306046474869731,6.598532455476402,7.048883447385435,11.936371085902069,8.970591790627225,9.121418386035655,9.098174043453128,9.131167249817508,9.109348335643858,9.108566078378658,8.963549846795217,9.142328599214352,9.146287196470723,8.862566478963913,9.456287484783331,9.655055792143116,8.965986891748514,9.02754751645125,9.000440278931308,9.42267867577982,9.266203901291137,8.905952405767266,12.994060431147318,8.572496799335454,9.011812266134598,7.844023078495468,10.779182196227794,8.579314196041025,9.72569328186637,10.164859455137956,9.637555324486698,28.54783330903274,23.79485460663033,8.8362159739454,8.28746495006709,8.940108141255052,9.399848718017722,7.987171257450882,9.34986654779084,10.243968275982525,9.410578370521762,8.437401083978898,8.719707286054359,8.513670249219786,8.758773948413022,8.963369097224358,9.499494464086354,8.956093527040252,8.911571803383765,7.975775593012258,8.135215663370332,8.20639049562402,8.804675769074834,8.407656562409556,8.376534994280405,8.525331632006498,8.612665855791136,8.599066219952988,3.2061015930344183,5.268916655277167,3.871728260629027,2.2953814377136723,8.142737258385523,3.1595021176286764,3.9128317837261193,6.096286101391286,5.297639454321029,2.236948054128902,5.807156288787496,2.963869484679776,3.4513455370105817,5.403032308982176,3.817987498822447,2.274143403503388,4.750951113537269,0.0
