Sample1,316188_10_consensus,316188_16_consensus,316188_4_consensus,316188_6_consensus,316188_7_consensus,326650_10_consensus,326650_11_consensus,326650_12_consensus,326650_13_consensus,326650_14_consensus,326650_15_consensus,326650_16_consensus,326650_17_consensus,326650_18_consensus,326650_1_consensus,326650_2_consensus,326650_3_consensus,326650_4_consensus,326650_5_consensus,326650_6_consensus,326650_7_consensus,326650_8_consensus,326650_9_consensus,326651_14_consensus,326651_2_consensus,326651_5_consensus,326651_7_consensus,326651_8_consensus,326651_9_consensus,326713_2_consensus,326713_5_consensus,326713_9_consensus,326737_10_consensus,326737_13_consensus,326737_14_consensus,326737_16_consensus,326737_1_consensus,326737_2_consensus,326737_3_consensus,326737_4_consensus,326737_7_consensus,326737_8_consensus,326737_9_consensus,326780_10_consensus,326780_11_consensus,326780_12_consensus,326780_13_consensus,326780_14_consensus,326780_15_consensus,326780_16_consensus,326780_17_consensus,326780_18_consensus,326780_1_consensus,326780_2_consensus,326780_4_consensus,326780_5_consensus,326780_6_consensus,326780_7_consensus,326780_8_consensus,326797_10_consensus,326797_11_consensus,326797_12_consensus,326797_13_consensus,326797_14_consensus,326797_15_consensus,326797_16_consensus,326797_17_consensus,326797_18_consensus,326797_1_consensus,326797_2_consensus,326797_3_consensus,326797_4_consensus,326797_5_consensus,326797_6_consensus,326797_7_consensus,326797_8_consensus,326797_9_consensus,326907_11_consensus,326907_13_consensus,326907_15_consensus,326907_16_consensus,326907_17_consensus,326907_3_consensus,326907_4_consensus,326907_5_consensus,326907_6_consensus,326907_7_consensus,326907_8_consensus,326907_9_consensus,327059_10_consensus,327059_11_consensus,327059_12_consensus,327059_13_consensus,327059_14_consensus,327059_15_consensus,327059_16_consensus,327059_17_consensus,327059_18_consensus,327059_1_consensus,327059_2_consensus,327059_3_consensus,327059_4_consensus,327059_5_consensus,327059_6_consensus,327059_7_consensus,327059_8_consensus,327059_9_consensus,D103_10_consensus,D103_12_consensus,D103_13_consensus,D103_15_consensus,D103_16_consensus,D103_1_consensus,D103_3_consensus,D103_4_consensus,D103_7_consensus,D103_9_consensus
316188_10_consensus,0.0,0.0330825654301598,0.0056880617727639,0.016595407853158,0.0054702674186479,0.0475459177930881,0.0445752313387668,0.0461485123691742,0.0753158443997472,0.0417131281465623,0.0498614449192178,0.0497952381231421,0.0596473729723738,0.048727403367379,0.08679287468295,0.04785538434494,0.0515566814511929,0.0456589407233547,0.0612755527627824,0.0568909867019593,0.0833059360116639,0.0432928075907481,0.042616776358539,0.1268796721393092,0.0899903177826813,0.0901762927467775,0.1098523865201128,0.1047699893051525,0.0907725758424886,0.0717633835504862,0.0797980533543691,0.0968500797877345,0.0380083927413767,0.047729291010552,0.0192825370537708,0.0431017226297898,0.054026732724413,0.0121960919900692,0.0219986060640628,0.0903537610919498,0.013387266285525,0.0173538237417352,0.0535147968719922,0.066056647472446,0.0807160840578919,0.0422572381252601,0.0492199510070721,0.0445614489075403,0.0454594250808835,0.0658984145739101,0.0399955512728293,0.0436712949063116,0.0517462784153366,0.0807675191232144,0.0911070057405902,0.0699243423999629,0.0616819983619238,0.048399507047419,0.0454020246062345,0.0380612748018824,0.0420990891033028,0.0449994880198802,0.0375992947161529,0.0327714897016004,0.0381283937761072,0.0441889170154352,0.0381775803586368,0.0308487554871756,0.0334679543601987,0.0295086871457535,0.0416549027161874,0.0329212294125014,0.0325728715719675,0.0380090608192418,0.0347021758793522,0.0327748938478134,0.0306556246218825,0.1054446912146591,0.0558645165707867,0.0701919423132411,0.0717826076944909,0.0847447264637937,0.0383426942473761,0.0600201608620869,0.0752513778914032,0.0562894492631276,0.0390035944845719,0.079880735820458,0.1406149578316897,0.0651579588789337,0.0549676993044565,0.0628230473760416,0.0948177262008025,0.0633682359538436,0.0704297703568892,0.0661204141960709,0.0752231438765917,0.0706654424538237,0.0824058100404601,0.03980927755196,0.0349648858654774,0.0159300817668102,0.0221470147952924,0.0176403775069298,0.0821431063879458,0.0795878017930142,0.069236097454949,0.0410712874701317,0.0393875757820953,0.0483372429398274,0.0574500061258875,0.0510484129521255,0.0838533818719842,0.0420652554619422,0.0525848566637607,0.0751824040559547,0.058194120560346
316188_16_consensus,0.0330825654301598,0.0,0.0287760195719508,0.0336237756978725,0.0476357421219413,0.1038383686343245,0.0865924898373737,0.0898604375393983,0.0510786383683345,0.0756919931041242,0.1107167987853898,0.1088451764774927,0.0529623472213369,0.0667255805046433,0.053451788477103,0.0516711510315248,0.0574677694518097,0.0715241225626837,0.0492099428944001,0.0581449431817526,0.0494893194173293,0.0672602664955794,0.0944231769518264,0.0689737853252321,0.0382198990032378,0.0385882008498406,0.0559362687938964,0.0512571133111121,0.0393111907982612,0.0243777231626243,0.0333106275557044,0.0443717430514452,0.1176303450065017,0.140056348304145,0.0786532634178156,0.1288079163765036,0.1517522470572014,0.0455995197627512,0.0841983795656746,0.2091937309696412,0.0520610489706623,0.0704703201835856,0.1499121647563734,0.1419546526280521,0.1757079058250399,0.0744014030983297,0.0526262592496733,0.0712757583781744,0.0571841437937505,0.1439876985215331,0.0595292469450043,0.0649262344239058,0.0661906541781824,0.100396939983729,0.1707011443623889,0.0757017501296077,0.0914520084937411,0.0540033054248239,0.0732965314374878,0.1048746578244257,0.1125035245789742,0.1213604968005528,0.1021033609774448,0.078997330864488,0.099503076882236,0.1182907908364834,0.0524580687492886,0.0625165112543122,0.0857114419994129,0.0697590114405013,0.0517797593072879,0.0753624286333698,0.0546253003113772,0.1009428424924658,0.0931084532645805,0.0525833528650476,0.0812159355780686,0.2231161948367361,0.0406612128705825,0.0353825904334046,0.0374834168274382,0.0467244651356786,0.0883671914027557,0.1445269716342228,0.1721091317111653,0.0383660370322722,0.0901601822501492,0.1790581073570418,0.275108286125044,0.0212569127784014,0.0212867579778075,0.023339798493569,0.04796442350416,0.0208212552866138,0.0244205692644348,0.0202339054233373,0.0291542108123392,0.0243210587767572,0.040775162600279,0.0332776074270135,0.0190395112778931,0.0349470929975472,0.0332489146333099,0.025993590595517,0.0369254705619006,0.0360411194269945,0.0279953913296475,0.082374422628793,0.077033240219583,0.0937637899688565,0.1363131630133693,0.1109550695591377,0.0572923451126969,0.0704891266893907,0.1183263779882892,0.059635514399658,0.1349058326774113
316188_4_consensus,0.0056880617727639,0.0287760195719508,0.0,0.0158264863032009,0.0095288925624839,0.0584572291421432,0.0538344563164585,0.0554110896151627,0.0773477621851146,0.0502123091232391,0.0605248349428872,0.0608643390156959,0.0637135669183397,0.0552952499609773,0.0879561149554977,0.0528451897163737,0.0569537846630527,0.0530545447954109,0.0648717977990198,0.0619828817729484,0.0842316048284566,0.0504545793657422,0.0527183562645747,0.1233122359632856,0.086578932582805,0.0868664841275332,0.1066132405442328,0.1009036571557411,0.0866246173953726,0.0695209561359444,0.0784161283381799,0.0938777329709532,0.0497189615156967,0.0602597042543617,0.0286106710781783,0.0553889901475761,0.0678633347992958,0.0178797963190646,0.0314841768810039,0.1061641539888382,0.0202892380753167,0.0260294947596388,0.067394077951568,0.0779625777034436,0.0958972771437745,0.0500032777381171,0.0536404960571657,0.0515674583045706,0.0507054891336293,0.0789184257219952,0.0459484025537291,0.0500564355662191,0.0576005705552509,0.0873470690026048,0.1048960002132588,0.0746739174910953,0.0694043311032333,0.0531816982812785,0.0523898298818146,0.0511433916736434,0.0556443615131225,0.058967515672105,0.0501553398827425,0.0434304649456294,0.0501776806481641,0.0582155253989089,0.0456444154134771,0.03979410866516,0.0450391563122591,0.0391016504299344,0.0483851477836028,0.0433431084684245,0.0404395883604564,0.050693332552651,0.0466871866544877,0.0404691396649816,0.0416499991111072,0.1213317542008605,0.0573315390428001,0.0694426701317336,0.0712039639403192,0.0837969267359337,0.0466504277645345,0.0722669705048009,0.0881346858578746,0.0560953082061441,0.0472931522610249,0.0935424893263983,0.1575279932794346,0.0617645532039041,0.052449498747622,0.0595363620376634,0.0911550124271443,0.0598178843331691,0.0667034115350118,0.0624983857641012,0.0716466564084568,0.0674149534615224,0.0796309817887408,0.0402875278591698,0.0347180888932099,0.0192502006500072,0.0246157048799124,0.0201661227025597,0.0790206120218011,0.0762799940470531,0.0658427367481513,0.0493834505306143,0.0462912862929956,0.0575798690597419,0.0688226748946307,0.0611301520663793,0.0857811904262471,0.0490310096140529,0.0636049488849215,0.078314894009984,0.0688837691532988
316188_6_consensus,0.016595407853158,0.0336237756978725,0.0158264863032009,0.0,0.0144783484725845,0.0569421268002887,0.0549122896847018,0.0506566215249435,0.0790276649798098,0.0484430019002264,0.0657663605593006,0.0602870424645889,0.0593512703875225,0.0479198482632741,0.0890852596943272,0.0470088390090257,0.0552837837241364,0.0500199240318668,0.0580876257754061,0.0558740904352967,0.0827952057403162,0.0465696745340284,0.0488816417865622,0.1652195671394496,0.1150176385134589,0.1152048183478671,0.1449262917862652,0.1365538310071663,0.1173108855110234,0.0594569543105425,0.0599606723980894,0.0752688476458089,0.0555717875841219,0.0776132687515849,0.0429704631393494,0.064460340112431,0.0855602161005073,0.0332444498327957,0.0475049380139589,0.1203885726163429,0.0354058749361341,0.0423754469089736,0.0763516097727503,0.0546728950164032,0.0795653031849408,0.0281156673381159,0.0348422906505652,0.0321162212328065,0.0312931695859823,0.059074204420388,0.0283127966119316,0.0287131931687714,0.0326411647900926,0.0447996251151847,0.0720049520173127,0.0381597789584606,0.0365046096609962,0.0318152201423238,0.0284696572608247,0.0566867865145024,0.0654084434679971,0.0656967672252246,0.0543488878227007,0.050584625218832,0.0633666113590685,0.0636897199677308,0.0510018302423578,0.0441943735618597,0.0463185038481093,0.0403835194107209,0.0555988921152756,0.0493221993683121,0.0440372129921895,0.055475478648824,0.0486426517753786,0.0456055809340938,0.0477363552466201,0.1289557901207327,0.0529869758458581,0.0616329471801968,0.0629884179005646,0.0715288042423392,0.0454768480961433,0.078275866354919,0.0943703620473925,0.0437835087488513,0.0498119449433831,0.0992977170930213,0.1640129374143217,0.0681878926337136,0.06851103719075,0.0733831667256224,0.1249734077352942,0.0751158768540882,0.0827577973966056,0.0670101681846198,0.0893703156828014,0.0785648325753856,0.1101025310296508,0.0692584326683345,0.0502876893621113,0.0292132313857447,0.0443514877878943,0.0284797079716403,0.1064972341930952,0.1031793849104829,0.0865745955897114,0.042610733027546,0.042827447305008,0.071729119456684,0.0752743527587611,0.055545395816849,0.0941818937430918,0.05353117380844,0.0598003821534849,0.0904827026877939,0.0813103405190744
316188_7_consensus,0.0054702674186479,0.0476357421219413,0.0095288925624839,0.0144783484725845,0.0,0.0402771666573924,0.0414985424341693,0.0408442966715334,0.0878679319546948,0.0397992348490641,0.0436034893712342,0.0421150849934557,0.0663652598756368,0.0487799242024067,0.1009857859601828,0.0515683544046146,0.0560952015874978,0.0450848669062144,0.0686016034002623,0.061134620823589,0.0969409785346453,0.0430027856265216,0.0356895829907228,0.1603221485796506,0.1169331411681078,0.1172162833957637,0.140705411237664,0.1345485253550356,0.1185359029655153,0.0863741351570883,0.0912875508129529,0.1099518414176294,0.0275626645128159,0.0375993016093776,0.0166692905383207,0.0323344117094537,0.0429243834680477,0.0160086051825016,0.0192446421079637,0.0727689524008088,0.0160057226248842,0.0167624114061002,0.0398837878053859,0.0476647817531139,0.0600210501415068,0.0348600102813936,0.0492673631785596,0.0389873086212517,0.0433257533474131,0.0479854326909396,0.0368474136954004,0.0388562560841396,0.0473363410863365,0.0695048149265193,0.0687262166157811,0.0636459206744781,0.051245623461261,0.0471597914429997,0.0382082617074495,0.0314959048934762,0.0360220611167303,0.0363866552484672,0.0310599587219355,0.0316698953222625,0.0350688040422086,0.0360383774655268,0.044000804146508,0.0323604578077434,0.0289548385171594,0.02772516940575,0.0489969638688512,0.0322468038990422,0.0358723820933049,0.0318400934925096,0.0288895666644144,0.0371457118488525,0.0280638419291623,0.0848698138661108,0.0631287297259728,0.0809512255195805,0.0823842233913394,0.0945931816939724,0.031338680334473,0.0470131753593072,0.0589550194945811,0.0614152602032218,0.0327635924772877,0.0631390924409753,0.1150849320812898,0.0830963236442645,0.0738121585385496,0.0820315162029583,0.1223361622283407,0.0840944687735234,0.0922099919024139,0.0840083473368151,0.0972640547552803,0.0908557496623414,0.1077352525835646,0.0566563537559305,0.0498029036072011,0.020594280816554,0.0318307512349687,0.0243799366336094,0.1073823103525919,0.1041903360039135,0.0913572130130457,0.0351975738783147,0.0352740283593089,0.048382535794305,0.0465099885236526,0.0409919832668528,0.09894578816301,0.0427714296544747,0.0417846260677867,0.0890312878747696,0.0497292095480155
326650_10_consensus,0.0475459177930881,0.1038383686343245,0.0584572291421432,0.0569421268002887,0.0402771666573924,0.0,0.0047438064798104,0.0038534711297328,0.0644850164661328,0.0069320992489112,0.0035966332391161,0.0024069199378526,0.0378815822901756,0.0157346750269926,0.0803990175946189,0.0274770465574478,0.0257427937854917,0.0110021166735796,0.0441604916151643,0.0294204264482758,0.0774712352887672,0.0116865630799614,0.002785390421323,0.2089140077269942,0.1630913073299931,0.158775134372366,0.1885666066953586,0.1800073099013142,0.1651893267348523,0.1186137451981856,0.1157047399945883,0.1464101791394165,0.0248570940009038,0.0387687910412237,0.0281711555623811,0.0286005159335873,0.0459855364382777,0.037794472975599,0.0287181839507795,0.0596324123581668,0.0322226568481784,0.0309748443065771,0.0374538080395758,0.0411503562229009,0.0510958448929912,0.0337199592175121,0.054735956609667,0.0430837483838688,0.0448193298706307,0.0396340999708968,0.0400813925077301,0.0424528527337741,0.0478446526354705,0.0789844672921118,0.0645800562472889,0.0735211333321634,0.0512682523069942,0.0543943159514137,0.042981232247742,0.0112428710033176,0.0132489678960956,0.0136061941048115,0.0094451771725179,0.0121157993490985,0.0132501124954131,0.0123036658382638,0.0274421888327625,0.0151453561324146,0.009196474281623,0.0151730961728819,0.03404836162973,0.0124037426632046,0.0225373803647155,0.0096940348411322,0.0085597366805583,0.0232816486751108,0.0115949582728944,0.0637768781979604,0.0666182968921615,0.0928612387968845,0.0958088110741854,0.1044197169854994,0.0266848318136956,0.0377165834300816,0.0424501929946421,0.0728354293125317,0.0270165998824243,0.0460799497708048,0.0968078704799912,0.1108893479081984,0.102272930657306,0.1093951193427802,0.1547619274698917,0.1204927681751959,0.1238256950048786,0.1135580759372079,0.1251367078847494,0.1188356525872524,0.139738098590775,0.0838293494610988,0.0778473500528198,0.0366954242527066,0.052275921225549,0.0453011253945181,0.1430899507956962,0.1360364782973926,0.1205282335316022,0.0264907254109738,0.0278163705499245,0.0360638769258567,0.0304048077813261,0.0243487511556592,0.0967028382281727,0.0305867144650537,0.023282771641985,0.0840426744263469,0.0309745417708047
326650_11_consensus,0.0445752313387668,0.0865924898373737,0.0538344563164585,0.0549122896847018,0.0414985424341693,0.0047438064798104,0.0,0.0032335140980688,0.0425831585170097,0.0029370841083533,0.0060522635154045,0.0055241179698981,0.0229643525203178,0.008667187538637,0.0556946889613447,0.0157828951866667,0.0135449298541274,0.0044757328579887,0.0278882011228764,0.0168341979943429,0.0537425197015091,0.0052553204821848,0.0045419509568143,0.1776934729915664,0.1356647102383981,0.1311125895166105,0.1589017150190894,0.1511089626134598,0.1376265583549649,0.0960640056837611,0.094504944178829,0.1236391329392621,0.0361884670687757,0.0512855733404151,0.0320976061919004,0.0412014965096574,0.0602727494024177,0.0351262086725796,0.0331958829658347,0.0809315186173389,0.0300784661812851,0.0326669600716265,0.0529971533785111,0.055697667210933,0.0683547150901446,0.0336874230724131,0.0448713438213754,0.0400870821228913,0.0376149276910151,0.0526980438130877,0.0350453774868215,0.0388411787455549,0.0427662909776511,0.079844969213024,0.0808653975015873,0.0690324091004761,0.0525155956241372,0.0463770040451718,0.0421963861024696,0.0163208135531895,0.0178671186605914,0.0212869737556413,0.0140953036287738,0.0105420129576589,0.0144891823496244,0.0196721347366519,0.0168832378072272,0.0102107101995674,0.0103742507533599,0.0124787356782114,0.0211664364821153,0.009631231426832,0.0144574859517936,0.0131980414421546,0.0122085132970903,0.0147201408390813,0.0114869893220577,0.0823791912098199,0.0499690056605661,0.0725806493507805,0.075529522235028,0.083475366531883,0.0271823810999194,0.0463898110468194,0.0547809280065649,0.0577826568679284,0.0269224620079731,0.0589402347208958,0.1208805847308021,0.0867662313931711,0.0786607466648012,0.0846808496593096,0.1240426021204106,0.0948233210636217,0.0974943974015909,0.0896888283565724,0.0980394576496141,0.0930251881614321,0.1109289618075601,0.064478220054152,0.0592277181216971,0.0284227302498703,0.0398617589648324,0.0341412619021257,0.1141467303233714,0.1076095871562436,0.0940990030845334,0.024789706168665,0.0243763397970209,0.0299645955894325,0.0365071673175068,0.0271014595198924,0.0720789162159469,0.0223240186017061,0.0276046170692723,0.0615490328968304,0.0348300254687679
326650_12_consensus,0.0461485123691742,0.0898604375393983,0.0554110896151627,0.0506566215249435,0.0408442966715334,0.0038534711297328,0.0032335140980688,0.0,0.0490480430501332,0.0036514585221318,0.0067929594164972,0.004915506760347,0.0255473164138653,0.0083395498826943,0.0633444931106241,0.0178885648128144,0.0163732187019185,0.0056665034815708,0.0306998513838543,0.0186248608025554,0.059983388335687,0.0060512981298215,0.0034538586218637,0.1926638393548883,0.1471321088555521,0.1423513300125147,0.1729800420169853,0.1638172770502146,0.1492982377757155,0.0984362170997794,0.0948007046514298,0.1237685063452627,0.0333275356363573,0.0509404977270282,0.0327790283562503,0.0386605907556223,0.0597514678619681,0.0370607363279003,0.0336213830034664,0.0777712304157205,0.0323031478931445,0.0345016214291726,0.0501551793095984,0.0475910644030026,0.0624287662564704,0.0300834087095962,0.0451384949341848,0.0387582037581673,0.0367683385227355,0.0466139354677572,0.0339605683121302,0.0365453500615382,0.0402740258783156,0.0716204951528176,0.0709792262667026,0.0635199122015404,0.0462748595432209,0.0454605305297386,0.0386065861147368,0.0175802278067624,0.0206021430380971,0.0223326008895545,0.0148817287891525,0.0138666243581369,0.0188179656182425,0.0202493022994421,0.0218603554716079,0.0131429955094981,0.0117777790023998,0.0151669643996639,0.0277600695901334,0.012956976432001,0.0185366379892641,0.0148692532406196,0.0126245092957475,0.0190167256845219,0.0142285118453981,0.0806316471936039,0.0530653225552288,0.0754183450956418,0.0781854454424078,0.0851604388167217,0.0271947293961609,0.04635378514552,0.0536941385646203,0.0581793089693452,0.0278851706012499,0.0579271615975818,0.1177281498275775,0.0919084239505618,0.0863347020351366,0.091961397846993,0.1379945662745942,0.1036074776721456,0.1056796405699067,0.0944953110809558,0.1068158021295273,0.0998726328053827,0.1236924868868145,0.0746117548557814,0.0657860793270188,0.0310990219154723,0.0459196514935769,0.0374786721770448,0.1262299353295812,0.1191776237421295,0.1033936945718885,0.0253362278110325,0.0257497510226905,0.0373474364080754,0.0384375714922065,0.0267696494567193,0.0823167729792624,0.027160216222211,0.0272846214934059,0.0722887248465866,0.0386575353144369
326650_13_consensus,0.0753158443997472,0.0510786383683345,0.0773477621851146,0.0790276649798098,0.0878679319546948,0.0644850164661328,0.0425831585170097,0.0490480430501332,0.0,0.035318922516712,0.0689635918082869,0.0688349545182029,0.0075636767926807,0.0251086605440171,0.0036582342012518,0.012888448076926,0.0119651813002628,0.0272547805615497,0.0058348568898924,0.0113943212364882,0.0031207643932749,0.0263862427808669,0.0593158636799646,0.0947146183729046,0.0643560320543112,0.0599308422876507,0.0817626078812772,0.075817794666281,0.0667929449687179,0.0406570761829314,0.0429169510621791,0.0643766051798158,0.1262099235154492,0.1524978032493011,0.0948713938583507,0.1374773716900614,0.1679935166755388,0.0682052345969337,0.0994132981290025,0.2158869776770222,0.0678260929753467,0.0874676700315868,0.1616350554723151,0.1492434409859964,0.1793851689437655,0.0719179944444103,0.0451178236645617,0.0684112758026831,0.0484714752721124,0.1456039811895904,0.0547653140891526,0.0623410953851175,0.0591651982488228,0.1100490676949244,0.1792711630101857,0.0803331506376343,0.0911543547906639,0.0512976324454079,0.0754858691333923,0.0846973257756911,0.0878783404157168,0.1006724945235681,0.0805659693972584,0.0526435021508673,0.0726435774886207,0.0970007539715345,0.0208624859655763,0.0362759735571636,0.0619283435123438,0.0484789551187017,0.0178343347512486,0.0468533075797621,0.0279604772929165,0.0762956712311382,0.0722312984399842,0.0259940883050404,0.0591181139994674,0.213232298528923,0.026918902214553,0.0287797508758087,0.0317013052803742,0.0365567963483099,0.0801206111342951,0.1373042660691634,0.1611837458980183,0.035444860114314,0.0799004532848002,0.1673074331090962,0.2718669968382388,0.0294990212169601,0.0299054380130119,0.0300278984561419,0.0521000600161318,0.0351650810937815,0.0339119024775715,0.031495109924621,0.0339886590398617,0.0310287051635071,0.0459744734822473,0.0417728557414704,0.0309477966703317,0.0440575537265175,0.042212535466251,0.0368631735329589,0.0462228123808179,0.0426016217435227,0.034364478460592,0.0651070400881907,0.0592368702817722,0.0653232568653665,0.1168661896965685,0.089109326192017,0.0241797984434493,0.0426799978700511,0.0962872126102754,0.0249358076428993,0.1102288882887476
326650_14_consensus,0.0417131281465623,0.0756919931041242,0.0502123091232391,0.0484430019002264,0.0397992348490641,0.0069320992489112,0.0029370841083533,0.0036514585221318,0.035318922516712,0.0,0.0097453187921452,0.0084313899907915,0.0168128820970396,0.0052234164744175,0.0475543717503637,0.0106143612200453,0.009468308812103,0.0030945295563471,0.0210508302425171,0.0117793123677785,0.0449981218632586,0.0029016592984518,0.0056517152058175,0.1662254532297629,0.1243078590602024,0.1200433465212311,0.1479685330865683,0.1400704844506579,0.1264052573634648,0.0827906090112522,0.081185335205264,0.1086939130096666,0.0402290047220414,0.0583923252710665,0.0341150686092346,0.0464123262735682,0.067822609166555,0.0331987279615439,0.0356749623164933,0.0914842186562241,0.0294241481571946,0.0340324838459364,0.0595339315064959,0.0566060050788781,0.0729294632825521,0.0297509391279522,0.0382007773458203,0.0359293485620364,0.0317662948100752,0.0549485583533302,0.0300022285570209,0.0335182290292461,0.036946817106144,0.0722769773092375,0.0817691286851536,0.0605280093058686,0.0476485044664132,0.0392330713400541,0.0372643506564589,0.019124083276532,0.02197254961502,0.0256412379048658,0.0166567031272713,0.0109771872079784,0.0178807690328959,0.0235286508988759,0.0132118907219798,0.0084988603510751,0.0112985123767739,0.0116885302574001,0.0176167398236968,0.0096085338717983,0.0114349150155224,0.0159170437613536,0.0134331993108167,0.0113922138203337,0.0122846791550639,0.0940100381182222,0.043204939610403,0.0627333997840331,0.0650036596287408,0.0726157953385158,0.0287565134685818,0.0531157893337876,0.0637001053732335,0.049543738341363,0.0291974146297686,0.0679845643409784,0.134320882105051,0.0759873696817337,0.0702883463835331,0.075698519530837,0.1158264024419732,0.0851726176098441,0.0871963149839336,0.078392974733175,0.0885615580573926,0.0826905016093109,0.1029834503528661,0.0608620012402303,0.0525979831624692,0.0260538657126394,0.0373642222111216,0.0301325078122438,0.1052610046581143,0.099203860801551,0.085226992116409,0.0242574475968577,0.0239377065991766,0.0326872497277221,0.0427160032330755,0.029951266924364,0.0654179994462165,0.021989542322494,0.03135975243962,0.0564546286334461,0.0416996187159401
326650_15_consensus,0.0498614449192178,0.1107167987853898,0.0605248349428872,0.0657663605593006,0.0436034893712342,0.0035966332391161,0.0060522635154045,0.0067929594164972,0.0689635918082869,0.0097453187921452,0.0,0.0032702537786661,0.0432356055884,0.0207394472411328,0.0856672600144374,0.0332896110320506,0.0296773417635902,0.0141943775414894,0.0506110986098358,0.0348257807926568,0.0835689192285888,0.0154559772321167,0.0055870267474755,0.2077232903753731,0.165122936212116,0.1603557003690161,0.1879388030285342,0.1798039865500049,0.1660716112298805,0.130319300800652,0.1294278098025234,0.1617903992885274,0.0253822735354258,0.0355040017631766,0.0275226141619064,0.0276781965783019,0.042560798413314,0.0386047729205598,0.0274191813608339,0.055328633355586,0.0326913163755415,0.0304343102554112,0.0366345214343564,0.0502523347351013,0.0576342095962569,0.0443894572347511,0.0660225416872819,0.053755647225449,0.0557892253824698,0.047757175413329,0.0503117067645293,0.0538861836621826,0.0602837427472486,0.0971354526740446,0.0772455883520502,0.0903342341615953,0.0654432607140167,0.0666053210993071,0.0548998686709314,0.0115784416281687,0.0120988926838556,0.0132822907674032,0.0103802272115727,0.0129975749008099,0.0115403580320485,0.0123026989117391,0.0303081242767309,0.0173729461059419,0.0116031015700084,0.0185197929156171,0.0366190385112812,0.0138264608519884,0.0257949375826305,0.0107223941161151,0.0105247906896659,0.0261214965625171,0.0127624179783989,0.0608664157797527,0.0738096716473055,0.1021839710323435,0.105710846813718,0.115611212038245,0.0297118337732538,0.0372498833297951,0.0408363300564165,0.0825854453097472,0.0288807848117658,0.0446305438913849,0.0939124045067956,0.117004226456947,0.1049708557457442,0.112857785583194,0.153167753748546,0.1243270687984612,0.127466958293307,0.1203446100935057,0.1278431034691207,0.1235998984967023,0.1391819492363097,0.0815186877444462,0.0799660661557748,0.0382886396188526,0.0515839612345399,0.0482482783423474,0.1438449817956435,0.1363427452656171,0.1222360803246571,0.0320623739735372,0.0323348443081696,0.0349135832593949,0.029695629707688,0.0281400062369474,0.1006364967104964,0.0328133189178938,0.0263083645249411,0.0862198101191271,0.0281296644656974
326650_16_consensus,0.0497952381231421,0.1088451764774927,0.0608643390156959,0.0602870424645889,0.0421150849934557,0.0024069199378526,0.0055241179698981,0.004915506760347,0.0688349545182029,0.0084313899907915,0.0032702537786661,0.0,0.0414772466361856,0.0178974043834312,0.0850159800302554,0.0308269010828032,0.0286135929072726,0.0128423922832059,0.0482347041011106,0.0325736561441942,0.0823392189318354,0.0137003106286561,0.0035213457925395,0.2140433173333029,0.1680275377815165,0.1636150449982389,0.1932633152291227,0.1848621683354832,0.1698651264781805,0.1245017308497811,0.1215694794541368,0.1533797694524077,0.0246936428415827,0.0374280909494606,0.028935773551157,0.0280261569657351,0.0443619356415219,0.0399274044481225,0.0292532561997429,0.0568153377371771,0.0340522936934091,0.0319577918335172,0.0363298215525489,0.0411592286253066,0.050143293759211,0.0360468429952236,0.058528394943714,0.045952331615882,0.0482231639759831,0.0394894014737676,0.0432140827154459,0.0455053202858399,0.0514132001964977,0.0830530227409545,0.0652780852139338,0.0780310918104874,0.0543205745659154,0.0581829314176003,0.0459169588786023,0.0113490815671832,0.0130109289665183,0.0131736184444646,0.0096684047541977,0.0134036124161349,0.0134088177015545,0.0120726019143075,0.0304455840067792,0.017263842497039,0.0103013493919466,0.0170998341286363,0.037242581536911,0.0140753296844637,0.0254241267993862,0.0101095524450398,0.0092886115425674,0.025969411441995,0.012826877322059,0.0605848373636952,0.0706063516656385,0.0978688593989884,0.1011762633093233,0.1100103808229304,0.0275374375918948,0.0366580063149095,0.0404927526243472,0.0775280795393742,0.0274706269752584,0.0441366631670856,0.0932066059733349,0.1162285189663947,0.1065508222890532,0.1140846834298523,0.1591480633449542,0.1254744687305331,0.1289312166064995,0.1188916314349661,0.1301180912503277,0.1239969984048343,0.144189761701134,0.0864541184596117,0.0815917583562937,0.0385855404470332,0.0543944068701112,0.0480072203556964,0.1478928427520465,0.1405889644333156,0.1251676823469258,0.0287877525301736,0.0302539662419984,0.0371138309777823,0.0300022248951625,0.0253280964738813,0.1014274628140183,0.032826232582102,0.0239827238552203,0.0882162341239514,0.0305316045172991
326650_17_consensus,0.0596473729723738,0.0529623472213369,0.0637135669183397,0.0593512703875225,0.0663652598756368,0.0378815822901756,0.0229643525203178,0.0255473164138653,0.0075636767926807,0.0168128820970396,0.0432356055884,0.0414772466361856,0.0,0.0088233717750192,0.0137912300077216,0.0044978110672388,0.0036718407173097,0.0118195530277258,0.0030085992475772,0.0029076678877384,0.010893637075128,0.0106554919608328,0.0341122932721242,0.1188552833105021,0.0825348879211587,0.0776833769092864,0.1038452671773306,0.0960006003670583,0.0847664330499,0.0476384429323042,0.0469779603079736,0.0712985341854981,0.0916729199675181,0.1186836664980228,0.0705830572231942,0.1016798777585146,0.1325189926838916,0.051825449838093,0.0738752178662469,0.1710146115329669,0.0512264312963841,0.0663365693162649,0.1231658748874853,0.1086331574014289,0.1380681341891927,0.0490845312104557,0.0364204300412343,0.0513146318094497,0.0358909735150145,0.107969288075159,0.0396660995893851,0.0449615416746489,0.0435611529780919,0.08567709651218,0.1370588582450853,0.0633647554163188,0.0665655955077992,0.0400005518006656,0.0544433243816202,0.0583264828063567,0.0631004773882484,0.0719009295523562,0.0541831784276283,0.0344320313735106,0.0520889735538627,0.0678063434474358,0.0133594232174028,0.0213131539663722,0.0399507829610916,0.0320971411271759,0.0144866797642517,0.0302014216213519,0.0178729430940514,0.0521795445793689,0.046870114358632,0.0160647626418564,0.0395736282740557,0.1734639085210352,0.0274074099696592,0.0340717854578453,0.0370960408971221,0.0418991208085106,0.0595988487048089,0.108639439435004,0.1277509345741592,0.0333536101874694,0.0606485077682341,0.1336752033237944,0.2271302642697916,0.0393064780223104,0.0401948395288371,0.041403453376767,0.0746676216656352,0.0496868592913575,0.0484227841052113,0.0409611286463116,0.049108161274523,0.0437039503782594,0.065829982739638,0.0485811896364651,0.0351805269639378,0.0335508290097843,0.0385770178156974,0.0303438141088268,0.0663917760422698,0.0610905272660264,0.0489979201261308,0.0476383201736538,0.0439898087957413,0.0562106631956949,0.0917939050832705,0.065980936527163,0.0377885707834835,0.0339757922195547,0.0713112925625081,0.0361950464081815,0.0880144664472002
326650_18_consensus,0.048727403367379,0.0667255805046433,0.0552952499609773,0.0479198482632741,0.0487799242024067,0.0157346750269926,0.008667187538637,0.0083395498826943,0.0251086605440171,0.0052234164744175,0.0207394472411328,0.0178974043834312,0.0088233717750192,0.0,0.0358362226639714,0.0062795773900958,0.0054551874373629,0.0039202998852019,0.0122111991161188,0.0056169948147051,0.0320074274198773,0.0032432058191815,0.0135394776399326,0.1554708300694214,0.1133861462958512,0.1084077093047692,0.1379552075106822,0.129044242976593,0.1156041123166407,0.0674379204014954,0.0642689757224506,0.0909334812532609,0.0574271767234533,0.0815892999977592,0.0480218013222568,0.0655265721796762,0.0928389516826104,0.0405753154668078,0.0499754105357208,0.1206453749659646,0.0381739639868925,0.0469199930277151,0.0823693527353635,0.0698694948871097,0.0939097918132763,0.0324946187866856,0.0353418809167251,0.0390975502751267,0.0303983035539925,0.0702834617689323,0.031001185715163,0.0342536919758948,0.0352291301001859,0.0694771615958149,0.0954285597886706,0.0553005601667937,0.0481911050428225,0.0365824360291799,0.0395326538565541,0.0339234640683905,0.0385981779932507,0.0432020928115122,0.0302270955222834,0.02050502582874,0.0328884115091652,0.0397344037007929,0.0140870497019269,0.0131964421222736,0.0215900518814731,0.0198352743054996,0.0185836136491381,0.0181199491966363,0.0147929996300844,0.0297600749882862,0.0251147535341429,0.0138554723462318,0.0234686369491088,0.1249060703357045,0.036912549053615,0.0508338623892967,0.0539083029975238,0.0595097278619816,0.0401498824479071,0.0753164457328781,0.0883822636373681,0.0413857452160959,0.0414840712624711,0.0936315467118849,0.1707750955073885,0.0624275648520082,0.0611782685456141,0.0645494422029484,0.1072314680885302,0.0750404172388297,0.0752742431597361,0.0640980532116017,0.0764992036486464,0.0693252449414192,0.0953700255617695,0.0612973941678607,0.0481946900203666,0.0287513440633109,0.0401816813723812,0.030666314290296,0.0965793784156554,0.0900872926891773,0.0750104986534143,0.0333572564866875,0.0323804372116454,0.0471522948548894,0.0635929056745325,0.0434530026254149,0.0605452977210321,0.0292809568498588,0.0462900091557498,0.0549384648423121,0.0631513843602968
326650_1_consensus,0.08679287468295,0.053451788477103,0.0879561149554977,0.0890852596943272,0.1009857859601828,0.0803990175946189,0.0556946889613447,0.0633444931106241,0.0036582342012518,0.0475543717503637,0.0856672600144374,0.0850159800302554,0.0137912300077216,0.0358362226639714,0.0,0.0193888792492842,0.0197218665224694,0.0378611762357463,0.0100896474251843,0.0185235690234755,0.0027829493017694,0.0370866770005369,0.0739022239663889,0.0937643602282918,0.0631826075112647,0.0591230596552252,0.0806101004715404,0.0756971726461621,0.0664413098356098,0.0378591102774032,0.0403224452485035,0.0598635598720251,0.1458344622723597,0.1731288532253323,0.1110223941810186,0.1580356756730321,0.1890600563827611,0.0812092033293367,0.1169288093180824,0.2407975473062906,0.080719888156036,0.1023778220335991,0.182637655334009,0.1664843793332879,0.1969398046783856,0.0812745085252002,0.0472468941017547,0.0743473927926823,0.0528039695439517,0.1615054511972573,0.0607842382171508,0.0687974107359554,0.0637698443929348,0.1155787622040325,0.1944313755329521,0.0836165264664021,0.0988414840122455,0.0545495191396092,0.0831262974402875,0.1007358031680301,0.1038192838229008,0.1180340537977961,0.0967130673541367,0.0657959850867957,0.0877478234832906,0.1146445434616882,0.0291369357858553,0.047885159080641,0.0751189417920121,0.0589330203542699,0.0238057206576112,0.0590394449763014,0.0364432441597664,0.0912088698927231,0.0875633617837312,0.0351096396254044,0.0723435390353124,0.2333822517991421,0.0281319260210706,0.0271627701190935,0.030151913206744,0.034334590811758,0.0909867029785687,0.1526966958454014,0.1787307997317935,0.0362042226127474,0.0907372649309561,0.1847523116840239,0.2932306789748686,0.0290910323371518,0.0308433918551171,0.0300761211242877,0.0495939226076194,0.033070064067445,0.032647272192448,0.0309232025972736,0.0328304847989544,0.0300595250037307,0.044078116119298,0.0459890369557669,0.0347504572980241,0.0536437134385803,0.0501222702932393,0.0441546318557426,0.0436736633214955,0.0411282531152519,0.0340051936470056,0.0735138023423829,0.067152294471704,0.0728571731990346,0.1304147236807953,0.1002111864102914,0.0203600673086921,0.0491148035716371,0.1083468005002492,0.0232589110907799,0.1238299644988618
326650_2_consensus,0.04785538434494,0.0516711510315248,0.0528451897163737,0.0470088390090257,0.0515683544046146,0.0274770465574478,0.0157828951866667,0.0178885648128144,0.012888448076926,0.0106143612200453,0.0332896110320506,0.0308269010828032,0.0044978110672388,0.0062795773900958,0.0193888792492842,0.0,0.003180594947544,0.0071425332965233,0.0045945799073887,0.0033491973270436,0.0171063621600797,0.006084650210286,0.0231542718593988,0.1329155727472564,0.0915242501514876,0.0879155845256534,0.1153736638100602,0.1080922933809631,0.094686491000596,0.0497215831468604,0.0483795347117332,0.071955538749183,0.0741951786265016,0.0989098993991115,0.0570874050188985,0.0835998597933072,0.1109717474882376,0.0435299963421105,0.0611575868167539,0.1471127282106508,0.0418714881243911,0.0539564090623745,0.1015024406309832,0.0847594999320824,0.1093604928650702,0.0340239194889093,0.0255923103557975,0.034880211631453,0.0241117311534573,0.0829539273555584,0.0264010481160328,0.0308133553703875,0.0302196570910453,0.0665526598259216,0.1084885946125009,0.048372388286042,0.048771441315468,0.0280012828592468,0.038091871091014,0.0435128105522579,0.0477174660402193,0.0549151955998681,0.0402091862111806,0.0244853958613999,0.0395005220248778,0.0522355880893901,0.0100103162536182,0.0147318082885021,0.0269829258938809,0.0198911872517006,0.0110009054622182,0.0207522999353937,0.0111148914280985,0.0377138092023887,0.033583194545308,0.0110129550624975,0.0274965059049492,0.144729679575585,0.0253612595799808,0.0350987042550832,0.0373951305454651,0.0430625088681289,0.0435146294629902,0.0857132706476484,0.1034121693439331,0.0294774473005876,0.0450418942254557,0.1082149947939097,0.1927106764688764,0.0453425530651738,0.0451854912638118,0.0474766798073442,0.0842146962118057,0.0539736345907586,0.0556579950983646,0.0466337579248437,0.0574697630269476,0.0509837210959753,0.0736830732727185,0.0490454062569503,0.0358759644621464,0.0273478744004904,0.0346072759928866,0.0251065142326591,0.0738662697131511,0.0693636730344984,0.0564637260528124,0.0319041216988162,0.0300148172876886,0.0426191798160457,0.0705111168563448,0.047789721738181,0.0389591272405098,0.0241324832807716,0.0522348226239879,0.0358200323181572,0.0691819292097521
326650_3_consensus,0.0515566814511929,0.0574677694518097,0.0569537846630527,0.0552837837241364,0.0560952015874978,0.0257427937854917,0.0135449298541274,0.0163732187019185,0.0119651813002628,0.009468308812103,0.0296773417635902,0.0286135929072726,0.0036718407173097,0.0054551874373629,0.0197218665224694,0.003180594947544,0.0,0.0058940240615559,0.0053461636709011,0.0027852434628163,0.0175237398210335,0.0054502911455331,0.0228078477353044,0.1281637276101461,0.0908023674876883,0.0862129546220344,0.1121431308945455,0.1046533210199811,0.0930890922753766,0.0564885161657446,0.0560039213241569,0.0812113698534515,0.073906714535326,0.0969650718101622,0.056335086462294,0.0824678648098853,0.1095363370601516,0.0431826048935963,0.0593024912307793,0.1443602910837782,0.041284558768325,0.0531811584840387,0.1013859696005994,0.0926823146221602,0.1170161664408482,0.0422204749440222,0.0348044837005101,0.0445647040278256,0.0326473641143607,0.0907671059064867,0.0349375230875317,0.0400459938528712,0.0400254250549183,0.0815229212965356,0.1199169656781675,0.0618246510160851,0.0599887038110003,0.0378801342525259,0.0481186790094927,0.0432912345154719,0.0467515674537262,0.0545553542274532,0.0398216853355926,0.0238865437119759,0.0376636019707223,0.0512520011116786,0.009670670614307,0.0141951901340942,0.0279703255542838,0.0223445466930369,0.0111379354253449,0.0203388855043424,0.0122104610869699,0.0377991476606842,0.0339393350336996,0.0112242212309361,0.0278318353570101,0.1453234158637233,0.0287851010962905,0.0397219407907343,0.0426663688903765,0.0485108396218869,0.0467359065659209,0.0874491075399639,0.104202544993182,0.0356476744789606,0.0471924031755897,0.1095349776673817,0.194977398392381,0.0471046382150763,0.0450183295547876,0.0475624814969135,0.0811200146847141,0.0559750562630814,0.0560819475142633,0.0489695933475733,0.0565182275218321,0.0516157945130961,0.0713742414214495,0.0467117533100776,0.0362808685868456,0.0278044166987054,0.0335430783825518,0.0267670199504737,0.072782625914229,0.0673599752533906,0.0553136218488266,0.0369233902205614,0.0342120009346489,0.0433188245130109,0.0721334619569171,0.051374729300198,0.0408339517812503,0.0257098818322347,0.0553344996525355,0.0365669525673588,0.06894235728595
326650_4_consensus,0.0456589407233547,0.0715241225626837,0.0530545447954109,0.0500199240318668,0.0450848669062144,0.0110021166735796,0.0044757328579887,0.0056665034815708,0.0272547805615497,0.0030945295563471,0.0141943775414894,0.0128423922832059,0.0118195530277258,0.0039202998852019,0.0378611762357463,0.0071425332965233,0.0058940240615559,0.0,0.0148151719651696,0.0075155400192556,0.0356483622186303,0.0023942652317066,0.0092919027925102,0.1600762628055543,0.117678817487282,0.1131561835968941,0.1415900960647542,0.1334318417185374,0.1201421231133625,0.0752818891174875,0.0730788915845597,0.1001537671033618,0.0501102287977239,0.070001205813039,0.0412145583881056,0.0569199918001626,0.0805732153836604,0.0377504131965489,0.0434405704814464,0.1069735957956892,0.0337127410184487,0.0405971535128566,0.071828293153958,0.0658902602448305,0.084342470380113,0.0318620156018933,0.0350830103740547,0.0365858638668887,0.0300907968134858,0.0636504032186451,0.0299378252270621,0.033872262662852,0.0353182756040917,0.071966503843039,0.0902207931178349,0.0581162791019709,0.0481264632329665,0.0372175370195311,0.0389147734974493,0.0263768654054201,0.0291784005750699,0.0341866437810187,0.0234251046429836,0.0151556430067287,0.0240398953195217,0.0318027469956287,0.0125302859622244,0.0103428502142834,0.0155910616599994,0.0144674552234977,0.0155053430541567,0.0127133464276205,0.0117075779749162,0.0220194590490159,0.0196284008156215,0.0118439059925883,0.0170674747816228,0.1064800278052997,0.0368070021463058,0.0538974440124828,0.0572417038375014,0.0635641168158613,0.0316539695322015,0.0609514199430778,0.0726817034160474,0.0428697933653694,0.0320591515582835,0.0773488157855428,0.1494803351307849,0.0674288775594735,0.0630696403097532,0.0672271268672526,0.1068651234590989,0.0769047642257865,0.0786178547710374,0.069681139838682,0.0793360233047728,0.0735340164399813,0.0948352191507648,0.0571804796607162,0.0481566363559622,0.0257980401134556,0.0360980040273686,0.0286566356066986,0.0968760193779356,0.0906828978840526,0.0770037658535018,0.0261679577291342,0.025123692664918,0.0347455766298177,0.0495213323566892,0.0335623867790531,0.0571468327782955,0.0215565832885777,0.0356587444392975,0.0500515235021765,0.0480615331212863
326650_5_consensus,0.0612755527627824,0.0492099428944001,0.0648717977990198,0.0580876257754061,0.0686016034002623,0.0441604916151643,0.0278882011228764,0.0306998513838543,0.0058348568898924,0.0210508302425171,0.0506110986098358,0.0482347041011106,0.0030085992475772,0.0122111991161188,0.0100896474251843,0.0045945799073887,0.0053461636709011,0.0148151719651696,0.0,0.0042063109290362,0.0078948373561216,0.0137679064880842,0.0390652377236637,0.1182523076362569,0.0801137011777255,0.0759017821658787,0.1025555587006206,0.0952642184263083,0.0832134202157348,0.0407559570755484,0.0396069210215035,0.0621795486165872,0.0992763690509663,0.1273518961205226,0.0763430955047423,0.1100109578160353,0.1411743111385766,0.0561074032960533,0.0807652506130534,0.1825795319308039,0.055203819236457,0.071594518815762,0.1314980114942514,0.1116831679872012,0.1409885123200354,0.0476681804325513,0.0307849949888936,0.0473541860436226,0.0315145070809883,0.1099305496357025,0.0362663612521272,0.0415274078243195,0.0388231994168801,0.0791354358597686,0.136884962714312,0.0562934465465589,0.0624849037695769,0.0345619485183643,0.0512691892897638,0.0641044920860167,0.0689312731200555,0.0783362557458655,0.0600274267040363,0.0388402185016873,0.0578582650362085,0.0745250517633566,0.0149542897886068,0.0247402867950832,0.04353351905125,0.0335893717071549,0.0145436632132245,0.0337190699556071,0.0189968144924899,0.0570460296252015,0.0520487167546939,0.0180440037482751,0.0434935194289476,0.1805168362757463,0.0233592522177481,0.0281522050337024,0.0310118932508833,0.0351443906782638,0.0606805293535526,0.1124042164851752,0.1332162011386071,0.0280081684976343,0.0621292275573486,0.1387574337679638,0.2340759966033534,0.0354908262946729,0.0377602718295992,0.0383756600102715,0.0719378189150949,0.044925506490248,0.0447692865082967,0.0367417238848002,0.0459715165793301,0.0399506186785521,0.0629590342424117,0.0485684507826373,0.0338216308847805,0.0352043859744819,0.0398085023189498,0.03028371496202,0.0626958793082996,0.0582641507792986,0.0463944698183391,0.0464750752054943,0.0430651544230871,0.0564457816281187,0.0947003694706118,0.0666208201742941,0.0318991656437095,0.0333683932541539,0.0727174871545335,0.0316449063686334,0.0917576013731329
326650_6_consensus,0.0568909867019593,0.0581449431817526,0.0619828817729484,0.0558740904352967,0.061134620823589,0.0294204264482758,0.0168341979943429,0.0186248608025554,0.0113943212364882,0.0117793123677785,0.0348257807926568,0.0325736561441942,0.0029076678877384,0.0056169948147051,0.0185235690234755,0.0033491973270436,0.0027852434628163,0.0075155400192556,0.0042063109290362,0.0,0.0159230976752562,0.0069345100879569,0.0260864046117728,0.1332469163354614,0.0934286354372657,0.0887122214259044,0.1164657035525236,0.1083634677369991,0.0960937698549875,0.0534046033030088,0.0512577057136933,0.0767271427944695,0.0805329733046678,0.1065828830080928,0.0634644241857484,0.0900185992825939,0.1195710348184189,0.0490406780225924,0.0666474042941605,0.1545739043295855,0.0470835357044796,0.0602057808693974,0.1097681480572241,0.0948692738236296,0.121635707991758,0.0422290490460648,0.0337386670937611,0.0450710188747098,0.031910400580319,0.0938103298688197,0.0350364224310277,0.0397350528207773,0.038266300146394,0.0775788508022286,0.1209607205222687,0.0579730519288173,0.0578816511676345,0.0367922469828272,0.0478912903021804,0.0500495163143508,0.0544465972851089,0.0620782180391064,0.0460872294669263,0.0295911297111786,0.0453415785207464,0.0584394592234964,0.0131839231459718,0.0184476325203757,0.0330126016022909,0.0269658057374098,0.0147268057463314,0.0255824391457268,0.0160996183827597,0.0439629057798187,0.0393970641022152,0.0149849599313274,0.0338556359448318,0.1547367206171426,0.0277768053903653,0.0370338619220058,0.0402186525839862,0.0449736241157827,0.0504996373975172,0.0949368766638203,0.1118859299420931,0.0332459856135392,0.0515952213060506,0.1174407329826907,0.2055857437698094,0.046556683534936,0.0468978443028245,0.0486674387834371,0.0853092642845574,0.057482861129948,0.0571322883177289,0.0482700440564292,0.0579194581658484,0.0517527835337867,0.0754325425749362,0.0526415867822294,0.0393679679502279,0.0315446723952979,0.0388170453387877,0.0299310172802824,0.0762132595081483,0.0705606014986433,0.057509815398534,0.040808944164004,0.0382064632004857,0.051350359286836,0.080605364079755,0.0560415268601914,0.0430830230145025,0.0305536899746776,0.0607089515326766,0.040414761881574,0.0781319332446024
326650_7_consensus,0.0833059360116639,0.0494893194173293,0.0842316048284566,0.0827952057403162,0.0969409785346453,0.0774712352887672,0.0537425197015091,0.059983388335687,0.0031207643932749,0.0449981218632586,0.0835689192285888,0.0823392189318354,0.010893637075128,0.0320074274198773,0.0027829493017694,0.0171063621600797,0.0175237398210335,0.0356483622186303,0.0078948373561216,0.0159230976752562,0.0,0.0342269383544682,0.0709993377576987,0.0940974829612857,0.0627178420135461,0.0586271562825331,0.0810453709874821,0.0752261028881697,0.0656951329133592,0.0348867798368193,0.0368184707508456,0.056470394662683,0.1423082128248447,0.1713436629846665,0.1085496912677035,0.1545508553139676,0.1871711411206744,0.0781790436810485,0.1139459790206522,0.2383731915637703,0.0786286809434084,0.1004082093118778,0.1799107709278828,0.1605299797403327,0.19357941480812,0.0769652470262363,0.0456334393593458,0.0722649948747733,0.0505478448948064,0.1573458713636508,0.0580766896571498,0.0653839475255111,0.061006589480355,0.1101138872487945,0.1892428936058108,0.0793517362381166,0.094539318840944,0.0518466452832093,0.0792084310159833,0.0984959939234544,0.1027146931927172,0.1160024602861531,0.0941519293091248,0.0639316490361672,0.0869253837945969,0.112081599680331,0.0273774912417303,0.0453570578776325,0.0730731764991086,0.057503085720282,0.0235287795578775,0.0572928970619406,0.0348138812094918,0.0894902936015178,0.0846179640614108,0.033133722691458,0.0705175658919579,0.2343993102088148,0.0276377012707769,0.0257421321184203,0.0286886540974808,0.0324447178143856,0.0906909769260746,0.153439617142931,0.1794648990742882,0.0343292413150289,0.0912269632873545,0.1858006848121416,0.29461763523424,0.0260975065699771,0.0292319886580845,0.0281854233673444,0.0511398149646868,0.0324679242448784,0.0310581161012439,0.0275107467574464,0.0315878615423095,0.0278948639733043,0.0452377561777579,0.0465550919922757,0.0329523201157275,0.0509381395089265,0.0488094442253039,0.0417793937668617,0.0444632301441094,0.0414803596127653,0.032985329950633,0.0727574914249622,0.0666470210854992,0.0757406509229294,0.1314702881757306,0.0999458480024486,0.0229555570574149,0.0498710102217359,0.1079785333934406,0.0261140907312977,0.1254385733858596
326650_8_consensus,0.0432928075907481,0.0672602664955794,0.0504545793657422,0.0465696745340284,0.0430027856265216,0.0116865630799614,0.0052553204821848,0.0060512981298215,0.0263862427808669,0.0029016592984518,0.0154559772321167,0.0137003106286561,0.0106554919608328,0.0032432058191815,0.0370866770005369,0.006084650210286,0.0054502911455331,0.0023942652317066,0.0137679064880842,0.0069345100879569,0.0342269383544682,0.0,0.0095460381739451,0.1558237500398114,0.1140036270045463,0.1096432597539074,0.1379672755425796,0.1298538064066816,0.1162347016354345,0.0706914575026615,0.0688820664130904,0.0951827196205439,0.0502246814314686,0.070989025266912,0.0409159559634382,0.0573591260098895,0.0814037360367532,0.0359523886962236,0.0430701834835112,0.1086929486809227,0.0328907224117536,0.0400140952368426,0.0724498047643864,0.0644054187305434,0.0842709695855301,0.0300478706680902,0.033424519079622,0.0349942413321766,0.0284568546755927,0.0631353215579206,0.027962948130221,0.0317665421903754,0.0337604557879087,0.0691781589655233,0.0895256174902296,0.0555263079160202,0.046811146535548,0.0348285358132542,0.0367067959564924,0.0262645985773861,0.0295936703327308,0.0342968394935363,0.0232401783436317,0.01441125731235,0.0241831658940521,0.0318307308979157,0.0110341164066953,0.0092306818705836,0.0154751326386204,0.0136336654755142,0.0147617612792494,0.0122327623836451,0.010498966314973,0.0221233365637303,0.0189902254595448,0.0102399568560436,0.0163705033199015,0.1100382391192846,0.0363487657899614,0.0526061662666679,0.0550615442251603,0.0617264339729306,0.0328476091386278,0.0632791715702678,0.0759219104755546,0.0417573983868297,0.0336641723545518,0.0806005011802915,0.1531859161711146,0.0645407969662512,0.0610117305608453,0.0652106495725703,0.1051586627135812,0.0744225606927999,0.0759764272658252,0.066479635016317,0.0773226475131121,0.0710763976536288,0.0931462517623451,0.0564536195207026,0.0462105995685249,0.0251299018482225,0.0355557039364544,0.027417762924875,0.0947908848582326,0.088928902889763,0.0748948251273047,0.0259783803839113,0.0249925398671919,0.0357834359817283,0.0511785935902793,0.034790328753349,0.0563925569474959,0.0220137105932174,0.0372153547804119,0.0494466141179774,0.0500131053895485
326650_9_consensus,0.042616776358539,0.0944231769518264,0.0527183562645747,0.0488816417865622,0.0356895829907228,0.002785390421323,0.0045419509568143,0.0034538586218637,0.0593158636799646,0.0056517152058175,0.0055870267474755,0.0035213457925395,0.0341122932721242,0.0135394776399326,0.0739022239663889,0.0231542718593988,0.0228078477353044,0.0092919027925102,0.0390652377236637,0.0260864046117728,0.0709993377576987,0.0095460381739451,0.0,0.2039219716026039,0.1565422428375136,0.1527211022122685,0.183157675542219,0.1748057824426663,0.15906812673773,0.106104577189007,0.1029724762066841,0.1312061236017694,0.02627965762687,0.0411906062745268,0.0279597290732533,0.0308599674107901,0.0485522629851642,0.0358660283234266,0.0292444192990792,0.0649766732142511,0.0306077990653372,0.030389713986513,0.0397108591489718,0.037457956690134,0.0485501523529601,0.0265774159049811,0.0448463500986724,0.0345952711241182,0.036074904546151,0.0358665676817029,0.0317382782675697,0.0339110988848672,0.0389768639055159,0.067673152099231,0.0588770498225921,0.0619398678573084,0.0425012565406612,0.0445070175059179,0.0345247065565308,0.0115388109913618,0.0140201898974616,0.0148203292831867,0.0097092899645021,0.0112706507090312,0.0139510127133348,0.0135866310809014,0.0244307926089204,0.0134952600046442,0.0080066842607751,0.0120500027116339,0.0302421766219396,0.0111153488655455,0.0189771023496261,0.0095512254427836,0.0083073932345261,0.0202566529036403,0.010440980204871,0.0654703305706316,0.0581829381454701,0.0828400805370401,0.0849310532782663,0.0928946395846539,0.022271593968612,0.0358198954374202,0.0422303412452071,0.0627784191670102,0.0230328443144411,0.0457382689022916,0.0983548889514391,0.1015228379098136,0.0945189016535064,0.1010562113949244,0.147750206706184,0.1111786908450342,0.1151858104427887,0.1039232368882876,0.1171627503452175,0.1099680354178733,0.1324466047081154,0.0785301915087739,0.0708924476273544,0.0319345744726762,0.0475204238447712,0.0390218418920333,0.1348439936911862,0.1285674761001205,0.112789438743583,0.0207589399619179,0.0221074743648213,0.0323829902940344,0.0285724568457146,0.0204746663056045,0.0881504719875527,0.0258143490140252,0.0203293037984746,0.076771662323237,0.030113340511904
326651_14_consensus,0.1268796721393092,0.0689737853252321,0.1233122359632856,0.1652195671394496,0.1603221485796506,0.2089140077269942,0.1776934729915664,0.1926638393548883,0.0947146183729046,0.1662254532297629,0.2077232903753731,0.2140433173333029,0.1188552833105021,0.1554708300694214,0.0937643602282918,0.1329155727472564,0.1281637276101461,0.1600762628055543,0.1182523076362569,0.1332469163354614,0.0940974829612857,0.1558237500398114,0.2039219716026039,0.0,0.0119946305657538,0.0116891203517806,0.0055749275974221,0.006919527833725,0.010655319201775,0.0914883351779698,0.11620184036944,0.1251423121969725,0.2313672020885446,0.2441004248523501,0.1660091317527321,0.2423220007939202,0.2590857105118411,0.1133810376224744,0.1696050472473613,0.3341297787322208,0.1234424960847979,0.1492211261571006,0.2708522855371118,0.3167648705058257,0.351399300965264,0.2173925913235317,0.173910730365133,0.2110752522233436,0.1834217279998142,0.3155057051011871,0.1886418632689617,0.2013022619754148,0.2065843372870084,0.2822627416499772,0.3697209604217786,0.2359296089637581,0.2582977084030444,0.1813904314687509,0.2208902463233801,0.2051613041069799,0.2087018323108278,0.2267476294484502,0.2026830368713676,0.1605605738491888,0.181454584263256,0.2218877571955806,0.1135899433209672,0.1396725822267228,0.1862604238932164,0.1657606739518353,0.1095659114666212,0.1578326404932655,0.1300533956536362,0.2011324928979281,0.1941096142379708,0.1206498729263092,0.1708836879903659,0.3673804001791918,0.1122999784768845,0.1016768394358491,0.1043961866404394,0.1174415738632861,0.2053680067654015,0.271019598114151,0.3068885710381925,0.1322331653530284,0.1985513243635503,0.3154530614327111,0.4367121373372082,0.0594475185214502,0.0485919278532405,0.0512018009752406,0.027896234848848,0.0476928452966074,0.0414098987743241,0.0611109042978119,0.0419000558508848,0.0503890776898332,0.0312989029767329,0.0560714559624671,0.0604026320871611,0.1125634288651191,0.0870804835942653,0.10006235352835,0.0322296914707962,0.0328798939646004,0.039461898519308,0.2037483842916705,0.1911935302085332,0.1745332776971384,0.2585832407686137,0.2412700231280027,0.097042747402174,0.157535287846998,0.2494034600406971,0.0983052511813475,0.2431596853456916
326651_2_consensus,0.0899903177826813,0.0382198990032378,0.086578932582805,0.1150176385134589,0.1169331411681078,0.1630913073299931,0.1356647102383981,0.1471321088555521,0.0643560320543112,0.1243078590602024,0.165122936212116,0.1680275377815165,0.0825348879211587,0.1133861462958512,0.0631826075112647,0.0915242501514876,0.0908023674876883,0.117678817487282,0.0801137011777255,0.0934286354372657,0.0627178420135461,0.1140036270045463,0.1565422428375136,0.0119946305657538,0.0,0.002450906421342,0.0048984966319274,0.0041140492403322,0.0026904392979343,0.0584949667435115,0.0771820042802282,0.0910032276314982,0.1869021878448968,0.2039880784542829,0.1296782791269297,0.1982286239493023,0.2175841566694156,0.0834919144919048,0.1351926735337727,0.2878506159660325,0.0914437030891317,0.1157243430960717,0.2244724330261629,0.2509808306528232,0.2854118087674768,0.1607003925514005,0.1221112479897632,0.1544929948021316,0.1304758769506575,0.2507714009163031,0.1358734358508897,0.1461453343610479,0.1482540441571371,0.2097379914895247,0.2940195175707245,0.1700773296252471,0.1917839743991294,0.1276449542110915,0.1623638488322258,0.1636331951799405,0.1686883443051989,0.1837274570427336,0.1612236685362642,0.1245098365064629,0.1459361137215804,0.179726948967442,0.0825337403442088,0.1042509466588965,0.1429406992865161,0.1238103771349763,0.0786344569910424,0.1207889587556589,0.0946224167636025,0.1592504041231839,0.1515580995959595,0.0873381923748608,0.1323189116486354,0.3084740415248799,0.0698128644906317,0.0604939932366184,0.0631024139183402,0.0741808016661611,0.1521024029489872,0.2167084341194058,0.2500073114276535,0.0834459754261134,0.1482844560708107,0.2573486213775862,0.3729014151841205,0.032373909110098,0.0265978105166633,0.0281515928110751,0.0204204400460517,0.0249052288547524,0.0215188616041714,0.0328202603664617,0.0237057384548435,0.0270205157812073,0.0206461195110314,0.0372705250326257,0.034686560218617,0.076473492927283,0.0586535521307025,0.0645394276956317,0.0200338877351313,0.0205140753016106,0.0224096984629795,0.1538019771925771,0.1441447179651138,0.1389647614378439,0.2107704493461506,0.188967886537009,0.070877299586554,0.1191402756380979,0.1971487888344931,0.0735211174842156,0.2005842031489901
326651_5_consensus,0.0901762927467775,0.0385882008498406,0.0868664841275332,0.1152048183478671,0.1172162833957637,0.158775134372366,0.1311125895166105,0.1423513300125147,0.0599308422876507,0.1200433465212311,0.1603557003690161,0.1636150449982389,0.0776833769092864,0.1084077093047692,0.0591230596552252,0.0879155845256534,0.0862129546220344,0.1131561835968941,0.0759017821658787,0.0887122214259044,0.0586271562825331,0.1096432597539074,0.1527211022122685,0.0116891203517806,0.002450906421342,0.0,0.0050366805165626,0.0038168229122206,0.0026362178210863,0.0572848873810398,0.0751431855955946,0.0898962716386346,0.1848298418455298,0.2025412487143665,0.1282990738977325,0.1961774333779207,0.2165862669818388,0.0824042842034744,0.1332533758830063,0.2857268951282341,0.0900014697810984,0.114533970187427,0.2231282348998364,0.2503518237653521,0.2853016114097295,0.1595894148789423,0.1214077988130695,0.1542521791819622,0.1293261470215636,0.2503051073330917,0.1351085558079177,0.1455199430454232,0.1473095017928694,0.2102156334154292,0.2943557657158617,0.1701399513992516,0.191097962747901,0.127332414235842,0.1620656359812864,0.1615865984732041,0.1665465786211104,0.1816954176801619,0.1588365249281045,0.122052838296164,0.1436080588887129,0.1774506823808401,0.0797976501415345,0.1014303194803751,0.140848798094626,0.1223614230361391,0.0761481633738938,0.1182769739673972,0.0923424341694971,0.157015337464637,0.1493235038047702,0.0850036016042441,0.1303307503357835,0.3071647959653187,0.0676533836858848,0.0587257542371606,0.0614878506884233,0.0721269234751309,0.1505171554529383,0.2155824886901189,0.2484086685425364,0.0818155035189658,0.1466802768365589,0.255955426629745,0.3724505326112037,0.0306609699620574,0.0250454072861145,0.026333635026388,0.0192528311949002,0.0243308491206022,0.0201571239350499,0.0314107989682099,0.0218989670667024,0.0252365124555007,0.0195683124145702,0.036174317135547,0.0335553088251252,0.0746876563438432,0.057256119526114,0.0633415006950013,0.0193105814379297,0.0191649199481993,0.0207105585622295,0.1524141688774527,0.1422993365430267,0.1374432185412484,0.2090935611221827,0.1868521839668959,0.0687051179052717,0.1167346003082849,0.1949712542388546,0.071307385233502,0.198319963969876
326651_7_consensus,0.1098523865201128,0.0559362687938964,0.1066132405442328,0.1449262917862652,0.140705411237664,0.1885666066953586,0.1589017150190894,0.1729800420169853,0.0817626078812772,0.1479685330865683,0.1879388030285342,0.1932633152291227,0.1038452671773306,0.1379552075106822,0.0806101004715404,0.1153736638100602,0.1121431308945455,0.1415900960647542,0.1025555587006206,0.1164657035525236,0.0810453709874821,0.1379672755425796,0.183157675542219,0.0055749275974221,0.0048984966319274,0.0050366805165626,0.0,0.0026991933085538,0.0043329085026257,0.0796841401299008,0.1018854536172417,0.115332763553881,0.2112356527028636,0.2245630230449977,0.1488505991679103,0.2218013684201576,0.2383632457859734,0.0997545467451965,0.1533194329558824,0.3116701933580268,0.1084270017132613,0.1332676720973244,0.2491298150884402,0.2891612468300426,0.322437173464988,0.1946025803467339,0.1531578130249675,0.1879374280037273,0.1621556520907212,0.2878878622251841,0.1674556237574727,0.1792964823523872,0.1831052418983549,0.2536318399547976,0.3379180921603693,0.2099345866430289,0.2315570746764521,0.1599798526263924,0.1974184734774811,0.1865050308206628,0.1901801511898266,0.2070535385105314,0.1844665514726191,0.1448330202923005,0.1649591383090083,0.2029949221145885,0.1008539027710488,0.1246062409820245,0.1670984118548659,0.1476340115528662,0.0963323041463501,0.1416254632259219,0.1150923422462959,0.1824785025663038,0.1755508052058427,0.1066578332543537,0.1538568975859489,0.3368935729361721,0.0919163526432838,0.0826892739867135,0.0851619341613858,0.0977272179262547,0.1789275651894728,0.2430506586205787,0.2775977537445939,0.1100939617559717,0.1733474809076876,0.2853563606356211,0.4038114814736655,0.0475793181697525,0.0380858722095878,0.0404330668212491,0.0222202975838898,0.036772580365934,0.0320116624733168,0.0489081947639462,0.0331426396566465,0.0396875448813016,0.0244879895910932,0.0454258943627738,0.0480355341645628,0.0956333700265661,0.0727069640345794,0.0837512407688478,0.0250722465383388,0.0258055802260006,0.030993126687199,0.1820734993004436,0.1708793607474232,0.157568491610843,0.2362673063422082,0.2182155981388431,0.085570349906729,0.1405527544335774,0.226119407054826,0.0870987110402223,0.2228952464676599
326651_8_consensus,0.1047699893051525,0.0512571133111121,0.1009036571557411,0.1365538310071663,0.1345485253550356,0.1800073099013142,0.1511089626134598,0.1638172770502146,0.075817794666281,0.1400704844506579,0.1798039865500049,0.1848621683354832,0.0960006003670583,0.129044242976593,0.0756971726461621,0.1080922933809631,0.1046533210199811,0.1334318417185374,0.0952642184263083,0.1083634677369991,0.0752261028881697,0.1298538064066816,0.1748057824426663,0.006919527833725,0.0041140492403322,0.0038168229122206,0.0026991933085538,0.0,0.0033999182667843,0.0750545930126538,0.0963331775088374,0.110905470027478,0.2035558464512963,0.218536488380165,0.1429107214935072,0.214226960426064,0.2328860480517303,0.0945301736620249,0.1470018253694505,0.3044760326575302,0.1031060536708423,0.1281513786189032,0.242237136748141,0.280518588723849,0.3156147651964707,0.1873383377994599,0.1479021439539867,0.1823219267749491,0.1560708862208928,0.2803818168373091,0.1615766259356013,0.1730414673499156,0.1762919883594671,0.2453430612018641,0.3291155567524493,0.2023690060146998,0.2233763212571515,0.1543127140982587,0.1908652334588767,0.1806981503010902,0.184946421002218,0.2011837373833822,0.178049402495442,0.1393703038247888,0.1601658725701629,0.196718738284642,0.0956227867202281,0.1183975898746307,0.161066560787721,0.1423477599901348,0.0920155844220884,0.1359871775887269,0.109993853584112,0.1767832029988039,0.1690644912217047,0.1012523035454435,0.1485437761585988,0.3312091571361151,0.0865370994051897,0.077177982447405,0.0801558488176512,0.0922870235234274,0.1730830437023547,0.2380244832599594,0.2714997513882018,0.1033842013567571,0.1680434279888398,0.2796086326843507,0.398280729448496,0.0415205602675747,0.0332801559156195,0.0351699338327415,0.0205391214699588,0.03313943841506,0.0276289387906683,0.04278456399188,0.0284325635920055,0.0343132937903298,0.022481394289703,0.0421839039005416,0.0431709400134128,0.0889077020676873,0.0675334617353264,0.0774383957858164,0.0231418603646949,0.0229280038635328,0.0267795409881896,0.1763795508145422,0.16507304425149,0.1548928793145734,0.2312047228520857,0.2115996895357641,0.0833798603904369,0.1358988784726351,0.2196346816524617,0.0850726549325298,0.2180555858588713
326651_9_consensus,0.0907725758424886,0.0393111907982612,0.0866246173953726,0.1173108855110234,0.1185359029655153,0.1651893267348523,0.1376265583549649,0.1492982377757155,0.0667929449687179,0.1264052573634648,0.1660716112298805,0.1698651264781805,0.0847664330499,0.1156041123166407,0.0664413098356098,0.094686491000596,0.0930890922753766,0.1201421231133625,0.0832134202157348,0.0960937698549875,0.0656951329133592,0.1162347016354345,0.15906812673773,0.010655319201775,0.0026904392979343,0.0026362178210863,0.0043329085026257,0.0033999182667843,0.0,0.0617683879573878,0.0810587881899032,0.0958747626431373,0.1887714168410701,0.2052163449464519,0.1311072892362776,0.1997340829331726,0.2191845260924969,0.084376632217717,0.1360357303993193,0.2887318766709246,0.0929838518357994,0.1172381082632032,0.2265845858560622,0.2554378333333575,0.2902149728834704,0.1655579916306324,0.1276711962596408,0.1601366331116942,0.1358262597137738,0.2557760887921487,0.1408678814765256,0.1515151145436135,0.1542977796978988,0.2178262689774204,0.3011583211915969,0.1774958486244715,0.1985811675271023,0.1334358588166377,0.1678509532553249,0.1656042758995966,0.1704592408162373,0.1856999414894691,0.1631685892135195,0.1261901400771883,0.1472505687470331,0.1814744830019776,0.084522193018329,0.1059456767027695,0.1458635581280827,0.1270288159667085,0.0812492242744822,0.1229617512459775,0.0971863665417034,0.1617134653439249,0.1537165543757526,0.0893275813342695,0.1343684649507315,0.3112900895214947,0.0733433147375492,0.0645716207872002,0.0668193657494971,0.078586491006563,0.1553914599384036,0.2199811431522542,0.2529685582112613,0.0875336375960023,0.1516231619825907,0.2605766379625738,0.3761419509718688,0.0344329924824968,0.0277221347536213,0.029534560311542,0.0204423075934947,0.0265965057390289,0.0228482466197235,0.0351027127335523,0.024766795487336,0.0288598396863752,0.0212149481503072,0.0376107365123861,0.035933647628612,0.0779987287133741,0.0596620870736437,0.0665387933482408,0.0210151687118704,0.02102304164843,0.0231327292125724,0.1582719042278224,0.1479847125371183,0.1417056970130428,0.2137471080764834,0.1931004407190366,0.0740904943578772,0.1221061809567523,0.2011621281817213,0.0761356142819495,0.2022146710889707
326713_2_consensus,0.0717633835504862,0.0243777231626243,0.0695209561359444,0.0594569543105425,0.0863741351570883,0.1186137451981856,0.0960640056837611,0.0984362170997794,0.0406570761829314,0.0827906090112522,0.130319300800652,0.1245017308497811,0.0476384429323042,0.0674379204014954,0.0378591102774032,0.0497215831468604,0.0564885161657446,0.0752818891174875,0.0407559570755484,0.0534046033030088,0.0348867798368193,0.0706914575026615,0.106104577189007,0.0914883351779698,0.0584949667435115,0.0572848873810398,0.0796841401299008,0.0750545930126538,0.0617683879573878,0.0,0.0041552679806704,0.0094577760565046,0.1528727735224215,0.1836201433278033,0.1140452568364391,0.1673798885043336,0.1963833555870646,0.0768342725559261,0.1209107826133788,0.2568787789166986,0.0816657375634593,0.1040942179720181,0.1903143692586368,0.1586006300049112,0.1967735328502771,0.0756745914244554,0.043932898470258,0.0708070334554635,0.0515086629928713,0.1593211182629508,0.0576682452621053,0.0629270591048012,0.0595970270407653,0.0905587509542531,0.1808409708159146,0.0631655796221561,0.0863864025008229,0.0468335590518238,0.0725886897254817,0.1290314788194244,0.1379528941624883,0.1486112744683234,0.1247265540805102,0.0972336560173818,0.1243606715676257,0.1446768701496887,0.0600957211173893,0.0771821683538505,0.1030701391977944,0.0832270770546932,0.0570520248771897,0.0911904677137585,0.0641209216670999,0.1215216903525675,0.114299284120217,0.0630580411128223,0.1003110594420508,0.2544805894515702,0.0288669284834783,0.0194721072650994,0.0194406965640094,0.0221634021499514,0.098609243676508,0.1654926241467524,0.1979305612686825,0.0260483680225789,0.1010386123359037,0.2042403297042945,0.3106756701473205,0.0191429166168628,0.0274914970036332,0.0260543999163003,0.0574989552639202,0.0251181656384762,0.0273347255720644,0.0180660949880842,0.0318758527135507,0.0238169759708135,0.04922582716841,0.0532567801785122,0.0310715732782007,0.0536725264956263,0.0537796797728598,0.040860283220681,0.0432584319238555,0.0433039220941848,0.0339724696389893,0.0849675480899536,0.0800490038626282,0.1031811428486833,0.1550541610656015,0.1174084630695935,0.0418023830710021,0.0726387720014551,0.1275362631344414,0.049115618380684,0.1555722139974165
326713_5_consensus,0.0797980533543691,0.0333106275557044,0.0784161283381799,0.0599606723980894,0.0912875508129529,0.1157047399945883,0.094504944178829,0.0948007046514298,0.0429169510621791,0.081185335205264,0.1294278098025234,0.1215694794541368,0.0469779603079736,0.0642689757224506,0.0403224452485035,0.0483795347117332,0.0560039213241569,0.0730788915845597,0.0396069210215035,0.0512577057136933,0.0368184707508456,0.0688820664130904,0.1029724762066841,0.11620184036944,0.0771820042802282,0.0751431855955946,0.1018854536172417,0.0963331775088374,0.0810587881899032,0.0041552679806704,0.0,0.0088413963096982,0.1540215016568318,0.1884047662284871,0.1201762479224095,0.169260217714755,0.2012541553975282,0.0854321699464026,0.1271571694396707,0.2584663465721135,0.089044856884243,0.1111651687230494,0.1917171510020194,0.1497436669119078,0.188838110331865,0.0690232918725213,0.039718078377561,0.0653452170598498,0.0463943609004458,0.1507039332469446,0.0533834327945568,0.057282290063676,0.0521079961758221,0.0769406900551175,0.1671979554751494,0.0522182666174355,0.0749500346164753,0.0419038336945822,0.0657048719546722,0.1306152749552263,0.1406590342280305,0.1499713065278536,0.1258745769663711,0.1005397955506861,0.1287562051351694,0.145807337811723,0.0641667426084193,0.0801587227485471,0.1033887184945205,0.0848143339616376,0.0620337915187887,0.0938643231531113,0.0673821694931824,0.1224986034864645,0.1149685268134419,0.0672470088111127,0.103174534411238,0.2514715129689167,0.0285335289046102,0.0195605033671064,0.0194676010986052,0.0202237420470963,0.0962541356431554,0.1638432281907187,0.1953014554267271,0.0235313451054679,0.0998996836226115,0.2014464959314486,0.3068625366317254,0.0274408452961356,0.0389906288405352,0.0368322528566018,0.0767554743500085,0.0376500518165876,0.039979023571373,0.0260109817134903,0.044466781756709,0.0338335656444863,0.0669441130264694,0.0684821121197769,0.0421286669397016,0.059775947318017,0.0642141429940172,0.0472560914145772,0.0603233442203299,0.0596433129522973,0.0477758627229913,0.0822971530654141,0.0789119209391193,0.1081600801410349,0.1550248272786856,0.1136044708672177,0.0482285163376978,0.0745112356292247,0.1237232310224039,0.0565159740065714,0.1579875273829465
326713_9_consensus,0.0968500797877345,0.0443717430514452,0.0938777329709532,0.0752688476458089,0.1099518414176294,0.1464101791394165,0.1236391329392621,0.1237685063452627,0.0643766051798158,0.1086939130096666,0.1617903992885274,0.1533797694524077,0.0712985341854981,0.0909334812532609,0.0598635598720251,0.071955538749183,0.0812113698534515,0.1001537671033618,0.0621795486165872,0.0767271427944695,0.056470394662683,0.0951827196205439,0.1312061236017694,0.1251423121969725,0.0910032276314982,0.0898962716386346,0.115332763553881,0.110905470027478,0.0958747626431373,0.0094577760565046,0.0088413963096982,0.0,0.1792733881486139,0.2134337187997088,0.1414925968963114,0.1958602345825619,0.2263008775460893,0.1022988496847752,0.1487985833049396,0.2896237468273863,0.1072160346685313,0.1306980982805594,0.2178326154015275,0.175838756073686,0.215679140625685,0.0891991661822757,0.0547074251615136,0.0825890535356874,0.0631549359872982,0.1761994734963723,0.0705876723375356,0.0744150805896666,0.0700199622767465,0.0925472382825081,0.1907711894810804,0.0668654055492501,0.0933486437204687,0.0574152898284276,0.083419290472384,0.1585213433184549,0.1689227036517033,0.1789759124108538,0.1534796086980341,0.1262454086205036,0.1561321920848088,0.1751594124806503,0.0865605601772232,0.1052053309852842,0.1294121669234202,0.1074531587856233,0.0830817061358626,0.119029134326869,0.0890622561426965,0.1492457979364445,0.1422061476135709,0.089862939036772,0.1281894613342098,0.2820855127492381,0.0449036055170619,0.0332065518578374,0.0317380588822411,0.0311103952344318,0.1183885362764636,0.1879475347057706,0.2229597769687146,0.0377859616919833,0.1214230468060115,0.2291157562546795,0.3366262969333098,0.0395032171931069,0.0518862357748952,0.0495417979928838,0.0889668829898173,0.0489976184129847,0.0516142343232015,0.037774810642257,0.0569609828247745,0.0462251472404329,0.0789682424907152,0.0838029252998149,0.0566577714789424,0.078725062896158,0.0814939498443951,0.0642189254841465,0.070652238948619,0.0716268067587666,0.0603991016144274,0.1021851662899644,0.0983578329388121,0.129182646518231,0.1793873934729264,0.136730360129567,0.0628458202220523,0.0950811548818961,0.1478090581765228,0.072688853632675,0.1839478935402692
326737_10_consensus,0.0380083927413767,0.1176303450065017,0.0497189615156967,0.0555717875841219,0.0275626645128159,0.0248570940009038,0.0361884670687757,0.0333275356363573,0.1262099235154492,0.0402290047220414,0.0253822735354258,0.0246936428415827,0.0916729199675181,0.0574271767234533,0.1458344622723597,0.0741951786265016,0.073906714535326,0.0501102287977239,0.0992763690509663,0.0805329733046678,0.1423082128248447,0.0502246814314686,0.02627965762687,0.2313672020885446,0.1869021878448968,0.1848298418455298,0.2112356527028636,0.2035558464512963,0.1887714168410701,0.1528727735224215,0.1540215016568318,0.1792733881486139,0.0,0.0069383846214314,0.0095492430942325,0.0033713131721597,0.0091528159486236,0.0269011713780376,0.0091731874398846,0.0189849571999101,0.0222744383762067,0.0134503301294541,0.0055751621384523,0.0361964439539042,0.0378136984187147,0.0538674270543948,0.0896418628820114,0.0662411515337053,0.0765841572369447,0.0365055094630228,0.0665581922137423,0.0676268675390989,0.0787640089236303,0.101130780436951,0.0577942061064682,0.1031605595904716,0.0720156199225829,0.0863154159539858,0.0632246780484475,0.0187897005065345,0.0215086580694947,0.017123252147523,0.0187777774093804,0.0323940327996146,0.0262095230822838,0.0172657595588656,0.0637723532054641,0.0420237838051473,0.0260914500269775,0.0369877049948845,0.0735314319961197,0.0353656408957476,0.0543544653765932,0.0215085401142793,0.0207193138772465,0.0554192997204099,0.0277043259573446,0.0381306451476994,0.1014106746046712,0.1327142116916366,0.135075833874982,0.1469195823670848,0.0326147060159547,0.0257034336391237,0.0275316201827777,0.1059503503202359,0.0316003348661952,0.0302940113073315,0.0598663815612612,0.1480349316302449,0.134062904746198,0.144762391658805,0.1906781674861353,0.1541878368383198,0.1596299219109909,0.1505129020122986,0.1630322803694373,0.1568975370166043,0.1735129104251696,0.1031276898086535,0.1012573613960903,0.0475292371170645,0.0651052396266766,0.060575481396353,0.1766530076121988,0.1704712313504579,0.1556988924813449,0.0448971052109552,0.047088400007615,0.0557678269482178,0.0317367900576375,0.0359580853875822,0.1492322952920233,0.058166679177062,0.0322474092451523,0.1323857431235477,0.0352236050252798
326737_13_consensus,0.047729291010552,0.140056348304145,0.0602597042543617,0.0776132687515849,0.0375993016093776,0.0387687910412237,0.0512855733404151,0.0509404977270282,0.1524978032493011,0.0583923252710665,0.0355040017631766,0.0374280909494606,0.1186836664980228,0.0815892999977592,0.1731288532253323,0.0989098993991115,0.0969650718101622,0.070001205813039,0.1273518961205226,0.1065828830080928,0.1713436629846665,0.070989025266912,0.0411906062745268,0.2441004248523501,0.2039880784542829,0.2025412487143665,0.2245630230449977,0.218536488380165,0.2052163449464519,0.1836201433278033,0.1884047662284871,0.2134337187997088,0.0069383846214314,0.0,0.0132081275126472,0.0055582694900566,0.0032688263109914,0.0352820629407055,0.0121510565041154,0.011592871202291,0.0296237284590734,0.0173634272860603,0.0047704653715223,0.0529943521181186,0.0468632642885218,0.0777390108718814,0.1162200917796303,0.0888946325932549,0.1026020364478066,0.0506031074035719,0.0903102074921013,0.0928283580961348,0.106702851240632,0.1349089665287675,0.0769354938415789,0.1368317785835238,0.1005706712605079,0.113746537694241,0.0881336643958601,0.0263655632376753,0.0260071013247724,0.022079017115816,0.0274719885402241,0.0434587829108075,0.0311297033100634,0.0237150458840478,0.0816679492049941,0.05750979625238,0.0380839476223853,0.0505061670835438,0.0905407426956328,0.0474492811293902,0.07087783300737,0.0297365502412816,0.03190490553055,0.0720877042423415,0.037799006475681,0.0307100529166488,0.1250284735579896,0.1609741843280954,0.1634732065581703,0.1775683727467125,0.0427315150192351,0.0252497832223941,0.0249003231501818,0.1331013298025292,0.0394390899345067,0.027273214723932,0.0483122253114984,0.1722475878265026,0.1520992229434909,0.1646119332744167,0.2027790255108801,0.1731049863850993,0.1800212339881968,0.1756909856698039,0.1825134183978525,0.179406240278924,0.1860177461680239,0.1100287641840038,0.1163294032900541,0.0592792409175686,0.0733584439793491,0.0745058371699016,0.1906476604131173,0.1850492935756804,0.1730692859459566,0.0593891837910671,0.0609514251142657,0.0596186904433881,0.0329225886314361,0.046303367747198,0.168797279907289,0.0705374100351301,0.0409537849326158,0.1486572376379831,0.0347355689088804
326737_14_consensus,0.0192825370537708,0.0786532634178156,0.0286106710781783,0.0429704631393494,0.0166692905383207,0.0281711555623811,0.0320976061919004,0.0327790283562503,0.0948713938583507,0.0341150686092346,0.0275226141619064,0.028935773551157,0.0705830572231942,0.0480218013222568,0.1110223941810186,0.0570874050188985,0.056335086462294,0.0412145583881056,0.0763430955047423,0.0634644241857484,0.1085496912677035,0.0409159559634382,0.0279597290732533,0.1660091317527321,0.1296782791269297,0.1282990738977325,0.1488505991679103,0.1429107214935072,0.1311072892362776,0.1140452568364391,0.1201762479224095,0.1414925968963114,0.0095492430942325,0.0132081275126472,0.0,0.0111130226779474,0.0169344030824749,0.0087316779701192,0.0028758489700093,0.0396665083556815,0.0062422180195422,0.0028594382684143,0.0176538116943767,0.0549320577054182,0.0603830712290704,0.0528712834248521,0.0748833513436775,0.0608639175179668,0.0660585988528899,0.0539145988722369,0.058023804191519,0.061628836972412,0.071739407893272,0.1032662876365781,0.0808366388010437,0.0975563648255626,0.0746838014744986,0.0736772151087512,0.060963004002108,0.0205828193443862,0.0227119762262768,0.0227565091983068,0.0206529808585695,0.0251959753643005,0.0225076940764381,0.022514358118344,0.0445846652892409,0.0300720811348886,0.0236618132078563,0.028823941416916,0.0510321317410209,0.0267731321995068,0.0383415277219443,0.0223186163592412,0.0212237344432226,0.0380783195598226,0.0222105837462853,0.0605342758613813,0.0745168245532195,0.0996766464543474,0.1023794934820028,0.114747113451247,0.0298421613263784,0.0332616386788631,0.0412363713505925,0.0811274651266451,0.0274520518459091,0.0448648893216345,0.0897148280230393,0.1033584355603256,0.0885540043125114,0.0981249200152341,0.1316497332173005,0.1047552093027004,0.1094919144924153,0.1056423944881732,0.1123661049346917,0.1089254088750824,0.1178779379241241,0.0611754219954141,0.0621030868869709,0.025572353934578,0.0346355449556217,0.0345903682801704,0.1206198117423298,0.1159071169805026,0.1052444817273805,0.0401762672315548,0.0395543792732704,0.042507296395839,0.0368256004688341,0.0387143980206747,0.1107908789963163,0.0437464930625681,0.0365692762601179,0.0963811982212554,0.0371188902748169
326737_16_consensus,0.0431017226297898,0.1288079163765036,0.0553889901475761,0.064460340112431,0.0323344117094537,0.0286005159335873,0.0412014965096574,0.0386605907556223,0.1374773716900614,0.0464123262735682,0.0276781965783019,0.0280261569657351,0.1016798777585146,0.0655265721796762,0.1580356756730321,0.0835998597933072,0.0824678648098853,0.0569199918001626,0.1100109578160353,0.0900185992825939,0.1545508553139676,0.0573591260098895,0.0308599674107901,0.2423220007939202,0.1982286239493023,0.1961774333779207,0.2218013684201576,0.214226960426064,0.1997340829331726,0.1673798885043336,0.169260217714755,0.1958602345825619,0.0033713131721597,0.0055582694900566,0.0111130226779474,0.0,0.0067363440062635,0.0313960174610796,0.0104878309436475,0.0147976491623067,0.0262769122906991,0.0160262040046355,0.0044187761359992,0.0405519458806553,0.0399016619901022,0.0623939219877724,0.1007992341556072,0.0754014032678576,0.0870543907775198,0.0403539391591332,0.0760688617880056,0.0774986563872595,0.0892305498742249,0.1131727076906665,0.0628571037607157,0.1160182437183321,0.0818766640669972,0.0976235652065788,0.0727438834507809,0.0209100900413981,0.0226408862139777,0.0181824996058033,0.0214087093487185,0.0366588389349464,0.028341053576816,0.0186029047421953,0.0711883527398358,0.0476926954091521,0.0301110455375042,0.0424486345841099,0.0811521164778978,0.0398236873370558,0.0612594315170582,0.0242894790523591,0.0241337068401898,0.0622605978106385,0.0315444751508824,0.0353477763500258,0.1125142207103815,0.145638431577626,0.1486183309279489,0.1611920233244417,0.0375713156379395,0.0265931319282319,0.0270304793409001,0.1177190293390122,0.0360765180482571,0.0298391277053085,0.0559079853831843,0.1592131585791527,0.1432794148070293,0.1544809781371316,0.1992509203638039,0.1643785615245923,0.1700983790114936,0.1618330944203627,0.1730160977319794,0.1676045148240019,0.1821566958571798,0.1085285160586497,0.1089743755314263,0.0525234860434258,0.0696329655024676,0.067089191494488,0.1860185594625925,0.1794817899212546,0.1651336543963077,0.0503894803256805,0.0524494470541192,0.0586604097150296,0.0322045822327012,0.0393213244016346,0.1590063018660963,0.0635711382022483,0.0346563116088649,0.1408799525151405,0.035129391097076
326737_1_consensus,0.054026732724413,0.1517522470572014,0.0678633347992958,0.0855602161005073,0.0429243834680477,0.0459855364382777,0.0602727494024177,0.0597514678619681,0.1679935166755388,0.067822609166555,0.042560798413314,0.0443619356415219,0.1325189926838916,0.0928389516826104,0.1890600563827611,0.1109717474882376,0.1095363370601516,0.0805732153836604,0.1411743111385766,0.1195710348184189,0.1871711411206744,0.0814037360367532,0.0485522629851642,0.2590857105118411,0.2175841566694156,0.2165862669818388,0.2383632457859734,0.2328860480517303,0.2191845260924969,0.1963833555870646,0.2012541553975282,0.2263008775460893,0.0091528159486236,0.0032688263109914,0.0169344030824749,0.0067363440062635,0.0,0.0415474207072623,0.0157089966917229,0.0095130370542513,0.0353560057622646,0.0213854384621949,0.0045395425648901,0.0539425866611562,0.0451723064758073,0.0839998639554382,0.1256085280029335,0.0956780947618654,0.1114477244543854,0.0513011022514184,0.0980381697891736,0.1001880397599892,0.1149888690902187,0.1411855880659844,0.0767912140575557,0.1449899077709382,0.106672199923814,0.1224196270862929,0.094334767594276,0.0304442745925328,0.0299851727861444,0.0251757880364031,0.0321265549521987,0.0502868555755329,0.0364732270034107,0.0272131426217807,0.0922159872509027,0.0662983231087519,0.0439111329635544,0.057431371008441,0.1014156528220429,0.0546809222823156,0.0802183340124713,0.0344538499714008,0.0369594781732445,0.0816794387483401,0.0437303878986483,0.0286468441841201,0.1364887356644857,0.1737947078020809,0.1758596736857294,0.1903472855860872,0.0478181125418046,0.0264285999222808,0.0257097454914969,0.1445049977882684,0.0446949682738031,0.0274748798138446,0.0439466982818537,0.1863649418239212,0.1655048436968549,0.1786824150731867,0.2176774137007768,0.1868050481743282,0.1943109557207272,0.1896416832925798,0.1974367339480274,0.1938347205052331,0.2002785285821717,0.1211799411940068,0.1278153142341462,0.0676856605176583,0.0824535664388674,0.0839697304406739,0.2047945162082323,0.1995142193200267,0.1874842771519178,0.0660755255475731,0.0684055632285485,0.0668557722639624,0.0365355036487962,0.0517947559575429,0.1827313699436183,0.0797023350499852,0.0458581476757444,0.1617831921974524,0.0394325214220607
326737_2_consensus,0.0121960919900692,0.0455995197627512,0.0178797963190646,0.0332444498327957,0.0160086051825016,0.037794472975599,0.0351262086725796,0.0370607363279003,0.0682052345969337,0.0331987279615439,0.0386047729205598,0.0399274044481225,0.051825449838093,0.0405753154668078,0.0812092033293367,0.0435299963421105,0.0431826048935963,0.0377504131965489,0.0561074032960533,0.0490406780225924,0.0781790436810485,0.0359523886962236,0.0358660283234266,0.1133810376224744,0.0834919144919048,0.0824042842034744,0.0997545467451965,0.0945301736620249,0.084376632217717,0.0768342725559261,0.0854321699464026,0.1022988496847752,0.0269011713780376,0.0352820629407055,0.0087316779701192,0.0313960174610796,0.0415474207072623,0.0,0.0100940419832546,0.0751186293674734,0.0029651936418524,0.0059878650237443,0.0426875859191637,0.0755320011245075,0.0897551177747209,0.0538136490551988,0.0632441082117161,0.0595929204082201,0.0580488669772369,0.0761390649492161,0.0527241981713162,0.057298693202437,0.0662542577481843,0.1021347852783174,0.1060886638783999,0.0894760645658703,0.0773171924985893,0.0629994719669557,0.0599405195308353,0.0331632421959851,0.0369037471210811,0.039693116944532,0.0322496468008584,0.0276635810792758,0.0315463475949071,0.0384338047185242,0.032758733750283,0.0263617519162657,0.0306725938911647,0.0301055676257604,0.0380673577843539,0.0283467174436253,0.0307516572648189,0.0336288982867305,0.0300491174340784,0.0287432792492694,0.0270176566777138,0.0996558819151713,0.0535331050122582,0.0702361447885282,0.0724180711164619,0.0842095229287966,0.0376969658157593,0.0563965859213002,0.0707661049282331,0.0601979856122483,0.0355122182380807,0.0754695487770815,0.1372053667849559,0.066975670262332,0.0551915788019936,0.0630374539425862,0.090259708421323,0.0678622953262797,0.0704199310415276,0.0685958061544678,0.0736261270567766,0.0710076887105408,0.0791400173821443,0.0382022728324509,0.0363072041458032,0.0168886550163538,0.0210884718190662,0.0211482895323609,0.0806716535813842,0.0768841848728403,0.0678417393570081,0.0455637721281334,0.0428999324692167,0.0473323094320718,0.0580995493116915,0.0532755548424761,0.0844701234668612,0.0419659482254068,0.0536848408384988,0.074179626105141,0.0565728795131388
326737_3_consensus,0.0219986060640628,0.0841983795656746,0.0314841768810039,0.0475049380139589,0.0192446421079637,0.0287181839507795,0.0331958829658347,0.0336213830034664,0.0994132981290025,0.0356749623164933,0.0274191813608339,0.0292532561997429,0.0738752178662469,0.0499754105357208,0.1169288093180824,0.0611575868167539,0.0593024912307793,0.0434405704814464,0.0807652506130534,0.0666474042941605,0.1139459790206522,0.0430701834835112,0.0292444192990792,0.1696050472473613,0.1351926735337727,0.1332533758830063,0.1533194329558824,0.1470018253694505,0.1360357303993193,0.1209107826133788,0.1271571694396707,0.1487985833049396,0.0091731874398846,0.0121510565041154,0.0028758489700093,0.0104878309436475,0.0157089966917229,0.0100940419832546,0.0,0.0370068908344345,0.0076995366974816,0.0036504351309565,0.016894047277475,0.0581798083626949,0.0633752337561386,0.0583815550556678,0.0827994694340308,0.0679785639758296,0.0730205542324942,0.0575215344734445,0.0644618578640621,0.0680512594504287,0.07934169078497,0.1124701331727866,0.0860857046202534,0.1065066478971115,0.0820014088678799,0.0816165748102974,0.0674045148817485,0.0220003570933311,0.0237845879381133,0.0235751699739541,0.0217082911902206,0.0271507710793654,0.0234556769243363,0.0233198206265532,0.0477698456394426,0.0325324557866917,0.026311866050281,0.0325353023943728,0.0552970941747643,0.0290723004968986,0.0419950926860543,0.023721613067666,0.0227761281176483,0.0412809523024426,0.0243455605561822,0.0606944160191211,0.0805193732134652,0.1066088453829827,0.1091219497030522,0.1218078912533622,0.0331741001223795,0.0350562296642147,0.0420875755072662,0.0880630940297182,0.0305840989759751,0.0459481644310866,0.0899115073792593,0.108281003258539,0.092913100475056,0.1027880932656,0.136300105410438,0.1109105251393769,0.1145463319871806,0.1112496378675533,0.1168854357906434,0.113845883094088,0.1223379758193745,0.0642357404448228,0.0661115028768319,0.0279454118120581,0.0371310211617732,0.0379485209422467,0.1256167955738796,0.1203462012386422,0.1094414365863487,0.0451326518416594,0.0442329917510546,0.0466988796567573,0.0394473283150773,0.0423792255410004,0.1178423518544784,0.0481317694449705,0.0401460366242583,0.1028283711982727,0.0390396061646267
326737_4_consensus,0.0903537610919498,0.2091937309696412,0.1061641539888382,0.1203885726163429,0.0727689524008088,0.0596324123581668,0.0809315186173389,0.0777712304157205,0.2158869776770222,0.0914842186562241,0.055328633355586,0.0568153377371771,0.1710146115329669,0.1206453749659646,0.2407975473062906,0.1471127282106508,0.1443602910837782,0.1069735957956892,0.1825795319308039,0.1545739043295855,0.2383731915637703,0.1086929486809227,0.0649766732142511,0.3341297787322208,0.2878506159660325,0.2857268951282341,0.3116701933580268,0.3044760326575302,0.2887318766709246,0.2568787789166986,0.2584663465721135,0.2896237468273863,0.0189849571999101,0.011592871202291,0.0396665083556815,0.0147976491623067,0.0095130370542513,0.0751186293674734,0.0370068908344345,0.0,0.0670095457400528,0.0475805698208411,0.0091356714714736,0.0596355841279869,0.0463245170302988,0.1090935113588429,0.1641360442593296,0.1255802260340921,0.1457598709352519,0.058002851096421,0.1303774526867949,0.1309276189925192,0.1467707612583169,0.1692760056678377,0.082023681029959,0.179255590143172,0.1311247425413553,0.1598842780073308,0.1221646117041075,0.0459234369576222,0.0451672669004281,0.0366959920559128,0.0477012299200128,0.0746043838936847,0.055812796401427,0.0389318875164059,0.1286662061356693,0.0951454832255782,0.0650959499786125,0.0849975794485509,0.140911398917221,0.0805701033448338,0.1143874190073184,0.0514231307878763,0.0546961798431766,0.1164394784835298,0.0666999073391076,0.0227270276288056,0.1827905115099195,0.2266005851489829,0.2298060249558444,0.2448021687260224,0.0701889890362794,0.0374260478471439,0.0292805598481988,0.1902968206579194,0.0672304602077211,0.030730131234371,0.0319375555227319,0.2476841116959924,0.2256870483124444,0.2400498333303851,0.2870044384305537,0.2512079357292753,0.2589500113804304,0.251676861062351,0.2615731749896088,0.2571431233706081,0.2673566453989604,0.1751424359460243,0.182051569444158,0.1060367100077854,0.1272639448655699,0.1270433692977555,0.2732886999329267,0.2659253011928095,0.2510684854967921,0.0911844194995961,0.0950286767441026,0.0952347735837362,0.0482634489052484,0.0682387925402752,0.2364702128280029,0.1106209497697143,0.0602150629596813,0.2124024155543677,0.0516936008221264
326737_7_consensus,0.013387266285525,0.0520610489706623,0.0202892380753167,0.0354058749361341,0.0160057226248842,0.0322226568481784,0.0300784661812851,0.0323031478931445,0.0678260929753467,0.0294241481571946,0.0326913163755415,0.0340522936934091,0.0512264312963841,0.0381739639868925,0.080719888156036,0.0418714881243911,0.041284558768325,0.0337127410184487,0.055203819236457,0.0470835357044796,0.0786286809434084,0.0328907224117536,0.0306077990653372,0.1234424960847979,0.0914437030891317,0.0900014697810984,0.1084270017132613,0.1031060536708423,0.0929838518357994,0.0816657375634593,0.089044856884243,0.1072160346685313,0.0222744383762067,0.0296237284590734,0.0062422180195422,0.0262769122906991,0.0353560057622646,0.0029651936418524,0.0076995366974816,0.0670095457400528,0.0,0.0040374711341311,0.0365512246964723,0.0699939361848347,0.0811386908664566,0.0505050160339495,0.0609214556558965,0.0557544509023779,0.0551843999268104,0.0689549109239218,0.0500181600396798,0.0546737012624065,0.0628218231925332,0.0988699943062823,0.097685058241022,0.0870907400733429,0.072572947341178,0.0611618000138465,0.0572165527866266,0.0280620130817998,0.0307867179371488,0.0336986796876797,0.0273162079292292,0.0242312254356118,0.0265575857375814,0.032742301933748,0.031712323693771,0.0241214845649277,0.0257814894938537,0.0262763215882735,0.0361018625308426,0.0244363043256434,0.0286064023513032,0.0279809340401762,0.025783502108057,0.0275391468764016,0.0231898928953366,0.0878728501689343,0.0527245255680455,0.0715180043707892,0.0741320188200402,0.0855911515621041,0.0320391665844477,0.0475764005754157,0.0606239237182268,0.0599998159784442,0.0295092568386827,0.0649096683039278,0.1239492659084584,0.0710536775242927,0.0587858521458235,0.0666849410468604,0.095045106568298,0.0721376472984705,0.0753119415540339,0.0733026818585873,0.0780755110998772,0.075202580217268,0.0832961412004902,0.0396026061756149,0.0389058994820317,0.015984981985949,0.0209752001127556,0.0210373069555886,0.085208912956725,0.081271407064869,0.0721967332236417,0.0401658424743125,0.0378421978252685,0.0413221744991947,0.0496906498978129,0.0454874398091114,0.0836723750095593,0.0375076690307256,0.0454770115972094,0.0728648707149233,0.0484122479859152
326737_8_consensus,0.0173538237417352,0.0704703201835856,0.0260294947596388,0.0423754469089736,0.0167624114061002,0.0309748443065771,0.0326669600716265,0.0345016214291726,0.0874676700315868,0.0340324838459364,0.0304343102554112,0.0319577918335172,0.0663365693162649,0.0469199930277151,0.1023778220335991,0.0539564090623745,0.0531811584840387,0.0405971535128566,0.071594518815762,0.0602057808693974,0.1004082093118778,0.0400140952368426,0.030389713986513,0.1492211261571006,0.1157243430960717,0.114533970187427,0.1332676720973244,0.1281513786189032,0.1172381082632032,0.1040942179720181,0.1111651687230494,0.1306980982805594,0.0134503301294541,0.0173634272860603,0.0028594382684143,0.0160262040046355,0.0213854384621949,0.0059878650237443,0.0036504351309565,0.0475805698208411,0.0040374711341311,0.0,0.0229603607303587,0.0616923898542296,0.0677641347837152,0.0539365125181729,0.0719518057377319,0.0605591993282077,0.0641343748678764,0.060122592224002,0.0568633258596937,0.0608690166821652,0.0709364050190988,0.1048676260580609,0.0884723468171468,0.0967672443504756,0.0764692092161585,0.071244946528644,0.0613478283660162,0.0233655391155664,0.025375909983496,0.0265039615660764,0.0233228373184157,0.0252169192063718,0.0236187822168156,0.0263458253716803,0.0409260324135143,0.0292807328413635,0.0251471296331411,0.0287618211228393,0.0467309838000185,0.0265006760455577,0.0358846294701669,0.0243875849737555,0.0233281335465278,0.0354061515496724,0.0228435691045882,0.0682410937372539,0.0678433223479828,0.0913137472654543,0.093566769366391,0.1059636635924556,0.0303442607682979,0.036863491203376,0.0468698037770085,0.075545590532176,0.027569501477048,0.0503713121110225,0.0995081606648371,0.0940930564724844,0.0792658459929187,0.0887524591156445,0.1189098432900088,0.0945847245930195,0.098826509321575,0.0965755030408681,0.1017251223670498,0.0989143543044654,0.1058652291758468,0.0535018382310878,0.0549100663016073,0.0231735334814437,0.0302638600761575,0.0309008709146532,0.1084334140896583,0.104228203391437,0.0947403740553758,0.0411791584017953,0.0399703696242381,0.041656574656832,0.0412036782935381,0.0420263516926979,0.1021171860793348,0.0420849063368891,0.0406144668301804,0.0886884291438319,0.0406345411774777
326737_9_consensus,0.0535147968719922,0.1499121647563734,0.067394077951568,0.0763516097727503,0.0398837878053859,0.0374538080395758,0.0529971533785111,0.0501551793095984,0.1616350554723151,0.0595339315064959,0.0366345214343564,0.0363298215525489,0.1231658748874853,0.0823693527353635,0.182637655334009,0.1015024406309832,0.1013859696005994,0.071828293153958,0.1314980114942514,0.1097681480572241,0.1799107709278828,0.0724498047643864,0.0397108591489718,0.2708522855371118,0.2244724330261629,0.2231282348998364,0.2491298150884402,0.242237136748141,0.2265845858560622,0.1903143692586368,0.1917171510020194,0.2178326154015275,0.0055751621384523,0.0047704653715223,0.0176538116943767,0.0044187761359992,0.0045395425648901,0.0426875859191637,0.016894047277475,0.0091356714714736,0.0365512246964723,0.0229603607303587,0.0,0.0399162732672548,0.0340587358157353,0.070408449772203,0.113436418821422,0.0830794771782432,0.0986043349959446,0.038692919069895,0.0861014022337105,0.0867989636168191,0.1000605205846589,0.1202546604272027,0.0590074465261087,0.1264216195439944,0.089051162655652,0.1094177767323376,0.0802682771089884,0.0256827456933637,0.0268399839788529,0.0209484524255252,0.0267905121893399,0.0458418734507004,0.0345849183681439,0.0222896810305117,0.0870034469431528,0.0605890107417046,0.0375215764462124,0.051307345639616,0.0972531168098536,0.0499356545598255,0.0746997363249653,0.0294482060421588,0.0306234587758558,0.0766660207569422,0.0392336409989937,0.0261083028897548,0.1300687744964088,0.1666885063041912,0.1685892080970639,0.1817919736515429,0.0421525593988194,0.0239393698002601,0.0226930673436225,0.1351487146124927,0.0405986117720971,0.0243498539794977,0.0414168671359158,0.1851310385666371,0.1679985370472616,0.1803386576878196,0.2268033077162226,0.1891903844730409,0.1966653751002391,0.1880070632261468,0.2002377734974212,0.1944224935093732,0.208114951272762,0.1284364654263861,0.1301209249321164,0.0672389614527775,0.0862116877695058,0.0827995093317008,0.212002766495944,0.2061252907761259,0.1915145204826887,0.0569359004509104,0.0605037532563139,0.0654412599372999,0.032148982535471,0.0427038698980437,0.1796913175677215,0.0743155847300203,0.0374716055365542,0.1600646376727477,0.0365047582216897
326780_10_consensus,0.066056647472446,0.1419546526280521,0.0779625777034436,0.0546728950164032,0.0476647817531139,0.0411503562229009,0.055697667210933,0.0475910644030026,0.1492434409859964,0.0566060050788781,0.0502523347351013,0.0411592286253066,0.1086331574014289,0.0698694948871097,0.1664843793332879,0.0847594999320824,0.0926823146221602,0.0658902602448305,0.1116831679872012,0.0948692738236296,0.1605299797403327,0.0644054187305434,0.037457956690134,0.3167648705058257,0.2509808306528232,0.2503518237653521,0.2891612468300426,0.280518588723849,0.2554378333333575,0.1586006300049112,0.1497436669119078,0.175838756073686,0.0361964439539042,0.0529943521181186,0.0549320577054182,0.0405519458806553,0.0539425866611562,0.0755320011245075,0.0581798083626949,0.0596355841279869,0.0699939361848347,0.0616923898542296,0.0399162732672548,0.0,0.008340254216379,0.0233734007580022,0.0621140805687652,0.0342491535793811,0.0495642479816158,0.0040979863831616,0.0400404443479596,0.0359237752416596,0.0443114294923283,0.0419303409476832,0.0096765252641182,0.0534739674010484,0.0279033693928667,0.0547670634386765,0.0275859449408848,0.0341393737556536,0.0406690182756097,0.0330164905845773,0.0336891140665676,0.0506766682377097,0.0508930082261223,0.0327887776008619,0.0842495873286388,0.0605369405982951,0.0367535560913196,0.044557599473789,0.0939049220856294,0.0530919591058918,0.068588260286778,0.0352480718825809,0.0332883679637197,0.0735307322136016,0.0439591027888202,0.0548167768286091,0.1158026951688873,0.1436100328580369,0.1442354534402632,0.1533229153117421,0.0435782962761202,0.0431285798960496,0.0455293939024628,0.1077338319669687,0.0486168745968109,0.0466726125039986,0.0720448562377207,0.1798281718879311,0.1763791728941992,0.1854874229012439,0.2563519614118785,0.1908479534892428,0.2027290187751598,0.1791433421982207,0.2107720528835841,0.1954818246449186,0.2337014875721657,0.1582901473811047,0.1401596116238757,0.078331693052176,0.1086217859153357,0.0879783320048845,0.2322628735215444,0.2278516843037188,0.2051668910824151,0.0393153985162308,0.047419119885836,0.0747602326225331,0.0404413160467678,0.0339268177706522,0.1662682750926141,0.0699182114260201,0.0327440627226467,0.1541108048346506,0.0528663714087862
326780_11_consensus,0.0807160840578919,0.1757079058250399,0.0958972771437745,0.0795653031849408,0.0600210501415068,0.0510958448929912,0.0683547150901446,0.0624287662564704,0.1793851689437655,0.0729294632825521,0.0576342095962569,0.050143293759211,0.1380681341891927,0.0939097918132763,0.1969398046783856,0.1093604928650702,0.1170161664408482,0.084342470380113,0.1409885123200354,0.121635707991758,0.19357941480812,0.0842709695855301,0.0485501523529601,0.351399300965264,0.2854118087674768,0.2853016114097295,0.322437173464988,0.3156147651964707,0.2902149728834704,0.1967735328502771,0.188838110331865,0.215679140625685,0.0378136984187147,0.0468632642885218,0.0603830712290704,0.0399016619901022,0.0451723064758073,0.0897551177747209,0.0633752337561386,0.0463245170302988,0.0811386908664566,0.0677641347837152,0.0340587358157353,0.008340254216379,0.0,0.0400361279299215,0.0831152388546661,0.0484807790594308,0.0693107192922966,0.0053593971837848,0.0576601693968186,0.053965854699471,0.064344602439144,0.0639744977381706,0.0119801112557205,0.0781584450257186,0.0456811914342294,0.0763987648623762,0.0444060806502317,0.0369961376654472,0.0404161171214632,0.0323201833924038,0.0380967867885777,0.0594827233262531,0.0527858487620989,0.0339504486637896,0.1029035806358482,0.0756461672795758,0.0441688219989355,0.0541562595076978,0.1114787073233092,0.0626294032706891,0.0842151061502907,0.0380526781758003,0.0403175382168168,0.0909700576038563,0.050772812150944,0.0360827199988857,0.1413962530315267,0.1763368635360134,0.1761028157337199,0.1870057660325672,0.0488116438156254,0.0350948949174956,0.0346133280493159,0.136187852418737,0.0525951693114308,0.0340971544700243,0.0462071611076169,0.2163711222147206,0.2075865233274338,0.2188944512179311,0.285940080410092,0.2227403958222762,0.2371581586549282,0.2170171467311483,0.2450051608168477,0.2313045844697727,0.2620992522661467,0.1776140135142592,0.1664387253364534,0.0960956658347198,0.1261100775464205,0.1082350178989735,0.262036726233835,0.2582588596128374,0.2375332194630459,0.047289303944078,0.0562900182354155,0.075089485714078,0.0336798353068701,0.0360469284889601,0.1885702875820429,0.0793255943581119,0.0329135929626458,0.1727223740098145,0.045821266810945
326780_12_consensus,0.0422572381252601,0.0744014030983297,0.0500032777381171,0.0281156673381159,0.0348600102813936,0.0337199592175121,0.0336874230724131,0.0300834087095962,0.0719179944444103,0.0297509391279522,0.0443894572347511,0.0360468429952236,0.0490845312104557,0.0324946187866856,0.0812745085252002,0.0340239194889093,0.0422204749440222,0.0318620156018933,0.0476681804325513,0.0422290490460648,0.0769652470262363,0.0300478706680902,0.0265774159049811,0.2173925913235317,0.1607003925514005,0.1595894148789423,0.1946025803467339,0.1873383377994599,0.1655579916306324,0.0756745914244554,0.0690232918725213,0.0891991661822757,0.0538674270543948,0.0777390108718814,0.0528712834248521,0.0623939219877724,0.0839998639554382,0.0538136490551988,0.0583815550556678,0.1090935113588429,0.0505050160339495,0.0539365125181729,0.070408449772203,0.0233734007580022,0.0400361279299215,0.0,0.0128165086954075,0.0048450451130541,0.0079189565998136,0.0222474948846906,0.0050216790485961,0.0038531030157713,0.006859886044662,0.0164576882199085,0.032547531495755,0.0143337246042607,0.0069707602666193,0.0098351909491576,0.0030236923049358,0.0337979782413793,0.0408424191031731,0.0407577622560832,0.0319067632750522,0.0314502370159441,0.0423715503210884,0.0389720965853337,0.0383224435561579,0.030403706248129,0.0240289293418012,0.0208752599034784,0.042206987807507,0.029998170815114,0.0291560313111451,0.0306339998241345,0.0276123482668291,0.0333362378910315,0.0286759449757436,0.0992378900009534,0.0535753406221104,0.068707194717188,0.0694342007841521,0.0759034584453566,0.0325021130869096,0.0582412265628216,0.0715828572460548,0.0467424759271111,0.0371033782479033,0.0743093431182,0.1316757558855101,0.0955880704972802,0.0967686001557606,0.1019663024069146,0.1608596244987623,0.1044013139803095,0.1141795622971031,0.0948515731573547,0.1208556532223958,0.1075665102153786,0.142665254674549,0.0948163296017181,0.0745391509095281,0.0418679091405724,0.0627767945490411,0.0425786872804403,0.1396950324938304,0.1368284696272281,0.1182500175023193,0.0173977681354315,0.0214677344389322,0.0468777804194653,0.0458097479625179,0.0265238238421154,0.0824091944567193,0.0325311658098987,0.02974248261531,0.0774623906368114,0.0537797927903769
326780_13_consensus,0.0492199510070721,0.0526262592496733,0.0536404960571657,0.0348422906505652,0.0492673631785596,0.054735956609667,0.0448713438213754,0.0451384949341848,0.0451178236645617,0.0382007773458203,0.0660225416872819,0.058528394943714,0.0364204300412343,0.0353418809167251,0.0472468941017547,0.0255923103557975,0.0348044837005101,0.0350830103740547,0.0307849949888936,0.0337386670937611,0.0456334393593458,0.033424519079622,0.0448463500986724,0.173910730365133,0.1221112479897632,0.1214077988130695,0.1531578130249675,0.1479021439539867,0.1276711962596408,0.043932898470258,0.039718078377561,0.0547074251615136,0.0896418628820114,0.1162200917796303,0.0748833513436775,0.1007992341556072,0.1256085280029335,0.0632441082117161,0.0827994694340308,0.1641360442593296,0.0609214556558965,0.0719518057377319,0.113436418821422,0.0621140805687652,0.0831152388546661,0.0128165086954075,0.0,0.0073377897979947,0.0030342188598471,0.0578757573781629,0.0049221459493455,0.0061636286006141,0.0048606893913429,0.0230555958895308,0.0709266477524614,0.0114919664701957,0.01686358220726,0.0026932416912854,0.0104710041569751,0.0577822827211491,0.064000844093826,0.0694771184332827,0.0555735189427064,0.0431806764064308,0.0601226113107227,0.0676648431148976,0.0327635823310963,0.0357033890250484,0.0394798334487989,0.0280775904804269,0.0309293478491161,0.0390051467888366,0.0267215263133859,0.0511986669047246,0.0486915069275122,0.0312189594038736,0.0423466594172294,0.1464836643205593,0.0337734680100734,0.040376262348948,0.0415196747013464,0.0465052842827145,0.04572283447522,0.0873247780067476,0.1079203157440442,0.0277010182134729,0.0496380037552883,0.1110481514879717,0.1870635486386165,0.0629580661245254,0.0664876891063013,0.0690748706571735,0.1172540117732285,0.0675585730735592,0.0773979092910899,0.0622673914294971,0.0834437150615396,0.0720980278803242,0.1023597204766471,0.0736683123050632,0.0536997422779217,0.0413318495238623,0.054795873840451,0.0357164001495515,0.0982052034382627,0.0974840417836047,0.082530144335104,0.0242889940806847,0.0255783457041953,0.0475252777424248,0.0688904199106463,0.0425963452618898,0.0462782634060836,0.0289128488663319,0.0486737913352559,0.046525841975189,0.0742880356611443
326780_14_consensus,0.0445614489075403,0.0712757583781744,0.0515674583045706,0.0321162212328065,0.0389873086212517,0.0430837483838688,0.0400870821228913,0.0387582037581673,0.0684112758026831,0.0359293485620364,0.053755647225449,0.045952331615882,0.0513146318094497,0.0390975502751267,0.0743473927926823,0.034880211631453,0.0445647040278256,0.0365858638668887,0.0473541860436226,0.0450710188747098,0.0722649948747733,0.0349942413321766,0.0345952711241182,0.2110752522233436,0.1544929948021316,0.1542521791819622,0.1879374280037273,0.1823219267749491,0.1601366331116942,0.0708070334554635,0.0653452170598498,0.0825890535356874,0.0662411515337053,0.0888946325932549,0.0608639175179668,0.0754014032678576,0.0956780947618654,0.0595929204082201,0.0679785639758296,0.1255802260340921,0.0557544509023779,0.0605591993282077,0.0830794771782432,0.0342491535793811,0.0484807790594308,0.0048450451130541,0.0073377897979947,0.0,0.0047019420932414,0.030116172715326,0.003085799455726,0.0029162674409421,0.0044517819053568,0.0160079744583701,0.0402354214446898,0.0116896946946827,0.0081140261972221,0.0059236419436876,0.003549615023819,0.0408708115240514,0.0465557034447421,0.0485507214510203,0.0395722903305175,0.0356496837047934,0.0469531329489907,0.047808062845096,0.0388160121615275,0.0339801884620349,0.0284525940727533,0.0217632159460139,0.0394769868026347,0.0331195352653868,0.0289254550908983,0.0360445334040857,0.0347006162852494,0.034392716633004,0.0324797019570111,0.108434701372861,0.0504915138512114,0.0643312592947831,0.064862565536643,0.0716330650556011,0.0350546904971391,0.0629117631878184,0.0787968024037013,0.0436570087658196,0.0393021655244822,0.0807824589010683,0.141046429541026,0.0914633221028795,0.0922149724768948,0.0971357158832892,0.1513530375260705,0.096229434869449,0.1081681710465947,0.0908722246385167,0.1150324007110992,0.1025468103465119,0.1338072331769719,0.0899814172971256,0.0715110164653882,0.0440757608480613,0.0622635695208328,0.0424963248685523,0.1303121749942066,0.1293034568282607,0.112400062838013,0.0165556031434874,0.0202275224600789,0.0422285018196548,0.0477060323245694,0.028099109149112,0.0708752400461287,0.0296043711088174,0.0319720143789989,0.0671057571563107,0.0554517296879568
326780_15_consensus,0.0454594250808835,0.0571841437937505,0.0507054891336293,0.0312931695859823,0.0433257533474131,0.0448193298706307,0.0376149276910151,0.0367683385227355,0.0484714752721124,0.0317662948100752,0.0557892253824698,0.0482231639759831,0.0358909735150145,0.0303983035539925,0.0528039695439517,0.0241117311534573,0.0326473641143607,0.0300907968134858,0.0315145070809883,0.031910400580319,0.0505478448948064,0.0284568546755927,0.036074904546151,0.1834217279998142,0.1304758769506575,0.1293261470215636,0.1621556520907212,0.1560708862208928,0.1358262597137738,0.0515086629928713,0.0463943609004458,0.0631549359872982,0.0765841572369447,0.1026020364478066,0.0660585988528899,0.0870543907775198,0.1114477244543854,0.0580488669772369,0.0730205542324942,0.1457598709352519,0.0551843999268104,0.0641343748678764,0.0986043349959446,0.0495642479816158,0.0693107192922966,0.0079189565998136,0.0030342188598471,0.0047019420932414,0.0,0.0460396041145791,0.0030023611067981,0.0035934104157204,0.0030688578969879,0.0197996399143862,0.0585431659034059,0.0106746938681761,0.0120212168633866,0.0029346929323565,0.0068417539667482,0.0482356110692512,0.0544781488858223,0.0584452918605329,0.0460711174090215,0.0367777647410809,0.051843488520193,0.056735113396086,0.0309237394511052,0.0307306792839607,0.0320436150709255,0.0231829241618655,0.0307634426360996,0.0332198886545755,0.0242812540428403,0.0423134525910695,0.0397459893880709,0.0286729137281307,0.0356136524715076,0.1310154503123275,0.0368519428220217,0.0462402723903041,0.0473961010192329,0.0528937154107529,0.0396948109100447,0.0768826388338457,0.0953348319807592,0.0311694139302467,0.0437393544367248,0.0981597961857714,0.1695364563074193,0.0698446714763294,0.0726860159253304,0.0760039474613822,0.1270482044201628,0.0760067420786603,0.0854809649519898,0.06938842030927,0.0914567982253524,0.0796942431392819,0.1112908047443248,0.0771667462277454,0.0573061574323237,0.039017964686522,0.0546501242434862,0.0353622545884402,0.1076711107779466,0.1062009812046174,0.0901731427642049,0.0198782798944714,0.0219192105120535,0.0446987839437538,0.0597453935599281,0.0352192072135499,0.0538415099375022,0.0270730539455952,0.0405393402132698,0.0524624647813016,0.065628649489672
326780_16_consensus,0.0658984145739101,0.1439876985215331,0.0789184257219952,0.059074204420388,0.0479854326909396,0.0396340999708968,0.0526980438130877,0.0466139354677572,0.1456039811895904,0.0549485583533302,0.047757175413329,0.0394894014737676,0.107969288075159,0.0702834617689323,0.1615054511972573,0.0829539273555584,0.0907671059064867,0.0636504032186451,0.1099305496357025,0.0938103298688197,0.1573458713636508,0.0631353215579206,0.0358665676817029,0.3155057051011871,0.2507714009163031,0.2503051073330917,0.2878878622251841,0.2803818168373091,0.2557760887921487,0.1593211182629508,0.1507039332469446,0.1761994734963723,0.0365055094630228,0.0506031074035719,0.0539145988722369,0.0403539391591332,0.0513011022514184,0.0761390649492161,0.0575215344734445,0.058002851096421,0.0689549109239218,0.060122592224002,0.038692919069895,0.0040979863831616,0.0053593971837848,0.0222474948846906,0.0578757573781629,0.030116172715326,0.0460396041145791,0.0,0.0368980132386331,0.0335338201853785,0.0414789013017014,0.0422796408071981,0.0088020022629704,0.0528712579705645,0.0267435150812396,0.051818820786357,0.0260312767202091,0.030910251248998,0.0356734937105116,0.0293343303021513,0.0309523360511114,0.0471821962617786,0.0455701287391852,0.0299004637910984,0.0808643025156126,0.0582076325484255,0.0331708931142973,0.040158652608941,0.0887171606028847,0.0489607838923857,0.0646256777642086,0.0307393220429732,0.0312469847974323,0.0707399020611507,0.0399187798102573,0.0481480539703902,0.1134530390735228,0.142826461962664,0.1432598662462147,0.152660317671601,0.039343178354751,0.0366091788896181,0.0393588999868308,0.1068630196786948,0.0436717903780223,0.0400099175674331,0.0646456103234864,0.1795545241971297,0.174203448713893,0.1836040747321412,0.2509800529250467,0.1879083341902472,0.2011279666623124,0.1794986999072456,0.208392685107694,0.1942610554562414,0.228420547263501,0.152802560690505,0.1378936609754903,0.0763240725907072,0.1049702433125618,0.0856990572954394,0.2273728331291433,0.2235805989983994,0.202591389608334,0.0332317842150162,0.0412198423568526,0.0637209499197029,0.0318484735499646,0.0271162783417286,0.1567643015697379,0.0619217095035189,0.0257537727901215,0.1440725246169663,0.0434666848133797
326780_17_consensus,0.0399955512728293,0.0595292469450043,0.0459484025537291,0.0283127966119316,0.0368474136954004,0.0400813925077301,0.0350453774868215,0.0339605683121302,0.0547653140891526,0.0300022285570209,0.0503117067645293,0.0432140827154459,0.0396660995893851,0.031001185715163,0.0607842382171508,0.0264010481160328,0.0349375230875317,0.0299378252270621,0.0362663612521272,0.0350364224310277,0.0580766896571498,0.027962948130221,0.0317382782675697,0.1886418632689617,0.1358734358508897,0.1351085558079177,0.1674556237574727,0.1615766259356013,0.1408678814765256,0.0576682452621053,0.0533834327945568,0.0705876723375356,0.0665581922137423,0.0903102074921013,0.058023804191519,0.0760688617880056,0.0980381697891736,0.0527241981713162,0.0644618578640621,0.1303774526867949,0.0500181600396798,0.0568633258596937,0.0861014022337105,0.0400404443479596,0.0576601693968186,0.0050216790485961,0.0049221459493455,0.003085799455726,0.0030023611067981,0.0368980132386331,0.0,0.0024628319106536,0.0040852961733808,0.0196225792729523,0.0501785759704001,0.0124279265649311,0.0110039510632402,0.0039594182928448,0.0044366538253717,0.0401850653415118,0.0460360934143508,0.0491318993884428,0.0383166171960098,0.0316039346151049,0.0445383418999929,0.0476597267694787,0.0303106443423581,0.0277290833209029,0.0267535522469053,0.0191101436241103,0.0311951904254046,0.0288973694234684,0.0227357528144516,0.0351505061988559,0.0329822208294965,0.02695668547784,0.0296317729634214,0.1172953514294423,0.0414160262084113,0.0531162377368295,0.0536978945669508,0.0601356512993573,0.0353081581030441,0.0674774893560616,0.0846275248055077,0.0357672637365276,0.0392691683394312,0.0873889630168021,0.1534063426641312,0.0757468180331697,0.0769242978414341,0.0812013526007522,0.1325374987593335,0.0811969944703721,0.0911675826069569,0.0752877017062711,0.0976500080168056,0.0860116356825981,0.1161966443514286,0.0774143423378941,0.0588700042720038,0.0366786262021348,0.0528851419355413,0.0343050449702886,0.1129983466210333,0.1114450660497219,0.0952394289078482,0.0166260714981527,0.0189483592607349,0.0404658283869867,0.0513173294549469,0.030227046803616,0.0595680775164497,0.0257132917324653,0.0347993213048072,0.0565770702471271,0.0573188376139066
326780_18_consensus,0.0436712949063116,0.0649262344239058,0.0500564355662191,0.0287131931687714,0.0388562560841396,0.0424528527337741,0.0388411787455549,0.0365453500615382,0.0623410953851175,0.0335182290292461,0.0538861836621826,0.0455053202858399,0.0449615416746489,0.0342536919758948,0.0687974107359554,0.0308133553703875,0.0400459938528712,0.033872262662852,0.0415274078243195,0.0397350528207773,0.0653839475255111,0.0317665421903754,0.0339110988848672,0.2013022619754148,0.1461453343610479,0.1455199430454232,0.1792964823523872,0.1730414673499156,0.1515151145436135,0.0629270591048012,0.057282290063676,0.0744150805896666,0.0676268675390989,0.0928283580961348,0.061628836972412,0.0774986563872595,0.1001880397599892,0.057298693202437,0.0680512594504287,0.1309276189925192,0.0546737012624065,0.0608690166821652,0.0867989636168191,0.0359237752416596,0.053965854699471,0.0038531030157713,0.0061636286006141,0.0029162674409421,0.0035934104157204,0.0335338201853785,0.0024628319106536,0.0,0.003668546573138,0.015214888281485,0.0440925533149156,0.0099347465568797,0.008042298379193,0.004400282002213,0.0029626353142697,0.0426101445383064,0.0493340744757615,0.0512819292724175,0.0406184292153373,0.0354806011046511,0.048945608568613,0.0496890673021734,0.0357742660199846,0.0320975089159683,0.0293903974666696,0.0224726408309701,0.0374642007577463,0.032991736564691,0.0273708309382101,0.0379161245148846,0.0350749172772655,0.0319529343383617,0.0332451452057283,0.1177947400583372,0.0465792593957008,0.0581636315670177,0.0585986782480842,0.0647890835771001,0.0375587352090898,0.0694431827293788,0.0860371875261138,0.0393894741963194,0.0422331530357649,0.0886255337613421,0.1527426349133795,0.0837257960709063,0.0861568257869613,0.0904607396019425,0.145645452708738,0.0907486273309317,0.1008692783613103,0.0829632472565302,0.1077957554406774,0.0949034600484264,0.1284168982412943,0.0878207837732167,0.0671053492025057,0.0423402783333681,0.0606411259168124,0.0401568429565744,0.1247206345562741,0.1230988794149876,0.1057206072466048,0.0189178624010528,0.0222328413393384,0.0469143763759767,0.0541948435862398,0.0321414245893878,0.0686133907904933,0.0309705900977839,0.0366813004974737,0.0657517008299857,0.0617221390184301
326780_1_consensus,0.0517462784153366,0.0661906541781824,0.0576005705552509,0.0326411647900926,0.0473363410863365,0.0478446526354705,0.0427662909776511,0.0402740258783156,0.0591651982488228,0.036946817106144,0.0602837427472486,0.0514132001964977,0.0435611529780919,0.0352291301001859,0.0637698443929348,0.0302196570910453,0.0400254250549183,0.0353182756040917,0.0388231994168801,0.038266300146394,0.061006589480355,0.0337604557879087,0.0389768639055159,0.2065843372870084,0.1482540441571371,0.1473095017928694,0.1831052418983549,0.1762919883594671,0.1542977796978988,0.0595970270407653,0.0521079961758221,0.0700199622767465,0.0787640089236303,0.106702851240632,0.071739407893272,0.0892305498742249,0.1149888690902187,0.0662542577481843,0.07934169078497,0.1467707612583169,0.0628218231925332,0.0709364050190988,0.1000605205846589,0.0443114294923283,0.064344602439144,0.006859886044662,0.0048606893913429,0.0044517819053568,0.0030688578969879,0.0414789013017014,0.0040852961733808,0.003668546573138,0.0,0.0127182228643167,0.049528797953978,0.0065525758653297,0.0070636131332149,0.0037396758155869,0.0053650939297149,0.0525544877297203,0.0595278949228035,0.0622081429925724,0.0503406229507374,0.0435545850675831,0.0589821654794437,0.0604467567333522,0.0399546625936402,0.03783162014963,0.036023250513872,0.0283470602454887,0.0403109437684952,0.0397881198554408,0.0318432086068245,0.0468245058947829,0.0437901609736339,0.0370292586120619,0.0415337712903518,0.1300970331257005,0.0438211495531692,0.0534040436464451,0.0549704342228416,0.0599341550273004,0.0421675270799584,0.078682587840313,0.0959629904286369,0.0354871606535107,0.0471372475696467,0.0985405184914487,0.1670467713846282,0.0817474782470206,0.0863004560815454,0.0893909917082567,0.1464418874960094,0.0896875033451296,0.1000653024427586,0.0806154666001477,0.1064993294750671,0.0928790130661152,0.129602938241506,0.0920366725932062,0.0694065829128414,0.0468592561867478,0.0656350509811876,0.0435616820529665,0.1252915385697903,0.1236061599703992,0.1057656743670838,0.0227290297056574,0.0259336655803679,0.0534588445522397,0.0632587034384437,0.0369510977299043,0.0665638934356769,0.0343427579703021,0.0419569409307474,0.0656441620767882,0.0711641262776368
326780_2_consensus,0.0807675191232144,0.100396939983729,0.0873470690026048,0.0447996251151847,0.0695048149265193,0.0789844672921118,0.079844969213024,0.0716204951528176,0.1100490676949244,0.0722769773092375,0.0971354526740446,0.0830530227409545,0.08567709651218,0.0694771615958149,0.1155787622040325,0.0665526598259216,0.0815229212965356,0.071966503843039,0.0791354358597686,0.0775788508022286,0.1101138872487945,0.0691781589655233,0.067673152099231,0.2822627416499772,0.2097379914895247,0.2102156334154292,0.2536318399547976,0.2453430612018641,0.2178262689774204,0.0905587509542531,0.0769406900551175,0.0925472382825081,0.101130780436951,0.1349089665287675,0.1032662876365781,0.1131727076906665,0.1411855880659844,0.1021347852783174,0.1124701331727866,0.1692760056678377,0.0988699943062823,0.1048676260580609,0.1202546604272027,0.0419303409476832,0.0639744977381706,0.0164576882199085,0.0230555958895308,0.0160079744583701,0.0197996399143862,0.0422796408071981,0.0196225792729523,0.015214888281485,0.0127182228643167,0.0,0.0353984511232852,0.0052807910469034,0.0060230085303212,0.0177910524359923,0.0121643889601319,0.082769910827368,0.0934439941258657,0.0915404857325015,0.0805680234766077,0.0805223178640108,0.0983561823141281,0.0899266158306728,0.082839206269293,0.0758248500176543,0.0658646112638008,0.0592710665284723,0.0857764545616195,0.0768844050606603,0.0699693382977857,0.0778753763967916,0.0726647929675339,0.0772860189419351,0.0756045039391137,0.1474643325415181,0.0781601885280665,0.0872363767414059,0.0873264450518389,0.0899807357926096,0.0651204080167442,0.1000202221665444,0.1165128577295009,0.0609648390580623,0.0734781608899268,0.1180633904176087,0.1775417347338672,0.1280428981184229,0.1390511273108972,0.1415991585017488,0.2172806207414872,0.1417721570438228,0.1547996354669774,0.1247866366412457,0.1641492106372553,0.1442299847102743,0.1962870475802409,0.150513792607291,0.1176468509442054,0.0845049527482393,0.1126009400253362,0.0811872459761611,0.1890864744764453,0.1879261847326638,0.1646148911558915,0.0450410547552717,0.0523692837475202,0.0956683189790013,0.0904094075481367,0.0585269519292781,0.1194025835983021,0.0724595923714908,0.0636047157807233,0.1200776282977491,0.1059146362473963
326780_4_consensus,0.0911070057405902,0.1707011443623889,0.1048960002132588,0.0720049520173127,0.0687262166157811,0.0645800562472889,0.0808653975015873,0.0709792262667026,0.1792711630101857,0.0817691286851536,0.0772455883520502,0.0652780852139338,0.1370588582450853,0.0954285597886706,0.1944313755329521,0.1084885946125009,0.1199169656781675,0.0902207931178349,0.136884962714312,0.1209607205222687,0.1892428936058108,0.0895256174902296,0.0588770498225921,0.3697209604217786,0.2940195175707245,0.2943557657158617,0.3379180921603693,0.3291155567524493,0.3011583211915969,0.1808409708159146,0.1671979554751494,0.1907711894810804,0.0577942061064682,0.0769354938415789,0.0808366388010437,0.0628571037607157,0.0767912140575557,0.1060886638783999,0.0860857046202534,0.082023681029959,0.097685058241022,0.0884723468171468,0.0590074465261087,0.0096765252641182,0.0119801112557205,0.032547531495755,0.0709266477524614,0.0402354214446898,0.0585431659034059,0.0088020022629704,0.0501785759704001,0.0440925533149156,0.049528797953978,0.0353984511232852,0.0,0.0521689624325309,0.0268659578912169,0.0629892174128539,0.0341266183403572,0.0569616600749638,0.0640733826589476,0.055367128950106,0.0569640176512749,0.0768508578349926,0.0780370590815273,0.0558245184457106,0.1125583055727199,0.0876473092899354,0.0568714284429745,0.0644102614189154,0.1207569873218972,0.0775964349874742,0.0931212326131669,0.0567044207950209,0.0559485435749325,0.10125615355334,0.0679875850892681,0.0662464402705804,0.1355509752959793,0.1639077255360401,0.1637867057534423,0.1706520323629003,0.0574939551769722,0.0555175318774017,0.0583039066829256,0.1227683330012539,0.064167908378204,0.0577652939780701,0.0784080716189334,0.2106444531251678,0.2109285105526375,0.2191738953575619,0.2995426517528221,0.2237069774158708,0.2384750110027651,0.2095413985801251,0.2473130611464018,0.2285739971813347,0.274016306951613,0.1947725772988278,0.1728859824013691,0.105030732071814,0.1399435608823793,0.1136058129187969,0.2710476542753275,0.2675920504988758,0.2429751296485349,0.0505635792349554,0.0611833085463349,0.0954985985408427,0.054699241520395,0.0439253750127086,0.1914376812856639,0.0895925947468505,0.0426402711400273,0.1808748094947772,0.0718892375380226
326780_5_consensus,0.0699243423999629,0.0757017501296077,0.0746739174910953,0.0381597789584606,0.0636459206744781,0.0735211333321634,0.0690324091004761,0.0635199122015404,0.0803331506376343,0.0605280093058686,0.0903342341615953,0.0780310918104874,0.0633647554163188,0.0553005601667937,0.0836165264664021,0.048372388286042,0.0618246510160851,0.0581162791019709,0.0562934465465589,0.0579730519288173,0.0793517362381166,0.0555263079160202,0.0619398678573084,0.2359296089637581,0.1700773296252471,0.1701399513992516,0.2099345866430289,0.2023690060146998,0.1774958486244715,0.0631655796221561,0.0522182666174355,0.0668654055492501,0.1031605595904716,0.1368317785835238,0.0975563648255626,0.1160182437183321,0.1449899077709382,0.0894760645658703,0.1065066478971115,0.179255590143172,0.0870907400733429,0.0967672443504756,0.1264216195439944,0.0534739674010484,0.0781584450257186,0.0143337246042607,0.0114919664701957,0.0116896946946827,0.0106746938681761,0.0528712579705645,0.0124279265649311,0.0099347465568797,0.0065525758653297,0.0052807910469034,0.0521689624325309,0.0,0.0076249147332969,0.0083691835905046,0.0100535448341085,0.079526346396622,0.0894316706998088,0.0905464781570106,0.0769290845420451,0.0705167788356799,0.090236856381181,0.0885990424285259,0.064220044563803,0.0627418258422132,0.0598714049738431,0.0502257522571154,0.0650145045862249,0.0660950810487275,0.0545750205715034,0.0734376020664377,0.0684289518635239,0.0606890410111269,0.0674139994978979,0.1574902033827099,0.0550005281829273,0.0605803721124429,0.0610498729294652,0.0637526919474247,0.0591813264689147,0.10142129294214,0.1209799763644694,0.0410177692411588,0.0665446428524596,0.1232571370499142,0.1932763697746073,0.0958821818767141,0.1062825893417844,0.1080518123772318,0.1746858640005628,0.1074452038470443,0.1188098105681145,0.0933049645992296,0.1270732148557751,0.1095646586072165,0.1562387675187153,0.1207247170483922,0.0900927273776606,0.0682028473950611,0.0908457221817116,0.0625727588063931,0.1493849053235294,0.148546836815119,0.1278989249957796,0.0392729248446297,0.0442116106015424,0.0827262571542641,0.0900469640755279,0.056784894758616,0.0882123358347186,0.05807930829826,0.0632640264525248,0.0904370594088055,0.1023639455913887
326780_6_consensus,0.0616819983619238,0.0914520084937411,0.0694043311032333,0.0365046096609962,0.051245623461261,0.0512682523069942,0.0525155956241372,0.0462748595432209,0.0911543547906639,0.0476485044664132,0.0654432607140167,0.0543205745659154,0.0665655955077992,0.0481911050428225,0.0988414840122455,0.048771441315468,0.0599887038110003,0.0481264632329665,0.0624849037695769,0.0578816511676345,0.094539318840944,0.046811146535548,0.0425012565406612,0.2582977084030444,0.1917839743991294,0.191097962747901,0.2315570746764521,0.2233763212571515,0.1985811675271023,0.0863864025008229,0.0749500346164753,0.0933486437204687,0.0720156199225829,0.1005706712605079,0.0746838014744986,0.0818766640669972,0.106672199923814,0.0773171924985893,0.0820014088678799,0.1311247425413553,0.072572947341178,0.0764692092161585,0.089051162655652,0.0279033693928667,0.0456811914342294,0.0069707602666193,0.01686358220726,0.0081140261972221,0.0120212168633866,0.0267435150812396,0.0110039510632402,0.008042298379193,0.0070636131332149,0.0060230085303212,0.0268659578912169,0.0076249147332969,0.0,0.0132327950519659,0.0057916085812852,0.0550597358368465,0.0634244889057669,0.0622005910247569,0.0530046787572384,0.0543075413758664,0.0675660728679226,0.0606445291695365,0.0606487598828167,0.0521045507748283,0.0416819688284864,0.0381941759708128,0.0637833155991121,0.051345155403391,0.0489653137958852,0.0505690579541839,0.0472681457937325,0.0553195380084616,0.0501018867814284,0.1135307098256142,0.0644127345468703,0.0781105526133094,0.0793486238657088,0.0832176258619217,0.0433708723462338,0.0716928974602852,0.0854468608367984,0.0524752453902763,0.0498107372474674,0.087140807402827,0.1438586835746793,0.114912685631042,0.1209602385501824,0.1248225033638661,0.1941120536313381,0.1272358204017862,0.1387118818978781,0.1132524007649475,0.1462839326957699,0.1292447144900794,0.1741122096544165,0.1245099025382181,0.0984218938179299,0.0619099611875739,0.0875467520835187,0.0617423294820342,0.1692922212645751,0.1667734895622725,0.1452882997298648,0.0277210211604792,0.033671403449734,0.068780844987228,0.0625170319940364,0.0367431248152927,0.1026010666471624,0.0501103163137042,0.0404142482820137,0.1001463565319573,0.0747704432052147
326780_7_consensus,0.048399507047419,0.0540033054248239,0.0531816982812785,0.0318152201423238,0.0471597914429997,0.0543943159514137,0.0463770040451718,0.0454605305297386,0.0512976324454079,0.0392330713400541,0.0666053210993071,0.0581829314176003,0.0400005518006656,0.0365824360291799,0.0545495191396092,0.0280012828592468,0.0378801342525259,0.0372175370195311,0.0345619485183643,0.0367922469828272,0.0518466452832093,0.0348285358132542,0.0445070175059179,0.1813904314687509,0.1276449542110915,0.127332414235842,0.1599798526263924,0.1543127140982587,0.1334358588166377,0.0468335590518238,0.0419038336945822,0.0574152898284276,0.0863154159539858,0.113746537694241,0.0736772151087512,0.0976235652065788,0.1224196270862929,0.0629994719669557,0.0816165748102974,0.1598842780073308,0.0611618000138465,0.071244946528644,0.1094177767323376,0.0547670634386765,0.0763987648623762,0.0098351909491576,0.0026932416912854,0.0059236419436876,0.0029346929323565,0.051818820786357,0.0039594182928448,0.004400282002213,0.0037396758155869,0.0177910524359923,0.0629892174128539,0.0083691835905046,0.0132327950519659,0.0,0.0073096484323054,0.0563615347028143,0.0633867837214872,0.0676065102285354,0.0543094666657895,0.0435536400996685,0.0605658720378325,0.0657565938871389,0.035256554941542,0.0365712052516666,0.0388471268590757,0.0283443008917245,0.0347738550113501,0.0398587932553615,0.0285183654480114,0.0505153029056675,0.0472430637101446,0.0329735933941917,0.0423128519579689,0.1437145177401912,0.037349773278958,0.0442009007126413,0.0448486731170039,0.050120305124043,0.0457135906283685,0.0861579968101127,0.1064901803584081,0.030212167489271,0.0503083865143958,0.1093293533013355,0.1828717523640932,0.0681974540076959,0.0723874519302363,0.0753355933069217,0.1266163828081747,0.0738198034552546,0.0838318246981764,0.0668430187044979,0.0906164237443256,0.0782538237057055,0.1111288763579212,0.0800799691843217,0.0580517748560813,0.0434662702382482,0.0586108295148681,0.0380933834854282,0.1064743413476954,0.105705993358427,0.0897775301041399,0.0246141414013028,0.0269339428502295,0.0514852605202467,0.0692124068599451,0.0430243046257814,0.0542113807918704,0.0325473519182963,0.0487550747471496,0.0540798192891838,0.0759957841202547
326780_8_consensus,0.0454020246062345,0.0732965314374878,0.0523898298818146,0.0284696572608247,0.0382082617074495,0.042981232247742,0.0421963861024696,0.0386065861147368,0.0754858691333923,0.0372643506564589,0.0548998686709314,0.0459169588786023,0.0544433243816202,0.0395326538565541,0.0831262974402875,0.038091871091014,0.0481186790094927,0.0389147734974493,0.0512691892897638,0.0478912903021804,0.0792084310159833,0.0367067959564924,0.0345247065565308,0.2208902463233801,0.1623638488322258,0.1620656359812864,0.1974184734774811,0.1908652334588767,0.1678509532553249,0.0725886897254817,0.0657048719546722,0.083419290472384,0.0632246780484475,0.0881336643958601,0.060963004002108,0.0727438834507809,0.094334767594276,0.0599405195308353,0.0674045148817485,0.1221646117041075,0.0572165527866266,0.0613478283660162,0.0802682771089884,0.0275859449408848,0.0444060806502317,0.0030236923049358,0.0104710041569751,0.003549615023819,0.0068417539667482,0.0260312767202091,0.0044366538253717,0.0029626353142697,0.0053650939297149,0.0121643889601319,0.0341266183403572,0.0100535448341085,0.0057916085812852,0.0073096484323054,0.0,0.0418400329982366,0.049241834121525,0.0494215794846093,0.0402080673148406,0.0384587453552551,0.0507253250875185,0.0481388087304672,0.0434544864600798,0.0368883122624845,0.0304354052990749,0.0251952161904318,0.0462094252344513,0.0366725477701042,0.0333935082586016,0.0381007490958893,0.0351466887671962,0.0384289521729144,0.0351770330251959,0.1079823946688636,0.0537990318591701,0.0673487136520494,0.0672719588406911,0.0734525067781382,0.0359244431067757,0.0640075719567478,0.0791608283709646,0.0453691878280277,0.0412247151421736,0.0813754377176128,0.1399242457721348,0.0967769164127521,0.0992221397519639,0.1041659229229914,0.1635921298905787,0.1045374504362293,0.1155962934180871,0.0957143233483472,0.1231817653832223,0.1092943185731902,0.1451965284455774,0.0993472558007679,0.0774560303657887,0.047169942266299,0.0680658977875943,0.0463353129661818,0.1411728273490089,0.1394053969316226,0.1208247510681541,0.0196850736493949,0.0241428916239057,0.0512275115103921,0.0517621905402636,0.0311358629240334,0.0823132557046726,0.0361498141505727,0.0347791718858916,0.0785705103564575,0.0609818978967453
326797_10_consensus,0.0380612748018824,0.1048746578244257,0.0511433916736434,0.0566867865145024,0.0314959048934762,0.0112428710033176,0.0163208135531895,0.0175802278067624,0.0846973257756911,0.019124083276532,0.0115784416281687,0.0113490815671832,0.0583264828063567,0.0339234640683905,0.1007358031680301,0.0435128105522579,0.0432912345154719,0.0263768654054201,0.0641044920860167,0.0500495163143508,0.0984959939234544,0.0262645985773861,0.0115388109913618,0.2051613041069799,0.1636331951799405,0.1615865984732041,0.1865050308206628,0.1806981503010902,0.1656042758995966,0.1290314788194244,0.1306152749552263,0.1585213433184549,0.0187897005065345,0.0263655632376753,0.0205828193443862,0.0209100900413981,0.0304442745925328,0.0331632421959851,0.0220003570933311,0.0459234369576222,0.0280620130817998,0.0233655391155664,0.0256827456933637,0.0341393737556536,0.0369961376654472,0.0337979782413793,0.0577822827211491,0.0408708115240514,0.0482356110692512,0.030910251248998,0.0401850653415118,0.0426101445383064,0.0525544877297203,0.082769910827368,0.0569616600749638,0.079526346396622,0.0550597358368465,0.0563615347028143,0.0418400329982366,0.0,0.002877938420208,0.0031236162119929,0.0023450502548563,0.0067491400234214,0.004558549259281,0.0027043649016125,0.0289231552109594,0.0144921140231693,0.004767042423853,0.0103698297780949,0.0350403755447494,0.0085825885827865,0.0215795114024643,0.002794786368236,0.0030638642791807,0.0230670508679899,0.0050094992470359,0.0524063272733323,0.0807179269166367,0.1091901059209403,0.1108050104068505,0.1233770888435481,0.0287817048510152,0.0309678313235846,0.0368783799584475,0.0875539774729983,0.0287053467324005,0.0393420192649367,0.0798698004255866,0.1216246957520557,0.1083572476233136,0.1179498941875927,0.1569760233607757,0.1239126250777014,0.1305937589250243,0.1239342732392225,0.1337914510980491,0.1288008359384536,0.1413614942673353,0.0811958279623299,0.0794939120354181,0.0370600374055651,0.0506118481906199,0.0456658486279248,0.1447270104047193,0.1400553176179295,0.1268760898615202,0.0233367811414879,0.0256072175917108,0.0262218320365379,0.0186634699241317,0.0212788873242759,0.1000028693005044,0.0289614695367301,0.0189395813355632,0.0847753601432215,0.0198618592365349
326797_11_consensus,0.0420990891033028,0.1125035245789742,0.0556443615131225,0.0654084434679971,0.0360220611167303,0.0132489678960956,0.0178671186605914,0.0206021430380971,0.0878783404157168,0.02197254961502,0.0120988926838556,0.0130109289665183,0.0631004773882484,0.0385981779932507,0.1038192838229008,0.0477174660402193,0.0467515674537262,0.0291784005750699,0.0689312731200555,0.0544465972851089,0.1027146931927172,0.0295936703327308,0.0140201898974616,0.2087018323108278,0.1686883443051989,0.1665465786211104,0.1901801511898266,0.184946421002218,0.1704592408162373,0.1379528941624883,0.1406590342280305,0.1689227036517033,0.0215086580694947,0.0260071013247724,0.0227119762262768,0.0226408862139777,0.0299851727861444,0.0369037471210811,0.0237845879381133,0.0451672669004281,0.0307867179371488,0.025375909983496,0.0268399839788529,0.0406690182756097,0.0404161171214632,0.0408424191031731,0.064000844093826,0.0465557034447421,0.0544781488858223,0.0356734937105116,0.0460360934143508,0.0493340744757615,0.0595278949228035,0.0934439941258657,0.0640733826589476,0.0894316706998088,0.0634244889057669,0.0633867837214872,0.049241834121525,0.002877938420208,0.0,0.00304745405142,0.0035919251649598,0.0078568245872112,0.0035718437209455,0.0033949758667706,0.0312439433085023,0.0168135338308772,0.006328385222913,0.0119715196500003,0.036449166610601,0.0096263067882631,0.0236729911208408,0.0031530721602033,0.0051188480896424,0.0253730117876278,0.0059364374560733,0.0499720834930963,0.0863636085374643,0.116376175592233,0.118401519460912,0.1316648284476365,0.0312678440446418,0.0305431952373842,0.0356846354546593,0.0948611569693795,0.0303421820516884,0.0379210543496171,0.0767310461438617,0.1273544274341445,0.1119137049166729,0.1219565780194242,0.1575139792808944,0.1276985977047555,0.1349546867531756,0.1303345629400194,0.1374345209829943,0.1337457950254421,0.1423081955816272,0.0809589692891137,0.0826843625634365,0.0398661181714095,0.0517496140545432,0.0490369335863398,0.1463810386012785,0.1418810086466839,0.1299469421585728,0.0255708463281338,0.0275790626740803,0.0236714603832997,0.0168456901170737,0.0221842050479166,0.1011440822527491,0.0294082440542711,0.0193977170014942,0.0848278642325137,0.0170384659924804
326797_12_consensus,0.0449994880198802,0.1213604968005528,0.058967515672105,0.0656967672252246,0.0363866552484672,0.0136061941048115,0.0212869737556413,0.0223326008895545,0.1006724945235681,0.0256412379048658,0.0132822907674032,0.0131736184444646,0.0719009295523562,0.0432020928115122,0.1180340537977961,0.0549151955998681,0.0545553542274532,0.0341866437810187,0.0783362557458655,0.0620782180391064,0.1160024602861531,0.0342968394935363,0.0148203292831867,0.2267476294484502,0.1837274570427336,0.1816954176801619,0.2070535385105314,0.2011837373833822,0.1856999414894691,0.1486112744683234,0.1499713065278536,0.1789759124108538,0.017123252147523,0.022079017115816,0.0227565091983068,0.0181824996058033,0.0251757880364031,0.039693116944532,0.0235751699739541,0.0366959920559128,0.0336986796876797,0.0265039615660764,0.0209484524255252,0.0330164905845773,0.0323201833924038,0.0407577622560832,0.0694771184332827,0.0485507214510203,0.0584452918605329,0.0293343303021513,0.0491318993884428,0.0512819292724175,0.0622081429925724,0.0915404857325015,0.055367128950106,0.0905464781570106,0.0622005910247569,0.0676065102285354,0.0494215794846093,0.0031236162119929,0.00304745405142,0.0,0.0037672955539775,0.0115236914285929,0.0062573792449249,0.0023987622681493,0.0392501454579683,0.0218985324512788,0.0082744962013245,0.0158275007140753,0.0459526986916039,0.0139956718136264,0.0304659966967122,0.0041941648485623,0.0056215975534836,0.0323560404297751,0.0087869474753041,0.0429718773844873,0.0951669493081386,0.1266952418891085,0.1283836093268666,0.1416171033147124,0.0322549517476931,0.0281973945828761,0.0315562122491002,0.1023696669255578,0.0320318723936265,0.0337018958717045,0.0669122612411392,0.1404732391707961,0.1254857081283233,0.1361315409969794,0.1761359893472693,0.1424670724831429,0.1498162368807527,0.1430591644954484,0.1529771217022197,0.1480412950796665,0.1597520423090159,0.0939832358577268,0.0940166515848233,0.0459050616983134,0.0608151324597532,0.0563550150243479,0.1636042154286618,0.1588331007644701,0.1453762057564338,0.0288577880677634,0.0317712530463811,0.0310002962024915,0.0172552607452587,0.0234396499174396,0.1168231503870922,0.036890444243939,0.0201183653869216,0.0999796349101389,0.0190359514895606
326797_13_consensus,0.0375992947161529,0.1021033609774448,0.0501553398827425,0.0543488878227007,0.0310599587219355,0.0094451771725179,0.0140953036287738,0.0148817287891525,0.0805659693972584,0.0166567031272713,0.0103802272115727,0.0096684047541977,0.0541831784276283,0.0302270955222834,0.0967130673541367,0.0402091862111806,0.0398216853355926,0.0234251046429836,0.0600274267040363,0.0460872294669263,0.0941519293091248,0.0232401783436317,0.0097092899645021,0.2026830368713676,0.1612236685362642,0.1588365249281045,0.1844665514726191,0.178049402495442,0.1631685892135195,0.1247265540805102,0.1258745769663711,0.1534796086980341,0.0187777774093804,0.0274719885402241,0.0206529808585695,0.0214087093487185,0.0321265549521987,0.0322496468008584,0.0217082911902206,0.0477012299200128,0.0273162079292292,0.0233228373184157,0.0267905121893399,0.0336891140665676,0.0380967867885777,0.0319067632750522,0.0555735189427064,0.0395722903305175,0.0460711174090215,0.0309523360511114,0.0383166171960098,0.0406184292153373,0.0503406229507374,0.0805680234766077,0.0569640176512749,0.0769290845420451,0.0530046787572384,0.0543094666657895,0.0402080673148406,0.0023450502548563,0.0035919251649598,0.0037672955539775,0.0,0.0062015516134952,0.0047686515670504,0.002980276838663,0.0270447475315922,0.0130860676958111,0.0043943310570302,0.0098256515832915,0.0335134982829146,0.0078751691044978,0.0202791554662749,0.0026742847744225,0.0027074942457847,0.0214139903697105,0.004736203355125,0.0552212022609461,0.0779660902291823,0.1057690031573512,0.1075133187942167,0.1194304191104729,0.0286657273709893,0.0325474366255917,0.038438464590059,0.0845715310772163,0.0287124429830809,0.0412625402249524,0.0836763940782692,0.1176399705997957,0.1053028708040288,0.1145924281909716,0.1546508241861506,0.1213415530198611,0.1273047096061699,0.1201376364252091,0.1304349613311393,0.1251089964910301,0.1389595523442501,0.079700573515578,0.0772265964484386,0.0352619027920209,0.0493091292538272,0.0437730157155362,0.1423132609418411,0.137320823092887,0.1237542327657692,0.0231281216110232,0.0252336915408601,0.027312825843059,0.0202673293570549,0.0212689072126401,0.0982971560597638,0.0285003532981251,0.0193666049126033,0.083591345531663,0.0213328036217541
326797_14_consensus,0.0327714897016004,0.078997330864488,0.0434304649456294,0.050584625218832,0.0316698953222625,0.0121157993490985,0.0105420129576589,0.0138666243581369,0.0526435021508673,0.0109771872079784,0.0129975749008099,0.0134036124161349,0.0344320313735106,0.02050502582874,0.0657959850867957,0.0244853958613999,0.0238865437119759,0.0151556430067287,0.0388402185016873,0.0295911297111786,0.0639316490361672,0.01441125731235,0.0112706507090312,0.1605605738491888,0.1245098365064629,0.122052838296164,0.1448330202923005,0.1393703038247888,0.1261901400771883,0.0972336560173818,0.1005397955506861,0.1262454086205036,0.0323940327996146,0.0434587829108075,0.0251959753643005,0.0366588389349464,0.0502868555755329,0.0276635810792758,0.0271507710793654,0.0746043838936847,0.0242312254356118,0.0252169192063718,0.0458418734507004,0.0506766682377097,0.0594827233262531,0.0314502370159441,0.0431806764064308,0.0356496837047934,0.0367777647410809,0.0471821962617786,0.0316039346151049,0.0354806011046511,0.0435545850675831,0.0805223178640108,0.0768508578349926,0.0705167788356799,0.0543075413758664,0.0435536400996685,0.0384587453552551,0.0067491400234214,0.0078568245872112,0.0115236914285929,0.0062015516134952,0.0,0.0048140459669943,0.0102554194620614,0.0114298237463739,0.0044962869000988,0.0040939020350645,0.0046168961662509,0.0154904338489494,0.0024410667837093,0.0078622830050374,0.005625380485446,0.0049889513831713,0.0081971094328743,0.0026572125954666,0.0810383816050555,0.058631377249612,0.0812117017674172,0.0827457552844288,0.0943361363263797,0.0312626000393416,0.0461279027295917,0.0568696367964971,0.0667395449332577,0.0310943679742221,0.0600555060983785,0.1161305793504174,0.0876443122892975,0.0763428064884133,0.0843117127176036,0.1167149807809408,0.0892309335807173,0.0941837296981917,0.0900608414942505,0.0968497884889547,0.0932064202546527,0.1035510568287616,0.0567375629335229,0.0541966782987248,0.0260977300202416,0.0349264944301488,0.0307553399896622,0.1064766898641966,0.1024281018941826,0.0911238794564237,0.0212117667742983,0.0214116839611664,0.0207640088805431,0.0289726629030724,0.0260367468484545,0.0680942272496425,0.0189152254223321,0.0258343012955437,0.0559571847664948,0.0276675050802674
326797_15_consensus,0.0381283937761072,0.099503076882236,0.0501776806481641,0.0633666113590685,0.0350688040422086,0.0132501124954131,0.0144891823496244,0.0188179656182425,0.0726435774886207,0.0178807690328959,0.0115403580320485,0.0134088177015545,0.0520889735538627,0.0328884115091652,0.0877478234832906,0.0395005220248778,0.0376636019707223,0.0240398953195217,0.0578582650362085,0.0453415785207464,0.0869253837945969,0.0241831658940521,0.0139510127133348,0.181454584263256,0.1459361137215804,0.1436080588887129,0.1649591383090083,0.1601658725701629,0.1472505687470331,0.1243606715676257,0.1287562051351694,0.1561321920848088,0.0262095230822838,0.0311297033100634,0.0225076940764381,0.028341053576816,0.0364732270034107,0.0315463475949071,0.0234556769243363,0.055812796401427,0.0265575857375814,0.0236187822168156,0.0345849183681439,0.0508930082261223,0.0527858487620989,0.0423715503210884,0.0601226113107227,0.0469531329489907,0.051843488520193,0.0455701287391852,0.0445383418999929,0.048945608568613,0.0589821654794437,0.0983561823141281,0.0780370590815273,0.090236856381181,0.0675660728679226,0.0605658720378325,0.0507253250875185,0.004558549259281,0.0035718437209455,0.0062573792449249,0.0047686515670504,0.0048140459669943,0.0,0.0062113041502183,0.0226950901719584,0.0117174549062957,0.0063766981838604,0.0097904680300544,0.0270481358646375,0.0063588247796957,0.0173854134789301,0.0040519691877287,0.0057592668984796,0.01815020370592,0.0042080288100123,0.0618952719613554,0.0759795347755289,0.104093089223137,0.105737594381468,0.1188947698102111,0.0318869762209788,0.0362579929608655,0.0436403703871093,0.0865791670927897,0.0305549537719604,0.0463005388321819,0.0924207952732061,0.1111058086045808,0.0953945821682635,0.1051095917782269,0.1352793874020852,0.1103151044639751,0.1162768208403317,0.1143541509095689,0.1185111821084232,0.1161647956255951,0.121519262024722,0.0665332114962637,0.0691736361471377,0.0336330529639852,0.0423430843823133,0.0411874689333675,0.1258531949462717,0.1214742231527559,0.1110720385748971,0.0266055442113666,0.027099422225417,0.02056952155095,0.0219276184141836,0.0262043174210031,0.0867016943048986,0.0252193568290577,0.0243858739107842,0.0712340374288995,0.0197902977368817
326797_16_consensus,0.0441889170154352,0.1182907908364834,0.0582155253989089,0.0636897199677308,0.0360383774655268,0.0123036658382638,0.0196721347366519,0.0202493022994421,0.0970007539715345,0.0235286508988759,0.0123026989117391,0.0120726019143075,0.0678063434474358,0.0397344037007929,0.1146445434616882,0.0522355880893901,0.0512520011116786,0.0318027469956287,0.0745250517633566,0.0584394592234964,0.112081599680331,0.0318307308979157,0.0135866310809014,0.2218877571955806,0.179726948967442,0.1774506823808401,0.2029949221145885,0.196718738284642,0.1814744830019776,0.1446768701496887,0.145807337811723,0.1751594124806503,0.0172657595588656,0.0237150458840478,0.022514358118344,0.0186029047421953,0.0272131426217807,0.0384338047185242,0.0233198206265532,0.0389318875164059,0.032742301933748,0.0263458253716803,0.0222896810305117,0.0327887776008619,0.0339504486637896,0.0389720965853337,0.0676648431148976,0.047808062845096,0.056735113396086,0.0299004637910984,0.0476597267694787,0.0496890673021734,0.0604467567333522,0.0899266158306728,0.0558245184457106,0.0885990424285259,0.0606445291695365,0.0657565938871389,0.0481388087304672,0.0027043649016125,0.0033949758667706,0.0023987622681493,0.002980276838663,0.0102554194620614,0.0062113041502183,0.0,0.0366656420969153,0.0197273803779642,0.0074673303798471,0.0151713006149387,0.0438841464512558,0.0126941258482267,0.028671013439621,0.0040541253908017,0.0046037256974216,0.0300487221965584,0.0081869048263483,0.0475642467070196,0.0929733528995262,0.1235501845413571,0.1254320421971604,0.1382530191586219,0.0331797319243261,0.0311829532689387,0.034974841180472,0.1000838468777445,0.033124076658991,0.0373365008100821,0.0730105507980392,0.136470853770823,0.1223148279027936,0.1325549112367809,0.1733379018070078,0.1396288809050991,0.1461608528525175,0.1389180476196987,0.1493132742768512,0.1441419896056919,0.1570350714524941,0.092531614062346,0.0915469542444027,0.0443321655504505,0.0594443743466772,0.0546045799471111,0.1609253523404072,0.1556937587132809,0.1418583341931309,0.0288362435581746,0.0316361557713156,0.0322390854679159,0.0194401192080881,0.0241094076571419,0.1146791672597684,0.0363286262496327,0.0209843543898093,0.0981232409669425,0.020936630800465
326797_17_consensus,0.0381775803586368,0.0524580687492886,0.0456444154134771,0.0510018302423578,0.044000804146508,0.0274421888327625,0.0168832378072272,0.0218603554716079,0.0208624859655763,0.0132118907219798,0.0303081242767309,0.0304455840067792,0.0133594232174028,0.0140870497019269,0.0291369357858553,0.0100103162536182,0.009670670614307,0.0125302859622244,0.0149542897886068,0.0131839231459718,0.0273774912417303,0.0110341164066953,0.0244307926089204,0.1135899433209672,0.0825337403442088,0.0797976501415345,0.1008539027710488,0.0956227867202281,0.084522193018329,0.0600957211173893,0.0641667426084193,0.0865605601772232,0.0637723532054641,0.0816679492049941,0.0445846652892409,0.0711883527398358,0.0922159872509027,0.032758733750283,0.0477698456394426,0.1286662061356693,0.031712323693771,0.0409260324135143,0.0870034469431528,0.0842495873286388,0.1029035806358482,0.0383224435561579,0.0327635823310963,0.0388160121615275,0.0309237394511052,0.0808643025156126,0.0303106443423581,0.0357742660199846,0.0399546625936402,0.082839206269293,0.1125583055727199,0.064220044563803,0.0606487598828167,0.035256554941542,0.0434544864600798,0.0289231552109594,0.0312439433085023,0.0392501454579683,0.0270447475315922,0.0114298237463739,0.0226950901719584,0.0366656420969153,0.0,0.0055303485846218,0.0177733977465042,0.011379907551885,0.0034588181394399,0.0093635060943437,0.0034489383571632,0.0252068480051761,0.0225301165579185,0.0025899489888647,0.0149357353818873,0.1345669948114638,0.0366675059671601,0.0493384234314149,0.0511258104071208,0.0606416406410961,0.0460188543053128,0.0801791477512789,0.0979651807235448,0.0446938202185123,0.0460276895090698,0.102359397555892,0.1803888653545957,0.049683693450369,0.04335272624514,0.0481422146344758,0.0745228364945704,0.0522090548055835,0.0545027351212068,0.0516726744031066,0.0564415167192677,0.0533727200855569,0.0645869791470294,0.0374528340667312,0.0312337063269811,0.0229824559811193,0.0264483605877874,0.0216761659086532,0.0661937894159576,0.0629262004102324,0.0532329781444786,0.0296859800746398,0.0273557484697191,0.0287736585868705,0.0577998301786655,0.0443982153948834,0.0359294334419093,0.0181376610566079,0.0475106363194086,0.0293028562845103,0.05422148441491
326797_18_consensus,0.0308487554871756,0.0625165112543122,0.03979410866516,0.0441943735618597,0.0323604578077434,0.0151453561324146,0.0102107101995674,0.0131429955094981,0.0362759735571636,0.0084988603510751,0.0173729461059419,0.017263842497039,0.0213131539663722,0.0131964421222736,0.047885159080641,0.0147318082885021,0.0141951901340942,0.0103428502142834,0.0247402867950832,0.0184476325203757,0.0453570578776325,0.0092306818705836,0.0134952600046442,0.1396725822267228,0.1042509466588965,0.1014303194803751,0.1246062409820245,0.1183975898746307,0.1059456767027695,0.0771821683538505,0.0801587227485471,0.1052053309852842,0.0420237838051473,0.05750979625238,0.0300720811348886,0.0476926954091521,0.0662983231087519,0.0263617519162657,0.0325324557866917,0.0951454832255782,0.0241214845649277,0.0292807328413635,0.0605890107417046,0.0605369405982951,0.0756461672795758,0.030403706248129,0.0357033890250484,0.0339801884620349,0.0307306792839607,0.0582076325484255,0.0277290833209029,0.0320975089159683,0.03783162014963,0.0758248500176543,0.0876473092899354,0.0627418258422132,0.0521045507748283,0.0365712052516666,0.0368883122624845,0.0144921140231693,0.0168135338308772,0.0218985324512788,0.0130860676958111,0.0044962869000988,0.0117174549062957,0.0197273803779642,0.0055303485846218,0.0,0.0077331939101137,0.0057001533866412,0.0090122876813625,0.0037525401344664,0.0040973641343491,0.0125138588989477,0.0101947773467117,0.0038438212897702,0.0063835760675869,0.1030823624184282,0.0460045249629477,0.0635481813905451,0.0659211062231586,0.0764717035417597,0.0351941968553228,0.059561267542576,0.0729177858033764,0.0529911355058665,0.0353307738889503,0.077129171464696,0.1435033116862891,0.0670121705429132,0.0589111024339947,0.0651759479743034,0.0973365068225522,0.0702539583151731,0.0738147980652748,0.0689539735030155,0.0762370716153677,0.0721408429673218,0.0853996942022448,0.0466160042532663,0.0410051626100651,0.0210015112061592,0.0284489188320682,0.0230972184381723,0.0875831973830321,0.0834168140116666,0.0719506827713081,0.0228771653080235,0.0221081923057981,0.0250377222216258,0.0409327504150445,0.0319355514845893,0.0542525802880247,0.0177226837424564,0.0332176845202756,0.0449378788373753,0.0389296801421856
326797_1_consensus,0.0334679543601987,0.0857114419994129,0.0450391563122591,0.0463185038481093,0.0289548385171594,0.009196474281623,0.0103742507533599,0.0117777790023998,0.0619283435123438,0.0112985123767739,0.0116031015700084,0.0103013493919466,0.0399507829610916,0.0215900518814731,0.0751189417920121,0.0269829258938809,0.0279703255542838,0.0155910616599994,0.04353351905125,0.0330126016022909,0.0730731764991086,0.0154751326386204,0.0080066842607751,0.1862604238932164,0.1429406992865161,0.140848798094626,0.1670984118548659,0.161066560787721,0.1458635581280827,0.1030701391977944,0.1033887184945205,0.1294121669234202,0.0260914500269775,0.0380839476223853,0.0236618132078563,0.0301110455375042,0.0439111329635544,0.0306725938911647,0.026311866050281,0.0650959499786125,0.0257814894938537,0.0251471296331411,0.0375215764462124,0.0367535560913196,0.0441688219989355,0.0240289293418012,0.0394798334487989,0.0284525940727533,0.0320436150709255,0.0331708931142973,0.0267535522469053,0.0293903974666696,0.036023250513872,0.0658646112638008,0.0568714284429745,0.0598714049738431,0.0416819688284864,0.0388471268590757,0.0304354052990749,0.004767042423853,0.006328385222913,0.0082744962013245,0.0043943310570302,0.0040939020350645,0.0063766981838604,0.0074673303798471,0.0177733977465042,0.0077331939101137,0.0,0.0041663279019177,0.0218967563804639,0.0041173702714667,0.0114926287946124,0.0036228112107972,0.0032711427429985,0.0133440134671074,0.003266514971739,0.0677053429331433,0.0611590098879935,0.0849358339394044,0.0871007218257453,0.0976381095130731,0.0251805287843165,0.036972067830427,0.0460340584798411,0.0663558199948406,0.025933103786059,0.0487315330959345,0.0993578628868254,0.0975752321946412,0.0878850254632928,0.0957514693695973,0.1356293972929378,0.1011653500956475,0.1076485327668024,0.0994927964527239,0.1107147125213732,0.1048184761317685,0.1207518015740722,0.0682903307294564,0.0634389776330834,0.0283946914983692,0.0410660414274062,0.0340111442026342,0.1229867034379035,0.1186959865576851,0.1054356495073518,0.0161749211709878,0.0179188176439861,0.0223572360339501,0.0228741480081167,0.0185922145490495,0.0781430156925599,0.020181370360877,0.0177584569349642,0.0661879705029164,0.024456767387301
326797_2_consensus,0.0295086871457535,0.0697590114405013,0.0391016504299344,0.0403835194107209,0.02772516940575,0.0151730961728819,0.0124787356782114,0.0151669643996639,0.0484789551187017,0.0116885302574001,0.0185197929156171,0.0170998341286363,0.0320971411271759,0.0198352743054996,0.0589330203542699,0.0198911872517006,0.0223445466930369,0.0144674552234977,0.0335893717071549,0.0269658057374098,0.057503085720282,0.0136336654755142,0.0120500027116339,0.1657606739518353,0.1238103771349763,0.1223614230361391,0.1476340115528662,0.1423477599901348,0.1270288159667085,0.0832270770546932,0.0848143339616376,0.1074531587856233,0.0369877049948845,0.0505061670835438,0.028823941416916,0.0424486345841099,0.057431371008441,0.0301055676257604,0.0325353023943728,0.0849975794485509,0.0262763215882735,0.0287618211228393,0.051307345639616,0.044557599473789,0.0541562595076978,0.0208752599034784,0.0280775904804269,0.0217632159460139,0.0231829241618655,0.040158652608941,0.0191101436241103,0.0224726408309701,0.0283470602454887,0.0592710665284723,0.0644102614189154,0.0502257522571154,0.0381941759708128,0.0283443008917245,0.0251952161904318,0.0103698297780949,0.0119715196500003,0.0158275007140753,0.0098256515832915,0.0046168961662509,0.0097904680300544,0.0151713006149387,0.011379907551885,0.0057001533866412,0.0041663279019177,0.0,0.0135602138427524,0.003879723650173,0.0058777938346885,0.007879845733913,0.0074272841893403,0.0080421160895749,0.0041224269057789,0.0835986340106273,0.049233892767238,0.0692669592306423,0.0704863724423496,0.0807998853606823,0.0261099640823889,0.0445448740898042,0.0572321837778551,0.0534363602640644,0.0269610220856382,0.0599482855709805,0.1177650661912972,0.0797827058505191,0.071470755827975,0.0784634077392816,0.1151472548480514,0.0813464558718966,0.0884872266967002,0.08143877945633,0.0921622151223724,0.0864470325096906,0.1010669515450048,0.0560589602650756,0.0501088926986277,0.023635060801026,0.0337219589333495,0.0260529223877235,0.1023902895700352,0.0994670641406632,0.0871916397020573,0.0129641364374935,0.0138709046387281,0.0180985858930728,0.0271929128730148,0.0199767294613835,0.0594433934698885,0.0141598328440455,0.0209423321146839,0.0495164571869981,0.0282829282915697
326797_3_consensus,0.0416549027161874,0.0517797593072879,0.0483851477836028,0.0555988921152756,0.0489969638688512,0.03404836162973,0.0211664364821153,0.0277600695901334,0.0178343347512486,0.0176167398236968,0.0366190385112812,0.037242581536911,0.0144866797642517,0.0185836136491381,0.0238057206576112,0.0110009054622182,0.0111379354253449,0.0155053430541567,0.0145436632132245,0.0147268057463314,0.0235287795578775,0.0147617612792494,0.0302421766219396,0.1095659114666212,0.0786344569910424,0.0761481633738938,0.0963323041463501,0.0920155844220884,0.0812492242744822,0.0570520248771897,0.0620337915187887,0.0830817061358626,0.0735314319961197,0.0905407426956328,0.0510321317410209,0.0811521164778978,0.1014156528220429,0.0380673577843539,0.0552970941747643,0.140911398917221,0.0361018625308426,0.0467309838000185,0.0972531168098536,0.0939049220856294,0.1114787073233092,0.042206987807507,0.0309293478491161,0.0394769868026347,0.0307634426360996,0.0887171606028847,0.0311951904254046,0.0374642007577463,0.0403109437684952,0.0857764545616195,0.1207569873218972,0.0650145045862249,0.0637833155991121,0.0347738550113501,0.0462094252344513,0.0350403755447494,0.036449166610601,0.0459526986916039,0.0335134982829146,0.0154904338489494,0.0270481358646375,0.0438841464512558,0.0034588181394399,0.0090122876813625,0.0218967563804639,0.0135602138427524,0.0,0.0125819849942487,0.0044838764674945,0.030304583773713,0.0288779108350967,0.0044872155664013,0.0190219288152686,0.1414423116890075,0.0336904322321283,0.0453254551247459,0.0476064991005911,0.0566946271401143,0.0481409761574873,0.0839452539574523,0.1030781335632857,0.0422860818970196,0.0476770324545068,0.1072986761865015,0.1877069374308702,0.0460405642726895,0.039310488164812,0.0437526584867509,0.0666233590695712,0.0459337248520688,0.0492735665930696,0.0482699237735024,0.0512156071711693,0.0488492860763525,0.0572090576104624,0.0334933320188941,0.0287817679539124,0.0244906966621041,0.0257387716496673,0.0218148927109309,0.0587929534195872,0.0561540416404175,0.0479905267662559,0.0304620816273608,0.027351358253072,0.0264595826295783,0.0603349129431176,0.0465533456088049,0.0277733242125446,0.0166462879320672,0.0500100105445211,0.0221032918984347,0.05607498976123
326797_4_consensus,0.0329212294125014,0.0753624286333698,0.0433431084684245,0.0493221993683121,0.0322468038990422,0.0124037426632046,0.009631231426832,0.012956976432001,0.0468533075797621,0.0096085338717983,0.0138264608519884,0.0140753296844637,0.0302014216213519,0.0181199491966363,0.0590394449763014,0.0207522999353937,0.0203388855043424,0.0127133464276205,0.0337190699556071,0.0255824391457268,0.0572928970619406,0.0122327623836451,0.0111153488655455,0.1578326404932655,0.1207889587556589,0.1182769739673972,0.1416254632259219,0.1359871775887269,0.1229617512459775,0.0911904677137585,0.0938643231531113,0.119029134326869,0.0353656408957476,0.0474492811293902,0.0267731321995068,0.0398236873370558,0.0546809222823156,0.0283467174436253,0.0290723004968986,0.0805701033448338,0.0244363043256434,0.0265006760455577,0.0499356545598255,0.0530919591058918,0.0626294032706891,0.029998170815114,0.0390051467888366,0.0331195352653868,0.0332198886545755,0.0489607838923857,0.0288973694234684,0.032991736564691,0.0397881198554408,0.0768844050606603,0.0775964349874742,0.0660950810487275,0.051345155403391,0.0398587932553615,0.0366725477701042,0.0085825885827865,0.0096263067882631,0.0139956718136264,0.0078751691044978,0.0024410667837093,0.0063588247796957,0.0126941258482267,0.0093635060943437,0.0037525401344664,0.0041173702714667,0.003879723650173,0.0125819849942487,0.0,0.0059078411605426,0.0066528653371342,0.0062049763952289,0.006737243326647,0.0031068728108367,0.0853874732800461,0.0535966405058472,0.0749178590780506,0.0768314673566719,0.0876720843173402,0.0306532739123852,0.0477754297339174,0.0593677391560349,0.0611783510460579,0.0305260473281281,0.0626656629861717,0.1213850322440892,0.0811075347188836,0.0709686728960328,0.0782427764500246,0.1110714186876027,0.0834068136580379,0.0881999794809411,0.083607567609075,0.0906367534125998,0.0865134325340237,0.0981094786797509,0.0533111010507845,0.0501078894618061,0.0238807029944165,0.0322790684311042,0.027704980576205,0.1007151208908956,0.0967706713038545,0.085398309478295,0.0193117071544524,0.0191597376212362,0.0196307826774244,0.0302025585732828,0.0249886815276401,0.0617138863396231,0.0163839200240829,0.0251904298634508,0.0506189534963796,0.0287919085647452
326797_5_consensus,0.0325728715719675,0.0546253003113772,0.0404395883604564,0.0440372129921895,0.0358723820933049,0.0225373803647155,0.0144574859517936,0.0185366379892641,0.0279604772929165,0.0114349150155224,0.0257949375826305,0.0254241267993862,0.0178729430940514,0.0147929996300844,0.0364432441597664,0.0111148914280985,0.0122104610869699,0.0117075779749162,0.0189968144924899,0.0160996183827597,0.0348138812094918,0.010498966314973,0.0189771023496261,0.1300533956536362,0.0946224167636025,0.0923424341694971,0.1150923422462959,0.109993853584112,0.0971863665417034,0.0641209216670999,0.0673821694931824,0.0890622561426965,0.0543544653765932,0.07087783300737,0.0383415277219443,0.0612594315170582,0.0802183340124713,0.0307516572648189,0.0419950926860543,0.1143874190073184,0.0286064023513032,0.0358846294701669,0.0746997363249653,0.068588260286778,0.0842151061502907,0.0291560313111451,0.0267215263133859,0.0289254550908983,0.0242812540428403,0.0646256777642086,0.0227357528144516,0.0273708309382101,0.0318432086068245,0.0699693382977857,0.0931212326131669,0.0545750205715034,0.0489653137958852,0.0285183654480114,0.0333935082586016,0.0215795114024643,0.0236729911208408,0.0304659966967122,0.0202791554662749,0.0078622830050374,0.0173854134789301,0.028671013439621,0.0034489383571632,0.0040973641343491,0.0114926287946124,0.0058777938346885,0.0044838764674945,0.0059078411605426,0.0,0.0180380034774874,0.0162591652152164,0.002628248278456,0.0097713765205096,0.1158670933510279,0.037420714113491,0.0520253314350931,0.0536755963502333,0.0632832776531575,0.0364357967673383,0.0656917075156133,0.0822430870898358,0.0433587269527198,0.0368240878355266,0.0861217209984595,0.1573867157240887,0.0563538574018647,0.0498381545891692,0.0551152131629057,0.0853979544143825,0.0582947719912354,0.0627011433245892,0.0582182498774397,0.0654339933555778,0.0612361170344648,0.0739313975749365,0.0411892150385639,0.0346846273912158,0.020878238655734,0.0264039450841426,0.0204429389640443,0.0751658849163945,0.0722863116807097,0.0616807452319871,0.020649403348111,0.0194160569955208,0.0224525089831493,0.0450818153438907,0.0333498868136459,0.0399548676580634,0.0138395081102027,0.0358654338579889,0.0326943642556836,0.0433018602630692
326797_6_consensus,0.0380090608192418,0.1009428424924658,0.050693332552651,0.055475478648824,0.0318400934925096,0.0096940348411322,0.0131980414421546,0.0148692532406196,0.0762956712311382,0.0159170437613536,0.0107223941161151,0.0101095524450398,0.0521795445793689,0.0297600749882862,0.0912088698927231,0.0377138092023887,0.0377991476606842,0.0220194590490159,0.0570460296252015,0.0439629057798187,0.0894902936015178,0.0221233365637303,0.0095512254427836,0.2011324928979281,0.1592504041231839,0.157015337464637,0.1824785025663038,0.1767832029988039,0.1617134653439249,0.1215216903525675,0.1224986034864645,0.1492457979364445,0.0215085401142793,0.0297365502412816,0.0223186163592412,0.0242894790523591,0.0344538499714008,0.0336288982867305,0.023721613067666,0.0514231307878763,0.0279809340401762,0.0243875849737555,0.0294482060421588,0.0352480718825809,0.0380526781758003,0.0306339998241345,0.0511986669047246,0.0360445334040857,0.0423134525910695,0.0307393220429732,0.0351505061988559,0.0379161245148846,0.0468245058947829,0.0778753763967916,0.0567044207950209,0.0734376020664377,0.0505690579541839,0.0505153029056675,0.0381007490958893,0.002794786368236,0.0031530721602033,0.0041941648485623,0.0026742847744225,0.005625380485446,0.0040519691877287,0.0040541253908017,0.0252068480051761,0.0125138588989477,0.0036228112107972,0.007879845733913,0.030304583773713,0.0066528653371342,0.0180380034774874,0.0,0.0031304805504168,0.019900003204933,0.0038967954013138,0.0546495006707674,0.0738777278048115,0.101643080444318,0.1032106786473052,0.1147130264895635,0.0263247754692717,0.0306842999465493,0.0373546521033887,0.0807475414188889,0.0263087369429406,0.0397026252351402,0.083017465848429,0.1148409200471967,0.1023857253542921,0.1114780765854099,0.1503614250107494,0.1174934192817724,0.1240848747834491,0.1174783482131323,0.1271498762160225,0.1220003491478749,0.1348558035162783,0.0767935982841363,0.0750203045909208,0.0345057766364558,0.0476652424761976,0.0423187541198348,0.1379778208923827,0.1335362566263436,0.1206441765416608,0.0199183427843969,0.021850065503826,0.022801589575625,0.0179726912343571,0.0185744226733266,0.0913752328907877,0.024508020796123,0.0169682192401978,0.0771643167369742,0.0189258911965435
326797_7_consensus,0.0347021758793522,0.0931084532645805,0.0466871866544877,0.0486426517753786,0.0288895666644144,0.0085597366805583,0.0122085132970903,0.0126245092957475,0.0722312984399842,0.0134331993108167,0.0105247906896659,0.0092886115425674,0.046870114358632,0.0251147535341429,0.0875633617837312,0.033583194545308,0.0339393350336996,0.0196284008156215,0.0520487167546939,0.0393970641022152,0.0846179640614108,0.0189902254595448,0.0083073932345261,0.1941096142379708,0.1515580995959595,0.1493235038047702,0.1755508052058427,0.1690644912217047,0.1537165543757526,0.114299284120217,0.1149685268134419,0.1422061476135709,0.0207193138772465,0.03190490553055,0.0212237344432226,0.0241337068401898,0.0369594781732445,0.0300491174340784,0.0227761281176483,0.0546961798431766,0.025783502108057,0.0233281335465278,0.0306234587758558,0.0332883679637197,0.0403175382168168,0.0276123482668291,0.0486915069275122,0.0347006162852494,0.0397459893880709,0.0312469847974323,0.0329822208294965,0.0350749172772655,0.0437901609736339,0.0726647929675339,0.0559485435749325,0.0684289518635239,0.0472681457937325,0.0472430637101446,0.0351466887671962,0.0030638642791807,0.0051188480896424,0.0056215975534836,0.0027074942457847,0.0049889513831713,0.0057592668984796,0.0046037256974216,0.0225301165579185,0.0101947773467117,0.0032711427429985,0.0074272841893403,0.0288779108350967,0.0062049763952289,0.0162591652152164,0.0031304805504168,0.0,0.0173432432254383,0.0039175158496984,0.0616782298940989,0.0702932044131792,0.0957704546947528,0.0973068905406941,0.1087332230086435,0.0273208577472807,0.035395742868828,0.0427702854208718,0.0758070109591146,0.0279599289097722,0.0455236291348928,0.091893931532029,0.1084131833091923,0.0979365995304455,0.1065448341813324,0.1475301293410735,0.1129741091930967,0.1186359411236726,0.1104535913453457,0.1220968597860157,0.1161355020523036,0.1320763361456496,0.0761660756368467,0.0713706912262814,0.0325174683569073,0.0464614161822529,0.0397116913597566,0.1347395375286542,0.1300546381385086,0.1160554712588668,0.0209822164407773,0.023152779578071,0.0277442964478362,0.0233479508765048,0.0213385350425516,0.0914513478535692,0.0265005021370718,0.0201001180229152,0.0781239420487001,0.024840483783926
326797_8_consensus,0.0327748938478134,0.0525833528650476,0.0404691396649816,0.0456055809340938,0.0371457118488525,0.0232816486751108,0.0147201408390813,0.0190167256845219,0.0259940883050404,0.0113922138203337,0.0261214965625171,0.025969411441995,0.0160647626418564,0.0138554723462318,0.0351096396254044,0.0110129550624975,0.0112242212309361,0.0118439059925883,0.0180440037482751,0.0149849599313274,0.033133722691458,0.0102399568560436,0.0202566529036403,0.1206498729263092,0.0873381923748608,0.0850036016042441,0.1066578332543537,0.1012523035454435,0.0893275813342695,0.0630580411128223,0.0672470088111127,0.089862939036772,0.0554192997204099,0.0720877042423415,0.0380783195598226,0.0622605978106385,0.0816794387483401,0.0287432792492694,0.0412809523024426,0.1164394784835298,0.0275391468764016,0.0354061515496724,0.0766660207569422,0.0735307322136016,0.0909700576038563,0.0333362378910315,0.0312189594038736,0.034392716633004,0.0286729137281307,0.0707399020611507,0.02695668547784,0.0319529343383617,0.0370292586120619,0.0772860189419351,0.10125615355334,0.0606890410111269,0.0553195380084616,0.0329735933941917,0.0384289521729144,0.0230670508679899,0.0253730117876278,0.0323560404297751,0.0214139903697105,0.0081971094328743,0.01815020370592,0.0300487221965584,0.0025899489888647,0.0038438212897702,0.0133440134671074,0.0080421160895749,0.0044872155664013,0.006737243326647,0.002628248278456,0.019900003204933,0.0173432432254383,0.0,0.0109279402956836,0.1221917432227233,0.0380160421971371,0.0521546483600845,0.0536977225063672,0.0637287167732214,0.0401929244318974,0.0709820244454881,0.0876923153672795,0.0452269813461247,0.0405532475539862,0.0919021752474691,0.1654805088320046,0.0533344208113097,0.0465749056868416,0.0519480413637563,0.0802441267542395,0.0556174684015573,0.0588279672734639,0.0551940281875378,0.0613438513329862,0.0577370833507844,0.0694884860706572,0.0383523189844012,0.0321699715252776,0.0203121153559102,0.0249290525024337,0.0199954379281823,0.071066978344783,0.0678263759246506,0.0575770030919997,0.0258685093462229,0.0241889420741712,0.0262997168437078,0.0508660954859063,0.0392581841268224,0.0411290928331293,0.0172830396610663,0.0418781556174172,0.0337036313735472,0.0483324643865961
326797_9_consensus,0.0306556246218825,0.0812159355780686,0.0416499991111072,0.0477363552466201,0.0280638419291623,0.0115949582728944,0.0114869893220577,0.0142285118453981,0.0591181139994674,0.0122846791550639,0.0127624179783989,0.012826877322059,0.0395736282740557,0.0234686369491088,0.0723435390353124,0.0274965059049492,0.0278318353570101,0.0170674747816228,0.0434935194289476,0.0338556359448318,0.0705175658919579,0.0163705033199015,0.010440980204871,0.1708836879903659,0.1323189116486354,0.1303307503357835,0.1538568975859489,0.1485437761585988,0.1343684649507315,0.1003110594420508,0.103174534411238,0.1281894613342098,0.0277043259573446,0.037799006475681,0.0222105837462853,0.0315444751508824,0.0437303878986483,0.0270176566777138,0.0243455605561822,0.0666999073391076,0.0231898928953366,0.0228435691045882,0.0392336409989937,0.0439591027888202,0.050772812150944,0.0286759449757436,0.0423466594172294,0.0324797019570111,0.0356136524715076,0.0399187798102573,0.0296317729634214,0.0332451452057283,0.0415337712903518,0.0756045039391137,0.0679875850892681,0.0674139994978979,0.0501018867814284,0.0423128519579689,0.0351770330251959,0.0050094992470359,0.0059364374560733,0.0087869474753041,0.004736203355125,0.0026572125954666,0.0042080288100123,0.0081869048263483,0.0149357353818873,0.0063835760675869,0.003266514971739,0.0041224269057789,0.0190219288152686,0.0031068728108367,0.0097713765205096,0.0038967954013138,0.0039175158496984,0.0109279402956836,0.0,0.0708001269764508,0.0600904302689144,0.0838535563482603,0.0851194457328494,0.0967727595725058,0.0267138254700478,0.0384379536427346,0.0485164741948684,0.0671196468077237,0.0267011422663472,0.0514547916977186,0.103255695401522,0.0926316454143645,0.0812169344232316,0.0894788750154411,0.1238147449730995,0.0940176088602786,0.1000189328229463,0.0948902636179003,0.1030873702826751,0.0987611899773384,0.1098765799657943,0.0599611513949032,0.0572964796903958,0.0261488089349022,0.036063125189834,0.031224138228783,0.1125867815082788,0.1087324354417873,0.0969801660371469,0.0177934379390718,0.0185671247149912,0.0188104628638363,0.0233619698492448,0.0212553519452569,0.0722050120304613,0.0182309659884518,0.0208505287750977,0.0596144098114432,0.0228778676885106
326907_11_consensus,0.1054446912146591,0.2231161948367361,0.1213317542008605,0.1289557901207327,0.0848698138661108,0.0637768781979604,0.0823791912098199,0.0806316471936039,0.213232298528923,0.0940100381182222,0.0608664157797527,0.0605848373636952,0.1734639085210352,0.1249060703357045,0.2333822517991421,0.144729679575585,0.1453234158637233,0.1064800278052997,0.1805168362757463,0.1547367206171426,0.2343993102088148,0.1100382391192846,0.0654703305706316,0.3673804001791918,0.3084740415248799,0.3071647959653187,0.3368935729361721,0.3312091571361151,0.3112900895214947,0.2544805894515702,0.2514715129689167,0.2820855127492381,0.0381306451476994,0.0307100529166488,0.0605342758613813,0.0353477763500258,0.0286468441841201,0.0996558819151713,0.0606944160191211,0.0227270276288056,0.0878728501689343,0.0682410937372539,0.0261083028897548,0.0548167768286091,0.0360827199988857,0.0992378900009534,0.1464836643205593,0.108434701372861,0.1310154503123275,0.0481480539703902,0.1172953514294423,0.1177947400583372,0.1300970331257005,0.1474643325415181,0.0662464402705804,0.1574902033827099,0.1135307098256142,0.1437145177401912,0.1079823946688636,0.0524063272733323,0.0499720834930963,0.0429718773844873,0.0552212022609461,0.0810383816050555,0.0618952719613554,0.0475642467070196,0.1345669948114638,0.1030823624184282,0.0677053429331433,0.0835986340106273,0.1414423116890075,0.0853874732800461,0.1158670933510279,0.0546495006707674,0.0616782298940989,0.1221917432227233,0.0708001269764508,0.0,0.1608294721838659,0.2071352815056242,0.2075575392784454,0.2194780547738304,0.0468075732337665,0.0145381907606161,0.0072863999275964,0.1668978635771285,0.0448251788412426,0.0065833946815203,0.0073530966894121,0.2528887967267623,0.2329972807361739,0.2461680932949237,0.2968780809203526,0.2545471494476228,0.2666936231297105,0.2570468678280093,0.2696217461546082,0.2634761057546786,0.2757087865851568,0.1836803180295092,0.1893348585629777,0.1122540502775457,0.1343618240704689,0.1303161364921568,0.280341265206264,0.2745824826372054,0.2599971162442065,0.0746111709973567,0.0805475096022156,0.0804274031616305,0.0337140627790288,0.0516817425215343,0.2206758953339092,0.0978104552275667,0.0454443838251439,0.1984182323854773,0.0398291195187132
326907_13_consensus,0.0558645165707867,0.0406612128705825,0.0573315390428001,0.0529869758458581,0.0631287297259728,0.0666182968921615,0.0499690056605661,0.0530653225552288,0.026918902214553,0.043204939610403,0.0738096716473055,0.0706063516656385,0.0274074099696592,0.036912549053615,0.0281319260210706,0.0253612595799808,0.0287851010962905,0.0368070021463058,0.0233592522177481,0.0277768053903653,0.0276377012707769,0.0363487657899614,0.0581829381454701,0.1122999784768845,0.0698128644906317,0.0676533836858848,0.0919163526432838,0.0865370994051897,0.0733433147375492,0.0288669284834783,0.0285335289046102,0.0449036055170619,0.1014106746046712,0.1250284735579896,0.0745168245532195,0.1125142207103815,0.1364887356644857,0.0535331050122582,0.0805193732134652,0.1827905115099195,0.0527245255680455,0.0678433223479828,0.1300687744964088,0.1158026951688873,0.1413962530315267,0.0535753406221104,0.0337734680100734,0.0504915138512114,0.0368519428220217,0.1134530390735228,0.0414160262084113,0.0465792593957008,0.0438211495531692,0.0781601885280665,0.1355509752959793,0.0550005281829273,0.0644127345468703,0.037349773278958,0.0537990318591701,0.0807179269166367,0.0863636085374643,0.0951669493081386,0.0779660902291823,0.058631377249612,0.0759795347755289,0.0929733528995262,0.0366675059671601,0.0460045249629477,0.0611590098879935,0.049233892767238,0.0336904322321283,0.0535966405058472,0.037420714113491,0.0738777278048115,0.0702932044131792,0.0380160421971371,0.0600904302689144,0.1608294721838659,0.0,0.006321331279814,0.0066094358513995,0.0093122292428606,0.0399385923727617,0.0899609340660605,0.113533737920993,0.0057135875790308,0.0409425667736194,0.1178399996052528,0.2100166332444617,0.0315875014175457,0.0338510730797292,0.0344103920766105,0.0663700556875959,0.0376007699730926,0.0398221836991448,0.0325724523407595,0.0422194505818414,0.035985856116981,0.0569883063394831,0.0440380698859526,0.0298625212598144,0.0333605504420901,0.0361193659791316,0.0266860883854693,0.0548721673796039,0.0519604648939671,0.0429641928694461,0.0473949096587578,0.0442262854107555,0.0592657868363826,0.0950885752845005,0.0677126919139841,0.0339838627252966,0.0376171905497795,0.0747723945115703,0.0354039273476392,0.0944185814975444
326907_15_consensus,0.0701919423132411,0.0353825904334046,0.0694426701317336,0.0616329471801968,0.0809512255195805,0.0928612387968845,0.0725806493507805,0.0754183450956418,0.0287797508758087,0.0627333997840331,0.1021839710323435,0.0978688593989884,0.0340717854578453,0.0508338623892967,0.0271627701190935,0.0350987042550832,0.0397219407907343,0.0538974440124828,0.0281522050337024,0.0370338619220058,0.0257421321184203,0.0526061662666679,0.0828400805370401,0.1016768394358491,0.0604939932366184,0.0587257542371606,0.0826892739867135,0.077177982447405,0.0645716207872002,0.0194721072650994,0.0195605033671064,0.0332065518578374,0.1327142116916366,0.1609741843280954,0.0996766464543474,0.145638431577626,0.1737947078020809,0.0702361447885282,0.1066088453829827,0.2266005851489829,0.0715180043707892,0.0913137472654543,0.1666885063041912,0.1436100328580369,0.1763368635360134,0.068707194717188,0.040376262348948,0.0643312592947831,0.0462402723903041,0.142826461962664,0.0531162377368295,0.0581636315670177,0.0534040436464451,0.0872363767414059,0.1639077255360401,0.0605803721124429,0.0781105526133094,0.0442009007126413,0.0673487136520494,0.1091901059209403,0.116376175592233,0.1266952418891085,0.1057690031573512,0.0812117017674172,0.104093089223137,0.1235501845413571,0.0493384234314149,0.0635481813905451,0.0849358339394044,0.0692669592306423,0.0453254551247459,0.0749178590780506,0.0520253314350931,0.101643080444318,0.0957704546947528,0.0521546483600845,0.0838535563482603,0.2071352815056242,0.006321331279814,0.0,0.0040361977103069,0.0058051570137021,0.0653365670535572,0.1264180243293609,0.153716645989463,0.0075185250198757,0.0666825867977403,0.1590930941281687,0.2614142762054579,0.0239817314084449,0.0304086171616342,0.0289113559464251,0.060073068600797,0.0307830049885655,0.0320761982878687,0.0239346520120316,0.034708694602056,0.027949284806179,0.0520920497869914,0.0503956407817787,0.0319236990390257,0.046542582791325,0.0473879411536941,0.0362859109684148,0.0482708958527089,0.046288698346097,0.0372361965805598,0.0682865259522254,0.0641461794855811,0.0838016943912833,0.1286702916148954,0.0946904645789921,0.0350092380469426,0.0557947781404681,0.1036174289644096,0.0405527730024024,0.1282987110897782
326907_16_consensus,0.0717826076944909,0.0374834168274382,0.0712039639403192,0.0629884179005646,0.0823842233913394,0.0958088110741854,0.075529522235028,0.0781854454424078,0.0317013052803742,0.0650036596287408,0.105710846813718,0.1011762633093233,0.0370960408971221,0.0539083029975238,0.030151913206744,0.0373951305454651,0.0426663688903765,0.0572417038375014,0.0310118932508833,0.0402186525839862,0.0286886540974808,0.0550615442251603,0.0849310532782663,0.1043961866404394,0.0631024139183402,0.0614878506884233,0.0851619341613858,0.0801558488176512,0.0668193657494971,0.0194406965640094,0.0194676010986052,0.0317380588822411,0.135075833874982,0.1634732065581703,0.1023794934820028,0.1486183309279489,0.1758596736857294,0.0724180711164619,0.1091219497030522,0.2298060249558444,0.0741320188200402,0.093566769366391,0.1685892080970639,0.1442354534402632,0.1761028157337199,0.0694342007841521,0.0415196747013464,0.064862565536643,0.0473961010192329,0.1432598662462147,0.0536978945669508,0.0585986782480842,0.0549704342228416,0.0873264450518389,0.1637867057534423,0.0610498729294652,0.0793486238657088,0.0448486731170039,0.0672719588406911,0.1108050104068505,0.118401519460912,0.1283836093268666,0.1075133187942167,0.0827457552844288,0.105737594381468,0.1254320421971604,0.0511258104071208,0.0659211062231586,0.0871007218257453,0.0704863724423496,0.0476064991005911,0.0768314673566719,0.0536755963502333,0.1032106786473052,0.0973068905406941,0.0536977225063672,0.0851194457328494,0.2075575392784454,0.0066094358513995,0.0040361977103069,0.0,0.0041522655249375,0.0645182605366274,0.1254095056937547,0.1538783063223974,0.0080054301257854,0.0667530147973538,0.158638483207147,0.2603830395961379,0.0264593227668541,0.0332298629396659,0.0320567449295241,0.0633965430569842,0.033515725993193,0.0347667138969427,0.0265717353638645,0.0381246625880811,0.0309679386105488,0.0547848194230082,0.053320874581745,0.03413450756344,0.0490814850309178,0.0500822020348659,0.03819384605125,0.0506794843845277,0.0492723441879956,0.0403154159667273,0.0684058236636167,0.0645965289087477,0.0843939022325805,0.1293149344461284,0.0957397467007634,0.0363682524544684,0.0570557741687443,0.1052291013373896,0.0415223255865075,0.129365422609049
326907_17_consensus,0.0847447264637937,0.0467244651356786,0.0837969267359337,0.0715288042423392,0.0945931816939724,0.1044197169854994,0.083475366531883,0.0851604388167217,0.0365567963483099,0.0726157953385158,0.115611212038245,0.1100103808229304,0.0418991208085106,0.0595097278619816,0.034334590811758,0.0430625088681289,0.0485108396218869,0.0635641168158613,0.0351443906782638,0.0449736241157827,0.0324447178143856,0.0617264339729306,0.0928946395846539,0.1174415738632861,0.0741808016661611,0.0721269234751309,0.0977272179262547,0.0922870235234274,0.078586491006563,0.0221634021499514,0.0202237420470963,0.0311103952344318,0.1469195823670848,0.1775683727467125,0.114747113451247,0.1611920233244417,0.1903472855860872,0.0842095229287966,0.1218078912533622,0.2448021687260224,0.0855911515621041,0.1059636635924556,0.1817919736515429,0.1533229153117421,0.1870057660325672,0.0759034584453566,0.0465052842827145,0.0716330650556011,0.0528937154107529,0.152660317671601,0.0601356512993573,0.0647890835771001,0.0599341550273004,0.0899807357926096,0.1706520323629003,0.0637526919474247,0.0832176258619217,0.050120305124043,0.0734525067781382,0.1233770888435481,0.1316648284476365,0.1416171033147124,0.1194304191104729,0.0943361363263797,0.1188947698102111,0.1382530191586219,0.0606416406410961,0.0764717035417597,0.0976381095130731,0.0807998853606823,0.0566946271401143,0.0876720843173402,0.0632832776531575,0.1147130264895635,0.1087332230086435,0.0637287167732214,0.0967727595725058,0.2194780547738304,0.0093122292428606,0.0058051570137021,0.0041522655249375,0.0,0.0715065306172695,0.1349318102377017,0.1639537451065544,0.0097916917536764,0.0741842270153672,0.1687670593442503,0.2729507018998127,0.0318093770408296,0.040903137586401,0.0386937459563814,0.0735365951980639,0.0415707158041627,0.0419358911767995,0.0318248760592618,0.0452520635329261,0.037088883983765,0.0644933807317222,0.064741801093354,0.0432844495371629,0.0582567685999428,0.060446266125302,0.0470749626314912,0.059967337167964,0.0579685682684134,0.0484618303543777,0.0754708804268569,0.0715866057069671,0.0948526461446288,0.1402165897316365,0.1031526779885538,0.0421451103993248,0.0649432667684086,0.1128686896395843,0.0487085288040525,0.1410711784629885
326907_3_consensus,0.0383426942473761,0.0883671914027557,0.0466504277645345,0.0454768480961433,0.031338680334473,0.0266848318136956,0.0271823810999194,0.0271947293961609,0.0801206111342951,0.0287565134685818,0.0297118337732538,0.0275374375918948,0.0595988487048089,0.0401498824479071,0.0909867029785687,0.0435146294629902,0.0467359065659209,0.0316539695322015,0.0606805293535526,0.0504996373975172,0.0906909769260746,0.0328476091386278,0.022271593968612,0.2053680067654015,0.1521024029489872,0.1505171554529383,0.1789275651894728,0.1730830437023547,0.1553914599384036,0.098609243676508,0.0962541356431554,0.1183885362764636,0.0326147060159547,0.0427315150192351,0.0298421613263784,0.0375713156379395,0.0478181125418046,0.0376969658157593,0.0331741001223795,0.0701889890362794,0.0320391665844477,0.0303442607682979,0.0421525593988194,0.0435782962761202,0.0488116438156254,0.0325021130869096,0.04572283447522,0.0350546904971391,0.0396948109100447,0.039343178354751,0.0353081581030441,0.0375587352090898,0.0421675270799584,0.0651204080167442,0.0574939551769722,0.0591813264689147,0.0433708723462338,0.0457135906283685,0.0359244431067757,0.0287817048510152,0.0312678440446418,0.0322549517476931,0.0286657273709893,0.0312626000393416,0.0318869762209788,0.0331797319243261,0.0460188543053128,0.0351941968553228,0.0251805287843165,0.0261099640823889,0.0481409761574873,0.0306532739123852,0.0364357967673383,0.0263247754692717,0.0273208577472807,0.0401929244318974,0.0267138254700478,0.0468075732337665,0.0399385923727617,0.0653365670535572,0.0645182605366274,0.0715065306172695,0.0,0.0136361582413817,0.0231863068320343,0.0430688052375947,0.0029735780367126,0.024915408053812,0.0746961959026455,0.1016919994091347,0.0939506006308183,0.1006886801721194,0.1452173057504922,0.106137167873018,0.1140682042819456,0.103948959649081,0.1172367760408885,0.1100055351479536,0.1293409955378797,0.0756872427296295,0.0694993958179193,0.0324158957399696,0.0457878766872692,0.0372822632815754,0.1299775476958364,0.1256793866414227,0.112872398677366,0.0196475721735973,0.0213912815792758,0.0319226384340289,0.0267076803663641,0.0199980843908811,0.0886239952171621,0.0283072635921968,0.0208130626211247,0.0784595916292092,0.0303808020945064
326907_4_consensus,0.0600201608620869,0.1445269716342228,0.0722669705048009,0.078275866354919,0.0470131753593072,0.0377165834300816,0.0463898110468194,0.04635378514552,0.1373042660691634,0.0531157893337876,0.0372498833297951,0.0366580063149095,0.108639439435004,0.0753164457328781,0.1526966958454014,0.0857132706476484,0.0874491075399639,0.0609514199430778,0.1124042164851752,0.0949368766638203,0.153439617142931,0.0632791715702678,0.0358198954374202,0.271019598114151,0.2167084341194058,0.2155824886901189,0.2430506586205787,0.2380244832599594,0.2199811431522542,0.1654926241467524,0.1638432281907187,0.1879475347057706,0.0257034336391237,0.0252497832223941,0.0332616386788631,0.0265931319282319,0.0264285999222808,0.0563965859213002,0.0350562296642147,0.0374260478471439,0.0475764005754157,0.036863491203376,0.0239393698002601,0.0431285798960496,0.0350948949174956,0.0582412265628216,0.0873247780067476,0.0629117631878184,0.0768826388338457,0.0366091788896181,0.0674774893560616,0.0694431827293788,0.078682587840313,0.1000202221665444,0.0555175318774017,0.10142129294214,0.0716928974602852,0.0861579968101127,0.0640075719567478,0.0309678313235846,0.0305431952373842,0.0281973945828761,0.0325474366255917,0.0461279027295917,0.0362579929608655,0.0311829532689387,0.0801791477512789,0.059561267542576,0.036972067830427,0.0445448740898042,0.0839452539574523,0.0477754297339174,0.0656917075156133,0.0306842999465493,0.035395742868828,0.0709820244454881,0.0384379536427346,0.0145381907606161,0.0899609340660605,0.1264180243293609,0.1254095056937547,0.1349318102377017,0.0136361582413817,0.0,0.0045090184075533,0.0954832018957967,0.012545803769755,0.0048384331987483,0.0308784237902708,0.1652530966258165,0.1502414767607831,0.1605625161119226,0.2057055895822266,0.167063140987409,0.177330718359145,0.1686640249494022,0.1803484713925467,0.1742413421949074,0.1873367066653779,0.1146041802792394,0.1160289822922671,0.0601358055734184,0.07614508488638,0.0713020956587495,0.1900764130443724,0.1856045431952502,0.172915713420612,0.0365158904004268,0.0400883358054429,0.0429568581169359,0.0189581058975907,0.025751414464505,0.1422871425433829,0.0516373401291669,0.022955218554129,0.1256390580287174,0.0236737703355052
326907_5_consensus,0.0752513778914032,0.1721091317111653,0.0881346858578746,0.0943703620473925,0.0589550194945811,0.0424501929946421,0.0547809280065649,0.0536941385646203,0.1611837458980183,0.0637001053732335,0.0408363300564165,0.0404927526243472,0.1277509345741592,0.0883822636373681,0.1787307997317935,0.1034121693439331,0.104202544993182,0.0726817034160474,0.1332162011386071,0.1118859299420931,0.1794648990742882,0.0759219104755546,0.0422303412452071,0.3068885710381925,0.2500073114276535,0.2484086685425364,0.2775977537445939,0.2714997513882018,0.2529685582112613,0.1979305612686825,0.1953014554267271,0.2229597769687146,0.0275316201827777,0.0249003231501818,0.0412363713505925,0.0270304793409001,0.0257097454914969,0.0707661049282331,0.0420875755072662,0.0292805598481988,0.0606239237182268,0.0468698037770085,0.0226930673436225,0.0455293939024628,0.0346133280493159,0.0715828572460548,0.1079203157440442,0.0787968024037013,0.0953348319807592,0.0393588999868308,0.0846275248055077,0.0860371875261138,0.0959629904286369,0.1165128577295009,0.0583039066829256,0.1209799763644694,0.0854468608367984,0.1064901803584081,0.0791608283709646,0.0368783799584475,0.0356846354546593,0.0315562122491002,0.038438464590059,0.0568696367964971,0.0436403703871093,0.034974841180472,0.0979651807235448,0.0729177858033764,0.0460340584798411,0.0572321837778551,0.1030781335632857,0.0593677391560349,0.0822430870898358,0.0373546521033887,0.0427702854208718,0.0876923153672795,0.0485164741948684,0.0072863999275964,0.113533737920993,0.153716645989463,0.1538783063223974,0.1639537451065544,0.0231863068320343,0.0045090184075533,0.0,0.1190827544826831,0.0216673562106919,0.0026502937429393,0.0201643443846162,0.1949143088266858,0.1782484501885708,0.1893711266976669,0.2375707466926133,0.1976785272512549,0.2081532223504236,0.1986874477953923,0.2106221638529168,0.204561565653071,0.2182779762950071,0.1378374203264591,0.1408689968117782,0.0762151731978129,0.0948515363283863,0.0903572731173341,0.2220648486378902,0.2164044165475545,0.202508927697723,0.0488937631321961,0.0530658186967283,0.055573018503642,0.0223640651423489,0.0326947218606514,0.1701675093556041,0.0666439547683301,0.0287759905260696,0.1514300894753804,0.0272053269554568
326907_6_consensus,0.0562894492631276,0.0383660370322722,0.0560953082061441,0.0437835087488513,0.0614152602032218,0.0728354293125317,0.0577826568679284,0.0581793089693452,0.035444860114314,0.049543738341363,0.0825854453097472,0.0775280795393742,0.0333536101874694,0.0413857452160959,0.0362042226127474,0.0294774473005876,0.0356476744789606,0.0428697933653694,0.0280081684976343,0.0332459856135392,0.0343292413150289,0.0417573983868297,0.0627784191670102,0.1322331653530284,0.0834459754261134,0.0818155035189658,0.1100939617559717,0.1033842013567571,0.0875336375960023,0.0260483680225789,0.0235313451054679,0.0377859616919833,0.1059503503202359,0.1331013298025292,0.0811274651266451,0.1177190293390122,0.1445049977882684,0.0601979856122483,0.0880630940297182,0.1902968206579194,0.0599998159784442,0.075545590532176,0.1351487146124927,0.1077338319669687,0.136187852418737,0.0467424759271111,0.0277010182134729,0.0436570087658196,0.0311694139302467,0.1068630196786948,0.0357672637365276,0.0393894741963194,0.0354871606535107,0.0609648390580623,0.1227683330012539,0.0410177692411588,0.0524752453902763,0.030212167489271,0.0453691878280277,0.0875539774729983,0.0948611569693795,0.1023696669255578,0.0845715310772163,0.0667395449332577,0.0865791670927897,0.1000838468777445,0.0446938202185123,0.0529911355058665,0.0663558199948406,0.0534363602640644,0.0422860818970196,0.0611783510460579,0.0433587269527198,0.0807475414188889,0.0758070109591146,0.0452269813461247,0.0671196468077237,0.1668978635771285,0.0057135875790308,0.0075185250198757,0.0080054301257854,0.0097916917536764,0.0430688052375947,0.0954832018957967,0.1190827544826831,0.0,0.0458349413591445,0.1236263810003581,0.2141625321956768,0.0342616520202234,0.0403968459306165,0.0399884312569982,0.0806475838953293,0.0427181460437413,0.0464732539810395,0.0342473166577868,0.0497704039050885,0.0410148288641067,0.0697395474155015,0.0553060563504628,0.0359184969978247,0.0372979171024931,0.0436309507017567,0.0297653082803757,0.0658752481357769,0.0632901372051204,0.0514874111217178,0.0467105534842922,0.0444124400205696,0.0680315043397152,0.0991000234330581,0.0678539612367234,0.0414765386884958,0.042824225232052,0.0756724065181799,0.0448825494496842,0.1013462853209929
326907_7_consensus,0.0390035944845719,0.0901601822501492,0.0472931522610249,0.0498119449433831,0.0327635924772877,0.0270165998824243,0.0269224620079731,0.0278851706012499,0.0799004532848002,0.0291974146297686,0.0288807848117658,0.0274706269752584,0.0606485077682341,0.0414840712624711,0.0907372649309561,0.0450418942254557,0.0471924031755897,0.0320591515582835,0.0621292275573486,0.0515952213060506,0.0912269632873545,0.0336641723545518,0.0230328443144411,0.1985513243635503,0.1482844560708107,0.1466802768365589,0.1733474809076876,0.1680434279888398,0.1516231619825907,0.1010386123359037,0.0998996836226115,0.1214230468060115,0.0316003348661952,0.0394390899345067,0.0274520518459091,0.0360765180482571,0.0446949682738031,0.0355122182380807,0.0305840989759751,0.0672304602077211,0.0295092568386827,0.027569501477048,0.0405986117720971,0.0486168745968109,0.0525951693114308,0.0371033782479033,0.0496380037552883,0.0393021655244822,0.0437393544367248,0.0436717903780223,0.0392691683394312,0.0422331530357649,0.0471372475696467,0.0734781608899268,0.064167908378204,0.0665446428524596,0.0498107372474674,0.0503083865143958,0.0412247151421736,0.0287053467324005,0.0303421820516884,0.0320318723936265,0.0287124429830809,0.0310943679742221,0.0305549537719604,0.033124076658991,0.0460276895090698,0.0353307738889503,0.025933103786059,0.0269610220856382,0.0476770324545068,0.0305260473281281,0.0368240878355266,0.0263087369429406,0.0279599289097722,0.0405532475539862,0.0267011422663472,0.0448251788412426,0.0409425667736194,0.0666825867977403,0.0667530147973538,0.0741842270153672,0.0029735780367126,0.012545803769755,0.0216673562106919,0.0458349413591445,0.0,0.0236411722608043,0.0733668364120818,0.1015486365063935,0.0920211508532293,0.0991120056713805,0.1400796688041738,0.1047425886370216,0.112397589811386,0.1042500824636816,0.1149647293213593,0.1089797074869043,0.1248456407004461,0.0715816503162107,0.0679231181879647,0.0315281234552164,0.0432963673476596,0.036977665616888,0.1260220630946129,0.1218949091724788,0.1101616651013834,0.0212546267482967,0.0224977801791554,0.0296223227284899,0.0257257514918727,0.0207527664325724,0.0873876499282353,0.027724190027115,0.02146367690698,0.0767278025278122,0.0284131137273311
326907_8_consensus,0.079880735820458,0.1790581073570418,0.0935424893263983,0.0992977170930213,0.0631390924409753,0.0460799497708048,0.0589402347208958,0.0579271615975818,0.1673074331090962,0.0679845643409784,0.0446305438913849,0.0441366631670856,0.1336752033237944,0.0936315467118849,0.1847523116840239,0.1082149947939097,0.1095349776673817,0.0773488157855428,0.1387574337679638,0.1174407329826907,0.1858006848121416,0.0806005011802915,0.0457382689022916,0.3154530614327111,0.2573486213775862,0.255955426629745,0.2853563606356211,0.2796086326843507,0.2605766379625738,0.2042403297042945,0.2014464959314486,0.2291157562546795,0.0302940113073315,0.027273214723932,0.0448648893216345,0.0298391277053085,0.0274748798138446,0.0754695487770815,0.0459481644310866,0.030730131234371,0.0649096683039278,0.0503713121110225,0.0243498539794977,0.0466726125039986,0.0340971544700243,0.0743093431182,0.1110481514879717,0.0807824589010683,0.0981597961857714,0.0400099175674331,0.0873889630168021,0.0886255337613421,0.0985405184914487,0.1180633904176087,0.0577652939780701,0.1232571370499142,0.087140807402827,0.1093293533013355,0.0813754377176128,0.0393420192649367,0.0379210543496171,0.0337018958717045,0.0412625402249524,0.0600555060983785,0.0463005388321819,0.0373365008100821,0.102359397555892,0.077129171464696,0.0487315330959345,0.0599482855709805,0.1072986761865015,0.0626656629861717,0.0861217209984595,0.0397026252351402,0.0455236291348928,0.0919021752474691,0.0514547916977186,0.0065833946815203,0.1178399996052528,0.1590930941281687,0.158638483207147,0.1687670593442503,0.024915408053812,0.0048384331987483,0.0026502937429393,0.1236263810003581,0.0236411722608043,0.0,0.0182244827673354,0.2026023030346309,0.1858789846654529,0.1971974973326844,0.2457038382493674,0.2049098316362441,0.2159107549791299,0.2065196797868864,0.2188626326977347,0.2124393132732152,0.2259721912986521,0.1444262359265238,0.1473824925179112,0.081511735166103,0.1006835762122833,0.0957853746601316,0.2296382279737967,0.2243515165411285,0.2105026321723455,0.0510412015695402,0.055572251796212,0.0577497322270534,0.02357802088133,0.0344637686937385,0.1750260854051335,0.0698410651183598,0.0304064369337719,0.1559935780807553,0.0288517975924573
326907_9_consensus,0.1406149578316897,0.275108286125044,0.1575279932794346,0.1640129374143217,0.1150849320812898,0.0968078704799912,0.1208805847308021,0.1177281498275775,0.2718669968382388,0.134320882105051,0.0939124045067956,0.0932066059733349,0.2271302642697916,0.1707750955073885,0.2932306789748686,0.1927106764688764,0.194977398392381,0.1494803351307849,0.2340759966033534,0.2055857437698094,0.29461763523424,0.1531859161711146,0.0983548889514391,0.4367121373372082,0.3729014151841205,0.3724505326112037,0.4038114814736655,0.398280729448496,0.3761419509718688,0.3106756701473205,0.3068625366317254,0.3366262969333098,0.0598663815612612,0.0483122253114984,0.0897148280230393,0.0559079853831843,0.0439466982818537,0.1372053667849559,0.0899115073792593,0.0319375555227319,0.1239492659084584,0.0995081606648371,0.0414168671359158,0.0720448562377207,0.0462071611076169,0.1316757558855101,0.1870635486386165,0.141046429541026,0.1695364563074193,0.0646456103234864,0.1534063426641312,0.1527426349133795,0.1670467713846282,0.1775417347338672,0.0784080716189334,0.1932763697746073,0.1438586835746793,0.1828717523640932,0.1399242457721348,0.0798698004255866,0.0767310461438617,0.0669122612411392,0.0836763940782692,0.1161305793504174,0.0924207952732061,0.0730105507980392,0.1803888653545957,0.1435033116862891,0.0993578628868254,0.1177650661912972,0.1877069374308702,0.1213850322440892,0.1573867157240887,0.083017465848429,0.091893931532029,0.1654805088320046,0.103255695401522,0.0073530966894121,0.2100166332444617,0.2614142762054579,0.2603830395961379,0.2729507018998127,0.0746961959026455,0.0308784237902708,0.0201643443846162,0.2141625321956768,0.0733668364120818,0.0182244827673354,0.0,0.3117586966066508,0.2905119208514888,0.304947696087126,0.3602268142717229,0.3127229236019255,0.3272635724046147,0.3160328171403082,0.3312803949979273,0.3240590578116471,0.3368530894505621,0.2345133351051131,0.2411935746968847,0.1534197720741703,0.1788082477230848,0.1736644159610234,0.3413512830117531,0.3361887060237984,0.3204478532823804,0.1041524501083532,0.1117059825146196,0.1120534417966343,0.0523254937064576,0.0759244124944791,0.274681366681718,0.1348033454609112,0.0683296929767358,0.2500408478181111,0.0610780499592307
327059_10_consensus,0.0651579588789337,0.0212569127784014,0.0617645532039041,0.0681878926337136,0.0830963236442645,0.1108893479081984,0.0867662313931711,0.0919084239505618,0.0294990212169601,0.0759873696817337,0.117004226456947,0.1162285189663947,0.0393064780223104,0.0624275648520082,0.0290910323371518,0.0453425530651738,0.0471046382150763,0.0674288775594735,0.0354908262946729,0.046556683534936,0.0260975065699771,0.0645407969662512,0.1015228379098136,0.0594475185214502,0.032373909110098,0.0306609699620574,0.0475793181697525,0.0415205602675747,0.0344329924824968,0.0191429166168628,0.0274408452961356,0.0395032171931069,0.1480349316302449,0.1722475878265026,0.1033584355603256,0.1592131585791527,0.1863649418239212,0.066975670262332,0.108281003258539,0.2476841116959924,0.0710536775242927,0.0940930564724844,0.1851310385666371,0.1798281718879311,0.2163711222147206,0.0955880704972802,0.0629580661245254,0.0914633221028795,0.0698446714763294,0.1795545241971297,0.0757468180331697,0.0837257960709063,0.0817474782470206,0.1280428981184229,0.2106444531251678,0.0958821818767141,0.114912685631042,0.0681974540076959,0.0967769164127521,0.1216246957520557,0.1273544274341445,0.1404732391707961,0.1176399705997957,0.0876443122892975,0.1111058086045808,0.136470853770823,0.049683693450369,0.0670121705429132,0.0975752321946412,0.0797827058505191,0.0460405642726895,0.0811075347188836,0.0563538574018647,0.1148409200471967,0.1084131833091923,0.0533344208113097,0.0926316454143645,0.2528887967267623,0.0315875014175457,0.0239817314084449,0.0264593227668541,0.0318093770408296,0.1016919994091347,0.1652530966258165,0.1949143088266858,0.0342616520202234,0.1015486365063935,0.2026023030346309,0.3117586966066508,0.0,0.0052036538483335,0.0037774691413439,0.0220064532103316,0.0062207242181662,0.0049516230569803,0.0029170423165094,0.0060086756405528,0.0030634150831465,0.017088039279363,0.0234003943287568,0.0108347067846139,0.037343238089667,0.0302443596044392,0.0268880287576829,0.0145672679159876,0.013131820401858,0.0072236329793566,0.0899679837073597,0.0818450971733639,0.0935570602799042,0.1508881474955199,0.120131691213273,0.0335129571508971,0.0673228154614005,0.1288440372168704,0.0384280312552638,0.1457107379060316
327059_11_consensus,0.0549676993044565,0.0212867579778075,0.052449498747622,0.06851103719075,0.0738121585385496,0.102272930657306,0.0786607466648012,0.0863347020351366,0.0299054380130119,0.0702883463835331,0.1049708557457442,0.1065508222890532,0.0401948395288371,0.0611782685456141,0.0308433918551171,0.0451854912638118,0.0450183295547876,0.0630696403097532,0.0377602718295992,0.0468978443028245,0.0292319886580845,0.0610117305608453,0.0945189016535064,0.0485919278532405,0.0265978105166633,0.0250454072861145,0.0380858722095878,0.0332801559156195,0.0277221347536213,0.0274914970036332,0.0389906288405352,0.0518862357748952,0.134062904746198,0.1520992229434909,0.0885540043125114,0.1432794148070293,0.1655048436968549,0.0551915788019936,0.092913100475056,0.2256870483124444,0.0587858521458235,0.0792658459929187,0.1679985370472616,0.1763791728941992,0.2075865233274338,0.0967686001557606,0.0664876891063013,0.0922149724768948,0.0726860159253304,0.174203448713893,0.0769242978414341,0.0861568257869613,0.0863004560815454,0.1390511273108972,0.2109285105526375,0.1062825893417844,0.1209602385501824,0.0723874519302363,0.0992221397519639,0.1083572476233136,0.1119137049166729,0.1254857081283233,0.1053028708040288,0.0763428064884133,0.0953945821682635,0.1223148279027936,0.04335272624514,0.0589111024339947,0.0878850254632928,0.071470755827975,0.039310488164812,0.0709686728960328,0.0498381545891692,0.1023857253542921,0.0979365995304455,0.0465749056868416,0.0812169344232316,0.2329972807361739,0.0338510730797292,0.0304086171616342,0.0332298629396659,0.040903137586401,0.0939506006308183,0.1502414767607831,0.1782484501885708,0.0403968459306165,0.0920211508532293,0.1858789846654529,0.2905119208514888,0.0052036538483335,0.0,0.002533529875321,0.0131719400346499,0.0040720518078103,0.0036021053426464,0.0064173323148724,0.003980385299255,0.0039130767035739,0.0091368940938298,0.0109639913833161,0.0051752881290658,0.0294698521229008,0.0195340917703106,0.0210856212503331,0.0081680299944482,0.0066639850249101,0.0032753460978494,0.0850287839842049,0.0762971649750676,0.0789296714241878,0.1357450228016006,0.1124644401760583,0.0309776429769339,0.0591221792598979,0.1197428537583311,0.0326471402193133,0.1282720674544872
327059_12_consensus,0.0628230473760416,0.023339798493569,0.0595363620376634,0.0733831667256224,0.0820315162029583,0.1093951193427802,0.0846808496593096,0.091961397846993,0.0300278984561419,0.075698519530837,0.112857785583194,0.1140846834298523,0.041403453376767,0.0645494422029484,0.0300761211242877,0.0474766798073442,0.0475624814969135,0.0672271268672526,0.0383756600102715,0.0486674387834371,0.0281854233673444,0.0652106495725703,0.1010562113949244,0.0512018009752406,0.0281515928110751,0.026333635026388,0.0404330668212491,0.0351699338327415,0.029534560311542,0.0260543999163003,0.0368322528566018,0.0495417979928838,0.144762391658805,0.1646119332744167,0.0981249200152341,0.1544809781371316,0.1786824150731867,0.0630374539425862,0.1027880932656,0.2400498333303851,0.0666849410468604,0.0887524591156445,0.1803386576878196,0.1854874229012439,0.2188944512179311,0.1019663024069146,0.0690748706571735,0.0971357158832892,0.0760039474613822,0.1836040747321412,0.0812013526007522,0.0904607396019425,0.0893909917082567,0.1415991585017488,0.2191738953575619,0.1080518123772318,0.1248225033638661,0.0753355933069217,0.1041659229229914,0.1179498941875927,0.1219565780194242,0.1361315409969794,0.1145924281909716,0.0843117127176036,0.1051095917782269,0.1325549112367809,0.0481422146344758,0.0651759479743034,0.0957514693695973,0.0784634077392816,0.0437526584867509,0.0782427764500246,0.0551152131629057,0.1114780765854099,0.1065448341813324,0.0519480413637563,0.0894788750154411,0.2461680932949237,0.0344103920766105,0.0289113559464251,0.0320567449295241,0.0386937459563814,0.1006886801721194,0.1605625161119226,0.1893711266976669,0.0399884312569982,0.0991120056713805,0.1971974973326844,0.304947696087126,0.0037774691413439,0.002533529875321,0.0,0.0139251269777433,0.0041010423771048,0.0031663762004452,0.0047893459498649,0.0032434022109297,0.0026926850672257,0.0100800374272642,0.0151451960989232,0.0076514850534028,0.0343310040472708,0.0243211416410984,0.0250819474297179,0.0087466498030135,0.0072229594785344,0.0034464978339645,0.0904786769290089,0.0813671507655886,0.0862949148028722,0.145254138126047,0.1189273958971002,0.0312070053388993,0.0640275265066945,0.1268310862891386,0.0343353832379751,0.1378372789387167
327059_13_consensus,0.0948177262008025,0.04796442350416,0.0911550124271443,0.1249734077352942,0.1223361622283407,0.1547619274698917,0.1240426021204106,0.1379945662745942,0.0521000600161318,0.1158264024419732,0.153167753748546,0.1591480633449542,0.0746676216656352,0.1072314680885302,0.0495939226076194,0.0842146962118057,0.0811200146847141,0.1068651234590989,0.0719378189150949,0.0853092642845574,0.0511398149646868,0.1051586627135812,0.147750206706184,0.027896234848848,0.0204204400460517,0.0192528311949002,0.0222202975838898,0.0205391214699588,0.0204423075934947,0.0574989552639202,0.0767554743500085,0.0889668829898173,0.1906781674861353,0.2027790255108801,0.1316497332173005,0.1992509203638039,0.2176774137007768,0.090259708421323,0.136300105410438,0.2870044384305537,0.095045106568298,0.1189098432900088,0.2268033077162226,0.2563519614118785,0.285940080410092,0.1608596244987623,0.1172540117732285,0.1513530375260705,0.1270482044201628,0.2509800529250467,0.1325374987593335,0.145645452708738,0.1464418874960094,0.2172806207414872,0.2995426517528221,0.1746858640005628,0.1941120536313381,0.1266163828081747,0.1635921298905787,0.1569760233607757,0.1575139792808944,0.1761359893472693,0.1546508241861506,0.1167149807809408,0.1352793874020852,0.1733379018070078,0.0745228364945704,0.0973365068225522,0.1356293972929378,0.1151472548480514,0.0666233590695712,0.1110714186876027,0.0853979544143825,0.1503614250107494,0.1475301293410735,0.0802441267542395,0.1238147449730995,0.2968780809203526,0.0663700556875959,0.060073068600797,0.0633965430569842,0.0735365951980639,0.1452173057504922,0.2057055895822266,0.2375707466926133,0.0806475838953293,0.1400796688041738,0.2457038382493674,0.3602268142717229,0.0220064532103316,0.0131719400346499,0.0139251269777433,0.0,0.0122970690138775,0.0102788577074068,0.0245428311564364,0.0089357234770002,0.0151751571704812,0.0026466247123222,0.0188493913058866,0.022526643015972,0.0641565073430285,0.0425298353937213,0.0531543780522234,0.0034010197272626,0.0034906637064828,0.0074255170873138,0.1355468435328477,0.123131334359007,0.1098224904938671,0.1862978833843129,0.1674547781421171,0.0429361760595856,0.094457713502388,0.1752239978248368,0.0446034741647309,0.1723030242080554
327059_14_consensus,0.0633682359538436,0.0208212552866138,0.0598178843331691,0.0751158768540882,0.0840944687735234,0.1204927681751959,0.0948233210636217,0.1036074776721456,0.0351650810937815,0.0851726176098441,0.1243270687984612,0.1254744687305331,0.0496868592913575,0.0750404172388297,0.033070064067445,0.0539736345907586,0.0559750562630814,0.0769047642257865,0.044925506490248,0.057482861129948,0.0324679242448784,0.0744225606927999,0.1111786908450342,0.0476928452966074,0.0249052288547524,0.0243308491206022,0.036772580365934,0.03313943841506,0.0265965057390289,0.0251181656384762,0.0376500518165876,0.0489976184129847,0.1541878368383198,0.1731049863850993,0.1047552093027004,0.1643785615245923,0.1868050481743282,0.0678622953262797,0.1109105251393769,0.2512079357292753,0.0721376472984705,0.0945847245930195,0.1891903844730409,0.1908479534892428,0.2227403958222762,0.1044013139803095,0.0675585730735592,0.096229434869449,0.0760067420786603,0.1879083341902472,0.0811969944703721,0.0907486273309317,0.0896875033451296,0.1417721570438228,0.2237069774158708,0.1074452038470443,0.1272358204017862,0.0738198034552546,0.1045374504362293,0.1239126250777014,0.1276985977047555,0.1424670724831429,0.1213415530198611,0.0892309335807173,0.1103151044639751,0.1396288809050991,0.0522090548055835,0.0702539583151731,0.1011653500956475,0.0813464558718966,0.0459337248520688,0.0834068136580379,0.0582947719912354,0.1174934192817724,0.1129741091930967,0.0556174684015573,0.0940176088602786,0.2545471494476228,0.0376007699730926,0.0307830049885655,0.033515725993193,0.0415707158041627,0.106137167873018,0.167063140987409,0.1976785272512549,0.0427181460437413,0.1047425886370216,0.2049098316362441,0.3127229236019255,0.0062207242181662,0.0040720518078103,0.0041010423771048,0.0122970690138775,0.0,0.0033394790010179,0.0068218216394981,0.0047030495418187,0.0045655064116898,0.0086914159882232,0.0160650303525011,0.0090710923833849,0.039730809017703,0.0282193949246121,0.0284179476282648,0.0066852871881062,0.0067663633493006,0.0044274227080229,0.093411992416124,0.0845683920175321,0.0871369378370765,0.1495737103620129,0.1244580367621539,0.0289387487613339,0.0667067986767513,0.1327723052580873,0.0325220708976052,0.1422856094133386
327059_15_consensus,0.0704297703568892,0.0244205692644348,0.0667034115350118,0.0827577973966056,0.0922099919024139,0.1238256950048786,0.0974943974015909,0.1056796405699067,0.0339119024775715,0.0871963149839336,0.127466958293307,0.1289312166064995,0.0484227841052113,0.0752742431597361,0.032647272192448,0.0556579950983646,0.0560819475142633,0.0786178547710374,0.0447692865082967,0.0571322883177289,0.0310581161012439,0.0759764272658252,0.1151858104427887,0.0414098987743241,0.0215188616041714,0.0201571239350499,0.0320116624733168,0.0276289387906683,0.0228482466197235,0.0273347255720644,0.039979023571373,0.0516142343232015,0.1596299219109909,0.1800212339881968,0.1094919144924153,0.1700983790114936,0.1943109557207272,0.0704199310415276,0.1145463319871806,0.2589500113804304,0.0753119415540339,0.098826509321575,0.1966653751002391,0.2027290187751598,0.2371581586549282,0.1141795622971031,0.0773979092910899,0.1081681710465947,0.0854809649519898,0.2011279666623124,0.0911675826069569,0.1008692783613103,0.1000653024427586,0.1547996354669774,0.2384750110027651,0.1188098105681145,0.1387118818978781,0.0838318246981764,0.1155962934180871,0.1305937589250243,0.1349546867531756,0.1498162368807527,0.1273047096061699,0.0941837296981917,0.1162768208403317,0.1461608528525175,0.0545027351212068,0.0738147980652748,0.1076485327668024,0.0884872266967002,0.0492735665930696,0.0881999794809411,0.0627011433245892,0.1240848747834491,0.1186359411236726,0.0588279672734639,0.1000189328229463,0.2666936231297105,0.0398221836991448,0.0320761982878687,0.0347667138969427,0.0419358911767995,0.1140682042819456,0.177330718359145,0.2081532223504236,0.0464732539810395,0.112397589811386,0.2159107549791299,0.3272635724046147,0.0049516230569803,0.0036021053426464,0.0031663762004452,0.0102788577074068,0.0033394790010179,0.0,0.0059642829146069,0.0026523230906727,0.0028572785313452,0.0074401018273837,0.0179551750443867,0.0106424107669687,0.0434332682471438,0.0311542475470947,0.0323661798376875,0.005896845257566,0.0051416989783215,0.0028003221151804,0.1032047458776439,0.0935927052493026,0.0966272555857203,0.1611686186083316,0.1346634235365824,0.0329581278523694,0.0739060041452637,0.1431668576532461,0.0369950863362564,0.152875136579432
327059_16_consensus,0.0661204141960709,0.0202339054233373,0.0624983857641012,0.0670101681846198,0.0840083473368151,0.1135580759372079,0.0896888283565724,0.0944953110809558,0.031495109924621,0.078392974733175,0.1203446100935057,0.1188916314349661,0.0409611286463116,0.0640980532116017,0.0309232025972736,0.0466337579248437,0.0489695933475733,0.069681139838682,0.0367417238848002,0.0482700440564292,0.0275107467574464,0.066479635016317,0.1039232368882876,0.0611109042978119,0.0328202603664617,0.0314107989682099,0.0489081947639462,0.04278456399188,0.0351027127335523,0.0180660949880842,0.0260109817134903,0.037774810642257,0.1505129020122986,0.1756909856698039,0.1056423944881732,0.1618330944203627,0.1896416832925798,0.0685958061544678,0.1112496378675533,0.251676861062351,0.0733026818585873,0.0965755030408681,0.1880070632261468,0.1791433421982207,0.2170171467311483,0.0948515731573547,0.0622673914294971,0.0908722246385167,0.06938842030927,0.1794986999072456,0.0752877017062711,0.0829632472565302,0.0806154666001477,0.1247866366412457,0.2095413985801251,0.0933049645992296,0.1132524007649475,0.0668430187044979,0.0957143233483472,0.1239342732392225,0.1303345629400194,0.1430591644954484,0.1201376364252091,0.0900608414942505,0.1143541509095689,0.1389180476196987,0.0516726744031066,0.0689539735030155,0.0994927964527239,0.08143877945633,0.0482699237735024,0.083607567609075,0.0582182498774397,0.1174783482131323,0.1104535913453457,0.0551940281875378,0.0948902636179003,0.2570468678280093,0.0325724523407595,0.0239346520120316,0.0265717353638645,0.0318248760592618,0.103948959649081,0.1686640249494022,0.1986874477953923,0.0342473166577868,0.1042500824636816,0.2065196797868864,0.3160328171403082,0.0029170423165094,0.0064173323148724,0.0047893459498649,0.0245428311564364,0.0068218216394981,0.0059642829146069,0.0,0.007345861317038,0.0038395635732637,0.0195382212084895,0.0262802563096968,0.012157240955072,0.0391485298967628,0.0324494106132746,0.0283277952381233,0.0165831355787515,0.0153047669984758,0.0088951433553008,0.0916007834823924,0.0838701632084184,0.0972408252875709,0.1543099977250888,0.1226745560265536,0.0357775123266508,0.0701701526959253,0.1314513528200231,0.0410748056824825,0.1500159721651242
327059_17_consensus,0.0752231438765917,0.0291542108123392,0.0716466564084568,0.0893703156828014,0.0972640547552803,0.1251367078847494,0.0980394576496141,0.1068158021295273,0.0339886590398617,0.0885615580573926,0.1278431034691207,0.1301180912503277,0.049108161274523,0.0764992036486464,0.0328304847989544,0.0574697630269476,0.0565182275218321,0.0793360233047728,0.0459715165793301,0.0579194581658484,0.0315878615423095,0.0773226475131121,0.1171627503452175,0.0419000558508848,0.0237057384548435,0.0218989670667024,0.0331426396566465,0.0284325635920055,0.024766795487336,0.0318758527135507,0.044466781756709,0.0569609828247745,0.1630322803694373,0.1825134183978525,0.1123661049346917,0.1730160977319794,0.1974367339480274,0.0736261270567766,0.1168854357906434,0.2615731749896088,0.0780755110998772,0.1017251223670498,0.2002377734974212,0.2107720528835841,0.2450051608168477,0.1208556532223958,0.0834437150615396,0.1150324007110992,0.0914567982253524,0.208392685107694,0.0976500080168056,0.1077957554406774,0.1064993294750671,0.1641492106372553,0.2473130611464018,0.1270732148557751,0.1462839326957699,0.0906164237443256,0.1231817653832223,0.1337914510980491,0.1374345209829943,0.1529771217022197,0.1304349613311393,0.0968497884889547,0.1185111821084232,0.1493132742768512,0.0564415167192677,0.0762370716153677,0.1107147125213732,0.0921622151223724,0.0512156071711693,0.0906367534125998,0.0654339933555778,0.1271498762160225,0.1220968597860157,0.0613438513329862,0.1030873702826751,0.2696217461546082,0.0422194505818414,0.034708694602056,0.0381246625880811,0.0452520635329261,0.1172367760408885,0.1803484713925467,0.2106221638529168,0.0497704039050885,0.1149647293213593,0.2188626326977347,0.3312803949979273,0.0060086756405528,0.003980385299255,0.0032434022109297,0.0089357234770002,0.0047030495418187,0.0026523230906727,0.007345861317038,0.0,0.0032184257354188,0.0067453900867793,0.0176304455926041,0.0118857222302679,0.0449526569828027,0.0317352539416315,0.0343843727800496,0.0056365945152005,0.0042982475223221,0.0025317513564644,0.1068079473711893,0.096625280851355,0.0979495100480871,0.1635271431012093,0.1374470081202634,0.0336597939059242,0.0754076924182172,0.1456847826134701,0.0373710363607786,0.1543443100203898
327059_18_consensus,0.0706654424538237,0.0243210587767572,0.0674149534615224,0.0785648325753856,0.0908557496623414,0.1188356525872524,0.0930251881614321,0.0998726328053827,0.0310287051635071,0.0826905016093109,0.1235998984967023,0.1239969984048343,0.0437039503782594,0.0693252449414192,0.0300595250037307,0.0509837210959753,0.0516157945130961,0.0735340164399813,0.0399506186785521,0.0517527835337867,0.0278948639733043,0.0710763976536288,0.1099680354178733,0.0503890776898332,0.0270205157812073,0.0252365124555007,0.0396875448813016,0.0343132937903298,0.0288598396863752,0.0238169759708135,0.0338335656444863,0.0462251472404329,0.1568975370166043,0.179406240278924,0.1089254088750824,0.1676045148240019,0.1938347205052331,0.0710076887105408,0.113845883094088,0.2571431233706081,0.075202580217268,0.0989143543044654,0.1944224935093732,0.1954818246449186,0.2313045844697727,0.1075665102153786,0.0720980278803242,0.1025468103465119,0.0796942431392819,0.1942610554562414,0.0860116356825981,0.0949034600484264,0.0928790130661152,0.1442299847102743,0.2285739971813347,0.1095646586072165,0.1292447144900794,0.0782538237057055,0.1092943185731902,0.1288008359384536,0.1337457950254421,0.1480412950796665,0.1251089964910301,0.0932064202546527,0.1161647956255951,0.1441419896056919,0.0533727200855569,0.0721408429673218,0.1048184761317685,0.0864470325096906,0.0488492860763525,0.0865134325340237,0.0612361170344648,0.1220003491478749,0.1161355020523036,0.0577370833507844,0.0987611899773384,0.2634761057546786,0.035985856116981,0.027949284806179,0.0309679386105488,0.037088883983765,0.1100055351479536,0.1742413421949074,0.204561565653071,0.0410148288641067,0.1089797074869043,0.2124393132732152,0.3240590578116471,0.0030634150831465,0.0039130767035739,0.0026926850672257,0.0151751571704812,0.0045655064116898,0.0028572785313452,0.0038395635732637,0.0032184257354188,0.0,0.011577751550865,0.0208845012532217,0.0109606424061894,0.0412436027336005,0.031258990204007,0.0304461603779069,0.0095452030663647,0.0082661102135528,0.0042850042117859,0.0988706869362054,0.0899368986035131,0.0970962382549931,0.1590439291634,0.1296802461487871,0.0332395989334024,0.0720450936288541,0.1383682738545042,0.0379422183342939,0.152137398451309
327059_1_consensus,0.0824058100404601,0.040775162600279,0.0796309817887408,0.1101025310296508,0.1077352525835646,0.139738098590775,0.1109289618075601,0.1236924868868145,0.0459744734822473,0.1029834503528661,0.1391819492363097,0.144189761701134,0.065829982739638,0.0953700255617695,0.044078116119298,0.0736830732727185,0.0713742414214495,0.0948352191507648,0.0629590342424117,0.0754325425749362,0.0452377561777579,0.0931462517623451,0.1324466047081154,0.0312989029767329,0.0206461195110314,0.0195683124145702,0.0244879895910932,0.022481394289703,0.0212149481503072,0.04922582716841,0.0669441130264694,0.0789682424907152,0.1735129104251696,0.1860177461680239,0.1178779379241241,0.1821566958571798,0.2002785285821717,0.0791400173821443,0.1223379758193745,0.2673566453989604,0.0832961412004902,0.1058652291758468,0.208114951272762,0.2337014875721657,0.2620992522661467,0.142665254674549,0.1023597204766471,0.1338072331769719,0.1112908047443248,0.228420547263501,0.1161966443514286,0.1284168982412943,0.129602938241506,0.1962870475802409,0.274016306951613,0.1562387675187153,0.1741122096544165,0.1111288763579212,0.1451965284455774,0.1413614942673353,0.1423081955816272,0.1597520423090159,0.1389595523442501,0.1035510568287616,0.121519262024722,0.1570350714524941,0.0645869791470294,0.0853996942022448,0.1207518015740722,0.1010669515450048,0.0572090576104624,0.0981094786797509,0.0739313975749365,0.1348558035162783,0.1320763361456496,0.0694884860706572,0.1098765799657943,0.2757087865851568,0.0569883063394831,0.0520920497869914,0.0547848194230082,0.0644933807317222,0.1293409955378797,0.1873367066653779,0.2182779762950071,0.0697395474155015,0.1248456407004461,0.2259721912986521,0.3368530894505621,0.017088039279363,0.0091368940938298,0.0100800374272642,0.0026466247123222,0.0086914159882232,0.0074401018273837,0.0195382212084895,0.0067453900867793,0.011577751550865,0.0,0.0141946512644874,0.0164310930201523,0.0534709092524909,0.0343978963675848,0.0429653476229718,0.002334045498479,0.0024277668782017,0.0049861428338173,0.119324195713105,0.1079431039611629,0.0971783275009094,0.1687563878616842,0.1496750953150361,0.0368883676957274,0.0820681102861362,0.1573524342252765,0.0382581891688689,0.1562770821554773
327059_2_consensus,0.03980927755196,0.0332776074270135,0.0402875278591698,0.0692584326683345,0.0566563537559305,0.0838293494610988,0.064478220054152,0.0746117548557814,0.0417728557414704,0.0608620012402303,0.0815186877444462,0.0864541184596117,0.0485811896364651,0.0612973941678607,0.0459890369557669,0.0490454062569503,0.0467117533100776,0.0571804796607162,0.0485684507826373,0.0526415867822294,0.0465550919922757,0.0564536195207026,0.0785301915087739,0.0560714559624671,0.0372705250326257,0.036174317135547,0.0454258943627738,0.0421839039005416,0.0376107365123861,0.0532567801785122,0.0684821121197769,0.0838029252998149,0.1031276898086535,0.1100287641840038,0.0611754219954141,0.1085285160586497,0.1211799411940068,0.0382022728324509,0.0642357404448228,0.1751424359460243,0.0396026061756149,0.0535018382310878,0.1284364654263861,0.1582901473811047,0.1776140135142592,0.0948163296017181,0.0736683123050632,0.0899814172971256,0.0771667462277454,0.152802560690505,0.0774143423378941,0.0878207837732167,0.0920366725932062,0.150513792607291,0.1947725772988278,0.1207247170483922,0.1245099025382181,0.0800799691843217,0.0993472558007679,0.0811958279623299,0.0809589692891137,0.0939832358577268,0.079700573515578,0.0567375629335229,0.0665332114962637,0.092531614062346,0.0374528340667312,0.0466160042532663,0.0682903307294564,0.0560589602650756,0.0334933320188941,0.0533111010507845,0.0411892150385639,0.0767935982841363,0.0761660756368467,0.0383523189844012,0.0599611513949032,0.1836803180295092,0.0440380698859526,0.0503956407817787,0.053320874581745,0.064741801093354,0.0756872427296295,0.1146041802792394,0.1378374203264591,0.0553060563504628,0.0715816503162107,0.1444262359265238,0.2345133351051131,0.0234003943287568,0.0109639913833161,0.0151451960989232,0.0188493913058866,0.0160650303525011,0.0179551750443867,0.0262802563096968,0.0176304455926041,0.0208845012532217,0.0141946512644874,0.0,0.0067417457304328,0.0196621204085216,0.0081214750754696,0.0159050149401283,0.0159493368786058,0.0144633500489748,0.013509259056998,0.0720050060544874,0.0634088904751717,0.0535617784896489,0.1013536228853366,0.091413274931174,0.0380701267019292,0.0461197779889319,0.0955985001454875,0.0334107349718966,0.0919576817725049
327059_3_consensus,0.0349648858654774,0.0190395112778931,0.0347180888932099,0.0502876893621113,0.0498029036072011,0.0778473500528198,0.0592277181216971,0.0657860793270188,0.0309477966703317,0.0525979831624692,0.0799660661557748,0.0815917583562937,0.0351805269639378,0.0481946900203666,0.0347504572980241,0.0358759644621464,0.0362808685868456,0.0481566363559622,0.0338216308847805,0.0393679679502279,0.0329523201157275,0.0462105995685249,0.0708924476273544,0.0604026320871611,0.034686560218617,0.0335553088251252,0.0480355341645628,0.0431709400134128,0.035933647628612,0.0310715732782007,0.0421286669397016,0.0566577714789424,0.1012573613960903,0.1163294032900541,0.0621030868869709,0.1089743755314263,0.1278153142341462,0.0363072041458032,0.0661115028768319,0.182051569444158,0.0389058994820317,0.0549100663016073,0.1301209249321164,0.1401596116238757,0.1664387253364534,0.0745391509095281,0.0536997422779217,0.0715110164653882,0.0573061574323237,0.1378936609754903,0.0588700042720038,0.0671053492025057,0.0694065829128414,0.1176468509442054,0.1728859824013691,0.0900927273776606,0.0984218938179299,0.0580517748560813,0.0774560303657887,0.0794939120354181,0.0826843625634365,0.0940166515848233,0.0772265964484386,0.0541966782987248,0.0691736361471377,0.0915469542444027,0.0312337063269811,0.0410051626100651,0.0634389776330834,0.0501088926986277,0.0287817679539124,0.0501078894618061,0.0346846273912158,0.0750203045909208,0.0713706912262814,0.0321699715252776,0.0572964796903958,0.1893348585629777,0.0298625212598144,0.0319236990390257,0.03413450756344,0.0432844495371629,0.0694993958179193,0.1160289822922671,0.1408689968117782,0.0359184969978247,0.0679231181879647,0.1473824925179112,0.2411935746968847,0.0108347067846139,0.0051752881290658,0.0076514850534028,0.022526643015972,0.0090710923833849,0.0106424107669687,0.012157240955072,0.0118857222302679,0.0109606424061894,0.0164310930201523,0.0067417457304328,0.0,0.0154563202872939,0.0088168735548936,0.009711571384158,0.0159858125914693,0.0143995448701073,0.0096599885027401,0.0626657385717166,0.0557094049748174,0.0578064880553892,0.1036031466346516,0.0853711531774656,0.0321312930874206,0.0427572911387548,0.0910793209453828,0.0305836845694074,0.0977392387481472
327059_4_consensus,0.0159300817668102,0.0349470929975472,0.0192502006500072,0.0292132313857447,0.020594280816554,0.0366954242527066,0.0284227302498703,0.0310990219154723,0.0440575537265175,0.0260538657126394,0.0382886396188526,0.0385855404470332,0.0335508290097843,0.0287513440633109,0.0536437134385803,0.0273478744004904,0.0278044166987054,0.0257980401134556,0.0352043859744819,0.0315446723952979,0.0509381395089265,0.0251299018482225,0.0319345744726762,0.1125634288651191,0.076473492927283,0.0746876563438432,0.0956333700265661,0.0889077020676873,0.0779987287133741,0.0536725264956263,0.059775947318017,0.078725062896158,0.0475292371170645,0.0592792409175686,0.025572353934578,0.0525234860434258,0.0676856605176583,0.0168886550163538,0.0279454118120581,0.1060367100077854,0.015984981985949,0.0231735334814437,0.0672389614527775,0.078331693052176,0.0960956658347198,0.0418679091405724,0.0413318495238623,0.0440757608480613,0.039017964686522,0.0763240725907072,0.0366786262021348,0.0423402783333681,0.0468592561867478,0.0845049527482393,0.105030732071814,0.0682028473950611,0.0619099611875739,0.0434662702382482,0.047169942266299,0.0370600374055651,0.0398661181714095,0.0459050616983134,0.0352619027920209,0.0260977300202416,0.0336330529639852,0.0443321655504505,0.0229824559811193,0.0210015112061592,0.0283946914983692,0.023635060801026,0.0244906966621041,0.0238807029944165,0.020878238655734,0.0345057766364558,0.0325174683569073,0.0203121153559102,0.0261488089349022,0.1122540502775457,0.0333605504420901,0.046542582791325,0.0490814850309178,0.0582567685999428,0.0324158957399696,0.0601358055734184,0.0762151731978129,0.0372979171024931,0.0315281234552164,0.081511735166103,0.1534197720741703,0.037343238089667,0.0294698521229008,0.0343310040472708,0.0641565073430285,0.039730809017703,0.0434332682471438,0.0391485298967628,0.0449526569828027,0.0412436027336005,0.0534709092524909,0.0196621204085216,0.0154563202872939,0.0,0.005482073048185,0.0036608916674421,0.0541705879930995,0.0504951826291417,0.041093599746123,0.0312572039657865,0.0276195535169856,0.0340162321176675,0.0532201230187823,0.0416445033922521,0.0522722806068181,0.0245142174047767,0.0442410454052675,0.0456817576147772,0.0513315658490753
327059_5_consensus,0.0221470147952924,0.0332489146333099,0.0246157048799124,0.0443514877878943,0.0318307512349687,0.052275921225549,0.0398617589648324,0.0459196514935769,0.042212535466251,0.0373642222111216,0.0515839612345399,0.0543944068701112,0.0385770178156974,0.0401816813723812,0.0501222702932393,0.0346072759928866,0.0335430783825518,0.0360980040273686,0.0398085023189498,0.0388170453387877,0.0488094442253039,0.0355557039364544,0.0475204238447712,0.0870804835942653,0.0586535521307025,0.057256119526114,0.0727069640345794,0.0675334617353264,0.0596620870736437,0.0537796797728598,0.0642141429940172,0.0814939498443951,0.0651052396266766,0.0733584439793491,0.0346355449556217,0.0696329655024676,0.0824535664388674,0.0210884718190662,0.0371310211617732,0.1272639448655699,0.0209752001127556,0.0302638600761575,0.0862116877695058,0.1086217859153357,0.1261100775464205,0.0627767945490411,0.054795873840451,0.0622635695208328,0.0546501242434862,0.1049702433125618,0.0528851419355413,0.0606411259168124,0.0656350509811876,0.1126009400253362,0.1399435608823793,0.0908457221817116,0.0875467520835187,0.0586108295148681,0.0680658977875943,0.0506118481906199,0.0517496140545432,0.0608151324597532,0.0493091292538272,0.0349264944301488,0.0423430843823133,0.0594443743466772,0.0264483605877874,0.0284489188320682,0.0410660414274062,0.0337219589333495,0.0257387716496673,0.0322790684311042,0.0264039450841426,0.0476652424761976,0.0464614161822529,0.0249290525024337,0.036063125189834,0.1343618240704689,0.0361193659791316,0.0473879411536941,0.0500822020348659,0.060446266125302,0.0457878766872692,0.07614508488638,0.0948515363283863,0.0436309507017567,0.0432963673476596,0.1006835762122833,0.1788082477230848,0.0302443596044392,0.0195340917703106,0.0243211416410984,0.0425298353937213,0.0282193949246121,0.0311542475470947,0.0324494106132746,0.0317352539416315,0.031258990204007,0.0343978963675848,0.0081214750754696,0.0088168735548936,0.005482073048185,0.0,0.0053485537575612,0.0358335672795337,0.0330858566285972,0.0274074273531308,0.0449415320116006,0.0393529961195291,0.0375249347308672,0.0678818390623732,0.0583397701455918,0.0452114709682689,0.030274265263527,0.0612241654954122,0.0386530365167585,0.0627505709967692
327059_6_consensus,0.0176403775069298,0.025993590595517,0.0201661227025597,0.0284797079716403,0.0243799366336094,0.0453011253945181,0.0341412619021257,0.0374786721770448,0.0368631735329589,0.0301325078122438,0.0482482783423474,0.0480072203556964,0.0303438141088268,0.030666314290296,0.0441546318557426,0.0251065142326591,0.0267670199504737,0.0286566356066986,0.03028371496202,0.0299310172802824,0.0417793937668617,0.027417762924875,0.0390218418920333,0.10006235352835,0.0645394276956317,0.0633415006950013,0.0837512407688478,0.0774383957858164,0.0665387933482408,0.040860283220681,0.0472560914145772,0.0642189254841465,0.060575481396353,0.0745058371699016,0.0345903682801704,0.067089191494488,0.0839697304406739,0.0211482895323609,0.0379485209422467,0.1270433692977555,0.0210373069555886,0.0309008709146532,0.0827995093317008,0.0879783320048845,0.1082350178989735,0.0425786872804403,0.0357164001495515,0.0424963248685523,0.0353622545884402,0.0856990572954394,0.0343050449702886,0.0401568429565744,0.0435616820529665,0.0811872459761611,0.1136058129187969,0.0625727588063931,0.0617423294820342,0.0380933834854282,0.0463353129661818,0.0456658486279248,0.0490369335863398,0.0563550150243479,0.0437730157155362,0.0307553399896622,0.0411874689333675,0.0546045799471111,0.0216761659086532,0.0230972184381723,0.0340111442026342,0.0260529223877235,0.0218148927109309,0.027704980576205,0.0204429389640443,0.0423187541198348,0.0397116913597566,0.0199954379281823,0.031224138228783,0.1303161364921568,0.0266860883854693,0.0362859109684148,0.03819384605125,0.0470749626314912,0.0372822632815754,0.0713020956587495,0.0903572731173341,0.0297653082803757,0.036977665616888,0.0957853746601316,0.1736644159610234,0.0268880287576829,0.0210856212503331,0.0250819474297179,0.0531543780522234,0.0284179476282648,0.0323661798376875,0.0283277952381233,0.0343843727800496,0.0304461603779069,0.0429653476229718,0.0159050149401283,0.009711571384158,0.0036608916674421,0.0053485537575612,0.0,0.0427766303956831,0.0400680967286204,0.0313031381808137,0.033272143334134,0.0294943998945598,0.0365811921526839,0.0627813560020209,0.0477801976692591,0.0418261119604679,0.0247581290424632,0.051707218430792,0.0372489079978075,0.0608382972615526
327059_7_consensus,0.0821431063879458,0.0369254705619006,0.0790206120218011,0.1064972341930952,0.1073823103525919,0.1430899507956962,0.1141467303233714,0.1262299353295812,0.0462228123808179,0.1052610046581143,0.1438449817956435,0.1478928427520465,0.0663917760422698,0.0965793784156554,0.0436736633214955,0.0738662697131511,0.072782625914229,0.0968760193779356,0.0626958793082996,0.0762132595081483,0.0444632301441094,0.0947908848582326,0.1348439936911862,0.0322296914707962,0.0200338877351313,0.0193105814379297,0.0250722465383388,0.0231418603646949,0.0210151687118704,0.0432584319238555,0.0603233442203299,0.070652238948619,0.1766530076121988,0.1906476604131173,0.1206198117423298,0.1860185594625925,0.2047945162082323,0.0806716535813842,0.1256167955738796,0.2732886999329267,0.085208912956725,0.1084334140896583,0.212002766495944,0.2322628735215444,0.262036726233835,0.1396950324938304,0.0982052034382627,0.1303121749942066,0.1076711107779466,0.2273728331291433,0.1129983466210333,0.1247206345562741,0.1252915385697903,0.1890864744764453,0.2710476542753275,0.1493849053235294,0.1692922212645751,0.1064743413476954,0.1411728273490089,0.1447270104047193,0.1463810386012785,0.1636042154286618,0.1423132609418411,0.1064766898641966,0.1258531949462717,0.1609253523404072,0.0661937894159576,0.0875831973830321,0.1229867034379035,0.1023902895700352,0.0587929534195872,0.1007151208908956,0.0751658849163945,0.1379778208923827,0.1347395375286542,0.071066978344783,0.1125867815082788,0.280341265206264,0.0548721673796039,0.0482708958527089,0.0506794843845277,0.059967337167964,0.1299775476958364,0.1900764130443724,0.2220648486378902,0.0658752481357769,0.1260220630946129,0.2296382279737967,0.3413512830117531,0.0145672679159876,0.0081680299944482,0.0087466498030135,0.0034010197272626,0.0066852871881062,0.005896845257566,0.0165831355787515,0.0056365945152005,0.0095452030663647,0.002334045498479,0.0159493368786058,0.0159858125914693,0.0541705879930995,0.0358335672795337,0.0427766303956831,0.0,0.0024797254049619,0.0045165675934324,0.1191058095174995,0.1080949133202491,0.1001361511203828,0.1719311010544268,0.1509255231807751,0.0361967229200415,0.0834720354179152,0.1590646969288975,0.0387058019424344,0.1606744762101266
327059_8_consensus,0.0795878017930142,0.0360411194269945,0.0762799940470531,0.1031793849104829,0.1041903360039135,0.1360364782973926,0.1076095871562436,0.1191776237421295,0.0426016217435227,0.099203860801551,0.1363427452656171,0.1405889644333156,0.0610905272660264,0.0900872926891773,0.0411282531152519,0.0693636730344984,0.0673599752533906,0.0906828978840526,0.0582641507792986,0.0705606014986433,0.0414803596127653,0.088928902889763,0.1285674761001205,0.0328798939646004,0.0205140753016106,0.0191649199481993,0.0258055802260006,0.0229280038635328,0.02102304164843,0.0433039220941848,0.0596433129522973,0.0716268067587666,0.1704712313504579,0.1850492935756804,0.1159071169805026,0.1794817899212546,0.1995142193200267,0.0768841848728403,0.1203462012386422,0.2659253011928095,0.081271407064869,0.104228203391437,0.2061252907761259,0.2278516843037188,0.2582588596128374,0.1368284696272281,0.0974840417836047,0.1293034568282607,0.1062009812046174,0.2235805989983994,0.1114450660497219,0.1230988794149876,0.1236061599703992,0.1879261847326638,0.2675920504988758,0.148546836815119,0.1667734895622725,0.105705993358427,0.1394053969316226,0.1400553176179295,0.1418810086466839,0.1588331007644701,0.137320823092887,0.1024281018941826,0.1214742231527559,0.1556937587132809,0.0629262004102324,0.0834168140116666,0.1186959865576851,0.0994670641406632,0.0561540416404175,0.0967706713038545,0.0722863116807097,0.1335362566263436,0.1300546381385086,0.0678263759246506,0.1087324354417873,0.2745824826372054,0.0519604648939671,0.046288698346097,0.0492723441879956,0.0579685682684134,0.1256793866414227,0.1856045431952502,0.2164044165475545,0.0632901372051204,0.1218949091724788,0.2243515165411285,0.3361887060237984,0.013131820401858,0.0066639850249101,0.0072229594785344,0.0034906637064828,0.0067663633493006,0.0051416989783215,0.0153047669984758,0.0042982475223221,0.0082661102135528,0.0024277668782017,0.0144633500489748,0.0143995448701073,0.0504951826291417,0.0330858566285972,0.0400680967286204,0.0024797254049619,0.0,0.0033091355101015,0.1163986671865044,0.1051642420988336,0.0981507610879655,0.1681045772002507,0.1470546162526682,0.0362243464035918,0.080581046199887,0.1548164370889768,0.0382249226536295,0.1564239896241828
327059_9_consensus,0.069236097454949,0.0279953913296475,0.0658427367481513,0.0865745955897114,0.0913572130130457,0.1205282335316022,0.0940990030845334,0.1033936945718885,0.034364478460592,0.085226992116409,0.1222360803246571,0.1251676823469258,0.0489979201261308,0.0750104986534143,0.0340051936470056,0.0564637260528124,0.0553136218488266,0.0770037658535018,0.0463944698183391,0.057509815398534,0.032985329950633,0.0748948251273047,0.112789438743583,0.039461898519308,0.0224096984629795,0.0207105585622295,0.030993126687199,0.0267795409881896,0.0231327292125724,0.0339724696389893,0.0477758627229913,0.0603991016144274,0.1556988924813449,0.1730692859459566,0.1052444817273805,0.1651336543963077,0.1874842771519178,0.0678417393570081,0.1094414365863487,0.2510684854967921,0.0721967332236417,0.0947403740553758,0.1915145204826887,0.2051668910824151,0.2375332194630459,0.1182500175023193,0.082530144335104,0.112400062838013,0.0901731427642049,0.202591389608334,0.0952394289078482,0.1057206072466048,0.1057656743670838,0.1646148911558915,0.2429751296485349,0.1278989249957796,0.1452882997298648,0.0897775301041399,0.1208247510681541,0.1268760898615202,0.1299469421585728,0.1453762057564338,0.1237542327657692,0.0911238794564237,0.1110720385748971,0.1418583341931309,0.0532329781444786,0.0719506827713081,0.1054356495073518,0.0871916397020573,0.0479905267662559,0.085398309478295,0.0616807452319871,0.1206441765416608,0.1160554712588668,0.0575770030919997,0.0969801660371469,0.2599971162442065,0.0429641928694461,0.0372361965805598,0.0403154159667273,0.0484618303543777,0.112872398677366,0.172915713420612,0.202508927697723,0.0514874111217178,0.1101616651013834,0.2105026321723455,0.3204478532823804,0.0072236329793566,0.0032753460978494,0.0034464978339645,0.0074255170873138,0.0044274227080229,0.0028003221151804,0.0088951433553008,0.0025317513564644,0.0042850042117859,0.0049861428338173,0.013509259056998,0.0096599885027401,0.041093599746123,0.0274074273531308,0.0313031381808137,0.0045165675934324,0.0033091355101015,0.0,0.1030276901679041,0.0927762163150323,0.0916789221258937,0.1559918056819214,0.1326275797205678,0.0333386814610427,0.0716440125450565,0.1405630909746529,0.0357090613932422,0.1462691066559864
D103_10_consensus,0.0410712874701317,0.082374422628793,0.0493834505306143,0.042610733027546,0.0351975738783147,0.0264907254109738,0.024789706168665,0.0253362278110325,0.0651070400881907,0.0242574475968577,0.0320623739735372,0.0287877525301736,0.0476383201736538,0.0333572564866875,0.0735138023423829,0.0319041216988162,0.0369233902205614,0.0261679577291342,0.0464750752054943,0.040808944164004,0.0727574914249622,0.0259783803839113,0.0207589399619179,0.2037483842916705,0.1538019771925771,0.1524141688774527,0.1820734993004436,0.1763795508145422,0.1582719042278224,0.0849675480899536,0.0822971530654141,0.1021851662899644,0.0448971052109552,0.0593891837910671,0.0401762672315548,0.0503894803256805,0.0660755255475731,0.0455637721281334,0.0451326518416594,0.0911844194995961,0.0401658424743125,0.0411791584017953,0.0569359004509104,0.0393153985162308,0.047289303944078,0.0173977681354315,0.0242889940806847,0.0165556031434874,0.0198782798944714,0.0332317842150162,0.0166260714981527,0.0189178624010528,0.0227290297056574,0.0450410547552717,0.0505635792349554,0.0392729248446297,0.0277210211604792,0.0246141414013028,0.0196850736493949,0.0233367811414879,0.0255708463281338,0.0288577880677634,0.0231281216110232,0.0212117667742983,0.0266055442113666,0.0288362435581746,0.0296859800746398,0.0228771653080235,0.0161749211709878,0.0129641364374935,0.0304620816273608,0.0193117071544524,0.020649403348111,0.0199183427843969,0.0209822164407773,0.0258685093462229,0.0177934379390718,0.0746111709973567,0.0473949096587578,0.0682865259522254,0.0684058236636167,0.0754708804268569,0.0196475721735973,0.0365158904004268,0.0488937631321961,0.0467105534842922,0.0212546267482967,0.0510412015695402,0.1041524501083532,0.0899679837073597,0.0850287839842049,0.0904786769290089,0.1355468435328477,0.093411992416124,0.1032047458776439,0.0916007834823924,0.1068079473711893,0.0988706869362054,0.119324195713105,0.0720050060544874,0.0626657385717166,0.0312572039657865,0.0449415320116006,0.033272143334134,0.1191058095174995,0.1163986671865044,0.1030276901679041,0.0,0.0034324187275363,0.0142926048139502,0.0179840667191584,0.0071863417867863,0.058141631179466,0.0093072118268109,0.0090783062948922,0.049731405071836,0.0213907791038963
D103_12_consensus,0.0393875757820953,0.077033240219583,0.0462912862929956,0.042827447305008,0.0352740283593089,0.0278163705499245,0.0243763397970209,0.0257497510226905,0.0592368702817722,0.0239377065991766,0.0323348443081696,0.0302539662419984,0.0439898087957413,0.0323804372116454,0.067152294471704,0.0300148172876886,0.0342120009346489,0.025123692664918,0.0430651544230871,0.0382064632004857,0.0666470210854992,0.0249925398671919,0.0221074743648213,0.1911935302085332,0.1441447179651138,0.1422993365430267,0.1708793607474232,0.16507304425149,0.1479847125371183,0.0800490038626282,0.0789119209391193,0.0983578329388121,0.047088400007615,0.0609514251142657,0.0395543792732704,0.0524494470541192,0.0684055632285485,0.0428999324692167,0.0442329917510546,0.0950286767441026,0.0378421978252685,0.0399703696242381,0.0605037532563139,0.047419119885836,0.0562900182354155,0.0214677344389322,0.0255783457041953,0.0202275224600789,0.0219192105120535,0.0412198423568526,0.0189483592607349,0.0222328413393384,0.0259336655803679,0.0523692837475202,0.0611833085463349,0.0442116106015424,0.033671403449734,0.0269339428502295,0.0241428916239057,0.0256072175917108,0.0275790626740803,0.0317712530463811,0.0252336915408601,0.0214116839611664,0.027099422225417,0.0316361557713156,0.0273557484697191,0.0221081923057981,0.0179188176439861,0.0138709046387281,0.027351358253072,0.0191597376212362,0.0194160569955208,0.021850065503826,0.023152779578071,0.0241889420741712,0.0185671247149912,0.0805475096022156,0.0442262854107555,0.0641461794855811,0.0645965289087477,0.0715866057069671,0.0213912815792758,0.0400883358054429,0.0530658186967283,0.0444124400205696,0.0224977801791554,0.055572251796212,0.1117059825146196,0.0818450971733639,0.0762971649750676,0.0813671507655886,0.123131334359007,0.0845683920175321,0.0935927052493026,0.0838701632084184,0.096625280851355,0.0899368986035131,0.1079431039611629,0.0634088904751717,0.0557094049748174,0.0276195535169856,0.0393529961195291,0.0294943998945598,0.1080949133202491,0.1051642420988336,0.0927762163150323,0.0034324187275363,0.0,0.0123804810842429,0.0199574496821801,0.0091416270496411,0.0510450355866565,0.006991727278037,0.0113246788042307,0.0429717928007162,0.021370609805821
D103_13_consensus,0.0483372429398274,0.0937637899688565,0.0575798690597419,0.071729119456684,0.048382535794305,0.0360638769258567,0.0299645955894325,0.0373474364080754,0.0653232568653665,0.0326872497277221,0.0349135832593949,0.0371138309777823,0.0562106631956949,0.0471522948548894,0.0728571731990346,0.0426191798160457,0.0433188245130109,0.0347455766298177,0.0564457816281187,0.051350359286836,0.0757406509229294,0.0357834359817283,0.0323829902940344,0.1745332776971384,0.1389647614378439,0.1374432185412484,0.157568491610843,0.1548928793145734,0.1417056970130428,0.1031811428486833,0.1081600801410349,0.129182646518231,0.0557678269482178,0.0596186904433881,0.042507296395839,0.0586604097150296,0.0668557722639624,0.0473323094320718,0.0466988796567573,0.0952347735837362,0.0413221744991947,0.041656574656832,0.0654412599372999,0.0747602326225331,0.075089485714078,0.0468777804194653,0.0475252777424248,0.0422285018196548,0.0446987839437538,0.0637209499197029,0.0404658283869867,0.0469143763759767,0.0534588445522397,0.0956683189790013,0.0954985985408427,0.0827262571542641,0.068780844987228,0.0514852605202467,0.0512275115103921,0.0262218320365379,0.0236714603832997,0.0310002962024915,0.027312825843059,0.0207640088805431,0.02056952155095,0.0322390854679159,0.0287736585868705,0.0250377222216258,0.0223572360339501,0.0180985858930728,0.0264595826295783,0.0196307826774244,0.0224525089831493,0.022801589575625,0.0277442964478362,0.0262997168437078,0.0188104628638363,0.0804274031616305,0.0592657868363826,0.0838016943912833,0.0843939022325805,0.0948526461446288,0.0319226384340289,0.0429568581169359,0.055573018503642,0.0680315043397152,0.0296223227284899,0.0577497322270534,0.1120534417966343,0.0935570602799042,0.0789296714241878,0.0862949148028722,0.1098224904938671,0.0871369378370765,0.0966272555857203,0.0972408252875709,0.0979495100480871,0.0970962382549931,0.0971783275009094,0.0535617784896489,0.0578064880553892,0.0340162321176675,0.0375249347308672,0.0365811921526839,0.1001361511203828,0.0981507610879655,0.0916789221258937,0.0142926048139502,0.0123804810842429,0.0,0.0182171581102394,0.0182580095577584,0.0476057622092387,0.0074064092126402,0.0189560105154038,0.0355087134167053,0.0143850138292531
D103_15_consensus,0.0574500061258875,0.1363131630133693,0.0688226748946307,0.0752743527587611,0.0465099885236526,0.0304048077813261,0.0365071673175068,0.0384375714922065,0.1168661896965685,0.0427160032330755,0.029695629707688,0.0300022248951625,0.0917939050832705,0.0635929056745325,0.1304147236807953,0.0705111168563448,0.0721334619569171,0.0495213323566892,0.0947003694706118,0.080605364079755,0.1314702881757306,0.0511785935902793,0.0285724568457146,0.2585832407686137,0.2107704493461506,0.2090935611221827,0.2362673063422082,0.2312047228520857,0.2137471080764834,0.1550541610656015,0.1550248272786856,0.1793873934729264,0.0317367900576375,0.0329225886314361,0.0368256004688341,0.0322045822327012,0.0365355036487962,0.0580995493116915,0.0394473283150773,0.0482634489052484,0.0496906498978129,0.0412036782935381,0.032148982535471,0.0404413160467678,0.0336798353068701,0.0458097479625179,0.0688904199106463,0.0477060323245694,0.0597453935599281,0.0318484735499646,0.0513173294549469,0.0541948435862398,0.0632587034384437,0.0904094075481367,0.054699241520395,0.0900469640755279,0.0625170319940364,0.0692124068599451,0.0517621905402636,0.0186634699241317,0.0168456901170737,0.0172552607452587,0.0202673293570549,0.0289726629030724,0.0219276184141836,0.0194401192080881,0.0577998301786655,0.0409327504150445,0.0228741480081167,0.0271929128730148,0.0603349129431176,0.0302025585732828,0.0450818153438907,0.0179726912343571,0.0233479508765048,0.0508660954859063,0.0233619698492448,0.0337140627790288,0.0950885752845005,0.1286702916148954,0.1293149344461284,0.1402165897316365,0.0267076803663641,0.0189581058975907,0.0223640651423489,0.0991000234330581,0.0257257514918727,0.02357802088133,0.0523254937064576,0.1508881474955199,0.1357450228016006,0.145254138126047,0.1862978833843129,0.1495737103620129,0.1611686186083316,0.1543099977250888,0.1635271431012093,0.1590439291634,0.1687563878616842,0.1013536228853366,0.1036031466346516,0.0532201230187823,0.0678818390623732,0.0627813560020209,0.1719311010544268,0.1681045772002507,0.1559918056819214,0.0179840667191584,0.0199574496821801,0.0182171581102394,0.0,0.0099943646793079,0.107899330707351,0.0275449774834335,0.0076824475709011,0.0914309831377453,0.0053298041303371
D103_16_consensus,0.0510484129521255,0.1109550695591377,0.0611301520663793,0.055545395816849,0.0409919832668528,0.0243487511556592,0.0271014595198924,0.0267696494567193,0.089109326192017,0.029951266924364,0.0281400062369474,0.0253280964738813,0.065980936527163,0.0434530026254149,0.1002111864102914,0.047789721738181,0.051374729300198,0.0335623867790531,0.0666208201742941,0.0560415268601914,0.0999458480024486,0.034790328753349,0.0204746663056045,0.2412700231280027,0.188967886537009,0.1868521839668959,0.2182155981388431,0.2115996895357641,0.1931004407190366,0.1174084630695935,0.1136044708672177,0.136730360129567,0.0359580853875822,0.046303367747198,0.0387143980206747,0.0393213244016346,0.0517947559575429,0.0532755548424761,0.0423792255410004,0.0682387925402752,0.0454874398091114,0.0420263516926979,0.0427038698980437,0.0339268177706522,0.0360469284889601,0.0265238238421154,0.0425963452618898,0.028099109149112,0.0352192072135499,0.0271162783417286,0.030227046803616,0.0321414245893878,0.0369510977299043,0.0585269519292781,0.0439253750127086,0.056784894758616,0.0367431248152927,0.0430243046257814,0.0311358629240334,0.0212788873242759,0.0221842050479166,0.0234396499174396,0.0212689072126401,0.0260367468484545,0.0262043174210031,0.0241094076571419,0.0443982153948834,0.0319355514845893,0.0185922145490495,0.0199767294613835,0.0465533456088049,0.0249886815276401,0.0333498868136459,0.0185744226733266,0.0213385350425516,0.0392581841268224,0.0212553519452569,0.0516817425215343,0.0677126919139841,0.0946904645789921,0.0957397467007634,0.1031526779885538,0.0199980843908811,0.025751414464505,0.0326947218606514,0.0678539612367234,0.0207527664325724,0.0344637686937385,0.0759244124944791,0.120131691213273,0.1124644401760583,0.1189273958971002,0.1674547781421171,0.1244580367621539,0.1346634235365824,0.1226745560265536,0.1374470081202634,0.1296802461487871,0.1496750953150361,0.091413274931174,0.0853711531774656,0.0416445033922521,0.0583397701455918,0.0477801976692591,0.1509255231807751,0.1470546162526682,0.1326275797205678,0.0071863417867863,0.0091416270496411,0.0182580095577584,0.0099943646793079,0.0,0.0842601630924004,0.0175701977280029,0.0040798606155343,0.0729079749817058,0.0135330627154166
D103_1_consensus,0.0838533818719842,0.0572923451126969,0.0857811904262471,0.0941818937430918,0.09894578816301,0.0967028382281727,0.0720789162159469,0.0823167729792624,0.0241797984434493,0.0654179994462165,0.1006364967104964,0.1014274628140183,0.0377885707834835,0.0605452977210321,0.0203600673086921,0.0389591272405098,0.0408339517812503,0.0571468327782955,0.0318991656437095,0.0430830230145025,0.0229555570574149,0.0563925569474959,0.0881504719875527,0.097042747402174,0.070877299586554,0.0687051179052717,0.085570349906729,0.0833798603904369,0.0740904943578772,0.0418023830710021,0.0482285163376978,0.0628458202220523,0.1492322952920233,0.168797279907289,0.1107908789963163,0.1590063018660963,0.1827313699436183,0.0844701234668612,0.1178423518544784,0.2364702128280029,0.0836723750095593,0.1021171860793348,0.1796913175677215,0.1662682750926141,0.1885702875820429,0.0824091944567193,0.0462782634060836,0.0708752400461287,0.0538415099375022,0.1567643015697379,0.0595680775164497,0.0686133907904933,0.0665638934356769,0.1194025835983021,0.1914376812856639,0.0882123358347186,0.1026010666471624,0.0542113807918704,0.0823132557046726,0.1000028693005044,0.1011440822527491,0.1168231503870922,0.0982971560597638,0.0680942272496425,0.0867016943048986,0.1146791672597684,0.0359294334419093,0.0542525802880247,0.0781430156925599,0.0594433934698885,0.0277733242125446,0.0617138863396231,0.0399548676580634,0.0913752328907877,0.0914513478535692,0.0411290928331293,0.0722050120304613,0.2206758953339092,0.0339838627252966,0.0350092380469426,0.0363682524544684,0.0421451103993248,0.0886239952171621,0.1422871425433829,0.1701675093556041,0.0414765386884958,0.0873876499282353,0.1750260854051335,0.274681366681718,0.0335129571508971,0.0309776429769339,0.0312070053388993,0.0429361760595856,0.0289387487613339,0.0329581278523694,0.0357775123266508,0.0336597939059242,0.0332395989334024,0.0368883676957274,0.0380701267019292,0.0321312930874206,0.0522722806068181,0.0452114709682689,0.0418261119604679,0.0361967229200415,0.0362243464035918,0.0333386814610427,0.058141631179466,0.0510450355866565,0.0476057622092387,0.107899330707351,0.0842601630924004,0.0,0.0324239592779571,0.0921110851075424,0.0034047341006049,0.099656373305935
D103_3_consensus,0.0420652554619422,0.0704891266893907,0.0490310096140529,0.05353117380844,0.0427714296544747,0.0305867144650537,0.0223240186017061,0.027160216222211,0.0426799978700511,0.021989542322494,0.0328133189178938,0.032826232582102,0.0339757922195547,0.0292809568498588,0.0491148035716371,0.0241324832807716,0.0257098818322347,0.0215565832885777,0.0333683932541539,0.0305536899746776,0.0498710102217359,0.0220137105932174,0.0258143490140252,0.157535287846998,0.1191402756380979,0.1167346003082849,0.1405527544335774,0.1358988784726351,0.1221061809567523,0.0726387720014551,0.0745112356292247,0.0950811548818961,0.058166679177062,0.0705374100351301,0.0437464930625681,0.0635711382022483,0.0797023350499852,0.0419659482254068,0.0481317694449705,0.1106209497697143,0.0375076690307256,0.0420849063368891,0.0743155847300203,0.0699182114260201,0.0793255943581119,0.0325311658098987,0.0289128488663319,0.0296043711088174,0.0270730539455952,0.0619217095035189,0.0257132917324653,0.0309705900977839,0.0343427579703021,0.0724595923714908,0.0895925947468505,0.05807930829826,0.0501103163137042,0.0325473519182963,0.0361498141505727,0.0289614695367301,0.0294082440542711,0.036890444243939,0.0285003532981251,0.0189152254223321,0.0252193568290577,0.0363286262496327,0.0181376610566079,0.0177226837424564,0.020181370360877,0.0141598328440455,0.0166462879320672,0.0163839200240829,0.0138395081102027,0.024508020796123,0.0265005021370718,0.0172830396610663,0.0182309659884518,0.0978104552275667,0.0376171905497795,0.0557947781404681,0.0570557741687443,0.0649432667684086,0.0283072635921968,0.0516373401291669,0.0666439547683301,0.042824225232052,0.027724190027115,0.0698410651183598,0.1348033454609112,0.0673228154614005,0.0591221792598979,0.0640275265066945,0.094457713502388,0.0667067986767513,0.0739060041452637,0.0701701526959253,0.0754076924182172,0.0720450936288541,0.0820681102861362,0.0461197779889319,0.0427572911387548,0.0245142174047767,0.030274265263527,0.0247581290424632,0.0834720354179152,0.080581046199887,0.0716440125450565,0.0093072118268109,0.006991727278037,0.0074064092126402,0.0275449774834335,0.0175701977280029,0.0324239592779571,0.0,0.020034548980548,0.0246228767197242,0.0248609231985419
D103_4_consensus,0.0525848566637607,0.1183263779882892,0.0636049488849215,0.0598003821534849,0.0417846260677867,0.023282771641985,0.0276046170692723,0.0272846214934059,0.0962872126102754,0.03135975243962,0.0263083645249411,0.0239827238552203,0.0713112925625081,0.0462900091557498,0.1083468005002492,0.0522348226239879,0.0553344996525355,0.0356587444392975,0.0727174871545335,0.0607089515326766,0.1079785333934406,0.0372153547804119,0.0203293037984746,0.2494034600406971,0.1971487888344931,0.1949712542388546,0.226119407054826,0.2196346816524617,0.2011621281817213,0.1275362631344414,0.1237232310224039,0.1478090581765228,0.0322474092451523,0.0409537849326158,0.0365692762601179,0.0346563116088649,0.0458581476757444,0.0536848408384988,0.0401460366242583,0.0602150629596813,0.0454770115972094,0.0406144668301804,0.0374716055365542,0.0327440627226467,0.0329135929626458,0.02974248261531,0.0486737913352559,0.0319720143789989,0.0405393402132698,0.0257537727901215,0.0347993213048072,0.0366813004974737,0.0419569409307474,0.0636047157807233,0.0426402711400273,0.0632640264525248,0.0404142482820137,0.0487550747471496,0.0347791718858916,0.0189395813355632,0.0193977170014942,0.0201183653869216,0.0193666049126033,0.0258343012955437,0.0243858739107842,0.0209843543898093,0.0475106363194086,0.0332176845202756,0.0177584569349642,0.0209423321146839,0.0500100105445211,0.0251904298634508,0.0358654338579889,0.0169682192401978,0.0201001180229152,0.0418781556174172,0.0208505287750977,0.0454443838251439,0.0747723945115703,0.1036174289644096,0.1052291013373896,0.1128686896395843,0.0208130626211247,0.022955218554129,0.0287759905260696,0.0756724065181799,0.02146367690698,0.0304064369337719,0.0683296929767358,0.1288440372168704,0.1197428537583311,0.1268310862891386,0.1752239978248368,0.1327723052580873,0.1431668576532461,0.1314513528200231,0.1456847826134701,0.1383682738545042,0.1573524342252765,0.0955985001454875,0.0910793209453828,0.0442410454052675,0.0612241654954122,0.051707218430792,0.1590646969288975,0.1548164370889768,0.1405630909746529,0.0090783062948922,0.0113246788042307,0.0189560105154038,0.0076824475709011,0.0040798606155343,0.0921110851075424,0.020034548980548,0.0,0.0794803196363833,0.0114517691517876
D103_7_consensus,0.0751824040559547,0.059635514399658,0.078314894009984,0.0904827026877939,0.0890312878747696,0.0840426744263469,0.0615490328968304,0.0722887248465866,0.0249358076428993,0.0564546286334461,0.0862198101191271,0.0882162341239514,0.0361950464081815,0.0549384648423121,0.0232589110907799,0.0358200323181572,0.0365669525673588,0.0500515235021765,0.0316449063686334,0.040414761881574,0.0261140907312977,0.0494466141179774,0.076771662323237,0.0983052511813475,0.0735211174842156,0.071307385233502,0.0870987110402223,0.0850726549325298,0.0761356142819495,0.049115618380684,0.0565159740065714,0.072688853632675,0.1323857431235477,0.1486572376379831,0.0963811982212554,0.1408799525151405,0.1617831921974524,0.074179626105141,0.1028283711982727,0.2124024155543677,0.0728648707149233,0.0886884291438319,0.1600646376727477,0.1541108048346506,0.1727223740098145,0.0774623906368114,0.046525841975189,0.0671057571563107,0.0524624647813016,0.1440725246169663,0.0565770702471271,0.0657517008299857,0.0656441620767882,0.1200776282977491,0.1808748094947772,0.0904370594088055,0.1001463565319573,0.0540798192891838,0.0785705103564575,0.0847753601432215,0.0848278642325137,0.0999796349101389,0.083591345531663,0.0559571847664948,0.0712340374288995,0.0981232409669425,0.0293028562845103,0.0449378788373753,0.0661879705029164,0.0495164571869981,0.0221032918984347,0.0506189534963796,0.0326943642556836,0.0771643167369742,0.0781239420487001,0.0337036313735472,0.0596144098114432,0.1984182323854773,0.0354039273476392,0.0405527730024024,0.0415223255865075,0.0487085288040525,0.0784595916292092,0.1256390580287174,0.1514300894753804,0.0448825494496842,0.0767278025278122,0.1559935780807553,0.2500408478181111,0.0384280312552638,0.0326471402193133,0.0343353832379751,0.0446034741647309,0.0325220708976052,0.0369950863362564,0.0410748056824825,0.0373710363607786,0.0379422183342939,0.0382581891688689,0.0334107349718966,0.0305836845694074,0.0456817576147772,0.0386530365167585,0.0372489079978075,0.0387058019424344,0.0382249226536295,0.0357090613932422,0.049731405071836,0.0429717928007162,0.0355087134167053,0.0914309831377453,0.0729079749817058,0.0034047341006049,0.0246228767197242,0.0794803196363833,0.0,0.082668883984792
D103_9_consensus,0.058194120560346,0.1349058326774113,0.0688837691532988,0.0813103405190744,0.0497292095480155,0.0309745417708047,0.0348300254687679,0.0386575353144369,0.1102288882887476,0.0416996187159401,0.0281296644656974,0.0305316045172991,0.0880144664472002,0.0631513843602968,0.1238299644988618,0.0691819292097521,0.06894235728595,0.0480615331212863,0.0917576013731329,0.0781319332446024,0.1254385733858596,0.0500131053895485,0.030113340511904,0.2431596853456916,0.2005842031489901,0.198319963969876,0.2228952464676599,0.2180555858588713,0.2022146710889707,0.1555722139974165,0.1579875273829465,0.1839478935402692,0.0352236050252798,0.0347355689088804,0.0371188902748169,0.035129391097076,0.0394325214220607,0.0565728795131388,0.0390396061646267,0.0516936008221264,0.0484122479859152,0.0406345411774777,0.0365047582216897,0.0528663714087862,0.045821266810945,0.0537797927903769,0.0742880356611443,0.0554517296879568,0.065628649489672,0.0434666848133797,0.0573188376139066,0.0617221390184301,0.0711641262776368,0.1059146362473963,0.0718892375380226,0.1023639455913887,0.0747704432052147,0.0759957841202547,0.0609818978967453,0.0198618592365349,0.0170384659924804,0.0190359514895606,0.0213328036217541,0.0276675050802674,0.0197902977368817,0.020936630800465,0.05422148441491,0.0389296801421856,0.024456767387301,0.0282829282915697,0.05607498976123,0.0287919085647452,0.0433018602630692,0.0189258911965435,0.024840483783926,0.0483324643865961,0.0228778676885106,0.0398291195187132,0.0944185814975444,0.1282987110897782,0.129365422609049,0.1410711784629885,0.0303808020945064,0.0236737703355052,0.0272053269554568,0.1013462853209929,0.0284131137273311,0.0288517975924573,0.0610780499592307,0.1457107379060316,0.1282720674544872,0.1378372789387167,0.1723030242080554,0.1422856094133386,0.152875136579432,0.1500159721651242,0.1543443100203898,0.152137398451309,0.1562770821554773,0.0919576817725049,0.0977392387481472,0.0513315658490753,0.0627505709967692,0.0608382972615526,0.1606744762101266,0.1564239896241828,0.1462691066559864,0.0213907791038963,0.021370609805821,0.0143850138292531,0.0053298041303371,0.0135330627154166,0.099656373305935,0.0248609231985419,0.0114517691517876,0.082668883984792,0.0
