Sample1,326650_10_consensus,326650_11_consensus,326650_12_consensus,326650_13_consensus,326650_14_consensus,326650_16_consensus,326650_17_consensus,326650_18_consensus,326650_1_consensus,326650_2_consensus,326650_3_consensus,326650_4_consensus,326650_5_consensus,326650_6_consensus,326650_7_consensus,326650_8_consensus,326650_9_consensus,326651_14_consensus,326651_2_consensus,326651_5_consensus,326651_7_consensus,326651_8_consensus,326651_9_consensus,326713_2_consensus,326713_5_consensus,326713_9_consensus,326737_2_consensus,326737_7_consensus,326737_8_consensus,326780_11_consensus,326780_12_consensus,326780_13_consensus,326780_14_consensus,326780_15_consensus,326780_16_consensus,326780_17_consensus,326780_1_consensus,326780_2_consensus,326780_5_consensus,326780_6_consensus,326780_7_consensus,326780_8_consensus,326797_10_consensus,326797_11_consensus,326797_12_consensus,326797_13_consensus,326797_14_consensus,326797_15_consensus,326797_16_consensus,326797_17_consensus,326797_1_consensus,326797_2_consensus,326797_3_consensus,326797_4_consensus,326797_5_consensus,326797_6_consensus,326797_7_consensus,326797_8_consensus,326797_9_consensus,326907_11_consensus,326907_13_consensus,326907_3_consensus,326907_7_consensus,326907_9_consensus,327059_11_consensus,327059_12_consensus,327059_13_consensus,327059_14_consensus,327059_15_consensus,327059_17_consensus,327059_18_consensus,327059_1_consensus,327059_2_consensus,327059_3_consensus,327059_6_consensus,327059_7_consensus,327059_8_consensus,327059_9_consensus,D103_10_consensus,D103_12_consensus,D103_13_consensus,D103_1_consensus,D103_7_consensus
326650_10_consensus,0.0,0.0070504298422466,0.0151669706581953,0.0734468469729696,0.0189869895755867,0.0056468618611829,0.0609454448513799,0.0428420918309226,0.0875876900890562,0.0431842563857634,0.0309076921466022,0.0167395815180562,0.0474640757874516,0.0277916501280852,0.0827643890895348,0.0130035373403041,0.0052546043988179,0.2184349603102759,0.1738398681504254,0.1691889064589355,0.1993762739902083,0.1907703659010318,0.174068765960202,0.1290942151872078,0.1251702072483613,0.1575867865874549,0.0412353487451708,0.0389995858996554,0.0308897145880768,0.0384693757366552,0.0517961226757339,0.0554685764373541,0.0534745072423978,0.0451025766585155,0.0466100874456909,0.0408561814166326,0.0510053644656531,0.080053459733195,0.0737487926519433,0.0534346108162884,0.0695316851346259,0.0419693828897003,0.0122725307894411,0.015906256663464,0.0132821784313579,0.0180369351237663,0.0191785734886158,0.014256724323622,0.013727434530228,0.0248259577635012,0.0139800443643833,0.0212648209136254,0.0586514250690379,0.0245105564460015,0.0359826616515013,0.0122625277405612,0.0115771225819605,0.0288299700357743,0.0153419768658231,0.0510016479077313,0.0747858960968663,0.0308378138295832,0.0275543023041713,0.0959664190554319,0.1086168338021842,0.1216756603567574,0.1631942289212054,0.1333354400404793,0.1353751555147386,0.136998934487786,0.1281986874128895,0.148544929637433,0.09628435891549,0.0793832909598766,0.0567351639234754,0.1538371779080183,0.1476552996503359,0.132137550433887,0.0335317258440657,0.032992204109667,0.0502421946965911,0.104090698047619,0.09178696789502
326650_11_consensus,0.0070504298422466,0.0,0.0079091048226889,0.048208840220286,0.0091439938123363,0.0052056952903543,0.0399224501756858,0.0273326516903837,0.0603109464171529,0.0268906008864302,0.0159908607791283,0.007548020721007,0.0288903173966961,0.0143193514352955,0.0562860889462193,0.0060860835794747,0.0053917556045668,0.1825739229406195,0.1430023100010933,0.1382059437197034,0.1657440723183727,0.1581297546120437,0.143193153402648,0.1037269820561181,0.1022754563262884,0.1327198365258084,0.0357976489001465,0.0333951615376806,0.0324909869561107,0.0506222376319298,0.0442231908079087,0.0444255477853268,0.0467677310984457,0.0375410495701959,0.0624735370107263,0.0371854332628078,0.0454664592583826,0.0800657182354456,0.0687158992196295,0.0530937463837988,0.058198971604499,0.0417294016045683,0.0160223447770038,0.0199224610635466,0.0117755474969651,0.0275407794825541,0.0124957665546521,0.0126153542547964,0.0110401762772616,0.0147767561715186,0.0102969330060602,0.0159823020502321,0.0389902369165211,0.0146785898083345,0.0230410033630565,0.015720177463506,0.012634551815827,0.0174995235467996,0.0126102361330424,0.0676781378766859,0.0560705888290744,0.0294733899749193,0.0296203267450065,0.1221435927746501,0.0828096892027634,0.094145236757674,0.1296185718195852,0.1045444067809509,0.1070850454034655,0.1076269312499107,0.1006799894934653,0.1173552772534662,0.0731529320709398,0.059593490506371,0.042428734517065,0.1218111075146488,0.115979252627115,0.1031031078478772,0.0299979154955352,0.0272967021982974,0.0364570830466739,0.0778255415254509,0.0669477724449656
326650_12_consensus,0.0151669706581953,0.0079091048226889,0.0,0.0350413171324017,0.004944857676338,0.0123321079899314,0.024626005374662,0.0146796238197044,0.0454208746343045,0.0150229529560368,0.0100155983928615,0.0057557376711017,0.0173796516558564,0.0078907348069865,0.0408003245549846,0.0063305349130384,0.0109460112977384,0.1715397069663877,0.1303532370242139,0.1253660388423787,0.1554737234110277,0.1466878652858056,0.1309982766607547,0.0812102112861898,0.0773590052788364,0.105372435640124,0.0411131287864012,0.0396083098489867,0.0457874042854911,0.0604149882020887,0.0327172604694636,0.0351611488703227,0.0389459474726656,0.0306066572231431,0.0741328685519135,0.033904200019033,0.0362383999503181,0.066301354454672,0.0540042478396989,0.0441001666221083,0.0439528780943287,0.0378733346023816,0.02912156363878,0.0374125203862725,0.0192858722306983,0.0454108822776504,0.0163111367104527,0.0246808730954661,0.016777905813802,0.016364952499674,0.0138657465785163,0.0183846353833345,0.0307779748424934,0.0149846220858451,0.0194554917780713,0.0287112558598989,0.0203616995177329,0.0173678881094749,0.0203882607946805,0.0925990564678533,0.0439042043984168,0.0329036470705981,0.040011000466789,0.1550562422585955,0.071424240502016,0.0809670392929939,0.1209353475540702,0.0915407034882829,0.0910676435252231,0.09191430078842,0.0833465735276473,0.1078507678252567,0.0710439343913771,0.0536536907268159,0.0370483853456349,0.1103622971183453,0.1062435268594583,0.0896275819685943,0.0302215191047237,0.0281957308585099,0.0383787497888832,0.0675298542320925,0.0609892549457615
326650_13_consensus,0.0734468469729696,0.048208840220286,0.0350413171324017,0.0,0.0241356587900254,0.063785684865163,0.0054423247516517,0.0150376442666084,0.0035389421750657,0.0101451933389782,0.0134343199345732,0.0284376969206832,0.0064925198750751,0.015761091765432,0.0024396054864741,0.0353998863653597,0.0624457079215545,0.092308060410116,0.0648215761726547,0.0601055255720668,0.0815872555210344,0.0765022908046715,0.0655160225020168,0.0393889422614526,0.0445682366204644,0.0652947392085288,0.068760228029256,0.0676983745792245,0.0975907675878007,0.1448785907170489,0.0526183794810277,0.0438853351485502,0.0610049278809556,0.0516893604051036,0.1703636521075209,0.0668676637691403,0.0623548226966566,0.1068149167080534,0.078450518387366,0.0878783635633402,0.0490868850887755,0.0814757410619559,0.0882010063590765,0.0981191736891204,0.0608828022974048,0.1235671570940972,0.0416253318883352,0.0675382314795225,0.0545700556001698,0.0314619795225459,0.0484918681236221,0.0462100978201274,0.0111241134556632,0.0300100691782052,0.0220238893352417,0.0873370775482413,0.0705580384251485,0.027044578288037,0.0575250336525412,0.1938593849390146,0.0272140709266732,0.0753155208787639,0.0951505202696907,0.2825886497181855,0.0301513470920697,0.033062502323351,0.0523792902371846,0.0367834035101122,0.038138533857813,0.0372696108159411,0.0339286923938688,0.04615746886597,0.0397977406734275,0.0320925075996472,0.0346999950422635,0.04579797300498,0.045142993436853,0.0360154038584763,0.0621736694543795,0.0560762641226482,0.0395878140348759,0.0248181310063655,0.0253754602924978
326650_14_consensus,0.0189869895755867,0.0091439938123363,0.004944857676338,0.0241356587900254,0.0,0.0152943340082911,0.0163102957614613,0.0095220462983176,0.0329895615996118,0.0082533987051816,0.0053722111664882,0.0041851950090743,0.0100516378157466,0.0041395766965175,0.0290361822617919,0.0051569889056315,0.0132388772643405,0.1492757742664761,0.1107091259412005,0.1059480475899823,0.1341944584339609,0.1263671165121609,0.1111447827547786,0.0658553140079662,0.0640995898698779,0.0894413282005235,0.0363402505477683,0.0351563109386381,0.0452576296378604,0.0652055664739759,0.0277391744312511,0.0280655172666914,0.0334362863055197,0.0256906930465365,0.0810401978878818,0.0302326884001287,0.0323056481962824,0.0641292817907359,0.0494170811435061,0.0433493197997032,0.0359502508369065,0.0359614535850703,0.0305323080116419,0.039049831437067,0.0179918860712495,0.0501609538332736,0.0123385740856329,0.0234662058895205,0.0149876731190881,0.0111696063312196,0.0116261161993325,0.0139947722966251,0.0198247227985914,0.0095580593866682,0.0115392954727306,0.0300605884068572,0.0205795057663831,0.0108541509431603,0.0177540759495418,0.1009385179362301,0.0339233851777667,0.0315776177917621,0.0409507344371187,0.1669372695988213,0.0565849065708583,0.0652447384800458,0.1012535824790328,0.0735701074514079,0.0739140383295806,0.0749413070877569,0.0676480366178777,0.0887905197238243,0.0570963949701202,0.041275852038475,0.0278103649973688,0.0908756044400549,0.0880376989097468,0.0725692921599572,0.0265262177335712,0.0243313013687025,0.0298521559734457,0.0527204946606092,0.0473216747647722
326650_16_consensus,0.0056468618611829,0.0052056952903543,0.0123321079899314,0.063785684865163,0.0152943340082911,0.0,0.0528232765139558,0.0367045023838752,0.0776896708829211,0.0371854899899917,0.025262787328117,0.013048953096681,0.0405460386998548,0.0225695574714954,0.072904306209387,0.0105626349354386,0.0051423283730596,0.2059014658353755,0.163595708753963,0.1585322757051264,0.1880485990087814,0.1798410263759793,0.1634914244786731,0.1209787653119702,0.1179644173870677,0.1505161150808449,0.0409833776572243,0.0386737090927153,0.0329886202008307,0.0432410190988221,0.0487932852383705,0.0517856828298004,0.0513449380685706,0.0427299511142376,0.0527297689078141,0.039908390479149,0.0493544840888517,0.0806782667177223,0.0723754209063791,0.053947719588467,0.0656288560035607,0.0420290664209623,0.0136610161574601,0.0174771798626025,0.0125882010519715,0.0216111131490475,0.0164279896278465,0.0136673152615429,0.0125667399049946,0.0209290930200278,0.012619453953321,0.0197244183109619,0.0516555352584395,0.0209390320473374,0.0313355607358634,0.0137597215619065,0.0118811472829341,0.0246862904711999,0.0144801081528243,0.0590302635980375,0.0691394445755797,0.031931293051918,0.0301092649714824,0.1080508439839551,0.1009227824563367,0.1133493607886757,0.1526021642745805,0.1245883347951481,0.1270128252601203,0.1283519855818884,0.1199981744657456,0.1392835507686367,0.0898822765977334,0.0740681195709314,0.0533027771049416,0.1440061523273481,0.1380144061055332,0.1232123831725529,0.0335411072093325,0.0320622856686094,0.0463777672307834,0.0953785745372925,0.0834545897108691
326650_17_consensus,0.0609454448513799,0.0399224501756858,0.024626005374662,0.0054423247516517,0.0163102957614613,0.0528232765139558,0.0,0.0071205697265259,0.0092244235789342,0.0054728661536538,0.0093125832700877,0.0212913907198863,0.0038469513048156,0.0099433950364415,0.0060824308258862,0.0270301263076344,0.0509056412172794,0.1095573200485846,0.0772053074925906,0.0720633229316618,0.0978801865791325,0.0904773370085703,0.077795023155291,0.0395514807326131,0.0404909934627433,0.062727140317861,0.0632402445330315,0.0626790848328351,0.0900685255244333,0.1272513023240948,0.0410415531931276,0.0383505164305795,0.0523046891671672,0.0435343550411184,0.1499448298258636,0.0571170905104532,0.0511866741878872,0.088857682155071,0.0647135248084564,0.0715219007930922,0.0413586682659987,0.0678205049124853,0.0787476618920646,0.0911813754456565,0.0533898998790114,0.111104977223837,0.0366145024360378,0.0626119562007687,0.0464888327633685,0.0284473383402446,0.0408104943176619,0.0405254098992085,0.0131572632362662,0.0261702842711359,0.0198743145014734,0.0783825222398437,0.0605067934508731,0.02423532348259,0.0517255074609623,0.1821224188998078,0.0278520379465101,0.0678630724662996,0.0884643561961375,0.2684417625168471,0.0364111508202738,0.0398633514793429,0.0690908215185368,0.0462480102366793,0.0448799098967134,0.0449785886983917,0.0388618943171419,0.0602723572288788,0.0490403862376851,0.0355656604814358,0.0327491102178987,0.0597684520468728,0.0585499913965232,0.0444309614757472,0.0551843537828506,0.0504438780413574,0.0435229344584033,0.0345325008284129,0.0355667017033969
326650_18_consensus,0.0428420918309226,0.0273326516903837,0.0146796238197044,0.0150376442666084,0.0095220462983176,0.0367045023838752,0.0071205697265259,0.0,0.0215251052145619,0.0056847156512533,0.0078726573041008,0.0135116695365278,0.0062639807482876,0.0067725317439162,0.0171941913958511,0.0176864084718086,0.0345698076622635,0.1343896247627736,0.0970891392991628,0.0916778775781157,0.1208017219664503,0.1122208572796621,0.0975561013579842,0.0491619997644132,0.0466560329582455,0.0700762320147321,0.0543418140177216,0.0537630638578727,0.0739418050704925,0.0993695243412577,0.0319574756912466,0.0330150315909216,0.042389388496792,0.0343973375154931,0.1184112541739956,0.0447155279804398,0.040072454313754,0.0718445839435872,0.0528698033615837,0.0543130451836928,0.0365363534567269,0.0516899235425754,0.0609587150439949,0.0733606480221773,0.0407211374598732,0.0876382260471304,0.0289509495068376,0.0501905208612303,0.0347027974939431,0.0242067072679175,0.0298498676281004,0.0314386669208417,0.0188564405361182,0.0215230971390267,0.0186780773207093,0.0608158200358657,0.0448737084996508,0.0211040245547451,0.0403509782756676,0.1508364774436641,0.0314728914054658,0.0533697000186617,0.070434376666796,0.2293040139273943,0.0479721032784343,0.0536627687169959,0.0904970379411418,0.0621543785635321,0.0600700786218126,0.0606720113789336,0.0523016203700974,0.079126480691503,0.0583342752920996,0.0411941435960248,0.0316685238577987,0.0794446959623158,0.0775032909051036,0.0601304369381345,0.0452507805840314,0.0419904673638269,0.0443084133972391,0.0494039880795984,0.0486327494344678
326650_1_consensus,0.0875876900890562,0.0603109464171529,0.0454208746343045,0.0035389421750657,0.0329895615996118,0.0776896708829211,0.0092244235789342,0.0215251052145619,0.0,0.0144424091041335,0.0206657335152149,0.0373055710954783,0.0103193778195294,0.0231647767134592,0.0028392101773935,0.0458268224222226,0.0753224725763406,0.0941834595956185,0.0656152228234905,0.0611153641062491,0.0827353579389509,0.0783632764331212,0.066898915333649,0.0366354607542831,0.0416674202393299,0.060916652270067,0.080689722610372,0.0796440397536937,0.1122728550178893,0.1584180383573175,0.0577382760626514,0.0463062550057404,0.0649003463646229,0.0560620110939131,0.1849669491618719,0.0731673705245823,0.0663660841899052,0.110681385209868,0.0808071000594372,0.0934031625415254,0.0505975309090125,0.089009229250105,0.1032067036529449,0.1134053095004574,0.0740094041987946,0.1406472378172409,0.052730208050197,0.0811323638314309,0.0674526998482196,0.0412862793612562,0.0591418107121812,0.0549859060451689,0.0144878605253975,0.0392132762554249,0.0288330956343134,0.1013272582735345,0.0845199494029085,0.0361767251256379,0.0696414497671122,0.2091433891280694,0.0268660516514964,0.0826746703981022,0.1046829438055105,0.2997408792232043,0.0309911567166549,0.0326044423441338,0.050687696499402,0.0352234466503933,0.0368117167194341,0.0355844059984029,0.032742442713924,0.0444374020426199,0.0426054608956354,0.0354783660906345,0.0397040713636727,0.0436082967233151,0.0441385283872701,0.03530776236581,0.0674002257675505,0.0614086012618031,0.0423104659639932,0.0210239133365579,0.0234743308503704
326650_2_consensus,0.0431842563857634,0.0268906008864302,0.0150229529560368,0.0101451933389782,0.0082533987051816,0.0371854899899917,0.0054728661536538,0.0056847156512533,0.0144424091041335,0.0,0.006332399463016,0.0124407440922853,0.0027226750844562,0.0058499996049494,0.011899266028875,0.0165840392518594,0.0336290271053751,0.1258009939351847,0.0880727252698285,0.0834680939572951,0.1116392592013886,0.1042766493107203,0.0889017122600552,0.0422766484976229,0.0415647690131528,0.0631163818081894,0.0499005826166598,0.0495658643624237,0.0702316101714517,0.0936625432372579,0.0262587422701363,0.0236683067783314,0.0332959447152605,0.0264544670078965,0.1137870139702101,0.036352147556653,0.0325679540541683,0.0642353830398976,0.0449853523972407,0.0485794989644476,0.0274268471529408,0.0446892101246616,0.0570465004219284,0.0684581857750998,0.0365973182385754,0.0845606359389234,0.0243221103269686,0.0451988451715434,0.0316276407207869,0.0192294799401286,0.0252950587365727,0.0240867883744062,0.0113913510148373,0.0165745467506024,0.0118649559984502,0.0560234843653431,0.0417551858801825,0.0161391993789594,0.034857803099932,0.1442781596069542,0.023574417260896,0.0459490036508629,0.0632060297701482,0.2210083401018909,0.0405962998457392,0.0461485081627977,0.0797576443743137,0.0519036705815221,0.0514322506236757,0.0528741944603599,0.0455775957097932,0.0681992506031594,0.0493674171982156,0.0334085085286783,0.0251828969001852,0.0683777789678758,0.0680494330229377,0.0520804947378783,0.0350215635478416,0.0322404388686425,0.0314682476345566,0.0352097621787734,0.0347896005652783
326650_3_consensus,0.0309076921466022,0.0159908607791283,0.0100155983928615,0.0134343199345732,0.0053722111664882,0.025262787328117,0.0093125832700877,0.0078726573041008,0.0206657335152149,0.006332399463016,0.0,0.0072118453014144,0.0055854346114223,0.0032007067371448,0.0172634176706889,0.0101353485325823,0.0247303990363505,0.1274395865977746,0.0939086707867531,0.0888378482106091,0.1143423960062266,0.1071312612796528,0.0942862533327861,0.0602538170393831,0.0613156724070442,0.0870740525579831,0.0435268078071322,0.042049652550351,0.0582284991662032,0.0918382667950323,0.0380280628347229,0.0354713781123239,0.04531382520587,0.0357721614534281,0.1107492827794942,0.043929335720696,0.0446010041390039,0.08319207007382,0.0633730533974468,0.0607705052731564,0.043847632505626,0.0530291823242023,0.0448655081652589,0.0530958305530289,0.0281510589714342,0.0692678402790045,0.0179629437056325,0.0328440940383778,0.0236340672243056,0.0134946501874679,0.0202148527543011,0.0225413523708803,0.0143992231977607,0.0124197968970252,0.0123111738216294,0.0446353850469662,0.0330135393565917,0.0123578221232865,0.0269476018210887,0.1283314039465768,0.0320099987163571,0.0454861293937005,0.0569142464115248,0.2024541786982254,0.0462875176403105,0.0529267554853429,0.082312488200845,0.0608792384113794,0.0617242526263233,0.0615220770875133,0.055880024491298,0.0729097695009892,0.0484463933928216,0.0363938402449059,0.0288638064335984,0.0748794141959079,0.0712146156401853,0.0590498558223897,0.0381087887586151,0.0337375367115093,0.0313739115235796,0.0429550392094792,0.0383386020734048
326650_4_consensus,0.0167395815180562,0.007548020721007,0.0057557376711017,0.0284376969206832,0.0041851950090743,0.013048953096681,0.0212913907198863,0.0135116695365278,0.0373055710954783,0.0124407440922853,0.0072118453014144,0.0,0.0136172653905477,0.0055004548521218,0.0340108868853548,0.0055580918565354,0.0120783887244124,0.1614891359982406,0.1217420170283816,0.116406521697475,0.1452844967243667,0.1376003129852279,0.1224352026777957,0.0777352801056787,0.0756780203988789,0.1034051311661663,0.0406261497144555,0.0386515355776957,0.0461625157675449,0.0657413629115737,0.0343206872513208,0.0334863280411479,0.0388938288012585,0.0302645628810376,0.0807962917314846,0.0346096921913448,0.0370346245619019,0.0708459534768923,0.0561256185879459,0.0475596376490301,0.0433475540228913,0.0404994790030555,0.0299186889735292,0.0369762041509407,0.019373109976005,0.0477936448556031,0.0147308991195123,0.0231433175069035,0.0165586573038201,0.0137601880682289,0.0129656725133244,0.0167109181198537,0.0249392679825177,0.0123604394292442,0.0158980772910339,0.0292515824587287,0.0215236557217952,0.0143320183158719,0.0192523523496079,0.0951095663803522,0.0393672054025238,0.0326429072608318,0.0396044632439931,0.1591538001035282,0.0641102085775768,0.0726462277520934,0.1084654639680504,0.0824886715610251,0.0836925172238967,0.0837529086888402,0.0765114561275961,0.0967085828842835,0.0621384754339269,0.0474441477136755,0.0334174054214821,0.0997064625602286,0.0954798718877549,0.0810305686840111,0.0288926058583491,0.0262522951845465,0.0319223337046894,0.0580324886978305,0.051382532085781
326650_5_consensus,0.0474640757874516,0.0288903173966961,0.0173796516558564,0.0064925198750751,0.0100516378157466,0.0405460386998548,0.0038469513048156,0.0062639807482876,0.0103193778195294,0.0027226750844562,0.0055854346114223,0.0136172653905477,0.0,0.0058402884092192,0.0081820537188352,0.0186652136420937,0.0382096426466702,0.118287022332697,0.0832734924805835,0.0785359923866027,0.1049779354588968,0.0981100548820723,0.0842464359235197,0.0427130742305292,0.0432972951432866,0.0655225530140182,0.0535856664856986,0.0527097840569128,0.0752253674623464,0.105247827392068,0.0328028324954461,0.0285563096364684,0.0402385656630892,0.0322401868743389,0.1265701243815273,0.0434916057320009,0.0396396651664332,0.0756461313445697,0.0539792441063555,0.0580705667662702,0.0333986304437985,0.0536323506055751,0.0624840561626065,0.0730802323295991,0.0407642870971898,0.0916074132424462,0.026906691650173,0.0483076984511345,0.0355237471213154,0.0204019398167556,0.0290883458811954,0.0284358308274592,0.0104001639926387,0.0181789192312162,0.0135799580777016,0.0614222200403711,0.0469834988123922,0.0173733327847545,0.0388012582717998,0.1539272438428618,0.024042359163273,0.0521570953270602,0.0693882706167787,0.233925112379314,0.0377459748492645,0.0426996618483768,0.0726480349246205,0.0486300850743823,0.0487399098282814,0.0490358391216956,0.0429081461249944,0.0627397540871559,0.0461317738205488,0.0327033735315094,0.0271408881649737,0.0630025155532383,0.0619310161959338,0.0481123344808507,0.0411526360468341,0.0374012223958475,0.0324748801185448,0.0321118516974214,0.0315684446835131
326650_6_consensus,0.0277916501280852,0.0143193514352955,0.0078907348069865,0.015761091765432,0.0041395766965175,0.0225695574714954,0.0099433950364415,0.0067725317439162,0.0231647767134592,0.0058499996049494,0.0032007067371448,0.0055004548521218,0.0058402884092192,0.0,0.0198555894870908,0.0086830528662913,0.0216790874639132,0.1386120468542859,0.1015538440800725,0.0962343280304143,0.1239183661178611,0.1161978272377046,0.1021491185929717,0.0618321963241088,0.0607876133061333,0.0872419742005696,0.0448183848889325,0.0430149808057187,0.0576576233240277,0.0851177327250152,0.0344149259667956,0.0330387363132382,0.0416856083972714,0.0325432456738168,0.1029998095924806,0.0404112602682502,0.0398132485357773,0.0756767064637875,0.0573636491715898,0.0539074272135433,0.0407637987555231,0.0481748125694361,0.043510067398893,0.052349577531003,0.0276237679719661,0.066673927860962,0.0187899375808004,0.033213399141621,0.0233242823718775,0.0151356061423006,0.019215069211242,0.0220498936811042,0.0172962880509013,0.0135372239508297,0.0138339119070511,0.0430183683984584,0.0314977952009449,0.0140152738477663,0.0271183010018969,0.1225448907865303,0.0320196989844827,0.0419665178750232,0.0534659745527044,0.19500282246252,0.0505615708251028,0.0573682795757726,0.090710694522043,0.0664143107027737,0.0666993015052206,0.0665310064665396,0.0597470107867348,0.0802241866673538,0.0537493520820735,0.0397604191063152,0.0300020645909366,0.0821436078029789,0.078586771549503,0.0646332790632868,0.0356563086932908,0.0322411377894802,0.0332711805209742,0.0471793907178712,0.0429901764872813
326650_7_consensus,0.0827643890895348,0.0562860889462193,0.0408003245549846,0.0024396054864741,0.0290361822617919,0.072904306209387,0.0060824308258862,0.0171941913958511,0.0028392101773935,0.011899266028875,0.0172634176706889,0.0340108868853548,0.0081820537188352,0.0198555894870908,0.0,0.0416026872675701,0.070797634427512,0.0906095527811441,0.0629263543647002,0.0581991714048122,0.080003332538844,0.0748194053919135,0.0637375215282958,0.0363006495733619,0.0413395253883965,0.0611882137285872,0.0752347261206516,0.0744220905323898,0.1071010831902841,0.154327954563894,0.0546999907145266,0.0457718229997903,0.0637138070705614,0.0547324041517347,0.1806330450138835,0.0712932662005219,0.0650131726374194,0.1087588614803927,0.0795867900048898,0.0913103526032017,0.0495762207804642,0.0860420772979644,0.0979517597497441,0.1089508630253526,0.068944502582811,0.1350377301862293,0.0478922507325165,0.0765005441113295,0.061886543111461,0.036931026868304,0.0549048067114972,0.0516972564272038,0.0123976041670959,0.0348936737971783,0.0253421768896195,0.0969354058918003,0.0789569210220841,0.0315999476603403,0.0651063366311186,0.2077006255560824,0.027545757622553,0.0817562253358419,0.1039856159911885,0.2991463076303358,0.0297111415438608,0.0316042399334444,0.0512118586096121,0.0347883231374464,0.0355504483566058,0.0348760008189685,0.0315468810321073,0.0448719656900573,0.0418470874435117,0.0335436608694763,0.037083701237691,0.0439408434944601,0.043891549360862,0.0342678867963481,0.0670826270068598,0.0609019843445839,0.0437335776286476,0.0240113247327773,0.0260859904757531
326650_8_consensus,0.0130035373403041,0.0060860835794747,0.0063305349130384,0.0353998863653597,0.0051569889056315,0.0105626349354386,0.0270301263076344,0.0176864084718086,0.0458268224222226,0.0165840392518594,0.0101353485325823,0.0055580918565354,0.0186652136420937,0.0086830528662913,0.0416026872675701,0.0,0.0092888446200323,0.1632936147265047,0.1238590462885493,0.1191754738964059,0.1470678454194898,0.1392250323576496,0.1240403003139469,0.0831204541187631,0.081831050674654,0.1099409969960643,0.0347247898138798,0.0333887433245552,0.0383423299553378,0.0586164357033371,0.0354963370830043,0.0360630953684832,0.0399818517498848,0.0315363847017584,0.0724680017704724,0.0334164796108913,0.0386567612981396,0.0718971822834575,0.0587070714979569,0.0482549303586239,0.0465358835738802,0.038683792067899,0.0235181871172738,0.0300832402429325,0.0149296779762186,0.0391972382367153,0.0122112846392905,0.0181438553735961,0.0127847313228866,0.0126590623434132,0.0108414406407515,0.0147829572479762,0.0287185761078605,0.0116954460463976,0.0166943326362378,0.0233083273745329,0.0165410201205205,0.0136671326230706,0.0149795544919095,0.0848649571649708,0.0437378932506788,0.0302353321151978,0.0353181924209398,0.14556501232454,0.0676817140759924,0.0775245484036926,0.1131168371376594,0.0866289652973071,0.0879296251705081,0.0888700403524982,0.0817093209073398,0.1008008966359366,0.063279367569673,0.0483847754187749,0.0334476638899357,0.1042022169940315,0.099886510087761,0.0854258359860917,0.027889291793504,0.0254855697698257,0.0329815616675279,0.0643303764177565,0.0565008575070473
326650_9_consensus,0.0052546043988179,0.0053917556045668,0.0109460112977384,0.0624457079215545,0.0132388772643405,0.0051423283730596,0.0509056412172794,0.0345698076622635,0.0753224725763406,0.0336290271053751,0.0247303990363505,0.0120783887244124,0.0382096426466702,0.0216790874639132,0.070797634427512,0.0092888446200323,0.0,0.205160324080909,0.1607971704076627,0.1562796867082498,0.186609967988053,0.1784261534065043,0.1608958183313902,0.1111300155559122,0.1070817902186238,0.1370022719567227,0.0370580227713208,0.0352740096052599,0.0303068977577627,0.0354298106994681,0.0398713314494516,0.0429742810475577,0.0415397292293349,0.0343564381989107,0.0449187435883873,0.0311080711803288,0.0397271235950302,0.0673777286579122,0.0601548587978308,0.0431374350655158,0.0551969342275162,0.0327564801693824,0.0120785543489363,0.0170001299809179,0.0107935025922198,0.0201763298179429,0.0148994097700771,0.0130985398963803,0.0108776985343039,0.0195859869873178,0.0099628006397365,0.0152826164277293,0.0486009631988668,0.0187461631960683,0.0278285904664077,0.0117016835234906,0.0097818673493623,0.0228384568739867,0.0120954434877829,0.0535920705245551,0.0616813581385269,0.024135694046782,0.0237393587353427,0.1015682652637544,0.0960012861823038,0.1085839480972996,0.1498896098045889,0.1188974720473181,0.1204789955159677,0.1224933777341288,0.1136703265562859,0.1349635811400027,0.0864249132526371,0.0687425066865365,0.0468192064050132,0.1393710892432551,0.1346202641542557,0.1182781669536758,0.0250364345788325,0.0244976680300101,0.0407604862663966,0.089388139793904,0.078805146898782
326651_14_consensus,0.2184349603102759,0.1825739229406195,0.1715397069663877,0.092308060410116,0.1492757742664761,0.2059014658353755,0.1095573200485846,0.1343896247627736,0.0941834595956185,0.1258009939351847,0.1274395865977746,0.1614891359982406,0.118287022332697,0.1386120468542859,0.0906095527811441,0.1632936147265047,0.205160324080909,0.0,0.0114706846466523,0.0121755625117438,0.0061052746425582,0.0072259446245679,0.01141603645768,0.0854010137921665,0.114039522001315,0.1228389618072647,0.113265245273074,0.1168760906480192,0.1650749064351613,0.3072950843527362,0.1840613957034227,0.1691391340730828,0.1958587550197323,0.1842363601278975,0.3430599249025938,0.2025752513430694,0.2069260119909115,0.2736220881272544,0.2304324809473819,0.2505635872673606,0.175157125376268,0.2276053811698624,0.2098375966654426,0.2185789602664414,0.1719074615081757,0.2591075634215576,0.1441142031929558,0.175710758162757,0.1617062597627176,0.1300854414212926,0.1675648241658409,0.1616325805682974,0.0939473443232685,0.1299137066367244,0.117301440642378,0.2146469230575478,0.1914404587315106,0.1190557868944157,0.1657349446917546,0.3431547430135948,0.1057059716810462,0.1971672293495476,0.2170154190941078,0.4499910608757345,0.0496494304138881,0.0491619029158831,0.0275826139505763,0.0405293389453227,0.0439400425239382,0.0471903039157854,0.0538048671501236,0.0319111379576142,0.0505500304099539,0.0636984735324794,0.0945774679140729,0.0307777608278723,0.031525350768212,0.0402440724866881,0.1967102729142036,0.1830533826929494,0.1372687527523224,0.0961748151294763,0.0967578932335753
326651_2_consensus,0.1738398681504254,0.1430023100010933,0.1303532370242139,0.0648215761726547,0.1107091259412005,0.163595708753963,0.0772053074925906,0.0970891392991628,0.0656152228234905,0.0880727252698285,0.0939086707867531,0.1217420170283816,0.0832734924805835,0.1015538440800725,0.0629263543647002,0.1238590462885493,0.1607971704076627,0.0114706846466523,0.0,0.0026330795101348,0.0046522841474718,0.003729792169528,0.0026834725515225,0.0579124041330443,0.0805143040442146,0.0947417103798224,0.0843806085808758,0.0877497256582193,0.1311571526624311,0.2492887190729664,0.1364617680093847,0.1239118773954839,0.1465694180093404,0.1371212144998903,0.2818881546442648,0.1537383790830002,0.1545453385279289,0.2107003879201325,0.1726791829611969,0.1920717978806791,0.1275627397026939,0.174356299331972,0.1705327674009868,0.1809083466727994,0.1352980668229548,0.2158746468436652,0.1112353927108547,0.1418372786640027,0.1261649387512573,0.1002586149704285,0.1287351806982526,0.1229623073031227,0.0667557870653361,0.0979238988497277,0.0857787613997667,0.174144263048932,0.1519899227232448,0.088895922668911,0.1303039020361005,0.2877931257136463,0.0683859158335034,0.1476282847443517,0.1683611790286283,0.3879728700985163,0.0286356969531187,0.028377017665325,0.0201132677153825,0.0220197244773023,0.0237011432097009,0.0280965975702018,0.0306975048581437,0.0199922671740511,0.032197582355737,0.0382545344632898,0.0613464627736028,0.0188932268485784,0.0204905655949847,0.0229702499723485,0.1508590550999464,0.1402087919898047,0.1057611786058281,0.0719328732913435,0.0742665150810122
326651_5_consensus,0.1691889064589355,0.1382059437197034,0.1253660388423787,0.0601055255720668,0.1059480475899823,0.1585322757051264,0.0720633229316618,0.0916778775781157,0.0611153641062491,0.0834680939572951,0.0888378482106091,0.116406521697475,0.0785359923866027,0.0962343280304143,0.0581991714048122,0.1191754738964059,0.1562796867082498,0.0121755625117438,0.0026330795101348,0.0,0.0052637049417505,0.0041780231605494,0.0027199010919387,0.0555945957569967,0.0773903550685268,0.0922874334923999,0.0831519610649342,0.0863014131303563,0.1295267559396036,0.2462313331232106,0.1328428084381689,0.1206683295266159,0.143380120385566,0.1336281744216512,0.279044833168987,0.1507007451392921,0.1509277477095976,0.2071130190523202,0.1690184899701527,0.1880430026694624,0.1243957398989907,0.1710779735521805,0.16692536303524,0.1772763645208321,0.1316774681793644,0.2122243493167754,0.1074653247299952,0.1382655137837209,0.1222509192441849,0.0960096938833681,0.1246607214205237,0.1192810657589706,0.0628198143564668,0.0938195627823965,0.0817296936842817,0.1704701972617295,0.1480865662730686,0.0851025339829982,0.1267855095419126,0.2856778335008814,0.0656449736175357,0.1450881990765751,0.166279617780547,0.3863572635463388,0.0270438415317935,0.0265981922998896,0.0193639395858342,0.0209518314478387,0.0226230882059628,0.0267713868339019,0.0291006992439983,0.0194002663536716,0.0313726732139478,0.0369989589425223,0.0594571315137031,0.0184254051423602,0.0195285507903504,0.0217178991350879,0.1473998187631346,0.136749181453446,0.1027737178374588,0.0690668447029416,0.0711454744064488
326651_7_consensus,0.1993762739902083,0.1657440723183727,0.1554737234110277,0.0815872555210344,0.1341944584339609,0.1880485990087814,0.0978801865791325,0.1208017219664503,0.0827353579389509,0.1116392592013886,0.1143423960062266,0.1452844967243667,0.1049779354588968,0.1239183661178611,0.080003332538844,0.1470678454194898,0.186609967988053,0.0061052746425582,0.0046522841474718,0.0052637049417505,0.0,0.0026209474753917,0.0046800016184409,0.0769373926308931,0.1037539574820574,0.1171589114933393,0.1006101242544401,0.1038024927433447,0.1492549183675953,0.2836747630627414,0.1674640025974261,0.1524471200679524,0.1775830303889627,0.1666741273950434,0.3182313972314334,0.1840474654178843,0.1876126295964582,0.2510551853322962,0.2095576685820797,0.2290210938912249,0.1583895457071307,0.2075822642239604,0.1929276506253963,0.201327160355949,0.1565405591576922,0.2403533499122954,0.130678493363253,0.1607042894131991,0.1471360953930069,0.1183368858438562,0.1518044263857048,0.1459808632218484,0.0836448398057614,0.1172759755581935,0.1052715768419982,0.1971027059980912,0.1751184861272356,0.107008270279679,0.1508909482793559,0.315522436689907,0.0886181010700877,0.1740108615037652,0.1933625406905008,0.4185194459569086,0.0400081685954898,0.039389269990254,0.0216993604327893,0.0316153260733598,0.0348278993696542,0.0386791846642387,0.0438477198590376,0.0244468531957267,0.0400018354600675,0.0517143447940497,0.0801893535981133,0.0237032310333296,0.0247101679200021,0.0319727850832576,0.1780774337425033,0.1656752170459308,0.1233627074540457,0.0861792296119956,0.0868364836898631
326651_8_consensus,0.1907703659010318,0.1581297546120437,0.1466878652858056,0.0765022908046715,0.1263671165121609,0.1798410263759793,0.0904773370085703,0.1122208572796621,0.0783632764331212,0.1042766493107203,0.1071312612796528,0.1376003129852279,0.0981100548820723,0.1161978272377046,0.0748194053919135,0.1392250323576496,0.1784261534065043,0.0072259446245679,0.003729792169528,0.0041780231605494,0.0026209474753917,0.0,0.0038133736319441,0.0720219412968035,0.0974155322487053,0.1115996242392451,0.0945750910387728,0.0979115796058902,0.1430132163265431,0.2759553353613624,0.1599120081715765,0.1469573509822659,0.1715637049390368,0.1604382013954852,0.3097404720894197,0.1776071298119621,0.1803701053970101,0.2422739615632885,0.2015849601845944,0.2203768521198066,0.1520084604547813,0.2002421417111808,0.1867063021265025,0.19597084963487,0.1505818739278375,0.2334390710426861,0.1252539700729418,0.1555053661933936,0.1408185418796748,0.1131816725089818,0.1454318245324914,0.140600978183607,0.0793929540777824,0.1116149749158239,0.1000748703374414,0.1911476386712092,0.1684069569901254,0.1017880287604615,0.145379833631094,0.3092530928653367,0.0837504540986469,0.1678891289743456,0.1876855070616461,0.4122131453100817,0.0353293133115659,0.0346143165671151,0.020518224173589,0.0283808055667726,0.0303807595426874,0.0339585640865927,0.0384999902214389,0.0227441337205203,0.0371311272320582,0.0469445010377533,0.0738028817336884,0.0221764392482199,0.0223698720994693,0.0279190201009233,0.1722572732920548,0.1598598916514442,0.1206411760705838,0.0843031423011,0.085392480067945
326651_9_consensus,0.174068765960202,0.143193153402648,0.1309982766607547,0.0655160225020168,0.1111447827547786,0.1634914244786731,0.077795023155291,0.0975561013579842,0.066898915333649,0.0889017122600552,0.0942862533327861,0.1224352026777957,0.0842464359235197,0.1021491185929717,0.0637375215282958,0.1240403003139469,0.1608958183313902,0.01141603645768,0.0026834725515225,0.0027199010919387,0.0046800016184409,0.0038133736319441,0.0,0.0579892579185301,0.0806857104375611,0.0951886070241991,0.084495018195204,0.0882594019651445,0.1314788803476627,0.2494150180800689,0.1369359418926876,0.1247903858625978,0.1473302994810437,0.1377866018887212,0.2823976774766983,0.1541501422852595,0.1556103876205092,0.2122286990794961,0.1739852362985363,0.1933588355927202,0.1285852767335225,0.1747475428033755,0.1703034694144491,0.180485587094954,0.1351517195560347,0.2154852625306818,0.1109133072193735,0.1414690474925208,0.1258274554758038,0.0999893850122992,0.1291251366569685,0.1232261149803264,0.0671964413374013,0.0980681965315302,0.08588227981065,0.1740814508333681,0.151819744496982,0.0888737714523033,0.1300954947904724,0.2881886857288389,0.0693188229347203,0.1481870184950242,0.1692974468140118,0.3882836999787233,0.0291959893874889,0.0291199086158728,0.0205996920924551,0.0225840797716907,0.0243049183627004,0.0291661605765947,0.0317112043063776,0.0207466122130526,0.0327389160765054,0.0388425833860326,0.0620581265249127,0.0197906227832875,0.0210484335017433,0.0235318398065498,0.1520737116964809,0.1411732116890967,0.1066975910952425,0.0734219819391901,0.0752474189434302
326713_2_consensus,0.1290942151872078,0.1037269820561181,0.0812102112861898,0.0393889422614526,0.0658553140079662,0.1209787653119702,0.0395514807326131,0.0491619997644132,0.0366354607542831,0.0422766484976229,0.0602538170393831,0.0777352801056787,0.0427130742305292,0.0618321963241088,0.0363006495733619,0.0831204541187631,0.1111300155559122,0.0854010137921665,0.0579124041330443,0.0555945957569967,0.0769373926308931,0.0720219412968035,0.0579892579185301,0.0,0.0045636673115208,0.010381525435438,0.0786483580989116,0.0815715674941204,0.1197026507175769,0.1637751427162337,0.0527263061954483,0.0474045009222683,0.0614823619027076,0.0581914077392564,0.1905285714740099,0.0739761918048937,0.0642412439220505,0.0931086665370539,0.0673931131846865,0.0872321197990837,0.0429662070307017,0.0858384696950391,0.1354131204336166,0.1528383176113878,0.1033773051159387,0.1747259358508559,0.0834883078092758,0.1183603646710169,0.0953086750549818,0.0749744031026109,0.0882695385774852,0.0788185149388658,0.0418053889436906,0.0690185684441315,0.054403585962131,0.1351303504655625,0.1136129991564818,0.0661224338628008,0.0994986468264631,0.2338672645706569,0.0287712985374728,0.091094089994411,0.1200880945623996,0.3256220241687924,0.0265122144771767,0.0295017010489928,0.0540120039760401,0.026998046503186,0.0241354135453439,0.0275553447941589,0.0212447187879343,0.0437543294482827,0.0467529955560346,0.0319350183069229,0.0353250071315258,0.0396605450380702,0.0452625523649405,0.028861328432888,0.0809643856761415,0.0766444533309949,0.0661300815862748,0.0396361962259694,0.0486783457528554
326713_5_consensus,0.1251702072483613,0.1022754563262884,0.0773590052788364,0.0445682366204644,0.0640995898698779,0.1179644173870677,0.0404909934627433,0.0466560329582455,0.0416674202393299,0.0415647690131528,0.0613156724070442,0.0756780203988789,0.0432972951432866,0.0607876133061333,0.0413395253883965,0.081831050674654,0.1070817902186238,0.114039522001315,0.0805143040442146,0.0773903550685268,0.1037539574820574,0.0974155322487053,0.0806857104375611,0.0045636673115208,0.0,0.0084116570841548,0.0861534783143582,0.088549242721549,0.1245244332036374,0.1530141797268589,0.0452333083434508,0.0429042589694761,0.0545290649561387,0.0523218472331645,0.1777638319734542,0.0679177262359278,0.0551075359145478,0.0768863727334947,0.0547630531131249,0.0733612631756948,0.0365749529964478,0.0768075837617265,0.1355128109086134,0.1547759125043919,0.1047484281885937,0.1726232863879406,0.0865991989847172,0.1220915908113156,0.0965812698031678,0.0792162694581435,0.0877393850170484,0.078993922307931,0.0474612992590994,0.0721583792051783,0.05802701094367,0.1343973081177534,0.1126742663844471,0.070771645171451,0.1018141924693409,0.2284881266785241,0.0303295766692226,0.0872359034591507,0.1176291689929591,0.3177383283441521,0.0387784304945189,0.0422006585387402,0.0760217898941242,0.0421650531123614,0.0370957225165069,0.0406210715484807,0.0314792675342854,0.063119662579818,0.0629054562352315,0.0427417588795293,0.0406068317761807,0.0586156291418138,0.0645556996296266,0.0435009052223733,0.0767503422136819,0.0742559537164293,0.0711093339992681,0.0479334545893275,0.058289907931913
326713_9_consensus,0.1575867865874549,0.1327198365258084,0.105372435640124,0.0652947392085288,0.0894413282005235,0.1505161150808449,0.062727140317861,0.0700762320147321,0.060916652270067,0.0631163818081894,0.0870740525579831,0.1034051311661663,0.0655225530140182,0.0872419742005696,0.0611882137285872,0.1099409969960643,0.1370022719567227,0.1228389618072647,0.0947417103798224,0.0922874334923999,0.1171589114933393,0.1115996242392451,0.0951886070241991,0.010381525435438,0.0084116570841548,0.0,0.1055348251123184,0.1085677387846413,0.1484175807733319,0.1793404001715375,0.0626072999541111,0.0586041825497805,0.0703774333757367,0.0696616749633847,0.2058977120839102,0.0862973214639009,0.072797129780044,0.0922455702432953,0.0696623059303238,0.0918609067494813,0.0502182637264052,0.0964703014578347,0.1646244056758785,0.1850299879291341,0.131465834978611,0.204357944178124,0.1114986872652954,0.1498565402652119,0.1231721447339584,0.1033563536645871,0.1129665838011995,0.1009571292915065,0.0658561334255019,0.0952961083636463,0.0781784061536976,0.1628327788519561,0.1401675313026569,0.0936953738138459,0.1269275617559913,0.259388943520884,0.0465604809412001,0.1093677952864515,0.1421128172147732,0.3505905443398616,0.0522037658983869,0.0559468041619002,0.0883062144842119,0.053440423478908,0.0481453966201854,0.051545425862213,0.0433510405976491,0.0745747538677026,0.0787016203314534,0.0584212590700667,0.0573328677147042,0.0689654552844754,0.0771991147226982,0.0556898758238428,0.0960601710778981,0.093956679536129,0.0891589345572043,0.0625713707113844,0.0742250238095261
326737_2_consensus,0.0412353487451708,0.0357976489001465,0.0411131287864012,0.068760228029256,0.0363402505477683,0.0409833776572243,0.0632402445330315,0.0543418140177216,0.080689722610372,0.0499005826166598,0.0435268078071322,0.0406261497144555,0.0535856664856986,0.0448183848889325,0.0752347261206516,0.0347247898138798,0.0370580227713208,0.113265245273074,0.0843806085808758,0.0831519610649342,0.1006101242544401,0.0945750910387728,0.084495018195204,0.0786483580989116,0.0861534783143582,0.1055348251123184,0.0,0.0040041532173944,0.0099625555723124,0.0729132882273333,0.0600628414815727,0.0597527750811588,0.0619298908977494,0.0547441694255299,0.0890106314258307,0.0528661281098443,0.0651240207206429,0.100057150786716,0.0865324421735902,0.0768824997598054,0.0704816054020955,0.0594190124717703,0.0347978542647444,0.0405258205165903,0.0272476831897208,0.0513965508258964,0.0273983499662602,0.0299353524497716,0.0253584703638871,0.0304942115616091,0.0293969054312466,0.0311462820231209,0.0490888581909496,0.0288885473546951,0.0343243053826292,0.0373726674289827,0.0310711679811834,0.0290238993614,0.026569715036576,0.0864867730680813,0.0530463028461749,0.0378357600740146,0.0389027190485267,0.1445540931215845,0.0550453687864438,0.0660091826882922,0.0892599292085796,0.0690578162007069,0.0708771728604853,0.0765682693368647,0.0720832875984349,0.0781334414746881,0.0424271190728209,0.0332525802236736,0.0252963082466006,0.0818479106070562,0.0785358291113507,0.0699281703145935,0.0479870944942453,0.0426779597790138,0.0474075740825794,0.0831343881890473,0.0738666882621661
326737_7_consensus,0.0389995858996554,0.0333951615376806,0.0396083098489867,0.0676983745792245,0.0351563109386381,0.0386737090927153,0.0626790848328351,0.0537630638578727,0.0796440397536937,0.0495658643624237,0.042049652550351,0.0386515355776957,0.0527097840569128,0.0430149808057187,0.0744220905323898,0.0333887433245552,0.0352740096052599,0.1168760906480192,0.0877497256582193,0.0863014131303563,0.1038024927433447,0.0979115796058902,0.0882594019651445,0.0815715674941204,0.088549242721549,0.1085677387846413,0.0040041532173944,0.0,0.009255545352282,0.0716585303460224,0.0602375782442079,0.0593789340524626,0.061825596258064,0.0543005084162082,0.0876880871375327,0.0528213233772385,0.0646175727305138,0.1005166869091702,0.086675394196038,0.0762500943350454,0.0708068315100325,0.0595787522214337,0.0327617582484069,0.0377100100919509,0.0255076106242455,0.0491528674118466,0.0261166116326867,0.0277390078201227,0.0239481728395611,0.0291739324602069,0.0274498093760522,0.0299117748005972,0.0481000455491313,0.0272698012128902,0.0334108899466416,0.0350383020871012,0.0296484223594255,0.0279218346397387,0.0251521182260932,0.0842078570465698,0.0538792494847646,0.0378209056354625,0.0377429298919853,0.1420559205698293,0.0563155093908536,0.0673120585194384,0.0903415709397865,0.0711689156124579,0.0733187169353586,0.0781898408129739,0.0738828809771501,0.0793619362389206,0.0430937911282294,0.0344794528347875,0.0266573578003956,0.0831938941415408,0.07967300249196,0.0716001248226687,0.0465254238904044,0.0412612445304478,0.0453235452218692,0.081591753173944,0.0719085278330036
326737_8_consensus,0.0308897145880768,0.0324909869561107,0.0457874042854911,0.0975907675878007,0.0452576296378604,0.0329886202008307,0.0900685255244333,0.0739418050704925,0.1122728550178893,0.0702316101714517,0.0582284991662032,0.0461625157675449,0.0752253674623464,0.0576576233240277,0.1071010831902841,0.0383423299553378,0.0303068977577627,0.1650749064351613,0.1311571526624311,0.1295267559396036,0.1492549183675953,0.1430132163265431,0.1314788803476627,0.1197026507175769,0.1245244332036374,0.1484175807733319,0.0099625555723124,0.009255545352282,0.0,0.0530629192764617,0.072761190673698,0.073513710102711,0.0710039047061696,0.0637225646560439,0.0641304276807082,0.0568199062542555,0.0732586460026221,0.106170637790985,0.0978880282554195,0.0790990326039553,0.0883275158647363,0.0604370397675992,0.022219234294023,0.0242808155511626,0.0232518679224451,0.0299434736996255,0.0308553266636515,0.0228816330745891,0.0241385959101041,0.0380211217130792,0.0289924951371718,0.0336532908431728,0.0719825259142981,0.0368898104235375,0.0483060622754614,0.0242053999695235,0.0245790538516903,0.0396941447134713,0.0238255784618619,0.0522068515460265,0.0774093378711331,0.0350941023700608,0.028077008423315,0.0965889923198091,0.0903503855014831,0.1044555849223218,0.1318932321274495,0.1100323052470813,0.1132327461751234,0.1184880523529097,0.112931853804655,0.1189448746706336,0.0699175989161799,0.0599579806730785,0.0451477506625304,0.1243628241985064,0.119552025626243,0.1107521515538616,0.0487386469108823,0.0450019222085611,0.0568080459181583,0.1122897993327347,0.0985317795309237
326780_11_consensus,0.0384693757366552,0.0506222376319298,0.0604149882020887,0.1448785907170489,0.0652055664739759,0.0432410190988221,0.1272513023240948,0.0993695243412577,0.1584180383573175,0.0936625432372579,0.0918382667950323,0.0657413629115737,0.105247827392068,0.0851177327250152,0.154327954563894,0.0586164357033371,0.0354298106994681,0.3072950843527362,0.2492887190729664,0.2462313331232106,0.2836747630627414,0.2759553353613624,0.2494150180800689,0.1637751427162337,0.1530141797268589,0.1793404001715375,0.0729132882273333,0.0716585303460224,0.0530629192764617,0.0,0.0481452745323114,0.0545873841829935,0.0401236226019197,0.0409049351568153,0.0046871082504624,0.0283071498703417,0.0396733242251308,0.0440243342890616,0.0518224816340868,0.0311353488857184,0.0641387395774994,0.021376976242549,0.0276377212054015,0.0337183497121786,0.0368578898967957,0.0243842845524575,0.0514924470892914,0.0422220068941303,0.0410158326491369,0.0651271754973397,0.038296239191812,0.0393846129432793,0.1089133940775131,0.062158517951163,0.0730138963960369,0.0252651856319428,0.0313988307475501,0.0699127995636157,0.0391687628157395,0.0382593804691975,0.1147035511574738,0.0389186272669928,0.0353745390789645,0.0641924034713126,0.1700640960753254,0.1885523656166405,0.2455331787528765,0.1946686054098387,0.1969936485226764,0.204950494417698,0.1900868221927449,0.2220086875320452,0.1573496395799178,0.1288589536038014,0.0916900603884345,0.2251085269607937,0.2258002967499264,0.1998830516374603,0.0373017242800202,0.04327334610036,0.0784889235175168,0.1521472630766736,0.1421075941088556
326780_12_consensus,0.0517961226757339,0.0442231908079087,0.0327172604694636,0.0526183794810277,0.0277391744312511,0.0487932852383705,0.0410415531931276,0.0319574756912466,0.0577382760626514,0.0262587422701363,0.0380280628347229,0.0343206872513208,0.0328028324954461,0.0344149259667956,0.0546999907145266,0.0354963370830043,0.0398713314494516,0.1840613957034227,0.1364617680093847,0.1328428084381689,0.1674640025974261,0.1599120081715765,0.1369359418926876,0.0527263061954483,0.0452333083434508,0.0626072999541111,0.0600628414815727,0.0602375782442079,0.072761190673698,0.0481452745323114,0.0,0.006165623383616,0.0055887402891707,0.0055732736172773,0.0627097124936604,0.0089833806145493,0.0053357569500445,0.0169053192267396,0.0092021015505512,0.0116619981593713,0.0058232022023947,0.010404882324507,0.0529620033404292,0.0673226563175859,0.0387963727750735,0.0729366492427283,0.0339982466875614,0.051948140354983,0.0361371146086577,0.035542160057548,0.0284083440853688,0.0236962492201566,0.0368477434860095,0.0305751911614304,0.0264938389613744,0.0508322726701786,0.040581723640459,0.0332996287270361,0.0383937324540841,0.1218199097697612,0.0427798656541762,0.0395644089417714,0.0568365140018016,0.1850936334847324,0.074596789022225,0.0849566092095397,0.1333194512193678,0.0873775008496924,0.0863237687544185,0.0921666751008194,0.0794016166808635,0.1147387561197295,0.0844917286182909,0.0579772592267806,0.0368642726746974,0.1129821612648998,0.1173274350087512,0.0913418671661592,0.0230578496122211,0.0254346806785976,0.0409177985342754,0.0608287019503714,0.0626262375880157
326780_13_consensus,0.0554685764373541,0.0444255477853268,0.0351611488703227,0.0438853351485502,0.0280655172666914,0.0517856828298004,0.0383505164305795,0.0330150315909216,0.0463062550057404,0.0236683067783314,0.0354713781123239,0.0334863280411479,0.0285563096364684,0.0330387363132382,0.0457718229997903,0.0360630953684832,0.0429742810475577,0.1691391340730828,0.1239118773954839,0.1206683295266159,0.1524471200679524,0.1469573509822659,0.1247903858625978,0.0474045009222683,0.0429042589694761,0.0586041825497805,0.0597527750811588,0.0593789340524626,0.073513710102711,0.0545873841829935,0.006165623383616,0.0,0.0039239446109746,0.0034249060932554,0.0711509007373099,0.0083920507765178,0.0053954601217505,0.0220641124379197,0.0114653389960537,0.0158502374002802,0.0038092968930687,0.0131543239055984,0.0547424387137871,0.066346646488987,0.0394294054925286,0.0769279647137803,0.0324632638240478,0.0500152559234461,0.0374887680909727,0.0324045390704643,0.0281080943627562,0.0208981672614321,0.0291284160132896,0.0278059364496323,0.0219669360555592,0.0513668604594581,0.0431222138315519,0.0298498521221555,0.0369884134192259,0.1231770579656892,0.0360217659246897,0.0378989772177025,0.0543251860091356,0.1876029015698179,0.0645143794801796,0.0740076173926729,0.1150065287100474,0.0742586435915173,0.0760549524553617,0.0810981679611373,0.070552703351824,0.098057723829803,0.0713382120158305,0.0493852094015014,0.032535805421765,0.0966718915173148,0.101562924441291,0.0798418165886207,0.0200689183665998,0.0215290447637128,0.0292775661345334,0.0452150379024942,0.046587198375283
326780_14_consensus,0.0534745072423978,0.0467677310984457,0.0389459474726656,0.0610049278809556,0.0334362863055197,0.0513449380685706,0.0523046891671672,0.042389388496792,0.0649003463646229,0.0332959447152605,0.04531382520587,0.0388938288012585,0.0402385656630892,0.0416856083972714,0.0637138070705614,0.0399818517498848,0.0415397292293349,0.1958587550197323,0.1465694180093404,0.143380120385566,0.1775830303889627,0.1715637049390368,0.1473302994810437,0.0614823619027076,0.0545290649561387,0.0703774333757367,0.0619298908977494,0.061825596258064,0.0710039047061696,0.0401236226019197,0.0055887402891707,0.0039239446109746,0.0,0.0030311144686896,0.0540941985178839,0.0049764841801955,0.0031066948336082,0.0136558027602244,0.0075348740840244,0.0092199422733934,0.0054433968500573,0.0068780633709435,0.0502642992451303,0.0622597842447767,0.0385982880925155,0.0685307067230223,0.0352739742359062,0.0498475672029723,0.0376063508149755,0.0377683097685448,0.0283835346881735,0.0215752662535724,0.0411267399180665,0.0328906080886843,0.028775072240827,0.0468734758712487,0.0401389892534789,0.0361004522578758,0.0368669523341518,0.1093395237202798,0.0466847561711496,0.0354052192849865,0.0501922425867418,0.1674104529630424,0.0821794024469957,0.0934961303610304,0.1400775197643717,0.0941280904595576,0.0953862868957395,0.1015023131568231,0.089360243370983,0.1206572952776756,0.0878177420642609,0.0624085558562557,0.040344684031127,0.1194686028239155,0.1248907270518913,0.100233896161245,0.0187258432250807,0.0218950068928815,0.0365887847891404,0.0620772828291054,0.0627277126285115
326780_15_consensus,0.0451025766585155,0.0375410495701959,0.0306066572231431,0.0516893604051036,0.0256906930465365,0.0427299511142376,0.0435343550411184,0.0343973375154931,0.0560620110939131,0.0264544670078965,0.0357721614534281,0.0302645628810376,0.0322401868743389,0.0325432456738168,0.0547324041517347,0.0315363847017584,0.0343564381989107,0.1842363601278975,0.1371212144998903,0.1336281744216512,0.1666741273950434,0.1604382013954852,0.1377866018887212,0.0581914077392564,0.0523218472331645,0.0696616749633847,0.0547441694255299,0.0543005084162082,0.0637225646560439,0.0409049351568153,0.0055732736172773,0.0034249060932554,0.0030311144686896,0.0,0.0550639165247286,0.0050886179501192,0.0036583926794726,0.0183853095024701,0.010678113855338,0.0107725692694495,0.0065649543919859,0.0080179133688362,0.0444393963415636,0.0555780555868494,0.0327453899655205,0.0629963751689182,0.0288791469888556,0.0426699781431176,0.031402997485757,0.0305893692578118,0.0229290579748671,0.0175956054417518,0.0346202177904668,0.0262959675226914,0.0233268571550118,0.0413471894256201,0.0347834959302417,0.0294035957027993,0.0311495857140089,0.105229974392512,0.0414988854719702,0.0320331482469171,0.0457122602216051,0.1650198036895327,0.0737820900311714,0.0845284481061083,0.1289817345904893,0.0865527850232297,0.0878602012558014,0.0931896993608578,0.0818909252185262,0.1112061372573123,0.0782889625433096,0.0549911382373693,0.0346365878994738,0.110506599639037,0.1142436026814159,0.0916133289557059,0.0167721195518559,0.0186911737903203,0.0313522103795484,0.0558784188567598,0.0555006890662648
326780_16_consensus,0.0466100874456909,0.0624735370107263,0.0741328685519135,0.1703636521075209,0.0810401978878818,0.0527297689078141,0.1499448298258636,0.1184112541739956,0.1849669491618719,0.1137870139702101,0.1107492827794942,0.0807962917314846,0.1265701243815273,0.1029998095924806,0.1806330450138835,0.0724680017704724,0.0449187435883873,0.3430599249025938,0.2818881546442648,0.279044833168987,0.3182313972314334,0.3097404720894197,0.2823976774766983,0.1905285714740099,0.1777638319734542,0.2058977120839102,0.0890106314258307,0.0876880871375327,0.0641304276807082,0.0046871082504624,0.0627097124936604,0.0711509007373099,0.0540941985178839,0.0550639165247286,0.0,0.0403643311619745,0.0526128078579981,0.0538472553979012,0.0647137154992929,0.0404923240457817,0.0811379216020302,0.0313401261479713,0.0357566139467984,0.0413742596217154,0.0482531463323594,0.0282385857692322,0.0661842605791207,0.0535800319589139,0.0535463279439776,0.0819120021822268,0.050936150771081,0.0532246871852954,0.1317240930431067,0.0788441282487637,0.0919824171555943,0.0331352374614333,0.0414511521965659,0.0876039771648375,0.0515611680504122,0.0388974710614613,0.1383151910179609,0.0513457063545006,0.0455483396859186,0.0586342199415019,0.197280675149984,0.2168682409180915,0.2780123688333198,0.2243090966460883,0.2261915435132726,0.2345032737483183,0.2184338308601168,0.2530801230551116,0.1831670453400313,0.1525762726155282,0.1117770613565785,0.2565464386825269,0.2568837063725375,0.2291570870891934,0.0499390981966216,0.0570921425832429,0.0975015282879132,0.1785596800818165,0.1677083666927101
326780_17_consensus,0.0408561814166326,0.0371854332628078,0.033904200019033,0.0668676637691403,0.0302326884001287,0.039908390479149,0.0571170905104532,0.0447155279804398,0.0731673705245823,0.036352147556653,0.043929335720696,0.0346096921913448,0.0434916057320009,0.0404112602682502,0.0712932662005219,0.0334164796108913,0.0311080711803288,0.2025752513430694,0.1537383790830002,0.1507007451392921,0.1840474654178843,0.1776071298119621,0.1541501422852595,0.0739761918048937,0.0679177262359278,0.0862973214639009,0.0528661281098443,0.0528213233772385,0.0568199062542555,0.0283071498703417,0.0089833806145493,0.0083920507765178,0.0049764841801955,0.0050886179501192,0.0403643311619745,0.0,0.0062786587699061,0.0189223116697077,0.014397854420344,0.0110246127526529,0.0126261626950299,0.0054459637750428,0.0362923755413984,0.0462177660318063,0.0285656662110449,0.0506595124275319,0.0283450018079545,0.0375551127242212,0.0285084149611538,0.0326173264254707,0.0215228913507115,0.0164756226718481,0.0445856589939799,0.0286086119854118,0.0279597394079358,0.0333599885593347,0.0293385389504656,0.0323379337579812,0.0275105568623867,0.0880189676577734,0.0525128877439406,0.0293809703258522,0.0395680840248475,0.1406653376966797,0.0871258501063128,0.0995317491445684,0.1456617696144464,0.1014161898795542,0.1033940279312783,0.1095597281019777,0.0979705913420421,0.1264254377571116,0.0875049789883277,0.0633342502115397,0.0398209557019066,0.1266309409470123,0.130103137109665,0.1068755449809959,0.0151202871650353,0.0178603970750934,0.0343565784402528,0.069107891648585,0.0666779811063422
326780_1_consensus,0.0510053644656531,0.0454664592583826,0.0362383999503181,0.0623548226966566,0.0323056481962824,0.0493544840888517,0.0511866741878872,0.040072454313754,0.0663660841899052,0.0325679540541683,0.0446010041390039,0.0370346245619019,0.0396396651664332,0.0398132485357773,0.0650131726374194,0.0386567612981396,0.0397271235950302,0.2069260119909115,0.1545453385279289,0.1509277477095976,0.1876126295964582,0.1803701053970101,0.1556103876205092,0.0642412439220505,0.0551075359145478,0.072797129780044,0.0651240207206429,0.0646175727305138,0.0732586460026221,0.0396733242251308,0.0053357569500445,0.0053954601217505,0.0031066948336082,0.0036583926794726,0.0526128078579981,0.0062786587699061,0.0,0.010385155771206,0.0051125432938272,0.0057600615320136,0.0061590595750233,0.0068591705824809,0.0525214359639321,0.0654789940281812,0.0410376305636059,0.0699807443803557,0.0385858488272905,0.05344868871199,0.0398252114932002,0.0411590329084994,0.029773666596232,0.0244705722346623,0.0450982235303998,0.0357968929793841,0.0322255410363974,0.0490999658446167,0.0418138126163345,0.0397863605271568,0.0402355082020715,0.1087696762266681,0.0473247845986488,0.0352522555144352,0.0503895199765977,0.1669801333695257,0.0869268700117062,0.0979402600206613,0.1488692931572037,0.1006439151398606,0.1007377071817563,0.1063280057045492,0.0931213506865678,0.1290395735647749,0.0947975398153486,0.0673246206516617,0.0433609528373697,0.1278853682858267,0.1324468603157402,0.1059643690521712,0.0201010087508501,0.0237805094788932,0.0422592277777607,0.0679251661547768,0.0692386661159609
326780_2_consensus,0.080053459733195,0.0800657182354456,0.066301354454672,0.1068149167080534,0.0641292817907359,0.0806782667177223,0.088857682155071,0.0718445839435872,0.110681385209868,0.0642353830398976,0.08319207007382,0.0708459534768923,0.0756461313445697,0.0756767064637875,0.1087588614803927,0.0718971822834575,0.0673777286579122,0.2736220881272544,0.2107003879201325,0.2071130190523202,0.2510551853322962,0.2422739615632885,0.2122286990794961,0.0931086665370539,0.0768863727334947,0.0922455702432953,0.100057150786716,0.1005166869091702,0.106170637790985,0.0440243342890616,0.0169053192267396,0.0220641124379197,0.0136558027602244,0.0183853095024701,0.0538472553979012,0.0189223116697077,0.010385155771206,0.0,0.0048470087674985,0.0062756206031746,0.0177293653943699,0.0137029325423529,0.0812706533443927,0.0983937634107467,0.07168199685937,0.0952746126386001,0.0727374436791841,0.0894890979610503,0.0710571345380532,0.0783946520507754,0.0581791990398787,0.0512856442581188,0.0843619420839703,0.0707701103292608,0.0661844870792931,0.0768987842564197,0.0690568598209635,0.0766119619054119,0.0720209674006868,0.1287686334399058,0.0801068269385414,0.0571634079193561,0.0752606838184348,0.1803536581202252,0.1341054905229102,0.1467238302172298,0.2121383906552782,0.1494740793804059,0.1465834168227822,0.1550900126524963,0.1369244696180844,0.186649959392275,0.1479659193560616,0.1104903571533677,0.0774154087034002,0.1840834951235095,0.1917116443331519,0.1565465486096711,0.0403534759195132,0.0482894477563977,0.0803782269744264,0.1128234800902809,0.117273631733072
326780_5_consensus,0.0737487926519433,0.0687158992196295,0.0540042478396989,0.078450518387366,0.0494170811435061,0.0723754209063791,0.0647135248084564,0.0528698033615837,0.0808071000594372,0.0449853523972407,0.0633730533974468,0.0561256185879459,0.0539792441063555,0.0573636491715898,0.0795867900048898,0.0587070714979569,0.0601548587978308,0.2304324809473819,0.1726791829611969,0.1690184899701527,0.2095576685820797,0.2015849601845944,0.1739852362985363,0.0673931131846865,0.0547630531131249,0.0696623059303238,0.0865324421735902,0.086675394196038,0.0978880282554195,0.0518224816340868,0.0092021015505512,0.0114653389960537,0.0075348740840244,0.010678113855338,0.0647137154992929,0.014397854420344,0.0051125432938272,0.0048470087674985,0.0,0.0066842051432276,0.0076190127802462,0.0126608255052742,0.0766488338259883,0.0931095841425166,0.0629407171508944,0.0952705671037934,0.0600142662632006,0.0795700701139283,0.0612325212513136,0.062735268121159,0.0486706223632964,0.0415228639691722,0.0613119088340923,0.0556496406868536,0.049008782523316,0.0726694680051558,0.0628614820826971,0.0599888964485879,0.0622970703661893,0.1335687958828808,0.057421733150881,0.049601866607178,0.0694693006093132,0.1927161265752905,0.1031260853471813,0.1138284355936258,0.1716612625107512,0.1157592072922994,0.1135786187072485,0.1207035491359818,0.1048393437291279,0.1492168507854083,0.1177058787374036,0.0847319959266013,0.058094442931214,0.1464601334355686,0.1536149906639972,0.1221446693950731,0.033043801836075,0.0387426936985049,0.0624156417827643,0.0841253855783517,0.0891716023578039
326780_6_consensus,0.0534346108162884,0.0530937463837988,0.0441001666221083,0.0878783635633402,0.0433493197997032,0.053947719588467,0.0715219007930922,0.0543130451836928,0.0934031625415254,0.0485794989644476,0.0607705052731564,0.0475596376490301,0.0580705667662702,0.0539074272135433,0.0913103526032017,0.0482549303586239,0.0431374350655158,0.2505635872673606,0.1920717978806791,0.1880430026694624,0.2290210938912249,0.2203768521198066,0.1933588355927202,0.0872321197990837,0.0733612631756948,0.0918609067494813,0.0768824997598054,0.0762500943350454,0.0790990326039553,0.0311353488857184,0.0116619981593713,0.0158502374002802,0.0092199422733934,0.0107725692694495,0.0404923240457817,0.0110246127526529,0.0057600615320136,0.0062756206031746,0.0066842051432276,0.0,0.0159193233604746,0.0073648909047907,0.0563539952620031,0.0705516568641284,0.0491417393954503,0.0686743907162288,0.050916751234002,0.0628830649354199,0.0485302093149524,0.0563024373120253,0.0380023012180172,0.0342764040430347,0.0676560561482233,0.0501300089078231,0.0490935241720862,0.0525934834891002,0.0467916136623518,0.0560775518077765,0.0496017919109137,0.1000601727794556,0.0652839381892853,0.0386856218553015,0.0522922068038376,0.1513759309421614,0.1158726195914328,0.1285429304500187,0.1887372201869439,0.1335129761627094,0.1317711370681014,0.1381177202583767,0.1220848545267854,0.1659155981322158,0.124017895674819,0.0915509522963384,0.0606059051357581,0.1649085207686775,0.1693005735816619,0.1385548823706175,0.0265112236346958,0.0323333544844954,0.0609542586524396,0.0971060923564506,0.0980915086959228
326780_7_consensus,0.0695316851346259,0.058198971604499,0.0439528780943287,0.0490868850887755,0.0359502508369065,0.0656288560035607,0.0413586682659987,0.0365363534567269,0.0505975309090125,0.0274268471529408,0.043847632505626,0.0433475540228913,0.0333986304437985,0.0407637987555231,0.0495762207804642,0.0465358835738802,0.0551969342275162,0.175157125376268,0.1275627397026939,0.1243957398989907,0.1583895457071307,0.1520084604547813,0.1285852767335225,0.0429662070307017,0.0365749529964478,0.0502182637264052,0.0704816054020955,0.0708068315100325,0.0883275158647363,0.0641387395774994,0.0058232022023947,0.0038092968930687,0.0054433968500573,0.0065649543919859,0.0811379216020302,0.0126261626950299,0.0061590595750233,0.0177293653943699,0.0076190127802462,0.0159193233604746,0.0,0.0161992889444002,0.0699245584554608,0.0845559999388836,0.0519358221408081,0.0940924110214922,0.0437834931300002,0.0659799816096438,0.0491331308643516,0.043323777643045,0.0385467193977389,0.0302331077481996,0.0350089045066779,0.0376235102218922,0.0291912680974171,0.0667209051205253,0.0553398440569656,0.0394486056599872,0.0497650978609485,0.1432438659120816,0.0385713142944403,0.0471312302551307,0.0679396357082531,0.2104182651701123,0.0687716044009612,0.077413545610967,0.1227304645651825,0.0772603261046409,0.0769823698489888,0.0829511055437093,0.070983659792069,0.1043541145264033,0.0813968569648935,0.0557529520775039,0.0379071701100084,0.1017311034061156,0.1082458222230871,0.0829739815349022,0.0274536151207325,0.0300013935179865,0.040428562415876,0.0508459158675318,0.0551265626821768
326780_8_consensus,0.0419693828897003,0.0417294016045683,0.0378733346023816,0.0814757410619559,0.0359614535850703,0.0420290664209623,0.0678205049124853,0.0516899235425754,0.089009229250105,0.0446892101246616,0.0530291823242023,0.0404994790030555,0.0536323506055751,0.0481748125694361,0.0860420772979644,0.038683792067899,0.0327564801693824,0.2276053811698624,0.174356299331972,0.1710779735521805,0.2075822642239604,0.2002421417111808,0.1747475428033755,0.0858384696950391,0.0768075837617265,0.0964703014578347,0.0594190124717703,0.0595787522214337,0.0604370397675992,0.021376976242549,0.010404882324507,0.0131543239055984,0.0068780633709435,0.0080179133688362,0.0313401261479713,0.0054459637750428,0.0068591705824809,0.0137029325423529,0.0126608255052742,0.0073648909047907,0.0161992889444002,0.0,0.0378921102112546,0.0493444110363396,0.0322644779647323,0.0493801841166821,0.034638626407677,0.0429308302629189,0.0326188356826264,0.0409422427013499,0.0255692471736432,0.02153157468436,0.0572841043313152,0.036371878905907,0.03697864408932,0.0351695109990775,0.031260107051076,0.0409624256637268,0.0323050896660719,0.0841089304625963,0.06251856919007,0.0312934110842464,0.0414368786927479,0.1330012581535138,0.1046868494191057,0.1184796563180157,0.1707767614910436,0.1210273191345736,0.1218472116391087,0.1290477491083939,0.1152529346554782,0.14964790761368,0.1063602953936149,0.0780775845829309,0.050454310917039,0.1494880521896195,0.1533329041959614,0.1265564395342613,0.0192748344633111,0.0237075034425222,0.0472364633097486,0.0874515901492021,0.0854051868373861
326797_10_consensus,0.0122725307894411,0.0160223447770038,0.02912156363878,0.0882010063590765,0.0305323080116419,0.0136610161574601,0.0787476618920646,0.0609587150439949,0.1032067036529449,0.0570465004219284,0.0448655081652589,0.0299186889735292,0.0624840561626065,0.043510067398893,0.0979517597497441,0.0235181871172738,0.0120785543489363,0.2098375966654426,0.1705327674009868,0.16692536303524,0.1929276506253963,0.1867063021265025,0.1703034694144491,0.1354131204336166,0.1355128109086134,0.1646244056758785,0.0347978542647444,0.0327617582484069,0.022219234294023,0.0276377212054015,0.0529620033404292,0.0547424387137871,0.0502642992451303,0.0444393963415636,0.0357566139467984,0.0362923755413984,0.0525214359639321,0.0812706533443927,0.0766488338259883,0.0563539952620031,0.0699245584554608,0.0378921102112546,0.0,0.0036471610095869,0.0058268271268104,0.0066589316625815,0.0130433405876697,0.0051307546667125,0.0077199970122636,0.020737625777107,0.0099294768130437,0.0143996245559598,0.0584568265021818,0.0208683634560129,0.0327725848334479,0.0025131288588315,0.0053022502169133,0.0250486545318091,0.0065208743322751,0.0431476400749328,0.0846329981850253,0.0324682829238929,0.0267641525738095,0.0819695432202758,0.1109431576168784,0.1260462945213989,0.1610103592811045,0.1325558760866299,0.1372753283518637,0.1417034535228838,0.1339741415754414,0.1458715975030777,0.0922605547333361,0.0777624106565628,0.0557286120625484,0.1510191174504855,0.1473278492247711,0.1341037506152371,0.0291438663514416,0.028842979115998,0.0425732787333741,0.102258255515097,0.0881800891366291
326797_11_consensus,0.015906256663464,0.0199224610635466,0.0374125203862725,0.0981191736891204,0.039049831437067,0.0174771798626025,0.0911813754456565,0.0733606480221773,0.1134053095004574,0.0684581857750998,0.0530958305530289,0.0369762041509407,0.0730802323295991,0.052349577531003,0.1089508630253526,0.0300832402429325,0.0170001299809179,0.2185789602664414,0.1809083466727994,0.1772763645208321,0.201327160355949,0.19597084963487,0.180485587094954,0.1528383176113878,0.1547759125043919,0.1850299879291341,0.0405258205165903,0.0377100100919509,0.0242808155511626,0.0337183497121786,0.0673226563175859,0.066346646488987,0.0622597842447767,0.0555780555868494,0.0413742596217154,0.0462177660318063,0.0654789940281812,0.0983937634107467,0.0931095841425166,0.0705516568641284,0.0845559999388836,0.0493444110363396,0.0036471610095869,0.0,0.0091576469433238,0.0065969929695155,0.0176169092443618,0.005702201016124,0.0122680980734468,0.0256092637479525,0.0151243796184736,0.0197982700562597,0.0667852628820071,0.026659231102065,0.0401250374590897,0.003709550326663,0.0092578463264683,0.0307350256900127,0.0095466694193095,0.0405269564841823,0.0968270892632876,0.0393076638685006,0.0300558500097238,0.0759604954614445,0.1206664806075741,0.1360284344630802,0.1670617600873782,0.1424757498133502,0.1492046007898597,0.1530444479857156,0.1467478846322425,0.1529050429793654,0.0969857702513605,0.0858584167909022,0.0648809781958483,0.1590245937610612,0.1545131232696697,0.1442091735889814,0.0363840146224108,0.0354543591175371,0.0461827002391928,0.1100151620367473,0.093679061208225
326797_12_consensus,0.0132821784313579,0.0117755474969651,0.0192858722306983,0.0608828022974048,0.0179918860712495,0.0125882010519715,0.0533898998790114,0.0407211374598732,0.0740094041987946,0.0365973182385754,0.0281510589714342,0.019373109976005,0.0407642870971898,0.0276237679719661,0.068944502582811,0.0149296779762186,0.0107935025922198,0.1719074615081757,0.1352980668229548,0.1316774681793644,0.1565405591576922,0.1505818739278375,0.1351517195560347,0.1033773051159387,0.1047484281885937,0.131465834978611,0.0272476831897208,0.0255076106242455,0.0232518679224451,0.0368578898967957,0.0387963727750735,0.0394294054925286,0.0385982880925155,0.0327453899655205,0.0482531463323594,0.0285656662110449,0.0410376305636059,0.07168199685937,0.0629407171508944,0.0491417393954503,0.0519358221408081,0.0322644779647323,0.0058268271268104,0.0091576469433238,0.0,0.0167059765807069,0.005151970669484,0.0044326967428016,0.0033361414899166,0.0098073550162984,0.0042568643136879,0.0069847209249722,0.0363908558795378,0.0094881108695332,0.0173014252761039,0.0062050636193999,0.0046289841508375,0.0119876818330704,0.0030819639515433,0.0623443766867319,0.06309920624631,0.0300017221129831,0.029625161071662,0.1109761480570465,0.0823992161541804,0.0954339694547812,0.1278300683189837,0.1007037036338083,0.1047689998979564,0.1089407603617171,0.1017746545141191,0.1139052742527724,0.0696018226987549,0.0558056120688519,0.0383603176265383,0.1177368596880796,0.1152695816915674,0.1021491896163322,0.0236515714310208,0.0224246139695978,0.0309020426082717,0.0765096345573539,0.0656434394727618
326797_13_consensus,0.0180369351237663,0.0275407794825541,0.0454108822776504,0.1235671570940972,0.0501609538332736,0.0216111131490475,0.111104977223837,0.0876382260471304,0.1406472378172409,0.0845606359389234,0.0692678402790045,0.0477936448556031,0.0916074132424462,0.066673927860962,0.1350377301862293,0.0391972382367153,0.0201763298179429,0.2591075634215576,0.2158746468436652,0.2122243493167754,0.2403533499122954,0.2334390710426861,0.2154852625306818,0.1747259358508559,0.1726232863879406,0.204357944178124,0.0513965508258964,0.0491528674118466,0.0299434736996255,0.0243842845524575,0.0729366492427283,0.0769279647137803,0.0685307067230223,0.0629963751689182,0.0282385857692322,0.0506595124275319,0.0699807443803557,0.0952746126386001,0.0952705671037934,0.0686743907162288,0.0940924110214922,0.0493801841166821,0.0066589316625815,0.0065969929695155,0.0167059765807069,0.0,0.029436710329576,0.014680302147159,0.0201796734801327,0.0403807941131866,0.023527023386026,0.0299902139701657,0.089577852306685,0.0409236587735515,0.0568319534759211,0.0069331675532158,0.0135602856793042,0.0467431250010568,0.0185652074452518,0.0322250145936635,0.1153803900672265,0.0438585733076957,0.0330653260718794,0.0605393600989501,0.1489173928652283,0.166085135156365,0.2057061970575642,0.1741449280117653,0.1789654067001294,0.1838494464016813,0.1747051932899843,0.1889404732658679,0.1258713537985283,0.109453362587188,0.081954838532992,0.1951004177993116,0.1903586914318387,0.1756257408969928,0.0434670222039379,0.0444218756323113,0.0656028554350474,0.1389493613476604,0.1227049557911978
326797_14_consensus,0.0191785734886158,0.0124957665546521,0.0163111367104527,0.0416253318883352,0.0123385740856329,0.0164279896278465,0.0366145024360378,0.0289509495068376,0.052730208050197,0.0243221103269686,0.0179629437056325,0.0147308991195123,0.026906691650173,0.0187899375808004,0.0478922507325165,0.0122112846392905,0.0148994097700771,0.1441142031929558,0.1112353927108547,0.1074653247299952,0.130678493363253,0.1252539700729418,0.1109133072193735,0.0834883078092758,0.0865991989847172,0.1114986872652954,0.0273983499662602,0.0261166116326867,0.0308553266636515,0.0514924470892914,0.0339982466875614,0.0324632638240478,0.0352739742359062,0.0288791469888556,0.0661842605791207,0.0283450018079545,0.0385858488272905,0.0727374436791841,0.0600142662632006,0.050916751234002,0.0437834931300002,0.034638626407677,0.0130433405876697,0.0176169092443618,0.005151970669484,0.029436710329576,0.0,0.0072531454129087,0.0039209518070189,0.0037638735896905,0.0039545831785225,0.0051833787792725,0.0208924230772602,0.0035180463455342,0.0080717944654917,0.0134282694321861,0.0087354047100429,0.0044896757100501,0.0041206779857079,0.084741851671624,0.0500640923667798,0.0338036899501448,0.0377273549932883,0.1423611238439939,0.0633767244021186,0.0744716490248409,0.102660851217986,0.0783980078396524,0.082348764819498,0.0862069118958777,0.0802187161939098,0.0904533508430303,0.0539526177042191,0.0420654947478293,0.0294278973943393,0.0932853672493294,0.0915750202007847,0.0797758867285605,0.02370801687284,0.0214456352256338,0.0231899385430338,0.0565954464176874,0.0475298168724878
326797_15_consensus,0.014256724323622,0.0126153542547964,0.0246808730954661,0.0675382314795225,0.0234662058895205,0.0136673152615429,0.0626119562007687,0.0501905208612303,0.0811323638314309,0.0451988451715434,0.0328440940383778,0.0231433175069035,0.0483076984511345,0.033213399141621,0.0765005441113295,0.0181438553735961,0.0130985398963803,0.175710758162757,0.1418372786640027,0.1382655137837209,0.1607042894131991,0.1555053661933936,0.1414690474925208,0.1183603646710169,0.1220915908113156,0.1498565402652119,0.0299353524497716,0.0277390078201227,0.0228816330745891,0.0422220068941303,0.051948140354983,0.0500152559234461,0.0498475672029723,0.0426699781431176,0.0535800319589139,0.0375551127242212,0.05344868871199,0.0894890979610503,0.0795700701139283,0.0628830649354199,0.0659799816096438,0.0429308302629189,0.0051307546667125,0.005702201016124,0.0044326967428016,0.014680302147159,0.0072531454129087,0.0,0.0056124356389197,0.0119492136090739,0.0076660331396452,0.0109708641884394,0.042326977317435,0.0127500983416828,0.022439643546777,0.0054438059393087,0.0066603230203865,0.0152168003353621,0.0039328742180497,0.0572854149712851,0.0712237269181255,0.0335866899209209,0.0296573431259723,0.1040032638184289,0.088858552972197,0.1022853695255481,0.129770528428871,0.107568315583042,0.113505106883303,0.1167871273261553,0.1116384547300608,0.1173860924697614,0.070561397677614,0.0606069527396124,0.0446868869127072,0.1222630834678124,0.1185391701990665,0.1088969192450326,0.0289048010233861,0.0267612856394414,0.0315489045196049,0.0811296716059022,0.0674865271078228
326797_16_consensus,0.013727434530228,0.0110401762772616,0.016777905813802,0.0545700556001698,0.0149876731190881,0.0125667399049946,0.0464888327633685,0.0347027974939431,0.0674526998482196,0.0316276407207869,0.0236340672243056,0.0165586573038201,0.0355237471213154,0.0233242823718775,0.061886543111461,0.0127847313228866,0.0108776985343039,0.1617062597627176,0.1261649387512573,0.1222509192441849,0.1471360953930069,0.1408185418796748,0.1258274554758038,0.0953086750549818,0.0965812698031678,0.1231721447339584,0.0253584703638871,0.0239481728395611,0.0241385959101041,0.0410158326491369,0.0361371146086577,0.0374887680909727,0.0376063508149755,0.031402997485757,0.0535463279439776,0.0285084149611538,0.0398252114932002,0.0710571345380532,0.0612325212513136,0.0485302093149524,0.0491331308643516,0.0326188356826264,0.0077199970122636,0.0122680980734468,0.0033361414899166,0.0201796734801327,0.0039209518070189,0.0056124356389197,0.0,0.0076848633899659,0.0036152920464394,0.0067667911710742,0.0314571635954079,0.0071520494969377,0.0142048766439533,0.0085728337863937,0.0050851535958704,0.0092316701804673,0.0033907120418552,0.0698605199091257,0.0578160478421878,0.0307259580947354,0.0319244802726412,0.1221707326139167,0.0747330475187055,0.0868247360733311,0.1193082472341657,0.0926240364586039,0.0957780522444675,0.1000116093834861,0.0926165187630996,0.1058607200291579,0.0638150276481992,0.0499605168243748,0.0337714422029522,0.1094957643836664,0.1067685564931526,0.0934220636527261,0.0237352492106905,0.0220276647007677,0.0296144172438967,0.0714302494120868,0.0611545024121849
326797_17_consensus,0.0248259577635012,0.0147767561715186,0.016364952499674,0.0314619795225459,0.0111696063312196,0.0209290930200278,0.0284473383402446,0.0242067072679175,0.0412862793612562,0.0192294799401286,0.0134946501874679,0.0137601880682289,0.0204019398167556,0.0151356061423006,0.036931026868304,0.0126590623434132,0.0195859869873178,0.1300854414212926,0.1002586149704285,0.0960096938833681,0.1183368858438562,0.1131816725089818,0.0999893850122992,0.0749744031026109,0.0792162694581435,0.1033563536645871,0.0304942115616091,0.0291739324602069,0.0380211217130792,0.0651271754973397,0.035542160057548,0.0324045390704643,0.0377683097685448,0.0305893692578118,0.0819120021822268,0.0326173264254707,0.0411590329084994,0.0783946520507754,0.062735268121159,0.0563024373120253,0.043323777643045,0.0409422427013499,0.020737625777107,0.0256092637479525,0.0098073550162984,0.0403807941131866,0.0037638735896905,0.0119492136090739,0.0076848633899659,0.0,0.0069902950151243,0.0077511995702392,0.014452492285395,0.0029210426409607,0.0056208712715299,0.0210407029392714,0.0145986016106824,0.0033986301415174,0.0079934181770155,0.1007042405971976,0.0452321589999673,0.0395890617892158,0.0457690444623501,0.1638827108144003,0.0546453540141511,0.0644355347383225,0.0897153622749371,0.0682124052719013,0.0720779984321495,0.0750098239250078,0.0700472234240026,0.0788736223827513,0.0475741068929593,0.037152820065029,0.0274239227048918,0.0814873508667259,0.0796929487422195,0.0693381911593773,0.0260959862545764,0.0228588623807031,0.020354408333115,0.0458693934346152,0.037926256671569
326797_1_consensus,0.0139800443643833,0.0102969330060602,0.0138657465785163,0.0484918681236221,0.0116261161993325,0.012619453953321,0.0408104943176619,0.0298498676281004,0.0591418107121812,0.0252950587365727,0.0202148527543011,0.0129656725133244,0.0290883458811954,0.019215069211242,0.0549048067114972,0.0108414406407515,0.0099628006397365,0.1675648241658409,0.1287351806982526,0.1246607214205237,0.1518044263857048,0.1454318245324914,0.1291251366569685,0.0882695385774852,0.0877393850170484,0.1129665838011995,0.0293969054312466,0.0274498093760522,0.0289924951371718,0.038296239191812,0.0284083440853688,0.0281080943627562,0.0283835346881735,0.0229290579748671,0.050936150771081,0.0215228913507115,0.029773666596232,0.0581791990398787,0.0486706223632964,0.0380023012180172,0.0385467193977389,0.0255692471736432,0.0099294768130437,0.0151243796184736,0.0042568643136879,0.023527023386026,0.0039545831785225,0.0076660331396452,0.0036152920464394,0.0069902950151243,0.0,0.0035676252060916,0.0267130344726433,0.0056357226583489,0.0109796731465952,0.0095406631547483,0.0060825898184573,0.0083317046002697,0.0038445816450209,0.0713025091673262,0.0512343155909622,0.0266928595562196,0.0300427098954578,0.1244162980848573,0.0727028937772757,0.084431324702801,0.1194189316665479,0.0899746779428891,0.0930159328473534,0.0968244190444158,0.0889427677208392,0.1050312720682988,0.0643974765829522,0.0488475372536427,0.0316349353818861,0.1079776525861033,0.1064879778435887,0.0916139198646597,0.0174805571847258,0.0166766336513584,0.0250862970209269,0.0638635022127909,0.0553255125119536
326797_2_consensus,0.0212648209136254,0.0159823020502321,0.0183846353833345,0.0462100978201274,0.0139947722966251,0.0197244183109619,0.0405254098992085,0.0314386669208417,0.0549859060451689,0.0240867883744062,0.0225413523708803,0.0167109181198537,0.0284358308274592,0.0220498936811042,0.0516972564272038,0.0147829572479762,0.0152826164277293,0.1616325805682974,0.1229623073031227,0.1192810657589706,0.1459808632218484,0.140600978183607,0.1232261149803264,0.0788185149388658,0.078993922307931,0.1009571292915065,0.0311462820231209,0.0299117748005972,0.0336532908431728,0.0393846129432793,0.0236962492201566,0.0208981672614321,0.0215752662535724,0.0175956054417518,0.0532246871852954,0.0164756226718481,0.0244705722346623,0.0512856442581188,0.0415228639691722,0.0342764040430347,0.0302331077481996,0.02153157468436,0.0143996245559598,0.0197982700562597,0.0069847209249722,0.0299902139701657,0.0051833787792725,0.0109708641884394,0.0067667911710742,0.0077511995702392,0.0035676252060916,0.0,0.0229759498776864,0.0059782544486646,0.0085092943311231,0.0132930988242296,0.0097029021122283,0.0081670781115681,0.0052662090624417,0.0775053676356911,0.04698492702851,0.0262351586246465,0.0317852983821884,0.1314023203807011,0.0674747815995822,0.0788691616465131,0.1124555394169828,0.0818713700004787,0.0857353425936322,0.090224986685147,0.0828297785563503,0.0974700146465794,0.060126833964559,0.0446436455349363,0.0283107041148884,0.0998830496892964,0.1001610121669722,0.0852180295060058,0.0137011263338955,0.013390665670407,0.0194493351087352,0.0550165080942646,0.0477063674992344
326797_3_consensus,0.0586514250690379,0.0389902369165211,0.0307779748424934,0.0111241134556632,0.0198247227985914,0.0516555352584395,0.0131572632362662,0.0188564405361182,0.0144878605253975,0.0113913510148373,0.0143992231977607,0.0249392679825177,0.0104001639926387,0.0172962880509013,0.0123976041670959,0.0287185761078605,0.0486009631988668,0.0939473443232685,0.0667557870653361,0.0628198143564668,0.0836448398057614,0.0793929540777824,0.0671964413374013,0.0418053889436906,0.0474612992590994,0.0658561334255019,0.0490888581909496,0.0481000455491313,0.0719825259142981,0.1089133940775131,0.0368477434860095,0.0291284160132896,0.0411267399180665,0.0346202177904668,0.1317240930431067,0.0445856589939799,0.0450982235303998,0.0843619420839703,0.0613119088340923,0.0676560561482233,0.0350089045066779,0.0572841043313152,0.0584568265021818,0.0667852628820071,0.0363908558795378,0.089577852306685,0.0208924230772602,0.042326977317435,0.0314571635954079,0.014452492285395,0.0267130344726433,0.0229759498776864,0.0,0.0127216925283102,0.0068647570297546,0.0579382683873257,0.04501221473088,0.0107957764929045,0.0324406905871095,0.1604998572163154,0.0291532817294584,0.0592952457959974,0.0756486640273301,0.2390581407117862,0.0296135884325492,0.0348022285872424,0.0551502237504148,0.0358020301944037,0.0386071424106226,0.0408084243237878,0.0368291482571372,0.0461616078194211,0.0331680388651252,0.0242591467761794,0.022882513332993,0.0462808597480055,0.0475344163286752,0.0375549869144409,0.0396757286302715,0.0351942031930887,0.0221639307523338,0.0207495270135824,0.0193337109197262
326797_4_consensus,0.0245105564460015,0.0146785898083345,0.0149846220858451,0.0300100691782052,0.0095580593866682,0.0209390320473374,0.0261702842711359,0.0215230971390267,0.0392132762554249,0.0165745467506024,0.0124197968970252,0.0123604394292442,0.0181789192312162,0.0135372239508297,0.0348936737971783,0.0116954460463976,0.0187461631960683,0.1299137066367244,0.0979238988497277,0.0938195627823965,0.1172759755581935,0.1116149749158239,0.0980681965315302,0.0690185684441315,0.0721583792051783,0.0952961083636463,0.0288885473546951,0.0272698012128902,0.0368898104235375,0.062158517951163,0.0305751911614304,0.0278059364496323,0.0328906080886843,0.0262959675226914,0.0788441282487637,0.0286086119854118,0.0357968929793841,0.0707701103292608,0.0556496406868536,0.0501300089078231,0.0376235102218922,0.036371878905907,0.0208683634560129,0.026659231102065,0.0094881108695332,0.0409236587735515,0.0035180463455342,0.0127500983416828,0.0071520494969377,0.0029210426409607,0.0056357226583489,0.0059782544486646,0.0127216925283102,0.0,0.0039555622998985,0.0210131862651881,0.0140362799804343,0.002659403973654,0.0076961858198707,0.0993734225039961,0.0404303540320709,0.0356709130090493,0.0427523027946898,0.1623959182949628,0.0506007477487937,0.0601148727419129,0.0875597699434669,0.0642158789770208,0.0673311983153448,0.0702478184543284,0.0646275246411285,0.0759149452486438,0.0450852591235868,0.0334311421053215,0.0230946201667974,0.0783149214433098,0.0770492859129108,0.0652080126383891,0.0229597347462968,0.0201542943006032,0.0190279230510164,0.04400747380752,0.0369684842504849
326797_5_consensus,0.0359826616515013,0.0230410033630565,0.0194554917780713,0.0220238893352417,0.0115392954727306,0.0313355607358634,0.0198743145014734,0.0186780773207093,0.0288330956343134,0.0118649559984502,0.0123111738216294,0.0158980772910339,0.0135799580777016,0.0138339119070511,0.0253421768896195,0.0166943326362378,0.0278285904664077,0.117301440642378,0.0857787613997667,0.0817296936842817,0.1052715768419982,0.1000748703374414,0.08588227981065,0.054403585962131,0.05802701094367,0.0781784061536976,0.0343243053826292,0.0334108899466416,0.0483060622754614,0.0730138963960369,0.0264938389613744,0.0219669360555592,0.028775072240827,0.0233268571550118,0.0919824171555943,0.0279597394079358,0.0322255410363974,0.0661844870792931,0.049008782523316,0.0490935241720862,0.0291912680974171,0.03697864408932,0.0327725848334479,0.0401250374590897,0.0173014252761039,0.0568319534759211,0.0080717944654917,0.022439643546777,0.0142048766439533,0.0056208712715299,0.0109796731465952,0.0085092943311231,0.0068647570297546,0.0039555622998985,0.0,0.0325563492456772,0.0231417603841013,0.0038234875061657,0.014469673376638,0.1189925258806798,0.0333506045916331,0.0402942003180424,0.0518127290469374,0.1870550061163562,0.04171021079663,0.0499325072193137,0.0762169505337331,0.0518903999086832,0.0549829400214285,0.0581861936082841,0.0527449482442845,0.0647569200876425,0.0404974810924461,0.0283903998950378,0.0202795900437697,0.0659142505180128,0.0662951549628516,0.0540241737126105,0.0242310289633866,0.0214278806669998,0.0176080929428081,0.0333425008806695,0.0288857159396389
326797_6_consensus,0.0122625277405612,0.015720177463506,0.0287112558598989,0.0873370775482413,0.0300605884068572,0.0137597215619065,0.0783825222398437,0.0608158200358657,0.1013272582735345,0.0560234843653431,0.0446353850469662,0.0292515824587287,0.0614222200403711,0.0430183683984584,0.0969354058918003,0.0233083273745329,0.0117016835234906,0.2146469230575478,0.174144263048932,0.1704701972617295,0.1971027059980912,0.1911476386712092,0.1740814508333681,0.1351303504655625,0.1343973081177534,0.1628327788519561,0.0373726674289827,0.0350383020871012,0.0242053999695235,0.0252651856319428,0.0508322726701786,0.0513668604594581,0.0468734758712487,0.0413471894256201,0.0331352374614333,0.0333599885593347,0.0490999658446167,0.0768987842564197,0.0726694680051558,0.0525934834891002,0.0667209051205253,0.0351695109990775,0.0025131288588315,0.003709550326663,0.0062050636193999,0.0069331675532158,0.0134282694321861,0.0054438059393087,0.0085728337863937,0.0210407029392714,0.0095406631547483,0.0132930988242296,0.0579382683873257,0.0210131862651881,0.0325563492456772,0.0,0.0057091607944883,0.0254866412365935,0.0066994852704826,0.0413957664304343,0.0832760844932858,0.0308053091422966,0.0251568714202763,0.0794796393220744,0.1123520259118455,0.1273392396648001,0.1631549991399055,0.1339281402778027,0.1387578866762249,0.1431533660286845,0.1352615304841808,0.1475161282245292,0.0939175847039583,0.0791492051639624,0.0566174909223846,0.1525239057184801,0.1494125672395991,0.1358602984045527,0.026585178291743,0.0267336315935553,0.0406439675916949,0.1002365311028032,0.0864168687978734
326797_7_consensus,0.0115771225819605,0.012634551815827,0.0203616995177329,0.0705580384251485,0.0205795057663831,0.0118811472829341,0.0605067934508731,0.0448737084996508,0.0845199494029085,0.0417551858801825,0.0330135393565917,0.0215236557217952,0.0469834988123922,0.0314977952009449,0.0789569210220841,0.0165410201205205,0.0097818673493623,0.1914404587315106,0.1519899227232448,0.1480865662730686,0.1751184861272356,0.1684069569901254,0.151819744496982,0.1136129991564818,0.1126742663844471,0.1401675313026569,0.0310711679811834,0.0296484223594255,0.0245790538516903,0.0313988307475501,0.040581723640459,0.0431222138315519,0.0401389892534789,0.0347834959302417,0.0414511521965659,0.0293385389504656,0.0418138126163345,0.0690568598209635,0.0628614820826971,0.0467916136623518,0.0553398440569656,0.031260107051076,0.0053022502169133,0.0092578463264683,0.0046289841508375,0.0135602856793042,0.0087354047100429,0.0066603230203865,0.0050851535958704,0.0145986016106824,0.0060825898184573,0.0097029021122283,0.04501221473088,0.0140362799804343,0.0231417603841013,0.0057091607944883,0.0,0.0174360074106108,0.0052350229843822,0.0565536476882604,0.0700998490165467,0.0300651178517181,0.0289081311449299,0.1021689125556069,0.0952059700628087,0.1089658459613476,0.1454655695842692,0.1153906761450125,0.1184978875941684,0.1228596267669983,0.1146442844644148,0.1303323284963911,0.0822734605136288,0.0662038151085537,0.0454557270111042,0.1343658858548346,0.1316646926931239,0.1166449025652376,0.0247339888615902,0.0245694849564799,0.0375702038390395,0.0885075343684302,0.0771299182870768
326797_8_consensus,0.0288299700357743,0.0174995235467996,0.0173678881094749,0.027044578288037,0.0108541509431603,0.0246862904711999,0.02423532348259,0.0211040245547451,0.0361767251256379,0.0161391993789594,0.0123578221232865,0.0143320183158719,0.0173733327847545,0.0140152738477663,0.0315999476603403,0.0136671326230706,0.0228384568739867,0.1190557868944157,0.088895922668911,0.0851025339829982,0.107008270279679,0.1017880287604615,0.0888737714523033,0.0661224338628008,0.070771645171451,0.0936953738138459,0.0290238993614,0.0279218346397387,0.0396941447134713,0.0699127995636157,0.0332996287270361,0.0298498521221555,0.0361004522578758,0.0294035957027993,0.0876039771648375,0.0323379337579812,0.0397863605271568,0.0766119619054119,0.0599888964485879,0.0560775518077765,0.0394486056599872,0.0409624256637268,0.0250486545318091,0.0307350256900127,0.0119876818330704,0.0467431250010568,0.0044896757100501,0.0152168003353621,0.0092316701804673,0.0033986301415174,0.0083317046002697,0.0081670781115681,0.0107957764929045,0.002659403973654,0.0038234875061657,0.0254866412365935,0.0174360074106108,0.0,0.0100035916822145,0.108886703698082,0.0402248143785595,0.0403590083459395,0.0483419505899895,0.1745321287936052,0.0465499741512056,0.0555243555213289,0.0804145373455567,0.0585641469993785,0.0621074153193887,0.0652610252930356,0.0603695747291563,0.0695444413261494,0.0412679254827441,0.0307440698300629,0.0227286271641737,0.0716303320919715,0.0704343864241279,0.0598259301458128,0.0279540221272123,0.0243667624126322,0.0207296455979371,0.0423911348987999,0.0355006571758576
326797_9_consensus,0.0153419768658231,0.0126102361330424,0.0203882607946805,0.0575250336525412,0.0177540759495418,0.0144801081528243,0.0517255074609623,0.0403509782756676,0.0696414497671122,0.034857803099932,0.0269476018210887,0.0192523523496079,0.0388012582717998,0.0271183010018969,0.0651063366311186,0.0149795544919095,0.0120954434877829,0.1657349446917546,0.1303039020361005,0.1267855095419126,0.1508909482793559,0.145379833631094,0.1300954947904724,0.0994986468264631,0.1018141924693409,0.1269275617559913,0.026569715036576,0.0251521182260932,0.0238255784618619,0.0391687628157395,0.0383937324540841,0.0369884134192259,0.0368669523341518,0.0311495857140089,0.0515611680504122,0.0275105568623867,0.0402355082020715,0.0720209674006868,0.0622970703661893,0.0496017919109137,0.0497650978609485,0.0323050896660719,0.0065208743322751,0.0095466694193095,0.0030819639515433,0.0185652074452518,0.0041206779857079,0.0039328742180497,0.0033907120418552,0.0079934181770155,0.0038445816450209,0.0052662090624417,0.0324406905871095,0.0076961858198707,0.014469673376638,0.0066994852704826,0.0052350229843822,0.0100035916822145,0.0,0.064389821256948,0.0597474990706174,0.0291044677274623,0.029249401393983,0.1140582619129313,0.0777050334803277,0.090406727672998,0.1204559400844562,0.0946089397315788,0.0993090053091902,0.1034136593054189,0.0971115383649339,0.1068876268794376,0.0642641006446531,0.0515629159272927,0.0354910216139776,0.1107072287388648,0.108733959955324,0.0967342105134489,0.0212370419583969,0.0197661917088636,0.0257704824935292,0.0696641215164408,0.0588211599199643
326907_11_consensus,0.0510016479077313,0.0676781378766859,0.0925990564678533,0.1938593849390146,0.1009385179362301,0.0590302635980375,0.1821224188998078,0.1508364774436641,0.2091433891280694,0.1442781596069542,0.1283314039465768,0.0951095663803522,0.1539272438428618,0.1225448907865303,0.2077006255560824,0.0848649571649708,0.0535920705245551,0.3431547430135948,0.2877931257136463,0.2856778335008814,0.315522436689907,0.3092530928653367,0.2881886857288389,0.2338672645706569,0.2284881266785241,0.259388943520884,0.0864867730680813,0.0842078570465698,0.0522068515460265,0.0382593804691975,0.1218199097697612,0.1231770579656892,0.1093395237202798,0.105229974392512,0.0388974710614613,0.0880189676577734,0.1087696762266681,0.1287686334399058,0.1335687958828808,0.1000601727794556,0.1432438659120816,0.0841089304625963,0.0431476400749328,0.0405269564841823,0.0623443766867319,0.0322250145936635,0.084741851671624,0.0572854149712851,0.0698605199091257,0.1007042405971976,0.0713025091673262,0.0775053676356911,0.1604998572163154,0.0993734225039961,0.1189925258806798,0.0413957664304343,0.0565536476882604,0.108886703698082,0.064389821256948,0.0,0.1430545705409613,0.0444312539229319,0.0252382348653492,0.0138028809727428,0.2102446408811351,0.229871109347707,0.2742272784731288,0.2404791979105276,0.2456059204097531,0.248692919743914,0.2401955012522627,0.2544037132409062,0.17892406984756,0.1623385636162906,0.1278858005508638,0.262694582216139,0.2573070752496011,0.2424077869523584,0.0720128538857949,0.0755029031925946,0.1057426019008112,0.1997755809889563,0.1804415209480474
326907_13_consensus,0.0747858960968663,0.0560705888290744,0.0439042043984168,0.0272140709266732,0.0339233851777667,0.0691394445755797,0.0278520379465101,0.0314728914054658,0.0268660516514964,0.023574417260896,0.0320099987163571,0.0393672054025238,0.024042359163273,0.0320196989844827,0.027545757622553,0.0437378932506788,0.0616813581385269,0.1057059716810462,0.0683859158335034,0.0656449736175357,0.0886181010700877,0.0837504540986469,0.0693188229347203,0.0287712985374728,0.0303295766692226,0.0465604809412001,0.0530463028461749,0.0538792494847646,0.0774093378711331,0.1147035511574738,0.0427798656541762,0.0360217659246897,0.0466847561711496,0.0414988854719702,0.1383151910179609,0.0525128877439406,0.0473247845986488,0.0801068269385414,0.057421733150881,0.0652839381892853,0.0385713142944403,0.06251856919007,0.0846329981850253,0.0968270892632876,0.06309920624631,0.1153803900672265,0.0500640923667798,0.0712237269181255,0.0578160478421878,0.0452321589999673,0.0512343155909622,0.04698492702851,0.0291532817294584,0.0404303540320709,0.0333506045916331,0.0832760844932858,0.0700998490165467,0.0402248143785595,0.0597474990706174,0.1430545705409613,0.0,0.0361965952406082,0.0544871378840063,0.221595004652622,0.0321306363396551,0.0371716412244378,0.0631796706818512,0.0400900665606256,0.0388114153970073,0.0399218406050838,0.0349327844974629,0.0523558415531617,0.0399250843939125,0.0281562777578967,0.0246468843954028,0.0519991620381894,0.0537658702535335,0.0404666990837396,0.045787484741198,0.0433121415659787,0.0368608958425769,0.0331954477691356,0.0349906317364263
326907_3_consensus,0.0308378138295832,0.0294733899749193,0.0329036470705981,0.0753155208787639,0.0315776177917621,0.031931293051918,0.0678630724662996,0.0533697000186617,0.0826746703981022,0.0459490036508629,0.0454861293937005,0.0326429072608318,0.0521570953270602,0.0419665178750232,0.0817562253358419,0.0302353321151978,0.024135694046782,0.1971672293495476,0.1476282847443517,0.1450881990765751,0.1740108615037652,0.1678891289743456,0.1481870184950242,0.091094089994411,0.0872359034591507,0.1093677952864515,0.0378357600740146,0.0378209056354625,0.0350941023700608,0.0389186272669928,0.0395644089417714,0.0378989772177025,0.0354052192849865,0.0320331482469171,0.0513457063545006,0.0293809703258522,0.0352522555144352,0.0571634079193561,0.049601866607178,0.0386856218553015,0.0471312302551307,0.0312934110842464,0.0324682829238929,0.0393076638685006,0.0300017221129831,0.0438585733076957,0.0338036899501448,0.0335866899209209,0.0307259580947354,0.0395890617892158,0.0266928595562196,0.0262351586246465,0.0592952457959974,0.0356709130090493,0.0402942003180424,0.0308053091422966,0.0300651178517181,0.0403590083459395,0.0291044677274623,0.0444312539229319,0.0361965952406082,0.0,0.0069620763559274,0.0917517471058095,0.0873821483957968,0.0997607136739322,0.1395546674651147,0.1061372402917841,0.1074426041629728,0.1103534587868413,0.102178454613016,0.122487161729154,0.0785494428888373,0.0610956346091651,0.0400491279988939,0.1257471373933887,0.1248698854530232,0.1079796937759862,0.0215501518335541,0.0228263152324563,0.0377274224993726,0.0822676461856524,0.0747333836401562
326907_7_consensus,0.0275543023041713,0.0296203267450065,0.040011000466789,0.0951505202696907,0.0409507344371187,0.0301092649714824,0.0884643561961375,0.070434376666796,0.1046829438055105,0.0632060297701482,0.0569142464115248,0.0396044632439931,0.0693882706167787,0.0534659745527044,0.1039856159911885,0.0353181924209398,0.0237393587353427,0.2170154190941078,0.1683611790286283,0.166279617780547,0.1933625406905008,0.1876855070616461,0.1692974468140118,0.1200880945623996,0.1176291689929591,0.1421128172147732,0.0389027190485267,0.0377429298919853,0.028077008423315,0.0353745390789645,0.0568365140018016,0.0543251860091356,0.0501922425867418,0.0457122602216051,0.0455483396859186,0.0395680840248475,0.0503895199765977,0.0752606838184348,0.0694693006093132,0.0522922068038376,0.0679396357082531,0.0414368786927479,0.0267641525738095,0.0300558500097238,0.029625161071662,0.0330653260718794,0.0377273549932883,0.0296573431259723,0.0319244802726412,0.0457690444623501,0.0300427098954578,0.0317852983821884,0.0756486640273301,0.0427523027946898,0.0518127290469374,0.0251568714202763,0.0289081311449299,0.0483419505899895,0.029249401393983,0.0252382348653492,0.0544871378840063,0.0069620763559274,0.0,0.0647741570411328,0.1063940937872747,0.1205289368495998,0.1579405815015908,0.1280279813386844,0.1311449804850877,0.1336321262680613,0.1265416293808732,0.1414364203147364,0.0896407792593851,0.0749948983643626,0.0527192007183812,0.1465066016478511,0.1438782206501789,0.1296947033547688,0.0281559714135681,0.0291109780343408,0.0448109429597209,0.1018899573987273,0.0903784906277014
326907_9_consensus,0.0959664190554319,0.1221435927746501,0.1550562422585955,0.2825886497181855,0.1669372695988213,0.1080508439839551,0.2684417625168471,0.2293040139273943,0.2997408792232043,0.2210083401018909,0.2024541786982254,0.1591538001035282,0.233925112379314,0.19500282246252,0.2991463076303358,0.14556501232454,0.1015682652637544,0.4499910608757345,0.3879728700985163,0.3863572635463388,0.4185194459569086,0.4122131453100817,0.3882836999787233,0.3256220241687924,0.3177383283441521,0.3505905443398616,0.1445540931215845,0.1420559205698293,0.0965889923198091,0.0641924034713126,0.1850936334847324,0.1876029015698179,0.1674104529630424,0.1650198036895327,0.0586342199415019,0.1406653376966797,0.1669801333695257,0.1803536581202252,0.1927161265752905,0.1513759309421614,0.2104182651701123,0.1330012581535138,0.0819695432202758,0.0759604954614445,0.1109761480570465,0.0605393600989501,0.1423611238439939,0.1040032638184289,0.1221707326139167,0.1638827108144003,0.1244162980848573,0.1314023203807011,0.2390581407117862,0.1623959182949628,0.1870550061163562,0.0794796393220744,0.1021689125556069,0.1745321287936052,0.1140582619129313,0.0138028809727428,0.221595004652622,0.0917517471058095,0.0647741570411328,0.0,0.2993108690355379,0.3218462850817314,0.3716113683344737,0.333149198424981,0.3395166576088542,0.3441311532273188,0.3341144887845457,0.3484821434896812,0.2603293443538677,0.2412606942259758,0.1993040525958722,0.358424639923407,0.3531842769223363,0.3367061490030165,0.1215018336190869,0.1275151676883847,0.1670154446557923,0.2829489026732332,0.2599655436794048
327059_11_consensus,0.1086168338021842,0.0828096892027634,0.071424240502016,0.0301513470920697,0.0565849065708583,0.1009227824563367,0.0364111508202738,0.0479721032784343,0.0309911567166549,0.0405962998457392,0.0462875176403105,0.0641102085775768,0.0377459748492645,0.0505615708251028,0.0297111415438608,0.0676817140759924,0.0960012861823038,0.0496494304138881,0.0286356969531187,0.0270438415317935,0.0400081685954898,0.0353293133115659,0.0291959893874889,0.0265122144771767,0.0387784304945189,0.0522037658983869,0.0550453687864438,0.0563155093908536,0.0903503855014831,0.1700640960753254,0.074596789022225,0.0645143794801796,0.0821794024469957,0.0737820900311714,0.197280675149984,0.0871258501063128,0.0869268700117062,0.1341054905229102,0.1031260853471813,0.1158726195914328,0.0687716044009612,0.1046868494191057,0.1109431576168784,0.1206664806075741,0.0823992161541804,0.1489173928652283,0.0633767244021186,0.088858552972197,0.0747330475187055,0.0546453540141511,0.0727028937772757,0.0674747815995822,0.0296135884325492,0.0506007477487937,0.04171021079663,0.1123520259118455,0.0952059700628087,0.0465499741512056,0.0777050334803277,0.2102446408811351,0.0321306363396551,0.0873821483957968,0.1063940937872747,0.2993108690355379,0.0,0.005434937034944,0.0145459867861266,0.005181415644472,0.0062048193984471,0.0069775746329083,0.0063688863517432,0.009574607778255,0.008846311237181,0.0070156195400805,0.0181348096225359,0.009756217248424,0.0098716533300491,0.0050536336165034,0.0799402525876589,0.0712110471331355,0.0491303126322524,0.0304720882199598,0.0319728931877936
327059_12_consensus,0.1216756603567574,0.094145236757674,0.0809670392929939,0.033062502323351,0.0652447384800458,0.1133493607886757,0.0398633514793429,0.0536627687169959,0.0326044423441338,0.0461485081627977,0.0529267554853429,0.0726462277520934,0.0426996618483768,0.0573682795757726,0.0316042399334444,0.0775245484036926,0.1085839480972996,0.0491619029158831,0.028377017665325,0.0265981922998896,0.039389269990254,0.0346143165671151,0.0291199086158728,0.0295017010489928,0.0422006585387402,0.0559468041619002,0.0660091826882922,0.0673120585194384,0.1044555849223218,0.1885523656166405,0.0849566092095397,0.0740076173926729,0.0934961303610304,0.0845284481061083,0.2168682409180915,0.0995317491445684,0.0979402600206613,0.1467238302172298,0.1138284355936258,0.1285429304500187,0.077413545610967,0.1184796563180157,0.1260462945213989,0.1360284344630802,0.0954339694547812,0.166085135156365,0.0744716490248409,0.1022853695255481,0.0868247360733311,0.0644355347383225,0.084431324702801,0.0788691616465131,0.0348022285872424,0.0601148727419129,0.0499325072193137,0.1273392396648001,0.1089658459613476,0.0555243555213289,0.090406727672998,0.229871109347707,0.0371716412244378,0.0997607136739322,0.1205289368495998,0.3218462850817314,0.005434937034944,0.0,0.0138470199871258,0.0056354981040431,0.0061534303614063,0.0067739065060594,0.0065192327342824,0.009435271528587,0.0127688645614787,0.0116115867971613,0.0248162443977086,0.0095284753517788,0.0094580832976554,0.005197835283103,0.0913370336523282,0.0819208015332435,0.0575651372280106,0.033394418383235,0.0359843790806539
327059_13_consensus,0.1631942289212054,0.1296185718195852,0.1209353475540702,0.0523792902371846,0.1012535824790328,0.1526021642745805,0.0690908215185368,0.0904970379411418,0.050687696499402,0.0797576443743137,0.082312488200845,0.1084654639680504,0.0726480349246205,0.090710694522043,0.0512118586096121,0.1131168371376594,0.1498896098045889,0.0275826139505763,0.0201132677153825,0.0193639395858342,0.0216993604327893,0.020518224173589,0.0205996920924551,0.0540120039760401,0.0760217898941242,0.0883062144842119,0.0892599292085796,0.0903415709397865,0.1318932321274495,0.2455331787528765,0.1333194512193678,0.1150065287100474,0.1400775197643717,0.1289817345904893,0.2780123688333198,0.1456617696144464,0.1488692931572037,0.2121383906552782,0.1716612625107512,0.1887372201869439,0.1227304645651825,0.1707767614910436,0.1610103592811045,0.1670617600873782,0.1278300683189837,0.2057061970575642,0.102660851217986,0.129770528428871,0.1193082472341657,0.0897153622749371,0.1194189316665479,0.1124555394169828,0.0551502237504148,0.0875597699434669,0.0762169505337331,0.1631549991399055,0.1454655695842692,0.0804145373455567,0.1204559400844562,0.2742272784731288,0.0631796706818512,0.1395546674651147,0.1579405815015908,0.3716113683344737,0.0145459867861266,0.0138470199871258,0.0,0.009528941733202,0.0140729877620398,0.0132739128190975,0.0188816488822034,0.0031259679158219,0.0145760632996214,0.0250146453846209,0.0496550535018718,0.0037382544031387,0.0033800137866091,0.0093987955229248,0.1310112282660682,0.1185667682273301,0.0771527344842759,0.0436024827876,0.0439250077298432
327059_14_consensus,0.1333354400404793,0.1045444067809509,0.0915407034882829,0.0367834035101122,0.0735701074514079,0.1245883347951481,0.0462480102366793,0.0621543785635321,0.0352234466503933,0.0519036705815221,0.0608792384113794,0.0824886715610251,0.0486300850743823,0.0664143107027737,0.0347883231374464,0.0866289652973071,0.1188974720473181,0.0405293389453227,0.0220197244773023,0.0209518314478387,0.0316153260733598,0.0283808055667726,0.0225840797716907,0.026998046503186,0.0421650531123614,0.053440423478908,0.0690578162007069,0.0711689156124579,0.1100323052470813,0.1946686054098387,0.0873775008496924,0.0742586435915173,0.0941280904595576,0.0865527850232297,0.2243090966460883,0.1014161898795542,0.1006439151398606,0.1494740793804059,0.1157592072922994,0.1335129761627094,0.0772603261046409,0.1210273191345736,0.1325558760866299,0.1424757498133502,0.1007037036338083,0.1741449280117653,0.0783980078396524,0.107568315583042,0.0926240364586039,0.0682124052719013,0.0899746779428891,0.0818713700004787,0.0358020301944037,0.0642158789770208,0.0518903999086832,0.1339281402778027,0.1153906761450125,0.0585641469993785,0.0946089397315788,0.2404791979105276,0.0400900665606256,0.1061372402917841,0.1280279813386844,0.333149198424981,0.005181415644472,0.0056354981040431,0.009528941733202,0.0,0.0038904134740693,0.0058899505379867,0.0065357605910518,0.0055116663546748,0.0117954500934835,0.011759936143731,0.0271354067248434,0.0047616803482304,0.0066448633142783,0.0036036502532592,0.0952490553557066,0.0859982482621379,0.0583453702707288,0.0309855802802152,0.0342129330093321
327059_15_consensus,0.1353751555147386,0.1070850454034655,0.0910676435252231,0.038138533857813,0.0739140383295806,0.1270128252601203,0.0448799098967134,0.0600700786218126,0.0368117167194341,0.0514322506236757,0.0617242526263233,0.0836925172238967,0.0487399098282814,0.0666993015052206,0.0355504483566058,0.0879296251705081,0.1204789955159677,0.0439400425239382,0.0237011432097009,0.0226230882059628,0.0348278993696542,0.0303807595426874,0.0243049183627004,0.0241354135453439,0.0370957225165069,0.0481453966201854,0.0708771728604853,0.0733187169353586,0.1132327461751234,0.1969936485226764,0.0863237687544185,0.0760549524553617,0.0953862868957395,0.0878602012558014,0.2261915435132726,0.1033940279312783,0.1007377071817563,0.1465834168227822,0.1135786187072485,0.1317711370681014,0.0769823698489888,0.1218472116391087,0.1372753283518637,0.1492046007898597,0.1047689998979564,0.1789654067001294,0.082348764819498,0.113505106883303,0.0957780522444675,0.0720779984321495,0.0930159328473534,0.0857353425936322,0.0386071424106226,0.0673311983153448,0.0549829400214285,0.1387578866762249,0.1184978875941684,0.0621074153193887,0.0993090053091902,0.2456059204097531,0.0388114153970073,0.1074426041629728,0.1311449804850877,0.3395166576088542,0.0062048193984471,0.0061534303614063,0.0140729877620398,0.0038904134740693,0.0,0.005457271488785,0.0047500977720007,0.0090915321905367,0.0161964557862388,0.0136994444433726,0.0278170402039821,0.0079470836375632,0.0098667543213135,0.0044494205767326,0.0978263594051451,0.0891050046186023,0.0646845112157263,0.0356418222805894,0.0402861650378714
327059_17_consensus,0.136998934487786,0.1076269312499107,0.09191430078842,0.0372696108159411,0.0749413070877569,0.1283519855818884,0.0449785886983917,0.0606720113789336,0.0355844059984029,0.0528741944603599,0.0615220770875133,0.0837529086888402,0.0490358391216956,0.0665310064665396,0.0348760008189685,0.0888700403524982,0.1224933777341288,0.0471903039157854,0.0280965975702018,0.0267713868339019,0.0386791846642387,0.0339585640865927,0.0291661605765947,0.0275553447941589,0.0406210715484807,0.051545425862213,0.0765682693368647,0.0781898408129739,0.1184880523529097,0.204950494417698,0.0921666751008194,0.0810981679611373,0.1015023131568231,0.0931896993608578,0.2345032737483183,0.1095597281019777,0.1063280057045492,0.1550900126524963,0.1207035491359818,0.1381177202583767,0.0829511055437093,0.1290477491083939,0.1417034535228838,0.1530444479857156,0.1089407603617171,0.1838494464016813,0.0862069118958777,0.1167871273261553,0.1000116093834861,0.0750098239250078,0.0968244190444158,0.090224986685147,0.0408084243237878,0.0702478184543284,0.0581861936082841,0.1431533660286845,0.1228596267669983,0.0652610252930356,0.1034136593054189,0.248692919743914,0.0399218406050838,0.1103534587868413,0.1336321262680613,0.3441311532273188,0.0069775746329083,0.0067739065060594,0.0132739128190975,0.0058899505379867,0.005457271488785,0.0,0.0058268152770448,0.0092640185214749,0.016676763292061,0.0158853707402606,0.0307803995823752,0.008531886216657,0.0093352792064242,0.004968298523682,0.10157813537025,0.0924871106582907,0.066129456523055,0.0355879066267199,0.0397855565723936
327059_18_consensus,0.1281986874128895,0.1006799894934653,0.0833465735276473,0.0339286923938688,0.0676480366178777,0.1199981744657456,0.0388618943171419,0.0523016203700974,0.032742442713924,0.0455775957097932,0.055880024491298,0.0765114561275961,0.0429081461249944,0.0597470107867348,0.0315468810321073,0.0817093209073398,0.1136703265562859,0.0538048671501236,0.0306975048581437,0.0291006992439983,0.0438477198590376,0.0384999902214389,0.0317112043063776,0.0212447187879343,0.0314792675342854,0.0433510405976491,0.0720832875984349,0.0738828809771501,0.112931853804655,0.1900868221927449,0.0794016166808635,0.070552703351824,0.089360243370983,0.0818909252185262,0.2184338308601168,0.0979705913420421,0.0931213506865678,0.1369244696180844,0.1048393437291279,0.1220848545267854,0.070983659792069,0.1152529346554782,0.1339741415754414,0.1467478846322425,0.1017746545141191,0.1747051932899843,0.0802187161939098,0.1116384547300608,0.0926165187630996,0.0700472234240026,0.0889427677208392,0.0828297785563503,0.0368291482571372,0.0646275246411285,0.0527449482442845,0.1352615304841808,0.1146442844644148,0.0603695747291563,0.0971115383649339,0.2401955012522627,0.0349327844974629,0.102178454613016,0.1265416293808732,0.3341144887845457,0.0063688863517432,0.0065192327342824,0.0188816488822034,0.0065357605910518,0.0047500977720007,0.0058268152770448,0.0,0.0132238901269126,0.0188269489207408,0.0141673290565238,0.0258368306795109,0.0119115841305346,0.0133764322324303,0.0059409951287818,0.092914416782456,0.0848054789948573,0.0634155540117031,0.0348605355145146,0.0401718732252884
327059_1_consensus,0.148544929637433,0.1173552772534662,0.1078507678252567,0.04615746886597,0.0887905197238243,0.1392835507686367,0.0602723572288788,0.079126480691503,0.0444374020426199,0.0681992506031594,0.0729097695009892,0.0967085828842835,0.0627397540871559,0.0802241866673538,0.0448719656900573,0.1008008966359366,0.1349635811400027,0.0319111379576142,0.0199922671740511,0.0194002663536716,0.0244468531957267,0.0227441337205203,0.0207466122130526,0.0437543294482827,0.063119662579818,0.0745747538677026,0.0781334414746881,0.0793619362389206,0.1189448746706336,0.2220086875320452,0.1147387561197295,0.098057723829803,0.1206572952776756,0.1112061372573123,0.2530801230551116,0.1264254377571116,0.1290395735647749,0.186649959392275,0.1492168507854083,0.1659155981322158,0.1043541145264033,0.14964790761368,0.1458715975030777,0.1529050429793654,0.1139052742527724,0.1889404732658679,0.0904533508430303,0.1173860924697614,0.1058607200291579,0.0788736223827513,0.1050312720682988,0.0974700146465794,0.0461616078194211,0.0759149452486438,0.0647569200876425,0.1475161282245292,0.1303323284963911,0.0695444413261494,0.1068876268794376,0.2544037132409062,0.0523558415531617,0.122487161729154,0.1414364203147364,0.3484821434896812,0.009574607778255,0.009435271528587,0.0031259679158219,0.0055116663546748,0.0090915321905367,0.0092640185214749,0.0132238901269126,0.0,0.010679810178968,0.0175839322595461,0.038479826320616,0.0023017921587733,0.0031128942780043,0.0060075102040251,0.1135543387496866,0.1025618818714129,0.0661934636744767,0.0370707477347735,0.0380250858167618
327059_2_consensus,0.09628435891549,0.0731529320709398,0.0710439343913771,0.0397977406734275,0.0570963949701202,0.0898822765977334,0.0490403862376851,0.0583342752920996,0.0426054608956354,0.0493674171982156,0.0484463933928216,0.0621384754339269,0.0461317738205488,0.0537493520820735,0.0418470874435117,0.063279367569673,0.0864249132526371,0.0505500304099539,0.032197582355737,0.0313726732139478,0.0400018354600675,0.0371311272320582,0.0327389160765054,0.0467529955560346,0.0629054562352315,0.0787016203314534,0.0424271190728209,0.0430937911282294,0.0699175989161799,0.1573496395799178,0.0844917286182909,0.0713382120158305,0.0878177420642609,0.0782889625433096,0.1831670453400313,0.0875049789883277,0.0947975398153486,0.1479659193560616,0.1177058787374036,0.124017895674819,0.0813968569648935,0.1063602953936149,0.0922605547333361,0.0969857702513605,0.0696018226987549,0.1258713537985283,0.0539526177042191,0.070561397677614,0.0638150276481992,0.0475741068929593,0.0643974765829522,0.060126833964559,0.0331680388651252,0.0450852591235868,0.0404974810924461,0.0939175847039583,0.0822734605136288,0.0412679254827441,0.0642641006446531,0.17892406984756,0.0399250843939125,0.0785494428888373,0.0896407792593851,0.2603293443538677,0.008846311237181,0.0127688645614787,0.0145760632996214,0.0117954500934835,0.0161964557862388,0.016676763292061,0.0188269489207408,0.010679810178968,0.0,0.0061210057130676,0.0178361991234199,0.0131382537452369,0.0115832525747912,0.0120899101629294,0.0755975383020564,0.0661939305824743,0.0410428250299048,0.0357485246335205,0.0317789563649535
327059_3_consensus,0.0793832909598766,0.059593490506371,0.0536536907268159,0.0320925075996472,0.041275852038475,0.0740681195709314,0.0355656604814358,0.0411941435960248,0.0354783660906345,0.0334085085286783,0.0363938402449059,0.0474441477136755,0.0327033735315094,0.0397604191063152,0.0335436608694763,0.0483847754187749,0.0687425066865365,0.0636984735324794,0.0382545344632898,0.0369989589425223,0.0517143447940497,0.0469445010377533,0.0388425833860326,0.0319350183069229,0.0427417588795293,0.0584212590700667,0.0332525802236736,0.0344794528347875,0.0599579806730785,0.1288589536038014,0.0579772592267806,0.0493852094015014,0.0624085558562557,0.0549911382373693,0.1525762726155282,0.0633342502115397,0.0673246206516617,0.1104903571533677,0.0847319959266013,0.0915509522963384,0.0557529520775039,0.0780775845829309,0.0777624106565628,0.0858584167909022,0.0558056120688519,0.109453362587188,0.0420654947478293,0.0606069527396124,0.0499605168243748,0.037152820065029,0.0488475372536427,0.0446436455349363,0.0242591467761794,0.0334311421053215,0.0283903998950378,0.0791492051639624,0.0662038151085537,0.0307440698300629,0.0515629159272927,0.1623385636162906,0.0281562777578967,0.0610956346091651,0.0749948983643626,0.2412606942259758,0.0070156195400805,0.0116115867971613,0.0250146453846209,0.011759936143731,0.0136994444433726,0.0158853707402606,0.0141673290565238,0.0175839322595461,0.0061210057130676,0.0,0.0075614240088963,0.0190514792963725,0.018686785932819,0.012672412446018,0.0564196809553338,0.0491667527313852,0.0339806767314296,0.0317982658129132,0.0301379174574698
327059_6_consensus,0.0567351639234754,0.042428734517065,0.0370483853456349,0.0346999950422635,0.0278103649973688,0.0533027771049416,0.0327491102178987,0.0316685238577987,0.0397040713636727,0.0251828969001852,0.0288638064335984,0.0334174054214821,0.0271408881649737,0.0300020645909366,0.037083701237691,0.0334476638899357,0.0468192064050132,0.0945774679140729,0.0613464627736028,0.0594571315137031,0.0801893535981133,0.0738028817336884,0.0620581265249127,0.0353250071315258,0.0406068317761807,0.0573328677147042,0.0252963082466006,0.0266573578003956,0.0451477506625304,0.0916900603884345,0.0368642726746974,0.032535805421765,0.040344684031127,0.0346365878994738,0.1117770613565785,0.0398209557019066,0.0433609528373697,0.0774154087034002,0.058094442931214,0.0606059051357581,0.0379071701100084,0.050454310917039,0.0557286120625484,0.0648809781958483,0.0383603176265383,0.081954838532992,0.0294278973943393,0.0446868869127072,0.0337714422029522,0.0274239227048918,0.0316349353818861,0.0283107041148884,0.022882513332993,0.0230946201667974,0.0202795900437697,0.0566174909223846,0.0454557270111042,0.0227286271641737,0.0354910216139776,0.1278858005508638,0.0246468843954028,0.0400491279988939,0.0527192007183812,0.1993040525958722,0.0181348096225359,0.0248162443977086,0.0496550535018718,0.0271354067248434,0.0278170402039821,0.0307803995823752,0.0258368306795109,0.038479826320616,0.0178361991234199,0.0075614240088963,0.0,0.0401098015102929,0.0399061845929029,0.0283440426366814,0.0361226971180368,0.0313976629420214,0.0275440355046168,0.0378686984635621,0.0357796933281298
327059_7_consensus,0.1538371779080183,0.1218111075146488,0.1103622971183453,0.04579797300498,0.0908756044400549,0.1440061523273481,0.0597684520468728,0.0794446959623158,0.0436082967233151,0.0683777789678758,0.0748794141959079,0.0997064625602286,0.0630025155532383,0.0821436078029789,0.0439408434944601,0.1042022169940315,0.1393710892432551,0.0307777608278723,0.0188932268485784,0.0184254051423602,0.0237032310333296,0.0221764392482199,0.0197906227832875,0.0396605450380702,0.0586156291418138,0.0689654552844754,0.0818479106070562,0.0831938941415408,0.1243628241985064,0.2251085269607937,0.1129821612648998,0.0966718915173148,0.1194686028239155,0.110506599639037,0.2565464386825269,0.1266309409470123,0.1278853682858267,0.1840834951235095,0.1464601334355686,0.1649085207686775,0.1017311034061156,0.1494880521896195,0.1510191174504855,0.1590245937610612,0.1177368596880796,0.1951004177993116,0.0932853672493294,0.1222630834678124,0.1094957643836664,0.0814873508667259,0.1079776525861033,0.0998830496892964,0.0462808597480055,0.0783149214433098,0.0659142505180128,0.1525239057184801,0.1343658858548346,0.0716303320919715,0.1107072287388648,0.262694582216139,0.0519991620381894,0.1257471373933887,0.1465066016478511,0.358424639923407,0.009756217248424,0.0095284753517788,0.0037382544031387,0.0047616803482304,0.0079470836375632,0.008531886216657,0.0119115841305346,0.0023017921587733,0.0131382537452369,0.0190514792963725,0.0401098015102929,0.0,0.0034475079325666,0.0056215524637783,0.1155775616263143,0.1050234599014361,0.0686996605223262,0.0361989571307148,0.0383930495269932
327059_8_consensus,0.1476552996503359,0.115979252627115,0.1062435268594583,0.045142993436853,0.0880376989097468,0.1380144061055332,0.0585499913965232,0.0775032909051036,0.0441385283872701,0.0680494330229377,0.0712146156401853,0.0954798718877549,0.0619310161959338,0.078586771549503,0.043891549360862,0.099886510087761,0.1346202641542557,0.031525350768212,0.0204905655949847,0.0195285507903504,0.0247101679200021,0.0223698720994693,0.0210484335017433,0.0452625523649405,0.0645556996296266,0.0771991147226982,0.0785358291113507,0.07967300249196,0.119552025626243,0.2258002967499264,0.1173274350087512,0.101562924441291,0.1248907270518913,0.1142436026814159,0.2568837063725375,0.130103137109665,0.1324468603157402,0.1917116443331519,0.1536149906639972,0.1693005735816619,0.1082458222230871,0.1533329041959614,0.1473278492247711,0.1545131232696697,0.1152695816915674,0.1903586914318387,0.0915750202007847,0.1185391701990665,0.1067685564931526,0.0796929487422195,0.1064879778435887,0.1001610121669722,0.0475344163286752,0.0770492859129108,0.0662951549628516,0.1494125672395991,0.1316646926931239,0.0704343864241279,0.108733959955324,0.2573070752496011,0.0537658702535335,0.1248698854530232,0.1438782206501789,0.3531842769223363,0.0098716533300491,0.0094580832976554,0.0033800137866091,0.0066448633142783,0.0098667543213135,0.0093352792064242,0.0133764322324303,0.0031128942780043,0.0115832525747912,0.018686785932819,0.0399061845929029,0.0034475079325666,0.0,0.0061249874345543,0.1174244474990153,0.1055913189968045,0.0695796449534622,0.0395477184777517,0.0401873448210059
327059_9_consensus,0.132137550433887,0.1031031078478772,0.0896275819685943,0.0360154038584763,0.0725692921599572,0.1232123831725529,0.0444309614757472,0.0601304369381345,0.03530776236581,0.0520804947378783,0.0590498558223897,0.0810305686840111,0.0481123344808507,0.0646332790632868,0.0342678867963481,0.0854258359860917,0.1182781669536758,0.0402440724866881,0.0229702499723485,0.0217178991350879,0.0319727850832576,0.0279190201009233,0.0235318398065498,0.028861328432888,0.0435009052223733,0.0556898758238428,0.0699281703145935,0.0716001248226687,0.1107521515538616,0.1998830516374603,0.0913418671661592,0.0798418165886207,0.100233896161245,0.0916133289557059,0.2291570870891934,0.1068755449809959,0.1059643690521712,0.1565465486096711,0.1221446693950731,0.1385548823706175,0.0829739815349022,0.1265564395342613,0.1341037506152371,0.1442091735889814,0.1021491896163322,0.1756257408969928,0.0797758867285605,0.1088969192450326,0.0934220636527261,0.0693381911593773,0.0916139198646597,0.0852180295060058,0.0375549869144409,0.0652080126383891,0.0540241737126105,0.1358602984045527,0.1166449025652376,0.0598259301458128,0.0967342105134489,0.2424077869523584,0.0404666990837396,0.1079796937759862,0.1296947033547688,0.3367061490030165,0.0050536336165034,0.005197835283103,0.0093987955229248,0.0036036502532592,0.0044494205767326,0.004968298523682,0.0059409951287818,0.0060075102040251,0.0120899101629294,0.012672412446018,0.0283440426366814,0.0056215524637783,0.0061249874345543,0.0,0.0994111291750288,0.0896895460374045,0.0620275937140863,0.0341181412027236,0.0370135382469012
D103_10_consensus,0.0335317258440657,0.0299979154955352,0.0302215191047237,0.0621736694543795,0.0265262177335712,0.0335411072093325,0.0551843537828506,0.0452507805840314,0.0674002257675505,0.0350215635478416,0.0381087887586151,0.0288926058583491,0.0411526360468341,0.0356563086932908,0.0670826270068598,0.027889291793504,0.0250364345788325,0.1967102729142036,0.1508590550999464,0.1473998187631346,0.1780774337425033,0.1722572732920548,0.1520737116964809,0.0809643856761415,0.0767503422136819,0.0960601710778981,0.0479870944942453,0.0465254238904044,0.0487386469108823,0.0373017242800202,0.0230578496122211,0.0200689183665998,0.0187258432250807,0.0167721195518559,0.0499390981966216,0.0151202871650353,0.0201010087508501,0.0403534759195132,0.033043801836075,0.0265112236346958,0.0274536151207325,0.0192748344633111,0.0291438663514416,0.0363840146224108,0.0236515714310208,0.0434670222039379,0.02370801687284,0.0289048010233861,0.0237352492106905,0.0260959862545764,0.0174805571847258,0.0137011263338955,0.0396757286302715,0.0229597347462968,0.0242310289633866,0.026585178291743,0.0247339888615902,0.0279540221272123,0.0212370419583969,0.0720128538857949,0.045787484741198,0.0215501518335541,0.0281559714135681,0.1215018336190869,0.0799402525876589,0.0913370336523282,0.1310112282660682,0.0952490553557066,0.0978263594051451,0.10157813537025,0.092914416782456,0.1135543387496866,0.0755975383020564,0.0564196809553338,0.0361226971180368,0.1155775616263143,0.1174244474990153,0.0994111291750288,0.0,0.0058018681397449,0.016697912845812,0.052773374097641,0.0478032642806596
D103_12_consensus,0.032992204109667,0.0272967021982974,0.0281957308585099,0.0560762641226482,0.0243313013687025,0.0320622856686094,0.0504438780413574,0.0419904673638269,0.0614086012618031,0.0322404388686425,0.0337375367115093,0.0262522951845465,0.0374012223958475,0.0322411377894802,0.0609019843445839,0.0254855697698257,0.0244976680300101,0.1830533826929494,0.1402087919898047,0.136749181453446,0.1656752170459308,0.1598598916514442,0.1411732116890967,0.0766444533309949,0.0742559537164293,0.093956679536129,0.0426779597790138,0.0412612445304478,0.0450019222085611,0.04327334610036,0.0254346806785976,0.0215290447637128,0.0218950068928815,0.0186911737903203,0.0570921425832429,0.0178603970750934,0.0237805094788932,0.0482894477563977,0.0387426936985049,0.0323333544844954,0.0300013935179865,0.0237075034425222,0.028842979115998,0.0354543591175371,0.0224246139695978,0.0444218756323113,0.0214456352256338,0.0267612856394414,0.0220276647007677,0.0228588623807031,0.0166766336513584,0.013390665670407,0.0351942031930887,0.0201542943006032,0.0214278806669998,0.0267336315935553,0.0245694849564799,0.0243667624126322,0.0197661917088636,0.0755029031925946,0.0433121415659787,0.0228263152324563,0.0291109780343408,0.1275151676883847,0.0712110471331355,0.0819208015332435,0.1185667682273301,0.0859982482621379,0.0891050046186023,0.0924871106582907,0.0848054789948573,0.1025618818714129,0.0661939305824743,0.0491667527313852,0.0313976629420214,0.1050234599014361,0.1055913189968045,0.0896895460374045,0.0058018681397449,0.0,0.013206891275364,0.0470572663500092,0.0414352666441999
D103_13_consensus,0.0502421946965911,0.0364570830466739,0.0383787497888832,0.0395878140348759,0.0298521559734457,0.0463777672307834,0.0435229344584033,0.0443084133972391,0.0423104659639932,0.0314682476345566,0.0313739115235796,0.0319223337046894,0.0324748801185448,0.0332711805209742,0.0437335776286476,0.0329815616675279,0.0407604862663966,0.1372687527523224,0.1057611786058281,0.1027737178374588,0.1233627074540457,0.1206411760705838,0.1066975910952425,0.0661300815862748,0.0711093339992681,0.0891589345572043,0.0474075740825794,0.0453235452218692,0.0568080459181583,0.0784889235175168,0.0409177985342754,0.0292775661345334,0.0365887847891404,0.0313522103795484,0.0975015282879132,0.0343565784402528,0.0422592277777607,0.0803782269744264,0.0624156417827643,0.0609542586524396,0.040428562415876,0.0472364633097486,0.0425732787333741,0.0461827002391928,0.0309020426082717,0.0656028554350474,0.0231899385430338,0.0315489045196049,0.0296144172438967,0.020354408333115,0.0250862970209269,0.0194493351087352,0.0221639307523338,0.0190279230510164,0.0176080929428081,0.0406439675916949,0.0375702038390395,0.0207296455979371,0.0257704824935292,0.1057426019008112,0.0368608958425769,0.0377274224993726,0.0448109429597209,0.1670154446557923,0.0491303126322524,0.0575651372280106,0.0771527344842759,0.0583453702707288,0.0646845112157263,0.066129456523055,0.0634155540117031,0.0661934636744767,0.0410428250299048,0.0339806767314296,0.0275440355046168,0.0686996605223262,0.0695796449534622,0.0620275937140863,0.016697912845812,0.013206891275364,0.0,0.0212959374959851,0.0152865173298994
D103_1_consensus,0.104090698047619,0.0778255415254509,0.0675298542320925,0.0248181310063655,0.0527204946606092,0.0953785745372925,0.0345325008284129,0.0494039880795984,0.0210239133365579,0.0352097621787734,0.0429550392094792,0.0580324886978305,0.0321118516974214,0.0471793907178712,0.0240113247327773,0.0643303764177565,0.089388139793904,0.0961748151294763,0.0719328732913435,0.0690668447029416,0.0861792296119956,0.0843031423011,0.0734219819391901,0.0396361962259694,0.0479334545893275,0.0625713707113844,0.0831343881890473,0.081591753173944,0.1122897993327347,0.1521472630766736,0.0608287019503714,0.0452150379024942,0.0620772828291054,0.0558784188567598,0.1785596800818165,0.069107891648585,0.0679251661547768,0.1128234800902809,0.0841253855783517,0.0971060923564506,0.0508459158675318,0.0874515901492021,0.102258255515097,0.1100151620367473,0.0765096345573539,0.1389493613476604,0.0565954464176874,0.0811296716059022,0.0714302494120868,0.0458693934346152,0.0638635022127909,0.0550165080942646,0.0207495270135824,0.04400747380752,0.0333425008806695,0.1002365311028032,0.0885075343684302,0.0423911348987999,0.0696641215164408,0.1997755809889563,0.0331954477691356,0.0822676461856524,0.1018899573987273,0.2829489026732332,0.0304720882199598,0.033394418383235,0.0436024827876,0.0309855802802152,0.0356418222805894,0.0355879066267199,0.0348605355145146,0.0370707477347735,0.0357485246335205,0.0317982658129132,0.0378686984635621,0.0361989571307148,0.0395477184777517,0.0341181412027236,0.052773374097641,0.0470572663500092,0.0212959374959851,0.0,0.0041575707118015
D103_7_consensus,0.09178696789502,0.0669477724449656,0.0609892549457615,0.0253754602924978,0.0473216747647722,0.0834545897108691,0.0355667017033969,0.0486327494344678,0.0234743308503704,0.0347896005652783,0.0383386020734048,0.051382532085781,0.0315684446835131,0.0429901764872813,0.0260859904757531,0.0565008575070473,0.078805146898782,0.0967578932335753,0.0742665150810122,0.0711454744064488,0.0868364836898631,0.085392480067945,0.0752474189434302,0.0486783457528554,0.058289907931913,0.0742250238095261,0.0738666882621661,0.0719085278330036,0.0985317795309237,0.1421075941088556,0.0626262375880157,0.046587198375283,0.0627277126285115,0.0555006890662648,0.1677083666927101,0.0666779811063422,0.0692386661159609,0.117273631733072,0.0891716023578039,0.0980915086959228,0.0551265626821768,0.0854051868373861,0.0881800891366291,0.093679061208225,0.0656434394727618,0.1227049557911978,0.0475298168724878,0.0674865271078228,0.0611545024121849,0.037926256671569,0.0553255125119536,0.0477063674992344,0.0193337109197262,0.0369684842504849,0.0288857159396389,0.0864168687978734,0.0771299182870768,0.0355006571758576,0.0588211599199643,0.1804415209480474,0.0349906317364263,0.0747333836401562,0.0903784906277014,0.2599655436794048,0.0319728931877936,0.0359843790806539,0.0439250077298432,0.0342129330093321,0.0402861650378714,0.0397855565723936,0.0401718732252884,0.0380250858167618,0.0317789563649535,0.0301379174574698,0.0357796933281298,0.0383930495269932,0.0401873448210059,0.0370135382469012,0.0478032642806596,0.0414352666441999,0.0152865173298994,0.0041575707118015,0.0
