Sample1,316188_4_consensus.txt,326650_11_consensus.txt,326650_13_consensus.txt,326650_14_consensus.txt,326650_17_consensus.txt,326650_1_consensus.txt,326650_2_consensus.txt,326650_4_consensus.txt,326650_5_consensus.txt,326650_6_consensus.txt,326650_7_consensus.txt,326650_9_consensus.txt,326651_10_consensus.txt,326651_11_consensus.txt,326651_12_consensus.txt,326651_13_consensus.txt,326651_14_consensus.txt,326651_15_consensus.txt,326651_16_consensus.txt,326651_17_consensus.txt,326651_18_consensus.txt,326651_1_consensus.txt,326651_2_consensus.txt,326651_3_consensus.txt,326651_4_consensus.txt,326651_5_consensus.txt,326651_6_consensus.txt,326651_7_consensus.txt,326651_8_consensus.txt,326651_9_consensus.txt,326713_10_consensus.txt,326713_11_consensus.txt,326713_12_consensus.txt,326713_13_consensus.txt,326713_14_consensus.txt,326713_15_consensus.txt,326713_16_consensus.txt,326713_17_consensus.txt,326713_18_consensus.txt,326713_1_consensus.txt,326713_2_consensus.txt,326713_3_consensus.txt,326713_4_consensus.txt,326713_5_consensus.txt,326713_6_consensus.txt,326713_7_consensus.txt,326713_8_consensus.txt,326713_9_consensus.txt,326737_1_consensus.txt,326737_2_consensus.txt,326737_3_consensus.txt,326737_4_consensus.txt,326737_7_consensus.txt,326737_8_consensus.txt,326737_9_consensus.txt,326780_11_consensus.txt,326780_13_consensus.txt,326780_14_consensus.txt,326780_15_consensus.txt,326780_16_consensus.txt,326780_17_consensus.txt,326780_1_consensus.txt,326780_2_consensus.txt,326780_4_consensus.txt,326780_5_consensus.txt,326780_6_consensus.txt,326780_7_consensus.txt,326780_8_consensus.txt,326797_10_consensus.txt,326797_11_consensus.txt,326797_12_consensus.txt,326797_14_consensus.txt,326797_15_consensus.txt,326797_1_consensus.txt,326797_2_consensus.txt,326797_3_consensus.txt,326797_4_consensus.txt,326797_5_consensus.txt,326797_6_consensus.txt,326797_9_consensus.txt,326907_11_consensus.txt,326907_13_consensus.txt,326907_4_consensus.txt,326907_5_consensus.txt,326907_7_consensus.txt,327059_11_consensus.txt,327059_13_consensus.txt,327059_14_consensus.txt,327059_1_consensus.txt,327059_2_consensus.txt,327059_3_consensus.txt,327059_5_consensus.txt,327059_6_consensus.txt,327059_7_consensus.txt,327059_8_consensus.txt,327059_9_consensus.txt,D103_13_consensus.txt,D103_1_consensus.txt
316188_4_consensus.txt,0.0,0.1699153409779903,0.0692684966071652,0.1991126200356401,0.0779331299067784,0.07642826328237,0.0994906454186299,0.1259755050255266,0.0739713259738463,0.0868127109506096,0.0757467828625095,0.2698882610708688,0.0904298779843806,0.0894375779769331,0.0945361972659153,0.1130180020582249,0.1104180729580663,0.0967522733757846,0.0920926904494354,0.0982568847171636,0.1019170974808743,0.1162101133463808,0.1107822619781249,0.1098115596815008,0.1039984898352814,0.099132695211205,0.1042436976642173,0.1166594315358651,0.1079334741270319,0.0962338839372218,0.0918483028639087,0.0863937949621798,0.078975624191524,0.0973062975486813,0.0968339962253006,0.0939731153996712,0.0945388978418382,0.093922474850018,0.0934139561975886,0.0926844218413922,0.0902231745979404,0.0934406932823019,0.0912004156955204,0.0891811408423413,0.0824475525350747,0.0978513133560898,0.0962215248340356,0.090386346484804,0.2632259810132096,0.09319771117962,0.1479319800407097,0.322232338332868,0.0995944718048802,0.1285499797742009,0.3298726316041609,0.1288129956825239,0.0445576995967469,0.0531589851254317,0.0428746456939199,0.105559909829866,0.0469235194746984,0.0423742442469166,0.0511299067831352,0.0917314598018794,0.041992597302217,0.0474172331287148,0.0417621549585671,0.0539642076244062,0.237620245936589,0.2202493841701827,0.3190183723264308,0.1627415988209888,0.1849939803212166,0.1386112915687913,0.1401758145354108,0.0659537355381791,0.1276011843775926,0.0952110163850958,0.1960338601587539,0.182714819032757,0.4828869787043048,0.0611289085063804,0.2721518711112516,0.2878741659856887,0.1401926425408781,0.0423175735316894,0.0780727339296563,0.0580551645009359,0.0712498141984196,0.0352353278764869,0.0322730938551369,0.036749127031344,0.0404218041191208,0.0831995657237207,0.0626905079140156,0.049571939612611,0.1152422353039304,0.0897992182474993
326650_11_consensus.txt,0.1699153409779903,0.0,0.114248747174579,0.0069917035340356,0.062542961341566,0.1817130280403827,0.0236823732082847,0.0125895345206474,0.0740496252354638,0.0426369657523943,0.1623282435169386,0.0238335446524136,0.2625507178904094,0.2606131946855239,0.2662569406378141,0.2825023848338865,0.279561053120255,0.2680104484987016,0.2641032457984265,0.2700014463965292,0.2702990393385436,0.2865429555090308,0.2795873556471662,0.279139629811886,0.2730507767129948,0.2699415229881268,0.2744193882964358,0.2858798640068904,0.2771302354785456,0.267932831715334,0.2691102352142245,0.2662488246562997,0.2635618676865139,0.2758868635629588,0.2765334293402501,0.2741342428231057,0.2727028994335798,0.27267526369529,0.2746578400796409,0.2749709214220512,0.2714228122319699,0.2721225140818291,0.2691752705013863,0.270728731863179,0.263506922599535,0.2766671176016997,0.2766955156658151,0.2696184904222916,0.0363477668920015,0.0328408493316167,0.0194786263813542,0.0554916616835745,0.0344508379946306,0.0273931471873325,0.0569809928948359,0.0405321463373322,0.146414159554812,0.107621611162938,0.1380396020048397,0.0507190126328778,0.1145613876671429,0.1433828055047579,0.107141416239628,0.0566698121300603,0.1403982497663269,0.1155091191379007,0.1322258519082479,0.0879969493720889,0.024809571963142,0.0207851765524926,0.0477924192175276,0.0172222378651909,0.0196823243368395,0.0177763047348094,0.0199658344084268,0.0647035428164848,0.0221715070479326,0.0310433097974351,0.0177549927840079,0.0157995126074474,0.1397089665401178,0.141783496410957,0.0482483926012413,0.0570690837503153,0.0354727358605675,0.2218393055309562,0.2618245173809033,0.2465407278983544,0.2525352160722853,0.1423802080825895,0.1498824594419598,0.0971744102313207,0.0846935029543773,0.2652082862976535,0.247372242974535,0.2400452888479405,0.0435844566950418,0.2362631244934085
326650_13_consensus.txt,0.0692684966071652,0.114248747174579,0.0,0.1429321134071504,0.0149880257118439,0.0109600716444777,0.0416109514542668,0.0699630533003334,0.0082469274863026,0.0258710064801821,0.0069342867154,0.2158267123979289,0.0526406280130222,0.0510230990189652,0.0541897674604587,0.0632311299500516,0.0600673641744915,0.0541851184438826,0.051612650855227,0.0528654620560304,0.053853533232397,0.0653184147346319,0.0605344744758964,0.0591753461942712,0.055596899082916,0.0544032336882587,0.0572498919683965,0.0648237412692358,0.0577554096867256,0.0549082632171149,0.0552428404433325,0.0543991838695561,0.0538037055323519,0.0593752295172658,0.0575182966470757,0.0569983809737966,0.0574549625907145,0.0569390955287669,0.0586197755431205,0.057286373259231,0.0542249162641423,0.0541443474502338,0.0550005766769903,0.0550667136924341,0.0521931441207463,0.058410109574754,0.0564465609642663,0.0542614374979999,0.2393458668256336,0.0761190559567888,0.1291119015032622,0.2964222704230765,0.0791164804692226,0.11016312926691,0.3023613393071409,0.1305157671676244,0.0397506336595903,0.0559387343139441,0.0428374986018482,0.1118952590780404,0.0476562752624154,0.0440305824437512,0.0551874235377116,0.0983149352044163,0.0474227057993559,0.0537407387257689,0.0391619874477537,0.0573237507441311,0.2004844467261248,0.181254656732599,0.2803750392142685,0.1250712631290857,0.1508748896644132,0.1084866881569528,0.1069951035015455,0.0273101087719007,0.0911664998035837,0.0582392517058343,0.1571361014632,0.1443313200065157,0.4603044230232251,0.0287428929972923,0.2469481241026949,0.2712473236451034,0.1305307221509721,0.0472354272060213,0.0510264547473946,0.049604339007927,0.0477144357795067,0.0308135328134593,0.0307726783978354,0.0356325206993304,0.0488925604216463,0.0519544070380115,0.0486336207232964,0.0493685608841545,0.0850078010653607,0.0430183000092192
326650_14_consensus.txt,0.1991126200356401,0.0069917035340356,0.1429321134071504,0.0,0.0836135068590628,0.2168744899631356,0.0378345240780682,0.0220732482775529,0.0969602607635105,0.0606102609236849,0.1958483041930288,0.0150238220781631,0.3013406928449029,0.2991249882574127,0.305473480408124,0.3224626237793933,0.3194369781174648,0.3074955827550365,0.3028996814728284,0.309703615365092,0.3100750144385884,0.3266367525169666,0.3192293347149011,0.3189299431636048,0.312670314770699,0.3095110108104162,0.3141735602251634,0.3259734456760945,0.3165913348472067,0.3071164594672506,0.3101459592034912,0.3067888462021839,0.3034572395834631,0.3173920067260587,0.3178689792622915,0.3150575875324302,0.3138912117753119,0.3138573504191537,0.3153210740550101,0.3161831261296628,0.3120003077340403,0.3128584135536618,0.3098760609164586,0.3114279293270412,0.3034381157346786,0.3178286234040293,0.318026330448153,0.3105442588648444,0.0282796961002524,0.0451368925789283,0.0238676448268151,0.0415777067328386,0.0475384677253316,0.0359942533339294,0.0430102471672082,0.0476649565723787,0.1775323977137892,0.1326637985473668,0.1678160027363073,0.0622815906185856,0.141168288437421,0.1732554393148744,0.132415447241156,0.0702853544950512,0.17015277768383,0.1417295153154976,0.1615140317966528,0.1097786960091395,0.0210125034302262,0.0187870689817275,0.0357615536680286,0.0224640608977679,0.0216845413293782,0.0247659673664397,0.0280398651904496,0.0868810246779192,0.0314336406088013,0.0459638052007225,0.018462182851616,0.017565312909209,0.1140879274973718,0.171154811191462,0.0400513997804035,0.0468904597606885,0.0417186027567204,0.2585054338397246,0.3014168036554148,0.285044498529527,0.2916690984757988,0.1723021502547812,0.1805065026572467,0.1219655070457221,0.1064375983012793,0.3045941345423397,0.2856636326866049,0.2779671267597638,0.057156707793176,0.27465209442326
326650_17_consensus.txt,0.0779331299067784,0.062542961341566,0.0149880257118439,0.0836135068590628,0.0,0.0423296556247922,0.0156013443960834,0.0323099529357397,0.0059732147828226,0.008765047609808,0.0321295632684908,0.1405260981896869,0.0951616552959997,0.0935577946469869,0.0980498088836618,0.1108993588699593,0.1062255292331011,0.0988632826849489,0.0946446462863974,0.0978883851624496,0.0987148404516276,0.1137961611871425,0.1068714266212191,0.1065032492858293,0.1011720579775978,0.0995525613585961,0.1035908986845077,0.1125634596332192,0.1037123340598418,0.0992046892091931,0.1029288832188175,0.1012534215890417,0.0982569609439831,0.1099543649682432,0.1072010752231662,0.1054294241173643,0.1056335907666898,0.1052969586138754,0.1050223574603785,0.1072728557436804,0.1024093179338132,0.1021464312985545,0.101895082720806,0.1027974969529283,0.0967364707127851,0.1092572567532625,0.1062024883495365,0.1020634684886996,0.1636375129301459,0.0450576369305064,0.0782429699322175,0.2080452208518428,0.048235629392284,0.0690677969813222,0.2142472477198378,0.0865202290155524,0.0546978695737907,0.0551241134026003,0.0539327687694228,0.0762785704994488,0.0493115715572658,0.0558342656681887,0.0529253195839576,0.067239857436391,0.0576593492332939,0.0536785389105931,0.0493920616017105,0.0480517637568569,0.1314093362758592,0.1180305483409753,0.1959317124940529,0.0754014545557106,0.0956682620725768,0.0637908211551128,0.0648635602354961,0.0200483727360438,0.0527834776677629,0.0332629246092714,0.0999303691655963,0.0890113630621218,0.3566837119983024,0.0464881696109351,0.177039937059245,0.1962953633954312,0.0899427121529745,0.0808968266901599,0.0985471090152652,0.0917032742352521,0.0933367038139909,0.0477853354746891,0.0487954766076459,0.0369477730035718,0.0422795688775083,0.1006199557191092,0.0915263123224843,0.0875152485376666,0.0601847263565851,0.0867828189243047
326650_1_consensus.txt,0.07642826328237,0.1817130280403827,0.0109600716444777,0.2168744899631356,0.0423296556247922,0.0,0.0851376399481207,0.1244007859168467,0.029841060525694,0.0606527696261549,0.003447749835594,0.3035721813100842,0.0326239671115438,0.0307384865623223,0.0330646986759362,0.0398455249516311,0.0373700594019021,0.0325170476958165,0.0310237305377905,0.0305395249464508,0.0317538615651535,0.0411261007252372,0.0374623083064395,0.035516750041463,0.033103098702961,0.0322171438082836,0.0342410565256559,0.0411000068491169,0.0347386262900117,0.0334282341668021,0.0306530813723302,0.0306444694194576,0.0317291735634306,0.0334320159566035,0.0318153692268463,0.0319543587354349,0.0324053207324359,0.0318774970784137,0.0348058816945862,0.0310819753500402,0.0293148419730249,0.0292852502653966,0.0305223376738057,0.030279961247337,0.0299686463770427,0.0321502959298847,0.0307016575899021,0.0298654002818192,0.3293746834272859,0.1262003301427512,0.1961349677202788,0.3960671159322153,0.1297059115247352,0.17047138783684,0.4027912706055243,0.1905279775200883,0.045929707906084,0.0769815394404282,0.0522782438194155,0.1644887294508272,0.0653018420965834,0.0517669506085116,0.07626072623286,0.145156984464692,0.0570882632252995,0.0726880736203448,0.0494142754151525,0.0852985022815602,0.2845287103525349,0.260974861578175,0.3778181131452918,0.1924793231740471,0.223245836211186,0.1696666244773599,0.1670027390607211,0.0546304962495289,0.1479364383068269,0.1028346036751299,0.2310483704294448,0.2162389948038399,0.5741100974717925,0.033422308917828,0.3314843731246917,0.3594390602783015,0.1888500410466491,0.0345145469523737,0.0276694549890832,0.0300777703059518,0.0257634730629447,0.0358138273619204,0.0342865045059213,0.0542816937700276,0.0748197417431102,0.027590247498928,0.0284519414229595,0.032335730401046,0.1313215493820205,0.0243066258836517
326650_2_consensus.txt,0.0994906454186299,0.0236823732082847,0.0416109514542668,0.0378345240780682,0.0156013443960834,0.0851376399481207,0.0,0.0090472897379241,0.0200641254857192,0.0077004001368266,0.0717861178305092,0.0775068708942772,0.1491911834625234,0.1474107596111373,0.1522984244295111,0.1655943502292665,0.1621973424881675,0.1531689314043793,0.1496768773650423,0.15424049660266,0.1546575458364287,0.1687356842850098,0.1622405498187031,0.1618818483610411,0.1566439235262366,0.1543541025536026,0.1583040647373446,0.1681130743662997,0.1600498650754458,0.1532670967558909,0.1583903896094858,0.1564997177674998,0.153916701696736,0.1646088983410143,0.1639243214070171,0.1621695454975462,0.1614529060271134,0.1612840952353735,0.1628194696236216,0.1626241062985638,0.158938095173589,0.1594444194473618,0.1582016038820919,0.1589638838769156,0.1530870908574346,0.1645065005858415,0.1629562261528674,0.158127105755228,0.0945650319885933,0.0241633462041681,0.038279717090436,0.1295465981258168,0.026284623165484,0.035409077471324,0.1336317605601387,0.0521945778438084,0.0775053472717539,0.0613687026785783,0.0736306988141972,0.0502026744169654,0.0619933581282632,0.076587828549937,0.0602084158721103,0.047868770863988,0.0768080314534351,0.0645356080871577,0.0685727437032319,0.0496993768148774,0.0719868256817326,0.0615609312351193,0.1191715747052359,0.0354335567599157,0.0489518915365749,0.0287655515579254,0.0300222891405406,0.0231160449971037,0.0244907837371748,0.0161937545203061,0.0503039739891493,0.0438051862893891,0.2510221374414652,0.0717563402185579,0.1076154089256284,0.1225376613770681,0.0512762226175569,0.1243549824039176,0.1501872078495889,0.1401719606298472,0.1431881406007438,0.0702847011728673,0.074861201637832,0.0457032591577846,0.0435319805484484,0.1530868655690458,0.1406727044151097,0.135922729833136,0.0357044712891774,0.1331946386612958
326650_4_consensus.txt,0.1259755050255266,0.0125895345206474,0.0699630533003334,0.0220732482775529,0.0323099529357397,0.1244007859168467,0.0090472897379241,0.0,0.0400756510513993,0.0187156987993057,0.1080639348121641,0.0506361214131274,0.1946542785830889,0.1926251760133936,0.1983727434799176,0.2133105488668452,0.2098039508366067,0.1997015666234807,0.1958780467501188,0.2013340422779155,0.2016735908710378,0.216595445434069,0.2096818532592879,0.2095807944384491,0.2037593945736544,0.2010608702518324,0.2054596055001889,0.2159927627532738,0.2075068784385152,0.1992781480293368,0.2046495084967983,0.2024415979265548,0.1993055348702119,0.2122209964410437,0.2119242983567861,0.2095550404918205,0.208122012425739,0.2080889430235322,0.2096981183572612,0.2103006247537218,0.2062949710751258,0.206934212861146,0.2044858317973599,0.2058500567461534,0.1983862695780676,0.2122384076185701,0.2110390927720979,0.2050937136931105,0.0655901321098575,0.0238166022711796,0.0263365537515918,0.093674834272055,0.0256369357642736,0.0272578283351716,0.096607371937071,0.0423770316799005,0.103824546787866,0.0779395167364338,0.0974252346719506,0.0450588325774248,0.0814254746237734,0.1013849017300456,0.0759413500465395,0.0459549908486298,0.1006088621654504,0.08234601895112,0.0919199552395211,0.0618959501209666,0.0476221993953132,0.0399092163724548,0.0849736208737494,0.0233357021050419,0.0327958328049708,0.0201656462875607,0.0222816737803936,0.037981167333692,0.0188309036723621,0.0192284943467768,0.0327307323982415,0.0284176235194726,0.2023875431966741,0.1002030528353232,0.0810455581508478,0.0937637036938126,0.0431411310039075,0.1645424935918189,0.1971780444966526,0.1842985208671681,0.1890924916876386,0.0996807353037452,0.1042001827288627,0.0658974047952822,0.0580747036906892,0.2002984037030577,0.1854511530733606,0.1787372684416412,0.0379977616263609,0.1778199872135628
326650_5_consensus.txt,0.0739713259738463,0.0740496252354638,0.0082469274863026,0.0969602607635105,0.0059732147828226,0.029841060525694,0.0200641254857192,0.0400756510513993,0.0,0.0107416874116719,0.0220073800422708,0.1586839408600413,0.0804966165881468,0.0785973144803238,0.0828071171544895,0.0942262035864995,0.0904948029965186,0.0833188156370701,0.079789044866434,0.0823573072280563,0.083189896312569,0.0966119794328905,0.0905737790493459,0.0895187760123752,0.0851000982107432,0.0836758520170253,0.0871291729452377,0.0959227952904075,0.0876064686596045,0.0839622243208744,0.0861740246396918,0.0851795767778771,0.0834037418510513,0.0924162647642754,0.0904381340994167,0.0890692193575519,0.0888467003643285,0.0887514422386743,0.0898283332084499,0.0897619929209376,0.08603546058111,0.0857014628667425,0.0854589388523603,0.0861521903932356,0.0817543605141715,0.0914668647180745,0.0894720355590443,0.0858713786431843,0.1807909140676136,0.0502540220624183,0.0892600822041425,0.2295612077990307,0.0529783575492519,0.0765743540354151,0.2349865287064574,0.0939165449332914,0.0459014472399967,0.0499950575878518,0.0458175303711163,0.0812408122260377,0.0446645992500975,0.0477637213604484,0.0485208358996107,0.0711877246753855,0.0500050912913359,0.048894254059852,0.0420781943834285,0.0461502871223649,0.146970154088823,0.1312173984974967,0.2155717514537052,0.0852549366182318,0.1068879260087714,0.0722857116477539,0.0723905561542253,0.0182716200133077,0.058975184857851,0.0359810602124666,0.1113115287973158,0.1005780509976883,0.3808241504748269,0.0370493959914419,0.1919805410608042,0.2126204180453363,0.096621924883733,0.0694743907156496,0.082018396064015,0.0771079516524428,0.0773520698186178,0.0399207101526464,0.0405818409655127,0.0336927270168558,0.0408432605596491,0.0833456977196842,0.0765828930925636,0.0748174070325431,0.0625555812995317,0.0699729515893921
326650_6_consensus.txt,0.0868127109506096,0.0426369657523943,0.0258710064801821,0.0606102609236849,0.008765047609808,0.0606527696261549,0.0077004001368266,0.0187156987993057,0.0107416874116719,0.0,0.0491506596121293,0.1078919839768799,0.1184989450379498,0.1165417928241137,0.1215295412884378,0.1345685922856203,0.1302844803655718,0.1223202605029145,0.1180427027001309,0.1218255614194427,0.1225212064390675,0.1375481218057075,0.1307533888238117,0.1303447077108703,0.1247633874051477,0.1230417884559171,0.1271738538956555,0.1365086423210142,0.1280338412939015,0.1226655381533543,0.1262183803262848,0.1251992816280376,0.1221058175433684,0.1337295325639749,0.1319262575876711,0.1300448284361666,0.1289085866114847,0.1291304192060804,0.129972190769485,0.1309056194319486,0.1271042393094505,0.1268632707922803,0.1254370704739953,0.1266635068207113,0.1210010373134702,0.1332550910241625,0.1306978126210438,0.1262760191657825,0.1292974231276877,0.0347634748896599,0.0582198045325146,0.1685455138798666,0.0374522069582905,0.0529358576587331,0.1738873030587893,0.0694272907649047,0.0646532439948348,0.0575909998020911,0.0620391383032661,0.0622250237167305,0.0555148760353949,0.0635124715893038,0.0545960676171093,0.0554265345529563,0.0649686443044474,0.0571068514155062,0.0570335057769577,0.0478113886869477,0.1023015946308483,0.0896534461314404,0.1583858527047095,0.0554520912345539,0.0733525100249963,0.0452025575664647,0.047442187121538,0.0208516523163115,0.0380775076994908,0.023915332488082,0.0755361709437707,0.068064004058967,0.3042081051775813,0.0562537730301766,0.1418874452559482,0.1592334318775083,0.0697020786484179,0.1008529340073591,0.1217604133179817,0.1136529928696949,0.1156782219254761,0.0584554556196836,0.0600127223491933,0.040278453445806,0.0421701050486476,0.1240868427674497,0.1141282625984594,0.1094780314095649,0.0492109620709335,0.1091986720602022
326650_7_consensus.txt,0.0757467828625095,0.1623282435169386,0.0069342867154,0.1958483041930288,0.0321295632684908,0.003447749835594,0.0717861178305092,0.1080639348121641,0.0220073800422708,0.0491506596121293,0.0,0.2793588576659465,0.0361423505346145,0.0345311708162032,0.0371836902495354,0.0449135286308104,0.0416967171491196,0.0368725228723407,0.0345635549040723,0.0347083807187633,0.0357436714301293,0.0468591710529775,0.042188643482258,0.0406469826616859,0.0375850879465584,0.0368773897454008,0.0392601592003396,0.0459953413807205,0.039242328783998,0.0377191269497299,0.0377545590348606,0.0372727343789112,0.0372009899381193,0.041434282226489,0.0389987285356863,0.0386215390748931,0.0395562103394695,0.038884842900396,0.0403939956647549,0.039236755640557,0.0360997527920341,0.0356438927452016,0.037330086443176,0.037007894458708,0.0350978846144096,0.0401712781943057,0.0377448941033922,0.0364907535264817,0.3059032338361103,0.112201239134313,0.1775421598405726,0.3693738757901093,0.1154873721805991,0.1544410267900007,0.3763398263782367,0.1765811264826515,0.046686933644672,0.0740696025348111,0.0520076105772711,0.1522800131487773,0.0624799707634613,0.0522403861014311,0.0728364294094925,0.1345703953625578,0.0568209423482297,0.0695176189906758,0.0487568067800561,0.0794889763518948,0.2621921819286692,0.2405553177501351,0.352506496831662,0.1741615369850544,0.2044886312334179,0.1538647869462632,0.1519992476909779,0.0477226542479032,0.1328198080683496,0.0912782750035337,0.2121458734715968,0.1971632594486916,0.5472941101118769,0.0326687806413801,0.311801560386904,0.3387153227864461,0.1756788522687236,0.0383328348535982,0.0346966915839228,0.0360988367718446,0.0328413641130582,0.0355910855434835,0.0339185781562783,0.0502370079004705,0.0688550645272387,0.0350564137628408,0.0344298989705329,0.0371880514690374,0.1215807228676046,0.0313845472434213
326650_9_consensus.txt,0.2698882610708688,0.0238335446524136,0.2158267123979289,0.0150238220781631,0.1405260981896869,0.3035721813100842,0.0775068708942772,0.0506361214131274,0.1586839408600413,0.1078919839768799,0.2793588576659465,0.0,0.3984993928183309,0.3962450736197116,0.4033729644824975,0.4217702026320573,0.4184612550525255,0.4054647034416625,0.4008798267749807,0.408450949831904,0.4084941968902242,0.4260166385458221,0.418083593838042,0.4182880534206639,0.4111311465331768,0.4077125592901076,0.4128364920269041,0.4253919710939451,0.4159591649671501,0.4049112054473687,0.4075004458969271,0.4042092251772429,0.400163816643289,0.4158368502660297,0.4171440489141256,0.4139691938858991,0.4115391557467216,0.4118256425611353,0.4135390851986926,0.4148915418358374,0.4109530768817571,0.4117438427805773,0.4072403644879259,0.4096944710964632,0.400590535085314,0.4169414496567629,0.4168621090413635,0.4085082682605776,0.0203153869370176,0.0817825521130357,0.0422299668112202,0.0213325263795862,0.084415289104422,0.0632174396834113,0.0225912263227892,0.0728339001927871,0.2525706804021732,0.194954672063691,0.2399526264798837,0.0949321067716804,0.2076903611111404,0.244667615286783,0.1928801368464912,0.1056244038779921,0.2408809030535046,0.2053278013114798,0.2323128567497896,0.1661271146644765,0.0209823401621278,0.0224639312444043,0.0194870987919442,0.0410374968480553,0.0354748888737468,0.0470454466783323,0.0524320331537095,0.1428924219365299,0.0598763922988654,0.0849297108039159,0.0287657726553565,0.031947938254353,0.0699953879431287,0.2459310706312765,0.0311511656205576,0.0346739888454754,0.0637180602658809,0.3497973647814483,0.3992801629982807,0.3802071539694456,0.387976178713374,0.2483711983924852,0.2581895733947403,0.1852892761957623,0.163779630243539,0.4034109834367223,0.3822013065720826,0.3715093828963205,0.0944859699919309,0.3700042363520666
326651_10_consensus.txt,0.0904298779843806,0.2625507178904094,0.0526406280130222,0.3013406928449029,0.0951616552959997,0.0326239671115438,0.1491911834625234,0.1946542785830889,0.0804966165881468,0.1184989450379498,0.0361423505346145,0.3984993928183309,0.0,0.0021902117061696,0.0024575993563065,0.0048385059743587,0.0038048431166064,0.0026844970700672,0.0025590104687758,0.0033448877208215,0.0036020254668782,0.005817448575037,0.0041353683361107,0.0041410283344687,0.0028946695723028,0.0026298828934105,0.0034586436839871,0.005029442097542,0.003435341666278,0.0025050931896863,0.0398905113391743,0.0374649111453768,0.0350849068960226,0.0376999213037461,0.0356793296058945,0.0348639018100618,0.0413070612660568,0.0385641512646977,0.0391069177202734,0.0367961989472602,0.0320634334791378,0.0337910369423353,0.0410823885719375,0.036491409426862,0.0327719729512097,0.036029411813069,0.0316986096981413,0.0346185883052028,0.4048999003227393,0.1689332410466368,0.2514754757715138,0.4787121283251139,0.1720898068674685,0.2225298168767766,0.4878190586644075,0.2689114299394823,0.0927841159388327,0.1331978473399697,0.0984910781396211,0.2371245314469012,0.118675001546098,0.1000154928422567,0.1338343133958606,0.2170832691800965,0.105876619958833,0.1263611974975251,0.096045181742248,0.1443640839898137,0.3767104724879804,0.3534636232477011,0.4796346961410869,0.2724178644201407,0.3095213083864667,0.2510778964130411,0.2468036496413299,0.1128266676551534,0.2237986674036527,0.1708160361396826,0.3187500472789422,0.3003189134437649,0.6860530341318611,0.0671888640485898,0.426704213269776,0.4556812224708659,0.2627911493675938,0.0354491986228318,0.0179435704922994,0.0236952129746104,0.0223102488289237,0.0532623702677259,0.0494195470962095,0.0831675311047561,0.1085294568966972,0.0194726981379167,0.02315023097223,0.0289368663434785,0.2035110530693256,0.0522053933590678
326651_11_consensus.txt,0.0894375779769331,0.2606131946855239,0.0510230990189652,0.2991249882574127,0.0935577946469869,0.0307384865623223,0.1474107596111373,0.1926251760133936,0.0785973144803238,0.1165417928241137,0.0345311708162032,0.3962450736197116,0.0021902117061696,0.0,0.0023187572030431,0.0048783129142861,0.0039380378097071,0.0025236528174943,0.0023114052777737,0.003251126099097,0.0035734807292584,0.0058104689311813,0.00407683413518,0.0039953573624336,0.0028393894660156,0.0025274780361774,0.0033097599673554,0.0051842075922703,0.0032798284964217,0.0024349085122992,0.0383056370552994,0.0360090560608199,0.0339074449845755,0.0362345861921191,0.0344124288301106,0.0336129421297481,0.0397050464643458,0.0370687930780357,0.0380991242853037,0.035147721719893,0.0308545459848179,0.0324928357946046,0.0392833849881757,0.034944792013265,0.0316986916553378,0.0345400161726257,0.0304966004038034,0.0333670631623705,0.403171779379182,0.1682292175038133,0.2506070331558856,0.4770434751888679,0.1713286284988591,0.2211945020815307,0.4860763341140046,0.2657054513903052,0.0896040681006731,0.1300386792516841,0.0954850156636073,0.2338817658731367,0.115597907859966,0.0966961551346381,0.130559507430755,0.2137390536109009,0.1026546920315336,0.1232724221426622,0.0930685543256357,0.1412184008025434,0.3739279477327688,0.3507072104168838,0.4769041296507783,0.2700822822013551,0.3067952067879194,0.2482695344387222,0.2442235355807618,0.110425098707771,0.2210937648077813,0.1684454693018455,0.3161285470829256,0.2980272104555919,0.6826512696294511,0.0651463129784275,0.4236062628596748,0.4525015258194464,0.2600389477677005,0.0341372458758488,0.0169242499401072,0.0226236508171471,0.0209516655631745,0.0518716720336618,0.0477906870054436,0.0815905290981788,0.1066099845646659,0.0182161576609081,0.02190683238382,0.0277499483018388,0.2008844278731585,0.0499054667751757
326651_12_consensus.txt,0.0945361972659153,0.2662569406378141,0.0541897674604587,0.305473480408124,0.0980498088836618,0.0330646986759362,0.1522984244295111,0.1983727434799176,0.0828071171544895,0.1215295412884378,0.0371836902495354,0.4033729644824975,0.0024575993563065,0.0023187572030431,0.0,0.0037114540422598,0.0030259931513274,0.0021657949029467,0.002539179900598,0.003040599934037,0.0030990161066251,0.0046877625004784,0.0033844948451084,0.0032434098455702,0.0024399271423591,0.0022361124023637,0.0026194475229939,0.0039336575526789,0.0027226274025728,0.0021836419303769,0.038342777292085,0.0363069456005389,0.0345804667094054,0.0354100273333664,0.0337417622639568,0.0331691359549326,0.0397663318989955,0.0368397532253217,0.0381711038552081,0.0349973390691138,0.0307045556720932,0.0323328162442715,0.039797644241565,0.0352194942081691,0.0322758507626792,0.0339044777340733,0.0298361839611169,0.033270551865681,0.4098718413213138,0.1727483976754271,0.2560346881270332,0.4841548326148981,0.1760573717593683,0.2262803713767613,0.4932110772160598,0.2740697344049998,0.0952031782527482,0.136494945422239,0.1011256678090344,0.2424005182807791,0.1218755579323227,0.1028664152583376,0.1375418705789428,0.2222563693584929,0.1088239580027403,0.1301480456368349,0.0988480324483012,0.1485470427295645,0.3819332289225237,0.3578953750192504,0.4852645875768688,0.2772370254817771,0.3141904917708018,0.2554826160314523,0.2507883165203441,0.1155388574918996,0.2280764069977214,0.1738376283668596,0.3233456499988465,0.3050658175127756,0.6896651493332637,0.067530680641366,0.4293704409332965,0.4585832675106678,0.2650718357144646,0.0362601653818268,0.016907392520987,0.0236553311465206,0.0216191554210452,0.0546541983525985,0.0509807581148535,0.0855175752108809,0.1115210773015329,0.0182337024854666,0.0227810271134769,0.0298035624719927,0.2057041092229869,0.0516096201857365
326651_13_consensus.txt,0.1130180020582249,0.2825023848338865,0.0632311299500516,0.3224626237793933,0.1108993588699593,0.0398455249516311,0.1655943502292665,0.2133105488668452,0.0942262035864995,0.1345685922856203,0.0449135286308104,0.4217702026320573,0.0048385059743587,0.0048783129142861,0.0037114540422598,0.0,0.0021685411612839,0.0030446781279342,0.0052580050539319,0.0051695518972367,0.0042054746119806,0.0020511713514732,0.0020516426489143,0.0021931190849251,0.0028327357505544,0.0029667347103101,0.0022991648414354,0.0017763124207421,0.0025174762839768,0.0030512931944377,0.0459821823619881,0.0443991105307448,0.0442229137762737,0.0404673015024625,0.0395901165607286,0.0398069569566343,0.0472899631873824,0.0439814698929268,0.046723764831805,0.0408324517615188,0.0372391076384381,0.0392763065974062,0.0480298149151172,0.0431399887202301,0.0414558319308344,0.0387518531819814,0.0353166762175236,0.0403068005858608,0.4269103255665234,0.1865785875595138,0.2719471019634909,0.5035816469309564,0.1888845288426868,0.2405246948399035,0.5120444133564579,0.2946440499928098,0.1104163527821793,0.1533130629196124,0.1171666196864045,0.2628608379709742,0.1393203809196821,0.119130273226319,0.1555155131839223,0.2431885510365834,0.1260203083994033,0.1486303547138279,0.1143654464316243,0.1668547871681047,0.3999873840720491,0.3753723652207128,0.5045087347161124,0.2936738713535209,0.331367887225138,0.2728130996971094,0.2665552959452171,0.1287504141082518,0.2441395718805949,0.1882845405212982,0.3402273607339721,0.3219511847397349,0.7104611923094293,0.0783227869587701,0.4471841595169774,0.4782669502239285,0.2821883573804742,0.047530479608091,0.0205447015695643,0.0310517427304004,0.0259502971952656,0.0648457081997877,0.0625538429764356,0.0986978889095304,0.1267159554174748,0.0213987268600304,0.0296074302968376,0.0397943666255331,0.218478456837615,0.0572811365919392
326651_14_consensus.txt,0.1104180729580663,0.279561053120255,0.0600673641744915,0.3194369781174648,0.1062255292331011,0.0373700594019021,0.1621973424881675,0.2098039508366067,0.0904948029965186,0.1302844803655718,0.0416967171491196,0.4184612550525255,0.0038048431166064,0.0039380378097071,0.0030259931513274,0.0021685411612839,0.0,0.0025105351079943,0.0038691410364286,0.0038769732984178,0.0030688243270233,0.0027395321059291,0.0019056731716764,0.0021618237865599,0.0020661270531414,0.002418488888872,0.0022435282038877,0.0021017897713937,0.001831440914854,0.002586277717401,0.04507889354268,0.0436344922440001,0.0422676206975278,0.0409011251075197,0.0391015568656918,0.0389712518047398,0.0464655003933174,0.0433258479028717,0.0447361768214911,0.0406892967779795,0.0363957505828071,0.0380612183802577,0.0467540037069476,0.0419528206269532,0.0393655310899498,0.0390630321523763,0.0346592896126169,0.0393514187637018,0.426369647387447,0.1859355046301658,0.2706896757290336,0.5016111003384864,0.1887765455015762,0.2406066051888906,0.5110465272197127,0.293352434802042,0.1093060248740709,0.1528934584372629,0.1161581929506336,0.2614181555254609,0.1377773690274697,0.1176089468755989,0.1541524348751517,0.2412733260837773,0.1246494817723666,0.1468846070738756,0.1129733457012198,0.1652050594708054,0.3985780474285842,0.3743549596470856,0.5030632710845948,0.2922624625592718,0.3306101277762474,0.2712922958910297,0.2658439705614359,0.1273896040683917,0.24277320323199,0.1873356425490513,0.339356743567019,0.3208288019754439,0.7113301750182632,0.0779475926501414,0.4480124263692042,0.4787216125195037,0.2831344528500441,0.0470017528422976,0.0214746913770209,0.031407554941822,0.0268265250808763,0.0655302189575861,0.0623853158847316,0.0985154897289763,0.1266568505194545,0.0225373205577854,0.0301532910184612,0.0390142994644735,0.2199609933505968,0.0580270433182272
326651_15_consensus.txt,0.0967522733757846,0.2680104484987016,0.0541851184438826,0.3074955827550365,0.0988632826849489,0.0325170476958165,0.1531689314043793,0.1997015666234807,0.0833188156370701,0.1223202605029145,0.0368725228723407,0.4054647034416625,0.0026844970700672,0.0025236528174943,0.0021657949029467,0.0030446781279342,0.0025105351079943,0.0,0.0027779400291292,0.0029773825008945,0.0027284084644847,0.0039745000462003,0.0028376360866673,0.0027159998238754,0.0021830938104914,0.001927345726159,0.0022727275780729,0.0033255836828285,0.0024343926947327,0.001972518299909,0.0385011548332956,0.0368961731454762,0.0355049605545563,0.0351286104996511,0.0337366026602508,0.0333817812686767,0.0399731563504586,0.0370518619221389,0.0388990800105197,0.0348712764384702,0.0309251308899414,0.0327242117001072,0.0401738995577076,0.03579514113851,0.0333033190516349,0.0336314700322519,0.0298768733958034,0.0334196191598392,0.412106479914728,0.174548865718453,0.2582743228333237,0.4870713860984459,0.177472104388487,0.2281465810512539,0.4961114891128835,0.2761650759732159,0.0958397889611042,0.1374953323155594,0.1023158323751012,0.2442459321742358,0.123176282347825,0.1037567277848729,0.138944729380368,0.2244052978639459,0.10996235268437,0.1316502901266609,0.0997354070452161,0.1500336959602446,0.3837815405978624,0.3597396091931628,0.4873915718123776,0.2787983782086396,0.3159237676966482,0.2568949102724707,0.2517693370729459,0.1161451731432201,0.2296196595104183,0.1748522787790616,0.3247813404541064,0.3068599906633222,0.6919603022385346,0.0675237713194034,0.4304457356147457,0.4602677930715764,0.266285398590572,0.0373957768081165,0.0165698174282233,0.0240471602484895,0.0211469153645484,0.0552150386723298,0.052005151666334,0.0865591436945374,0.1129834413078549,0.0178333674752302,0.0230974516336477,0.0306692325803492,0.2055686393909725,0.0499493595450175
326651_16_consensus.txt,0.0920926904494354,0.2641032457984265,0.051612650855227,0.3028996814728284,0.0946446462863974,0.0310237305377905,0.1496768773650423,0.1958780467501188,0.079789044866434,0.1180427027001309,0.0345635549040723,0.4008798267749807,0.0025590104687758,0.0023114052777737,0.002539179900598,0.0052580050539319,0.0038691410364286,0.0027779400291292,0.0,0.0027727090430555,0.003255582241743,0.0063071941733987,0.0044312255568801,0.004260285785393,0.0029217467130537,0.0028435967233493,0.0037279443201398,0.0055699839329923,0.0033509663024728,0.0030465924310671,0.0367027149547025,0.0348547352681105,0.0323798024917971,0.0351574751537633,0.0328284203985358,0.0318741404381111,0.0380380128280002,0.0354208067261527,0.0360136434301585,0.0337716149638929,0.0293665443085107,0.030607747150853,0.0375219178385108,0.0333374250260076,0.0300900094789238,0.0334160602254156,0.0289708065698075,0.0318423998542911,0.4092031622478744,0.172157949510014,0.2550962033338262,0.4826716392348897,0.1759882228901501,0.2266648819561769,0.4920756185117145,0.2711970778909176,0.0923054641096463,0.1340599966372933,0.0986064374754427,0.2392236364278206,0.1189573505323844,0.0991544869806482,0.1341655240095161,0.2183766329638903,0.1054609019981285,0.1263611973049609,0.0957829538643491,0.1450090356752085,0.3799937622131075,0.3565073783720773,0.4833906196072988,0.2755298985270622,0.3127632591872524,0.2530469242143525,0.2496702388787,0.1138932664881657,0.2261094327695127,0.1725728536998811,0.3218952251466138,0.303728192092807,0.6894714641904791,0.0657923483707474,0.4286198456849979,0.4577367648524824,0.2643671793070474,0.0353049674024257,0.0172369178669402,0.0234074774218573,0.0214057673593632,0.054422093130281,0.0499292680969638,0.0843684996106057,0.110148729675803,0.0184953145822106,0.0226543209257172,0.0282999193344881,0.2060794018572407,0.0508841020246233
326651_17_consensus.txt,0.0982568847171636,0.2700014463965292,0.0528654620560304,0.309703615365092,0.0978883851624496,0.0305395249464508,0.15424049660266,0.2013340422779155,0.0823573072280563,0.1218255614194427,0.0347083807187633,0.408450949831904,0.0033448877208215,0.003251126099097,0.003040599934037,0.0051695518972367,0.0038769732984178,0.0029773825008945,0.0027727090430555,0.0,0.0029652234817314,0.006379572762591,0.0046411296294559,0.004135835809687,0.0030532755067076,0.0030167479274414,0.0036720003389758,0.0053487904490081,0.0032917862087886,0.0035459293255248,0.0338108408170807,0.0322933957892939,0.0307583568468539,0.0317986783394985,0.029569464707551,0.0289732305409016,0.0349070889687874,0.0323980246077377,0.0332875413003321,0.0310336154247528,0.0268702463026393,0.0278558355982196,0.0348266356992468,0.0307827774556788,0.0282951416941159,0.0302918910557696,0.0261067404767336,0.0291898924092466,0.4186292759321954,0.1791921800978428,0.2631718009472168,0.4928499493129976,0.1828424296915241,0.2343806713535396,0.5022208270567301,0.2804627265750365,0.096043533301918,0.1395419906087065,0.1027913513174638,0.2478028685098197,0.1240493131210822,0.1032810277447113,0.1395001116739997,0.2263102815596829,0.1095374256844268,0.1316645186817355,0.1002167632798221,0.1514433664675802,0.38953616200331,0.3652559100680701,0.4934358448350213,0.2838931021511506,0.3211442781010216,0.2606329268103966,0.2569263572141835,0.1182952897928872,0.233637009432865,0.1781214089942109,0.3300105603356185,0.3121068543627858,0.6978190573186822,0.0656437795857085,0.434765905370412,0.4645050730690716,0.2692720864331761,0.0369384542697757,0.0166094460478838,0.0237840189481559,0.0211626269038038,0.0575258595258985,0.0531924449614411,0.0882568583177727,0.115372233019606,0.0174552531569665,0.022726965949154,0.029684400083914,0.2113255819374337,0.0494613088366442
326651_18_consensus.txt,0.1019170974808743,0.2702990393385436,0.053853533232397,0.3100750144385884,0.0987148404516276,0.0317538615651535,0.1546575458364287,0.2016735908710378,0.083189896312569,0.1225212064390675,0.0357436714301293,0.4084941968902242,0.0036020254668782,0.0035734807292584,0.0030990161066251,0.0042054746119806,0.0030688243270233,0.0027284084644847,0.003255582241743,0.0029652234817314,0.0,0.0053081569854604,0.0036798754181255,0.0033924857444986,0.0027076014750742,0.0026835763156878,0.0031216552566126,0.0041720070994841,0.0028685147720857,0.0031736660630077,0.0356891181503851,0.0346242469206279,0.0331675759974343,0.0330174809442613,0.0311923751659133,0.0307842750394655,0.0369580825334967,0.0343413623586172,0.0352966250416786,0.0327563179351404,0.0286495027081885,0.0298733037124296,0.0370252837109417,0.0330763201980248,0.0305066720970943,0.0314701142410029,0.0274952236490815,0.0310135851658053,0.4184165370944104,0.1792444030075906,0.2629288297618295,0.4925078364136297,0.1824830699264863,0.2340829411864318,0.5018387684077226,0.2824872126076956,0.0994097976457721,0.1425769442922444,0.106096263874087,0.250238177852065,0.1272040526772562,0.1069499409387475,0.1429182131251467,0.2295338845630672,0.1134150814961794,0.1352579817162835,0.1030969400650683,0.1545580215994348,0.3894953631465663,0.3652904288552339,0.4934966755596637,0.2840979602452842,0.3216642090603834,0.2615714125940078,0.2571161646429605,0.119314439877459,0.2342378646908782,0.1788459001686329,0.3303375168829028,0.3122523365615635,0.6983853834894029,0.067809561349815,0.4355517501825385,0.4653806386615882,0.2707269588524577,0.0398015976118202,0.0177688735901186,0.0260674196394505,0.0225097736609329,0.0591606319579618,0.05544005213049,0.0904410463083618,0.1175870695896756,0.0184890522278777,0.0247890873257103,0.032609387093716,0.2117473143472281,0.0514795314439968
326651_1_consensus.txt,0.1162101133463808,0.2865429555090308,0.0653184147346319,0.3266367525169666,0.1137961611871425,0.0411261007252372,0.1687356842850098,0.216595445434069,0.0966119794328905,0.1375481218057075,0.0468591710529775,0.4260166385458221,0.005817448575037,0.0058104689311813,0.0046877625004784,0.0020511713514732,0.0027395321059291,0.0039745000462003,0.0063071941733987,0.006379572762591,0.0053081569854604,0.0,0.0020379850480161,0.0022207596961152,0.0030589905303788,0.0035369280303756,0.002561015668971,0.002016772051772,0.0029101332542618,0.0037792349734964,0.0493326577070067,0.0479066207312799,0.0477926993659867,0.0437664015063932,0.042808399842384,0.0431905600953559,0.0507989857126833,0.0475374720316956,0.0506945701440209,0.0434523419398384,0.0401821485215476,0.0424702094833522,0.0514458580408385,0.0464747936871052,0.0448771720893468,0.0416869999239635,0.0383697974129972,0.043572033262782,0.4309561497186118,0.1900188314189472,0.2758379091643732,0.5080234237015562,0.1922332190457814,0.2439420651397545,0.5165357360758129,0.2980576148029623,0.1127363875539533,0.1559588177470985,0.1197270911642709,0.2662619380449058,0.1421457157339807,0.1213292131427623,0.1580302794864678,0.2459822809600949,0.1286612171803387,0.1514418419649503,0.1167606004972423,0.169487696925902,0.4038070345965581,0.3788968381943141,0.5085703848443925,0.2971177951988162,0.3348727295396667,0.2761105408988031,0.269799574386667,0.1314467065602711,0.2473602425684271,0.1916565909340875,0.3436990660271073,0.3255118485990973,0.7169705970587126,0.0828128250397171,0.4531555471012956,0.4844538709710733,0.2880830304481954,0.0512275448097261,0.022784778052288,0.0337106558499309,0.027928490974503,0.0681215184378176,0.0655649539465255,0.1025250548320917,0.1309119087547552,0.0235295423625387,0.0324913426698945,0.0429213901519265,0.2227790439976464,0.0600953922011679
326651_2_consensus.txt,0.1107822619781249,0.2795873556471662,0.0605344744758964,0.3192293347149011,0.1068714266212191,0.0374623083064395,0.1622405498187031,0.2096818532592879,0.0905737790493459,0.1307533888238117,0.042188643482258,0.418083593838042,0.0041353683361107,0.00407683413518,0.0033844948451084,0.0020516426489143,0.0019056731716764,0.0028376360866673,0.0044312255568801,0.0046411296294559,0.0036798754181255,0.0020379850480161,0.0,0.0018215720362366,0.0020802167826357,0.0023772808171003,0.0020133440008738,0.0019757475032156,0.0019306820380498,0.0026652638916164,0.0470884914177407,0.0456915776326409,0.0447344223734065,0.042883582233018,0.0413295121373025,0.0412488903361696,0.0486253778258394,0.0454602139334436,0.0475865718531363,0.0423306168534409,0.0382690874794064,0.0401338718364607,0.0487103157023902,0.0440564582485825,0.0417138796263021,0.0407504356181105,0.0368089983382544,0.0415655364160727,0.4248573556470383,0.1850705108058106,0.2699794041257419,0.5005630350928207,0.1875868160338774,0.2393678365492055,0.509669047688206,0.2915674100171435,0.1087033079321733,0.1514953624430521,0.1153563840739364,0.2598750938178362,0.1370786658596019,0.1166846984724205,0.1528863557138962,0.2395458447029783,0.1238756913576288,0.1459643954188907,0.1123429466827321,0.1641461111094884,0.3970923842024811,0.3728333617617831,0.5015407038735464,0.2908868009951968,0.3291006710338413,0.2700062579558127,0.2643400629967987,0.1267162019906367,0.2413971131694028,0.1865817535639484,0.3377078700869864,0.3193701283295613,0.710561044449566,0.0790596335524771,0.447815411344731,0.4783968797593561,0.2831537720310653,0.0482249242955035,0.022330466522475,0.03224206120698,0.0273861117636204,0.065866914649673,0.0627316040064345,0.0991757652502851,0.1267674933174705,0.0233076987814619,0.0310319843124533,0.0401644184146601,0.2193476714195767,0.0585175835385287
326651_3_consensus.txt,0.1098115596815008,0.279139629811886,0.0591753461942712,0.3189299431636048,0.1065032492858293,0.035516750041463,0.1618818483610411,0.2095807944384491,0.0895187760123752,0.1303447077108703,0.0406469826616859,0.4182880534206639,0.0041410283344687,0.0039953573624336,0.0032434098455702,0.0021931190849251,0.0021618237865599,0.0027159998238754,0.004260285785393,0.004135835809687,0.0033924857444986,0.0022207596961152,0.0018215720362366,0.0,0.0019909352481217,0.0023200734632018,0.00180394608671,0.002155863876764,0.0019115316734632,0.0026782857358718,0.0432039683276066,0.0419048117371883,0.0414998035832496,0.0390414606734541,0.0377239110986975,0.0378098892009415,0.0447004462067486,0.0417492014075264,0.0441189462602125,0.0385919108851613,0.0350097493463819,0.0366805256822679,0.0448599216738925,0.0402602582287521,0.0386411767906444,0.0370293750748675,0.0334820267002058,0.0380533235413711,0.4256233644926031,0.1849791945606247,0.2702691196641567,0.5015243735097705,0.1877553180518756,0.2393857316608976,0.5103816450672714,0.2906274236837838,0.1058788779640327,0.1489850566061248,0.1124176124656894,0.2587258006167374,0.1347294813384225,0.1139160856138996,0.1502446208625221,0.2379899196881814,0.120885945012537,0.1433581580131679,0.1099039664293659,0.1619890301646611,0.3973147095666416,0.3725485961984001,0.5017807156837337,0.2909064535934131,0.3285564841441415,0.2693618354543803,0.2636891011265323,0.1254374075370758,0.2407905937244159,0.1853394252053259,0.3372905120601457,0.3190564520762855,0.7093952228849378,0.0756322158913391,0.4458390666553846,0.4767061374930259,0.2808260912043732,0.0463602215547283,0.0204181536085972,0.0302919429236094,0.0253521964588765,0.0641912514885252,0.0611957944750667,0.0973957263339242,0.1253078561331939,0.0211090916053038,0.0288911730884091,0.0384272577677391,0.2176825612282709,0.0551067576867092
326651_4_consensus.txt,0.1039984898352814,0.2730507767129948,0.055596899082916,0.312670314770699,0.1011720579775978,0.033103098702961,0.1566439235262366,0.2037593945736544,0.0851000982107432,0.1247633874051477,0.0375850879465584,0.4111311465331768,0.0028946695723028,0.0028393894660156,0.0024399271423591,0.0028327357505544,0.0020661270531414,0.0021830938104914,0.0029217467130537,0.0030532755067076,0.0027076014750742,0.0030589905303788,0.0020802167826357,0.0019909352481217,0.0,0.0018600223599207,0.001985376507009,0.0027267847312693,0.0017391736189047,0.0023333847515569,0.0410916329495938,0.0397903800335743,0.0384904329116313,0.038203428611645,0.0362914845070632,0.0360072746691892,0.0425580428694578,0.0397631837050154,0.0414506562012944,0.0373437429307683,0.0332478392269735,0.0347135056150413,0.0424668846397002,0.0381656403292707,0.0356105701832429,0.0362294214166629,0.0321798343416883,0.0361234161378503,0.4197930973559405,0.1807264386891969,0.2651092222082614,0.4945460172278126,0.1836836427950334,0.2351874840745482,0.5038302578448617,0.284405623771069,0.1017666589878656,0.1446091841532748,0.1082561436628051,0.2524217539141453,0.1298468548651756,0.1094072374221113,0.145157744425159,0.2314093024860204,0.1160642207452431,0.1380902045486101,0.1056128886213825,0.1567754335046203,0.3909045288608643,0.366563080753318,0.4950094146689272,0.2850132636773352,0.3228955531550763,0.2633745213675471,0.2584788183931961,0.1209152730718026,0.235358977992254,0.1806362435843045,0.3316217051140828,0.3134987210586661,0.7030430293350447,0.072605063110565,0.4404117218427332,0.4707677130645127,0.275867118465988,0.0430285891440389,0.0197406625641498,0.0283416287005024,0.0244562461041066,0.0616066063363334,0.0577242587230859,0.0936471850210924,0.1207609234082545,0.0206774679116135,0.0272669446366329,0.0353916410437653,0.214215393771501,0.054177665937221
326651_5_consensus.txt,0.099132695211205,0.2699415229881268,0.0544032336882587,0.3095110108104162,0.0995525613585961,0.0322171438082836,0.1543541025536026,0.2010608702518324,0.0836758520170253,0.1230417884559171,0.0368773897454008,0.4077125592901076,0.0026298828934105,0.0025274780361774,0.0022361124023637,0.0029667347103101,0.002418488888872,0.001927345726159,0.0028435967233493,0.0030167479274414,0.0026835763156878,0.0035369280303756,0.0023772808171003,0.0023200734632018,0.0018600223599207,0.0,0.0020311950616314,0.0031300605384352,0.0021344289140534,0.002023643944141,0.0388940141251001,0.0374133573546844,0.0362090372071817,0.0359608661598356,0.0344558552442837,0.0340608839792384,0.040394464176793,0.0376220673811555,0.0393667157743511,0.0352644842433491,0.0313910990611967,0.0330730542870574,0.0403799355427567,0.0361743007940296,0.0336896330156264,0.0341925611869484,0.0304277291987977,0.0340477594677786,0.4148041445233197,0.1762084033827085,0.2602731137974565,0.4899646791963032,0.1791696446417789,0.230137347536778,0.4987585686156048,0.2781737095226635,0.0969521747924195,0.1390146040833642,0.103185065758951,0.2463736328234533,0.1245158343926826,0.1045417341252692,0.1398246521025488,0.2258586330345675,0.1110215337490672,0.132674084096986,0.1007159963721582,0.1513628627135448,0.3862010963213116,0.3620244875399816,0.4902375526856968,0.2807768484434971,0.3181915044904517,0.258790255825799,0.2538651983366469,0.1173482174402336,0.2310905287841009,0.1765158228221901,0.3269699870587512,0.3089803911291682,0.6967987428608113,0.0692393160408677,0.4347345628335528,0.4645696019508358,0.2698848489026559,0.0392233840853855,0.017602657335126,0.025381557430367,0.0220760665274735,0.0572407546568971,0.0539109605146661,0.0888655400881948,0.1155045721932994,0.018598890100316,0.0243804215211511,0.0319633738715516,0.2084139799212394,0.0508700174407348
326651_6_consensus.txt,0.1042436976642173,0.2744193882964358,0.0572498919683965,0.3141735602251634,0.1035908986845077,0.0342410565256559,0.1583040647373446,0.2054596055001889,0.0871291729452377,0.1271738538956555,0.0392601592003396,0.4128364920269041,0.0034586436839871,0.0033097599673554,0.0026194475229939,0.0022991648414354,0.0022435282038877,0.0022727275780729,0.0037279443201398,0.0036720003389758,0.0031216552566126,0.002561015668971,0.0020133440008738,0.00180394608671,0.001985376507009,0.0020311950616314,0.0,0.0024685365795988,0.0020215030024077,0.002159909521044,0.04104894951214,0.0395466976343783,0.0390125921820381,0.0371621623656537,0.0358728117438014,0.0358175134072666,0.0425006027061876,0.0395362313845373,0.0418906097755371,0.0368137767710505,0.0331668208306288,0.0349398752728706,0.0427199885096722,0.0382594615041718,0.0363132414050832,0.0353534419383052,0.0317508353162248,0.0359240354196357,0.4196499374197087,0.1805490884906051,0.265113985829756,0.4952419805772869,0.1831421249914617,0.234354266283554,0.5039336891424728,0.2842316495484303,0.1014437584203973,0.143860914464116,0.107814918565908,0.252418178770263,0.1295208180521498,0.1094605077035923,0.1451324108386673,0.2319615453757215,0.1160932424557241,0.1383591009532123,0.105307156348168,0.1567359355615494,0.3913083399308883,0.3665667911680454,0.4952798689011422,0.2854864014411173,0.3229190079015502,0.263809471583265,0.2583431280291455,0.1211661395033534,0.2357008163289959,0.1807272618840976,0.331569991294363,0.3135976424330673,0.7018114739730397,0.0728868360532102,0.4394738013271162,0.4696828626561515,0.2748156130136356,0.042479105278546,0.0186179045140537,0.0273465466762834,0.0232969065479746,0.0603140869439471,0.057181260714624,0.09273283349874,0.1199673976976907,0.0194739423096361,0.0262119735649388,0.0350556146593783,0.2124496457001097,0.0531981360561157
326651_7_consensus.txt,0.1166594315358651,0.2858798640068904,0.0648237412692358,0.3259734456760945,0.1125634596332192,0.0411000068491169,0.1681130743662997,0.2159927627532738,0.0959227952904075,0.1365086423210142,0.0459953413807205,0.4253919710939451,0.005029442097542,0.0051842075922703,0.0039336575526789,0.0017763124207421,0.0021017897713937,0.0033255836828285,0.0055699839329923,0.0053487904490081,0.0041720070994841,0.002016772051772,0.0019757475032156,0.002155863876764,0.0027267847312693,0.0031300605384352,0.0024685365795988,0.0,0.0023945198886679,0.0032249998123194,0.0488124534946381,0.0472429264002434,0.0468075305256947,0.0432910797433025,0.0420588472410479,0.0422108223703201,0.0500954432251301,0.0467028460563412,0.049205777180437,0.0436221551409055,0.0396724016730436,0.0416555908179052,0.0508787186976595,0.0457641690385433,0.0438707577248855,0.0415034236783258,0.0376169434159123,0.0429122033671349,0.431791823361066,0.1904223505360489,0.2761487399594289,0.5082905015731018,0.1929306754040114,0.2449961335402122,0.5172151041535971,0.3007802813509794,0.1154203044356938,0.1588079078697291,0.1221488640020398,0.2686739848310564,0.1447153547261459,0.1242689006197172,0.1610381912573508,0.2488390156108098,0.1312318944027843,0.1539557233511592,0.1192312716264263,0.1723356215126781,0.4051291546022062,0.3804743334453446,0.5098834101367409,0.2982729619226241,0.3366910082872465,0.2775103142234201,0.2714346479639662,0.132484927890303,0.2489116564512059,0.1926170284880095,0.3452784984545829,0.326656354166877,0.7175291131552299,0.0821830759357133,0.4537313161277918,0.484931271531174,0.2883123166195407,0.0506385572916929,0.0227341302154897,0.0337023369354216,0.028417980592347,0.0685926131781782,0.0659643262675047,0.1029042565008948,0.1313721223310437,0.0236360682471303,0.0321464211637136,0.0427311882575436,0.2241606799162294,0.0609565766097848
326651_8_consensus.txt,0.1079334741270319,0.2771302354785456,0.0577554096867256,0.3165913348472067,0.1037123340598418,0.0347386262900117,0.1600498650754458,0.2075068784385152,0.0876064686596045,0.1280338412939015,0.039242328783998,0.4159591649671501,0.003435341666278,0.0032798284964217,0.0027226274025728,0.0025174762839768,0.001831440914854,0.0024343926947327,0.0033509663024728,0.0032917862087886,0.0028685147720857,0.0029101332542618,0.0019306820380498,0.0019115316734632,0.0017391736189047,0.0021344289140534,0.0020215030024077,0.0023945198886679,0.0,0.0024443947981698,0.0426056391501283,0.0410809968020373,0.0399674505418214,0.0390944663042374,0.0370716859701945,0.0368972987035816,0.0439642500803119,0.0409013216707405,0.0424863010816611,0.0384148516920497,0.0342397379003163,0.0357420769891696,0.0439866033638507,0.0394177689187609,0.0370339700300341,0.0370624791407552,0.0329240145285885,0.0372074449457011,0.4247524316486579,0.1842982560835011,0.2691848013522859,0.4995108203683358,0.187283866509369,0.2393276773405945,0.5090267091213789,0.2901472760419477,0.1060583652955706,0.1494548821389374,0.1125623756891824,0.2581700945631517,0.1343910274509774,0.1140005891359488,0.1504428816025225,0.2374520366404482,0.1209895883664868,0.1431018370676824,0.1098690836239386,0.1616734805390267,0.3962623777367771,0.3719771937205349,0.5005236760519542,0.2901246992051591,0.3281195675364081,0.2685384529626002,0.2636351115451338,0.1248263094832342,0.2402273656650493,0.1851160631217929,0.3368627217600943,0.3183458468932025,0.7087483839799216,0.0750163210077881,0.4455373600996388,0.4762087236133823,0.2805475032484361,0.0449949970245073,0.0205192752545677,0.0298486094699308,0.0255463613656763,0.0640619622396583,0.0604279383697283,0.0967872835104932,0.1246084045272839,0.021316130353413,0.0284257416141571,0.0373574372840206,0.2184044550450536,0.0556514817416662
326651_9_consensus.txt,0.0962338839372218,0.267932831715334,0.0549082632171149,0.3071164594672506,0.0992046892091931,0.0334282341668021,0.1532670967558909,0.1992781480293368,0.0839622243208744,0.1226655381533543,0.0377191269497299,0.4049112054473687,0.0025050931896863,0.0024349085122992,0.0021836419303769,0.0030512931944377,0.002586277717401,0.001972518299909,0.0030465924310671,0.0035459293255248,0.0031736660630077,0.0037792349734964,0.0026652638916164,0.0026782857358718,0.0023333847515569,0.002023643944141,0.002159909521044,0.0032249998123194,0.0024443947981698,0.0,0.0405275620326737,0.0384211036586892,0.0369919413085861,0.037085162214276,0.035584675868213,0.0352436816421732,0.0419489795370218,0.0390260990247348,0.0405550894507085,0.036751224138805,0.032536942291732,0.0344938755563033,0.0421775483136155,0.0374223479594872,0.0346587036347116,0.0354232456074807,0.0314559526922,0.0352099667704308,0.4113219418366203,0.1739217769027092,0.2575407090247452,0.4860899541994623,0.1769275342475893,0.2274005897397613,0.4950650792970004,0.2759534884625596,0.0970692892855575,0.1381566264161575,0.1030951267847344,0.2442980114775963,0.1238933282488261,0.1049316752214881,0.1396206273140432,0.2245825658808025,0.1111421235882996,0.1326556480784519,0.100523350682792,0.1503094358431003,0.3831194906230841,0.3591456830140487,0.4865821240712442,0.2781535127443,0.3154258355256072,0.256935915035072,0.2516619781813523,0.1164937781213497,0.2292457580498439,0.1751790528018446,0.3245280327072466,0.3061805783677762,0.692367287027734,0.0698310687467547,0.4317240516881409,0.4614378057359394,0.2677248172867674,0.0382219384377062,0.0176299142605351,0.0248064077109182,0.0222198010040681,0.0557985767789741,0.0525909703481106,0.0871068237661614,0.1133221766956911,0.0189417739149106,0.0240190353120288,0.0315364705297973,0.2068222578426253,0.0525488973131853
326713_10_consensus.txt,0.0918483028639087,0.2691102352142245,0.0552428404433325,0.3101459592034912,0.1029288832188175,0.0306530813723302,0.1583903896094858,0.2046495084967983,0.0861740246396918,0.1262183803262848,0.0377545590348606,0.4075004458969271,0.0398905113391743,0.0383056370552994,0.038342777292085,0.0459821823619881,0.04507889354268,0.0385011548332956,0.0367027149547025,0.0338108408170807,0.0356891181503851,0.0493326577070067,0.0470884914177407,0.0432039683276066,0.0410916329495938,0.0388940141251001,0.04104894951214,0.0488124534946381,0.0426056391501283,0.0405275620326737,0.0,0.0023704071335668,0.0044523857801355,0.0034758222499178,0.0029506621288639,0.002803132372021,0.0016307847986318,0.0019579227991091,0.0042574802645365,0.0027436907461373,0.0031596657778223,0.0028433147830746,0.0018670922195616,0.0023625021863598,0.0045831648352026,0.0032907925115601,0.0036739863839851,0.0024534603776693,0.4252379071728374,0.1867542895882499,0.2696661589564968,0.4982300674471247,0.1925119343423595,0.2409268494157297,0.5037900535250053,0.2622451085984796,0.0692004860875616,0.113888889464226,0.0774839944186149,0.2282276153095885,0.0979642410292207,0.0738912397716937,0.111038341725747,0.2036891134331409,0.0786070649249053,0.1036932022893495,0.0753369978341531,0.1275334224233102,0.3867058373235226,0.3595398771018123,0.4897218265391663,0.2845704890384617,0.3143343022769587,0.2513510305108575,0.2498294347248748,0.110242445026329,0.2291104343690868,0.1699687847535997,0.3254831956764015,0.3101937579399623,0.6709020642549248,0.0404637676557326,0.4068359158718762,0.434469151063519,0.2385235656795341,0.0292221963269607,0.019148556516094,0.0219184312296185,0.019214434703513,0.0531437313118248,0.0478340342341567,0.0791666526572436,0.1056727175237925,0.0177824441385023,0.020229873747013,0.0245852303291256,0.1945202559734067,0.0315579367420362
326713_11_consensus.txt,0.0863937949621798,0.2662488246562997,0.0543991838695561,0.3067888462021839,0.1012534215890417,0.0306444694194576,0.1564997177674998,0.2024415979265548,0.0851795767778771,0.1251992816280376,0.0372727343789112,0.4042092251772429,0.0374649111453768,0.0360090560608199,0.0363069456005389,0.0443991105307448,0.0436344922440001,0.0368961731454762,0.0348547352681105,0.0322933957892939,0.0346242469206279,0.0479066207312799,0.0456915776326409,0.0419048117371883,0.0397903800335743,0.0374133573546844,0.0395466976343783,0.0472429264002434,0.0410809968020373,0.0384211036586892,0.0023704071335668,0.0,0.0030746832875383,0.0034669879038791,0.002738591138292,0.0024464501636733,0.0023548148754395,0.0020765057921821,0.0036335727678977,0.0027705246467739,0.0024050472326635,0.0025189257280811,0.0025027906043018,0.0019408269877079,0.0033369440349915,0.0034244241989629,0.0032121905883402,0.002024757893122,0.4205415736916089,0.182520133038019,0.2652760649179182,0.4932602511290751,0.1884555333639266,0.2366988099065041,0.4991339283738663,0.258530296014495,0.067623848063425,0.1115631655552809,0.0757391915255336,0.2249606327220297,0.0955037353940682,0.0727975643982681,0.1095146524018906,0.2013573542769098,0.0773748030154743,0.1019210811786148,0.073581466292194,0.1245161326510189,0.3826577806060154,0.356374557982881,0.4854080262015365,0.2810374378903102,0.3106473270462579,0.2486380653163049,0.2472059047224952,0.108244550516237,0.2261949386920996,0.1676487003868656,0.3224787735374432,0.3062835936107939,0.6667958667491964,0.0405431408743863,0.4041819529384982,0.431552513472571,0.2364219915401655,0.0255867765653228,0.0169344485938349,0.0190084274484325,0.0171994231824452,0.049467383130473,0.0442731233402451,0.0752452694097307,0.1013873684125288,0.016046686854473,0.0173558344354258,0.0210009011435596,0.1922632709195646,0.0315297974440138
326713_12_consensus.txt,0.078975624191524,0.2635618676865139,0.0538037055323519,0.3034572395834631,0.0982569609439831,0.0317291735634306,0.153916701696736,0.1993055348702119,0.0834037418510513,0.1221058175433684,0.0372009899381193,0.400163816643289,0.0350849068960226,0.0339074449845755,0.0345804667094054,0.0442229137762737,0.0422676206975278,0.0355049605545563,0.0323798024917971,0.0307583568468539,0.0331675759974343,0.0477926993659867,0.0447344223734065,0.0414998035832496,0.0384904329116313,0.0362090372071817,0.0390125921820381,0.0468075305256947,0.0399674505418214,0.0369919413085861,0.0044523857801355,0.0030746832875383,0.0,0.0066204221196146,0.0048368104308966,0.0039323172423983,0.0047313292809736,0.0041667412842079,0.0036177893354096,0.0051756751792364,0.0035350184485025,0.0036046113037118,0.0041480381642298,0.0032171053892353,0.0024194865198969,0.00636991626929,0.0047089292465871,0.0033656994904829,0.4161867681015891,0.1782136687295796,0.2603881199075619,0.4872535733956873,0.1851175235178459,0.2332603980544778,0.4946412467249264,0.2547811590751401,0.0677019076277982,0.1110159482837547,0.0749285864077276,0.2212229239866063,0.0942037534956661,0.0719754897124369,0.1083932672177931,0.1979307160412311,0.0765123106289058,0.1001235469026253,0.0725456605602579,0.1219007747281653,0.3795894400198962,0.3543125226489305,0.4824705520237069,0.2782096779729812,0.3087402074271637,0.2463409842816819,0.2462253845421891,0.108006955837042,0.2239157810501604,0.1666272644966575,0.3206533851044106,0.3042779405850284,0.6659598387372494,0.0419573663641266,0.4042945685267733,0.4308673150946296,0.2365490847362599,0.0236284241195665,0.0178832864708455,0.0184332153160236,0.018386563697442,0.0485657052024164,0.042185284375547,0.0732570779254135,0.0983755125250009,0.0176613390706767,0.0175828841903218,0.0189738535536072,0.1941534831953539,0.0359295969982893
326713_13_consensus.txt,0.0973062975486813,0.2758868635629588,0.0593752295172658,0.3173920067260587,0.1099543649682432,0.0334320159566035,0.1646088983410143,0.2122209964410437,0.0924162647642754,0.1337295325639749,0.041434282226489,0.4158368502660297,0.0376999213037461,0.0362345861921191,0.0354100273333664,0.0404673015024625,0.0409011251075197,0.0351286104996511,0.0351574751537633,0.0317986783394985,0.0330174809442613,0.0437664015063932,0.042883582233018,0.0390414606734541,0.038203428611645,0.0359608661598356,0.0371621623656537,0.0432910797433025,0.0390944663042374,0.037085162214276,0.0034758222499178,0.0034669879038791,0.0066204221196146,0.0,0.0021405999274231,0.0027622673752798,0.0033499805652086,0.002805420160576,0.0061617218465865,0.0023799289029264,0.0031882320718237,0.0037620356752725,0.0045914395796646,0.0038920031573113,0.0069881246663632,0.0017114972131757,0.0026670936859618,0.0028553291698054,0.4307546625610179,0.1907367724531763,0.2747241652903343,0.5055532083413015,0.1957860849878177,0.2446195956210335,0.5109316709729903,0.271038796349921,0.07526242204331,0.1202778848995942,0.0840902376455732,0.2373714716220503,0.1050976049864047,0.082213289592393,0.1202657986837314,0.2148329925631662,0.0868779508550483,0.1129508730280104,0.0816823349104325,0.1358857515706546,0.3936615217882284,0.3663495233921399,0.4971396903276739,0.2910978075124228,0.3205706355476465,0.2589298527115415,0.2555591233149759,0.1151727915268336,0.2361333051627632,0.1748820857918707,0.3320204807332425,0.3161456393075887,0.6762046276082483,0.0438056804155886,0.4114307481297388,0.4397931700276878,0.2426651196739149,0.0298965044801162,0.0152495917807788,0.020203059890429,0.0163317975481138,0.0526568363455872,0.0494962582021543,0.0811932618747501,0.1090325691608633,0.0140665253066236,0.0182352172866968,0.0253628678395365,0.1955301039093067,0.0304960524661428
326713_14_consensus.txt,0.0968339962253006,0.2765334293402501,0.0575182966470757,0.3178689792622915,0.1072010752231662,0.0318153692268463,0.1639243214070171,0.2119242983567861,0.0904381340994167,0.1319262575876711,0.0389987285356863,0.4171440489141256,0.0356793296058945,0.0344124288301106,0.0337417622639568,0.0395901165607286,0.0391015568656918,0.0337366026602508,0.0328284203985358,0.029569464707551,0.0311923751659133,0.042808399842384,0.0413295121373025,0.0377239110986975,0.0362914845070632,0.0344558552442837,0.0358728117438014,0.0420588472410479,0.0370716859701945,0.035584675868213,0.0029506621288639,0.002738591138292,0.0048368104308966,0.0021405999274231,0.0,0.0017590164030965,0.0028692963462511,0.0022104925805646,0.0042351864773122,0.0022604615170465,0.001978435145272,0.0021782820670201,0.0036451037854474,0.0027703560993463,0.0048704811071811,0.001986536576549,0.0017660259299683,0.0019107436663752,0.4343014472934747,0.1925601680631725,0.2770131129828312,0.5079619648889269,0.1981057669157193,0.2479850466355229,0.5143519352973867,0.2748073194137808,0.0776396189265602,0.1238442086929465,0.086726654823761,0.2410739680922837,0.1075037386613741,0.084177470539819,0.1231167497425058,0.2177492423335971,0.0892332475164092,0.1153174538082559,0.0840192038447451,0.1379959847105123,0.3971472971411902,0.3700401667970077,0.5010096789757821,0.2937489842459229,0.3241595744330228,0.2617507659126001,0.2593477583025398,0.116857267378017,0.2388453973154103,0.1777069912997602,0.3358862696177507,0.319340860154746,0.6832223443776977,0.0454567893844171,0.4174897817577623,0.4459498726283737,0.2484340358130872,0.0300516748666179,0.0159593062915712,0.0207097294471783,0.0171870189736926,0.054917813225904,0.0504441257780499,0.0830700431102915,0.1116431274012823,0.014909446895305,0.0186892386848303,0.0249385705695788,0.2017248063002181,0.0330794312301137
326713_15_consensus.txt,0.0939731153996712,0.2741342428231057,0.0569983809737966,0.3150575875324302,0.1054294241173643,0.0319543587354349,0.1621695454975462,0.2095550404918205,0.0890692193575519,0.1300448284361666,0.0386215390748931,0.4139691938858991,0.0348639018100618,0.0336129421297481,0.0331691359549326,0.0398069569566343,0.0389712518047398,0.0333817812686767,0.0318741404381111,0.0289732305409016,0.0307842750394655,0.0431905600953559,0.0412488903361696,0.0378098892009415,0.0360072746691892,0.0340608839792384,0.0358175134072666,0.0422108223703201,0.0368972987035816,0.0352436816421732,0.002803132372021,0.0024464501636733,0.0039323172423983,0.0027622673752798,0.0017590164030965,0.0,0.0027516701248408,0.0020665328353137,0.0034841890547339,0.0026517022824315,0.0019626964902235,0.0018402719900114,0.0032395958084636,0.0023138062790488,0.003867574146974,0.0026451316776494,0.0020754065762496,0.0018006403099173,0.431244830515153,0.1899433064194067,0.2738847132857058,0.5039328762978723,0.196152349119691,0.2459925968771044,0.5105604999474931,0.2721672652107099,0.0769959019997825,0.1228232519069711,0.0857049601539152,0.2383328413960157,0.1061618924461686,0.0828854467478859,0.1215629029996359,0.2151676500473636,0.0879355535624419,0.113466778937723,0.0829939775382264,0.1362755241674946,0.3948449837943393,0.3679758869631646,0.4982791382983791,0.2917172076843899,0.3225099086845935,0.2598824906821324,0.2582082634507019,0.1163711581912929,0.2371071027380784,0.176673955328888,0.3340955603937647,0.3174735729183702,0.6801990880738105,0.044757930175554,0.415712254437822,0.4433956672434442,0.2466429792208551,0.0286890806766813,0.0160885321825441,0.0203218666311029,0.0173451974121139,0.0541930696989272,0.0490775174266921,0.0816229610569427,0.1093979369134681,0.0151655141771627,0.0181379321224692,0.0235847990859898,0.2016248893771397,0.034137795672656
326713_16_consensus.txt,0.0945388978418382,0.2727028994335798,0.0574549625907145,0.3138912117753119,0.1056335907666898,0.0324053207324359,0.1614529060271134,0.208122012425739,0.0888467003643285,0.1289085866114847,0.0395562103394695,0.4115391557467216,0.0413070612660568,0.0397050464643458,0.0397663318989955,0.0472899631873824,0.0464655003933174,0.0399731563504586,0.0380380128280002,0.0349070889687874,0.0369580825334967,0.0507989857126833,0.0486253778258394,0.0447004462067486,0.0425580428694578,0.040394464176793,0.0425006027061876,0.0500954432251301,0.0439642500803119,0.0419489795370218,0.0016307847986318,0.0023548148754395,0.0047313292809736,0.0033499805652086,0.0028692963462511,0.0027516701248408,0.0,0.0018687540715518,0.0041208054223327,0.0027830827573263,0.0032738436904251,0.0029450951334455,0.0018429294083004,0.0023883979752614,0.0048473937865542,0.0032365156282914,0.0036373360540853,0.002496409081039,0.4296231542266548,0.1906311093044665,0.2734533636793763,0.5026376178831358,0.1961955918223941,0.2451846283993477,0.5082240450929927,0.266504104610382,0.071793953842894,0.1171569734415776,0.0803725212622161,0.2321364397566467,0.1012483687414755,0.076479018250458,0.1142875395296947,0.2074969919859279,0.0812896700191387,0.1065941473009788,0.0779910557770513,0.1308348889086952,0.3909338270183848,0.3639696936153012,0.4941087477743888,0.2887831978092103,0.3186304589705679,0.2552306508500841,0.253937839461039,0.1132861157677247,0.233144592237358,0.1734892421301594,0.3299532820047348,0.3145115006098162,0.674528332163967,0.0417534560077736,0.4100720521230228,0.4376145403868579,0.2412685006868073,0.0303295875146467,0.0198188234987437,0.0229541971299953,0.0201030226700584,0.0551623144375028,0.0499633661239116,0.0813802081944485,0.1082614891518485,0.0184701286906472,0.0210784565203407,0.0256333409997191,0.1977958969159807,0.0328122713775513
326713_17_consensus.txt,0.093922474850018,0.27267526369529,0.0569390955287669,0.3138573504191537,0.1052969586138754,0.0318774970784137,0.1612840952353735,0.2080889430235322,0.0887514422386743,0.1291304192060804,0.038884842900396,0.4118256425611353,0.0385641512646977,0.0370687930780357,0.0368397532253217,0.0439814698929268,0.0433258479028717,0.0370518619221389,0.0354208067261527,0.0323980246077377,0.0343413623586172,0.0475374720316956,0.0454602139334436,0.0417492014075264,0.0397631837050154,0.0376220673811555,0.0395362313845373,0.0467028460563412,0.0409013216707405,0.0390260990247348,0.0019579227991091,0.0020765057921821,0.0041667412842079,0.002805420160576,0.0022104925805646,0.0020665328353137,0.0018687540715518,0.0,0.0037682771080005,0.0025224131115191,0.0025447626540886,0.00236133021866,0.0023294090362027,0.0022193935021244,0.0042649323190913,0.002812887536705,0.0026751642324356,0.0019383501695005,0.4295929592431919,0.1897852841195453,0.2731348157123232,0.5025092834210154,0.1955087472170662,0.2447782649191259,0.5085629400858007,0.2686686491875418,0.0738087881913287,0.1194011518127666,0.0823129927875712,0.2347795724656158,0.102983874884396,0.0792005970283327,0.1172740316200835,0.2106033085053944,0.0839813852845212,0.1095270558891146,0.0799892324080371,0.1329403180982273,0.3920509558026852,0.3652260181220477,0.4951924780883416,0.2895925626340911,0.3196780404834971,0.2565178657361304,0.2552059197863725,0.1139498900383539,0.2343156652990483,0.17412878834606,0.3310538322024374,0.3152632001565258,0.6758794919098685,0.0429035047817834,0.4115124257134077,0.4394489961676413,0.2427787652706303,0.029225968859472,0.017764165346997,0.0212755407551918,0.018565254255261,0.0542271086930838,0.0491023586101544,0.0808234227903295,0.1082349565053446,0.0166138796631312,0.0193123587327672,0.0244429185377734,0.1985490030867547,0.032878842299663
326713_18_consensus.txt,0.0934139561975886,0.2746578400796409,0.0586197755431205,0.3153210740550101,0.1050223574603785,0.0348058816945862,0.1628194696236216,0.2096981183572612,0.0898283332084499,0.129972190769485,0.0403939956647549,0.4135390851986926,0.0391069177202734,0.0380991242853037,0.0381711038552081,0.046723764831805,0.0447361768214911,0.0388990800105197,0.0360136434301585,0.0332875413003321,0.0352966250416786,0.0506945701440209,0.0475865718531363,0.0441189462602125,0.0414506562012944,0.0393667157743511,0.0418906097755371,0.049205777180437,0.0424863010816611,0.0405550894507085,0.0042574802645365,0.0036335727678977,0.0036177893354096,0.0061617218465865,0.0042351864773122,0.0034841890547339,0.0041208054223327,0.0037682771080005,0.0,0.005339650328489,0.0038605566311673,0.0032043465779594,0.0040031441263579,0.0032462059726849,0.0033205002805027,0.0059598818322346,0.0043325401991483,0.0034080401709788,0.4333082299612716,0.1918681358636167,0.2751465582420591,0.5042813568911386,0.198775575326378,0.2487020251398526,0.5118979804194508,0.2728422482840571,0.0790285616769992,0.1252088488631875,0.0872537311356511,0.2389611354452725,0.1072271175011057,0.083604316862802,0.122160617597248,0.2150802902612572,0.0887259699007918,0.1136365067244495,0.0844519921449284,0.1366238128780112,0.3964896824330743,0.3706019413768011,0.4999211623526838,0.2938226241942665,0.3248790107252155,0.2614510934589971,0.2611700442328519,0.1187173610968228,0.2387551885047596,0.1791893002483018,0.3364279782227459,0.319808786016555,0.6830253941849858,0.0473612464770125,0.4185511372036625,0.4456630561727541,0.2497143641481329,0.030868750097599,0.0212214616536083,0.0241635375535267,0.0224313054128941,0.0579873260891998,0.0517654061906416,0.0837825782895294,0.1109043728159431,0.0204416274056296,0.02234305558453,0.025324250538512,0.2072883370197278,0.0401025695296857
326713_1_consensus.txt,0.0926844218413922,0.2749709214220512,0.057286373259231,0.3161831261296628,0.1072728557436804,0.0310819753500402,0.1626241062985638,0.2103006247537218,0.0897619929209376,0.1309056194319486,0.039236755640557,0.4148915418358374,0.0367961989472602,0.035147721719893,0.0349973390691138,0.0408324517615188,0.0406892967779795,0.0348712764384702,0.0337716149638929,0.0310336154247528,0.0327563179351404,0.0434523419398384,0.0423306168534409,0.0385919108851613,0.0373437429307683,0.0352644842433491,0.0368137767710505,0.0436221551409055,0.0384148516920497,0.036751224138805,0.0027436907461373,0.0027705246467739,0.0051756751792364,0.0023799289029264,0.0022604615170465,0.0026517022824315,0.0027830827573263,0.0025224131115191,0.005339650328489,0.0,0.0022694164644816,0.0027501896383332,0.0031569172719976,0.002754173382498,0.0054948328564901,0.0019249143120099,0.0026245957098325,0.0023976365210698,0.4298035161346378,0.1893778758783906,0.2734603461098821,0.5043338628213947,0.1949737706197796,0.2438561354345481,0.5099691994503228,0.266774274655325,0.0708907746779585,0.1162229220034731,0.0798737356999268,0.2327893462530434,0.1008046970523208,0.0761911911580659,0.1147844195335725,0.2091371443040701,0.0817134898148985,0.1075940918015279,0.0772214643807354,0.1304327029104497,0.392001497721596,0.3650761042015311,0.4958866633578438,0.2894979190870455,0.3191128794938507,0.2561944412585664,0.2540737507388781,0.1131313999154635,0.2337628009874759,0.1736275713665227,0.33064858840544,0.3149803518001235,0.678145458556032,0.0435940817813254,0.4126328774504415,0.4408189213677493,0.2436348025668664,0.0288666048993917,0.0156491448530031,0.0198364747293799,0.0158345028863911,0.0521672515150175,0.0478041981132237,0.0799304302757857,0.1076379201708332,0.0143599450206775,0.0180976307298399,0.0236417437771123,0.1968557608199619,0.030514197320496
326713_2_consensus.txt,0.0902231745979404,0.2714228122319699,0.0542249162641423,0.3120003077340403,0.1024093179338132,0.0293148419730249,0.158938095173589,0.2062949710751258,0.08603546058111,0.1271042393094505,0.0360997527920341,0.4109530768817571,0.0320634334791378,0.0308545459848179,0.0307045556720932,0.0372391076384381,0.0363957505828071,0.0309251308899414,0.0293665443085107,0.0268702463026393,0.0286495027081885,0.0401821485215476,0.0382690874794064,0.0350097493463819,0.0332478392269735,0.0313910990611967,0.0331668208306288,0.0396724016730436,0.0342397379003163,0.032536942291732,0.0031596657778223,0.0024050472326635,0.0035350184485025,0.0031882320718237,0.001978435145272,0.0019626964902235,0.0032738436904251,0.0025447626540886,0.0038605566311673,0.0022694164644816,0.0,0.0018079592415283,0.00333389606606,0.0023016004239124,0.0032890265749019,0.0026415934881622,0.0019321722438645,0.0018443237823619,0.4273585335588343,0.1862998825996289,0.2704877739323228,0.5002942878885053,0.1922352257371606,0.2418420134912917,0.5071251242521342,0.2673141108828796,0.0733316322812918,0.1187232210052977,0.0818557115491165,0.2337638700680129,0.1022302436626585,0.0788016070714263,0.1172693579551404,0.2104536990307473,0.0842623209582251,0.1094775292772487,0.0792164514800344,0.1316338021046172,0.3905676645715559,0.3642811539251704,0.4944117008383628,0.2876886008321175,0.3183497579977548,0.2559106439261516,0.2542668419721074,0.1128541158981306,0.2329155621483778,0.1732613777456206,0.3302243981300758,0.3133731047942865,0.6785425563155485,0.0441095992938036,0.4137738307373153,0.4418449557785564,0.2453455053066058,0.0273212368081088,0.0149266359261837,0.0188253226687331,0.0158548904024833,0.0518248138505317,0.0467200680974251,0.0792570408412096,0.1068287746646534,0.0140607719459593,0.0169759778362559,0.0218222324788799,0.1990059796775529,0.0328013333876366
326713_3_consensus.txt,0.0934406932823019,0.2721225140818291,0.0541443474502338,0.3128584135536618,0.1021464312985545,0.0292852502653966,0.1594444194473618,0.206934212861146,0.0857014628667425,0.1268632707922803,0.0356438927452016,0.4117438427805773,0.0337910369423353,0.0324928357946046,0.0323328162442715,0.0392763065974062,0.0380612183802577,0.0327242117001072,0.030607747150853,0.0278558355982196,0.0298733037124296,0.0424702094833522,0.0401338718364607,0.0366805256822679,0.0347135056150413,0.0330730542870574,0.0349398752728706,0.0416555908179052,0.0357420769891696,0.0344938755563033,0.0028433147830746,0.0025189257280811,0.0036046113037118,0.0037620356752725,0.0021782820670201,0.0018402719900114,0.0029450951334455,0.00236133021866,0.0032043465779594,0.0027501896383332,0.0018079592415283,0.0,0.0027373356247881,0.0019905694648159,0.0030814391325799,0.0031984782364355,0.0022340191493892,0.0019053010869622,0.4302847613447431,0.1891718206679886,0.2729257969651675,0.5027329316362703,0.1953404306500097,0.2452839552166352,0.5098056516937843,0.2701982412257209,0.0752577785315473,0.1214553541863461,0.0839461904465572,0.2365739002679889,0.1043943506995876,0.0805414625371332,0.1191460569617435,0.2125389022494257,0.0859962915533376,0.1112529902492633,0.0811823293525959,0.1340059533209654,0.3928813524406349,0.3663282976483852,0.496675756107547,0.2895241900580281,0.3208358655727741,0.257802421174139,0.2567604068923721,0.1144446908078755,0.2344775294339527,0.1751677956974227,0.3323065600196981,0.3157162303672693,0.6818106226813336,0.0448450664946387,0.4168022600256655,0.444692637907937,0.2481995427918457,0.0292672628460479,0.0166888006899732,0.0208715851531566,0.0176700423413969,0.0547521127328991,0.0491388749213248,0.0818800070649921,0.1095116318134703,0.0156442190074317,0.0187614487376732,0.023592073463698,0.2024381885168207,0.0339079798641375
326713_4_consensus.txt,0.0912004156955204,0.2691752705013863,0.0550005766769903,0.3098760609164586,0.101895082720806,0.0305223376738057,0.1582016038820919,0.2044858317973599,0.0854589388523603,0.1254370704739953,0.037330086443176,0.4072403644879259,0.0410823885719375,0.0392833849881757,0.039797644241565,0.0480298149151172,0.0467540037069476,0.0401738995577076,0.0375219178385108,0.0348266356992468,0.0370252837109417,0.0514458580408385,0.0487103157023902,0.0448599216738925,0.0424668846397002,0.0403799355427567,0.0427199885096722,0.0508787186976595,0.0439866033638507,0.0421775483136155,0.0018670922195616,0.0025027906043018,0.0041480381642298,0.0045914395796646,0.0036451037854474,0.0032395958084636,0.0018429294083004,0.0023294090362027,0.0040031441263579,0.0031569172719976,0.00333389606606,0.0027373356247881,0.0,0.0022454879242772,0.0040811829938567,0.0041676899438094,0.0042926532895632,0.0027514563179078,0.4260423916417242,0.1876853715310646,0.270197276602433,0.4983877174568647,0.1935999197563251,0.2423930576003989,0.504445469889875,0.2611897708353261,0.0684108475337064,0.1134117531300971,0.0767127517959718,0.2272300645827121,0.0970610619092511,0.0722704335291428,0.1097341051527864,0.2020181161138037,0.0773440032779104,0.1019322369745765,0.0743700023382212,0.1260648606306649,0.3866073442713906,0.3602972983638652,0.4901253553925793,0.285005493418577,0.3148820948718187,0.251342174098383,0.2507232816579474,0.1105379670089634,0.2291908763354442,0.1706046115936548,0.326217445270216,0.3107388966204771,0.6723664265007212,0.0411364487743588,0.4083539531134885,0.4356071248005637,0.2398923987292329,0.0299121535287376,0.0208350941791932,0.0232582635985121,0.020471948946624,0.0546312976743639,0.048840079157677,0.0800197762400536,0.1062241267998498,0.0193939830506577,0.0214365564747405,0.0247078614145932,0.1970348617595227,0.0331837401813448
326713_5_consensus.txt,0.0891811408423413,0.270728731863179,0.0550667136924341,0.3114279293270412,0.1027974969529283,0.030279961247337,0.1589638838769156,0.2058500567461534,0.0861521903932356,0.1266635068207113,0.037007894458708,0.4096944710964632,0.036491409426862,0.034944792013265,0.0352194942081691,0.0431399887202301,0.0419528206269532,0.03579514113851,0.0333374250260076,0.0307827774556788,0.0330763201980248,0.0464747936871052,0.0440564582485825,0.0402602582287521,0.0381656403292707,0.0361743007940296,0.0382594615041718,0.0457641690385433,0.0394177689187609,0.0374223479594872,0.0023625021863598,0.0019408269877079,0.0032171053892353,0.0038920031573113,0.0027703560993463,0.0023138062790488,0.0023883979752614,0.0022193935021244,0.0032462059726849,0.002754173382498,0.0023016004239124,0.0019905694648159,0.0022454879242772,0.0,0.0030984095870536,0.0035998276988422,0.0030326579885207,0.0020687996262767,0.4275520758792925,0.1872219140213582,0.2707579637489479,0.4998971193762269,0.1936645296907713,0.2427200341931303,0.5064182446700736,0.2650647436872475,0.0714124490520031,0.1165681606234994,0.0796119286252885,0.2312118264592824,0.1000052185597031,0.0760285009409464,0.1139685026860304,0.2069059624228169,0.0812093065911812,0.1061818219918233,0.0773465543381268,0.12930914661717,0.3895150400748584,0.3628965806126505,0.4930365500275426,0.2868177050544647,0.3174017235139299,0.2541077339792892,0.2532274590312138,0.1119571532444414,0.2311999416199821,0.1722707356376025,0.3288132085977935,0.3127380951900873,0.6763104941804938,0.0429861971564635,0.4119314307878863,0.439544912166407,0.2432971429559316,0.0274909237626639,0.0173542454111661,0.0201557828964329,0.0178405734432089,0.0526069283927874,0.0470207537816795,0.078909528534119,0.1055474372818423,0.016342709908784,0.0184505131971128,0.022345599876326,0.1987089791130412,0.033251500157907
326713_6_consensus.txt,0.0824475525350747,0.263506922599535,0.0521931441207463,0.3034381157346786,0.0967364707127851,0.0299686463770427,0.1530870908574346,0.1983862695780676,0.0817543605141715,0.1210010373134702,0.0350978846144096,0.400590535085314,0.0327719729512097,0.0316986916553378,0.0322758507626792,0.0414558319308344,0.0393655310899498,0.0333033190516349,0.0300900094789238,0.0282951416941159,0.0305066720970943,0.0448771720893468,0.0417138796263021,0.0386411767906444,0.0356105701832429,0.0336896330156264,0.0363132414050832,0.0438707577248855,0.0370339700300341,0.0346587036347116,0.0045831648352026,0.0033369440349915,0.0024194865198969,0.0069881246663632,0.0048704811071811,0.003867574146974,0.0048473937865542,0.0042649323190913,0.0033205002805027,0.0054948328564901,0.0032890265749019,0.0030814391325799,0.0040811829938567,0.0030984095870536,0.0,0.0065327712157827,0.0045412686268253,0.0033844626567818,0.4179224380464976,0.1791538655574456,0.2617665245001124,0.4886035093151966,0.1858550796818781,0.2348007265563909,0.4965515127698046,0.2579559978151406,0.0701149261857976,0.1142682317485181,0.077446952311635,0.2245458173575318,0.0970229193345684,0.0743628452844165,0.1110256461529006,0.2008716908500174,0.0794912131885308,0.102967352564657,0.0750213686745784,0.1249647959157362,0.3813619246835751,0.3560308696908745,0.4845598432425122,0.2792808089639482,0.3106579009900843,0.2481660673268368,0.2480142535236345,0.1089113026614274,0.2250499697566583,0.1679801581259248,0.3224112262933261,0.3056968276065293,0.6707869438485146,0.0434294710736793,0.4082534573877598,0.4351439285337397,0.240877068189949,0.0251623622573413,0.0178673298563127,0.0193167839828571,0.0185541595921172,0.0503711025646076,0.043681647311323,0.0754133515639861,0.1006997468452519,0.0173385831335952,0.0180888585118035,0.0198395395560639,0.1972863879068285,0.0367287084933094
326713_7_consensus.txt,0.0978513133560898,0.2766671176016997,0.058410109574754,0.3178286234040293,0.1092572567532625,0.0321502959298847,0.1645065005858415,0.2122384076185701,0.0914668647180745,0.1332550910241625,0.0401712781943057,0.4169414496567629,0.036029411813069,0.0345400161726257,0.0339044777340733,0.0387518531819814,0.0390630321523763,0.0336314700322519,0.0334160602254156,0.0302918910557696,0.0314701142410029,0.0416869999239635,0.0407504356181105,0.0370293750748675,0.0362294214166629,0.0341925611869484,0.0353534419383052,0.0415034236783258,0.0370624791407552,0.0354232456074807,0.0032907925115601,0.0034244241989629,0.00636991626929,0.0017114972131757,0.001986536576549,0.0026451316776494,0.0032365156282914,0.002812887536705,0.0059598818322346,0.0019249143120099,0.0026415934881622,0.0031984782364355,0.0041676899438094,0.0035998276988422,0.0065327712157827,0.0,0.0024634445950084,0.0027251766562645,0.4317939728656315,0.191007433080971,0.2754916807050502,0.5067029166069847,0.1961016115835949,0.2454547205099118,0.5120102524116943,0.2717963911150107,0.07525501940842,0.1206557663796896,0.0842196195753279,0.2381304855973569,0.1056461386154277,0.0818354518265183,0.1202912013108932,0.2150023680373634,0.086859115478699,0.1130695411981594,0.0816905733347939,0.1358482321266469,0.3947141732014678,0.3674557007940731,0.4982868568572085,0.291790839400643,0.3217817578349677,0.2597943122247201,0.2564888728172096,0.1154586378930808,0.2366328800105641,0.1758557373484732,0.3331240787568763,0.3170711690510703,0.679535801393607,0.044527250394541,0.4143470156490618,0.4428864541420036,0.2454064895949619,0.0305500223175307,0.0150824145726398,0.0204119954308525,0.0161177566712638,0.0535748314661033,0.0499237248588082,0.0822696365996167,0.1103085256843972,0.0137939260198489,0.0182414773884351,0.0252338097399356,0.1976911524784128,0.0304666920415437
326713_8_consensus.txt,0.0962215248340356,0.2766955156658151,0.0564465609642663,0.318026330448153,0.1062024883495365,0.0307016575899021,0.1629562261528674,0.2110390927720979,0.0894720355590443,0.1306978126210438,0.0377448941033922,0.4168621090413635,0.0316986096981413,0.0304966004038034,0.0298361839611169,0.0353166762175236,0.0346592896126169,0.0298768733958034,0.0289708065698075,0.0261067404767336,0.0274952236490815,0.0383697974129972,0.0368089983382544,0.0334820267002058,0.0321798343416883,0.0304277291987977,0.0317508353162248,0.0376169434159123,0.0329240145285885,0.0314559526922,0.0036739863839851,0.0032121905883402,0.0047089292465871,0.0026670936859618,0.0017660259299683,0.0020754065762496,0.0036373360540853,0.0026751642324356,0.0043325401991483,0.0026245957098325,0.0019321722438645,0.0022340191493892,0.0042926532895632,0.0030326579885207,0.0045412686268253,0.0024634445950084,0.0,0.0020313295289948,0.4340678689361157,0.1916401909190579,0.2762818888051299,0.507368648576306,0.1973287521101108,0.2474585556349664,0.5142928544898986,0.2762522884428522,0.0792953651993162,0.1259421825236444,0.0880349379332168,0.2426288589706846,0.1093375076457592,0.0856622788381749,0.1249646557471599,0.2192813640586921,0.0911546512067023,0.1172483553292957,0.0853219370307885,0.1394511291676607,0.3976166450759999,0.3708016887762166,0.5016769967085271,0.2938939861521152,0.3252187067778411,0.262557111082434,0.2604324304592476,0.1173316415802547,0.2390307459445981,0.1781945992090259,0.3367528971992115,0.3201375255267162,0.6854333494176492,0.0466151932759508,0.4196465239241558,0.4481970299167317,0.2508859434152652,0.0301725925049662,0.0149278954837663,0.0202437130784742,0.0165747892736174,0.0550615995056116,0.0505189065667996,0.0835671921044998,0.1123705944615016,0.014065579275889,0.0182796727799718,0.0244243244318793,0.203384269046257,0.0341414935811466
326713_9_consensus.txt,0.090386346484804,0.2696184904222916,0.0542614374979999,0.3105442588648444,0.1020634684886996,0.0298654002818192,0.158127105755228,0.2050937136931105,0.0858713786431843,0.1262760191657825,0.0364907535264817,0.4085082682605776,0.0346185883052028,0.0333670631623705,0.033270551865681,0.0403068005858608,0.0393514187637018,0.0334196191598392,0.0318423998542911,0.0291898924092466,0.0310135851658053,0.043572033262782,0.0415655364160727,0.0380533235413711,0.0361234161378503,0.0340477594677786,0.0359240354196357,0.0429122033671349,0.0372074449457011,0.0352099667704308,0.0024534603776693,0.002024757893122,0.0033656994904829,0.0028553291698054,0.0019107436663752,0.0018006403099173,0.002496409081039,0.0019383501695005,0.0034080401709788,0.0023976365210698,0.0018443237823619,0.0019053010869622,0.0027514563179078,0.0020687996262767,0.0033844626567818,0.0027251766562645,0.0020313295289948,0.0,0.4257161753975884,0.1859503106634488,0.2693327957367994,0.4984405795339421,0.1917678436490559,0.2411131172343479,0.5049786664022848,0.2656590994312351,0.0720472592081149,0.1173887001480658,0.080686813554017,0.2319983209730907,0.1008702651275692,0.0777798385725336,0.1156711232596796,0.2085604700374812,0.0827757694097037,0.1080164673904207,0.0780277477178916,0.1303669482406473,0.3883284148923014,0.3619876718417929,0.4917207385303275,0.2858376001609448,0.3162721031503839,0.2538674563133831,0.2523189317408993,0.1117131558756918,0.2311225805040306,0.1716166291741752,0.3279292351222125,0.311676244504171,0.6744807269837958,0.0426325658831832,0.4102693078350103,0.4381337929925903,0.2422180437976031,0.0274371825869241,0.0160357080806052,0.0195842702378596,0.0168578112276467,0.0518306557322745,0.0469558072751716,0.0785763023370051,0.1060798776747793,0.015203781833863,0.0178074045052358,0.0224114764635121,0.1967397087208215,0.0323037834157649
326737_1_consensus.txt,0.2632259810132096,0.0363477668920015,0.2393458668256336,0.0282796961002524,0.1636375129301459,0.3293746834272859,0.0945650319885933,0.0655901321098575,0.1807909140676136,0.1292974231276877,0.3059032338361103,0.0203153869370176,0.4048999003227393,0.403171779379182,0.4098718413213138,0.4269103255665234,0.426369647387447,0.412106479914728,0.4092031622478744,0.4186292759321954,0.4184165370944104,0.4309561497186118,0.4248573556470383,0.4256233644926031,0.4197930973559405,0.4148041445233197,0.4196499374197087,0.431791823361066,0.4247524316486579,0.4113219418366203,0.4252379071728374,0.4205415736916089,0.4161867681015891,0.4307546625610179,0.4343014472934747,0.431244830515153,0.4296231542266548,0.4295929592431919,0.4333082299612716,0.4298035161346378,0.4273585335588343,0.4302847613447431,0.4260423916417242,0.4275520758792925,0.4179224380464976,0.4317939728656315,0.4340678689361157,0.4257161753975884,0.0,0.0675204002936222,0.0279291904923528,0.0128716881911357,0.0676317585918955,0.0436051986221324,0.0109911508005167,0.0609546269210197,0.2523770032482844,0.188090055811676,0.2378295593900281,0.0833107344636658,0.2048816369617778,0.2455322214637352,0.1884379618413856,0.0981367148503959,0.2390878511004324,0.2010117295624898,0.2318886315901451,0.1613458294293366,0.01791451875778,0.0215188153592817,0.0183719167051084,0.0400532126614496,0.0312853411548896,0.0479699714904473,0.0500999800374026,0.1503482658928394,0.0603427650795147,0.0882711475137041,0.0268607136251208,0.0299664399778603,0.0689209402037249,0.2562054079203468,0.0311942001367446,0.032775180396988,0.0590157240302673,0.3529301898342147,0.407676969435812,0.385498398465689,0.3966631965474629,0.2462511410482539,0.2577907882632395,0.1823754258968284,0.1569127307612756,0.4129576656261573,0.3889036762968825,0.3768111791795734,0.088701521799174,0.3831890150795018
326737_2_consensus.txt,0.09319771117962,0.0328408493316167,0.0761190559567888,0.0451368925789283,0.0450576369305064,0.1262003301427512,0.0241633462041681,0.0238166022711796,0.0502540220624183,0.0347634748896599,0.112201239134313,0.0817825521130357,0.1689332410466368,0.1682292175038133,0.1727483976754271,0.1865785875595138,0.1859355046301658,0.174548865718453,0.172157949510014,0.1791921800978428,0.1792444030075906,0.1900188314189472,0.1850705108058106,0.1849791945606247,0.1807264386891969,0.1762084033827085,0.1805490884906051,0.1904223505360489,0.1842982560835011,0.1739217769027092,0.1867542895882499,0.182520133038019,0.1782136687295796,0.1907367724531763,0.1925601680631725,0.1899433064194067,0.1906311093044665,0.1897852841195453,0.1918681358636167,0.1893778758783906,0.1862998825996289,0.1891718206679886,0.1876853715310646,0.1872219140213582,0.1791538655574456,0.191007433080971,0.1916401909190579,0.1859503106634488,0.0675204002936222,0.0,0.0163824327177319,0.1059623417052,0.0062820823179556,0.0099083057317592,0.106820832177326,0.0336726853455697,0.0842222116468738,0.0564885669950445,0.0756277634418083,0.0336167496232509,0.0620709787883893,0.0826974361349819,0.0575682878430612,0.036458199307745,0.0792397785510559,0.0621954988882009,0.0726842472555606,0.0452392607916394,0.0611284538265337,0.0536212698334921,0.1070691940648513,0.030803652957374,0.0395868936966268,0.0269685411564406,0.0258926976655091,0.035506424717413,0.0229657920682448,0.0199707226631353,0.0425580354802948,0.0361308105157904,0.2281904855077776,0.0868255974587501,0.0942985452514015,0.1063795523863131,0.0384976282036504,0.1353616436807003,0.1714377955540715,0.1553928036450935,0.1638686070757602,0.0732567207013517,0.0788694497594546,0.0447848057518918,0.0358745426771989,0.1754627510357522,0.1582355288033552,0.1494873939885277,0.0307110130727998,0.1620150961127775
326737_3_consensus.txt,0.1479319800407097,0.0194786263813542,0.1291119015032622,0.0238676448268151,0.0782429699322175,0.1961349677202788,0.038279717090436,0.0263365537515918,0.0892600822041425,0.0582198045325146,0.1775421598405726,0.0422299668112202,0.2514754757715138,0.2506070331558856,0.2560346881270332,0.2719471019634909,0.2706896757290336,0.2582743228333237,0.2550962033338262,0.2631718009472168,0.2629288297618295,0.2758379091643732,0.2699794041257419,0.2702691196641567,0.2651092222082614,0.2602731137974565,0.265113985829756,0.2761487399594289,0.2691848013522859,0.2575407090247452,0.2696661589564968,0.2652760649179182,0.2603881199075619,0.2747241652903343,0.2770131129828312,0.2738847132857058,0.2734533636793763,0.2731348157123232,0.2751465582420591,0.2734603461098821,0.2704877739323228,0.2729257969651675,0.270197276602433,0.2707579637489479,0.2617665245001124,0.2754916807050502,0.2762818888051299,0.2693327957367994,0.0279291904923528,0.0163824327177319,0.0,0.0531854416135413,0.0173230772194754,0.0099707858122046,0.0533988523522781,0.0312629881907859,0.1397515118745325,0.0975848788730493,0.1287367037746314,0.0403353279569476,0.1066351609179303,0.1358558398585447,0.0974371912785265,0.0476749679696739,0.1309289428567268,0.1049043584792412,0.1243178597324572,0.0788486024116759,0.0298015411827181,0.0277840297009008,0.057157345933108,0.021501436639947,0.0230892105452724,0.021778308701684,0.0229086901959236,0.0693961865748296,0.0249874523968642,0.0348644192549754,0.0232915796104737,0.0202254036942735,0.1502680119395654,0.1422219386165357,0.0554376782657861,0.0623003798729184,0.0329330006462429,0.2099026393066978,0.2550044224354684,0.2362755452829343,0.2463952714854098,0.13088670422397,0.138647060398009,0.08667767834444,0.0713831462678848,0.2597122522458868,0.2391146266719896,0.2285357381307271,0.0423392339070485,0.2406428056080631
326737_4_consensus.txt,0.322232338332868,0.0554916616835745,0.2964222704230765,0.0415777067328386,0.2080452208518428,0.3960671159322153,0.1295465981258168,0.093674834272055,0.2295612077990307,0.1685455138798666,0.3693738757901093,0.0213325263795862,0.4787121283251139,0.4770434751888679,0.4841548326148981,0.5035816469309564,0.5016111003384864,0.4870713860984459,0.4826716392348897,0.4928499493129976,0.4925078364136297,0.5080234237015562,0.5005630350928207,0.5015243735097705,0.4945460172278126,0.4899646791963032,0.4952419805772869,0.5082905015731018,0.4995108203683358,0.4860899541994623,0.4982300674471247,0.4932602511290751,0.4872535733956873,0.5055532083413015,0.5079619648889269,0.5039328762978723,0.5026376178831358,0.5025092834210154,0.5042813568911386,0.5043338628213947,0.5002942878885053,0.5027329316362703,0.4983877174568647,0.4998971193762269,0.4886035093151966,0.5067029166069847,0.507368648576306,0.4984405795339421,0.0128716881911357,0.1059623417052,0.0531854416135413,0.0,0.1077777639053145,0.0781810344960511,0.0081263658610879,0.0949316304801488,0.3197867744411979,0.2486678319261566,0.3029895477589619,0.1231283848664279,0.2654574604710573,0.3099996466865766,0.2472789113214846,0.1395482454590837,0.3040188400151455,0.2610347072308663,0.295814397429285,0.2156027506524562,0.0317447326536362,0.0383921663035788,0.0197728321303598,0.0673675264258237,0.0555705770767147,0.0777153954773108,0.0829126842352385,0.2023592804622751,0.0946043281423829,0.1294036716674487,0.0487456986758454,0.0535235701901211,0.0493687870529626,0.3182535251939233,0.0384352234100129,0.0366748275112875,0.0886995433523667,0.4240986259084183,0.4845832819003171,0.4606270619995385,0.4731439052683237,0.3115302689153116,0.3227022455434305,0.2380749778665363,0.2100252550301355,0.4902111260225643,0.4640990620517975,0.4501314177110931,0.1323057599743951,0.4608350492187227
326737_7_consensus.txt,0.0995944718048802,0.0344508379946306,0.0791164804692226,0.0475384677253316,0.048235629392284,0.1297059115247352,0.026284623165484,0.0256369357642736,0.0529783575492519,0.0374522069582905,0.1154873721805991,0.084415289104422,0.1720898068674685,0.1713286284988591,0.1760573717593683,0.1888845288426868,0.1887765455015762,0.177472104388487,0.1759882228901501,0.1828424296915241,0.1824830699264863,0.1922332190457814,0.1875868160338774,0.1877553180518756,0.1836836427950334,0.1791696446417789,0.1831421249914617,0.1929306754040114,0.187283866509369,0.1769275342475893,0.1925119343423595,0.1884555333639266,0.1851175235178459,0.1957860849878177,0.1981057669157193,0.196152349119691,0.1961955918223941,0.1955087472170662,0.198775575326378,0.1949737706197796,0.1922352257371606,0.1953404306500097,0.1935999197563251,0.1936645296907713,0.1858550796818781,0.1961016115835949,0.1973287521101108,0.1917678436490559,0.0676317585918955,0.0062820823179556,0.0173230772194754,0.1077777639053145,0.0,0.0089909082432617,0.1074967441653065,0.0342795657382373,0.0859590887633263,0.0579012220931494,0.0776333019243455,0.0341745870503897,0.0637130677892479,0.08607197968918,0.0593580115501692,0.0377972462926354,0.0817949258337771,0.0642402646870605,0.0749947854499071,0.0475210001189339,0.0603439201892799,0.0535675396942547,0.1064301792515278,0.0299366717234299,0.0385729258942486,0.0274852542134542,0.0255362655419562,0.0366050353135491,0.0230062631363443,0.021126078593924,0.0425400337682591,0.035977210948082,0.2319209392924728,0.091223945882489,0.0979920383206165,0.110104969648038,0.0413680465168706,0.1403145984099909,0.1763397218452276,0.1604112825773995,0.1691231351926667,0.0772912174960431,0.0831691960742819,0.0486829234598849,0.0396476623454296,0.1804908881423346,0.1631734980367918,0.1554528497572755,0.0302058172979649,0.1645992547287056
326737_8_consensus.txt,0.1285499797742009,0.0273931471873325,0.11016312926691,0.0359942533339294,0.0690677969813222,0.17047138783684,0.035409077471324,0.0272578283351716,0.0765743540354151,0.0529358576587331,0.1544410267900007,0.0632174396834113,0.2225298168767766,0.2211945020815307,0.2262803713767613,0.2405246948399035,0.2406066051888906,0.2281465810512539,0.2266648819561769,0.2343806713535396,0.2340829411864318,0.2439420651397545,0.2393678365492055,0.2393857316608976,0.2351874840745482,0.230137347536778,0.234354266283554,0.2449961335402122,0.2393276773405945,0.2274005897397613,0.2409268494157297,0.2366988099065041,0.2332603980544778,0.2446195956210335,0.2479850466355229,0.2459925968771044,0.2451846283993477,0.2447782649191259,0.2487020251398526,0.2438561354345481,0.2418420134912917,0.2452839552166352,0.2423930576003989,0.2427200341931303,0.2348007265563909,0.2454547205099118,0.2474585556349664,0.2411131172343479,0.0436051986221324,0.0099083057317592,0.0099707858122046,0.0781810344960511,0.0089909082432617,0.0,0.0768312512859745,0.0258637715148362,0.1117787303141586,0.0732657705920329,0.1011648395747339,0.0308864454416619,0.0825994742202675,0.1106277070740722,0.0753686365261883,0.0380197420732146,0.1054699717747906,0.082467841195255,0.0987736963163969,0.0601441526590385,0.0384381733885419,0.0336215618060116,0.0754448863620167,0.0198469990622651,0.0233356189402531,0.0200650741159016,0.0177071072658279,0.0511347387081748,0.0184712208461137,0.0242222878810212,0.0260516021196091,0.0216848932822371,0.1860968311469815,0.1214524477381084,0.0727925418680106,0.0822680592596398,0.0341877956995304,0.1810741314880326,0.2235669211959887,0.2053065881541114,0.21445030290195,0.1052382225486114,0.1134052436555759,0.0689898011209564,0.0545781726002063,0.227644650521456,0.2084157695915882,0.1992559855525462,0.0295540578274202,0.2064552134899928
326737_9_consensus.txt,0.3298726316041609,0.0569809928948359,0.3023613393071409,0.0430102471672082,0.2142472477198378,0.4027912706055243,0.1336317605601387,0.096607371937071,0.2349865287064574,0.1738873030587893,0.3763398263782367,0.0225912263227892,0.4878190586644075,0.4860763341140046,0.4932110772160598,0.5120444133564579,0.5110465272197127,0.4961114891128835,0.4920756185117145,0.5022208270567301,0.5018387684077226,0.5165357360758129,0.509669047688206,0.5103816450672714,0.5038302578448617,0.4987585686156048,0.5039336891424728,0.5172151041535971,0.5090267091213789,0.4950650792970004,0.5037900535250053,0.4991339283738663,0.4946412467249264,0.5109316709729903,0.5143519352973867,0.5105604999474931,0.5082240450929927,0.5085629400858007,0.5118979804194508,0.5099691994503228,0.5071251242521342,0.5098056516937843,0.504445469889875,0.5064182446700736,0.4965515127698046,0.5120102524116943,0.5142928544898986,0.5049786664022848,0.0109911508005167,0.106820832177326,0.0533988523522781,0.0081263658610879,0.1074967441653065,0.0768312512859745,0.0,0.0921559807470604,0.3199844230129045,0.2468310283567838,0.3033099996199366,0.120422273015901,0.265485923574321,0.3107582408361473,0.24614946912018,0.1375190878864982,0.3039159996477121,0.2604578122092444,0.2964837165948584,0.2149548409394546,0.0290243154202771,0.0352043777725574,0.0163787368479662,0.0656746034194313,0.0526417157204157,0.0761748533266839,0.080357127355489,0.2031363228606491,0.0935857923964027,0.1288315601924896,0.0454786077647924,0.0509946163769825,0.044165639010802,0.3203071619227993,0.0343857399551055,0.0324851405472763,0.0854440085300227,0.4304969731531809,0.4904600727284576,0.466600921158343,0.4785932661794776,0.3143294600069595,0.3263267772123157,0.2402474186260725,0.2114901054635405,0.495912086725589,0.470188236516444,0.4564328973577183,0.1282482686372459,0.4630863447154008
326780_11_consensus.txt,0.1288129956825239,0.0405321463373322,0.1305157671676244,0.0476649565723787,0.0865202290155524,0.1905279775200883,0.0521945778438084,0.0423770316799005,0.0939165449332914,0.0694272907649047,0.1765811264826515,0.0728339001927871,0.2689114299394823,0.2657054513903052,0.2740697344049998,0.2946440499928098,0.293352434802042,0.2761650759732159,0.2711970778909176,0.2804627265750365,0.2824872126076956,0.2980576148029623,0.2915674100171435,0.2906274236837838,0.284405623771069,0.2781737095226635,0.2842316495484303,0.3007802813509794,0.2901472760419477,0.2759534884625596,0.2622451085984796,0.258530296014495,0.2547811590751401,0.271038796349921,0.2748073194137808,0.2721672652107099,0.266504104610382,0.2686686491875418,0.2728422482840571,0.266774274655325,0.2673141108828796,0.2701982412257209,0.2611897708353261,0.2650647436872475,0.2579559978151406,0.2717963911150107,0.2762522884428522,0.2656590994312351,0.0609546269210197,0.0336726853455697,0.0312629881907859,0.0949316304801488,0.0342795657382373,0.0258637715148362,0.0921559807470604,0.0,0.0947378588198857,0.0523247326346334,0.084995189145248,0.0076950755704361,0.0639223158072717,0.0893430239028347,0.0529102397704077,0.013478207833689,0.0849252981718704,0.0602754829052107,0.0822414389564869,0.0389714425359741,0.0372008003583008,0.0329485640802564,0.0731824173956336,0.0215781990448897,0.0213018344776543,0.0167536938001955,0.0168085522841661,0.0551430036286513,0.0188154354701026,0.0276274228447892,0.0255542612525436,0.0236161416716518,0.1835785759716657,0.1325912916475795,0.0722302543638502,0.0782916611135249,0.0328932942139692,0.1977487423704724,0.2550080627743156,0.2287305983292027,0.23992040465121,0.1212759682914192,0.1282237987761529,0.0812908114018968,0.0612033394104436,0.2584722578222669,0.2330717602948349,0.2168887171908453,0.0314485992297255,0.2162555735458919
326780_13_consensus.txt,0.0445576995967469,0.146414159554812,0.0397506336595903,0.1775323977137892,0.0546978695737907,0.045929707906084,0.0775053472717539,0.103824546787866,0.0459014472399967,0.0646532439948348,0.046686933644672,0.2525706804021732,0.0927841159388327,0.0896040681006731,0.0952031782527482,0.1104163527821793,0.1093060248740709,0.0958397889611042,0.0923054641096463,0.096043533301918,0.0994097976457721,0.1127363875539533,0.1087033079321733,0.1058788779640327,0.1017666589878656,0.0969521747924195,0.1014437584203973,0.1154203044356938,0.1060583652955706,0.0970692892855575,0.0692004860875616,0.067623848063425,0.0677019076277982,0.07526242204331,0.0776396189265602,0.0769959019997825,0.071793953842894,0.0738087881913287,0.0790285616769992,0.0708907746779585,0.0733316322812918,0.0752577785315473,0.0684108475337064,0.0714124490520031,0.0701149261857976,0.07525501940842,0.0792953651993162,0.0720472592081149,0.2523770032482844,0.0842222116468738,0.1397515118745325,0.3197867744411979,0.0859590887633263,0.1117787303141586,0.3199844230129045,0.0947378588198857,0.0,0.0113469678840392,0.004539317109911,0.0718321460151152,0.0088490706755202,0.0045870623590298,0.0115024805807157,0.0588086431319645,0.005019738850021,0.0103172901997474,0.0038763315076666,0.0189228260138154,0.2050921773156773,0.1864016645695718,0.2896496443815097,0.129975494736902,0.1483955968820316,0.1069027815419101,0.1035244888045072,0.0297324657010094,0.0919587875220244,0.0605199332033503,0.1595858117473083,0.1488576240126962,0.4671039969599428,0.0319224624328553,0.2481972521191435,0.2678495727356385,0.1164615297374807,0.0445311760576743,0.0704976172570948,0.0560742097488979,0.0605095679032761,0.0261117712699734,0.0269037894277435,0.0301395809093865,0.0346712930211632,0.0715335566480499,0.0580862722929804,0.0504800055138341,0.0733977000916272,0.0450790888646466
326780_14_consensus.txt,0.0531589851254317,0.107621611162938,0.0559387343139441,0.1326637985473668,0.0551241134026003,0.0769815394404282,0.0613687026785783,0.0779395167364338,0.0499950575878518,0.0575909998020911,0.0740696025348111,0.194954672063691,0.1331978473399697,0.1300386792516841,0.136494945422239,0.1533130629196124,0.1528934584372629,0.1374953323155594,0.1340599966372933,0.1395419906087065,0.1425769442922444,0.1559588177470985,0.1514953624430521,0.1489850566061248,0.1446091841532748,0.1390146040833642,0.143860914464116,0.1588079078697291,0.1494548821389374,0.1381566264161575,0.113888889464226,0.1115631655552809,0.1110159482837547,0.1202778848995942,0.1238442086929465,0.1228232519069711,0.1171569734415776,0.1194011518127666,0.1252088488631875,0.1162229220034731,0.1187232210052977,0.1214553541863461,0.1134117531300971,0.1165681606234994,0.1142682317485181,0.1206557663796896,0.1259421825236444,0.1173887001480658,0.188090055811676,0.0564885669950445,0.0975848788730493,0.2486678319261566,0.0579012220931494,0.0732657705920329,0.2468310283567838,0.0523247326346334,0.0113469678840392,0.0,0.0092296437204586,0.0359292767066143,0.0069445643737351,0.011792955097313,0.005068367622929,0.0291498499129927,0.0098830227313913,0.0065159109456081,0.0090125909260123,0.007043523841645,0.1453003205738099,0.1301489606510086,0.2178575602835621,0.0854460806935817,0.0984845827887488,0.0675101906920048,0.0637952350602022,0.0221885866621143,0.0570693322141817,0.0366461579742756,0.10798587179762,0.0995671770165813,0.3787764369889244,0.0474634805069165,0.187411458999847,0.2034631444343562,0.0784883150909152,0.0742209722977218,0.1112139970078684,0.0921212760879361,0.0989710227012885,0.0378338969416995,0.0408966197527274,0.0300900646772825,0.026623877253173,0.1129789686010864,0.0951745721579495,0.0849715481700705,0.0446965544926225,0.079472595707819
326780_15_consensus.txt,0.0428746456939199,0.1380396020048397,0.0428374986018482,0.1678160027363073,0.0539327687694228,0.0522782438194155,0.0736306988141972,0.0974252346719506,0.0458175303711163,0.0620391383032661,0.0520076105772711,0.2399526264798837,0.0984910781396211,0.0954850156636073,0.1011256678090344,0.1171666196864045,0.1161581929506336,0.1023158323751012,0.0986064374754427,0.1027913513174638,0.106096263874087,0.1197270911642709,0.1153563840739364,0.1124176124656894,0.1082561436628051,0.103185065758951,0.107814918565908,0.1221488640020398,0.1125623756891824,0.1030951267847344,0.0774839944186149,0.0757391915255336,0.0749285864077276,0.0840902376455732,0.086726654823761,0.0857049601539152,0.0803725212622161,0.0823129927875712,0.0872537311356511,0.0798737356999268,0.0818557115491165,0.0839461904465572,0.0767127517959718,0.0796119286252885,0.077446952311635,0.0842196195753279,0.0880349379332168,0.080686813554017,0.2378295593900281,0.0756277634418083,0.1287367037746314,0.3029895477589619,0.0776333019243455,0.1011648395747339,0.3033099996199366,0.084995189145248,0.004539317109911,0.0092296437204586,0.0,0.0633492113313831,0.008060497542754,0.0056327295697267,0.0091223658337629,0.0510055989188016,0.0051771982050761,0.0083374655586059,0.0042927115127131,0.0154392449375686,0.1922600711339939,0.1744449349394594,0.2750481634152528,0.1200440475433763,0.138135255402954,0.0980449960024572,0.0950730839153957,0.0277348485261104,0.0836437485447545,0.0547120808105692,0.1486860151094919,0.1383288023991866,0.4491369410778318,0.0334641271137066,0.2356928124809929,0.2547524216839445,0.107761671675246,0.0492509054683614,0.0783303960132091,0.0622375197808393,0.0682063271900519,0.0277009086034514,0.02820543130401,0.0289424297927682,0.0313154616288064,0.0795197593080416,0.0648062481485967,0.0560661004303266,0.0679358196871309,0.0531981995466015
326780_16_consensus.txt,0.105559909829866,0.0507190126328778,0.1118952590780404,0.0622815906185856,0.0762785704994488,0.1644887294508272,0.0502026744169654,0.0450588325774248,0.0812408122260377,0.0622250237167305,0.1522800131487773,0.0949321067716804,0.2371245314469012,0.2338817658731367,0.2424005182807791,0.2628608379709742,0.2614181555254609,0.2442459321742358,0.2392236364278206,0.2478028685098197,0.250238177852065,0.2662619380449058,0.2598750938178362,0.2587258006167374,0.2524217539141453,0.2463736328234533,0.252418178770263,0.2686739848310564,0.2581700945631517,0.2442980114775963,0.2282276153095885,0.2249606327220297,0.2212229239866063,0.2373714716220503,0.2410739680922837,0.2383328413960157,0.2321364397566467,0.2347795724656158,0.2389611354452725,0.2327893462530434,0.2337638700680129,0.2365739002679889,0.2272300645827121,0.2312118264592824,0.2245458173575318,0.2381304855973569,0.2426288589706846,0.2319983209730907,0.0833107344636658,0.0336167496232509,0.0403353279569476,0.1231283848664279,0.0341745870503897,0.0308864454416619,0.120422273015901,0.0076950755704361,0.0718321460151152,0.0359292767066143,0.0633492113313831,0.0,0.0463132174886338,0.0669016665932913,0.0359715867097314,0.0090514929501797,0.0628740994402736,0.0420234548052009,0.0610095305919635,0.0258997915617307,0.0549309691513961,0.0483983903634808,0.0992502800911125,0.029553693499694,0.0323981231770034,0.0215356264930379,0.0215043046112706,0.0438368886184248,0.0216327870990511,0.0247363298497917,0.0378128641292114,0.0350887781945257,0.2227107442928604,0.1106246834156738,0.0931964922767516,0.1009171433687177,0.0376011315374693,0.1669272297130799,0.2222849911855462,0.1964227694132336,0.2073832709841347,0.0990436925463278,0.1041402524732477,0.0648620438496418,0.0473233087184032,0.2255198195836083,0.2006863582535505,0.1850258503004926,0.0305158352186438,0.1858686084012664
326780_17_consensus.txt,0.0469235194746984,0.1145613876671429,0.0476562752624154,0.141168288437421,0.0493115715572658,0.0653018420965834,0.0619933581282632,0.0814254746237734,0.0446645992500975,0.0555148760353949,0.0624799707634613,0.2076903611111404,0.118675001546098,0.115597907859966,0.1218755579323227,0.1393203809196821,0.1377773690274697,0.123176282347825,0.1189573505323844,0.1240493131210822,0.1272040526772562,0.1421457157339807,0.1370786658596019,0.1347294813384225,0.1298468548651756,0.1245158343926826,0.1295208180521498,0.1447153547261459,0.1343910274509774,0.1238933282488261,0.0979642410292207,0.0955037353940682,0.0942037534956661,0.1050976049864047,0.1075037386613741,0.1061618924461686,0.1012483687414755,0.102983874884396,0.1072271175011057,0.1008046970523208,0.1022302436626585,0.1043943506995876,0.0970610619092511,0.1000052185597031,0.0970229193345684,0.1056461386154277,0.1093375076457592,0.1008702651275692,0.2048816369617778,0.0620709787883893,0.1066351609179303,0.2654574604710573,0.0637130677892479,0.0825994742202675,0.265485923574321,0.0639223158072717,0.0088490706755202,0.0069445643737351,0.008060497542754,0.0463132174886338,0.0,0.009875180000102,0.0072599807121305,0.037826014760057,0.0087372812631061,0.007631260369834,0.0072911216272899,0.0098391761633802,0.1608608183370723,0.1454816754461783,0.2369563724250358,0.0971923223155801,0.111306902750127,0.0775742470045797,0.0749646187627499,0.0230594601154017,0.0657413974758336,0.0425153496689949,0.1218081500870775,0.1120853564695361,0.4040486297222809,0.041958680893658,0.2049974517313249,0.2212620824772173,0.0894124960296371,0.062398329332951,0.0977702524416006,0.0795352394647705,0.0865287378912418,0.0328205079037751,0.0347113799239924,0.0276898808669106,0.0267395165907924,0.0995217149119112,0.0821134864857286,0.0716488962602763,0.0537752110564717,0.0693559277640059
326780_1_consensus.txt,0.0423742442469166,0.1433828055047579,0.0440305824437512,0.1732554393148744,0.0558342656681887,0.0517669506085116,0.076587828549937,0.1013849017300456,0.0477637213604484,0.0635124715893038,0.0522403861014311,0.244667615286783,0.1000154928422567,0.0966961551346381,0.1028664152583376,0.119130273226319,0.1176089468755989,0.1037567277848729,0.0991544869806482,0.1032810277447113,0.1069499409387475,0.1213292131427623,0.1166846984724205,0.1139160856138996,0.1094072374221113,0.1045417341252692,0.1094605077035923,0.1242689006197172,0.1140005891359488,0.1049316752214881,0.0738912397716937,0.0727975643982681,0.0719754897124369,0.082213289592393,0.084177470539819,0.0828854467478859,0.076479018250458,0.0792005970283327,0.083604316862802,0.0761911911580659,0.0788016070714263,0.0805414625371332,0.0722704335291428,0.0760285009409464,0.0743628452844165,0.0818354518265183,0.0856622788381749,0.0777798385725336,0.2455322214637352,0.0826974361349819,0.1358558398585447,0.3099996466865766,0.08607197968918,0.1106277070740722,0.3107582408361473,0.0893430239028347,0.0045870623590298,0.011792955097313,0.0056327295697267,0.0669016665932913,0.009875180000102,0.0,0.0086979750455045,0.0522222700532557,0.0038316388345842,0.0077364955194143,0.0043191067589063,0.0166325336521593,0.200466767694766,0.1824383677815841,0.2830375729927379,0.1287366151100339,0.1463128829361171,0.1032942686175779,0.1022348835657096,0.0322216851032939,0.0903498279069809,0.0605198387048959,0.1565272066887946,0.1470798132828727,0.4545990719377331,0.0343344158631984,0.2401526079674329,0.2588790060397388,0.1124121638042066,0.0490583794537862,0.0779375869253771,0.0621766929903033,0.066634072873164,0.0300468729398453,0.0293122171694486,0.0308753219643493,0.0340533651102852,0.0788225579272037,0.0648070310357784,0.0543818890880043,0.0767208919786499,0.0547000733178482
326780_2_consensus.txt,0.0511299067831352,0.107141416239628,0.0551874235377116,0.132415447241156,0.0529253195839576,0.07626072623286,0.0602084158721103,0.0759413500465395,0.0485208358996107,0.0545960676171093,0.0728364294094925,0.1928801368464912,0.1338343133958606,0.130559507430755,0.1375418705789428,0.1555155131839223,0.1541524348751517,0.138944729380368,0.1341655240095161,0.1395001116739997,0.1429182131251467,0.1580302794864678,0.1528863557138962,0.1502446208625221,0.145157744425159,0.1398246521025488,0.1451324108386673,0.1610381912573508,0.1504428816025225,0.1396206273140432,0.111038341725747,0.1095146524018906,0.1083932672177931,0.1202657986837314,0.1231167497425058,0.1215629029996359,0.1142875395296947,0.1172740316200835,0.122160617597248,0.1147844195335725,0.1172693579551404,0.1191460569617435,0.1097341051527864,0.1139685026860304,0.1110256461529006,0.1202912013108932,0.1249646557471599,0.1156711232596796,0.1884379618413856,0.0575682878430612,0.0974371912785265,0.2472789113214846,0.0593580115501692,0.0753686365261883,0.24614946912018,0.0529102397704077,0.0115024805807157,0.005068367622929,0.0091223658337629,0.0359715867097314,0.0072599807121305,0.0086979750455045,0.0,0.025845241103247,0.0075621873968536,0.0038931051703707,0.0085444446507878,0.0063844379796549,0.1468915517010511,0.1321871855594318,0.2195122738122386,0.0877777762353906,0.1010976532153051,0.0676533655761417,0.0663892335569977,0.0240777531401752,0.057959603202538,0.0384842220500747,0.1102042900832698,0.1026313753438481,0.3795964896235171,0.046318868172948,0.1882533252054727,0.2038210006779008,0.0796027063593136,0.0755177605017953,0.113662624159585,0.0940827280830367,0.100995545673129,0.0411977232518161,0.0422841398689071,0.0316880386560125,0.0277952549322391,0.1151864238665254,0.0973787903560516,0.0849554443925137,0.0515202941451082,0.0834458822787018
326780_4_consensus.txt,0.0917314598018794,0.0566698121300603,0.0983149352044163,0.0702853544950512,0.067239857436391,0.145156984464692,0.047868770863988,0.0459549908486298,0.0711877246753855,0.0554265345529563,0.1345703953625578,0.1056244038779921,0.2170832691800965,0.2137390536109009,0.2222563693584929,0.2431885510365834,0.2412733260837773,0.2244052978639459,0.2183766329638903,0.2263102815596829,0.2295338845630672,0.2459822809600949,0.2395458447029783,0.2379899196881814,0.2314093024860204,0.2258586330345675,0.2319615453757215,0.2488390156108098,0.2374520366404482,0.2245825658808025,0.2036891134331409,0.2013573542769098,0.1979307160412311,0.2148329925631662,0.2177492423335971,0.2151676500473636,0.2074969919859279,0.2106033085053944,0.2150802902612572,0.2091371443040701,0.2104536990307473,0.2125389022494257,0.2020181161138037,0.2069059624228169,0.2008716908500174,0.2150023680373634,0.2192813640586921,0.2085604700374812,0.0981367148503959,0.036458199307745,0.0476749679696739,0.1395482454590837,0.0377972462926354,0.0380197420732146,0.1375190878864982,0.013478207833689,0.0588086431319645,0.0291498499129927,0.0510055989188016,0.0090514929501797,0.037826014760057,0.0522222700532557,0.025845241103247,0.0,0.0490625070185535,0.0312874737739337,0.0490102291128904,0.0196067241572288,0.0681515885932775,0.0601419103317777,0.1163711984245194,0.038138356774831,0.0428955229875747,0.0262523871386033,0.02736099888119,0.0379832789202305,0.0250947420291858,0.0250083396344722,0.0480195466310888,0.0454708575891364,0.2441669843560969,0.09593291855849,0.1053550136769185,0.1147111462173828,0.0424030931052472,0.150271744557493,0.2025787061074249,0.1775181886726189,0.1877555256405685,0.0893593783230866,0.0926137510469367,0.0585233211904281,0.0433596640422111,0.2054164516780003,0.1820526305563312,0.1656678358868459,0.0355331695545313,0.167778190761866
326780_5_consensus.txt,0.041992597302217,0.1403982497663269,0.0474227057993559,0.17015277768383,0.0576593492332939,0.0570882632252995,0.0768080314534351,0.1006088621654504,0.0500050912913359,0.0649686443044474,0.0568209423482297,0.2408809030535046,0.105876619958833,0.1026546920315336,0.1088239580027403,0.1260203083994033,0.1246494817723666,0.10996235268437,0.1054609019981285,0.1095374256844268,0.1134150814961794,0.1286612171803387,0.1238756913576288,0.120885945012537,0.1160642207452431,0.1110215337490672,0.1160932424557241,0.1312318944027843,0.1209895883664868,0.1111421235882996,0.0786070649249053,0.0773748030154743,0.0765123106289058,0.0868779508550483,0.0892332475164092,0.0879355535624419,0.0812896700191387,0.0839813852845212,0.0887259699007918,0.0817134898148985,0.0842623209582251,0.0859962915533376,0.0773440032779104,0.0812093065911812,0.0794912131885308,0.086859115478699,0.0911546512067023,0.0827757694097037,0.2390878511004324,0.0792397785510559,0.1309289428567268,0.3040188400151455,0.0817949258337771,0.1054699717747906,0.3039159996477121,0.0849252981718704,0.005019738850021,0.0098830227313913,0.0051771982050761,0.0628740994402736,0.0087372812631061,0.0038316388345842,0.0075621873968536,0.0490625070185535,0.0,0.006569802571521,0.0048846554500023,0.0151016143998852,0.1948250758387084,0.1772791290819082,0.276800364191188,0.1235706653650696,0.1409373833702609,0.0996685924629474,0.0980468173474298,0.0316477779595016,0.0869810746256742,0.0583556696621627,0.1514529224285183,0.1419226385896337,0.4461438043694521,0.0342625781413676,0.2338392633633912,0.2518240828082971,0.1062889042025423,0.0517697718326886,0.083570339905707,0.0664459197398459,0.0727217478262689,0.0316662715286319,0.0311186393939406,0.0309070575744279,0.0328539476140123,0.0848370351701142,0.0692618308215582,0.0585897379064173,0.0725819256931572,0.0585119478429607
326780_6_consensus.txt,0.0474172331287148,0.1155091191379007,0.0537407387257689,0.1417295153154976,0.0536785389105931,0.0726880736203448,0.0645356080871577,0.08234601895112,0.048894254059852,0.0571068514155062,0.0695176189906758,0.2053278013114798,0.1263611974975251,0.1232724221426622,0.1301480456368349,0.1486303547138279,0.1468846070738756,0.1316502901266609,0.1263611973049609,0.1316645186817355,0.1352579817162835,0.1514418419649503,0.1459643954188907,0.1433581580131679,0.1380902045486101,0.132674084096986,0.1383591009532123,0.1539557233511592,0.1431018370676824,0.1326556480784519,0.1036932022893495,0.1019210811786148,0.1001235469026253,0.1129508730280104,0.1153174538082559,0.113466778937723,0.1065941473009788,0.1095270558891146,0.1136365067244495,0.1075940918015279,0.1094775292772487,0.1112529902492633,0.1019322369745765,0.1061818219918233,0.102967352564657,0.1130695411981594,0.1172483553292957,0.1080164673904207,0.2010117295624898,0.0621954988882009,0.1049043584792412,0.2610347072308663,0.0642402646870605,0.082467841195255,0.2604578122092444,0.0602754829052107,0.0103172901997474,0.0065159109456081,0.0083374655586059,0.0420234548052009,0.007631260369834,0.0077364955194143,0.0038931051703707,0.0312874737739337,0.006569802571521,0.0,0.0077846957918739,0.008236717349523,0.1588897959431126,0.1443430397768681,0.2341332492980017,0.0970435620802874,0.1115423426234372,0.0760196630881075,0.0751208733359778,0.0263756299009232,0.0658222138353963,0.0441397448710327,0.1213918749290554,0.1128057186242728,0.3975413846591085,0.0433747219619817,0.2008695698414166,0.2165728374732793,0.0863657449162396,0.0685593691729629,0.1068024758015759,0.0871229560362305,0.0946113436386983,0.0388192063225405,0.0389279568981049,0.0310085126193051,0.0283967016203554,0.1084386225791478,0.090380061122735,0.0772954617264192,0.0581730508999323,0.0791253446724811
326780_7_consensus.txt,0.0417621549585671,0.1322258519082479,0.0391619874477537,0.1615140317966528,0.0493920616017105,0.0494142754151525,0.0685727437032319,0.0919199552395211,0.0420781943834285,0.0570335057769577,0.0487568067800561,0.2323128567497896,0.096045181742248,0.0930685543256357,0.0988480324483012,0.1143654464316243,0.1129733457012198,0.0997354070452161,0.0957829538643491,0.1002167632798221,0.1030969400650683,0.1167606004972423,0.1123429466827321,0.1099039664293659,0.1056128886213825,0.1007159963721582,0.105307156348168,0.1192312716264263,0.1098690836239386,0.100523350682792,0.0753369978341531,0.073581466292194,0.0725456605602579,0.0816823349104325,0.0840192038447451,0.0829939775382264,0.0779910557770513,0.0799892324080371,0.0844519921449284,0.0772214643807354,0.0792164514800344,0.0811823293525959,0.0743700023382212,0.0773465543381268,0.0750213686745784,0.0816905733347939,0.0853219370307885,0.0780277477178916,0.2318886315901451,0.0726842472555606,0.1243178597324572,0.295814397429285,0.0749947854499071,0.0987736963163969,0.2964837165948584,0.0822414389564869,0.0038763315076666,0.0090125909260123,0.0042927115127131,0.0610095305919635,0.0072911216272899,0.0043191067589063,0.0085444446507878,0.0490102291128904,0.0048846554500023,0.0077846957918739,0.0,0.0138304080322209,0.1868541164196004,0.1695135281021329,0.2682912518688223,0.1162898619389833,0.1340209237884622,0.0940817244016694,0.0915221897540519,0.0255304125419071,0.0802860170068129,0.0517092977958695,0.1442324091503515,0.1343478667893656,0.4412106537274924,0.0321719380500589,0.2298221903936426,0.2486798172081998,0.10430083913052,0.0482065339329249,0.0759592992261053,0.0608736715026836,0.0656805850818162,0.0260672731569533,0.02653340235865,0.0267068660100049,0.0295306498918277,0.0772985229791389,0.063319699063868,0.0544440466913354,0.065890853733185,0.0524955951809875
326780_8_consensus.txt,0.0539642076244062,0.0879969493720889,0.0573237507441311,0.1097786960091395,0.0480517637568569,0.0852985022815602,0.0496993768148774,0.0618959501209666,0.0461502871223649,0.0478113886869477,0.0794889763518948,0.1661271146644765,0.1443640839898137,0.1412184008025434,0.1485470427295645,0.1668547871681047,0.1652050594708054,0.1500336959602446,0.1450090356752085,0.1514433664675802,0.1545580215994348,0.169487696925902,0.1641461111094884,0.1619890301646611,0.1567754335046203,0.1513628627135448,0.1567359355615494,0.1723356215126781,0.1616734805390267,0.1503094358431003,0.1275334224233102,0.1245161326510189,0.1219007747281653,0.1358857515706546,0.1379959847105123,0.1362755241674946,0.1308348889086952,0.1329403180982273,0.1366238128780112,0.1304327029104497,0.1316338021046172,0.1340059533209654,0.1260648606306649,0.12930914661717,0.1249647959157362,0.1358482321266469,0.1394511291676607,0.1303669482406473,0.1613458294293366,0.0452392607916394,0.0788486024116759,0.2156027506524562,0.0475210001189339,0.0601441526590385,0.2149548409394546,0.0389714425359741,0.0189228260138154,0.007043523841645,0.0154392449375686,0.0258997915617307,0.0098391761633802,0.0166325336521593,0.0063844379796549,0.0196067241572288,0.0151016143998852,0.008236717349523,0.0138304080322209,0.0,0.1221357773781148,0.1099448041477462,0.1892875383868508,0.0697388146778585,0.0812843254975046,0.0528983255376562,0.0521097420418037,0.0213961484622799,0.0448476679549223,0.0296500884452104,0.090327958508122,0.0826647685440304,0.3436965297981347,0.0534546635867103,0.1642844668868353,0.178720580130399,0.0668241413922405,0.0857806986366291,0.1264902782319792,0.1061222001233757,0.1140670654673421,0.0451737253956592,0.0471179467173819,0.0309799271509838,0.0252626158949542,0.1286626945828546,0.1094320604343748,0.0962785259054115,0.042188809176805,0.0975970842937545
326797_10_consensus.txt,0.237620245936589,0.024809571963142,0.2004844467261248,0.0210125034302262,0.1314093362758592,0.2845287103525349,0.0719868256817326,0.0476221993953132,0.146970154088823,0.1023015946308483,0.2621921819286692,0.0209823401621278,0.3767104724879804,0.3739279477327688,0.3819332289225237,0.3999873840720491,0.3985780474285842,0.3837815405978624,0.3799937622131075,0.38953616200331,0.3894953631465663,0.4038070345965581,0.3970923842024811,0.3973147095666416,0.3909045288608643,0.3862010963213116,0.3913083399308883,0.4051291546022062,0.3962623777367771,0.3831194906230841,0.3867058373235226,0.3826577806060154,0.3795894400198962,0.3936615217882284,0.3971472971411902,0.3948449837943393,0.3909338270183848,0.3920509558026852,0.3964896824330743,0.392001497721596,0.3905676645715559,0.3928813524406349,0.3866073442713906,0.3895150400748584,0.3813619246835751,0.3947141732014678,0.3976166450759999,0.3883284148923014,0.01791451875778,0.0611284538265337,0.0298015411827181,0.0317447326536362,0.0603439201892799,0.0384381733885419,0.0290243154202771,0.0372008003583008,0.2050921773156773,0.1453003205738099,0.1922600711339939,0.0549309691513961,0.1608608183370723,0.200466767694766,0.1468915517010511,0.0681515885932775,0.1948250758387084,0.1588897959431126,0.1868541164196004,0.1221357773781148,0.0,0.0065556727358284,0.0147404991935857,0.0175944514120267,0.0112730330188597,0.0238128657321849,0.0248511493391347,0.1110405059278463,0.032660633564399,0.0575290896933919,0.0091863791816821,0.0113931811986667,0.0936936397764629,0.2246755672299416,0.0366987306160178,0.0404344384708608,0.0507145958546617,0.317274506162545,0.3721717663335369,0.349784164173478,0.3585846138148962,0.2143090063641581,0.2259930205546343,0.1568262999579825,0.1322570567416416,0.3763689520512887,0.3528894896009973,0.3406822692356916,0.0611550537895277,0.3325879683245825
326797_11_consensus.txt,0.2202493841701827,0.0207851765524926,0.181254656732599,0.0187870689817275,0.1180305483409753,0.260974861578175,0.0615609312351193,0.0399092163724548,0.1312173984974967,0.0896534461314404,0.2405553177501351,0.0224639312444043,0.3534636232477011,0.3507072104168838,0.3578953750192504,0.3753723652207128,0.3743549596470856,0.3597396091931628,0.3565073783720773,0.3652559100680701,0.3652904288552339,0.3788968381943141,0.3728333617617831,0.3725485961984001,0.366563080753318,0.3620244875399816,0.3665667911680454,0.3804743334453446,0.3719771937205349,0.3591456830140487,0.3595398771018123,0.356374557982881,0.3543125226489305,0.3663495233921399,0.3700401667970077,0.3679758869631646,0.3639696936153012,0.3652260181220477,0.3706019413768011,0.3650761042015311,0.3642811539251704,0.3663282976483852,0.3602972983638652,0.3628965806126505,0.3560308696908745,0.3674557007940731,0.3708016887762166,0.3619876718417929,0.0215188153592817,0.0536212698334921,0.0277840297009008,0.0383921663035788,0.0535675396942547,0.0336215618060116,0.0352043777725574,0.0329485640802564,0.1864016645695718,0.1301489606510086,0.1744449349394594,0.0483983903634808,0.1454816754461783,0.1824383677815841,0.1321871855594318,0.0601419103317777,0.1772791290819082,0.1443430397768681,0.1695135281021329,0.1099448041477462,0.0065556727358284,0.0,0.0194162646106752,0.0130112487535134,0.008750768278511,0.0182211626420913,0.0183651297794504,0.0961213776248541,0.0256293318874059,0.0469091695355228,0.0063583729777834,0.0087647251633216,0.1027753674191647,0.2044905056292139,0.0371882633519478,0.0419047857867385,0.0440583521906177,0.2943735134844019,0.3458735735054041,0.3248043907524014,0.3324186686169597,0.194629135694802,0.205794454773855,0.1410270949982592,0.1181598579223255,0.3498073391585947,0.3278071233751713,0.3171388311093643,0.050653025635893,0.3066967708317172
326797_12_consensus.txt,0.3190183723264308,0.0477924192175276,0.2803750392142685,0.0357615536680286,0.1959317124940529,0.3778181131452918,0.1191715747052359,0.0849736208737494,0.2155717514537052,0.1583858527047095,0.352506496831662,0.0194870987919442,0.4796346961410869,0.4769041296507783,0.4852645875768688,0.5045087347161124,0.5030632710845948,0.4873915718123776,0.4833906196072988,0.4934358448350213,0.4934966755596637,0.5085703848443925,0.5015407038735464,0.5017807156837337,0.4950094146689272,0.4902375526856968,0.4952798689011422,0.5098834101367409,0.5005236760519542,0.4865821240712442,0.4897218265391663,0.4854080262015365,0.4824705520237069,0.4971396903276739,0.5010096789757821,0.4982791382983791,0.4941087477743888,0.4951924780883416,0.4999211623526838,0.4958866633578438,0.4944117008383628,0.496675756107547,0.4901253553925793,0.4930365500275426,0.4845598432425122,0.4982868568572085,0.5016769967085271,0.4917207385303275,0.0183719167051084,0.1070691940648513,0.057157345933108,0.0197728321303598,0.1064301792515278,0.0754448863620167,0.0163787368479662,0.0731824173956336,0.2896496443815097,0.2178575602835621,0.2750481634152528,0.0992502800911125,0.2369563724250358,0.2830375729927379,0.2195122738122386,0.1163711984245194,0.276800364191188,0.2341332492980017,0.2682912518688223,0.1892875383868508,0.0147404991935857,0.0194162646106752,0.0,0.0466043028515095,0.0338817672991922,0.0565853424123146,0.0590640764319507,0.1762147235149562,0.0719044006963383,0.1067745877525672,0.0282040228030577,0.0336022611316595,0.0540164796323807,0.3055228496555795,0.0340737203892107,0.0340531103851935,0.0794082027554399,0.4144827993400968,0.4749604966401097,0.4508854870370111,0.4606805118479098,0.2974839875155002,0.3108567820311174,0.2278214600716772,0.1983228997419663,0.4796760857219979,0.4539696242623794,0.4412904368655761,0.1067110943772808,0.4326523469266909
326797_14_consensus.txt,0.1627415988209888,0.0172222378651909,0.1250712631290857,0.0224640608977679,0.0754014545557106,0.1924793231740471,0.0354335567599157,0.0233357021050419,0.0852549366182318,0.0554520912345539,0.1741615369850544,0.0410374968480553,0.2724178644201407,0.2700822822013551,0.2772370254817771,0.2936738713535209,0.2922624625592718,0.2787983782086396,0.2755298985270622,0.2838931021511506,0.2840979602452842,0.2971177951988162,0.2908868009951968,0.2909064535934131,0.2850132636773352,0.2807768484434971,0.2854864014411173,0.2982729619226241,0.2901246992051591,0.2781535127443,0.2845704890384617,0.2810374378903102,0.2782096779729812,0.2910978075124228,0.2937489842459229,0.2917172076843899,0.2887831978092103,0.2895925626340911,0.2938226241942665,0.2894979190870455,0.2876886008321175,0.2895241900580281,0.285005493418577,0.2868177050544647,0.2792808089639482,0.291790839400643,0.2938939861521152,0.2858376001609448,0.0400532126614496,0.030803652957374,0.021501436639947,0.0673675264258237,0.0299366717234299,0.0198469990622651,0.0656746034194313,0.0215781990448897,0.129975494736902,0.0854460806935817,0.1200440475433763,0.029553693499694,0.0971923223155801,0.1287366151100339,0.0877777762353906,0.038138356774831,0.1235706653650696,0.0970435620802874,0.1162898619389833,0.0697388146778585,0.0175944514120267,0.0130112487535134,0.0466043028515095,0.0,0.0088905619124695,0.0089049263961573,0.0076719664487159,0.0560372647509197,0.0098491253967534,0.0224326619886321,0.0092457523958833,0.007713157418089,0.1590537564916774,0.1503104826352475,0.0610089529705142,0.0691175845362579,0.0393466368624366,0.2224363851887307,0.2688295748492164,0.2495141079756493,0.2569683151839337,0.1374789952758401,0.1464626219709597,0.0954499731172582,0.0774480375138022,0.27287115519497,0.2521107680977836,0.2418542639007714,0.030969198596864,0.2342776208551464
326797_15_consensus.txt,0.1849939803212166,0.0196823243368395,0.1508748896644132,0.0216845413293782,0.0956682620725768,0.223245836211186,0.0489518915365749,0.0327958328049708,0.1068879260087714,0.0733525100249963,0.2044886312334179,0.0354748888737468,0.3095213083864667,0.3067952067879194,0.3141904917708018,0.331367887225138,0.3306101277762474,0.3159237676966482,0.3127632591872524,0.3211442781010216,0.3216642090603834,0.3348727295396667,0.3291006710338413,0.3285564841441415,0.3228955531550763,0.3181915044904517,0.3229190079015502,0.3366910082872465,0.3281195675364081,0.3154258355256072,0.3143343022769587,0.3106473270462579,0.3087402074271637,0.3205706355476465,0.3241595744330228,0.3225099086845935,0.3186304589705679,0.3196780404834971,0.3248790107252155,0.3191128794938507,0.3183497579977548,0.3208358655727741,0.3148820948718187,0.3174017235139299,0.3106579009900843,0.3217817578349677,0.3252187067778411,0.3162721031503839,0.0312853411548896,0.0395868936966268,0.0230892105452724,0.0555705770767147,0.0385729258942486,0.0233356189402531,0.0526417157204157,0.0213018344776543,0.1483955968820316,0.0984845827887488,0.138135255402954,0.0323981231770034,0.111306902750127,0.1463128829361171,0.1010976532153051,0.0428955229875747,0.1409373833702609,0.1115423426234372,0.1340209237884622,0.0812843254975046,0.0112730330188597,0.008750768278511,0.0338817672991922,0.0088905619124695,0.0,0.0114579643690726,0.0103319034571951,0.0715826399839798,0.015427594495283,0.0313900218653655,0.0060892528077705,0.0061299333304347,0.1318278130003447,0.1700555733018705,0.0468071479215428,0.0529622631874708,0.0360661398604431,0.2496970120061705,0.3001557540447823,0.2792370825826902,0.2871209916161827,0.1581648314378227,0.1687494679707946,0.11094408466142,0.0907722766123564,0.3037876276980409,0.2820191934775202,0.2716275551110314,0.0349709560810591,0.2617929026411669
326797_1_consensus.txt,0.1386112915687913,0.0177763047348094,0.1084866881569528,0.0247659673664397,0.0637908211551128,0.1696666244773599,0.0287655515579254,0.0201656462875607,0.0722857116477539,0.0452025575664647,0.1538647869462632,0.0470454466783323,0.2510778964130411,0.2482695344387222,0.2554826160314523,0.2728130996971094,0.2712922958910297,0.2568949102724707,0.2530469242143525,0.2606329268103966,0.2615714125940078,0.2761105408988031,0.2700062579558127,0.2693618354543803,0.2633745213675471,0.258790255825799,0.263809471583265,0.2775103142234201,0.2685384529626002,0.256935915035072,0.2513510305108575,0.2486380653163049,0.2463409842816819,0.2589298527115415,0.2617507659126001,0.2598824906821324,0.2552306508500841,0.2565178657361304,0.2614510934589971,0.2561944412585664,0.2559106439261516,0.257802421174139,0.251342174098383,0.2541077339792892,0.2481660673268368,0.2597943122247201,0.262557111082434,0.2538674563133831,0.0479699714904473,0.0269685411564406,0.021778308701684,0.0777153954773108,0.0274852542134542,0.0200650741159016,0.0761748533266839,0.0167536938001955,0.1069027815419101,0.0675101906920048,0.0980449960024572,0.0215356264930379,0.0775742470045797,0.1032942686175779,0.0676533655761417,0.0262523871386033,0.0996685924629474,0.0760196630881075,0.0940817244016694,0.0528983255376562,0.0238128657321849,0.0182211626420913,0.0565853424123146,0.0089049263961573,0.0114579643690726,0.0,0.0055205645905989,0.0432073048139081,0.0075691726551898,0.015159845969122,0.0121445721897828,0.0112132068694998,0.1676164455398323,0.1264043602760702,0.0597808032675502,0.0685361698009412,0.0300521596159724,0.1947002177494745,0.2412624004040369,0.2213226601469813,0.228387878611862,0.1165903519345121,0.1243637943798017,0.0768186417360343,0.0613529676787596,0.2445709847428236,0.2243177652157761,0.2133080956973811,0.0245488525981549,0.2072907980820648
326797_2_consensus.txt,0.1401758145354108,0.0199658344084268,0.1069951035015455,0.0280398651904496,0.0648635602354961,0.1670027390607211,0.0300222891405406,0.0222816737803936,0.0723905561542253,0.047442187121538,0.1519992476909779,0.0524320331537095,0.2468036496413299,0.2442235355807618,0.2507883165203441,0.2665552959452171,0.2658439705614359,0.2517693370729459,0.2496702388787,0.2569263572141835,0.2571161646429605,0.269799574386667,0.2643400629967987,0.2636891011265323,0.2584788183931961,0.2538651983366469,0.2583431280291455,0.2714346479639662,0.2636351115451338,0.2516619781813523,0.2498294347248748,0.2472059047224952,0.2462253845421891,0.2555591233149759,0.2593477583025398,0.2582082634507019,0.253937839461039,0.2552059197863725,0.2611700442328519,0.2540737507388781,0.2542668419721074,0.2567604068923721,0.2507232816579474,0.2532274590312138,0.2480142535236345,0.2564888728172096,0.2604324304592476,0.2523189317408993,0.0500999800374026,0.0258926976655091,0.0229086901959236,0.0829126842352385,0.0255362655419562,0.0177071072658279,0.080357127355489,0.0168085522841661,0.1035244888045072,0.0637952350602022,0.0950730839153957,0.0215043046112706,0.0749646187627499,0.1022348835657096,0.0663892335569977,0.02736099888119,0.0980468173474298,0.0751208733359778,0.0915221897540519,0.0521097420418037,0.0248511493391347,0.0183651297794504,0.0590640764319507,0.0076719664487159,0.0103319034571951,0.0055205645905989,0.0,0.0399922617126096,0.0066473351615758,0.0128438406860071,0.0114375618380107,0.0097357173305363,0.17325568247169,0.1243405858698247,0.0622953105981949,0.0721571761792816,0.030136748857493,0.1923640477292343,0.236136999862361,0.2175150467194146,0.2238285654473983,0.112519467323926,0.122107919445801,0.0752491503947219,0.0602377214405169,0.2395029935887915,0.2202791314087635,0.2112088508348009,0.0185194395848036,0.1999819513405398
326797_3_consensus.txt,0.0659537355381791,0.0647035428164848,0.0273101087719007,0.0868810246779192,0.0200483727360438,0.0546304962495289,0.0231160449971037,0.037981167333692,0.0182716200133077,0.0208516523163115,0.0477226542479032,0.1428924219365299,0.1128266676551534,0.110425098707771,0.1155388574918996,0.1287504141082518,0.1273896040683917,0.1161451731432201,0.1138932664881657,0.1182952897928872,0.119314439877459,0.1314467065602711,0.1267162019906367,0.1254374075370758,0.1209152730718026,0.1173482174402336,0.1211661395033534,0.132484927890303,0.1248263094832342,0.1164937781213497,0.110242445026329,0.108244550516237,0.108006955837042,0.1151727915268336,0.116857267378017,0.1163711581912929,0.1132861157677247,0.1139498900383539,0.1187173610968228,0.1131313999154635,0.1128541158981306,0.1144446908078755,0.1105379670089634,0.1119571532444414,0.1089113026614274,0.1154586378930808,0.1173316415802547,0.1117131558756918,0.1503482658928394,0.035506424717413,0.0693961865748296,0.2023592804622751,0.0366050353135491,0.0511347387081748,0.2031363228606491,0.0551430036286513,0.0297324657010094,0.0221885866621143,0.0277348485261104,0.0438368886184248,0.0230594601154017,0.0322216851032939,0.0240777531401752,0.0379832789202305,0.0316477779595016,0.0263756299009232,0.0255304125419071,0.0213961484622799,0.1110405059278463,0.0961213776248541,0.1762147235149562,0.0560372647509197,0.0715826399839798,0.0432073048139081,0.0399922617126096,0.0,0.0327094688948115,0.0147839638592772,0.0772239877913483,0.0689145838888167,0.3366320429310683,0.043330976297307,0.1578896939901763,0.1759172218767624,0.0673923246353016,0.0759395264646451,0.1009785338211681,0.0894995014824964,0.0923398529148755,0.0339076734561816,0.0384636086216199,0.0236436400114579,0.0237788781888728,0.1030465162840323,0.0909119857637454,0.0859359211890113,0.0298443970238881,0.0769642158510688
326797_4_consensus.txt,0.1276011843775926,0.0221715070479326,0.0911664998035837,0.0314336406088013,0.0527834776677629,0.1479364383068269,0.0244907837371748,0.0188309036723621,0.058975184857851,0.0380775076994908,0.1328198080683496,0.0598763922988654,0.2237986674036527,0.2210937648077813,0.2280764069977214,0.2441395718805949,0.24277320323199,0.2296196595104183,0.2261094327695127,0.233637009432865,0.2342378646908782,0.2473602425684271,0.2413971131694028,0.2407905937244159,0.235358977992254,0.2310905287841009,0.2357008163289959,0.2489116564512059,0.2402273656650493,0.2292457580498439,0.2291104343690868,0.2261949386920996,0.2239157810501604,0.2361333051627632,0.2388453973154103,0.2371071027380784,0.233144592237358,0.2343156652990483,0.2387551885047596,0.2337628009874759,0.2329155621483778,0.2344775294339527,0.2291908763354442,0.2311999416199821,0.2250499697566583,0.2366328800105641,0.2390307459445981,0.2311225805040306,0.0603427650795147,0.0229657920682448,0.0249874523968642,0.0946043281423829,0.0230062631363443,0.0184712208461137,0.0935857923964027,0.0188154354701026,0.0919587875220244,0.0570693322141817,0.0836437485447545,0.0216327870990511,0.0657413974758336,0.0903498279069809,0.057959603202538,0.0250947420291858,0.0869810746256742,0.0658222138353963,0.0802860170068129,0.0448476679549223,0.032660633564399,0.0256293318874059,0.0719044006963383,0.0098491253967534,0.015427594495283,0.0075691726551898,0.0066473351615758,0.0327094688948115,0.0,0.0104886378412949,0.0172671350466169,0.0146676174219138,0.1980961364260824,0.1126726980627754,0.0777580157694712,0.0885827591064263,0.037632030917825,0.1746197811892091,0.2161372280875202,0.1984274173320681,0.2044971830459099,0.1004107041390707,0.1080804214831205,0.0667984085935708,0.0526928841066061,0.219207047025594,0.2008744351380897,0.1915151667483368,0.0215617333547815,0.1831039443403526
326797_5_consensus.txt,0.0952110163850958,0.0310433097974351,0.0582392517058343,0.0459638052007225,0.0332629246092714,0.1028346036751299,0.0161937545203061,0.0192284943467768,0.0359810602124666,0.023915332488082,0.0912782750035337,0.0849297108039159,0.1708160361396826,0.1684454693018455,0.1738376283668596,0.1882845405212982,0.1873356425490513,0.1748522787790616,0.1725728536998811,0.1781214089942109,0.1788459001686329,0.1916565909340875,0.1865817535639484,0.1853394252053259,0.1806362435843045,0.1765158228221901,0.1807272618840976,0.1926170284880095,0.1851160631217929,0.1751790528018446,0.1699687847535997,0.1676487003868656,0.1666272644966575,0.1748820857918707,0.1777069912997602,0.176673955328888,0.1734892421301594,0.17412878834606,0.1791893002483018,0.1736275713665227,0.1732613777456206,0.1751677956974227,0.1706046115936548,0.1722707356376025,0.1679801581259248,0.1758557373484732,0.1781945992090259,0.1716166291741752,0.0882711475137041,0.0199707226631353,0.0348644192549754,0.1294036716674487,0.021126078593924,0.0242222878810212,0.1288315601924896,0.0276274228447892,0.0605199332033503,0.0366461579742756,0.0547120808105692,0.0247363298497917,0.0425153496689949,0.0605198387048959,0.0384842220500747,0.0250083396344722,0.0583556696621627,0.0441397448710327,0.0517092977958695,0.0296500884452104,0.0575290896933919,0.0469091695355228,0.1067745877525672,0.0224326619886321,0.0313900218653655,0.015159845969122,0.0128438406860071,0.0147839638592772,0.0104886378412949,0.0,0.0345853362588277,0.0300678744132589,0.2403073243175022,0.0740880101697971,0.0969980609593017,0.1110479286537113,0.0374178512473744,0.1258840311572902,0.159450144342566,0.1449088216881957,0.1494570005720117,0.0644434231045236,0.0713896329262704,0.0399148363329375,0.0326189964246079,0.1622220686091857,0.1468809258247425,0.1401271044997205,0.015607658756032,0.1317395653357085
326797_6_consensus.txt,0.1960338601587539,0.0177549927840079,0.1571361014632,0.018462182851616,0.0999303691655963,0.2310483704294448,0.0503039739891493,0.0327307323982415,0.1113115287973158,0.0755361709437707,0.2121458734715968,0.0287657726553565,0.3187500472789422,0.3161285470829256,0.3233456499988465,0.3402273607339721,0.339356743567019,0.3247813404541064,0.3218952251466138,0.3300105603356185,0.3303375168829028,0.3436990660271073,0.3377078700869864,0.3372905120601457,0.3316217051140828,0.3269699870587512,0.331569991294363,0.3452784984545829,0.3368627217600943,0.3245280327072466,0.3254831956764015,0.3224787735374432,0.3206533851044106,0.3320204807332425,0.3358862696177507,0.3340955603937647,0.3299532820047348,0.3310538322024374,0.3364279782227459,0.33064858840544,0.3302243981300758,0.3323065600196981,0.326217445270216,0.3288132085977935,0.3224112262933261,0.3331240787568763,0.3367528971992115,0.3279292351222125,0.0268607136251208,0.0425580354802948,0.0232915796104737,0.0487456986758454,0.0425400337682591,0.0260516021196091,0.0454786077647924,0.0255542612525436,0.1595858117473083,0.10798587179762,0.1486860151094919,0.0378128641292114,0.1218081500870775,0.1565272066887946,0.1102042900832698,0.0480195466310888,0.1514529224285183,0.1213918749290554,0.1442324091503515,0.090327958508122,0.0091863791816821,0.0063583729777834,0.0282040228030577,0.0092457523958833,0.0060892528077705,0.0121445721897828,0.0114375618380107,0.0772239877913483,0.0172671350466169,0.0345853362588277,0.0,0.0058861964257657,0.120389584409982,0.1778223898676199,0.0412795721434573,0.0476961747525157,0.0372012810682047,0.2619826629628887,0.3111126410858071,0.2909548366392291,0.2981850205622276,0.1679139177624176,0.1788822904789224,0.1191468771807491,0.0984627789899592,0.3145517019003225,0.2935656096444692,0.2837284237190616,0.0387206709805703,0.2719552285834172
326797_9_consensus.txt,0.182714819032757,0.0157995126074474,0.1443313200065157,0.017565312909209,0.0890113630621218,0.2162389948038399,0.0438051862893891,0.0284176235194726,0.1005780509976883,0.068064004058967,0.1971632594486916,0.031947938254353,0.3003189134437649,0.2980272104555919,0.3050658175127756,0.3219511847397349,0.3208288019754439,0.3068599906633222,0.303728192092807,0.3121068543627858,0.3122523365615635,0.3255118485990973,0.3193701283295613,0.3190564520762855,0.3134987210586661,0.3089803911291682,0.3135976424330673,0.326656354166877,0.3183458468932025,0.3061805783677762,0.3101937579399623,0.3062835936107939,0.3042779405850284,0.3161456393075887,0.319340860154746,0.3174735729183702,0.3145115006098162,0.3152632001565258,0.319808786016555,0.3149803518001235,0.3133731047942865,0.3157162303672693,0.3107388966204771,0.3127380951900873,0.3056968276065293,0.3170711690510703,0.3201375255267162,0.311676244504171,0.0299664399778603,0.0361308105157904,0.0202254036942735,0.0535235701901211,0.035977210948082,0.0216848932822371,0.0509946163769825,0.0236161416716518,0.1488576240126962,0.0995671770165813,0.1383288023991866,0.0350887781945257,0.1120853564695361,0.1470798132828727,0.1026313753438481,0.0454708575891364,0.1419226385896337,0.1128057186242728,0.1343478667893656,0.0826647685440304,0.0113931811986667,0.0087647251633216,0.0336022611316595,0.007713157418089,0.0061299333304347,0.0112132068694998,0.0097357173305363,0.0689145838888167,0.0146676174219138,0.0300678744132589,0.0058861964257657,0.0,0.1328865482663372,0.1672261686872804,0.0476661010469303,0.0544685836172282,0.0368620302438147,0.2460398823812219,0.294835100412131,0.2748331289157493,0.2826205863141338,0.1557117370095753,0.1663557246870155,0.109391928283693,0.0903865905578928,0.2986101009461697,0.2770722269747923,0.2672300651883983,0.0347383856023917,0.2573397617395301
326907_11_consensus.txt,0.4828869787043048,0.1397089665401178,0.4603044230232251,0.1140879274973718,0.3566837119983024,0.5741100974717925,0.2510221374414652,0.2023875431966741,0.3808241504748269,0.3042081051775813,0.5472941101118769,0.0699953879431287,0.6860530341318611,0.6826512696294511,0.6896651493332637,0.7104611923094293,0.7113301750182632,0.6919603022385346,0.6894714641904791,0.6978190573186822,0.6983853834894029,0.7169705970587126,0.710561044449566,0.7093952228849378,0.7030430293350447,0.6967987428608113,0.7018114739730397,0.7175291131552299,0.7087483839799216,0.692367287027734,0.6709020642549248,0.6667958667491964,0.6659598387372494,0.6762046276082483,0.6832223443776977,0.6801990880738105,0.674528332163967,0.6758794919098685,0.6830253941849858,0.678145458556032,0.6785425563155485,0.6818106226813336,0.6723664265007212,0.6763104941804938,0.6707869438485146,0.679535801393607,0.6854333494176492,0.6744807269837958,0.0689209402037249,0.2281904855077776,0.1502680119395654,0.0493687870529626,0.2319209392924728,0.1860968311469815,0.044165639010802,0.1835785759716657,0.4671039969599428,0.3787764369889244,0.4491369410778318,0.2227107442928604,0.4040486297222809,0.4545990719377331,0.3795964896235171,0.2441669843560969,0.4461438043694521,0.3975413846591085,0.4412106537274924,0.3436965297981347,0.0936936397764629,0.1027753674191647,0.0540164796323807,0.1590537564916774,0.1318278130003447,0.1676164455398323,0.17325568247169,0.3366320429310683,0.1980961364260824,0.2403073243175022,0.120389584409982,0.1328865482663372,0.0,0.449287186274069,0.0448656729658898,0.0373582333140785,0.1404289632083974,0.5986504481568824,0.6665345968222507,0.6398197772751235,0.651870639230788,0.4640496939848653,0.481929690152004,0.3737633401339106,0.3397042522377687,0.6709749004012062,0.6428296356308039,0.6306300050883635,0.2217323984497134,0.6248335460233809
326907_13_consensus.txt,0.0611289085063804,0.141783496410957,0.0287428929972923,0.171154811191462,0.0464881696109351,0.033422308917828,0.0717563402185579,0.1002030528353232,0.0370493959914419,0.0562537730301766,0.0326687806413801,0.2459310706312765,0.0671888640485898,0.0651463129784275,0.067530680641366,0.0783227869587701,0.0779475926501414,0.0675237713194034,0.0657923483707474,0.0656437795857085,0.067809561349815,0.0828128250397171,0.0790596335524771,0.0756322158913391,0.072605063110565,0.0692393160408677,0.0728868360532102,0.0821830759357133,0.0750163210077881,0.0698310687467547,0.0404637676557326,0.0405431408743863,0.0419573663641266,0.0438056804155886,0.0454567893844171,0.044757930175554,0.0417534560077736,0.0429035047817834,0.0473612464770125,0.0435940817813254,0.0441095992938036,0.0448450664946387,0.0411364487743588,0.0429861971564635,0.0434294710736793,0.044527250394541,0.0466151932759508,0.0426325658831832,0.2562054079203468,0.0868255974587501,0.1422219386165357,0.3182535251939233,0.091223945882489,0.1214524477381084,0.3203071619227993,0.1325912916475795,0.0319224624328553,0.0474634805069165,0.0334641271137066,0.1106246834156738,0.041958680893658,0.0343344158631984,0.046318868172948,0.09593291855849,0.0342625781413676,0.0433747219619817,0.0321719380500589,0.0534546635867103,0.2246755672299416,0.2044905056292139,0.3055228496555795,0.1503104826352475,0.1700555733018705,0.1264043602760702,0.1243405858698247,0.043330976297307,0.1126726980627754,0.0740880101697971,0.1778223898676199,0.1672261686872804,0.449287186274069,0.0,0.2320481946988852,0.2539967777733283,0.105190663435561,0.0385113017977731,0.0487173674012497,0.0434029709585788,0.0446174017041371,0.0264429625176019,0.0267685846405898,0.0300042443659123,0.0423325909753833,0.0485969725070756,0.0429629663541097,0.043209927057588,0.0853726840829924,0.0384913707155156
326907_4_consensus.txt,0.2721518711112516,0.0482483926012413,0.2469481241026949,0.0400513997804035,0.177039937059245,0.3314843731246917,0.1076154089256284,0.0810455581508478,0.1919805410608042,0.1418874452559482,0.311801560386904,0.0311511656205576,0.426704213269776,0.4236062628596748,0.4293704409332965,0.4471841595169774,0.4480124263692042,0.4304457356147457,0.4286198456849979,0.434765905370412,0.4355517501825385,0.4531555471012956,0.447815411344731,0.4458390666553846,0.4404117218427332,0.4347345628335528,0.4394738013271162,0.4537313161277918,0.4455373600996388,0.4317240516881409,0.4068359158718762,0.4041819529384982,0.4042945685267733,0.4114307481297388,0.4174897817577623,0.415712254437822,0.4100720521230228,0.4115124257134077,0.4185511372036625,0.4126328774504415,0.4137738307373153,0.4168022600256655,0.4083539531134885,0.4119314307878863,0.4082534573877598,0.4143470156490618,0.4196465239241558,0.4102693078350103,0.0311942001367446,0.0942985452514015,0.0554376782657861,0.0384352234100129,0.0979920383206165,0.0727925418680106,0.0343857399551055,0.0722302543638502,0.2481972521191435,0.187411458999847,0.2356928124809929,0.0931964922767516,0.2049974517313249,0.2401526079674329,0.1882533252054727,0.1053550136769185,0.2338392633633912,0.2008695698414166,0.2298221903936426,0.1642844668868353,0.0366987306160178,0.0371882633519478,0.0340737203892107,0.0610089529705142,0.0468071479215428,0.0597808032675502,0.0622953105981949,0.1578896939901763,0.0777580157694712,0.0969980609593017,0.0412795721434573,0.0476661010469303,0.0448656729658898,0.2320481946988852,0.0,0.0072621897842886,0.0355677386438966,0.3515681675744924,0.4050148285118489,0.3833231959450067,0.3921929452489126,0.2472024396779701,0.2611085514526206,0.1828421669929865,0.1607947203579165,0.4083231027904261,0.3860741876830627,0.3768318570635127,0.0851928336666718,0.3679872565290178
326907_5_consensus.txt,0.2878741659856887,0.0570690837503153,0.2712473236451034,0.0468904597606885,0.1962953633954312,0.3594390602783015,0.1225376613770681,0.0937637036938126,0.2126204180453363,0.1592334318775083,0.3387153227864461,0.0346739888454754,0.4556812224708659,0.4525015258194464,0.4585832675106678,0.4782669502239285,0.4787216125195037,0.4602677930715764,0.4577367648524824,0.4645050730690716,0.4653806386615882,0.4844538709710733,0.4783968797593561,0.4767061374930259,0.4707677130645127,0.4645696019508358,0.4696828626561515,0.484931271531174,0.4762087236133823,0.4614378057359394,0.434469151063519,0.431552513472571,0.4308673150946296,0.4397931700276878,0.4459498726283737,0.4433956672434442,0.4376145403868579,0.4394489961676413,0.4456630561727541,0.4408189213677493,0.4418449557785564,0.444692637907937,0.4356071248005637,0.439544912166407,0.4351439285337397,0.4428864541420036,0.4481970299167317,0.4381337929925903,0.032775180396988,0.1063795523863131,0.0623003798729184,0.0366748275112875,0.110104969648038,0.0822680592596398,0.0324851405472763,0.0782916611135249,0.2678495727356385,0.2034631444343562,0.2547524216839445,0.1009171433687177,0.2212620824772173,0.2588790060397388,0.2038210006779008,0.1147111462173828,0.2518240828082971,0.2165728374732793,0.2486798172081998,0.178720580130399,0.0404344384708608,0.0419047857867385,0.0340531103851935,0.0691175845362579,0.0529622631874708,0.0685361698009412,0.0721571761792816,0.1759172218767624,0.0885827591064263,0.1110479286537113,0.0476961747525157,0.0544685836172282,0.0373582333140785,0.2539967777733283,0.0072621897842886,0.0,0.0426887783000555,0.373981961051137,0.4332746185928755,0.4092913099900048,0.4197801125161122,0.267699335943349,0.2817627868638039,0.1993473933096465,0.1747842255556548,0.4369101327422466,0.4123056704949235,0.4010101774967749,0.0979494645838743,0.3968815290866629
326907_7_consensus.txt,0.1401926425408781,0.0354727358605675,0.1305307221509721,0.0417186027567204,0.0899427121529745,0.1888500410466491,0.0512762226175569,0.0431411310039075,0.096621924883733,0.0697020786484179,0.1756788522687236,0.0637180602658809,0.2627911493675938,0.2600389477677005,0.2650718357144646,0.2821883573804742,0.2831344528500441,0.266285398590572,0.2643671793070474,0.2692720864331761,0.2707269588524577,0.2880830304481954,0.2831537720310653,0.2808260912043732,0.275867118465988,0.2698848489026559,0.2748156130136356,0.2883123166195407,0.2805475032484361,0.2677248172867674,0.2385235656795341,0.2364219915401655,0.2365490847362599,0.2426651196739149,0.2484340358130872,0.2466429792208551,0.2412685006868073,0.2427787652706303,0.2497143641481329,0.2436348025668664,0.2453455053066058,0.2481995427918457,0.2398923987292329,0.2432971429559316,0.240877068189949,0.2454064895949619,0.2508859434152652,0.2422180437976031,0.0590157240302673,0.0384976282036504,0.0329330006462429,0.0886995433523667,0.0413680465168706,0.0341877956995304,0.0854440085300227,0.0328932942139692,0.1164615297374807,0.0784883150909152,0.107761671675246,0.0376011315374693,0.0894124960296371,0.1124121638042066,0.0796027063593136,0.0424030931052472,0.1062889042025423,0.0863657449162396,0.10430083913052,0.0668241413922405,0.0507145958546617,0.0440583521906177,0.0794082027554399,0.0393466368624366,0.0360661398604431,0.0300521596159724,0.030136748857493,0.0673923246353016,0.037632030917825,0.0374178512473744,0.0372012810682047,0.0368620302438147,0.1404289632083974,0.105190663435561,0.0355677386438966,0.0426887783000555,0.0,0.1928947396545677,0.2392339354250836,0.21906581871918,0.2281383588548156,0.1185178820739683,0.1279128240549898,0.0766223642092827,0.063435660416478,0.2419840971228648,0.2215480906858298,0.2135286519652206,0.0301472351944802,0.2092748840286491
327059_11_consensus.txt,0.0423175735316894,0.2218393055309562,0.0472354272060213,0.2585054338397246,0.0808968266901599,0.0345145469523737,0.1243549824039176,0.1645424935918189,0.0694743907156496,0.1008529340073591,0.0383328348535982,0.3497973647814483,0.0354491986228318,0.0341372458758488,0.0362601653818268,0.047530479608091,0.0470017528422976,0.0373957768081165,0.0353049674024257,0.0369384542697757,0.0398015976118202,0.0512275448097261,0.0482249242955035,0.0463602215547283,0.0430285891440389,0.0392233840853855,0.042479105278546,0.0506385572916929,0.0449949970245073,0.0382219384377062,0.0292221963269607,0.0255867765653228,0.0236284241195665,0.0298965044801162,0.0300516748666179,0.0286890806766813,0.0303295875146467,0.029225968859472,0.030868750097599,0.0288666048993917,0.0273212368081088,0.0292672628460479,0.0299121535287376,0.0274909237626639,0.0251623622573413,0.0305500223175307,0.0301725925049662,0.0274371825869241,0.3529301898342147,0.1353616436807003,0.2099026393066978,0.4240986259084183,0.1403145984099909,0.1810741314880326,0.4304969731531809,0.1977487423704724,0.0445311760576743,0.0742209722977218,0.0492509054683614,0.1669272297130799,0.062398329332951,0.0490583794537862,0.0755177605017953,0.150271744557493,0.0517697718326886,0.0685593691729629,0.0482065339329249,0.0857806986366291,0.317274506162545,0.2943735134844019,0.4144827993400968,0.2224363851887307,0.2496970120061705,0.1947002177494745,0.1923640477292343,0.0759395264646451,0.1746197811892091,0.1258840311572902,0.2619826629628887,0.2460398823812219,0.5986504481568824,0.0385113017977731,0.3515681675744924,0.373981961051137,0.1928947396545677,0.0,0.0159538801460028,0.0086827412529695,0.0134605733883841,0.0180698831157233,0.0153525902118074,0.0379327586020394,0.054739722670825,0.0175120332804743,0.0095709199250366,0.0075443298691757,0.1440562322726108,0.0325329486070486
327059_13_consensus.txt,0.0780727339296563,0.2618245173809033,0.0510264547473946,0.3014168036554148,0.0985471090152652,0.0276694549890832,0.1501872078495889,0.1971780444966526,0.082018396064015,0.1217604133179817,0.0346966915839228,0.3992801629982807,0.0179435704922994,0.0169242499401072,0.016907392520987,0.0205447015695643,0.0214746913770209,0.0165698174282233,0.0172369178669402,0.0166094460478838,0.0177688735901186,0.022784778052288,0.022330466522475,0.0204181536085972,0.0197406625641498,0.017602657335126,0.0186179045140537,0.0227341302154897,0.0205192752545677,0.0176299142605351,0.019148556516094,0.0169344485938349,0.0178832864708455,0.0152495917807788,0.0159593062915712,0.0160885321825441,0.0198188234987437,0.017764165346997,0.0212214616536083,0.0156491448530031,0.0149266359261837,0.0166888006899732,0.0208350941791932,0.0173542454111661,0.0178673298563127,0.0150824145726398,0.0149278954837663,0.0160357080806052,0.407676969435812,0.1714377955540715,0.2550044224354684,0.4845832819003171,0.1763397218452276,0.2235669211959887,0.4904600727284576,0.2550080627743156,0.0704976172570948,0.1112139970078684,0.0783303960132091,0.2222849911855462,0.0977702524416006,0.0779375869253771,0.113662624159585,0.2025787061074249,0.083570339905707,0.1068024758015759,0.0759592992261053,0.1264902782319792,0.3721717663335369,0.3458735735054041,0.4749604966401097,0.2688295748492164,0.3001557540447823,0.2412624004040369,0.236136999862361,0.1009785338211681,0.2161372280875202,0.159450144342566,0.3111126410858071,0.294835100412131,0.6665345968222507,0.0487173674012497,0.4050148285118489,0.4332746185928755,0.2392339354250836,0.0159538801460028,0.0,0.0056692614366049,0.0027716306016332,0.0332130297192359,0.0316067880239741,0.0636160246816821,0.0885926715381169,0.0018605268653679,0.0046981867111526,0.0112226498044138,0.1791207000127546,0.0250963638300643
327059_14_consensus.txt,0.0580551645009359,0.2465407278983544,0.049604339007927,0.285044498529527,0.0917032742352521,0.0300777703059518,0.1401719606298472,0.1842985208671681,0.0771079516524428,0.1136529928696949,0.0360988367718446,0.3802071539694456,0.0236952129746104,0.0226236508171471,0.0236553311465206,0.0310517427304004,0.031407554941822,0.0240471602484895,0.0234074774218573,0.0237840189481559,0.0260674196394505,0.0337106558499309,0.03224206120698,0.0302919429236094,0.0283416287005024,0.025381557430367,0.0273465466762834,0.0337023369354216,0.0298486094699308,0.0248064077109182,0.0219184312296185,0.0190084274484325,0.0184332153160236,0.020203059890429,0.0207097294471783,0.0203218666311029,0.0229541971299953,0.0212755407551918,0.0241635375535267,0.0198364747293799,0.0188253226687331,0.0208715851531566,0.0232582635985121,0.0201557828964329,0.0193167839828571,0.0204119954308525,0.0202437130784742,0.0195842702378596,0.385498398465689,0.1553928036450935,0.2362755452829343,0.4606270619995385,0.1604112825773995,0.2053065881541114,0.466600921158343,0.2287305983292027,0.0560742097488979,0.0921212760879361,0.0622375197808393,0.1964227694132336,0.0795352394647705,0.0621766929903033,0.0940827280830367,0.1775181886726189,0.0664459197398459,0.0871229560362305,0.0608736715026836,0.1061222001233757,0.349784164173478,0.3248043907524014,0.4508854870370111,0.2495141079756493,0.2792370825826902,0.2213226601469813,0.2175150467194146,0.0894995014824964,0.1984274173320681,0.1449088216881957,0.2909548366392291,0.2748331289157493,0.6398197772751235,0.0434029709585788,0.3833231959450067,0.4092913099900048,0.21906581871918,0.0086827412529695,0.0056692614366049,0.0,0.0051803187925285,0.0244647533946116,0.0221399595411018,0.0508308726785076,0.0718222390946357,0.0067981774513397,0.0040804078076073,0.0065799333862983,0.1636288725170311,0.0265134267300544
327059_1_consensus.txt,0.0712498141984196,0.2525352160722853,0.0477144357795067,0.2916690984757988,0.0933367038139909,0.0257634730629447,0.1431881406007438,0.1890924916876386,0.0773520698186178,0.1156782219254761,0.0328413641130582,0.387976178713374,0.0223102488289237,0.0209516655631745,0.0216191554210452,0.0259502971952656,0.0268265250808763,0.0211469153645484,0.0214057673593632,0.0211626269038038,0.0225097736609329,0.027928490974503,0.0273861117636204,0.0253521964588765,0.0244562461041066,0.0220760665274735,0.0232969065479746,0.028417980592347,0.0255463613656763,0.0222198010040681,0.019214434703513,0.0171994231824452,0.018386563697442,0.0163317975481138,0.0171870189736926,0.0173451974121139,0.0201030226700584,0.018565254255261,0.0224313054128941,0.0158345028863911,0.0158548904024833,0.0176700423413969,0.020471948946624,0.0178405734432089,0.0185541595921172,0.0161177566712638,0.0165747892736174,0.0168578112276467,0.3966631965474629,0.1638686070757602,0.2463952714854098,0.4731439052683237,0.1691231351926667,0.21445030290195,0.4785932661794776,0.23992040465121,0.0605095679032761,0.0989710227012885,0.0682063271900519,0.2073832709841347,0.0865287378912418,0.066634072873164,0.100995545673129,0.1877555256405685,0.0727217478262689,0.0946113436386983,0.0656805850818162,0.1140670654673421,0.3585846138148962,0.3324186686169597,0.4606805118479098,0.2569683151839337,0.2871209916161827,0.228387878611862,0.2238285654473983,0.0923398529148755,0.2044971830459099,0.1494570005720117,0.2981850205622276,0.2826205863141338,0.651870639230788,0.0446174017041371,0.3921929452489126,0.4197801125161122,0.2281383588548156,0.0134605733883841,0.0027716306016332,0.0051803187925285,0.0,0.0274118088991919,0.0259690515455419,0.0563252488556713,0.0798137471232962,0.0027310635173058,0.0043230709152535,0.009128017679143,0.1686223686793582,0.0225587373388309
327059_2_consensus.txt,0.0352353278764869,0.1423802080825895,0.0308135328134593,0.1723021502547812,0.0477853354746891,0.0358138273619204,0.0702847011728673,0.0996807353037452,0.0399207101526464,0.0584554556196836,0.0355910855434835,0.2483711983924852,0.0532623702677259,0.0518716720336618,0.0546541983525985,0.0648457081997877,0.0655302189575861,0.0552150386723298,0.054422093130281,0.0575258595258985,0.0591606319579618,0.0681215184378176,0.065866914649673,0.0641912514885252,0.0616066063363334,0.0572407546568971,0.0603140869439471,0.0685926131781782,0.0640619622396583,0.0557985767789741,0.0531437313118248,0.049467383130473,0.0485657052024164,0.0526568363455872,0.054917813225904,0.0541930696989272,0.0551623144375028,0.0542271086930838,0.0579873260891998,0.0521672515150175,0.0518248138505317,0.0547521127328991,0.0546312976743639,0.0526069283927874,0.0503711025646076,0.0535748314661033,0.0550615995056116,0.0518306557322745,0.2462511410482539,0.0732567207013517,0.13088670422397,0.3115302689153116,0.0772912174960431,0.1052382225486114,0.3143294600069595,0.1212759682914192,0.0261117712699734,0.0378338969416995,0.0277009086034514,0.0990436925463278,0.0328205079037751,0.0300468729398453,0.0411977232518161,0.0893593783230866,0.0316662715286319,0.0388192063225405,0.0260672731569533,0.0451737253956592,0.2143090063641581,0.194629135694802,0.2974839875155002,0.1374789952758401,0.1581648314378227,0.1165903519345121,0.112519467323926,0.0339076734561816,0.1004107041390707,0.0644434231045236,0.1679139177624176,0.1557117370095753,0.4640496939848653,0.0264429625176019,0.2472024396779701,0.267699335943349,0.1185178820739683,0.0180698831157233,0.0332130297192359,0.0244647533946116,0.0274118088991919,0.0,0.0049763664137909,0.0103255686982244,0.0193159995269853,0.0349573690969275,0.0256073665535394,0.0235847895112124,0.0754326544864181,0.0382408673972429
327059_3_consensus.txt,0.0322730938551369,0.1498824594419598,0.0307726783978354,0.1805065026572467,0.0487954766076459,0.0342865045059213,0.074861201637832,0.1042001827288627,0.0405818409655127,0.0600127223491933,0.0339185781562783,0.2581895733947403,0.0494195470962095,0.0477906870054436,0.0509807581148535,0.0625538429764356,0.0623853158847316,0.052005151666334,0.0499292680969638,0.0531924449614411,0.05544005213049,0.0655649539465255,0.0627316040064345,0.0611957944750667,0.0577242587230859,0.0539109605146661,0.057181260714624,0.0659643262675047,0.0604279383697283,0.0525909703481106,0.0478340342341567,0.0442731233402451,0.042185284375547,0.0494962582021543,0.0504441257780499,0.0490775174266921,0.0499633661239116,0.0491023586101544,0.0517654061906416,0.0478041981132237,0.0467200680974251,0.0491388749213248,0.048840079157677,0.0470207537816795,0.043681647311323,0.0499237248588082,0.0505189065667996,0.0469558072751716,0.2577907882632395,0.0788694497594546,0.138647060398009,0.3227022455434305,0.0831691960742819,0.1134052436555759,0.3263267772123157,0.1282237987761529,0.0269037894277435,0.0408966197527274,0.02820543130401,0.1041402524732477,0.0347113799239924,0.0293122171694486,0.0422841398689071,0.0926137510469367,0.0311186393939406,0.0389279568981049,0.02653340235865,0.0471179467173819,0.2259930205546343,0.205794454773855,0.3108567820311174,0.1464626219709597,0.1687494679707946,0.1243637943798017,0.122107919445801,0.0384636086216199,0.1080804214831205,0.0713896329262704,0.1788822904789224,0.1663557246870155,0.481929690152004,0.0267685846405898,0.2611085514526206,0.2817627868638039,0.1279128240549898,0.0153525902118074,0.0316067880239741,0.0221399595411018,0.0259690515455419,0.0049763664137909,0.0,0.0128391021245928,0.0223508453812648,0.0334428392862831,0.0233947743520133,0.0198973464823941,0.0873305317096804,0.0402750368279898
327059_5_consensus.txt,0.036749127031344,0.0971744102313207,0.0356325206993304,0.1219655070457221,0.0369477730035718,0.0542816937700276,0.0457032591577846,0.0658974047952822,0.0336927270168558,0.040278453445806,0.0502370079004705,0.1852892761957623,0.0831675311047561,0.0815905290981788,0.0855175752108809,0.0986978889095304,0.0985154897289763,0.0865591436945374,0.0843684996106057,0.0882568583177727,0.0904410463083618,0.1025250548320917,0.0991757652502851,0.0973957263339242,0.0936471850210924,0.0888655400881948,0.09273283349874,0.1029042565008948,0.0967872835104932,0.0871068237661614,0.0791666526572436,0.0752452694097307,0.0732570779254135,0.0811932618747501,0.0830700431102915,0.0816229610569427,0.0813802081944485,0.0808234227903295,0.0837825782895294,0.0799304302757857,0.0792570408412096,0.0818800070649921,0.0800197762400536,0.078909528534119,0.0754133515639861,0.0822696365996167,0.0835671921044998,0.0785763023370051,0.1823754258968284,0.0447848057518918,0.08667767834444,0.2380749778665363,0.0486829234598849,0.0689898011209564,0.2402474186260725,0.0812908114018968,0.0301395809093865,0.0300900646772825,0.0289424297927682,0.0648620438496418,0.0276898808669106,0.0308753219643493,0.0316880386560125,0.0585233211904281,0.0309070575744279,0.0310085126193051,0.0267068660100049,0.0309799271509838,0.1568262999579825,0.1410270949982592,0.2278214600716772,0.0954499731172582,0.11094408466142,0.0768186417360343,0.0752491503947219,0.0236436400114579,0.0667984085935708,0.0399148363329375,0.1191468771807491,0.109391928283693,0.3737633401339106,0.0300042443659123,0.1828421669929865,0.1993473933096465,0.0766223642092827,0.0379327586020394,0.0636160246816821,0.0508308726785076,0.0563252488556713,0.0103255686982244,0.0128391021245928,0.0,0.0080522670763709,0.0659194785400565,0.0525216658876761,0.0470349089667792,0.0498541931253457,0.0647468088209421
327059_6_consensus.txt,0.0404218041191208,0.0846935029543773,0.0488925604216463,0.1064375983012793,0.0422795688775083,0.0748197417431102,0.0435319805484484,0.0580747036906892,0.0408432605596491,0.0421701050486476,0.0688550645272387,0.163779630243539,0.1085294568966972,0.1066099845646659,0.1115210773015329,0.1267159554174748,0.1266568505194545,0.1129834413078549,0.110148729675803,0.115372233019606,0.1175870695896756,0.1309119087547552,0.1267674933174705,0.1253078561331939,0.1207609234082545,0.1155045721932994,0.1199673976976907,0.1313721223310437,0.1246084045272839,0.1133221766956911,0.1056727175237925,0.1013873684125288,0.0983755125250009,0.1090325691608633,0.1116431274012823,0.1093979369134681,0.1082614891518485,0.1082349565053446,0.1109043728159431,0.1076379201708332,0.1068287746646534,0.1095116318134703,0.1062241267998498,0.1055474372818423,0.1006997468452519,0.1103085256843972,0.1123705944615016,0.1060798776747793,0.1569127307612756,0.0358745426771989,0.0713831462678848,0.2100252550301355,0.0396476623454296,0.0545781726002063,0.2114901054635405,0.0612033394104436,0.0346712930211632,0.026623877253173,0.0313154616288064,0.0473233087184032,0.0267395165907924,0.0340533651102852,0.0277952549322391,0.0433596640422111,0.0328539476140123,0.0283967016203554,0.0295306498918277,0.0252626158949542,0.1322570567416416,0.1181598579223255,0.1983228997419663,0.0774480375138022,0.0907722766123564,0.0613529676787596,0.0602377214405169,0.0237788781888728,0.0526928841066061,0.0326189964246079,0.0984627789899592,0.0903865905578928,0.3397042522377687,0.0423325909753833,0.1607947203579165,0.1747842255556548,0.063435660416478,0.054739722670825,0.0885926715381169,0.0718222390946357,0.0798137471232962,0.0193159995269853,0.0223508453812648,0.0080522670763709,0.0,0.0912030231260292,0.0744229890022669,0.0660382139685316,0.0416197896922181,0.0862852721811098
327059_7_consensus.txt,0.0831995657237207,0.2652082862976535,0.0519544070380115,0.3045941345423397,0.1006199557191092,0.027590247498928,0.1530868655690458,0.2002984037030577,0.0833456977196842,0.1240868427674497,0.0350564137628408,0.4034109834367223,0.0194726981379167,0.0182161576609081,0.0182337024854666,0.0213987268600304,0.0225373205577854,0.0178333674752302,0.0184953145822106,0.0174552531569665,0.0184890522278777,0.0235295423625387,0.0233076987814619,0.0211090916053038,0.0206774679116135,0.018598890100316,0.0194739423096361,0.0236360682471303,0.021316130353413,0.0189417739149106,0.0177824441385023,0.016046686854473,0.0176613390706767,0.0140665253066236,0.014909446895305,0.0151655141771627,0.0184701286906472,0.0166138796631312,0.0204416274056296,0.0143599450206775,0.0140607719459593,0.0156442190074317,0.0193939830506577,0.016342709908784,0.0173385831335952,0.0137939260198489,0.014065579275889,0.015203781833863,0.4129576656261573,0.1754627510357522,0.2597122522458868,0.4902111260225643,0.1804908881423346,0.227644650521456,0.495912086725589,0.2584722578222669,0.0715335566480499,0.1129789686010864,0.0795197593080416,0.2255198195836083,0.0995217149119112,0.0788225579272037,0.1151864238665254,0.2054164516780003,0.0848370351701142,0.1084386225791478,0.0772985229791389,0.1286626945828546,0.3763689520512887,0.3498073391585947,0.4796760857219979,0.27287115519497,0.3037876276980409,0.2445709847428236,0.2395029935887915,0.1030465162840323,0.219207047025594,0.1622220686091857,0.3145517019003225,0.2986101009461697,0.6709749004012062,0.0485969725070756,0.4083231027904261,0.4369101327422466,0.2419840971228648,0.0175120332804743,0.0018605268653679,0.0067981774513397,0.0027310635173058,0.0349573690969275,0.0334428392862831,0.0659194785400565,0.0912030231260292,0.0,0.0052568113280333,0.0126737473811626,0.1816714945726723,0.0240951808333331
327059_8_consensus.txt,0.0626905079140156,0.247372242974535,0.0486336207232964,0.2856636326866049,0.0915263123224843,0.0284519414229595,0.1406727044151097,0.1854511530733606,0.0765828930925636,0.1141282625984594,0.0344298989705329,0.3822013065720826,0.02315023097223,0.02190683238382,0.0227810271134769,0.0296074302968376,0.0301532910184612,0.0230974516336477,0.0226543209257172,0.022726965949154,0.0247890873257103,0.0324913426698945,0.0310319843124533,0.0288911730884091,0.0272669446366329,0.0243804215211511,0.0262119735649388,0.0321464211637136,0.0284257416141571,0.0240190353120288,0.020229873747013,0.0173558344354258,0.0175828841903218,0.0182352172866968,0.0186892386848303,0.0181379321224692,0.0210784565203407,0.0193123587327672,0.02234305558453,0.0180976307298399,0.0169759778362559,0.0187614487376732,0.0214365564747405,0.0184505131971128,0.0180888585118035,0.0182414773884351,0.0182796727799718,0.0178074045052358,0.3889036762968825,0.1582355288033552,0.2391146266719896,0.4640990620517975,0.1631734980367918,0.2084157695915882,0.470188236516444,0.2330717602948349,0.0580862722929804,0.0951745721579495,0.0648062481485967,0.2006863582535505,0.0821134864857286,0.0648070310357784,0.0973787903560516,0.1820526305563312,0.0692618308215582,0.090380061122735,0.063319699063868,0.1094320604343748,0.3528894896009973,0.3278071233751713,0.4539696242623794,0.2521107680977836,0.2820191934775202,0.2243177652157761,0.2202791314087635,0.0909119857637454,0.2008744351380897,0.1468809258247425,0.2935656096444692,0.2770722269747923,0.6428296356308039,0.0429629663541097,0.3860741876830627,0.4123056704949235,0.2215480906858298,0.0095709199250366,0.0046981867111526,0.0040804078076073,0.0043230709152535,0.0256073665535394,0.0233947743520133,0.0525216658876761,0.0744229890022669,0.0052568113280333,0.0,0.0072824902530967,0.1653213742246988,0.0245380607794691
327059_9_consensus.txt,0.049571939612611,0.2400452888479405,0.0493685608841545,0.2779671267597638,0.0875152485376666,0.032335730401046,0.135922729833136,0.1787372684416412,0.0748174070325431,0.1094780314095649,0.0371880514690374,0.3715093828963205,0.0289368663434785,0.0277499483018388,0.0298035624719927,0.0397943666255331,0.0390142994644735,0.0306692325803492,0.0282999193344881,0.029684400083914,0.032609387093716,0.0429213901519265,0.0401644184146601,0.0384272577677391,0.0353916410437653,0.0319633738715516,0.0350556146593783,0.0427311882575436,0.0373574372840206,0.0315364705297973,0.0245852303291256,0.0210009011435596,0.0189738535536072,0.0253628678395365,0.0249385705695788,0.0235847990859898,0.0256333409997191,0.0244429185377734,0.025324250538512,0.0236417437771123,0.0218222324788799,0.023592073463698,0.0247078614145932,0.022345599876326,0.0198395395560639,0.0252338097399356,0.0244243244318793,0.0224114764635121,0.3768111791795734,0.1494873939885277,0.2285357381307271,0.4501314177110931,0.1554528497572755,0.1992559855525462,0.4564328973577183,0.2168887171908453,0.0504800055138341,0.0849715481700705,0.0560661004303266,0.1850258503004926,0.0716488962602763,0.0543818890880043,0.0849554443925137,0.1656678358868459,0.0585897379064173,0.0772954617264192,0.0544440466913354,0.0962785259054115,0.3406822692356916,0.3171388311093643,0.4412904368655761,0.2418542639007714,0.2716275551110314,0.2133080956973811,0.2112088508348009,0.0859359211890113,0.1915151667483368,0.1401271044997205,0.2837284237190616,0.2672300651883983,0.6306300050883635,0.043209927057588,0.3768318570635127,0.4010101774967749,0.2135286519652206,0.0075443298691757,0.0112226498044138,0.0065799333862983,0.009128017679143,0.0235847895112124,0.0198973464823941,0.0470349089667792,0.0660382139685316,0.0126737473811626,0.0072824902530967,0.0,0.1614427223953134,0.0307276295445682
D103_13_consensus.txt,0.1152422353039304,0.0435844566950418,0.0850078010653607,0.057156707793176,0.0601847263565851,0.1313215493820205,0.0357044712891774,0.0379977616263609,0.0625555812995317,0.0492109620709335,0.1215807228676046,0.0944859699919309,0.2035110530693256,0.2008844278731585,0.2057041092229869,0.218478456837615,0.2199609933505968,0.2055686393909725,0.2060794018572407,0.2113255819374337,0.2117473143472281,0.2227790439976464,0.2193476714195767,0.2176825612282709,0.214215393771501,0.2084139799212394,0.2124496457001097,0.2241606799162294,0.2184044550450536,0.2068222578426253,0.1945202559734067,0.1922632709195646,0.1941534831953539,0.1955301039093067,0.2017248063002181,0.2016248893771397,0.1977958969159807,0.1985490030867547,0.2072883370197278,0.1968557608199619,0.1990059796775529,0.2024381885168207,0.1970348617595227,0.1987089791130412,0.1972863879068285,0.1976911524784128,0.203384269046257,0.1967397087208215,0.088701521799174,0.0307110130727998,0.0423392339070485,0.1323057599743951,0.0302058172979649,0.0295540578274202,0.1282482686372459,0.0314485992297255,0.0733977000916272,0.0446965544926225,0.0679358196871309,0.0305158352186438,0.0537752110564717,0.0767208919786499,0.0515202941451082,0.0355331695545313,0.0725819256931572,0.0581730508999323,0.065890853733185,0.042188809176805,0.0611550537895277,0.050653025635893,0.1067110943772808,0.030969198596864,0.0349709560810591,0.0245488525981549,0.0185194395848036,0.0298443970238881,0.0215617333547815,0.015607658756032,0.0387206709805703,0.0347383856023917,0.2217323984497134,0.0853726840829924,0.0851928336666718,0.0979494645838743,0.0301472351944802,0.1440562322726108,0.1791207000127546,0.1636288725170311,0.1686223686793582,0.0754326544864181,0.0873305317096804,0.0498541931253457,0.0416197896922181,0.1816714945726723,0.1653213742246988,0.1614427223953134,0.0,0.1372089785463224
D103_1_consensus.txt,0.0897992182474993,0.2362631244934085,0.0430183000092192,0.27465209442326,0.0867828189243047,0.0243066258836517,0.1331946386612958,0.1778199872135628,0.0699729515893921,0.1091986720602022,0.0313845472434213,0.3700042363520666,0.0522053933590678,0.0499054667751757,0.0516096201857365,0.0572811365919392,0.0580270433182272,0.0499493595450175,0.0508841020246233,0.0494613088366442,0.0514795314439968,0.0600953922011679,0.0585175835385287,0.0551067576867092,0.054177665937221,0.0508700174407348,0.0531981360561157,0.0609565766097848,0.0556514817416662,0.0525488973131853,0.0315579367420362,0.0315297974440138,0.0359295969982893,0.0304960524661428,0.0330794312301137,0.034137795672656,0.0328122713775513,0.032878842299663,0.0401025695296857,0.030514197320496,0.0328013333876366,0.0339079798641375,0.0331837401813448,0.033251500157907,0.0367287084933094,0.0304666920415437,0.0341414935811466,0.0323037834157649,0.3831890150795018,0.1620150961127775,0.2406428056080631,0.4608350492187227,0.1645992547287056,0.2064552134899928,0.4630863447154008,0.2162555735458919,0.0450790888646466,0.079472595707819,0.0531981995466015,0.1858686084012664,0.0693559277640059,0.0547000733178482,0.0834458822787018,0.167778190761866,0.0585119478429607,0.0791253446724811,0.0524955951809875,0.0975970842937545,0.3325879683245825,0.3066967708317172,0.4326523469266909,0.2342776208551464,0.2617929026411669,0.2072907980820648,0.1999819513405398,0.0769642158510688,0.1831039443403526,0.1317395653357085,0.2719552285834172,0.2573397617395301,0.6248335460233809,0.0384913707155156,0.3679872565290178,0.3968815290866629,0.2092748840286491,0.0325329486070486,0.0250963638300643,0.0265134267300544,0.0225587373388309,0.0382408673972429,0.0402750368279898,0.0647468088209421,0.0862852721811098,0.0240951808333331,0.0245380607794691,0.0307276295445682,0.1372089785463224,0.0
