Sample1,316188_10_consensus.txt,316188_11_consensus.txt,316188_12_consensus.txt,316188_13_consensus.txt,316188_14_consensus.txt,316188_15_consensus.txt,316188_16_consensus.txt,316188_17_consensus.txt,316188_18_consensus.txt,316188_1_consensus.txt,316188_2_consensus.txt,316188_3_consensus.txt,316188_4_consensus.txt,316188_5_consensus.txt,316188_6_consensus.txt,316188_7_consensus.txt,316188_8_consensus.txt,316188_9_consensus.txt,326650_10_consensus.txt,326650_11_consensus.txt,326650_12_consensus.txt,326650_13_consensus.txt,326650_14_consensus.txt,326650_15_consensus.txt,326650_16_consensus.txt,326650_17_consensus.txt,326650_18_consensus.txt,326650_1_consensus.txt,326650_2_consensus.txt,326650_3_consensus.txt,326650_4_consensus.txt,326650_5_consensus.txt,326650_6_consensus.txt,326650_7_consensus.txt,326650_8_consensus.txt,326650_9_consensus.txt,326651_10_consensus.txt,326651_11_consensus.txt,326651_12_consensus.txt,326651_13_consensus.txt,326651_14_consensus.txt,326651_15_consensus.txt,326651_16_consensus.txt,326651_17_consensus.txt,326651_18_consensus.txt,326651_1_consensus.txt,326651_2_consensus.txt,326651_3_consensus.txt,326651_4_consensus.txt,326651_5_consensus.txt,326651_6_consensus.txt,326651_7_consensus.txt,326651_8_consensus.txt,326651_9_consensus.txt,326713_10_consensus.txt,326713_11_consensus.txt,326713_12_consensus.txt,326713_13_consensus.txt,326713_14_consensus.txt,326713_15_consensus.txt,326713_16_consensus.txt,326713_17_consensus.txt,326713_18_consensus.txt,326713_1_consensus.txt,326713_2_consensus.txt,326713_3_consensus.txt,326713_4_consensus.txt,326713_5_consensus.txt,326713_6_consensus.txt,326713_7_consensus.txt,326713_8_consensus.txt,326713_9_consensus.txt,326737_10_consensus.txt,326737_11_consensus.txt,326737_12_consensus.txt,326737_13_consensus.txt,326737_14_consensus.txt,326737_15_consensus.txt,326737_16_consensus.txt,326737_17_consensus.txt,326737_18_consensus.txt,326737_1_consensus.txt,326737_2_consensus.txt,326737_3_consensus.txt,326737_4_consensus.txt,326737_5_consensus.txt,326737_6_consensus.txt,326737_7_consensus.txt,326737_8_consensus.txt,326737_9_consensus.txt,326780_10_consensus.txt,326780_11_consensus.txt,326780_12_consensus.txt,326780_13_consensus.txt,326780_14_consensus.txt,326780_15_consensus.txt,326780_16_consensus.txt,326780_17_consensus.txt,326780_18_consensus.txt,326780_1_consensus.txt,326780_2_consensus.txt,326780_3_consensus.txt,326780_4_consensus.txt,326780_5_consensus.txt,326780_6_consensus.txt,326780_7_consensus.txt,326780_8_consensus.txt,326780_9_consensus.txt,326797_10_consensus.txt,326797_11_consensus.txt,326797_12_consensus.txt,326797_13_consensus.txt,326797_14_consensus.txt,326797_15_consensus.txt,326797_16_consensus.txt,326797_17_consensus.txt,326797_18_consensus.txt,326797_1_consensus.txt,326797_2_consensus.txt,326797_3_consensus.txt,326797_4_consensus.txt,326797_5_consensus.txt,326797_6_consensus.txt,326797_7_consensus.txt,326797_8_consensus.txt,326797_9_consensus.txt,326907_10_consensus.txt,326907_11_consensus.txt,326907_12_consensus.txt,326907_13_consensus.txt,326907_14_consensus.txt,326907_15_consensus.txt,326907_16_consensus.txt,326907_17_consensus.txt,326907_18_consensus.txt,326907_1_consensus.txt,326907_2_consensus.txt,326907_3_consensus.txt,326907_4_consensus.txt,326907_5_consensus.txt,326907_6_consensus.txt,326907_7_consensus.txt,326907_8_consensus.txt,326907_9_consensus.txt,327059_10_consensus.txt,327059_11_consensus.txt,327059_12_consensus.txt,327059_13_consensus.txt,327059_14_consensus.txt,327059_15_consensus.txt,327059_16_consensus.txt,327059_17_consensus.txt,327059_18_consensus.txt,327059_1_consensus.txt,327059_2_consensus.txt,327059_3_consensus.txt,327059_4_consensus.txt,327059_5_consensus.txt,327059_6_consensus.txt,327059_7_consensus.txt,327059_8_consensus.txt,327059_9_consensus.txt,D103_10_consensus.txt,D103_11_consensus.txt,D103_12_consensus.txt,D103_13_consensus.txt,D103_14_consensus.txt,D103_15_consensus.txt,D103_16_consensus.txt,D103_17_consensus.txt,D103_18_consensus.txt,D103_1_consensus.txt,D103_2_consensus.txt,D103_3_consensus.txt,D103_4_consensus.txt,D103_5_consensus.txt,D103_6_consensus.txt,D103_7_consensus.txt,D103_8_consensus.txt,D103_9_consensus.txt
316188_10_consensus.txt,0.0,0.0211808555496757,0.0233696344050597,0.0150563630544029,0.0225486030528099,0.0241356792689533,0.0123391919334228,0.0238883463440817,0.0286531508834508,0.0226659030704476,0.0296350772881979,0.0259499635855453,0.0150727244343054,0.020032993665362,0.0222485038914008,0.0154079565085245,0.0212630954718324,0.0233330393544752,0.0663690924611639,0.063038293179467,0.0646358109015379,0.0600945088999065,0.0648587360310015,0.0659131202120626,0.0679281344542301,0.0663070958022356,0.069816315830506,0.0622151341936616,0.059068756389621,0.061399153042708,0.060711426838389,0.0630605823123549,0.0615780511156227,0.0614348179610111,0.0592764089437185,0.061310490052211,0.0937968666371293,0.0934429604226299,0.0917919189303972,0.1000587184695041,0.0983299702417372,0.0945728016607905,0.0899776640396465,0.0944648800826675,0.0942754755347214,0.0991102043167684,0.098120335668403,0.0920854792973679,0.0932707779405568,0.0960646155261475,0.0955264645356299,0.0983470750614721,0.0966995612593297,0.0930834439535477,0.0583393107973702,0.0597988390039621,0.0606813986112815,0.0616396160099412,0.0609757017457468,0.0612560402379447,0.0586351413288364,0.0592748781436869,0.0610555744740128,0.0622344022761547,0.062415519027752,0.0601839669633905,0.0592779987137408,0.0593906057831059,0.0613508895643892,0.0622305519157642,0.0616422706135741,0.0596095860340044,0.0716111722476027,0.0830724030656613,0.0827536068270342,0.0671534859888511,0.0648294746837336,0.0728915338752758,0.0699443037136484,0.0845618610378142,0.0875476072366669,0.0682562696719326,0.0603836517536349,0.0653339413752407,0.0692435015622692,0.0977384577642936,0.0854270278258999,0.0608362196468625,0.0633241203915497,0.0688054393808705,0.0679539274203255,0.0611443739952388,0.058439576975382,0.0578254171594618,0.0576729644979625,0.0578155619605231,0.0594503973678257,0.0584170483287893,0.0575554992568587,0.0574881268811324,0.0592620903960359,0.1123763557873918,0.061759499579038,0.057763651867515,0.060504259839476,0.0571550820577888,0.0588624430346218,0.0813301458280895,0.0668717300788337,0.0638217008065762,0.0649307039633999,0.0663899249939872,0.0668427563585831,0.0658811588972794,0.0675221504768543,0.0661671544924056,0.0713749516930573,0.0647481308442374,0.0693142530483221,0.0702829673588274,0.0647411744438049,0.0649389299935645,0.0660279520189908,0.067168425470399,0.0675038288738978,0.0657485448064774,0.0979505947238283,0.0672849264865398,0.0726430460313185,0.0655807837363973,0.0827886455056159,0.0690121055281158,0.0778308342049136,0.0797620396714791,0.079322689837145,0.1685666868697444,0.1458511947189213,0.0723792231293014,0.0702381438670469,0.0726114457217219,0.0754057595101054,0.0668033416090612,0.0770985247847848,0.0812078994616456,0.0675821803589835,0.0646651867308483,0.0653168770739878,0.0691286355580533,0.0681678115086255,0.0662329802754131,0.070836653029942,0.0700123126583909,0.0666919892109945,0.066097168003596,0.0624601018970079,0.0589959378816145,0.064210309668848,0.0626820898738884,0.0593340094566752,0.0703780733344867,0.0684652078247332,0.0633307020427516,0.0837628649906481,0.0904247226387839,0.0890350833531021,0.0806292668427817,0.1068460174542611,0.0835970112352741,0.08574510977712,0.0973348484644978,0.0882533933706213,0.0866400932660962,0.0859939654330039,0.0832986416296099,0.0769508232670945,0.0873814317237675,0.0835204049370919,0.0824502974527323,0.0933140866089319,0.0813165875719033
316188_11_consensus.txt,0.0211808555496757,0.0,0.0263608842408542,0.0233565008367486,0.025856181056894,0.0299870189476738,0.0252702243631333,0.0286600262857499,0.0338339325543675,0.0308586098886909,0.0321029273697028,0.0332668673438636,0.0264282894052385,0.0273035004741171,0.0312113273980729,0.0231646831602354,0.0307678455305966,0.0304700838059268,0.070848617440701,0.0677309242620474,0.070007370050714,0.0664639447157746,0.0682493634115282,0.0690388516427313,0.0729350714174268,0.068976793801986,0.073895974412693,0.0704706156893735,0.0656585889346734,0.0676946934643307,0.0664797998922992,0.0672049364819447,0.0683391755054705,0.0679806947584094,0.0666649217285035,0.0669112966993985,0.0955237369507795,0.0959358777633898,0.095102023683804,0.1039718781889531,0.1012304656756901,0.0985690754499639,0.0924032497396556,0.0965425402969213,0.0977368046745805,0.1042869995632234,0.1013573843507691,0.097655883538045,0.0956353940760132,0.0985547562855941,0.0997928741435272,0.1022350962302898,0.0997337924450469,0.0972151861545702,0.0701375208373491,0.0708799459667464,0.0699836761959398,0.0740902411323585,0.0719032048090131,0.0708232710039178,0.0701161514095867,0.0699655686582421,0.0707308079707029,0.0729900037444535,0.0725166341379832,0.0695385832964401,0.0710446011894951,0.0699179499132034,0.0696285147484552,0.0736298522307672,0.0727995927650502,0.070168634771516,0.0728497686165914,0.0834109352512424,0.0837908102946478,0.0687808897007862,0.0665639601587493,0.0728240293357425,0.0714514050585526,0.0824711257437247,0.089842141997539,0.0701377658756072,0.063441337146429,0.0678442103073262,0.0706573247153059,0.0975149555130947,0.0855666416282208,0.0631672713614213,0.065669166897198,0.0702136278572735,0.0764740255045746,0.0702163582092945,0.0688573674089028,0.0694425761854962,0.0692630762191299,0.0696879111500763,0.0699590510158083,0.0696679451371276,0.067760694185778,0.0684161303764394,0.0702003000001347,0.1233468601020035,0.0712720531456989,0.069744635695458,0.0711413540779748,0.0694487725261892,0.0700621775053704,0.092696057480448,0.0763203246011627,0.0738563275077588,0.0739940707615591,0.0756012044528384,0.0764170124929553,0.0746232064482352,0.0743392079526845,0.0751304249630937,0.0791146109609037,0.0743632338676674,0.0788208276094319,0.0807076585638313,0.0736492649999362,0.0763855396610528,0.0741718578295662,0.0762109748122776,0.0758776424003127,0.0731365768435381,0.1127242249325686,0.082684134263208,0.0862331456550196,0.0783269589133102,0.095476192021648,0.0837072624369028,0.0893884829158873,0.0934163277949178,0.0936939451701857,0.1793474103987984,0.157081368986045,0.0873419911743527,0.0834431178564489,0.0880077250229511,0.0891553125116573,0.0825848443142405,0.0905938967463066,0.0953199130931317,0.0820441179959567,0.0781715870957349,0.0798972124621082,0.0842384192548761,0.082275619335201,0.0799162558859949,0.0857779296008889,0.0840544031104642,0.0794063016353368,0.0805912251408234,0.075974112714837,0.0723113229421033,0.0777161741668113,0.0770500786971233,0.0728498246517004,0.0848915775452407,0.082398761215308,0.0763853647014425,0.0919031956447522,0.0995049300264661,0.0979906094551799,0.0912221392634826,0.1191345602628288,0.093070706374811,0.0941936383035395,0.106099803739295,0.0999260752600497,0.0946467693359656,0.096934551993046,0.0888667373479643,0.0861660673400122,0.0962126144677633,0.0915413823276196,0.0916932786930111,0.0994521172215625,0.0924039758103489
316188_12_consensus.txt,0.0233696344050597,0.0263608842408542,0.0,0.0258979852962975,0.0256919316357828,0.0305309227795467,0.0259854874406908,0.033825705673677,0.0332972679210357,0.0330815153702825,0.035936070242025,0.0357539645049218,0.028695435719749,0.0298141057537719,0.0300054612482698,0.0267827760154553,0.0307532435867079,0.0288222863858109,0.068086075172224,0.0661085868966182,0.0666291230200437,0.0674604117068486,0.0670933047382966,0.0673182219701438,0.0705515845048818,0.0683627171561109,0.0708998821821058,0.0729190765271052,0.0640607420071548,0.0657940813823714,0.0645907808729582,0.0674205062736437,0.0663684892196743,0.069533320294183,0.0635754519454758,0.0649421278525039,0.0996646910266196,0.1001426722376965,0.0994179600310118,0.1099874008670038,0.1063338877471666,0.103603020372665,0.0961349151994355,0.1006100189683181,0.1021812764127663,0.1099772929668292,0.1068278765296604,0.1024461240167387,0.1008706892510655,0.1035391678045778,0.1053005224547769,0.107808460920995,0.105086889965337,0.1019273438862384,0.0684022427115902,0.0693156214831471,0.0676625642123838,0.0738595739956089,0.0716267119664353,0.070054475049325,0.0688897790149472,0.0688031970578215,0.0678862023970197,0.0737063591498357,0.0724178690055143,0.0687567540411286,0.0688526283583375,0.0685926070351827,0.0669501076716425,0.074160669205745,0.0719397186996886,0.0689734807782009,0.071746928055786,0.0800215116755431,0.0809653182260063,0.0686622001922998,0.0678591805854562,0.0720006426602513,0.0689167532425969,0.0811573746041158,0.0875360733308676,0.0684384401079665,0.0631159338059301,0.0660881851117514,0.0680750397802123,0.096299249948438,0.0827454096862787,0.0633571180988346,0.0657230319515118,0.0686156851226771,0.0723330552653784,0.0671940844092491,0.0647583826178905,0.0685528694438311,0.0684547088298463,0.0679433958665551,0.0672922381756526,0.0684642630226664,0.0654632205691196,0.0670455407945551,0.0686660054799759,0.118887781560125,0.06751586602621,0.0683049171728429,0.0680474496514165,0.0676078423218546,0.0677554571033152,0.0864033683541887,0.0746636964915445,0.0732080462820512,0.074244635637755,0.0733225457169339,0.0762741002825233,0.0748804938942937,0.073439812902416,0.0743420203191611,0.0806504973911401,0.0739275425226502,0.0802953710846088,0.082014626024752,0.0737272971023523,0.0761978287958156,0.0755706199129022,0.074287329005025,0.076597599585515,0.0741383890368654,0.1106718494124585,0.0800642016761701,0.0831727916702513,0.0772714041670772,0.0933606144276897,0.0806571759025285,0.0869825891043838,0.0918609782149966,0.091399240216476,0.1800907318709894,0.1555403119796654,0.0844773705696271,0.0806261115994058,0.0839291508514126,0.0861330981661687,0.0802899007657984,0.087482507083715,0.0930981198643703,0.0808960201149195,0.0773781234676276,0.0793659769011574,0.0859448240816664,0.083525878192634,0.0797946225569603,0.0842724180961713,0.0833438347604094,0.0792901316656502,0.0823658577769208,0.0766636832243996,0.0722776407948906,0.0761068066515564,0.0757042582845395,0.0708681316979671,0.0867462162166061,0.0834673864055153,0.0767646165528903,0.0914515427503044,0.0980197322492069,0.0976307737352275,0.0929736962371787,0.1148497062143709,0.0933875387500169,0.0921218426703927,0.1064449791916377,0.0968342793447574,0.0984100195528148,0.0950885370166512,0.091240763818523,0.0850107890801918,0.0933996583646772,0.090706572197531,0.0941770091919735,0.1000246241851678,0.0922820040934837
316188_13_consensus.txt,0.0150563630544029,0.0233565008367486,0.0258979852962975,0.0,0.0223298401684095,0.0229970890217972,0.0132810883969538,0.0233336945415079,0.0276239321154116,0.0233049276315089,0.0294491253698483,0.0261531965688552,0.0154167833973639,0.0192082288647981,0.0227496946255243,0.0169785750375002,0.0244642626503281,0.0229516653886259,0.0700946970008242,0.0663810527142576,0.0679128485519164,0.0604016113073342,0.0679777990306416,0.0672778178618171,0.0730664096116093,0.0675434579814195,0.0721355388194036,0.0619369021378473,0.0615043186745838,0.0629406760973187,0.0637174795031629,0.0644354351123785,0.0643551127748081,0.0616994934580459,0.0622478771332657,0.0666682592798508,0.0911283302281118,0.0905172156720146,0.0890004874808223,0.0977630505185747,0.0951497476576506,0.0913650256082236,0.0872131308948107,0.0908555847250021,0.090728000099177,0.0966813615851087,0.0956034548198419,0.0893959460346955,0.090414234215757,0.0930416493164898,0.0928592743469751,0.0959402602494154,0.0941277393228938,0.0904679226467237,0.0540114664494293,0.0554799475183704,0.0557719917506034,0.0576943082261962,0.0567371998682286,0.056424601525987,0.0546473167694365,0.0546276758426031,0.0560921297009109,0.0578759351749402,0.0578857099229059,0.0554961545345582,0.0549958093060549,0.0547214829787128,0.0565083658052252,0.0580340102086269,0.0572417666608044,0.0549440832808612,0.0737864727270425,0.0846481332044408,0.0844670872279387,0.0696699776182878,0.0673008507831793,0.0739548369418212,0.0735652372501212,0.0835294155046915,0.0856192704654903,0.0741180915982813,0.0634907715793327,0.0683011403847473,0.0748809805050809,0.0988878797497267,0.0880355540630049,0.0643475284132515,0.0676003356243324,0.0735155934632567,0.0690673575346147,0.0637342452879297,0.0599647869937234,0.0586368997577686,0.0597448054495117,0.0583177152978882,0.0625250452104371,0.0595894353355026,0.0584111072748214,0.058642313075337,0.0616555802190941,0.1122250329195653,0.0654427170338936,0.0592428210121704,0.0619518937497547,0.0582283701413191,0.0604737138762319,0.0800601833874505,0.0726633138170651,0.0679189835842715,0.0700034424851514,0.0709027683585103,0.0710824862831476,0.0694194820018019,0.0726478545865818,0.0678465226344018,0.0745153012606598,0.0679911560075581,0.0731955891745981,0.0732916278766104,0.0696951413776307,0.0678252896624309,0.0698222777869812,0.0707259455847788,0.0695294877280909,0.069582523404259,0.0931060737545435,0.0709189119121687,0.0690775881960883,0.0652735640395913,0.078497235677803,0.0665697833422367,0.0740029268143356,0.0759292404988949,0.0752364761316251,0.1689981504896005,0.1410527250634743,0.0744817045000107,0.0728285613350472,0.0748989875245893,0.073093459819832,0.068769113786347,0.0800717752537476,0.0835843942925702,0.064246241878056,0.0618988559296234,0.0619587927717963,0.0662791637979145,0.0651658019038805,0.0632307302460661,0.0672374816147627,0.0656456517318506,0.0631740509076008,0.0637910757666651,0.0614836266871989,0.0581208434726878,0.0626335207629944,0.0606643877017925,0.0588626996617929,0.0673430472596514,0.0654723953275988,0.0603719903978312,0.0843292996609799,0.0907097847088245,0.0903136138844686,0.0832170523220323,0.1067966573573659,0.0854327282130196,0.0872378267897424,0.0957401342511019,0.0872921106607895,0.0857195419776726,0.0858919201863237,0.0835952033577003,0.0784192158344652,0.0872830655064218,0.0828176964834623,0.0822588659568577,0.0930745039989915,0.0822767091072025
316188_14_consensus.txt,0.0225486030528099,0.025856181056894,0.0256919316357828,0.0223298401684095,0.0,0.0275429870827013,0.0241083619800388,0.0306547848710403,0.0325176961005544,0.0311095222132316,0.0296272748841124,0.0331026513612675,0.0254137935635236,0.0271969926797348,0.0278847838174716,0.0247173520317112,0.0292336159994555,0.0272982318121286,0.0711665673923391,0.0687430321753694,0.0695844940338812,0.0675300262858042,0.0701390245920929,0.0681241668912235,0.0744140656245129,0.0697286473929832,0.0726994100537741,0.0727775530255661,0.0657500057378781,0.0675379373678168,0.0663304983568711,0.0688443781716907,0.0681997389335853,0.0694882352525514,0.0659411997865344,0.067971598368496,0.102026492925991,0.1015839639697313,0.101229282055776,0.112564489443379,0.1084613423616858,0.1053398886755747,0.0978789938793056,0.1018652958398265,0.1039178769261628,0.1124913341585802,0.1095900634155047,0.1041962886172509,0.1026039242617793,0.104946992515849,0.1069949512254693,0.1103981172612789,0.1072026172216444,0.1041303981725754,0.0692500041427806,0.0703825499820895,0.0681880698827956,0.0753666063445175,0.0727696029206708,0.0709423506516833,0.0694114644027186,0.0692947786045126,0.0687083776265771,0.0746276385375281,0.0735885515446757,0.0697954247079399,0.0695996009224142,0.0698331636623539,0.0677266502934141,0.0752973646975903,0.0733534735952057,0.0699658387334478,0.0738133731924621,0.0822782956124568,0.0840039472850628,0.0727358588727664,0.0703189129777808,0.0726261618122148,0.0711051287327757,0.0821431794515872,0.0889066343368689,0.0749732037804333,0.0664009067013831,0.0704819004421422,0.0734121454958041,0.1011105780025012,0.0847230398057794,0.0664975103972658,0.0695523445214645,0.0734685915832846,0.0700669475695532,0.0667493632792979,0.0637034987653839,0.0662602632880009,0.0677118713806192,0.0661841405413827,0.0656929856412791,0.0660688288507191,0.0632441770388716,0.0655487204776159,0.0668240589981685,0.1182567738886746,0.0665529147075068,0.065762011290527,0.0667111665341364,0.0658542831965736,0.0651461928038381,0.0840575142598352,0.0766803914842997,0.0746472988281405,0.0752868217306401,0.0752243009182462,0.0770414652321695,0.0752976622493148,0.0749435719539013,0.0754805756752619,0.0796373521744975,0.0747013337872983,0.0817803666347529,0.0822585730852223,0.0747936352375582,0.0768453927406698,0.0759576683991474,0.0762377513189394,0.0769018381856518,0.0749330240437657,0.1105757866774226,0.0843394843248148,0.0851544780339823,0.0796065997076116,0.0935919856401374,0.0824051789867388,0.0896538359809362,0.0934039011963907,0.0913707997273425,0.1836151604568083,0.1576574896806901,0.089914505774038,0.085684702593749,0.0888606424023112,0.0885862806324357,0.0842989457792429,0.0931339388445735,0.0973422735616074,0.08115300276995,0.0777296697171809,0.0794317618598627,0.0863777719800946,0.0832183635303565,0.0798614429722777,0.0847518498654791,0.0836028210718513,0.0788319423053662,0.0829569964386589,0.0778869778997819,0.0730125440947224,0.0776317925363763,0.076872178347461,0.0719074235788905,0.0873535858174081,0.0835360691973026,0.0771106152024936,0.0935909596087292,0.1008128486535389,0.1005297055132183,0.0965002295480497,0.1174044638294677,0.095646716825211,0.0967996904285026,0.1077641565552234,0.096848763491077,0.0997920590308929,0.0959536642770775,0.0934865225221157,0.0875248543041111,0.0939937717238477,0.0929318454090903,0.0961038690189388,0.1032683309894082,0.0958124320312174
316188_15_consensus.txt,0.0241356792689533,0.0299870189476738,0.0305309227795467,0.0229970890217972,0.0275429870827013,0.0,0.0246442483754751,0.0313974382473656,0.0318962361031731,0.0334674287681986,0.0370453170562727,0.0323942571183195,0.0264520843912645,0.0281579489720202,0.0272096569440529,0.0261482725119499,0.0310125726547099,0.0278687891664528,0.0751932162881487,0.0725496809222487,0.0727816381855479,0.0724685188606208,0.0752339777227577,0.0752811004660971,0.0790979088281824,0.0758169898125062,0.0783654323068967,0.0768859921901503,0.0701597815690568,0.0726581708670135,0.0715990551780532,0.0741505572400242,0.0726390068859803,0.0750741065498781,0.0695421225038099,0.0710330800637075,0.1141287616146726,0.1135300214914503,0.1124648550380094,0.1238416309279104,0.1201959328053501,0.1157299412089392,0.1093279247506533,0.1133149249847322,0.1149100660124373,0.1224868633435107,0.1203549047530847,0.1137201160700502,0.1140482208033981,0.1168501236875148,0.1175016343934043,0.1212716983787878,0.1189197224718965,0.1150859502207151,0.0718618969338162,0.0748162217279677,0.0747361930426482,0.0791417074518152,0.0776477148828629,0.0757842677063269,0.0724144210234527,0.0729390112776284,0.0739079467232857,0.0794792408205289,0.0784522283815096,0.0749576784760384,0.0727908274031339,0.0737198618259178,0.073866583167315,0.0792653095485569,0.0779724995492658,0.0747009563351772,0.0808276685739803,0.0880935509508704,0.090017302123317,0.0788065006919591,0.0764119572083119,0.081161827066543,0.0795855550401265,0.0909043608512956,0.0963551215133673,0.079568778979322,0.0728993045865102,0.0759003885121103,0.0810957122238642,0.10869114393304,0.0923197732852676,0.0735558597463583,0.0780651481332865,0.0792044393069666,0.0733546007069652,0.0685286451922566,0.064820687462789,0.0667197253792561,0.0679926346514889,0.0662002109688897,0.0676636513884307,0.0677078244269369,0.0654607687125805,0.0662943382988174,0.0678993673590726,0.119196987810171,0.0677477219343147,0.0662006555238035,0.0671571073935597,0.0664923407987192,0.0673111529371199,0.0846834094016051,0.0801363552318097,0.0757793961388682,0.0774588149350989,0.0776168130730097,0.0798753723098153,0.0789100892256762,0.0784024402608185,0.0770362831392477,0.0840581010235954,0.0758836883243043,0.0830016978581866,0.0841685277085781,0.078175025772289,0.0782132618648994,0.0786196666097396,0.0766845474388979,0.0798756483794784,0.0788300954973317,0.1086511943132322,0.0801989701699312,0.0836823144022416,0.077753670422787,0.0944803671342029,0.0806286281855594,0.0906242405286148,0.0907732192794057,0.0897258548127819,0.1779863372846311,0.156422770455527,0.0867235520547291,0.0831161046691262,0.0847372350720201,0.0854388732950957,0.0796328827204018,0.0901805291454307,0.0944034041043488,0.0841009892686761,0.0830675785303149,0.082913534130542,0.0909931572722406,0.0880715138985799,0.0848157995009222,0.0878646568092547,0.0869699753794401,0.0829758407624865,0.0882324708785997,0.08330405327919,0.0773224236853638,0.0811227953115931,0.0794603847129007,0.076860358338207,0.0916792384035698,0.088420334735237,0.0817004964393799,0.0910376973584536,0.0978804852574537,0.0993998262224664,0.093656161812671,0.112331830805636,0.0936884222969078,0.093923287459356,0.1058077449166967,0.0963615577823056,0.0984960450622987,0.0937691688694721,0.0904687897237748,0.0849595419730535,0.0940964194536277,0.0903223727324613,0.0958228664250064,0.0989336273327037,0.0919475569525731
316188_16_consensus.txt,0.0123391919334228,0.0252702243631333,0.0259854874406908,0.0132810883969538,0.0241083619800388,0.0246442483754751,0.0,0.0240835512774966,0.0282174076105814,0.0229923085223884,0.0309090391336281,0.0260110091044714,0.0132439591456687,0.0198817448688313,0.0236221103768308,0.0172370267007178,0.0235240722163272,0.023604351721155,0.0735149193969135,0.0694724880643438,0.0705397335009143,0.0635312495432547,0.0712283576418455,0.0713623235604608,0.0758497947753724,0.0711397257864092,0.0757059691588377,0.0641102495934635,0.0639630865775071,0.0658296692867681,0.0666187337570862,0.0674910564439308,0.0663965593229747,0.0640494273238845,0.0648942351128996,0.0692857271994844,0.0922583863900161,0.0915725228826769,0.0899369010903887,0.098294923077125,0.0962350096134772,0.0921368258708072,0.0885335070468764,0.0921089787593771,0.0918378445783068,0.0974486650388808,0.0963566988246587,0.0897678259518963,0.0918260860356712,0.0940752418103691,0.0934181359225405,0.0966665421764574,0.0949059504192142,0.091080689959508,0.0541479980894825,0.0558416788606601,0.0568243958048277,0.0575027157368506,0.0572047782222764,0.0571799847729259,0.0548482464702475,0.0551667960889119,0.056930757997037,0.058338400930034,0.058353558359089,0.0564610602993109,0.0550894641647277,0.0552825120713533,0.057986536378964,0.0583400316822571,0.0576170769532904,0.0556383071647577,0.0777944850518483,0.0890901937212422,0.0889446680654408,0.0729369367296062,0.0707221544487275,0.0784764370291197,0.0774254905337086,0.0881460158766236,0.0874666385433204,0.0768759985843656,0.0654519892227867,0.070869310579444,0.0775901002980496,0.1007423027624421,0.091387833146598,0.0665196866739608,0.0702430196518655,0.0765541594707972,0.0727383081721075,0.0674172144937879,0.0627945590470142,0.0619115641507308,0.0624996946270313,0.0610733670570553,0.0648201139714768,0.0627219861823196,0.0613682957557166,0.0613985993619277,0.0644278800211539,0.1140578201251374,0.0684173112656552,0.0617232868679877,0.0648612840966889,0.0611161772980368,0.0634682198067997,0.0843753531303983,0.0753373276250339,0.070660952395384,0.0731198173825866,0.0729232469047129,0.0727421110016948,0.0720517881311515,0.075807165979187,0.0700465402040517,0.0784296376831346,0.07005800438706,0.0752128139307135,0.0752017176660402,0.0718272794684757,0.0697625625662379,0.0732644532693918,0.0731279199343921,0.0718369489203727,0.0729149878382768,0.0920623658212234,0.0704567617968043,0.0680609710001292,0.064894465157792,0.0780994439805979,0.0657993690979159,0.0734495663035579,0.0754344905378108,0.0746222742109008,0.1694579373108586,0.1415003028808374,0.0727351379265481,0.0730839529840814,0.0745705419837232,0.0719980336848262,0.0676922902615571,0.0787363733929567,0.0833740327440537,0.0618836742800503,0.0595713074531936,0.0591874492312367,0.0632078821328399,0.0625431818074533,0.0606488641039888,0.0642943789042691,0.0631677943681623,0.0611818113021076,0.0613138987922914,0.0591195855488759,0.0557581029773839,0.0603314370007943,0.0584854714700266,0.0567044058532868,0.0645319856740744,0.063167353551548,0.0584563210996673,0.0868453536298998,0.0921837456748555,0.0919478574146692,0.0845075238927579,0.1078042358965261,0.0858288497372719,0.0884613729127341,0.0981823173493765,0.0879266162878611,0.0878152123012174,0.0873023077499715,0.0867361900433429,0.0803376678359324,0.0901107418497302,0.0856928196332935,0.0837504591309699,0.0942753816267689,0.0830614563413369
316188_17_consensus.txt,0.0238883463440817,0.0286600262857499,0.033825705673677,0.0233336945415079,0.0306547848710403,0.0313974382473656,0.0240835512774966,0.0,0.0361262534124611,0.0317898720920428,0.036802564657445,0.0356651365986087,0.0259112566747665,0.0266819997928147,0.0305850732535368,0.0259081252825161,0.0323457267254738,0.0320647565985883,0.0807992767221881,0.0781140649193936,0.0784044406834674,0.0738349664735942,0.0790120083478154,0.0784026214300794,0.0831431262864788,0.077998110785872,0.0814244761089177,0.0758960153953056,0.0735679900220969,0.0751734556151504,0.0748962953974556,0.075862443721391,0.0743312449335391,0.0745963905058344,0.0742793120353964,0.0759353089292558,0.1051070374622238,0.1049416039816018,0.1040485176881267,0.1132917437137779,0.1100690036332885,0.1061779664164284,0.101060069228497,0.1049279102115852,0.1058587117896925,0.1120624012897266,0.1103554780805042,0.1047259391941546,0.1048450603286754,0.1081156377198251,0.1078628984998886,0.1111745589239419,0.1087593472466785,0.1054368021611011,0.070107004405429,0.0723262775247004,0.0722875469352137,0.0760245781141124,0.0739211886321919,0.0732406958683133,0.0707257592764127,0.0710089902782735,0.0725665645853137,0.0756833812364465,0.0751575809227311,0.0722838638979039,0.0706409347087699,0.0712989877685927,0.0725373294308759,0.0758277998341245,0.0746088464469858,0.0720057523690842,0.0840900206654433,0.0939401833208224,0.0953214841333993,0.0820501839444567,0.0769430627185387,0.0844309055839618,0.0827628504828856,0.0950841594769613,0.0955925468816971,0.0847202406191209,0.076277484850979,0.0796007156298346,0.0833648893603671,0.1076031634370791,0.0968336364395323,0.0765180417554463,0.080254374038609,0.0841723607804851,0.0805332033973087,0.0776487747293011,0.0727148698250736,0.073294916395822,0.0744456410942504,0.0729507433132967,0.075118906804505,0.0745230161805157,0.0713466914007536,0.0720441797330373,0.0750394237218996,0.1235938652790338,0.0768011365016647,0.07242274940476,0.0750212853454339,0.0730955404517779,0.0746458275010368,0.0923202588671863,0.0844443079042456,0.0815172650640532,0.081349729636857,0.083182863903203,0.0838182372504734,0.0826850908170424,0.0835955736535911,0.0818155983205404,0.0852156422637406,0.0799828842627965,0.0864080142016572,0.086223430713094,0.0824582392327766,0.0824497581272281,0.0825751832846348,0.0827158192495183,0.0829936435730225,0.0823001985109757,0.1105065474906341,0.0864109021607717,0.0863730694647069,0.081065651147508,0.0963368603736194,0.0829849365446682,0.091521800031006,0.0943017635242355,0.0923520932052319,0.1838811923334962,0.1543132454133511,0.0905817789238376,0.0883273208863633,0.0911599787872825,0.0880131705729212,0.0852756520688782,0.0958927473834068,0.1007947693621647,0.0806009201516566,0.0786246775055783,0.0791169188954992,0.0849895265224525,0.0830698736401389,0.0801508452135131,0.0840893909051239,0.0827941677608032,0.079796666531271,0.082514429975788,0.0790251615328498,0.0747385736839065,0.077728988130687,0.0776223881513296,0.0756220590211702,0.0864557255478892,0.0838648289906638,0.0776914279879958,0.0999029828534787,0.1066371482909662,0.1098830170625984,0.1004056960847066,0.1231700423311767,0.1014021741809072,0.1020344181731447,0.1107603456591004,0.1027615323119945,0.1047677071041697,0.100722513427522,0.0994166407618113,0.0940186734057482,0.1017432957041304,0.0991729102142411,0.1008534103386358,0.1092596260054641,0.1007438325689387
316188_18_consensus.txt,0.0286531508834508,0.0338339325543675,0.0332972679210357,0.0276239321154116,0.0325176961005544,0.0318962361031731,0.0282174076105814,0.0361262534124611,0.0,0.0348647497267862,0.0340287224600421,0.0345822795716195,0.0297809548066583,0.0317587732762971,0.0304900296848513,0.0300509234048913,0.0333919329161274,0.032375146003245,0.0816657323142751,0.0776069182862562,0.0785187019703519,0.0770594049909529,0.0794239503834521,0.0800703396019173,0.0834067717096305,0.0804228599436625,0.0827508751673518,0.0804457209496014,0.0750432240818117,0.0771175181265313,0.0757390761145835,0.0794936519611617,0.0781827971321602,0.0789358110013473,0.0744887088956902,0.0771565786976191,0.1102528943959884,0.1103017046718983,0.1091176113605918,0.1201953786075575,0.1164762331455362,0.1132295268018186,0.1065119137636436,0.110125687514512,0.1117359581141173,0.1191756544012196,0.1173403788363742,0.1110493443554556,0.1107756068127816,0.1132685093685914,0.1144464210552103,0.1174428691394871,0.1154251621663187,0.1114804836835929,0.0728304590034998,0.07473455163941,0.0743233902323723,0.0788284054073784,0.0772590139022577,0.0757793572734017,0.0733543835759276,0.0733162145500259,0.0731267693196748,0.0791548125397572,0.0782986925116384,0.0751003819247113,0.073094219743508,0.0738180700657009,0.0738215377380608,0.0790428239741025,0.0772625542877829,0.0750761511155939,0.085318839882742,0.0920823316675427,0.0925491736403385,0.0822331795214932,0.0814511720916675,0.0858734103463909,0.0837860458172814,0.0933639089058173,0.0976515091361465,0.084323127031733,0.0758717211719695,0.079161816732542,0.0841347276041082,0.1094107332024121,0.0945795977168222,0.0758674213314192,0.0796597412942974,0.083420582887026,0.0803626272836792,0.0774343719616377,0.072693136628013,0.0753489640501188,0.0762421914247681,0.0741587757999955,0.0757219371487734,0.075971007130847,0.0729128203776143,0.0744256198047645,0.0763514615104856,0.1221608103197651,0.0767681660554728,0.0746425306881706,0.0759559102266491,0.074493231837355,0.075092485276234,0.0908842872507014,0.0886826113176173,0.0864471255856251,0.0863296701111471,0.0863445905223985,0.08879749123275,0.086658023834051,0.0875040049022226,0.0858064975483881,0.0935240960315848,0.0858311016851427,0.0926219516038706,0.0926980152954559,0.0865464849751802,0.0876506909991485,0.088550267962228,0.0857159233860445,0.0883362503719356,0.0863710121936209,0.1136341182347191,0.088859615687399,0.0890930658188722,0.0851256489111804,0.0998210896619014,0.0856655246361235,0.0944459678314251,0.0970896506115464,0.0969441129949455,0.186094291441722,0.161099625495428,0.093648502644112,0.0910159310319569,0.0929667171778785,0.0918432760831091,0.0867580667559142,0.0967268601573243,0.1024663697604122,0.0827595621657026,0.0815693248253577,0.0824212873449132,0.0894849109316924,0.0867586753040132,0.0832619400977661,0.0865417125399776,0.0863977385693388,0.0826514814246062,0.0868725192064125,0.082646600912799,0.0775641071793318,0.0810370323982061,0.0804050897857111,0.0770670577538199,0.0901187115693433,0.0868419439428995,0.0811150257609929,0.1006916286332924,0.1040321302624667,0.1059425609389688,0.1032569783151311,0.1185913076783009,0.102144413881148,0.1023223642919868,0.1126154295169969,0.1034145483308508,0.1067986687847311,0.1012905959362555,0.0997185400372879,0.0925772506882545,0.1012619298932504,0.0968046468531778,0.1034194942210486,0.1054478327030423,0.1003438515891117
316188_1_consensus.txt,0.0226659030704476,0.0308586098886909,0.0330815153702825,0.0233049276315089,0.0311095222132316,0.0334674287681986,0.0229923085223884,0.0317898720920428,0.0348647497267862,0.0,0.0343134155928428,0.0338089526107996,0.0235948993609609,0.028069483704554,0.0317488599030886,0.0233605013066737,0.0312394924935937,0.0299866932836323,0.0835009213829307,0.07890815200013,0.0798632183444532,0.0741740366454184,0.080077055528176,0.08042481730428,0.0847052431598118,0.0804186995116715,0.0835922410286569,0.0749994089186714,0.0743106066932934,0.0762045654960816,0.0765105133639405,0.0776915658169299,0.0760213555615996,0.074947557582214,0.0747589528923287,0.0782924020527344,0.1031424347722183,0.102694727759383,0.101624973406273,0.1100983203162666,0.1082346245925363,0.104606640553901,0.0994300935999028,0.1031251875061629,0.1035268594972462,0.1095522908823225,0.1085145224890897,0.1022725289174379,0.1030297922498624,0.1047376393556094,0.1049111517928587,0.1085094473632635,0.1073978283071106,0.1032801808300849,0.0682403101097,0.0697630681877674,0.0695699703264951,0.0716029927845696,0.0711252706066654,0.0707794162342914,0.068359242120076,0.0685990883043317,0.0701295447046419,0.071898994985494,0.0720587653258517,0.0695720791924641,0.0684917908822075,0.0686161750683433,0.0703138656685853,0.0717754003207931,0.0713727455834183,0.0694237056647715,0.0872739214311035,0.0974173740395416,0.0959023757001684,0.0818253690581922,0.0808287078508618,0.0863899553591656,0.0856709530145742,0.0966492104482181,0.0978851556798261,0.0858557708614533,0.0754246897862973,0.0804148695413511,0.0848151539871402,0.1103736453949029,0.0992177368344613,0.0755951298798205,0.0799356037059357,0.0846065625086849,0.0798071198814538,0.0755577361955479,0.0712213936540955,0.0719852207887932,0.0719761569071888,0.0709449528989054,0.0736757991919612,0.0720846254584737,0.0699278585068841,0.0714753236288574,0.0740392282630768,0.1196753167275721,0.0767290179607602,0.0722146305490918,0.0740092332219219,0.0709688017815572,0.0723493674803563,0.0906330845257619,0.0862504089761859,0.0827882074324071,0.083990595059137,0.0846283595365333,0.085774458735198,0.0829017961735445,0.0870980035868367,0.0837776184413439,0.0888224124927363,0.0824613576060748,0.0878141888602943,0.0868995440624154,0.0835048114971659,0.0832042915266919,0.0840440685625729,0.0837875815074076,0.0841012363202278,0.0831299726864092,0.1049836595950948,0.0823968297720059,0.0808021868815469,0.0767568290989979,0.0904437539246423,0.0777994658757617,0.0856159204290847,0.0887951342746182,0.0875423629244771,0.1823021110548479,0.1529956118047923,0.084613983541522,0.0848739050476785,0.0857701190289592,0.0845218461729464,0.0794038907344454,0.0906909702347729,0.09558744156599,0.0759992359715999,0.0729491306297003,0.0734328792012215,0.0779327513066849,0.0768326706594759,0.0746960356863972,0.0788089477070776,0.0775891596947415,0.0745247160353157,0.0757978027838213,0.0732567475961634,0.0692653360508517,0.0741851542626061,0.0725230441908664,0.0699138677681068,0.0790101621819197,0.077101328005944,0.0720251539360656,0.0991904405546124,0.1061040167418978,0.1044863946529677,0.0979981665108198,0.1220725093404677,0.1002921285183742,0.1007836441096463,0.1094951446353,0.100685787060442,0.1011388687189471,0.0996969373789493,0.09902714801113,0.0937628260544647,0.1010543952279734,0.0971121668063448,0.0982136015716381,0.1054869800912259,0.0972348679932011
316188_2_consensus.txt,0.0296350772881979,0.0321029273697028,0.035936070242025,0.0294491253698483,0.0296272748841124,0.0370453170562727,0.0309090391336281,0.036802564657445,0.0340287224600421,0.0343134155928428,0.0,0.0365244225548364,0.0319409266698391,0.0350352987929749,0.0356416277231677,0.0308449794296858,0.0338661413094039,0.0348003892532311,0.0722594979926292,0.0682137618190203,0.071432988010649,0.0656240634980864,0.0694143904196407,0.0686622614094867,0.0735322796852031,0.0681284623327531,0.072168168623472,0.0688222411153933,0.0653299345646445,0.0660707603898922,0.0655485781577045,0.067111687066987,0.0672243089043576,0.0660799552101067,0.0669968546544605,0.0700240200695478,0.0955306662448451,0.095047443962831,0.0944021208820551,0.1058258655388915,0.1015116294470175,0.0987724841246224,0.0919805374781557,0.0951017238871019,0.0971336599380876,0.1056240687413385,0.1030313754193477,0.0984350172780317,0.0956515243144435,0.0986273795962189,0.0997236725402963,0.1030611543705752,0.1005875674575857,0.0975503826299393,0.0682691167836466,0.0686082869265876,0.0666550046326692,0.0735004226282658,0.0701796760981148,0.0684741775710096,0.067779861251318,0.067319315762333,0.067416425368024,0.0720671395205743,0.0708242348377723,0.0675819661704064,0.0677580439195253,0.067914253427519,0.0667515747603593,0.0728216686399152,0.0710515995926419,0.0680244016804803,0.0785069259594486,0.0887562681449871,0.0847866955213447,0.0779698096395078,0.0730243912262285,0.0742827437486113,0.0738321994898516,0.0826704983558226,0.0911776135083695,0.079141028440655,0.0693042852552334,0.0729610915656202,0.0765768155174031,0.1003126006315211,0.0873920413727118,0.0691372240693093,0.0724702672827479,0.0766296964558055,0.0766302929117195,0.0765229019867108,0.0730981609173024,0.0733624634675758,0.0751327003487922,0.0736264332905571,0.0737854938928723,0.073029064551588,0.0696046609171148,0.0727940214396554,0.0752655269249418,0.1236407944876081,0.0764922569169819,0.074141074024733,0.0762459993103643,0.0730506082813011,0.0731819562572075,0.093935133836414,0.0819014941493074,0.0796376692011433,0.0790797404537801,0.0811052908360689,0.0799296273312712,0.077648922731754,0.0804514487970937,0.0789526457538682,0.0801404949641408,0.0791035506662938,0.0846924525180981,0.0838751952803802,0.0790584537577876,0.0821800614789722,0.0800987759685138,0.0806243840888587,0.0794964463335716,0.0777492670985573,0.1126100289176639,0.0922369686780317,0.0881598545893531,0.083556651497143,0.0969330326714104,0.0845158537100392,0.0910612498991856,0.0952580236275624,0.0952212842683639,0.1871176719366047,0.1594710703141535,0.0938997563502699,0.0920739137970061,0.0959808406341888,0.0910987696940095,0.0899314275096188,0.0987235763305367,0.1059178464045516,0.0829446398150945,0.0784137310709169,0.0815240287258367,0.0884109592989004,0.0856824245957863,0.0824935829868076,0.0860616282188999,0.0841936823428159,0.0806591555393581,0.0843660945439683,0.0804055084972743,0.0756722588533573,0.0797970850530651,0.0804725938946493,0.0761583686089721,0.0893341249797607,0.0851575220339739,0.0800608036173269,0.0994915178557462,0.1027229617185785,0.1036340839607676,0.0996579830085711,0.1213654272338899,0.0986890220020821,0.1008090262928913,0.1064720699737531,0.100546078251444,0.1008389192349419,0.1000681355184243,0.0953497546669481,0.0906606444252764,0.0973736133775746,0.0944932995607255,0.0970583347061113,0.1040451372897717,0.0990473182338664
316188_3_consensus.txt,0.0259499635855453,0.0332668673438636,0.0357539645049218,0.0261531965688552,0.0331026513612675,0.0323942571183195,0.0260110091044714,0.0356651365986087,0.0345822795716195,0.0338089526107996,0.0365244225548364,0.0,0.0263809879789729,0.0303152267400852,0.0323540369897026,0.0282682034894516,0.0322930966046044,0.0314019592343388,0.0848612436158893,0.0792001467088656,0.0808999592201624,0.0759872421528173,0.0823905395433968,0.0813456560461904,0.0860221042717253,0.0825657372908823,0.0862736516941273,0.0766697303746859,0.0753224538764838,0.0778336982363354,0.0768921883011701,0.0801540237887623,0.0790938362434809,0.0771834600830274,0.0762328868882775,0.0792187373371593,0.1078328193300945,0.1077789915629292,0.10606343711747,0.114519100080539,0.1120357231446229,0.1087880697721166,0.1043509998791325,0.1074254887296053,0.1079288771183613,0.1140060236155591,0.1124055880037842,0.106154743472949,0.1071327376685919,0.1097340033445046,0.1100766474465722,0.1122950559054354,0.1112899642303721,0.1075326623816561,0.0680871920815153,0.0690055769103654,0.0697438879908789,0.0713400672192277,0.0711883057970723,0.0703223052294177,0.0680121593348683,0.0687587677995242,0.0691302412980992,0.0715766298182432,0.0719913010252639,0.0693661600991246,0.0685060298974757,0.0688118221942195,0.070163234505074,0.0715950969279308,0.0712488759378651,0.0693629359696501,0.0866304385979601,0.0981284477547177,0.0962542150396306,0.0819159098790915,0.0806845932929842,0.0880466785350408,0.0856943504145828,0.098283946824055,0.1003859668724471,0.0861634819360182,0.0752939864671491,0.0808752401222481,0.0857656094956693,0.110382872983032,0.1002905585932936,0.0754511145080885,0.0793289995409516,0.085048969947354,0.0840105537146636,0.0794034113309587,0.0748972446186568,0.0747672881784264,0.07508241379238,0.0743218876100995,0.0769057741313714,0.0754328555406598,0.0736307886602283,0.0743318057983257,0.0763899593450805,0.1217207664637953,0.0795882880912692,0.0746423842006729,0.076876829693413,0.0744363369873317,0.0759512976148242,0.0942491955603292,0.0872655314973815,0.0829291953687736,0.0839806513428653,0.085830619517794,0.0862414272016751,0.0832597932134628,0.0883632441485646,0.0837325054766093,0.0918021523129812,0.0832360865662078,0.0889308684195686,0.0889854657686468,0.0843273719235275,0.084121439420814,0.0854566823275577,0.0850801128058078,0.0843365327259828,0.0844637047406227,0.1075169371449753,0.0833030043748079,0.0836355965708355,0.0797218464169775,0.0930764549639082,0.0805792814227475,0.0889750394312827,0.0913221742794432,0.0917901416015691,0.1815381952394821,0.1510037185519834,0.0873273740537738,0.087366745495732,0.0882155755083751,0.0875091260235017,0.0819079658269164,0.0929177967181065,0.0988126625105447,0.0767191724903151,0.0746911920615485,0.0746754850647049,0.0792636256693901,0.0780905132005784,0.0760341404983329,0.0803810747540794,0.078097166769397,0.0758985868769928,0.0774114604883324,0.0751176024519582,0.070640768467955,0.0757012852829079,0.0735543531135354,0.0717763078812314,0.0805470753556134,0.0784468695351963,0.0739482925003933,0.1016727455428281,0.1065620148390236,0.1051854128945262,0.1003516230563033,0.1220617698948824,0.1020559878788667,0.103407549331286,0.1084972291079031,0.1052460892747841,0.1036626456752589,0.1009079012604408,0.1005325826248437,0.0933076860717907,0.1030747769450952,0.0982328474453169,0.1003433802464153,0.1054261141251968,0.0987970920160536
316188_4_consensus.txt,0.0150727244343054,0.0264282894052385,0.028695435719749,0.0154167833973639,0.0254137935635236,0.0264520843912645,0.0132439591456687,0.0259112566747665,0.0297809548066583,0.0235948993609609,0.0319409266698391,0.0263809879789729,0.0,0.0194628315480169,0.0250787236067813,0.0183027712671117,0.0260679963076126,0.0251485509416653,0.0759815932419654,0.0715916325333321,0.0728479090974936,0.0664938397596257,0.0739321296119399,0.0741063729772282,0.0773543651161956,0.073557994581404,0.0777210377571773,0.0666402899633675,0.0662460374816165,0.06930067862237,0.0686308193024256,0.0710148545627555,0.069400458413992,0.0672014048750417,0.0674821319689877,0.0706903577600597,0.0977983343771793,0.0973711643692283,0.0957286950749942,0.1038280541911333,0.10126630322371,0.0979574078700382,0.0944581192881788,0.0974623968607151,0.0968545086647525,0.1031306661120092,0.1018529772763212,0.0957050580854925,0.0974125480136249,0.0993138646436095,0.0990612200317109,0.1019106723956291,0.1004013098200609,0.0967177080299563,0.0589544809226909,0.0605064196755407,0.0611070828515547,0.061639613311291,0.0614317470220573,0.0620919427270836,0.059691386330015,0.0597358722934115,0.0605633069863591,0.0624218626775379,0.0622704660974511,0.0608284508251317,0.0596846348443813,0.0598320614827452,0.0619736563375772,0.0623728971526489,0.0615059628070477,0.0605528046002286,0.0810162937991858,0.0936363338152039,0.0911765925393401,0.0771729869260013,0.0743257189103712,0.08247442480193,0.080497631213281,0.0919111250404878,0.0917851522770716,0.0798023953539068,0.0686008858842699,0.0748819941340679,0.0791539299289274,0.1066426009606145,0.0953626502094628,0.0694260752883266,0.0733788924405525,0.0796385377996617,0.074955254880451,0.0700341033417872,0.0667799763327829,0.0656062927226273,0.0659826014889493,0.0642595536983412,0.0682886178361226,0.0657221896266655,0.064988569237423,0.0656885709631724,0.0687085559431457,0.115231577277834,0.0714564988941228,0.065806476550323,0.0698277409531744,0.0644864035969678,0.0664219654982352,0.0849003846482414,0.0791412689660795,0.0744828856986741,0.0766691641669528,0.0779659439922797,0.0779308775497984,0.0756982082772257,0.0798566350435168,0.0752450005586133,0.0832978434723257,0.0744047684911075,0.0798265304539098,0.0799394572971738,0.0769870826850551,0.0747978416930799,0.0778181149540184,0.0777191095799985,0.0764996404080609,0.0765913769950463,0.0953341638069247,0.0736666455581067,0.073282973729019,0.0704060932050021,0.0835899933216959,0.0705227995086277,0.0782218529022324,0.0810687193014425,0.0809498960495238,0.1726575223033011,0.1420287931360979,0.0763869050117369,0.0774516156263116,0.0781347790659205,0.0771289864183586,0.072155433799228,0.0824405030781827,0.0876345400793958,0.065070910083282,0.0625344097592544,0.0622280741583241,0.066071989852845,0.065220878881222,0.0634392346296754,0.0667426617285515,0.0657977389725514,0.0639095138631899,0.0642839264112611,0.0625946838712492,0.0591085449045305,0.0629682290983355,0.061267115255327,0.0608126645353994,0.0671485347223272,0.066048915285469,0.0610257956685957,0.0907070069718214,0.0969353957361551,0.0965904845453735,0.0891613587848407,0.1107748721508725,0.091067868713031,0.0933529299735838,0.1023913807227456,0.0928445071433099,0.0929835080193122,0.0917645212611661,0.0918419436254485,0.0849006724398728,0.0948244311313448,0.0894851312190452,0.0886000222841794,0.0998088550568461,0.0875556819348606
316188_5_consensus.txt,0.020032993665362,0.0273035004741171,0.0298141057537719,0.0192082288647981,0.0271969926797348,0.0281579489720202,0.0198817448688313,0.0266819997928147,0.0317587732762971,0.028069483704554,0.0350352987929749,0.0303152267400852,0.0194628315480169,0.0,0.0254693497459363,0.0226195829661026,0.0287762451112314,0.0265827745910849,0.0808968945233994,0.0773565826320714,0.078227396517887,0.074304816123055,0.0792410293083065,0.0795658038251314,0.0846892975981461,0.0803392085197165,0.0841274746961504,0.0760092504626461,0.0731373435101678,0.0755266784467085,0.0752970445502567,0.0771226217445599,0.0758023009036295,0.0755866676584027,0.0730880542653036,0.0763417233396062,0.105808927461326,0.1057437970447434,0.1038273398076992,0.1132782446866311,0.1111407111633191,0.1069092495898145,0.1015744040801482,0.1055491587470776,0.1059721115534015,0.1124525318878495,0.1110277105579369,0.1046174481041619,0.1056851464802299,0.1079740823595152,0.1077997236062273,0.111376383261339,0.1098986822172056,0.106095474228061,0.0678267258251859,0.0698417622744944,0.0702756988089312,0.0719565083756634,0.0711192708710557,0.0707642005825901,0.0679603162644904,0.0689265442811031,0.0700943578474539,0.0724767305185309,0.0730065850498178,0.0701161014865627,0.0686446233083666,0.0687990544695296,0.0709065500133485,0.0724193440243556,0.0718775161006188,0.0694958741952538,0.0837047978475693,0.0954783307342879,0.0951514131746309,0.079548891015829,0.0790496376971674,0.0848569427519851,0.0839822143209376,0.0968683123972891,0.098824995104092,0.083091643818931,0.0746942953985172,0.0784148992044553,0.0846831786331012,0.1102171655761603,0.0991121321959074,0.0750198556711581,0.0783316846874138,0.0826440772973029,0.0773071323787135,0.0721476805254051,0.0685624438946082,0.0688020827270872,0.0688254621161501,0.0675945398866053,0.0715997722061292,0.0693537591416211,0.0675558061071246,0.0673322855519629,0.0698203806581023,0.1206572602149744,0.0716430235336442,0.0678083181922488,0.0698769699117418,0.0675085084276911,0.0694715530882996,0.0869593949820455,0.0835749927189475,0.0778884077711143,0.0798081854953371,0.0802367759121658,0.0823275554546407,0.0798325744384911,0.0830278595285829,0.0792300823003069,0.0857289469654256,0.0779397193569995,0.0834173124549675,0.0843609523579189,0.0807547181234156,0.0790697504503574,0.0801048694605883,0.0802378889738015,0.0806574506308113,0.0800539220173188,0.1022879195401911,0.0759974805332461,0.0775046799327379,0.0742334793511787,0.0877902479071206,0.0758179211162755,0.0843726819012591,0.0848922512636773,0.085095979167022,0.1817464910479724,0.1501897441406239,0.0829939040864538,0.0804760356664626,0.0812317182256059,0.0811107829590156,0.0755298211052215,0.0857539153712441,0.0894772102556213,0.0746127250219998,0.0721752053104012,0.072088252657581,0.0766412677883376,0.0748617708334604,0.0731118362356113,0.0769857385445451,0.0756544133342078,0.0732572465063476,0.0746960046222717,0.0717375753751596,0.0674674378312225,0.0715981004072432,0.0706316205307331,0.0682626292705066,0.0780985694555482,0.0754637187737898,0.0704530284452946,0.097782493086604,0.103869394434457,0.1043289296042155,0.0973248781958204,0.1192704851506345,0.099379374778028,0.1002098955015968,0.1080299055529776,0.1007539167034732,0.1016929108374142,0.0992895227929366,0.097554571181325,0.0910770916691579,0.100374589977668,0.0953574212286865,0.0976631332840307,0.1047619205045125,0.096226279827718
316188_6_consensus.txt,0.0222485038914008,0.0312113273980729,0.0300054612482698,0.0227496946255243,0.0278847838174716,0.0272096569440529,0.0236221103768308,0.0305850732535368,0.0304900296848513,0.0317488599030886,0.0356416277231677,0.0323540369897026,0.0250787236067813,0.0254693497459363,0.0,0.0257807097871927,0.0271974950577629,0.0287151888195067,0.0761543097461165,0.0729273096270306,0.0720236276581749,0.0734680068294624,0.074043864083265,0.0743090304992142,0.0783498327273219,0.0755455776436448,0.076909280459585,0.0771586898679173,0.070078632872164,0.0719350064749511,0.0710982346565174,0.0738926125140446,0.0713115985266883,0.0752594623521059,0.0685127491316199,0.0712982465167053,0.1101629224163218,0.1093911741910762,0.1084847799633976,0.1208132978479463,0.1171117925182603,0.1126774094554248,0.1051414882582335,0.1096226508809712,0.1108743030709655,0.1199380356724573,0.1177352313551018,0.1108722233391912,0.1108763127887195,0.1135758516260265,0.114009780564336,0.1187724666623015,0.115685209343141,0.1118379275617353,0.0680939480817413,0.0708563801863757,0.0694371353768019,0.0756364616361411,0.0731483913290134,0.071492118063511,0.068756995745872,0.0687393863638172,0.0687345290741552,0.0760220140722829,0.0746678040147115,0.0707863123125482,0.0685356138018491,0.0690427852334067,0.0693546087355887,0.0760005196597335,0.0738783702005445,0.0706420085694565,0.08129745075954,0.0880605727685113,0.0912904533742917,0.078869371859132,0.0776093462758868,0.0811654050308847,0.0794856173956084,0.0908866380760589,0.0951461997798333,0.0817057241467642,0.0740287091954119,0.0761128512437121,0.0814617548404559,0.1052528012545197,0.0921495992400958,0.0748446783895264,0.0790952413123227,0.0793696269991466,0.0687241138764687,0.0672554571757544,0.0626148294895481,0.0666661653840314,0.0669534570625742,0.0654978437029676,0.0657767430565217,0.0664346022039517,0.063519659152341,0.0649217718774846,0.0663297996314566,0.115984800598861,0.0669162660850926,0.0650460085046518,0.0652769262594175,0.0658640659172853,0.0657806424765743,0.0789058487937008,0.0805501942782305,0.0770573120895319,0.0781246071193439,0.0771286911486734,0.0807272659609283,0.0793601058551711,0.0801456777291127,0.0779438700297943,0.0847903058192027,0.0770148121846157,0.0852777058896876,0.0856998206403156,0.0788506509418587,0.0804749302758081,0.0797884696795971,0.0774992621346619,0.0809929061157124,0.0792923344005887,0.1053637780019869,0.0790701807379035,0.0808174678470932,0.0773799114567097,0.093350404704096,0.0790524475098282,0.0881335293820884,0.0888757599427307,0.0875078417127435,0.18729795148991,0.1547989412245876,0.0861023645110758,0.0836027604137656,0.0837282179650964,0.0845509546818688,0.0786371184854761,0.0894513350589685,0.0930213882272434,0.077561196885509,0.0762679988511632,0.0769297596292339,0.0848585311826788,0.0819060541451,0.0775339939810448,0.0809156797528851,0.0804565564610308,0.0775436511875256,0.0823646103706359,0.0776756183996347,0.0714039968527382,0.0746933526435,0.0741810863513157,0.0705301991160478,0.0862257785956135,0.0823465953332878,0.0760544652559991,0.0964571433952494,0.1034255820006251,0.1057176082801607,0.1000751657899048,0.1193029513613455,0.1002829557855422,0.1008836976590625,0.1087692476542123,0.0987884648593491,0.1053819910022442,0.0969730103276038,0.097590718226332,0.0902284505062764,0.0982636391190165,0.0962103518609476,0.1026204364915486,0.1050803175102785,0.0970944354706606
316188_7_consensus.txt,0.0154079565085245,0.0231646831602354,0.0267827760154553,0.0169785750375002,0.0247173520317112,0.0261482725119499,0.0172370267007178,0.0259081252825161,0.0300509234048913,0.0233605013066737,0.0308449794296858,0.0282682034894516,0.0183027712671117,0.0226195829661026,0.0257807097871927,0.0,0.0223880265369267,0.0252670868139102,0.0693971585409363,0.0650345650191361,0.0676550549310848,0.0639165898401916,0.0669916454889971,0.0685487003144498,0.0705945189480274,0.0693674215738058,0.0723833014191717,0.0657170022617243,0.0622107276299059,0.0651276130713514,0.0634095177357165,0.0662062263034677,0.0649787020038266,0.0653962174442961,0.0632281171436721,0.0640092488389916,0.0953933533645585,0.0952153319606488,0.0938699117059158,0.1024427201932116,0.1005416881246565,0.0971553637275954,0.0919517961787166,0.095339740326616,0.0968147425513876,0.1021341250074243,0.1003103665895066,0.0950796111176508,0.0953884900840273,0.0971409196107746,0.0976547062978498,0.1007828379349922,0.0994156401320927,0.0954324307891933,0.062342586625574,0.0641803313958222,0.0647834986260367,0.0657877785653529,0.0655435874419714,0.0650685935213397,0.0626378755807568,0.0631599375655822,0.0653877358328101,0.0657385201303322,0.0667912547139568,0.0640439267138806,0.0631528423925331,0.0637780897744173,0.065177735323517,0.0660505444898067,0.066481048890969,0.0640312406087151,0.0720151565903206,0.0830178368821972,0.0837678318550674,0.0681598114000863,0.0664067274941748,0.0736890380678012,0.0705587194726966,0.0831303038291313,0.0899885497161827,0.0678294816879949,0.0616402812623855,0.0654683198873424,0.0702402623342424,0.1003286659311228,0.0867028772181948,0.0608798411656517,0.0635046104654417,0.0678382395961962,0.0737174091304657,0.0662137824552697,0.0644270658185153,0.064011264820099,0.0637098481136515,0.0637612854247304,0.066144354516493,0.0645055427608598,0.0629999886135941,0.0629982860061444,0.0653064285424234,0.1182444863944276,0.0673481000691165,0.0637552353606549,0.0665558700861277,0.0637069666873584,0.0652328126068955,0.0875617992954467,0.0727999767358946,0.0691807442359895,0.0694885591611944,0.0720010695186426,0.0720147606234729,0.0700727872880859,0.0721958770389026,0.0715370111869955,0.0771574358586519,0.0697220358597698,0.0743101344646817,0.0752391337239073,0.0705723610972981,0.0706346070517947,0.070001781610995,0.0717577509795868,0.0720628895883228,0.0696640304880231,0.1008280537485317,0.0710106032734652,0.0768010141462154,0.068488554217704,0.0867710996323118,0.0733849862542879,0.0804814567330236,0.0831055584355793,0.0843674707411983,0.1719467922961728,0.1507936088529557,0.0756057020995628,0.0724908630527938,0.0759277216126435,0.0785663448560862,0.0702217163692759,0.0788315966745987,0.0841323803193292,0.0700014377545565,0.0663452394817918,0.0680571297905006,0.0710733538781145,0.0697290504257024,0.0687183812050289,0.0731015628594917,0.0712614313941717,0.0685829245327802,0.0683170262517069,0.0644007264921846,0.0611199523448071,0.0666838662198658,0.0638160337351898,0.0616016077648673,0.0721619462116285,0.0700040044675143,0.0657461744574314,0.0859320632576121,0.0939560411552609,0.0917339291852492,0.0836815875397301,0.1104318248289804,0.0871241617015323,0.0879635841097821,0.0995618001867582,0.0908510441760226,0.0890205453718335,0.089987981081598,0.0846623519532991,0.079987836924646,0.0904980345412855,0.0860160951265935,0.0857508480418349,0.0942269653957446,0.0846757620232567
316188_8_consensus.txt,0.0212630954718324,0.0307678455305966,0.0307532435867079,0.0244642626503281,0.0292336159994555,0.0310125726547099,0.0235240722163272,0.0323457267254738,0.0333919329161274,0.0312394924935937,0.0338661413094039,0.0322930966046044,0.0260679963076126,0.0287762451112314,0.0271974950577629,0.0223880265369267,0.0,0.0280026943743116,0.0693609862326791,0.0646560886602829,0.0654871276349133,0.0654876948692626,0.0664609496514252,0.0684730048633976,0.069936142165262,0.0688420921930976,0.0711502258393697,0.0677045303661438,0.0625598239101581,0.0654157857704262,0.0636170363530714,0.0668494692209691,0.0655950039278714,0.0667216085991784,0.0625371369504987,0.0647315450773069,0.0974409812645422,0.0970256870577976,0.096335149348226,0.1056725462326637,0.103682055937095,0.0992132154824148,0.0937887706975866,0.0974614332815395,0.0988387898495997,0.105454918421449,0.1035349885414049,0.0975732982914792,0.0972809761694106,0.0995480781515674,0.1002466231314525,0.103731156813998,0.1021809789881231,0.0976742002886066,0.062522172857971,0.0645953800332392,0.0649078473263689,0.0670766399063298,0.0667656840050998,0.0652940813336284,0.0627331984200125,0.0631514142569242,0.0645925294106719,0.067655938189981,0.0675281386437305,0.0649232638049577,0.0633072408937502,0.0630281850869511,0.0645194279383041,0.0676870881864042,0.0670810875866276,0.0646554815852278,0.0748437634930425,0.0826914784873515,0.0851848851987453,0.0701461405732493,0.0693283587896882,0.0757430403863486,0.0730767332257089,0.0844753272129237,0.0904559086118954,0.0711495092111142,0.0640287026281898,0.0682529528641984,0.072482383804167,0.0988139765323268,0.0881049306517178,0.0648967326265346,0.0682982704759354,0.0711348564464042,0.0679127398152976,0.0643258564997291,0.0616249261732511,0.0630156220513793,0.0620636970708012,0.0619809769926487,0.0630911353134546,0.063498377364322,0.0607124680175523,0.0619582137400733,0.063956404051213,0.1149996612762125,0.0658047848864029,0.0621245373855918,0.064158528726212,0.0628767937768959,0.063113949062501,0.0793387012052351,0.0739142625235729,0.0705621578426898,0.0707405578872553,0.0717060383695074,0.0738535721850874,0.0718429244930796,0.0742238540773083,0.0725630448379002,0.0790405649605183,0.0705307893845939,0.0760691767509875,0.0771957357372761,0.0707644831503229,0.0723897125544947,0.0722138056517458,0.0719584346381729,0.0737096911025849,0.0717167902106092,0.0973647282548029,0.0697768808872378,0.0731232932342909,0.066883341890275,0.0835703044821238,0.0709170995832231,0.078257449073793,0.0805592249326148,0.0804188041319662,0.1762926826019368,0.1465540311241087,0.0738140288488988,0.0716683088479808,0.0728690171668846,0.0767377542446112,0.0680271269015753,0.077181386411099,0.0816663746317205,0.0707847032322064,0.0687214134708824,0.0697827041706986,0.074743463870794,0.0724386108108872,0.0701609842171278,0.0744829038780841,0.0738339654799524,0.0696195306362081,0.0721923775810076,0.0671414271285462,0.0640107478938976,0.0682052614795667,0.066680062004365,0.0623769811901375,0.0754005668854791,0.0721384987003439,0.068542175510406,0.0880016226464439,0.0937218537033093,0.0944898642824956,0.087255960386658,0.1135310347714044,0.0893911459782659,0.0904442295988747,0.1008985241759603,0.0909328573423211,0.0921217259837607,0.090388049341942,0.0875152596516288,0.0803128063598919,0.0916847742676889,0.0869088452562092,0.0897821714732032,0.0940878557741475,0.086574669452923
316188_9_consensus.txt,0.0233330393544752,0.0304700838059268,0.0288222863858109,0.0229516653886259,0.0272982318121286,0.0278687891664528,0.023604351721155,0.0320647565985883,0.032375146003245,0.0299866932836323,0.0348003892532311,0.0314019592343388,0.0251485509416653,0.0265827745910849,0.0287151888195067,0.0252670868139102,0.0280026943743116,0.0,0.0778404508284431,0.0744458855882683,0.0738393101224552,0.0741051728249617,0.0771779223087412,0.0766804267187595,0.0803399971632679,0.078120929937155,0.0795702403135987,0.0770271477078985,0.071512252142817,0.0730561204790971,0.0722685815020485,0.0762637134753614,0.0746093592134116,0.0761393379653601,0.0709501686965392,0.0742510355359584,0.1111528654862059,0.1102824443705055,0.1090769944661804,0.1199495236157144,0.1162831571113951,0.1122904657671002,0.106123273526216,0.1101321188684885,0.1112937332624603,0.1188535201478302,0.1170480471593027,0.1103474376342772,0.1110981060567013,0.1130096523555348,0.1139030015561637,0.1174766281372319,0.1156902298432811,0.1116987104325781,0.0711519002377514,0.0732669317067644,0.0730033220746175,0.0769788272364504,0.0759499924628794,0.0744708744230031,0.0716169265314814,0.0720103193817482,0.0722799987548832,0.0772695388674149,0.0768624856908157,0.0735068631407456,0.0716127941363957,0.0721051118078452,0.0729016589325395,0.0774261588422895,0.0762130503052933,0.0731859329542956,0.0827544557357278,0.0913892957991429,0.0929299463323314,0.0797924681601554,0.0782509356989678,0.0834011846582276,0.0810567541554823,0.0948817505351655,0.0981729067625218,0.0815664283239172,0.0745459093431879,0.0771683283819708,0.0812775857320762,0.1098344955521248,0.0963345040984,0.0743725806982658,0.0784320088918768,0.0809494527012999,0.073977677931186,0.0711221111286812,0.06714256483958,0.0688549131574145,0.0698079815140131,0.0685289089427918,0.0700174270793745,0.0689981921979239,0.0667444406016777,0.0679811721274692,0.0699218329469184,0.1169236894376215,0.0706726639336636,0.0684964390937139,0.0697299636113184,0.0685429112022779,0.0688913138205107,0.0857367937522237,0.0828501528914236,0.0785992116949731,0.0804364452973196,0.0805756764558331,0.0840080709770889,0.0799220506618088,0.0827734242101074,0.0804544720901896,0.0871852029646653,0.0795627879206959,0.0864406511724897,0.0874502475058669,0.0813697842307359,0.0816316355866257,0.0817744508887958,0.0799930660925358,0.0826647790878221,0.0812026510100683,0.1082897121065302,0.0807180997740069,0.0832129193478925,0.0779980974776908,0.0929384303284841,0.0802309189384686,0.0893736029420209,0.0901414796292812,0.089830358359948,0.1838644924782473,0.1529041556692627,0.0852296239674732,0.083232697373714,0.0843649985751708,0.0859797807073743,0.0794552107786632,0.0898801535632465,0.093321701258211,0.0806130155086526,0.0779407947201624,0.0790120079585037,0.0859521981520039,0.0832106979220137,0.0807084464153335,0.0830689480955078,0.0827753428923019,0.0795673608740088,0.083212735529643,0.0784175647484648,0.0738537569795916,0.0771625160141269,0.0761047433264705,0.072413536871263,0.0866539806293689,0.0834036721214657,0.0779468068274589,0.0947040724235259,0.1002080722851266,0.1012722148762153,0.0961776492433976,0.1160695810904597,0.0965661368781845,0.0980065942614238,0.106552300407511,0.0980535867036085,0.1017309517289106,0.0962003962172612,0.095275619725939,0.0883496625175679,0.0955857590629705,0.0928904536316137,0.0981729045751365,0.1019209273190746,0.0945469981485729
326650_10_consensus.txt,0.0663690924611639,0.070848617440701,0.068086075172224,0.0700946970008242,0.0711665673923391,0.0751932162881487,0.0735149193969135,0.0807992767221881,0.0816657323142751,0.0835009213829307,0.0722594979926292,0.0848612436158893,0.0759815932419654,0.0808968945233994,0.0761543097461165,0.0693971585409363,0.0693609862326791,0.0778404508284431,0.0,0.0118271745808273,0.0133022725352711,0.0149022783421619,0.0122790154042826,0.0147923927353783,0.0135028770264042,0.0128713591123297,0.01592706318094,0.022477616533151,0.0111551967306535,0.0133322908047803,0.0110233695741843,0.0121153437803167,0.0121625678218402,0.0165796412832248,0.0116075249905946,0.0131085070555769,0.061158162491349,0.0605838339312514,0.0610508310866677,0.0729581891774975,0.06648265976568,0.0645585656463385,0.0586304266728525,0.0612946204079198,0.0634445880298928,0.0712560069243446,0.0672087174873432,0.0652823584463497,0.0610001297252695,0.0653027387939371,0.0674806784426262,0.0698153105880923,0.0647410433014066,0.0631903629771981,0.0456761873844921,0.0458730708545793,0.0447753919536939,0.0535877391106511,0.0493645915033669,0.0478544638627704,0.0465563253016112,0.0460765277315147,0.0458687738038436,0.0522911873942781,0.0483054466541492,0.0462869862471704,0.0454644978243861,0.0454033579542745,0.0430916844702533,0.0527117596588029,0.049782857962251,0.0462395774196098,0.0341561386304336,0.0442950271168625,0.0484349296402761,0.0397954374021614,0.0303399380064837,0.0358884996351411,0.0299818260461313,0.0445587979685431,0.0579021555701988,0.0324821775885215,0.0298628528980087,0.0315566609480191,0.0315376874804336,0.0627419133865778,0.0444616080030018,0.0297325666564365,0.0329656591077531,0.0332726602080359,0.0460018705459406,0.0420095625010841,0.0450693023602859,0.0457041113181784,0.0473349740327115,0.0463656983517628,0.04294339590386,0.0451430727365975,0.0448326935178018,0.0457733024215283,0.0485295591944616,0.0998791168885668,0.0478291518171687,0.0485532202852674,0.0504174337875973,0.0460670529405398,0.0454609364710556,0.0717229911244841,0.0368630581201383,0.0402303054845383,0.0394720894006743,0.0390935993568559,0.0394280797022545,0.0411350217215327,0.0351325411609586,0.0379559180680999,0.0403591971156931,0.038119459108759,0.044334704817154,0.046222909214955,0.0381630966020605,0.0439300443202625,0.0411856458875039,0.0416607061926868,0.0417350043265045,0.0375537916375092,0.0916705497681169,0.065268485577814,0.0690857462744407,0.0573620229193796,0.0778151503026327,0.0620728692325629,0.0692863713017963,0.0749040964756044,0.0733604873113593,0.1561459984238302,0.1341373831047194,0.0621793610033378,0.0586993095511969,0.0654953167620213,0.0661029677031539,0.0657932516637505,0.067142863937252,0.0780087559589093,0.0742860312832647,0.0700612436810574,0.0721541384741293,0.0833095928119966,0.080375010940429,0.0755652361194831,0.0761106968078202,0.0780597816658454,0.0713245563847815,0.0757828988520206,0.0682310093251361,0.0641184213021723,0.0633801166902809,0.0670041801117076,0.0607113132100671,0.0825674536730023,0.077957352389328,0.0714502686216453,0.0465553694156959,0.0526310356091421,0.0572005197037306,0.0465517744390435,0.0713574950887396,0.047491711302297,0.0447613574642238,0.0677771997868585,0.0560454296085808,0.0527809069328721,0.0521921630591846,0.047404919228704,0.0415375369824202,0.0480986118121071,0.048759198967434,0.0485494730804862,0.061843373937898,0.0507198163331068
326650_11_consensus.txt,0.063038293179467,0.0677309242620474,0.0661085868966182,0.0663810527142576,0.0687430321753694,0.0725496809222487,0.0694724880643438,0.0781140649193936,0.0776069182862562,0.07890815200013,0.0682137618190203,0.0792001467088656,0.0715916325333321,0.0773565826320714,0.0729273096270306,0.0650345650191361,0.0646560886602829,0.0744458855882683,0.0118271745808273,0.0,0.0114413276238742,0.0102970834537892,0.0079736627561262,0.0127757104199623,0.0126365996977035,0.0099760983815073,0.0145249321800946,0.0155338505385174,0.0084491934810246,0.0103162593903771,0.0089925303388946,0.0085409742000219,0.0118139725310797,0.0122635247994971,0.0095426953813078,0.0108663925909135,0.0583466511571968,0.0578311403116416,0.0578368643614677,0.0694357958870242,0.0633254800712244,0.0616260520585489,0.0559848556346009,0.0578502221819086,0.0605322591171457,0.0679498724535196,0.0636569669728839,0.0620180864680541,0.0578149634035636,0.0616114596727017,0.0637279647875388,0.0660695851749926,0.0618354737707278,0.0598789312305392,0.0389645569217353,0.0386350536471331,0.0389853194060556,0.0449700371349273,0.0424970639716502,0.0398951096936164,0.0397920304253496,0.0389239710813509,0.0396140981013246,0.0441798380882527,0.040754935584566,0.0391652819770182,0.0389195233628729,0.0383404430965477,0.037129792725187,0.0447003718766207,0.0425221547979965,0.0393951523282893,0.0340418058633638,0.0451743942520677,0.0478892481871104,0.0388678023394408,0.029729446729072,0.0362280663369976,0.0307463066446329,0.0430982101345556,0.0571899290271762,0.0325026012738849,0.0279759817922418,0.0302519457970822,0.0323887988067994,0.0626758234106574,0.0462545491454289,0.0284246822350571,0.0312792757171038,0.0325949540814036,0.0451886064703499,0.0413020020332428,0.044409627444498,0.0432256218265552,0.043540332875132,0.0440499302928847,0.0425720880385824,0.0415299053941318,0.0419992589392919,0.0434108945307656,0.0469471357053032,0.0966622505189471,0.0481763050012853,0.0470160331210287,0.0495334519387684,0.0437656142461806,0.0435230035751921,0.0700703578727459,0.035830496539571,0.0374735713855205,0.035217922105879,0.0378684466479235,0.0367906999856328,0.0364667063396897,0.0342368170076916,0.0354129551179891,0.036881988225665,0.0363471561311561,0.0390630690728261,0.0414789669578103,0.0361022480617991,0.0405027455620832,0.037530258688581,0.038703814250808,0.0375636504045893,0.0336530457428141,0.0834121018747442,0.0578779078087245,0.0618726463297845,0.0498913998856522,0.0702998448852856,0.0564288528339957,0.061646880895001,0.0668859440618732,0.0664720454456428,0.1543977077079343,0.1284076254754964,0.0550434226758529,0.0530261012393351,0.0591746704030748,0.0600896211131471,0.0578868001284025,0.0598013205359277,0.0721976473136152,0.066335760828446,0.0609205946787998,0.0650753298795265,0.0740114853654834,0.0713210076061452,0.0678783915471772,0.0679684598740024,0.0698920219698653,0.0634867597950386,0.0663136306887599,0.0596831506001365,0.0571316132988224,0.057910196962803,0.059911656801546,0.0539393172633593,0.0729126572523934,0.0685877852893099,0.0634583254204805,0.0435387808423435,0.0497536954422965,0.0503841608756632,0.0413265689019635,0.0696992593224781,0.0441319841746246,0.0429551174008029,0.0619800988979122,0.0548860478016717,0.0462953090673554,0.0500788471670459,0.0410958948658608,0.0383204765892237,0.047895506960593,0.0457951990127618,0.043683490187683,0.0545835468138964,0.0447888932380351
326650_12_consensus.txt,0.0646358109015379,0.070007370050714,0.0666291230200437,0.0679128485519164,0.0695844940338812,0.0727816381855479,0.0705397335009143,0.0784044406834674,0.0785187019703519,0.0798632183444532,0.071432988010649,0.0808999592201624,0.0728479090974936,0.078227396517887,0.0720236276581749,0.0676550549310848,0.0654871276349133,0.0738393101224552,0.0133022725352711,0.0114413276238742,0.0,0.0152501557182267,0.013014823136153,0.0156482640302009,0.0146556650499425,0.0133067790995902,0.0151314386859517,0.0215280698855986,0.0113829596688557,0.0131767340838306,0.0109601691473706,0.0129561644672708,0.012137349609862,0.0170828695870319,0.0118161937468661,0.0126564159631339,0.0652508330917385,0.0645594541906051,0.0647605150450001,0.0774123068935246,0.0706367820459767,0.0680925336033615,0.0618603748627615,0.064892046609998,0.0671810559179988,0.0753975637824728,0.0712331661718082,0.0684029893939017,0.0650789878602484,0.0689734308302245,0.0711736919773731,0.0740468217627032,0.0689481176959905,0.0668909853975545,0.0420177897011617,0.042734047922412,0.0416120941159956,0.0503644546041615,0.0468862082518519,0.044882300021162,0.0429259821836431,0.0426855289039727,0.0423165469010955,0.0498367106897799,0.0457687323987512,0.0435195440569069,0.0418743885873631,0.0420297560585947,0.040089254619362,0.0500986808922423,0.0469099844004361,0.043497931680128,0.0370213636558069,0.0453385879240988,0.0486998403199283,0.0416467590340818,0.0326263507100446,0.0376534038503955,0.032471884738972,0.0468473926531594,0.0570353847486568,0.0355119584633207,0.0309246974841341,0.0331424099426813,0.0342690435113608,0.06401721112009,0.0459837078089329,0.0319706308811937,0.0354714624675542,0.0353901118158761,0.0426093302900465,0.0401835543969903,0.0426736580727453,0.0442756944191149,0.0449518978983878,0.0440191270392684,0.0408023020016123,0.0430686726153375,0.0424980147597979,0.0440330858024227,0.0466171340249017,0.0964371259324714,0.0462481922508928,0.0469491944165554,0.0478085362695726,0.0442713742558176,0.0433577580673816,0.0659888220917972,0.0370189578649409,0.0391389315003127,0.0388608890665604,0.038887434355459,0.039061050459586,0.0405288579177867,0.0359330734736529,0.0373429920697514,0.041199222457271,0.0374616584614075,0.0439879302163586,0.0459835254478866,0.038572211696211,0.0433380482106082,0.0414341748324726,0.0406080812117135,0.0408291264143878,0.0379864982056457,0.085944486848053,0.0606319490849678,0.0638942192577332,0.0528639890824775,0.073652779108273,0.0579475187552791,0.0649956974183032,0.0698656115331548,0.0681275430757208,0.1563804852550108,0.1297407080875583,0.0571265116070343,0.0556585610302837,0.0606761737230936,0.0616723902000044,0.0603770682028397,0.0626404417319159,0.0749308389243914,0.0679986602735471,0.0643653151988257,0.0667363277275807,0.0779792959797331,0.0748003530665428,0.069631941889253,0.0690227465074686,0.0719226903372982,0.0657436384922931,0.07069252231393,0.0635897647225585,0.0590237467749341,0.0586176156572468,0.0617099981933675,0.0554468620424248,0.0774540333887765,0.0727513205683205,0.0659671279080944,0.0461022984235199,0.0519244018090692,0.056617929302039,0.0469584626406565,0.0686231023313252,0.047837134215543,0.044703535119285,0.0644063460390613,0.0561539009379519,0.0531820179854722,0.0498258703888971,0.0462909107617504,0.0402283310552062,0.0481423020380269,0.0487295321609959,0.0490199957476402,0.0595340564094382,0.048941861494538
326650_13_consensus.txt,0.0600945088999065,0.0664639447157746,0.0674604117068486,0.0604016113073342,0.0675300262858042,0.0724685188606208,0.0635312495432547,0.0738349664735942,0.0770594049909529,0.0741740366454184,0.0656240634980864,0.0759872421528173,0.0664938397596257,0.074304816123055,0.0734680068294624,0.0639165898401916,0.0654876948692626,0.0741051728249617,0.0149022783421619,0.0102970834537892,0.0152501557182267,0.0,0.0108390087530052,0.0130309888705495,0.0151541918100743,0.0085004508736501,0.0155841754483141,0.0049519811390448,0.0069028932948373,0.0080461794584341,0.0095417743558758,0.0054726540405534,0.0096534425490508,0.0034513026897666,0.010412761436787,0.014645804180561,0.0470263696829142,0.0462224126400645,0.0460932057795133,0.055581468364573,0.050000326909001,0.0481656116759241,0.0451754050078836,0.0467073433843658,0.0478636566352808,0.0538436712153247,0.0506475998488218,0.0486258884067485,0.045332691616351,0.0498106310405361,0.0507569522756012,0.0528095384295603,0.0486992159273986,0.04700251580382,0.0291265821771773,0.0278452989405177,0.0288713712365549,0.0328731649070643,0.0303898776074698,0.0295669681899886,0.0296325693245345,0.0286153316113821,0.0305118076399226,0.0318953658347238,0.0291490110143213,0.028403335552511,0.029144389952739,0.0280453691435269,0.0282472818202261,0.0320995018025946,0.0305188142849344,0.0284205934311563,0.0369453011766047,0.051381855787322,0.0505352391440929,0.0422211888189121,0.0297185378571338,0.0377644809858779,0.0349767139403809,0.0454798248727863,0.0540623865296447,0.038848489806603,0.0287979304869931,0.0344295225584989,0.0384173541941494,0.0642848216265674,0.0488820678916042,0.0305679211839313,0.033797082587931,0.0393939968817527,0.0478812142459439,0.0427487250301634,0.044323120041124,0.0384385287390092,0.0400082470788802,0.0402932197252043,0.0422492457157304,0.0380279684160997,0.0394878260058515,0.0402271414437125,0.0454098074561493,0.0948239879748138,0.0502026367532195,0.0440953089564706,0.048866426170143,0.0389969349548424,0.0413024873917935,0.0720954527548434,0.0360516108062451,0.0359483397527675,0.0358996115242851,0.0381922067632354,0.0334560521601927,0.0341076886586559,0.034997998580672,0.0313249116242912,0.0325787475026597,0.0338729679432106,0.0358210033580403,0.0359015039315568,0.0339438006102614,0.0351001619425304,0.0356874361469472,0.0388893410422408,0.0325760060735786,0.0322745487686537,0.0778258902623321,0.0613283260904991,0.0560465232237596,0.0456982019487641,0.0630066567905291,0.0493166066009358,0.0551799317422077,0.0606515878098496,0.0591508710736654,0.1463508342566113,0.1203889272015779,0.0548249041111752,0.0548820095950617,0.0613994275108211,0.0547288165489669,0.0575648178766492,0.0635672968802172,0.0744823080416878,0.0566055045283748,0.0510178650880615,0.0534601192135175,0.0606715138062883,0.0594437367619775,0.0566487444951331,0.0581117001463997,0.0582948618521239,0.053167480878872,0.0536666583722116,0.0501851317050769,0.0487523078430971,0.0502600994613517,0.0520951528011659,0.048306333415419,0.0598319290899365,0.0571428939854063,0.0527459173027757,0.0413963121643057,0.0458129436995449,0.0475509953344444,0.0359690415610414,0.0656381298074517,0.0399173668697265,0.0392741343200953,0.0556385409266431,0.0505880771484088,0.0362473532606673,0.0454776607444857,0.0376371137513773,0.0368903817593047,0.0431004309987113,0.040416028498738,0.0326333093588306,0.0528220907198146,0.0406747383429166
326650_14_consensus.txt,0.0648587360310015,0.0682493634115282,0.0670933047382966,0.0679777990306416,0.0701390245920929,0.0752339777227577,0.0712283576418455,0.0790120083478154,0.0794239503834521,0.080077055528176,0.0694143904196407,0.0823905395433968,0.0739321296119399,0.0792410293083065,0.074043864083265,0.0669916454889971,0.0664609496514252,0.0771779223087412,0.0122790154042826,0.0079736627561262,0.013014823136153,0.0108390087530052,0.0,0.0129267628189371,0.0127874440181567,0.0099886377252911,0.0146349540105443,0.0163177218906644,0.0091927635259709,0.010969862418019,0.0100279155445717,0.0088008034545099,0.0126942281605035,0.012401130042563,0.0105236475640921,0.0121637331640123,0.0569099158544332,0.0562365925029268,0.0566704257005001,0.0684933633744648,0.0626725013776656,0.0607899067510224,0.0547571821320067,0.0567106341949763,0.0595285889998917,0.0673521482448,0.0630390318929565,0.0615764195270678,0.0565149434008773,0.0602650623646638,0.062698515837912,0.0653762645031204,0.0608831156080071,0.0589010411890811,0.0397884132546568,0.0393734456634566,0.0392553907233832,0.0456969546815813,0.0429445813588813,0.0401805941946307,0.0406354226191103,0.0394296606231048,0.0400219955014478,0.0447627386623477,0.0413077930952852,0.039482581447988,0.0396853168608881,0.0386983655615065,0.037076581192057,0.0451976803427482,0.0429723907199832,0.0398006966030486,0.035463703978408,0.0460838033648007,0.049326807667704,0.0393813724109044,0.0307117481970351,0.0371247945810688,0.0327920465939763,0.0432544511522836,0.0570217013866587,0.0336022070431027,0.0292860304399456,0.0313102764637154,0.0337187680288435,0.0626270998738753,0.0466542895123414,0.0294639349373584,0.0323774630344697,0.0338676033757208,0.0473943117347195,0.0436428375305482,0.0471084931676877,0.0458031566171071,0.0460919519170266,0.0465779572516797,0.0452182073715086,0.0444460960519794,0.044303882648597,0.04581360018142,0.0497660747149248,0.0995919179265349,0.0509358085773499,0.0498061658682438,0.0522323738276009,0.0463806114077343,0.0464594544837089,0.073461888584946,0.0382393190025203,0.0405263632696657,0.0379465553293272,0.0398087866749801,0.0388943078259451,0.0393282719354095,0.0364236244336764,0.0376356132753157,0.0387903246525782,0.0382435542308767,0.0414024489736242,0.0434720773266823,0.038373398340588,0.0430854693745352,0.039764826547886,0.0408298527412718,0.039972617370994,0.0355454504832843,0.0856938236267508,0.0618133974007877,0.0640660058775397,0.0522743555185565,0.0731437490586062,0.0587208904971827,0.0638879111245946,0.0698163146763439,0.0689740908601024,0.1586621377690589,0.1313436024810403,0.0585212952786804,0.0568022783466055,0.0630887438577412,0.0623197561512967,0.061196819389008,0.0633440227243218,0.0747375721713563,0.0682350641542246,0.0625838727703156,0.0669772336651322,0.0758665086369507,0.0730536503068899,0.0692550417082058,0.0702518740603821,0.0716161710627965,0.0648556339405939,0.0682944696711276,0.0613277171942048,0.0592198764022544,0.0597398629476906,0.0625485631257465,0.0563948915577512,0.0746462220021886,0.069933181345303,0.0654230475077284,0.0442555473990093,0.0508669380130317,0.0514583128433292,0.0427030338815077,0.0717292351908076,0.0450584239185021,0.0436944721609524,0.0631263338320042,0.0562271980897621,0.0466032412088868,0.0522653375866868,0.0418015692803575,0.0396098712156174,0.0490312501794889,0.046908045238668,0.0442955220372107,0.0546155230186435,0.0462692645943327
326650_15_consensus.txt,0.0659131202120626,0.0690388516427313,0.0673182219701438,0.0672778178618171,0.0681241668912235,0.0752811004660971,0.0713623235604608,0.0784026214300794,0.0800703396019173,0.08042481730428,0.0686622614094867,0.0813456560461904,0.0741063729772282,0.0795658038251314,0.0743090304992142,0.0685487003144498,0.0684730048633976,0.0766804267187595,0.0147923927353783,0.0127757104199623,0.0156482640302009,0.0130309888705495,0.0129267628189371,0.0,0.0156660811428555,0.012780661125868,0.0163017267298748,0.0198174529309262,0.0115915168851312,0.0121183286617059,0.0120252388696613,0.0114866631805261,0.0134843448937349,0.0144182019183931,0.0133539136869611,0.0155826689672737,0.0586994313232338,0.0578874724058646,0.0584047633472062,0.0712250734527319,0.0643115646387677,0.0622832818136496,0.0561533080287617,0.0584167051447783,0.0611072041963112,0.0698164485173364,0.0651777755016889,0.0636453079691605,0.0584946421212642,0.0625713524937729,0.0651613494459351,0.0678560594949431,0.0624025955598384,0.061320040854718,0.0412191716962686,0.040265711267132,0.0389175084744222,0.0484284322897679,0.044211909835206,0.0423095516116873,0.0415130990278012,0.0405535957160081,0.0405562299088924,0.0470755269949663,0.0429538829402273,0.0404083516930375,0.0405016241923279,0.0401502185228777,0.037417336492532,0.0475484472088219,0.0445142316217443,0.040907384991689,0.0362296530324712,0.0466377914449864,0.050034398002607,0.041927259281663,0.0320531300373856,0.0363456896672484,0.0318507686656968,0.0435947920522092,0.0563538570639607,0.0368423599264975,0.0306930059371515,0.0330038812041442,0.0356248802807837,0.0630806520181046,0.0467362213781292,0.0315521965111322,0.034957159661106,0.0360227544376954,0.0476877047361909,0.0446646478796237,0.0469591465846175,0.0464558622422233,0.048144030648344,0.047013828579705,0.0450372937416156,0.0454500213547239,0.0451557451838304,0.046588359530105,0.0498898680782549,0.1009350520838552,0.051064508073594,0.0501042852259345,0.0520939039756829,0.0468412374112681,0.0462771024255568,0.0726584146594593,0.0389427699080373,0.0417480614648289,0.0405677980944094,0.0411727294371075,0.0395073863328185,0.0407195990234878,0.0368721093476578,0.0388145792170755,0.040247262328835,0.0389475244261987,0.0449007277935935,0.0461519583092773,0.0394522476259631,0.0443746053532132,0.0424056179298322,0.042400840282216,0.0405953894017407,0.0384660651524537,0.0876957075805444,0.0674135175150629,0.0667604977643536,0.0555620316740688,0.0747796700533705,0.0605721425673619,0.0657067832498512,0.0721522849901807,0.0703977089563343,0.1577663894806829,0.1313867215214053,0.0636647768220726,0.0608701543399083,0.0668513384515057,0.0642672001882136,0.0659946977276062,0.068767246904013,0.079993892719818,0.0697933470480833,0.0648030101478225,0.0677534749351611,0.0782588164917541,0.075530533631694,0.0710492659377548,0.0708161456164333,0.0724367667590959,0.0661733967026068,0.070991892101083,0.0645164543543401,0.0607728443615673,0.061280763092455,0.0634519179278063,0.0575861422292183,0.0776723368845075,0.0731781401211737,0.0671952366595149,0.0493644190640907,0.0558048842938205,0.0587337054403827,0.0498499696357574,0.0751077112672575,0.0507934904964191,0.0487807626556948,0.0674191080508297,0.05867947093774,0.0535372971593801,0.054044005521094,0.0491960920703586,0.044577239845168,0.0509320188867272,0.0516595194112694,0.0497579468482687,0.0642248399731553,0.0533813814377275
326650_16_consensus.txt,0.0679281344542301,0.0729350714174268,0.0705515845048818,0.0730664096116093,0.0744140656245129,0.0790979088281824,0.0758497947753724,0.0831431262864788,0.0834067717096305,0.0847052431598118,0.0735322796852031,0.0860221042717253,0.0773543651161956,0.0846892975981461,0.0783498327273219,0.0705945189480274,0.069936142165262,0.0803399971632679,0.0135028770264042,0.0126365996977035,0.0146556650499425,0.0151541918100743,0.0127874440181567,0.0156660811428555,0.0,0.0130443174052707,0.0157812002467698,0.0222564620347736,0.0120161078147207,0.0133399606607778,0.0114600510474485,0.0130015881246867,0.0130484764781213,0.0165166790584709,0.0127070830104125,0.0135282527155649,0.0614322227480528,0.0611127888554641,0.0616193344478919,0.0735138570633431,0.0666264977499606,0.0655108256841741,0.0592977739915596,0.0620868183138689,0.0642076860709846,0.0720951606011386,0.0677752537942648,0.0667783992742139,0.0616494301758372,0.065660982916059,0.068130047034713,0.0700379367839181,0.0649369774558348,0.0637686151543732,0.0485277927021403,0.0470745576681412,0.0466789125097086,0.0549791685786633,0.0509657716316045,0.0493273997178622,0.0488874942064061,0.0479923602673135,0.0477112348240957,0.0539557680260127,0.049840789750803,0.0478809574381191,0.0478024848604228,0.0473638490497698,0.0448033025421317,0.0541609485873344,0.0512993742445351,0.0483909257436447,0.0389593630176072,0.0487431690437256,0.0510048979808175,0.0451976424029183,0.0343216856304868,0.0405200371784575,0.0338795079225198,0.0478182855973736,0.0610786483939778,0.036468811107337,0.0326496917674647,0.0353211958310106,0.0352791461653358,0.0670549616759723,0.0483539599062279,0.0325873396025411,0.035644356361927,0.0369816501186583,0.049129125885118,0.0467062115486376,0.0500839440681639,0.0501715341129358,0.0512566690640206,0.0509495115066309,0.0462406844051281,0.0486143459151149,0.0490276572933252,0.0504555170635265,0.0531717264604543,0.1034112687789816,0.0524790606080527,0.0537732889405955,0.0565444275526889,0.0503669505057731,0.0495039456675838,0.0753748692135527,0.0383009153753119,0.0421983513930204,0.0398973178318859,0.0414246781273064,0.0402532090107907,0.0421479176372212,0.0370343289125942,0.0403230200512245,0.041694483502618,0.0396237288942877,0.0457675437289779,0.0476813103209927,0.0394138668691788,0.0460800412731456,0.0425991638586777,0.0436450989073815,0.0433845932639496,0.0392399129646587,0.0952212158854273,0.0692507336390848,0.073130682068677,0.0607734150828278,0.0819246467822623,0.065964095888428,0.0720396055268199,0.079324185945766,0.0785447033044102,0.1602796955530427,0.1376781820154704,0.0658086512574938,0.0634642546608583,0.0694700645973327,0.0710013946725087,0.0693986308028105,0.0702205192522296,0.0831557448616706,0.0745625941534928,0.0698150543171909,0.0735034938591372,0.0838767334649039,0.0807925218649909,0.0762109605264775,0.0760598417809514,0.0791957740711124,0.0716940127192939,0.0761483513512999,0.0684497318626258,0.0645899616104728,0.0646005072716535,0.068309643690374,0.0611358757422664,0.0830494582026011,0.0785107177241046,0.0717980787229173,0.0515656552336789,0.0562777231617381,0.0601925566016818,0.0500272450052223,0.0761939970001588,0.0519275195181796,0.0487833925381648,0.0712100026794315,0.0623241253680513,0.0565963069428088,0.0553736246295075,0.0517584121162792,0.045545814231346,0.0520560259844122,0.0536927706417929,0.0525035792023995,0.066772442680933,0.0540147380294984
326650_17_consensus.txt,0.0663070958022356,0.068976793801986,0.0683627171561109,0.0675434579814195,0.0697286473929832,0.0758169898125062,0.0711397257864092,0.077998110785872,0.0804228599436625,0.0804186995116715,0.0681284623327531,0.0825657372908823,0.073557994581404,0.0803392085197165,0.0755455776436448,0.0693674215738058,0.0688420921930976,0.078120929937155,0.0128713591123297,0.0099760983815073,0.0133067790995902,0.0085004508736501,0.0099886377252911,0.012780661125868,0.0130443174052707,0.0,0.0127033984042768,0.014688798799967,0.0086855131874727,0.0092177633316632,0.0095590768280882,0.0065619431967371,0.0094263342037663,0.0091356524716346,0.0111161105738508,0.0127316068925376,0.0523259588432303,0.0516736623705638,0.0526405439465182,0.0645634736372651,0.0572966842179285,0.0557647671024987,0.050091412007073,0.0523420319169209,0.0543071004226716,0.0630947833912642,0.0584804770993594,0.0571713869872994,0.0519496831878498,0.0567387668299508,0.0586590344207049,0.0614979942793283,0.0557057759286667,0.0544816053773633,0.039934586464744,0.0389133965783345,0.0376226736213176,0.0472275302919635,0.0425456558503984,0.0404536764249376,0.0406501450788372,0.0392180484625237,0.0391102392989006,0.0457891720832126,0.040981476737361,0.039238828138659,0.0395356081113824,0.0384692747203914,0.036266129246572,0.0464123635398463,0.0426622962091567,0.0393766622796656,0.0378199001094117,0.0475926151462013,0.0496003950495991,0.0452399940319674,0.0318541980853286,0.0367565051717164,0.0330519369330888,0.0442172904660509,0.0542022566479314,0.0397103817678301,0.0316891715428369,0.0357377835894032,0.036442095693804,0.0617256749971115,0.0452087121202771,0.0333377152591065,0.037213793784856,0.0397208014159939,0.0470441975143405,0.0458979759306599,0.0477940861813896,0.0466664554264948,0.048515131375904,0.0479241994243624,0.0456454703966535,0.0447980431001129,0.0451225589695578,0.0471685256439373,0.0509246448161748,0.0978749262470586,0.0515014148977588,0.0511767623438785,0.0535465933793606,0.0470761110258575,0.0470621510519446,0.0743695873750382,0.0382390221962776,0.0412967989857548,0.0395981765248159,0.0401218681860342,0.0379008315037507,0.0399034257583954,0.0360054239292617,0.0359482895938541,0.0357805246884144,0.0383029368361791,0.0423619949192684,0.0431954443242519,0.0380707625584744,0.042686395419583,0.0413377746215246,0.041708417721554,0.038401098116906,0.0367673317114496,0.0892095452122703,0.0706268012709196,0.0657424063753708,0.0563334612760959,0.0739198130728873,0.0595303215769993,0.0657218855269592,0.0719275024485401,0.0684999740978922,0.1580868924305338,0.1305445778798972,0.064884521671285,0.0646350189106916,0.0706610205404496,0.0647008065843603,0.0691669266721675,0.0726166874946931,0.0840874912265841,0.0670550143788908,0.062373331031476,0.0656988604513788,0.076570176103516,0.0742648811782178,0.0690099945979261,0.0684524984164705,0.0714410659092541,0.0643709846722586,0.0687325726364278,0.0628292348019741,0.0597123264019785,0.0594143494330126,0.0638720754012851,0.0573099030676456,0.0758237602767017,0.0714490521576411,0.0645448640417827,0.0492108877190631,0.0525523076020855,0.0571943797710474,0.0477396456174714,0.0725320862304856,0.0481241319767784,0.0458808968832933,0.0650648824118054,0.0569168297252451,0.0492960196295815,0.0518832972947906,0.0462594077917213,0.0430976566516676,0.0481099982530714,0.0479856082900687,0.0452787222405746,0.061776194710978,0.050110183027078
326650_18_consensus.txt,0.069816315830506,0.073895974412693,0.0708998821821058,0.0721355388194036,0.0726994100537741,0.0783654323068967,0.0757059691588377,0.0814244761089177,0.0827508751673518,0.0835922410286569,0.072168168623472,0.0862736516941273,0.0777210377571773,0.0841274746961504,0.076909280459585,0.0723833014191717,0.0711502258393697,0.0795702403135987,0.01592706318094,0.0145249321800946,0.0151314386859517,0.0155841754483141,0.0146349540105443,0.0163017267298748,0.0157812002467698,0.0127033984042768,0.0,0.0221560712799417,0.0134397815048519,0.0141033611793259,0.0137112495825775,0.0129447412996945,0.0132447593777147,0.0164108620393799,0.0138335822389397,0.0167830486119182,0.0605251444439813,0.059868964191506,0.060833708296462,0.0735734343245555,0.0661107427475675,0.0641579461937578,0.0577130572790736,0.0604060968315769,0.0627750473068884,0.0718781528313812,0.0675587922034486,0.0654087551404165,0.0605186562230812,0.0648735367274548,0.0674017840637821,0.0700526370864427,0.0644619545590057,0.0630789521988202,0.0458220108690987,0.0450498729700106,0.0433404402695423,0.0542207477110272,0.0492553542165872,0.0471129457679699,0.046366853801425,0.0456020509344261,0.0443852090982019,0.0528925782391755,0.0483090225888629,0.0456718760838068,0.0449298899674897,0.0446660603941611,0.0418509158306328,0.0533814062848332,0.0496084694755172,0.0460504554720833,0.0403442998201386,0.048812969606292,0.0520808556990317,0.047244946806348,0.0361095911825133,0.0402324408979204,0.0340640574851809,0.0468505289164093,0.0579757340954483,0.0417490865152654,0.0358705143583186,0.0382713364247173,0.03868878736007,0.065840553487166,0.0475394944841456,0.0367811409003451,0.0410105225822494,0.0422439102483096,0.048793266495009,0.0486798108680268,0.0500820635845178,0.0514589633747721,0.0530043899874055,0.0517031026106673,0.0480001225882578,0.0495759722524216,0.0486344453552352,0.051183795721811,0.0546300903347622,0.1029712058228717,0.0545678800313087,0.0543437746243453,0.0562520810935422,0.0515397096276624,0.0503097113314083,0.0736483891086257,0.042269401298407,0.0459315665082424,0.0442159229189798,0.043776046941601,0.0435959521438613,0.0451961991954776,0.0401594225847787,0.0417669269610723,0.0428931796607185,0.0428225241723305,0.0495486716848887,0.0499776617669889,0.0435386139874154,0.0485752951791029,0.0464428829175709,0.0457603334869585,0.0449336309756507,0.042417552994542,0.0914176123292245,0.0728403793156076,0.0696361371935907,0.0605344829918035,0.0780485607407905,0.0628578941619979,0.0694010361098671,0.0766625868027386,0.0732404803985771,0.1632378941009982,0.1332368592849926,0.0674301741341114,0.0665615568750723,0.0712984343094618,0.0678663195166748,0.0717359094419816,0.0742477062904063,0.0861914808696333,0.0724631522736984,0.0686871901514116,0.0714425387901727,0.0842440618678965,0.0811206667497792,0.0752900423054478,0.0739020353612529,0.0771652186990063,0.0704382352836638,0.0768173141207384,0.0700979920295923,0.0652595628886345,0.0639733689967503,0.0682691350632511,0.0616091153742495,0.0838845464829844,0.0788496416772872,0.0717719906360763,0.0545240784972254,0.0589762428531406,0.0651023562815122,0.0558994868635522,0.0783785535861545,0.0554430573116908,0.0517348698099233,0.0723557874646658,0.0634532232098621,0.0600022719558701,0.057219794793025,0.0544511154020632,0.0492643929339484,0.0523887714143107,0.0551905586891274,0.0555919325419953,0.0688057694868451,0.0580411994643847
326650_1_consensus.txt,0.0622151341936616,0.0704706156893735,0.0729190765271052,0.0619369021378473,0.0727775530255661,0.0768859921901503,0.0641102495934635,0.0758960153953056,0.0804457209496014,0.0749994089186714,0.0688222411153933,0.0766697303746859,0.0666402899633675,0.0760092504626461,0.0771586898679173,0.0657170022617243,0.0677045303661438,0.0770271477078985,0.022477616533151,0.0155338505385174,0.0215280698855986,0.0049519811390448,0.0163177218906644,0.0198174529309262,0.0222564620347736,0.014688798799967,0.0221560712799417,0.0,0.0114299487392584,0.0131320868982722,0.0149525103889178,0.0095808549597569,0.0148432704282717,0.0047818738819049,0.0162297632718475,0.0208814527428629,0.0486301820424266,0.0473948248856954,0.0467961651204724,0.0550085296126665,0.05064130217945,0.0483238807576578,0.0471465927951104,0.0476947258608095,0.0484113462979678,0.0531421781699119,0.0507027478093116,0.0476940653459108,0.0457206231591396,0.049826184073904,0.050127416618662,0.0521843253095983,0.0494964077151065,0.0471162684768877,0.0265164013493848,0.0255361943966523,0.0285094208237968,0.0281717399517775,0.0278579206179969,0.0274512069825672,0.0269015461681823,0.0262943186576407,0.0299098202337342,0.0277259309716404,0.0264342108293744,0.0264744044345635,0.0267726097536247,0.0256368469734482,0.0282578564497528,0.0277535186360253,0.027634457000583,0.026538399035461,0.0436371739106515,0.0605213330166272,0.0565571116201528,0.0474283051314259,0.0346409344043232,0.0454784840914967,0.043354127409561,0.0528448260278207,0.0604524533550714,0.0456926917116584,0.0345158439056536,0.0408472568118503,0.0468768096409917,0.0719171903305433,0.0577745814661039,0.0358976756354891,0.0395710882084339,0.0462134096029105,0.0550552627736626,0.0485467201629132,0.0494926372109514,0.0398696542000589,0.0408967803028819,0.0418017993889163,0.0473672013360406,0.0404923599402575,0.0423844402549651,0.0420079967188682,0.0482055914363019,0.0957622477807893,0.0555452132571057,0.0458449248624672,0.0521315119768051,0.0410173625969152,0.0448746147938292,0.0778427910547012,0.0422904592280879,0.0403297513184472,0.0404240390916914,0.0442742242594196,0.0382268653343285,0.0372448000759,0.0420409318967243,0.0357253284076239,0.037564586781281,0.0378455293097763,0.0379292544599572,0.037314929854487,0.0386471540000261,0.037308940804662,0.0393081382424336,0.0437583773237042,0.0353828342653299,0.0360850763705808,0.0732206322558619,0.0598324846299647,0.0528291349136358,0.0427378092651409,0.059787894539081,0.0459877920623874,0.0519978728024952,0.0567583055184934,0.0559179133923368,0.1466917879647917,0.116966678982699,0.0517453464383033,0.0537375221648126,0.0596904490535576,0.0514507012567317,0.0539410458549909,0.0618910209677068,0.0729401355180749,0.0535406159661491,0.0472956395186683,0.0494097188934636,0.0541588966414758,0.0538367226616163,0.0527295892145112,0.0546833788869181,0.0533808279651424,0.0497155541188618,0.0478826108312713,0.0464762711746988,0.0461787686033057,0.0483185990277199,0.0489398026322582,0.0473754981631691,0.0529928464876237,0.0514945200019534,0.0494842444304932,0.0426230896384707,0.0471447741380117,0.0468213892860713,0.0348327239498518,0.0669515223908749,0.040176559848474,0.0405615743043386,0.0539045147747465,0.0512643348900132,0.0330650129685592,0.04581191457941,0.0377614482136889,0.0381633342972005,0.046090613381188,0.0405204320403491,0.0308078887295728,0.0518850897760527,0.0402549043941578
326650_2_consensus.txt,0.059068756389621,0.0656585889346734,0.0640607420071548,0.0615043186745838,0.0657500057378781,0.0701597815690568,0.0639630865775071,0.0735679900220969,0.0750432240818117,0.0743106066932934,0.0653299345646445,0.0753224538764838,0.0662460374816165,0.0731373435101678,0.070078632872164,0.0622107276299059,0.0625598239101581,0.071512252142817,0.0111551967306535,0.0084491934810246,0.0113829596688557,0.0069028932948373,0.0091927635259709,0.0115915168851312,0.0120161078147207,0.0086855131874727,0.0134397815048519,0.0114299487392584,0.0,0.0076271845677835,0.007760876799999,0.0065805503396942,0.0075288252327778,0.0078972322996344,0.0075134628762079,0.0106634921595647,0.0505599301394834,0.050427962953897,0.0501530667654126,0.0605541244086706,0.0546908499777547,0.0527289369357752,0.04834559119646,0.0509159279597417,0.0520651340991253,0.0586730665594323,0.0550899698051132,0.0529925204032704,0.0498397563802237,0.0540974975622114,0.0553432944863274,0.057371658675434,0.0532479813391839,0.0514918500187926,0.033255610948232,0.0330031668255079,0.0329489273633711,0.039020950327905,0.0359301567340608,0.0351799643521806,0.0340502718874624,0.0337090893650939,0.0340819335283306,0.0381505195007827,0.0350654362312079,0.0335827877520626,0.033341662579339,0.0330263414413245,0.0321144528838566,0.0386303791312467,0.0362559739400696,0.0335673994807148,0.0332983931389119,0.0444303616087191,0.0465606619153335,0.038095487500195,0.0270242519780277,0.0343552456050257,0.0302603042950542,0.0428852290907482,0.0533833570664388,0.0326084668614941,0.0261000517023655,0.029559329853833,0.0323864847088319,0.0608455493323356,0.0438863249649683,0.0264522013190138,0.0301506264918822,0.0334050841457829,0.0440505797085482,0.0399429719147024,0.0420536743291934,0.0396344135140669,0.040889044258634,0.0404091786746514,0.0398582291349249,0.0393586344831433,0.0398216727052975,0.040380401477762,0.0444648548897772,0.0946226748422169,0.0463903870168991,0.0437362959037299,0.0470092081078021,0.0396777275022142,0.0407502086537387,0.0681132558302577,0.0335527075335333,0.0346559844507687,0.0346237972241221,0.0351565301728369,0.0331841211397918,0.0345675348443892,0.0327112393187114,0.0312726463490333,0.0343075160720687,0.0326308500059147,0.0374288418922308,0.0381291021830838,0.0331946028938006,0.0362655911372682,0.0359018595519016,0.0371650870577333,0.0342419529973376,0.0323510971213467,0.0786165879337561,0.0581423431419665,0.0581433815753644,0.0468240255941028,0.0653510429503425,0.0508628877429364,0.0574738595814841,0.0630594796728347,0.0616300755503305,0.1478010752849101,0.1218002978264145,0.0528016302565941,0.0518638491432357,0.0579549217695687,0.0554938419848225,0.0559764649254317,0.0598135688272201,0.0715116267623452,0.0602137037346857,0.0555131694910455,0.0568571150600654,0.0659838461398667,0.0640813204341341,0.0605462904233133,0.0612488902262571,0.0625447690532068,0.056735660607794,0.0589569332993669,0.0538937354809778,0.0508323566041104,0.0512954574362449,0.0536060125790305,0.0486961218406332,0.0656660488038198,0.0619897240892823,0.0568731296819571,0.0404304204344718,0.0454696839059707,0.0485882854565442,0.037805279886351,0.0640381145131137,0.0399972787183946,0.0384232692381933,0.057703757989107,0.0503901306343834,0.0415767157547293,0.0455371669621245,0.0394372690232938,0.0356141215856178,0.0428049346887275,0.0405824529725311,0.0373656135470978,0.0540011091114447,0.0415685910728518
326650_3_consensus.txt,0.061399153042708,0.0676946934643307,0.0657940813823714,0.0629406760973187,0.0675379373678168,0.0726581708670135,0.0658296692867681,0.0751734556151504,0.0771175181265313,0.0762045654960816,0.0660707603898922,0.0778336982363354,0.06930067862237,0.0755266784467085,0.0719350064749511,0.0651276130713514,0.0654157857704262,0.0730561204790971,0.0133322908047803,0.0103162593903771,0.0131767340838306,0.0080461794584341,0.010969862418019,0.0121183286617059,0.0133399606607778,0.0092177633316632,0.0141033611793259,0.0131320868982722,0.0076271845677835,0.0,0.0088142229095478,0.0075391340536237,0.0093013117600433,0.0090474564379796,0.0098761899599537,0.0125620840610878,0.0518556208545826,0.0509300847653655,0.0509188644861211,0.0626650887477167,0.0559847238320916,0.0540680718277375,0.0491096015123666,0.0514524472352713,0.0532913307874398,0.0605390736090978,0.0570550711934378,0.0547153785889289,0.0511862641946141,0.0555004067728708,0.0567349954822997,0.0596248898945095,0.0544426033979723,0.0528394507028284,0.0336870906379989,0.0330859186456375,0.0330327141509894,0.04018991808279,0.0368067044599564,0.0352968350951865,0.0343264017210671,0.0338410869938856,0.0345234274041814,0.0391369070261129,0.0358665750774251,0.033979690463612,0.0335483856170979,0.0334811537424943,0.0321273981165388,0.039594662706353,0.0370223567642966,0.0339413449976326,0.0369693735360137,0.0480007464858136,0.0493228898645927,0.0419386748786889,0.03106194636623,0.0363114430324671,0.0326747314577424,0.0449636567235911,0.0552910357511224,0.0370250731294206,0.0303163297397315,0.033163331732223,0.0363799552735359,0.0637967289964445,0.0471310409585088,0.0305154994898204,0.0342426794541417,0.037967581774307,0.0448150784392202,0.0416701852271925,0.0430909481067356,0.0406406454496153,0.04286805648813,0.0417655189239489,0.04105618397453,0.0399450906756442,0.0403954609030607,0.0410531455885481,0.0452638561886189,0.0942802408027851,0.0471541680857781,0.0447540544450904,0.0476998417335021,0.0410093585517605,0.0417923529856318,0.0690639788788729,0.0359020782209853,0.0370591855219553,0.0367629371498479,0.0372590355202255,0.0351149081324759,0.0362840610552126,0.0345362011503702,0.0333171499882922,0.0347506866061877,0.0348027608637577,0.0394161531977275,0.0398294341151501,0.0352173916251246,0.0382705354304357,0.0379328249323531,0.0392911424954762,0.0358151946535949,0.0347769639578823,0.0795537361811948,0.06091374269453,0.0578555082941143,0.0477781234411525,0.0658045631449413,0.0511053044006484,0.0578740089027505,0.0629396525575476,0.0616815999539728,0.1484074475299754,0.1238930731805361,0.055666355307947,0.0541516463856428,0.060219320461714,0.0564673075907675,0.0583982027731941,0.0623677157710735,0.074037624481928,0.0620275063278663,0.0567035517215437,0.0594260129178252,0.0693979934916813,0.066981426029975,0.0633152626685884,0.0626119992155747,0.0644370013005115,0.0590718736037176,0.0619250292416602,0.0567326982003386,0.053534460666393,0.0538941133008856,0.0562956062712958,0.0509048443905868,0.0687240972113061,0.0648931773369545,0.0591832083183794,0.0446430363939036,0.0485954083597741,0.052010575180617,0.0427533833530651,0.0682591193376307,0.0445202330960459,0.0425377101291291,0.0593917831780963,0.0521460435299596,0.0458815712122175,0.0471374658081309,0.0429619956840445,0.0394869241077824,0.0439663648161499,0.0440260438134672,0.041371386366042,0.0573710251730039,0.0462471274657811
326650_4_consensus.txt,0.060711426838389,0.0664797998922992,0.0645907808729582,0.0637174795031629,0.0663304983568711,0.0715990551780532,0.0666187337570862,0.0748962953974556,0.0757390761145835,0.0765105133639405,0.0655485781577045,0.0768921883011701,0.0686308193024256,0.0752970445502567,0.0710982346565174,0.0634095177357165,0.0636170363530714,0.0722685815020485,0.0110233695741843,0.0089925303388946,0.0109601691473706,0.0095417743558758,0.0100279155445717,0.0120252388696613,0.0114600510474485,0.0095590768280882,0.0137112495825775,0.0149525103889178,0.007760876799999,0.0088142229095478,0.0,0.0084898839047813,0.0089888086437266,0.0107334941250503,0.0095942925584981,0.0107951332355469,0.0565486802114882,0.0559022821555501,0.0557768412291626,0.0676855371469873,0.0612499548714868,0.0592743799845703,0.0541664658558902,0.0565540277473006,0.0586000775621222,0.0659380361233887,0.0621443711328488,0.0598245283801661,0.0560585461655627,0.0603652500486671,0.0620310651879325,0.0644345101341326,0.0595359343835948,0.0577970973490886,0.0371933774591362,0.0367837159200927,0.0364702698278058,0.0437791968555494,0.0404236564035578,0.0390286827491657,0.0375065351935157,0.0372389995800723,0.0378419705678494,0.0427196451083471,0.0394834641657571,0.037659349032646,0.0366433588642749,0.0369636435959606,0.0351560327930089,0.0431261355759984,0.040693494674219,0.0378634539423998,0.0341037417715597,0.0452622481057662,0.0463956607787325,0.0401730736267538,0.0291865808527953,0.0341306786056208,0.0296354913651377,0.0440246236989114,0.0562964003317105,0.032717834030568,0.0271749897249522,0.0301237342818572,0.0317862615633082,0.0627082893302031,0.0445704221937761,0.0275138095291627,0.0302568984200233,0.0329242820406578,0.0449425920695158,0.0414703145792838,0.0439771642985418,0.0424220509909014,0.0439271493769801,0.0432539363756099,0.0409764806693324,0.0414229654846636,0.0416973276626961,0.0426821771377063,0.0459053341361812,0.0957304033131674,0.0467619343943708,0.0458724236741421,0.0487395529899057,0.0425408724896003,0.0430103035976872,0.0696749336572875,0.0352471614048122,0.0373828876728818,0.0364945532512432,0.0375600600295609,0.0355763068555763,0.0370730032747079,0.0339043083046597,0.0354824814813543,0.0373874749239258,0.0352533246941568,0.0407703601211082,0.0421545884523606,0.0353983832479398,0.0401377245120171,0.0385730745928238,0.0390439663155888,0.0370637450775444,0.0353086150407122,0.0844545831201761,0.0600719394454341,0.0619775259605095,0.050352497788733,0.070956572328753,0.0549249497379698,0.0618937602913298,0.0666568913279004,0.0662656807793782,0.1521158661525241,0.1291972683647966,0.056325689090003,0.0543378311602635,0.0609011207785226,0.0598476819449231,0.0592820409456171,0.0621727670891933,0.0748302346667202,0.0655002470807222,0.0605301396543218,0.0636461508561252,0.0731210537449014,0.0707668714955316,0.0668442408896341,0.0663607552615737,0.0685465597710166,0.0626129287934151,0.0656074333371696,0.0596393837009241,0.0557614862694739,0.0567686979345705,0.0589867281154568,0.0532597853947764,0.0725236802853785,0.0685753718904589,0.0625968586171001,0.0455384857448617,0.0509767203907465,0.0538178463778313,0.0441980048005028,0.0680405578493319,0.0467000076739356,0.0437421620715552,0.0618508566861963,0.0547073384691323,0.0491924932226286,0.0488917715714709,0.0446351116110133,0.0394525938496244,0.0463455631244995,0.0467855822847296,0.0449075812743196,0.0596963702176669,0.0479390481120756
326650_5_consensus.txt,0.0630605823123549,0.0672049364819447,0.0674205062736437,0.0644354351123785,0.0688443781716907,0.0741505572400242,0.0674910564439308,0.075862443721391,0.0794936519611617,0.0776915658169299,0.067111687066987,0.0801540237887623,0.0710148545627555,0.0771226217445599,0.0738926125140446,0.0662062263034677,0.0668494692209691,0.0762637134753614,0.0121153437803167,0.0085409742000219,0.0129561644672708,0.0054726540405534,0.0088008034545099,0.0114866631805261,0.0130015881246867,0.0065619431967371,0.0129447412996945,0.0095808549597569,0.0065805503396942,0.0075391340536237,0.0084898839047813,0.0,0.0081272007160979,0.0059364599805435,0.0095901652666299,0.0123242054122263,0.0484087196408831,0.0476794308615504,0.0480609262178992,0.059472228086526,0.0530489578354327,0.050986853341806,0.0461524507947288,0.0483157592332554,0.0501933940118473,0.0577129113329961,0.0535598465779108,0.0519933171728865,0.0474552294301222,0.052156017257726,0.0534838824085959,0.0565791928373737,0.0513293846184588,0.0498769469547628,0.0328432649426186,0.0320401312180473,0.0320083310525678,0.039129119266124,0.0353978228788456,0.033810166233775,0.0334060471135488,0.0327170295768342,0.0338412357464354,0.0376617789637219,0.0340689810865555,0.032508727440903,0.0327404121111971,0.0318381543725383,0.0310710759649781,0.0382725125376808,0.0357023489611574,0.032707545873202,0.0347744793711521,0.0467565185332397,0.0482884786447419,0.0402507628700838,0.0284668691440526,0.0348003565883683,0.0313049180793436,0.0417821997334311,0.052076925027964,0.0359006575047109,0.0285832066487214,0.0322953768507607,0.0353427734975539,0.0612382450148576,0.0448376573575286,0.0297156488362624,0.0332483714835438,0.0364382693607092,0.0461159869602063,0.0423830856247429,0.0440648660270239,0.0406559495591798,0.042341664875364,0.0419948441120299,0.042189253074345,0.0399603683509637,0.0403502676701901,0.0411305437587756,0.0457074605185328,0.0945931470300829,0.0484592874172511,0.0450930736181618,0.0483803053984832,0.0412314442537695,0.0425659796146824,0.0717287156387183,0.0357160742363626,0.0367881730110628,0.0359573338513561,0.0372078328863114,0.0343258681893425,0.0354479580993558,0.0333896233289134,0.0319212665535566,0.0325611407702881,0.0340305707681976,0.037769169920713,0.0380317278145527,0.0338794033220306,0.0373196807112581,0.036512063322954,0.0382396929582409,0.0343557792565132,0.0330350837752382,0.0813768180059577,0.0638770575127649,0.0591705342914945,0.0480645110679756,0.0669330034659809,0.0523085314008335,0.0584890610494843,0.0638446044437603,0.0619391858655102,0.1517198518635334,0.1245147676074678,0.0574893188476792,0.0566690508154064,0.0631697247748048,0.0573992121804316,0.0603761493273466,0.0646573269279695,0.0764903361491162,0.0616277926291335,0.0564375742543594,0.0594608318457865,0.0682351352147927,0.0664035371470239,0.0625702267235865,0.0631298766924484,0.0642351717945022,0.0585549547824744,0.0606857647567267,0.055776574337492,0.0536533036239248,0.0537768541914021,0.0570282235398345,0.0515685507097494,0.0675291798095489,0.0637973988710474,0.0585579503350333,0.043281149444291,0.0481662439282857,0.0508544347516792,0.0406403720136472,0.0683121998768916,0.0428478737171165,0.0404851236056345,0.0582059895934303,0.0517912830812372,0.041618511086523,0.0471254973321917,0.0397980626336522,0.0384574292809505,0.0448762807306586,0.0429439245805784,0.0379885327291376,0.0558161938681758,0.0447595792149906
326650_6_consensus.txt,0.0615780511156227,0.0683391755054705,0.0663684892196743,0.0643551127748081,0.0681997389335853,0.0726390068859803,0.0663965593229747,0.0743312449335391,0.0781827971321602,0.0760213555615996,0.0672243089043576,0.0790938362434809,0.069400458413992,0.0758023009036295,0.0713115985266883,0.0649787020038266,0.0655950039278714,0.0746093592134116,0.0121625678218402,0.0118139725310797,0.012137349609862,0.0096534425490508,0.0126942281605035,0.0134843448937349,0.0130484764781213,0.0094263342037663,0.0132447593777147,0.0148432704282717,0.0075288252327778,0.0093013117600433,0.0089888086437266,0.0081272007160979,0.0,0.0101005434683303,0.009882279417992,0.0119102617398931,0.0537317441327704,0.0533438096210154,0.0534755607734771,0.0650795294133645,0.0582518950588824,0.055982402670633,0.0511219972893517,0.0540984410758929,0.0552853201947618,0.0626465784066017,0.0590451544969159,0.0567725476337992,0.0533148823595874,0.0582198425577678,0.0590172289933903,0.0618847095185044,0.0565756642564156,0.0550318705997305,0.0372253466982783,0.037328918922304,0.0365893903026197,0.0452712056232593,0.040895395004032,0.0403051331453836,0.0379625559402532,0.0380142331979813,0.0384881099580214,0.0439536344144571,0.040356160521652,0.0384747661265709,0.0370559348281176,0.0374703145124284,0.0362680411830957,0.0444303925353981,0.0414033452995266,0.0382451353931747,0.0363349265827457,0.0473201353468821,0.0474317216168769,0.043629916133117,0.0304096150841877,0.0361595293481133,0.0312605896039182,0.0460907316580163,0.0548577503509601,0.0367483018830787,0.0302535725821417,0.0333943116284141,0.0347789416440216,0.0632711869909981,0.0444932594111833,0.0307889400708702,0.0349154848461807,0.036912036344197,0.044436288815886,0.0417510219659984,0.0430363109305789,0.0419537900067599,0.0439510127398925,0.042778821851356,0.0405052609748706,0.0416133081422103,0.0417520901565637,0.0423058285368824,0.0455452612960165,0.0946043522960726,0.0461445657891452,0.0449692018225684,0.047728547933274,0.0419714439102296,0.0425873469758801,0.0695528345883902,0.0343535082794161,0.0364673865930518,0.0368550469750212,0.0356804875109402,0.033398870425378,0.0365399295826565,0.0328892725580178,0.0330914706403167,0.0345926144930119,0.0332445092044979,0.0396890767744881,0.0398318837315274,0.0339270130089435,0.0382107535759512,0.0379120795465288,0.0382002401458105,0.035462144093306,0.0345994807806686,0.0843681723129972,0.0641567499895678,0.0623549434892298,0.0512288436808381,0.0701778954486656,0.0536391431465617,0.0619864503985416,0.066909668930867,0.064437092321568,0.1501710695608897,0.1267763187315518,0.0580013936989818,0.0573939022415661,0.0632750605717289,0.0584149476710411,0.0614164378795232,0.0660749583465163,0.0782294593550423,0.0642186767217083,0.0605539062251825,0.0617615605867261,0.0725742783520191,0.0703447292101708,0.0656844468035213,0.0652434223230402,0.0671948704871221,0.061913773254016,0.0652074390280761,0.0600627039381516,0.0553328239462258,0.0553924222680271,0.0586581946455435,0.0533834513132749,0.0724768907515231,0.0687400963976365,0.0618160875986699,0.046702016820264,0.0500211293053123,0.0567040966792156,0.045108147001077,0.0668787692564896,0.0468548403240749,0.0424121739722664,0.062425917693738,0.0538068594049709,0.0491613268387141,0.0477413615785797,0.0461457887371903,0.0410319740243254,0.0447102313773495,0.0455635510506144,0.0437699590045461,0.0614666387701756,0.0493574544565182
326650_7_consensus.txt,0.0614348179610111,0.0679806947584094,0.069533320294183,0.0616994934580459,0.0694882352525514,0.0750741065498781,0.0640494273238845,0.0745963905058344,0.0789358110013473,0.074947557582214,0.0660799552101067,0.0771834600830274,0.0672014048750417,0.0755866676584027,0.0752594623521059,0.0653962174442961,0.0667216085991784,0.0761393379653601,0.0165796412832248,0.0122635247994971,0.0170828695870319,0.0034513026897666,0.012401130042563,0.0144182019183931,0.0165166790584709,0.0091356524716346,0.0164108620393799,0.0047818738819049,0.0078972322996344,0.0090474564379796,0.0107334941250503,0.0059364599805435,0.0101005434683303,0.0,0.012053432653925,0.0163576603533748,0.0456497340867443,0.0446030543895519,0.0447087122464111,0.0542797195439961,0.0486756424227188,0.0466955328698226,0.0440612022848316,0.0452886676522892,0.0462922179961928,0.0524910183929243,0.0493387090496613,0.047174981697295,0.0437148338392319,0.0482412571310346,0.049229087684913,0.0512907283486478,0.0472852445415457,0.0455607347790509,0.0289902806483608,0.0274969628760404,0.0286369024986061,0.032595178404243,0.0300415310352279,0.0295427475224885,0.0292704833273695,0.0284207191235585,0.030269831702828,0.0315708923904818,0.0287560923121992,0.028201581966595,0.0288384316231802,0.0276192518540847,0.0282346045852976,0.0317953445050847,0.0300271958598141,0.0282429786379267,0.0398280023448114,0.0545412571740664,0.0523640404214154,0.0452967570789724,0.0318279220546386,0.0400484984175131,0.0376506192588639,0.0473079412037575,0.055425869398026,0.0426701318933524,0.0314402487291065,0.037399146997858,0.0414679495622509,0.0657138310108287,0.0512295584238557,0.0331897504432845,0.0369507791961414,0.043035358150715,0.051609472921231,0.0472686770048023,0.0481189111727449,0.0416596039121692,0.0433035564154646,0.0434034242204521,0.0456854658027223,0.0414744100929747,0.0427168144874468,0.0434452670979377,0.0488324370175732,0.0967067700431689,0.0538188230788581,0.0471952193705043,0.0522980513980577,0.0422022249964912,0.0449286137231474,0.0761305497990916,0.0382660994258419,0.0383271873980275,0.0382699536460453,0.0398632022488261,0.0349169446251389,0.0359292133119133,0.0370610240519395,0.0328458705610259,0.0340092088434085,0.0353499720826988,0.0375710996506022,0.0371322106754048,0.0356487292368061,0.0364212055880166,0.0377969780939091,0.0406403039932987,0.0336779958908248,0.0342104225440724,0.0777336593159887,0.064519022165034,0.0564813600350815,0.0468352236497304,0.0631015511958068,0.0491592929091577,0.0554066093449288,0.0612537961378905,0.0591652497336774,0.1497554444062769,0.1194416658721895,0.0565566144668752,0.0576831416228973,0.0639492644152159,0.0551007141904005,0.0594612619862067,0.0659969782203688,0.0773391760000503,0.0557756709441319,0.0504488049376794,0.0524816861145209,0.0598799664888991,0.0588891081143705,0.0561738963801605,0.0571715391661493,0.0574170189363831,0.0524834568958185,0.0530860489144036,0.0502584975658066,0.0486252326688658,0.0495819839949058,0.0522424685038664,0.0487938790053679,0.0591883238674837,0.0564247912280135,0.0524228142832781,0.0439919881638353,0.0475559968885539,0.0499668463323494,0.0383185486484931,0.0674445278583188,0.0415659609517291,0.0410249288729032,0.0566856740972401,0.0517248116217787,0.0373193394342337,0.0465675063189934,0.0399194614115785,0.0389064525730935,0.0444280090986648,0.0420275592587051,0.033804176869566,0.0546902074554145,0.0430266948838689
326650_8_consensus.txt,0.0592764089437185,0.0666649217285035,0.0635754519454758,0.0622478771332657,0.0659411997865344,0.0695421225038099,0.0648942351128996,0.0742793120353964,0.0744887088956902,0.0747589528923287,0.0669968546544605,0.0762328868882775,0.0674821319689877,0.0730880542653036,0.0685127491316199,0.0632281171436721,0.0625371369504987,0.0709501686965392,0.0116075249905946,0.0095426953813078,0.0118161937468661,0.010412761436787,0.0105236475640921,0.0133539136869611,0.0127070830104125,0.0111161105738508,0.0138335822389397,0.0162297632718475,0.0075134628762079,0.0098761899599537,0.0095942925584981,0.0095901652666299,0.009882279417992,0.012053432653925,0.0,0.0119231050709052,0.0569597269673209,0.0568334022441368,0.0567965362131968,0.0678819254819194,0.0617428934435526,0.0597003400115312,0.054388161779082,0.0572346956572742,0.0584905076619284,0.0660758975799336,0.0624084257820598,0.060180334781215,0.0569947890533635,0.0609975211037179,0.0625687990056516,0.0647681047419883,0.0601380781304818,0.0585069668010724,0.036760674034026,0.0365600175989344,0.0359799191879908,0.0435243071424418,0.040009752633253,0.0388468966111039,0.0377384409219656,0.0368968938337035,0.0368582289543519,0.0428219762394697,0.0390945615384108,0.037475957136098,0.0366152601891061,0.0361458812341934,0.0349550390002351,0.0432065075225462,0.0400433903894459,0.0372346515631853,0.0351636173345415,0.0451888086183407,0.0485204596606942,0.0394847889572487,0.0303094577088938,0.0372876338168968,0.0316513009276802,0.0457217264283844,0.0553572527404284,0.0342095869864227,0.0285103857582527,0.0311248959921561,0.0337277340151409,0.0622743990391123,0.0449086897090262,0.0293674268853809,0.033069701023515,0.0351914711784253,0.0421238691306564,0.0390420371454824,0.0407888337925061,0.0407744751199139,0.0419846681603885,0.0412339299607351,0.0391006414307497,0.0396334033314467,0.0403054651292871,0.0412174033409673,0.04449909347551,0.0935983633173371,0.0457506197880324,0.0441254766081495,0.046650280350363,0.0406124568952002,0.0404574966285498,0.0653797292514957,0.0334555230638216,0.0352983034498013,0.0347837584881052,0.0347066483710003,0.0345960707006467,0.0357809747421589,0.0323540337141929,0.0324732271578316,0.0358291753051549,0.0335600102681752,0.0389946800192406,0.0402197169492426,0.0342905195808072,0.0381747912708716,0.0368958926600413,0.0365725469896549,0.0361688402510207,0.0333446681318205,0.080314151184007,0.0574134550061202,0.0592360616357279,0.0491049261407452,0.0676978239660712,0.0524593755416473,0.0594773259085963,0.0647801931968672,0.0632505287399363,0.1514469377371652,0.1251116254782411,0.0539705082127728,0.052144086764545,0.0573842915549152,0.0572796024484461,0.0565207272336767,0.0596079836179601,0.0715666144700808,0.0627679803421239,0.0588074574706904,0.0607105770397158,0.0710412078692153,0.0685719008780205,0.0641353961472095,0.0647160060139464,0.066439244751149,0.0604689906482098,0.063852256161387,0.0575712825611232,0.0542217875157815,0.054363625354691,0.0566044831102159,0.05076253256109,0.0705249392817339,0.0663972813621995,0.0602882265978221,0.04393228319105,0.048738894355381,0.0522816996619699,0.0425297089240892,0.0676236416738857,0.0444830003316072,0.0419165015696956,0.0637391657697676,0.0538132848074131,0.0481089043879237,0.048964153016068,0.0442052841337101,0.0386916689117358,0.0447300413314248,0.0454004394452915,0.0439820273754847,0.0581692485931579,0.0453750787370141
326650_9_consensus.txt,0.061310490052211,0.0669112966993985,0.0649421278525039,0.0666682592798508,0.067971598368496,0.0710330800637075,0.0692857271994844,0.0759353089292558,0.0771565786976191,0.0782924020527344,0.0700240200695478,0.0792187373371593,0.0706903577600597,0.0763417233396062,0.0712982465167053,0.0640092488389916,0.0647315450773069,0.0742510355359584,0.0131085070555769,0.0108663925909135,0.0126564159631339,0.014645804180561,0.0121637331640123,0.0155826689672737,0.0135282527155649,0.0127316068925376,0.0167830486119182,0.0208814527428629,0.0106634921595647,0.0125620840610878,0.0107951332355469,0.0123242054122263,0.0119102617398931,0.0163576603533748,0.0119231050709052,0.0,0.0651571122240124,0.0649191563707294,0.0649486040453757,0.0772225716259278,0.0708075150509,0.0685969066139886,0.0628774971597474,0.0657311774024211,0.0676486717588371,0.0754132709507446,0.0713329552307717,0.0687165668760023,0.0650297430338131,0.0696096612517287,0.0711023678333058,0.073962097399252,0.0689518589717357,0.0668716044202986,0.0440354486184233,0.0443086296972339,0.0439241608163527,0.0512099876915197,0.047944739791685,0.0464892882669936,0.0446858334329975,0.0445921932716819,0.0447849862227851,0.050740070992628,0.0471402473415976,0.0451528048535561,0.0438837834675833,0.0441482094680836,0.0418320681172126,0.0508078983936597,0.0482350247993377,0.0452477449577424,0.0369268974509493,0.0462250517393538,0.0495379856354993,0.0417529021596747,0.0320004828896847,0.0375323280907693,0.0325877834195598,0.0475763880374655,0.0612324332091009,0.0334527533774018,0.0297917342787155,0.032960932807371,0.0327714611195348,0.0655823828934485,0.0465408552640864,0.0302632763483856,0.033479331729441,0.0340378257721765,0.0451671728555185,0.0398162002171744,0.0433010677053138,0.043596491938854,0.0440240899886887,0.0444772302055174,0.04090395049516,0.0421053760036409,0.0430375467522887,0.0436576054257642,0.0458987399773214,0.0968915045125013,0.0448975679134386,0.046118010596011,0.0485709413687729,0.0435641177750278,0.0433123266924004,0.0691065351773208,0.0355416291684438,0.037969657272777,0.0370552839660751,0.0379371528354965,0.0371434879853644,0.0392713110366358,0.0341938636212777,0.0373997498695644,0.0396620168326009,0.0369042533597525,0.0418897198383305,0.0440976310095946,0.0367031035796348,0.0415265332917558,0.0393989682067559,0.0402339147817665,0.0399869576123279,0.0359244616596514,0.0881925803415155,0.0590409566368208,0.065922454672239,0.0524730830284854,0.074525497072825,0.0585150128848921,0.0662246557509451,0.0706255259994259,0.0698409201930001,0.1532295582423568,0.1344146629420226,0.0572771405961018,0.0545391821636558,0.0608570616811885,0.0619750019261831,0.0597120649743239,0.061930314529067,0.0735714411082053,0.0700142118477771,0.065892717935247,0.0687889026826455,0.0784601604202892,0.0757693463998556,0.0714091133626837,0.0711904294336793,0.0742320381546957,0.0674333531762192,0.0708797707268829,0.0641047836506967,0.0600527123841061,0.0607248092854755,0.0633034265961312,0.0572701044905441,0.0778360587036433,0.0737821203031687,0.0672988970281807,0.0463964102561949,0.0525853939837679,0.0552023532783776,0.045230629667782,0.0691916348095684,0.047124765986048,0.0441780974819066,0.0657313265088967,0.0569920350642201,0.0520842058700763,0.0506500116298855,0.0449727991796313,0.0405642236634715,0.0480562161017479,0.047962576723215,0.0473687724058695,0.0599113879152932,0.0483377035268679
326651_10_consensus.txt,0.0937968666371293,0.0955237369507795,0.0996646910266196,0.0911283302281118,0.102026492925991,0.1141287616146726,0.0922583863900161,0.1051070374622238,0.1102528943959884,0.1031424347722183,0.0955306662448451,0.1078328193300945,0.0977983343771793,0.105808927461326,0.1101629224163218,0.0953933533645585,0.0974409812645422,0.1111528654862059,0.061158162491349,0.0583466511571968,0.0652508330917385,0.0470263696829142,0.0569099158544332,0.0586994313232338,0.0614322227480528,0.0523259588432303,0.0605251444439813,0.0486301820424266,0.0505599301394834,0.0518556208545826,0.0565486802114882,0.0484087196408831,0.0537317441327704,0.0456497340867443,0.0569597269673209,0.0651571122240124,0.0,0.0036534231524871,0.0037439375514614,0.0057088981710453,0.0042641276552934,0.0045853576809644,0.003141165911197,0.0044550657641728,0.0040524212908579,0.0060941951781856,0.0045635263004282,0.0053603982573813,0.0030370615273191,0.0043780362556313,0.0047638122606352,0.0052068359643975,0.0042467324523496,0.0041701473999342,0.0547419934720059,0.0513668118333017,0.0507917347770154,0.0532904216131786,0.0493215495283889,0.0512713331458387,0.0557916288041475,0.0544874240211248,0.0538912474254065,0.0500913688167621,0.0500051448608935,0.0494926908156472,0.0555755241376489,0.0525414818310068,0.0510230681007213,0.0518192966092136,0.0507196736577517,0.0493433508228271,0.0627318059439101,0.0782781933029692,0.0786147554800589,0.0590558672862471,0.0519121025204736,0.0604373306061303,0.062385186373481,0.0659343432370658,0.0676187639446519,0.0633080940233856,0.0499628586709022,0.0562811855579257,0.0643730026630162,0.0722953906221866,0.0744587127857663,0.0508344052370564,0.0537820966347997,0.0670309548590664,0.1003852770342383,0.0993660550831414,0.099767643173493,0.0930604988794456,0.0945247942899456,0.0929344951471877,0.0970357539604096,0.0937764053344025,0.0929304474708692,0.0927286610429289,0.1013452539274792,0.1471367695186671,0.1083133399559015,0.0986073693476266,0.1047517991438171,0.0924930434097035,0.0975893544613644,0.1245200739982568,0.0848697991022922,0.0846725183368581,0.0855031452957693,0.08574793518655,0.0794700386000908,0.0812314493459105,0.083390570453659,0.0745517833740079,0.0759647003416592,0.0825674245219296,0.0824685857837499,0.0807272098944853,0.0807696545312817,0.0812751146858854,0.0824106451756421,0.0899749003060872,0.0759894230212481,0.0783993651208323,0.1049194074597936,0.1053545389097125,0.085985760652111,0.0832504394145443,0.0895539207921389,0.0834888285235262,0.0825157806681256,0.0939755570132847,0.0922606188374253,0.1777057610855834,0.1408227804152995,0.0906813375768429,0.0954743296719256,0.1043551007272789,0.0911188753219685,0.0991362703177083,0.1001246354883447,0.113430114403668,0.082493756692684,0.0762549646675747,0.0759752962472379,0.0785845281561687,0.0815175129146208,0.0788496456799672,0.0828445526579866,0.0819547365502684,0.0759820549128393,0.0727595965864491,0.0739966793495598,0.073709605721902,0.0760439287286143,0.0784530441039317,0.0744957033019053,0.0794723359633291,0.0786511095689208,0.0749954212047327,0.0867272455017769,0.0908008238105839,0.0932793589826639,0.0807329235215439,0.1150026725797985,0.0816690813215057,0.0814363362078562,0.0990389509784908,0.0914542645680125,0.0757698521165091,0.0917440354145009,0.0859528460798886,0.0835714203209061,0.0882511581648248,0.0839268813952518,0.0710605231351042,0.0989567436349165,0.0851617421355523
326651_11_consensus.txt,0.0934429604226299,0.0959358777633898,0.1001426722376965,0.0905172156720146,0.1015839639697313,0.1135300214914503,0.0915725228826769,0.1049416039816018,0.1103017046718983,0.102694727759383,0.095047443962831,0.1077789915629292,0.0973711643692283,0.1057437970447434,0.1093911741910762,0.0952153319606488,0.0970256870577976,0.1102824443705055,0.0605838339312514,0.0578311403116416,0.0645594541906051,0.0462224126400645,0.0562365925029268,0.0578874724058646,0.0611127888554641,0.0516736623705638,0.059868964191506,0.0473948248856954,0.050427962953897,0.0509300847653655,0.0559022821555501,0.0476794308615504,0.0533438096210154,0.0446030543895519,0.0568334022441368,0.0649191563707294,0.0036534231524871,0.0,0.0034409027960471,0.0066515655651153,0.0051910564812507,0.004774223603075,0.0038738226447598,0.0029898385104267,0.0040988615415962,0.0070468461505734,0.0056899393074232,0.005581002914571,0.0037843214851331,0.0030104560870833,0.0047512945934338,0.0063231910082244,0.0050329711998644,0.0042906066100503,0.0538782967130986,0.0508002947943682,0.050658517306223,0.052887354786459,0.0496286834677661,0.0509739921347618,0.0547378123916839,0.0535340654202753,0.0536020112895023,0.0499168363021169,0.0498408540986181,0.0491953184494882,0.0544526893098602,0.0517028933855074,0.0509113818241857,0.0514494684376636,0.0506937915817378,0.0490434349763173,0.0642815632728925,0.0795505261614506,0.0798374722778572,0.0609161627568264,0.0538264447912135,0.0622110743010271,0.0636570746742393,0.066685981650667,0.0694021961251767,0.0659463323554083,0.052500688480304,0.0584626105315155,0.0665695783363196,0.0755463684563633,0.0763186835800793,0.0530780803800885,0.0562115306388895,0.0689927898691982,0.0982668096915277,0.0975537700646436,0.0976038478532643,0.090335301806367,0.0919829244955625,0.0901662844039892,0.0951632381293539,0.0912251015959251,0.0902097979907612,0.0900697591133292,0.0984031692032978,0.1433521847002508,0.1059266600319501,0.0957703966690601,0.1017526715411616,0.090122261615912,0.0953511267133828,0.1220542156729882,0.083530608336992,0.0829918191305862,0.084311817573945,0.0842185292258932,0.0781020355275696,0.079429697255879,0.082054301235181,0.0731972424066995,0.0749440274865662,0.080666389856411,0.0808575919963825,0.0789435796619901,0.0792573771862183,0.0792062172504373,0.0810172516180083,0.0882453295563676,0.074586301338221,0.0769264487874865,0.1031682774034603,0.1046687167917879,0.0842489282548815,0.0815424947479606,0.0883451745822254,0.0817851133913123,0.0817012397848113,0.0923433573935907,0.0900574847389741,0.1788755371028978,0.1398600711671829,0.089744563856505,0.0948337658569338,0.1028431076411688,0.0894720086472187,0.0975730298645025,0.0992950913586661,0.1117622577465695,0.0813094707838848,0.0747751178450624,0.0749760303087745,0.0780883684779309,0.0805776805378828,0.0780730192148144,0.0816420227899925,0.0805663303122905,0.0750081618168385,0.0725041324617219,0.073485349597286,0.0731941054645481,0.07487330758069,0.0775005908483574,0.0738865160047979,0.0785878257983965,0.077618129881265,0.0742885843804828,0.0852431363763956,0.0892130446987717,0.092220520412896,0.0800730062802985,0.1137852084512314,0.0809301060345308,0.0807128951319722,0.0973885408098604,0.0883845701206516,0.0747441040583973,0.0895374296861284,0.0850192856937708,0.0821361501369484,0.0870840918426134,0.0830743012655723,0.0704403986077917,0.0967195787590968,0.0846067288490619
326651_12_consensus.txt,0.0917919189303972,0.095102023683804,0.0994179600310118,0.0890004874808223,0.101229282055776,0.1124648550380094,0.0899369010903887,0.1040485176881267,0.1091176113605918,0.101624973406273,0.0944021208820551,0.10606343711747,0.0957286950749942,0.1038273398076992,0.1084847799633976,0.0938699117059158,0.096335149348226,0.1090769944661804,0.0610508310866677,0.0578368643614677,0.0647605150450001,0.0460932057795133,0.0566704257005001,0.0584047633472062,0.0616193344478919,0.0526405439465182,0.060833708296462,0.0467961651204724,0.0501530667654126,0.0509188644861211,0.0557768412291626,0.0480609262178992,0.0534755607734771,0.0447087122464111,0.0567965362131968,0.0649486040453757,0.0037439375514614,0.0034409027960471,0.0,0.0051186930175344,0.0040753569644236,0.0038029851388508,0.0036162525432974,0.0040341138971609,0.002886191288594,0.005401424509337,0.0044475493897024,0.0042048943279722,0.0035940704070656,0.0038472266285705,0.0031907866068845,0.0048019212527803,0.0039924922735927,0.0035144860986724,0.0518686437465865,0.0487594715541614,0.0488802845322107,0.0501125332025029,0.0470272478092423,0.0488566343214156,0.0527261330260229,0.0517116182326695,0.0517174582074329,0.0473091544842612,0.0474131127512649,0.0471314556373014,0.0526697441844747,0.0499153877939351,0.0491568295343496,0.0488652638251894,0.0481360187866792,0.0468490022790426,0.0638847048260737,0.0797837753295365,0.0789485454197524,0.0590977976608915,0.0531497810867875,0.061363862408009,0.0631157071495565,0.0665883236627085,0.069495820033028,0.0643494478608239,0.0506161385198584,0.0569968973746046,0.0656683421891237,0.0745805254252207,0.0765478623314912,0.0514754892444306,0.0542184376892587,0.0675712339904563,0.0981089446122647,0.0965510222552659,0.0968505649009934,0.0893280864353869,0.0906944977118309,0.0889440885090575,0.0945139988065077,0.0900808284326624,0.0894655283358885,0.0889730012958187,0.0974909565729529,0.1440043075793227,0.1053143107693674,0.0947296269546615,0.1008789550153697,0.0888014158719769,0.0941691297643565,0.1213064397378129,0.0827368890488804,0.0813978053882369,0.0829423387836048,0.0838069045032767,0.0769588888883712,0.0782435553616576,0.0816770219464038,0.0719850522467515,0.0739642813932812,0.080051923357769,0.0797195885069887,0.0779409968681772,0.0784398380406141,0.0780137982326385,0.0798772953835973,0.0875663107761433,0.0736391273019716,0.0760993884478526,0.1007677397942661,0.1011298905184698,0.0816303160632845,0.0793254795748028,0.0857844100041189,0.0795132711874568,0.0793198084708546,0.0895034439506705,0.0882387124941423,0.1754806526668062,0.1374337241004433,0.0867767623956492,0.0917881516230236,0.0999851716021726,0.0873570996144321,0.094816752588283,0.0966528051073707,0.1087659516101791,0.0801706316586186,0.0730308228560909,0.0729817083576804,0.0753699855498393,0.0782166459251723,0.0761660110277446,0.0798732872904377,0.0785505976713416,0.0733444920873189,0.0697398580650379,0.0713010187147817,0.0709663352167098,0.0733546948223455,0.075328579507107,0.0719679449480903,0.0760347794349085,0.0754356374663185,0.0721223338266945,0.0847409149255788,0.0890563467719447,0.0908555888554243,0.0784046233659889,0.1130057598463949,0.0802104740687603,0.0806349940283306,0.0960988748499422,0.0885778013074913,0.0737011143571857,0.0890402611254597,0.0842481279385758,0.0814164086933448,0.0871721835296375,0.0819744025973614,0.0688627244003265,0.0963450239153811,0.082736565990384
326651_13_consensus.txt,0.1000587184695041,0.1039718781889531,0.1099874008670038,0.0977630505185747,0.112564489443379,0.1238416309279104,0.098294923077125,0.1132917437137779,0.1201953786075575,0.1100983203162666,0.1058258655388915,0.114519100080539,0.1038280541911333,0.1132782446866311,0.1208132978479463,0.1024427201932116,0.1056725462326637,0.1199495236157144,0.0729581891774975,0.0694357958870242,0.0774123068935246,0.055581468364573,0.0684933633744648,0.0712250734527319,0.0735138570633431,0.0645634736372651,0.0735734343245555,0.0550085296126665,0.0605541244086706,0.0626650887477167,0.0676855371469873,0.059472228086526,0.0650795294133645,0.0542797195439961,0.0678819254819194,0.0772225716259278,0.0057088981710453,0.0066515655651153,0.0051186930175344,0.0,0.0036754737506337,0.003912806400466,0.0064392387036722,0.0077829151697272,0.0047984130915601,0.0018784501356723,0.0029303952349968,0.003509658107732,0.0047784111368303,0.0054604175988206,0.003376545069444,0.0019173994096304,0.0037321797618936,0.0038679994461769,0.0598318988609882,0.0563265256664324,0.057370522084815,0.0551878727300385,0.0530059460494154,0.0563044770168073,0.0609724483985596,0.0599363923745981,0.0605814321326452,0.0519654955225226,0.0537102866771261,0.0545419517199983,0.0611830497641356,0.057715573814101,0.0582555195946614,0.0538217724581837,0.0543829505066959,0.0538628917702599,0.0724628849940591,0.0902500641795445,0.0886001965595246,0.065184748454282,0.059556523793474,0.0714779871189765,0.0734889049352656,0.0776167123381634,0.0779605817661588,0.0710978581427568,0.0573111514459574,0.0649339921309,0.0741896289776748,0.0821419789142581,0.0877275041372716,0.0573192120022403,0.0599523981106209,0.0761141643219245,0.1113092971746523,0.1083632636543718,0.1090963856331228,0.0995013860940794,0.1004845002457255,0.0994524195214712,0.1063784854429839,0.1008826158739033,0.101353280287709,0.1000410981816433,0.1094251493997529,0.1563670754509027,0.1192140320105883,0.1060054055711887,0.1136667360927683,0.0989646036417601,0.1056890239792824,0.1342549212115749,0.0926246181230814,0.0907189996864756,0.0925421980274823,0.0943110321696725,0.0867565301442097,0.0878925231249008,0.0926915984055805,0.0813405929961188,0.0834561842900587,0.0899357619997394,0.0878960431555899,0.0866939456768154,0.0879605069023607,0.0867633809845731,0.0889624299607367,0.09844014075908,0.0827863123093726,0.0855254984666427,0.1097543563410248,0.1092854188141396,0.0908320751568565,0.0888674273167176,0.094152374490716,0.0893186703396757,0.0881787830824416,0.0995180806047448,0.0982357091229229,0.1786246051892606,0.1436925816342382,0.0943178912882194,0.0996816754772318,0.108810768041307,0.097413150715484,0.1030776644971656,0.1047355944215056,0.1176428802609041,0.087141361564381,0.0795820626818528,0.078605723713383,0.0780106136823208,0.0822264219021136,0.0813541181607355,0.087361995213806,0.0849264501439384,0.0795060994015246,0.0725709130148182,0.0756007107276524,0.0766636141965682,0.0802402439746581,0.0813754319540587,0.0785266318733528,0.0788645356771349,0.0794285658967615,0.0770557836314633,0.0927063797710108,0.0976680347581337,0.0980609199215827,0.0826885158764989,0.1217152621139092,0.0867696468888716,0.0879529885864176,0.1059787037819282,0.0980349543632632,0.0782903726025177,0.0992164899694909,0.0920346500243374,0.0900965925117436,0.0970564670633002,0.0900545172689373,0.0738288445201824,0.1052000415890486,0.08911245582527
326651_14_consensus.txt,0.0983299702417372,0.1012304656756901,0.1063338877471666,0.0951497476576506,0.1084613423616858,0.1201959328053501,0.0962350096134772,0.1100690036332885,0.1164762331455362,0.1082346245925363,0.1015116294470175,0.1120357231446229,0.10126630322371,0.1111407111633191,0.1171117925182603,0.1005416881246565,0.103682055937095,0.1162831571113951,0.06648265976568,0.0633254800712244,0.0706367820459767,0.050000326909001,0.0626725013776656,0.0643115646387677,0.0666264977499606,0.0572966842179285,0.0661107427475675,0.05064130217945,0.0546908499777547,0.0559847238320916,0.0612499548714868,0.0530489578354327,0.0582518950588824,0.0486756424227188,0.0617428934435526,0.0708075150509,0.0042641276552934,0.0051910564812507,0.0040753569644236,0.0036754737506337,0.0,0.0030233752118764,0.0046533271827158,0.0059618746500742,0.0036073680834158,0.0037965684508733,0.0022291218534586,0.0038167012845438,0.0038138162962981,0.0053189476826949,0.0042249897770734,0.003375311127673,0.0019890391352106,0.0032549371611878,0.0568642804657599,0.0531695182584872,0.0534143868798615,0.0539263694154277,0.0503194651096041,0.053241291006711,0.0582857209849079,0.0568991625171326,0.0565039698937939,0.0504812584768892,0.050866196333497,0.0512727206054917,0.0580071390398888,0.0547089121281354,0.0539372472383545,0.052431745859172,0.0517093044375442,0.0509204388153401,0.0670607325452614,0.0846016441075105,0.0838039841443754,0.062822714850113,0.0547768632692733,0.0656091351437817,0.0673828740034956,0.0721141136226597,0.071962954321048,0.0676981867881973,0.0531533849532177,0.0603841032851004,0.0687037163394848,0.0763182645066855,0.081162143208247,0.0538237562732222,0.0567475495058396,0.0718766672254158,0.1059851117237151,0.1045938012667386,0.105060138887902,0.0966003716634222,0.0983628748738976,0.096584042611755,0.1019889434881067,0.0974451049224125,0.0975754809317202,0.0968807899706938,0.106297874977149,0.1510042896345513,0.1145801781982465,0.103010638077416,0.1101627078645197,0.0959498886060208,0.1019215051569659,0.1303848068352238,0.0884938918883451,0.0874130964847879,0.0890847695528851,0.0904556181093347,0.0827548097772554,0.0846107182098458,0.0878302206990842,0.0771354389988463,0.078987514598821,0.0861338434190432,0.0854271453655375,0.0836499147574318,0.0845632114923464,0.0837754043851388,0.0862418114322629,0.0943238123144389,0.0792802066557829,0.082194977998526,0.1072745621848012,0.1086195540097421,0.0889077469828762,0.0867215175600648,0.0915931672093561,0.0864513489991791,0.0853307232006139,0.0967790379006015,0.0957181005994938,0.1762057803633894,0.1402888630799763,0.0931133099949388,0.0982033264598678,0.1075309818864802,0.0944365843216603,0.1025775714998262,0.1038816252682783,0.1173060599963413,0.0847598510649358,0.0777902093271079,0.0768600429134362,0.0781850623776119,0.0818977918821666,0.080031044613861,0.084659923337262,0.0830926615956277,0.0776403237179756,0.0723217346168683,0.0747436000430381,0.0752240873033676,0.0776792107438932,0.0797263389760916,0.0767432113315624,0.0791814457952302,0.0792409172408881,0.0756193038866301,0.0893984869119677,0.0939544444945346,0.0961848729842493,0.081532780490523,0.117217090970235,0.0838025602532974,0.0844556766167112,0.1018259354822426,0.0946965407052538,0.0769831746070002,0.0949031815828247,0.0894031106225954,0.0866917882285331,0.0918161612888024,0.0865028898019311,0.0713964901139583,0.1028016307737065,0.0870260341415329
326651_15_consensus.txt,0.0945728016607905,0.0985690754499639,0.103603020372665,0.0913650256082236,0.1053398886755747,0.1157299412089392,0.0921368258708072,0.1061779664164284,0.1132295268018186,0.104606640553901,0.0987724841246224,0.1087880697721166,0.0979574078700382,0.1069092495898145,0.1126774094554248,0.0971553637275954,0.0992132154824148,0.1122904657671002,0.0645585656463385,0.0616260520585489,0.0680925336033615,0.0481656116759241,0.0607899067510224,0.0622832818136496,0.0655108256841741,0.0557647671024987,0.0641579461937578,0.0483238807576578,0.0527289369357752,0.0540680718277375,0.0592743799845703,0.050986853341806,0.055982402670633,0.0466955328698226,0.0597003400115312,0.0685969066139886,0.0045853576809644,0.004774223603075,0.0038029851388508,0.003912806400466,0.0030233752118764,0.0,0.004484345789101,0.0055292939450213,0.0034456032096086,0.0037340844659929,0.0030334199917092,0.0024883928997088,0.0035900619143323,0.0048995650182099,0.0034234630588176,0.0035410856030484,0.0030605463321906,0.0024734627901503,0.0540758212349787,0.0508971858499922,0.051645608834173,0.0518471185749911,0.048917892281894,0.0514063302360074,0.0551611209279823,0.0542328921322035,0.0546595841335761,0.0487788058195599,0.0493695013872397,0.0495889505860693,0.0550977864951924,0.052124797784236,0.0524083503915875,0.050583128080448,0.0501048125399066,0.0490468292411758,0.0661629751700898,0.0832507475862973,0.0821651376465499,0.0616828602048258,0.0545091822823646,0.0648764716421892,0.0664704249439598,0.0714418569792876,0.0708172560073849,0.0668587911735878,0.0531600852554632,0.0598316334166018,0.0687792711896762,0.0768368034937436,0.0804272393409863,0.0535688917296424,0.0569009254805132,0.0710854479362597,0.1017251915749817,0.1003696128775892,0.1004911209643983,0.0916669717352878,0.0934654307145956,0.0914704517982016,0.0977587386865304,0.0929977419795333,0.0930588501809186,0.0918799047283043,0.1009495048138244,0.147439894597678,0.1096328340798002,0.0974950315489131,0.1043661438507932,0.0914052472721413,0.0973810868906834,0.1253196014472219,0.084852997504301,0.0832933607978771,0.0851048095989739,0.0862821394469204,0.0788289278647056,0.0807937230393651,0.084149618781252,0.0733061177838099,0.0755085997519087,0.0815166143714671,0.0809713125205426,0.0792077966282853,0.0805858455656682,0.079384292025848,0.0820098171921017,0.0896008525674716,0.0752889242236296,0.0787699173490548,0.1016669180563036,0.1029737677206643,0.0836459952752184,0.0812804006977003,0.0874235778704939,0.0811228803553714,0.0813545849169647,0.0914174866052759,0.089619224670379,0.1729124703903606,0.1364162118092977,0.0881408964763998,0.0934052361351884,0.1019498853235418,0.0890462263022087,0.0968431436385808,0.0989311762685467,0.1114152090380837,0.0813292180144662,0.0749857009773649,0.0739645067405918,0.0757374493272315,0.0791793396593041,0.0773963411416742,0.0815620661347171,0.0799264652968645,0.0744797106512802,0.0700500244386921,0.0722598382186152,0.0725529534880715,0.0747788422333171,0.0764898963709779,0.073555350352211,0.0766043187999869,0.076552442028241,0.0730560313505401,0.0860525372708407,0.0907484761076808,0.0931697041276287,0.0783405695978913,0.1135933790745555,0.0810753705503017,0.0815935185212648,0.0987228046040877,0.0905417623731992,0.0739431430922312,0.0909280140912969,0.0859473198783966,0.0828621110716278,0.0885255414456605,0.0831240995218145,0.0691538485428671,0.0983478916475508,0.0837696220963462
326651_16_consensus.txt,0.0899776640396465,0.0924032497396556,0.0961349151994355,0.0872131308948107,0.0978789938793056,0.1093279247506533,0.0885335070468764,0.101060069228497,0.1065119137636436,0.0994300935999028,0.0919805374781557,0.1043509998791325,0.0944581192881788,0.1015744040801482,0.1051414882582335,0.0919517961787166,0.0937887706975866,0.106123273526216,0.0586304266728525,0.0559848556346009,0.0618603748627615,0.0451754050078836,0.0547571821320067,0.0561533080287617,0.0592977739915596,0.050091412007073,0.0577130572790736,0.0471465927951104,0.04834559119646,0.0491096015123666,0.0541664658558902,0.0461524507947288,0.0511219972893517,0.0440612022848316,0.054388161779082,0.0628774971597474,0.003141165911197,0.0038738226447598,0.0036162525432974,0.0064392387036722,0.0046533271827158,0.004484345789101,0.0,0.0043276617986727,0.0039783319798516,0.0065972430934282,0.0050951109663746,0.0051823303498022,0.0035212866652232,0.0049399954080682,0.0049708850326011,0.0061372898452356,0.0046482376822414,0.004547793710703,0.051863190859466,0.0491117358487436,0.0482319643990329,0.0516548772016678,0.0476185456469977,0.0490467403008434,0.053094364607146,0.0520053111396148,0.0513966169152002,0.0486233347116025,0.0481600922943563,0.0472960718911963,0.0527501441568771,0.0500748498697518,0.0486124432345329,0.0502467371047847,0.0489806896002598,0.0470603969299947,0.060956566010156,0.0758234202081258,0.076499143749988,0.0571890689079932,0.050659137621885,0.0579395950305379,0.0599689253594597,0.0640584105900341,0.0651672369980218,0.0618520775691262,0.0488339329197557,0.0545370222035135,0.062885827119854,0.0707399279324363,0.0727663701408598,0.0497719835144483,0.0529767940464047,0.06550896347958,0.0935606459465514,0.0936687177663539,0.0935295224374925,0.0876826521196374,0.0892536878751881,0.0872157556079269,0.0914223529749698,0.0881981074962094,0.0870559463492348,0.0869533154567729,0.0952662254482783,0.1413266634985648,0.1021344281840086,0.0928151452038026,0.0981886597830596,0.0868900407271748,0.0918591790656178,0.1175625566057565,0.0809162790909772,0.0801225905212632,0.081341490169251,0.0816463594699392,0.0758663431132564,0.0772779432766768,0.0792169422620521,0.0701679033038562,0.0720162130238621,0.0785176706246009,0.0793389846591265,0.0774164326284907,0.0770905001123791,0.0773586198173168,0.0785916536866739,0.0856701639934804,0.0727577022944405,0.0750578252264819,0.1007848135003248,0.1012019864512279,0.081546125667046,0.0793414590965495,0.0857147075131434,0.0797542773674635,0.079509572191851,0.0897081084051585,0.0875982432526845,0.1751867415463142,0.1361896911281706,0.0871809282601754,0.0915759212247193,0.0997204955812787,0.0872865098245476,0.0951822911339643,0.0968616401428708,0.1090969503901568,0.079442043441734,0.0730395633079155,0.0728896999893358,0.0763280914854114,0.0787193691754843,0.0758465631545739,0.0794412619646909,0.0784315145102336,0.0729934686470548,0.0704991808187527,0.0713460428874279,0.0706688171497473,0.0727471931382837,0.0750733610972025,0.0708575989369668,0.0772849829730848,0.076222136013401,0.0719381823876466,0.0834647721844916,0.0878489955029113,0.0912069976270162,0.0786144644011868,0.1117976303011571,0.0791763557566254,0.0790920829605603,0.0948991700488957,0.0873889518538781,0.0743090814113278,0.0882340153762326,0.0832281250559034,0.0803003493787652,0.0850834910592617,0.0811176882689412,0.0691022817758995,0.095585914484805,0.0823654574372305
326651_17_consensus.txt,0.0944648800826675,0.0965425402969213,0.1006100189683181,0.0908555847250021,0.1018652958398265,0.1133149249847322,0.0921089787593771,0.1049279102115852,0.110125687514512,0.1031251875061629,0.0951017238871019,0.1074254887296053,0.0974623968607151,0.1055491587470776,0.1096226508809712,0.095339740326616,0.0974614332815395,0.1101321188684885,0.0612946204079198,0.0578502221819086,0.064892046609998,0.0467073433843658,0.0567106341949763,0.0584167051447783,0.0620868183138689,0.0523420319169209,0.0604060968315769,0.0476947258608095,0.0509159279597417,0.0514524472352713,0.0565540277473006,0.0483157592332554,0.0540984410758929,0.0452886676522892,0.0572346956572742,0.0657311774024211,0.0044550657641728,0.0029898385104267,0.0040341138971609,0.0077829151697272,0.0059618746500742,0.0055292939450213,0.0043276617986727,0.0,0.0045682660188557,0.0081807442314092,0.0066654108817258,0.0063184765621011,0.0047237184576029,0.0032588343280668,0.0052028990523096,0.0074787336116353,0.0059484248678858,0.0051806883032092,0.0532788499799163,0.0503320391915638,0.0500526160085854,0.0525997749413962,0.0493492574180542,0.0502319728908613,0.0540632728659353,0.0528999081381043,0.0528801611474811,0.0497739638437186,0.049495653507817,0.0486839240938223,0.0537452169433212,0.0513044159355855,0.050266931252783,0.0512213989270016,0.0503350899388657,0.048665912120156,0.0646622901925724,0.0798015485940508,0.0799462053755988,0.0611948703885989,0.0545021590053194,0.0625820515324235,0.0640227037220055,0.066484685357568,0.0685574847336925,0.0667894506626902,0.0530479655018947,0.0589252457251845,0.0672392099461358,0.0756295317674045,0.0765799130070679,0.0538106149252763,0.0571441243793326,0.0695977557121398,0.0980665344039577,0.0977233751195116,0.0976169164263875,0.0904851462295903,0.0919497079887001,0.0900260088373698,0.0953811400530879,0.0912468538991992,0.0897483100430109,0.089889810338966,0.0985616223307843,0.1434599709478421,0.1057357847421487,0.0956885195073189,0.1016085717118047,0.090149814542265,0.0952067229269202,0.1215667722144351,0.085121319495272,0.0836963248318944,0.0848817320491335,0.0857275329178612,0.0794350240724162,0.0800991901374494,0.08360008848876,0.0736581519573249,0.075634606809352,0.0817349638566362,0.0818501673876177,0.0796193585412785,0.0810346970141422,0.0802756634860237,0.0818345883440176,0.0891274731687046,0.0755230003270677,0.077969989385517,0.1013640096541648,0.1040010239053073,0.0831053511176316,0.0807422186141764,0.0871779165252579,0.0808622637892995,0.0806091643278161,0.0907792675038816,0.0894483133530279,0.1784777703417654,0.1380967725946522,0.0890545341132202,0.0940553863815658,0.1020498438143633,0.0879931946898633,0.0971636702048286,0.0986382156812943,0.1108516503603951,0.080814936217604,0.0743257141527262,0.0746059399839831,0.0781601911267975,0.0802013241178407,0.0778006499131791,0.0811477296925895,0.0795850730297473,0.0747032538029675,0.0726670086663574,0.0737664702800202,0.0732113880789651,0.0747780826690549,0.0770939120218701,0.0740081872685172,0.0786546624469908,0.0774892367763584,0.0742745103880597,0.0849465819325345,0.0888433557291898,0.0918950456088349,0.080170208290947,0.1130061345587609,0.0807590170196199,0.0807682880184126,0.096017194289895,0.0879182241881144,0.0746254304619098,0.089108281740299,0.0844103438864758,0.0820311313180583,0.0867499479525637,0.0824324061881727,0.0701955926781501,0.0949372522466589,0.0843688362042858
326651_18_consensus.txt,0.0942754755347214,0.0977368046745805,0.1021812764127663,0.090728000099177,0.1039178769261628,0.1149100660124373,0.0918378445783068,0.1058587117896925,0.1117359581141173,0.1035268594972462,0.0971336599380876,0.1079288771183613,0.0968545086647525,0.1059721115534015,0.1108743030709655,0.0968147425513876,0.0988387898495997,0.1112937332624603,0.0634445880298928,0.0605322591171457,0.0671810559179988,0.0478636566352808,0.0595285889998917,0.0611072041963112,0.0642076860709846,0.0543071004226716,0.0627750473068884,0.0484113462979678,0.0520651340991253,0.0532913307874398,0.0586000775621222,0.0501933940118473,0.0552853201947618,0.0462922179961928,0.0584905076619284,0.0676486717588371,0.0040524212908579,0.0040988615415962,0.002886191288594,0.0047984130915601,0.0036073680834158,0.0034456032096086,0.0039783319798516,0.0045682660188557,0.0,0.0051534457953206,0.0041216259058751,0.0040344737249986,0.0037101115856899,0.0044006518797417,0.0033323397445821,0.0044966141668512,0.0036643220531802,0.0034419710202904,0.0529515382252894,0.0500092280304125,0.0498007179620199,0.0512586549387812,0.0479488240490706,0.0501821238835811,0.0542549996535228,0.0530212952295148,0.0524571404443392,0.0484697301438341,0.0481930936296377,0.0482173419080123,0.0538926631355476,0.0509685440827736,0.0503529276742398,0.0499720880906613,0.0489002353127698,0.047940774119203,0.0660652578588827,0.0823932288601092,0.0813748006739221,0.0615711662734224,0.054544293535744,0.0646110608697609,0.0659791578543904,0.0696647420910281,0.069870489927152,0.0675026803176024,0.0528458533813323,0.0598785744143501,0.068108518008489,0.0750529239994168,0.0790182852516263,0.0538451368868715,0.0575132836537068,0.0710950692915917,0.1003395388588286,0.0994691124592508,0.0996577826373652,0.0918511851440229,0.0934553460461504,0.0914223694318652,0.0971411918832183,0.0926860174460708,0.0923671620766777,0.0917693031581352,0.1006578382602869,0.1453423519794929,0.1084623912875448,0.0974576821390282,0.1039801233715085,0.0912758813406151,0.0967871310911618,0.1235952562917859,0.0855956074130812,0.084004572559869,0.0858802250786405,0.086746128552746,0.0797311599891932,0.0815231020010562,0.0848108374979537,0.0736304093522317,0.076120124394615,0.0824697587129055,0.0824544542307208,0.0802648506389465,0.0814442145442182,0.0804302507959375,0.0829442122176109,0.0903612076930473,0.0759679223019338,0.079110191779236,0.1008742045852271,0.1040076716300602,0.0828854575943447,0.0816734605866313,0.0864864689830193,0.0805548079497437,0.0805265648381876,0.0913354944061071,0.0892199053050823,0.1754365146961154,0.1358300133637602,0.0885130557306448,0.0943112164983981,0.1021486663970332,0.08865823597867,0.0974257048860849,0.0994488052751947,0.1117752312790925,0.081302787230916,0.074796128539023,0.0739474057440841,0.0764552788322836,0.079619973261769,0.0771020109100906,0.0810648005007141,0.0799464767754862,0.0746579074671647,0.0709696492284663,0.0731323474556511,0.072861918366577,0.0743870633205858,0.076910603724043,0.0739947696124314,0.0770954660153755,0.0769998535917197,0.0733206264486163,0.0869564442558088,0.0910806590289174,0.0937891934882628,0.0807326024181582,0.1143933652536901,0.0819752126320212,0.0823805059527744,0.0994159658388573,0.0907578914669731,0.0756320100130905,0.0914375218519634,0.0871647991656638,0.0838817306937418,0.0887666968552052,0.0842109139241422,0.0705540826817756,0.0993672363566995,0.0847883870837984
326651_1_consensus.txt,0.0991102043167684,0.1042869995632234,0.1099772929668292,0.0966813615851087,0.1124913341585802,0.1224868633435107,0.0974486650388808,0.1120624012897266,0.1191756544012196,0.1095522908823225,0.1056240687413385,0.1140060236155591,0.1031306661120092,0.1124525318878495,0.1199380356724573,0.1021341250074243,0.105454918421449,0.1188535201478302,0.0712560069243446,0.0679498724535196,0.0753975637824728,0.0538436712153247,0.0673521482448,0.0698164485173364,0.0720951606011386,0.0630947833912642,0.0718781528313812,0.0531421781699119,0.0586730665594323,0.0605390736090978,0.0659380361233887,0.0577129113329961,0.0626465784066017,0.0524910183929243,0.0660758975799336,0.0754132709507446,0.0060941951781856,0.0070468461505734,0.005401424509337,0.0018784501356723,0.0037965684508733,0.0037340844659929,0.0065972430934282,0.0081807442314092,0.0051534457953206,0.0,0.0029497997903469,0.0031573187385633,0.0049912673872185,0.0060754870840762,0.0035315328231426,0.002104757044897,0.0038929688850188,0.0039640089050614,0.0584571349468152,0.0553372735264483,0.0565796986817268,0.0544250744134977,0.0522737646900939,0.0556138349695558,0.0597422714231798,0.0589951352315614,0.0598195101701319,0.0511840798813016,0.0530353886928418,0.053890977987681,0.0598743229844274,0.0567471690573677,0.0577394232959527,0.0531013805991751,0.0536040081545214,0.05303878117686,0.0719350851634885,0.0895273492094794,0.0880040067928966,0.0652907208729001,0.0587647907941768,0.0708920132239363,0.0726528230931222,0.077858813259664,0.0771401179492858,0.0706405203423816,0.0571982445684495,0.064245764148147,0.0739352239982604,0.0827068514056756,0.0871774673211671,0.0572107894700764,0.060123784375615,0.0760771377933888,0.1094538816674397,0.1067097987024325,0.1070429603878713,0.0972063847309199,0.0986731179925444,0.0972775667280085,0.1043919610467778,0.0989529487701332,0.0994971758836449,0.097760645141121,0.107374319809594,0.1539818662589347,0.1170518418590873,0.1036697311331114,0.1113496564076532,0.0967020755341403,0.1036010058514502,0.1321740247327962,0.0908676074039194,0.0887015262265027,0.0907587705060439,0.0924961466982008,0.084890149239527,0.0863438978109094,0.0907373611711737,0.0793399777186643,0.0815889986471622,0.0878394689973918,0.0861125711034649,0.0848046337622019,0.0862468619400722,0.0846996943116042,0.0872847431991976,0.0962401851655538,0.0811059061035841,0.0840897448745909,0.108032071153822,0.1076969885605851,0.0895448680335757,0.0872079745678107,0.0929905488460587,0.0871601463749316,0.0872481706684524,0.0976185105337847,0.0962329264905772,0.1762942464912908,0.1414733871458295,0.0925484732021093,0.0979914518466671,0.1069099449916706,0.0955193661522066,0.1013892265016229,0.1032910790104235,0.1165226521607518,0.0855733259421818,0.0784706589589605,0.0772183450108459,0.0771291294004576,0.081429442210072,0.0804823701439456,0.085731515490302,0.0835618858040128,0.0784632788843566,0.0716327471223587,0.0746882068379903,0.0754289707532436,0.0786730115855238,0.0798731424012935,0.0772136645174956,0.0781898227531572,0.078680196587328,0.0760823762283662,0.0903883043123157,0.0949728577079955,0.0961654798387749,0.0803113022512471,0.1180620790363438,0.0845857591197347,0.0852951394037138,0.1028870390779035,0.0957298654233618,0.0763075334295217,0.0965231354076161,0.0899199051881378,0.0873871032756197,0.0938674771387848,0.0872448710607534,0.0716787876885618,0.1034035244597202,0.0868507357498042
326651_2_consensus.txt,0.098120335668403,0.1013573843507691,0.1068278765296604,0.0956034548198419,0.1095900634155047,0.1203549047530847,0.0963566988246587,0.1103554780805042,0.1173403788363742,0.1085145224890897,0.1030313754193477,0.1124055880037842,0.1018529772763212,0.1110277105579369,0.1177352313551018,0.1003103665895066,0.1035349885414049,0.1170480471593027,0.0672087174873432,0.0636569669728839,0.0712331661718082,0.0506475998488218,0.0630390318929565,0.0651777755016889,0.0677752537942648,0.0584804770993594,0.0675587922034486,0.0507027478093116,0.0550899698051132,0.0570550711934378,0.0621443711328488,0.0535598465779108,0.0590451544969159,0.0493387090496613,0.0624084257820598,0.0713329552307717,0.0045635263004282,0.0056899393074232,0.0044475493897024,0.0029303952349968,0.0022291218534586,0.0030334199917092,0.0050951109663746,0.0066654108817258,0.0041216259058751,0.0029497997903469,0.0,0.0032370823011351,0.0036858664570695,0.0053501116613317,0.0036571172366013,0.0027670360698843,0.0021681614538744,0.0033254149280415,0.0573189304117933,0.0539270197446981,0.0548059351451719,0.0540246584140495,0.051154897786386,0.0539866217418367,0.0586741020679868,0.057639645577578,0.0580444873926664,0.0505820868173128,0.0517694758911062,0.0521760930323305,0.0587424925368527,0.0553353218484353,0.0554136061119869,0.0526079239476526,0.0524804598839185,0.0517057113325387,0.067199313777837,0.0847816583281986,0.0843740864339119,0.0621100378971277,0.0549655003892661,0.0662725550152023,0.0682750553869899,0.0732264364935577,0.073432199799007,0.0668789409128463,0.0534896730738685,0.0602434403113019,0.0693405145871999,0.077144533600034,0.0821387363467058,0.0535684776619067,0.0565916520333704,0.0715421073621787,0.106846296043523,0.1045194616795424,0.1051920015443448,0.0960665164284808,0.0974730518068343,0.0960245122814091,0.1025743083482497,0.0974084717677339,0.0977969276756338,0.0962325255467488,0.1057982688148166,0.1514976476495535,0.1146847926171927,0.1024938582021981,0.1096638444495265,0.095632365448095,0.1020654444377502,0.1310840791866354,0.0879363409692004,0.0863812115029238,0.0878864885087047,0.0898458653093774,0.0823795574223531,0.0836423319611681,0.0873318066533812,0.076442446256121,0.0783590568037118,0.0853178359182953,0.0837926427107351,0.0823979469511817,0.0836288291918139,0.0828856027812472,0.0848750031377427,0.0937618266684587,0.0782751357578828,0.0811494946066204,0.1071181374730727,0.107051791312724,0.0886043175279276,0.0855627990010337,0.091464573360235,0.0862745334821815,0.0853590725422694,0.0964692756401959,0.095294324492456,0.1756381736960088,0.1399282008391056,0.0917141464869466,0.0968881208252367,0.1062442750011216,0.0940297095770503,0.1007720192432142,0.1020993135240413,0.1156346316393337,0.0843020423914229,0.077265024013057,0.0763007959140775,0.0766453099270147,0.0805981328964513,0.0793399181394063,0.084561410993996,0.0825313154862579,0.0770645648560997,0.070850549379255,0.0734253718828288,0.0744582484820428,0.0773235140309065,0.0789399602782454,0.0757989322733756,0.0775722422784728,0.0776736040084635,0.0749416915021301,0.0877248252778111,0.0928129191128643,0.0944620822100281,0.078791613918133,0.1164338590024867,0.0819855672940441,0.0826053747174082,0.1004982752316969,0.0937174701251981,0.074239674407508,0.094015611275247,0.0870603959542721,0.0851618173609978,0.0918537388537465,0.0851181104351717,0.0696437623658479,0.1009592182984846,0.0850010750779555
326651_3_consensus.txt,0.0920854792973679,0.097655883538045,0.1024461240167387,0.0893959460346955,0.1041962886172509,0.1137201160700502,0.0897678259518963,0.1047259391941546,0.1110493443554556,0.1022725289174379,0.0984350172780317,0.106154743472949,0.0957050580854925,0.1046174481041619,0.1108722233391912,0.0950796111176508,0.0975732982914792,0.1103474376342772,0.0652823584463497,0.0620180864680541,0.0684029893939017,0.0486258884067485,0.0615764195270678,0.0636453079691605,0.0667783992742139,0.0571713869872994,0.0654087551404165,0.0476940653459108,0.0529925204032704,0.0547153785889289,0.0598245283801661,0.0519933171728865,0.0567725476337992,0.047174981697295,0.060180334781215,0.0687165668760023,0.0053603982573813,0.005581002914571,0.0042048943279722,0.003509658107732,0.0038167012845438,0.0024883928997088,0.0051823303498022,0.0063184765621011,0.0040344737249986,0.0031573187385633,0.0032370823011351,0.0,0.0040224554174654,0.0049213422679859,0.0031278524942983,0.0032858498118422,0.0037976455469443,0.0026291268216871,0.0517263031979808,0.0493404050782038,0.0505432880928928,0.0492139996485541,0.0472610308368945,0.0498592393110364,0.0530142091539023,0.0524623661571803,0.0532931560900351,0.0466622282252711,0.0477447394055161,0.0481340400296748,0.0530802033599524,0.0504688416407743,0.0514544010994608,0.0481162032905828,0.0482998630646731,0.0474226014591341,0.0670493529936262,0.0832908156139033,0.0821965612534807,0.0609821639727856,0.054529653992926,0.0659093065908118,0.0674967785023366,0.0724393762685817,0.0722800944234158,0.0668875173477099,0.0529865270721323,0.0601128906542189,0.0693746469462546,0.0779439483595547,0.0810520868097572,0.0535381425565919,0.0568354454383079,0.0711711606239458,0.1003767792050336,0.0979971362637126,0.0979171788684087,0.0886637662959826,0.090019367747371,0.0884414876293684,0.095603129291871,0.090307770482144,0.0904440469579128,0.0888684316265786,0.0977083393314384,0.1445816756369637,0.1069805400881112,0.0942336192943962,0.1012212621912134,0.0883999758213835,0.0946140117040776,0.1226508071071084,0.0845230939412626,0.0822127078060601,0.0848176377837877,0.0857688371561513,0.0787855360997866,0.0799370238599586,0.0844401942000256,0.0729921196152121,0.0762107880754578,0.0811668957169615,0.0801289393788931,0.078430923878181,0.0799766411519034,0.0779916059786618,0.0812868762080079,0.0891570912947834,0.0748559438614595,0.0779419688216975,0.0996831662116584,0.0995345514280572,0.0809254706795012,0.0785077350464424,0.0846786728680095,0.0784139090911324,0.0794868545369542,0.0888506673672875,0.0869040236602698,0.1714943938015993,0.1342462815898768,0.0848636395528998,0.0903597840464698,0.0986002011308926,0.0862533391417113,0.092790956440325,0.0959898103932648,0.1082190584863305,0.0786519058580914,0.0722601087236327,0.0708898401245265,0.0719421090453718,0.0757519131336934,0.0743303131364285,0.0784074385867645,0.0769749062314186,0.0719634995070581,0.0667820543327293,0.0693951376894288,0.0696362341288754,0.0722897612565436,0.0735896034767167,0.0712028882737705,0.0727995712628128,0.0731436120493729,0.0702887874748992,0.0838218714955942,0.0884805288858263,0.0905662261235651,0.0758504199814131,0.1109900450012997,0.0786794256853289,0.0797094713877974,0.095755190848064,0.0878144207049942,0.0714471024363909,0.0887070305046053,0.083481714933538,0.0808266071764567,0.087231841036349,0.0805779498541552,0.0666208180363474,0.0958431689453496,0.0809579628338061
326651_4_consensus.txt,0.0932707779405568,0.0956353940760132,0.1008706892510655,0.090414234215757,0.1026039242617793,0.1140482208033981,0.0918260860356712,0.1048450603286754,0.1107756068127816,0.1030297922498624,0.0956515243144435,0.1071327376685919,0.0974125480136249,0.1056851464802299,0.1108763127887195,0.0953884900840273,0.0972809761694106,0.1110981060567013,0.0610001297252695,0.0578149634035636,0.0650789878602484,0.045332691616351,0.0565149434008773,0.0584946421212642,0.0616494301758372,0.0519496831878498,0.0605186562230812,0.0457206231591396,0.0498397563802237,0.0511862641946141,0.0560585461655627,0.0474552294301222,0.0533148823595874,0.0437148338392319,0.0569947890533635,0.0650297430338131,0.0030370615273191,0.0037843214851331,0.0035940704070656,0.0047784111368303,0.0038138162962981,0.0035900619143323,0.0035212866652232,0.0047237184576029,0.0037101115856899,0.0049912673872185,0.0036858664570695,0.0040224554174654,0.0,0.0039011414688179,0.0037867199918037,0.0041701015805131,0.0036785929014939,0.0035355522153119,0.052928587088175,0.0497300044162889,0.0499593328870346,0.0508207666105811,0.0477597158131919,0.0496734628019286,0.0538348664051007,0.0528160087152009,0.0530327293255084,0.0477319975483458,0.0480559859805387,0.0478082130601427,0.053843836371934,0.0507388338211773,0.0502748546395599,0.0491969529466658,0.0489671824902107,0.0477577121869412,0.063537661141102,0.0799325106029869,0.0794298280356446,0.059561923026731,0.0521760952318386,0.0619166853253059,0.0637991250265193,0.0670941666533098,0.0699007906539748,0.0646821128807655,0.0510189412863235,0.0577251706310972,0.065820174027511,0.0744372075761372,0.0769651293455826,0.0512700516581814,0.0545772369570078,0.0682208481009238,0.100750648670429,0.0988970125549828,0.0995568934371045,0.0909271083817859,0.092455664696426,0.090939377286741,0.0968592763894484,0.0921532078262137,0.091696146321671,0.0909737651594895,0.0999070284297456,0.1460096566977364,0.1079261833380016,0.0967669070544126,0.1035869108281941,0.090858804932802,0.0966492259176563,0.1247570652203187,0.084437931289484,0.0829623272564124,0.0843978023173228,0.0857050632918561,0.0784795154980138,0.0800549876450213,0.0830722733935145,0.0731761733099647,0.0746805202793066,0.0812666366766965,0.0805735958704172,0.0788692267548905,0.0795768535027861,0.0791981540530875,0.0809064020449383,0.089388279340377,0.074622785562636,0.0772096419904286,0.1024036573713331,0.1032481185675857,0.0835487050031762,0.0803938555225984,0.0866651076610685,0.0805404074383062,0.0804692757960916,0.0909707651393967,0.089190342133083,0.1750683649004552,0.1372573118607265,0.0879919569282687,0.0932475472651237,0.1016237978229073,0.0885758167505672,0.0963728617157793,0.0980445107182683,0.1109482825831911,0.0812141985513106,0.0745815864442063,0.0741866071139627,0.076232411209359,0.0793398170129231,0.0772148303689519,0.081550470153302,0.079975690464054,0.0742454971007307,0.0704901855256476,0.0723775309721013,0.0724523582950258,0.0748087975773446,0.076987225207417,0.0737266349225311,0.0768124684516555,0.0762188364410692,0.0734526735829916,0.0844713654147906,0.0885791979802972,0.090694541776287,0.0773650690738394,0.112738922929628,0.0790038771766763,0.0796951068889795,0.0958186374859044,0.0895611456766198,0.0718162982673531,0.0891418475907963,0.0828906336724797,0.0813000659175049,0.087159228681374,0.0812933664974249,0.0674637834353362,0.0953205197445452,0.0826005401387774
326651_5_consensus.txt,0.0960646155261475,0.0985547562855941,0.1035391678045778,0.0930416493164898,0.104946992515849,0.1168501236875148,0.0940752418103691,0.1081156377198251,0.1132685093685914,0.1047376393556094,0.0986273795962189,0.1097340033445046,0.0993138646436095,0.1079740823595152,0.1135758516260265,0.0971409196107746,0.0995480781515674,0.1130096523555348,0.0653027387939371,0.0616114596727017,0.0689734308302245,0.0498106310405361,0.0602650623646638,0.0625713524937729,0.065660982916059,0.0567387668299508,0.0648735367274548,0.049826184073904,0.0540974975622114,0.0555004067728708,0.0603652500486671,0.052156017257726,0.0582198425577678,0.0482412571310346,0.0609975211037179,0.0696096612517287,0.0043780362556313,0.0030104560870833,0.0038472266285705,0.0054604175988206,0.0053189476826949,0.0048995650182099,0.0049399954080682,0.0032588343280668,0.0044006518797417,0.0060754870840762,0.0053501116613317,0.0049213422679859,0.0039011414688179,0.0,0.0037943446896973,0.0053918394888627,0.0054064646488223,0.0041181616601928,0.0555902610785672,0.0525863045562973,0.0529374973324472,0.0532632326309805,0.0510654850493583,0.0526492487277474,0.0565488676451106,0.0552570992476333,0.0559347674022046,0.050492351651334,0.0510494802780669,0.0509905417857243,0.0563967792102984,0.0535573138257694,0.0533921267742449,0.0520121292465223,0.0519754903503066,0.0508072305860087,0.0672548051094175,0.083643589327556,0.0825941935515421,0.062479522869725,0.0562955247011585,0.0661895740252056,0.067654375458547,0.0702557735291549,0.072766548244088,0.0680447062650104,0.054601578168139,0.0612578532600274,0.0699774014751453,0.079518792787117,0.0806605447403683,0.054838817222282,0.0578870571001068,0.0714261247987257,0.1025241169779747,0.1006103200925645,0.1015447181591451,0.0929186537128954,0.0938357587474332,0.0922388676467891,0.0988424011489144,0.0940189711605548,0.0930912283982907,0.0926251585169284,0.101555610906578,0.1475393458593306,0.1098411341856557,0.0984979181759238,0.104994637970714,0.092724624897559,0.0982267809488002,0.1252353155385464,0.0871558426863323,0.0855859529124263,0.0872576032240077,0.0882252046757487,0.0818884559424795,0.0820613298424701,0.0863784719796214,0.0763120056956339,0.0788722855852821,0.083847542390786,0.0829708121475025,0.0813318327471952,0.0825975356483326,0.0817322551063908,0.0834052412825121,0.0916715727230625,0.0776179982275868,0.079594229292633,0.1028432473297957,0.1050118130013579,0.0853049718950602,0.0824279365015936,0.0889673854040014,0.0832831762241284,0.0823813408348543,0.0934660596003942,0.0916349701551411,0.1792308003674145,0.1404232592028957,0.08973464047566,0.0950555274165498,0.1032821652673234,0.0908812334549988,0.0978025595401721,0.0992633137710106,0.111357706556614,0.0830412790528178,0.0757484089582316,0.0757858958416521,0.0775524659830209,0.0804035650203012,0.0789606312330679,0.0828851539275579,0.0814511458449231,0.0759117289218993,0.0722385892750132,0.0738723723296725,0.074179693837773,0.0764017829823222,0.07815679167234,0.0752028916513749,0.0779170482378424,0.077383437258196,0.0750752222951582,0.0862451593053013,0.0914029188100915,0.0927834438728139,0.0800357635101862,0.115867020689909,0.0818596888707503,0.082524908636393,0.0994230989170841,0.0900352995625191,0.0746200216386698,0.0919052704079534,0.0859574776362199,0.0839517295189322,0.0900249437730522,0.0844224123476351,0.0706726485616044,0.0973574595998529,0.0853045677324964
326651_6_consensus.txt,0.0955264645356299,0.0997928741435272,0.1053005224547769,0.0928592743469751,0.1069949512254693,0.1175016343934043,0.0934181359225405,0.1078628984998886,0.1144464210552103,0.1049111517928587,0.0997236725402963,0.1100766474465722,0.0990612200317109,0.1077997236062273,0.114009780564336,0.0976547062978498,0.1002466231314525,0.1139030015561637,0.0674806784426262,0.0637279647875388,0.0711736919773731,0.0507569522756012,0.062698515837912,0.0651613494459351,0.068130047034713,0.0586590344207049,0.0674017840637821,0.050127416618662,0.0553432944863274,0.0567349954822997,0.0620310651879325,0.0534838824085959,0.0590172289933903,0.049229087684913,0.0625687990056516,0.0711023678333058,0.0047638122606352,0.0047512945934338,0.0031907866068845,0.003376545069444,0.0042249897770734,0.0034234630588176,0.0049708850326011,0.0052028990523096,0.0033323397445821,0.0035315328231426,0.0036571172366013,0.0031278524942983,0.0037867199918037,0.0037943446896973,0.0,0.0036428531292811,0.0041209605753627,0.003316884077984,0.0552411262716994,0.0526106695870378,0.0535817358102379,0.0526424523543926,0.0505428056764731,0.0528560398862554,0.0562986623769159,0.0556024791242899,0.0566644555644746,0.049708687123581,0.0509888246676837,0.051220168496628,0.0564305996069922,0.0537391339047808,0.0544004205894763,0.0514014532197677,0.0517184644169805,0.0506072830958457,0.0694492525496244,0.0860631990728508,0.0843156246707019,0.0633377493858686,0.0570551572409154,0.0678958090493617,0.0695834134536932,0.0735116472835963,0.074889509147245,0.0691285058687638,0.0555754545180642,0.0626172183514892,0.0716593693487119,0.0802854816732683,0.083304013853561,0.0558196476871266,0.0589674936518944,0.0732885660762825,0.1038852783891428,0.1013873689697657,0.1019474986499551,0.0925904376781332,0.093804746657133,0.0923353564422146,0.0994374386798284,0.093948580256014,0.0937010885002456,0.0924609289929785,0.101551001216543,0.1477709744253559,0.1105902175859387,0.0983646999816558,0.1052309798691375,0.0922330647463702,0.0984847692886781,0.1269573140477069,0.0872301285680405,0.084950162154147,0.0870340075494198,0.0885786074150791,0.0812211357934771,0.082119320539113,0.0869424255936861,0.0758581646927512,0.0778726094744488,0.0837082631196954,0.0824204036539777,0.0807621738435431,0.0824317282753881,0.081272472940574,0.0834133821391063,0.0920135847774776,0.0771232494145639,0.0800033071102808,0.1032956180319111,0.1040557124275736,0.08504685067492,0.0822327751979434,0.0888351108269374,0.0828044794009583,0.0828772588729815,0.092759853028892,0.0914392059554041,0.1761699053145022,0.1390842547849669,0.0890095160858166,0.0945115246681878,0.1027552808680241,0.0907482748101289,0.097079008557495,0.0992829622393074,0.1117084774275962,0.0823578615732056,0.0753601356255391,0.0747513184421801,0.075629984950174,0.0790685097610248,0.0779151271445313,0.0823789824316865,0.0804161636684321,0.075538557622715,0.0701817021065664,0.0726104681205379,0.0730696763752787,0.075716161425511,0.0772430337530281,0.0744362598026446,0.076270698779993,0.0762626974649069,0.0738356155806387,0.0874042513518986,0.0917989063670736,0.0934961961443834,0.0790159337698792,0.1153975188157234,0.0820935834666318,0.082847510753182,0.0992107526770977,0.0909389557994266,0.0743331450940942,0.0929584650150543,0.0864395621326981,0.0843867209042992,0.0907015368247758,0.0839880250064313,0.0700642637428377,0.0985927620837241,0.0850108828525151
326651_7_consensus.txt,0.0983470750614721,0.1022350962302898,0.107808460920995,0.0959402602494154,0.1103981172612789,0.1212716983787878,0.0966665421764574,0.1111745589239419,0.1174428691394871,0.1085094473632635,0.1030611543705752,0.1122950559054354,0.1019106723956291,0.111376383261339,0.1187724666623015,0.1007828379349922,0.103731156813998,0.1174766281372319,0.0698153105880923,0.0660695851749926,0.0740468217627032,0.0528095384295603,0.0653762645031204,0.0678560594949431,0.0700379367839181,0.0614979942793283,0.0700526370864427,0.0521843253095983,0.057371658675434,0.0596248898945095,0.0644345101341326,0.0565791928373737,0.0618847095185044,0.0512907283486478,0.0647681047419883,0.073962097399252,0.0052068359643975,0.0063231910082244,0.0048019212527803,0.0019173994096304,0.003375311127673,0.0035410856030484,0.0061372898452356,0.0074787336116353,0.0044966141668512,0.002104757044897,0.0027670360698843,0.0032858498118422,0.0041701015805131,0.0053918394888627,0.0036428531292811,0.0,0.0034230487181616,0.0036147131362787,0.0584989949757455,0.0548466186308242,0.0559517343998834,0.054106746304428,0.0517419386359945,0.0548508271651213,0.0595509097525974,0.058427319273143,0.0588299785696895,0.0509740751500968,0.0523640910349243,0.0530554533152294,0.0596795662768165,0.0562847944440374,0.0566789499459083,0.0527205415125138,0.0530044707482888,0.0525770807123526,0.0704784017387094,0.0882620025712705,0.086708345986759,0.0639709249262079,0.0577069286084466,0.0696645487764273,0.0711875883872918,0.0756430672696026,0.0764566584890662,0.0694560980036298,0.0556958006485084,0.0626942091457154,0.0721701639362351,0.0799244568075217,0.0855385555314356,0.0557298287106906,0.0585481898073645,0.0741576079253238,0.1099476128367573,0.1076388969973134,0.1083538792104885,0.0988543224462885,0.0999304658246487,0.0988869149894426,0.1054167528096039,0.10032565489748,0.100625570998182,0.0994454303597658,0.1090012704115919,0.1555834628818111,0.1182613232299925,0.1053858195399266,0.1130362258559207,0.0984090290930899,0.1048880715392179,0.1334402167501975,0.0909397032535324,0.0892331447912102,0.090643998823098,0.0927757975401828,0.0848878190704836,0.0862738935398281,0.0907289498895425,0.0796326460837928,0.0818671855447519,0.0882547659502286,0.0863134358819577,0.0851026289087899,0.0865193529201739,0.085288281563562,0.087364375625091,0.0965279319495451,0.0809219302082731,0.0837528523693453,0.1075384477074408,0.1074534020272501,0.0891075932034404,0.0869782499277098,0.091910598357523,0.0868488061780041,0.0859218546458366,0.0972427561032986,0.096477498676939,0.1779155040226729,0.1407323680187309,0.0923769715292062,0.0978424394930597,0.1068848800351913,0.0952084654240206,0.1014433273645067,0.1027316520929089,0.1162955808566472,0.0852621975478999,0.0780654524629493,0.0770582858608577,0.0771943697864925,0.0812980900965572,0.0801939869867149,0.0855868004665518,0.0833882608956519,0.0779807562895991,0.0717068953984068,0.0744605199046244,0.0753677341870568,0.0784055167398651,0.0799121825359128,0.0771837963211297,0.0780675929720526,0.0783008436868843,0.0759275304911542,0.0904158990253858,0.094817888837805,0.0957741575575319,0.0808035998661846,0.1190079901465956,0.08417243516209,0.0855061554732197,0.1031522691446467,0.0963519670265018,0.0762888886245534,0.0966660158975472,0.0899644030187287,0.0876003586339253,0.0943689512493355,0.0875089695960023,0.0719986437102306,0.1022183808723742,0.0868822065308787
326651_8_consensus.txt,0.0966995612593297,0.0997337924450469,0.105086889965337,0.0941277393228938,0.1072026172216444,0.1189197224718965,0.0949059504192142,0.1087593472466785,0.1154251621663187,0.1073978283071106,0.1005875674575857,0.1112899642303721,0.1004013098200609,0.1098986822172056,0.115685209343141,0.0994156401320927,0.1021809789881231,0.1156902298432811,0.0647410433014066,0.0618354737707278,0.0689481176959905,0.0486992159273986,0.0608831156080071,0.0624025955598384,0.0649369774558348,0.0557057759286667,0.0644619545590057,0.0494964077151065,0.0532479813391839,0.0544426033979723,0.0595359343835948,0.0513293846184588,0.0565756642564156,0.0472852445415457,0.0601380781304818,0.0689518589717357,0.0042467324523496,0.0050329711998644,0.0039924922735927,0.0037321797618936,0.0019890391352106,0.0030605463321906,0.0046482376822414,0.0059484248678858,0.0036643220531802,0.0038929688850188,0.0021681614538744,0.0037976455469443,0.0036785929014939,0.0054064646488223,0.0041209605753627,0.0034230487181616,0.0,0.0033590986583575,0.0559901601587622,0.0520877517568045,0.0523875157901976,0.0531698667160851,0.0494717365810384,0.0523041170096725,0.057201919399775,0.0558806421759721,0.0556051670261181,0.049705740539224,0.0500463314702219,0.0503753169645611,0.0570619498309943,0.0537386392477809,0.0529186445912017,0.0516423739808908,0.0508604183605783,0.0500198157133189,0.0659053054377318,0.0830200628295028,0.0827632597339809,0.0614845785174615,0.0538811835343917,0.0643891675327417,0.0659195975104163,0.0706310495969457,0.0710464006521522,0.0662233536714769,0.0522110144034311,0.0591073821758918,0.0674855825515461,0.0751670840468934,0.0796398691717845,0.0525471183328356,0.0557374813467497,0.0707008478978767,0.1046453135657916,0.1031669342415231,0.1036585095013853,0.0952529998672808,0.097062791681119,0.0953856319261339,0.1007769185406335,0.096141659169799,0.0964774350079888,0.0955507059720508,0.1048252394119755,0.150649644679631,0.113278955614172,0.1015312196120348,0.1087140562717081,0.0947041127911543,0.1005599316667371,0.1293955223864857,0.086604201618039,0.0859320342048564,0.087204448978639,0.0886002408687867,0.0810654738063467,0.0830750177358625,0.0858238959092876,0.0756949078611342,0.0772078592114811,0.0843960202196276,0.083783279895913,0.0820512350973983,0.082667538748236,0.0822358599126342,0.0844253177651275,0.0928136917513953,0.077672298482625,0.0805593627565492,0.1068865824122138,0.1073370568780092,0.0877527711715062,0.0856697406627304,0.0910120993851597,0.0855634745661451,0.0847516819698759,0.0960374779862291,0.0945340997992278,0.1757521850306949,0.1396987746902231,0.0922553767918188,0.0972461532262105,0.1065403196141163,0.0936532518730324,0.1015259253914955,0.1027470346623031,0.1163320351397176,0.0839916672248897,0.0771029622143117,0.0762900308018039,0.0776389615909272,0.0812712337755741,0.0794735842569744,0.0843178675623166,0.0826154700286379,0.0770772454975858,0.071769945293262,0.0740608880148636,0.0744913274313487,0.0770391422489087,0.079004912472409,0.0758588407264619,0.0787141400505433,0.0785989932249151,0.0751443826357354,0.0881312634245379,0.0923559132762328,0.0949373625145453,0.0800669310605695,0.1162461530323852,0.0825837696014071,0.0830063227918502,0.1003832314745745,0.0933267791097307,0.0754053339498082,0.0932614811131617,0.0877876276108384,0.0849369023359143,0.0907540781003346,0.0853339381797235,0.070291768379084,0.1014664894500079,0.0854403909232388
326651_9_consensus.txt,0.0930834439535477,0.0972151861545702,0.1019273438862384,0.0904679226467237,0.1041303981725754,0.1150859502207151,0.091080689959508,0.1054368021611011,0.1114804836835929,0.1032801808300849,0.0975503826299393,0.1075326623816561,0.0967177080299563,0.106095474228061,0.1118379275617353,0.0954324307891933,0.0976742002886066,0.1116987104325781,0.0631903629771981,0.0598789312305392,0.0668909853975545,0.04700251580382,0.0589010411890811,0.061320040854718,0.0637686151543732,0.0544816053773633,0.0630789521988202,0.0471162684768877,0.0514918500187926,0.0528394507028284,0.0577970973490886,0.0498769469547628,0.0550318705997305,0.0455607347790509,0.0585069668010724,0.0668716044202986,0.0041701473999342,0.0042906066100503,0.0035144860986724,0.0038679994461769,0.0032549371611878,0.0024734627901503,0.004547793710703,0.0051806883032092,0.0034419710202904,0.0039640089050614,0.0033254149280415,0.0026291268216871,0.0035355522153119,0.0041181616601928,0.003316884077984,0.0036147131362787,0.0033590986583575,0.0,0.0529489234269062,0.0499969176582695,0.0506196191710524,0.0505302072625024,0.0479748799592369,0.0504219143969884,0.0541718188464397,0.0532288832261924,0.0535462542308451,0.0477191882628922,0.0483736968932895,0.0486712390873318,0.0540096927541347,0.0512059629642944,0.0514410443799233,0.04933776786664,0.0490548067246274,0.048187873584979,0.0653564319817459,0.0822245893281374,0.0816225262392009,0.060863904254754,0.0537214692439906,0.0643449819448731,0.0657354434363082,0.0701149972528867,0.0709067964629994,0.0657207832615442,0.0517408621556656,0.0590785227771881,0.0674122411942512,0.0766469627185655,0.0795037795689115,0.0525640957986572,0.0553989153620317,0.0697925141391344,0.1009122393139065,0.0986233676059411,0.099054854648573,0.0902653302127829,0.0917110469056066,0.0901270156078117,0.0961995883763942,0.0915024436809979,0.0914754277639655,0.0904631320196571,0.0992643455724131,0.1455638884969614,0.1077354369669976,0.0960864047123379,0.1030035326246032,0.0899777845731835,0.0958776739458455,0.1238513587410707,0.0837837450631164,0.0825149223802563,0.0841375728594142,0.0853776082944364,0.0781499200225122,0.0798754934966812,0.0835416479286212,0.073082353804768,0.0752880782096188,0.0808831478113294,0.0801494846132158,0.0783468911862161,0.0793012924963019,0.0785703470048018,0.0809930407903989,0.0891480130235731,0.0747207085995835,0.0774383874381898,0.1016258436958397,0.1019867621571295,0.0831373258420722,0.0803289326391691,0.086591267158596,0.0805700017815045,0.0804945078505241,0.091255704134646,0.0895950538927135,0.1731214473801072,0.1377882693836181,0.0870712708916583,0.092124162534529,0.1008492571873267,0.0884918802189602,0.0954051965023721,0.097430192943138,0.1102603005013556,0.0801124883245352,0.0732548518929041,0.0726919996306483,0.0740752639651507,0.077372860123158,0.0756325487329219,0.0799195245531194,0.0788117288036147,0.0733263953884773,0.0684669339656798,0.0705077119252743,0.070962596236769,0.0733161963391149,0.0750399802858137,0.0724021102368093,0.0747627166279762,0.0747166473726839,0.0717338495455468,0.0850553323927947,0.089615548500153,0.0913790773510641,0.077362271875967,0.1132803433804028,0.0800681247187249,0.0804627309309786,0.0974382033616851,0.08904446270658,0.0729014549775435,0.0908216538057207,0.0847947734882499,0.0818502515379666,0.0882833527986992,0.0821672469165815,0.0682010874107605,0.0974952914748881,0.0827928847223109
326713_10_consensus.txt,0.0583393107973702,0.0701375208373491,0.0684022427115902,0.0540114664494293,0.0692500041427806,0.0718618969338162,0.0541479980894825,0.070107004405429,0.0728304590034998,0.0682403101097,0.0682691167836466,0.0680871920815153,0.0589544809226909,0.0678267258251859,0.0680939480817413,0.062342586625574,0.062522172857971,0.0711519002377514,0.0456761873844921,0.0389645569217353,0.0420177897011617,0.0291265821771773,0.0397884132546568,0.0412191716962686,0.0485277927021403,0.039934586464744,0.0458220108690987,0.0265164013493848,0.033255610948232,0.0336870906379989,0.0371933774591362,0.0328432649426186,0.0372253466982783,0.0289902806483608,0.036760674034026,0.0440354486184233,0.0547419934720059,0.0538782967130986,0.0518686437465865,0.0598318988609882,0.0568642804657599,0.0540758212349787,0.051863190859466,0.0532788499799163,0.0529515382252894,0.0584571349468152,0.0573189304117933,0.0517263031979808,0.052928587088175,0.0555902610785672,0.0552411262716994,0.0584989949757455,0.0559901601587622,0.0529489234269062,0.0,0.003028611320853,0.0051506805509804,0.0043656053727545,0.0044525272459177,0.0043314191408407,0.0020667354564807,0.0029584223354142,0.0050171339701492,0.0048642600490973,0.0042002696894325,0.0040036802969858,0.0019543941979733,0.0029452578903725,0.0057095874314399,0.0044627581557126,0.004215440374562,0.0036236127816566,0.0521120261610192,0.0649822889997917,0.0624453988209321,0.0462028380127472,0.042723064651807,0.0517419738080446,0.0524266057755138,0.0555635966782714,0.0551387184061358,0.0518099893052674,0.0370444942791996,0.044535678554153,0.0545011825059678,0.07241986705165,0.0665076229556289,0.0393324433265309,0.044014743014344,0.0514131693193666,0.0572391494596544,0.0516875040532154,0.0476225681282453,0.0419671507105965,0.0425496735006882,0.0406873706014225,0.0502923864722832,0.044061452197198,0.0429961742447435,0.0418559560526574,0.0479355533472336,0.0922650620067742,0.0570470620645551,0.0442158462158568,0.0488000929772916,0.0412106357296986,0.0461963764580248,0.0704321065726878,0.0570521124161382,0.0519799793665436,0.0555968919229385,0.0552557308769507,0.0528355818580976,0.050785765805644,0.0595993984510272,0.0471430428085346,0.0551936892371616,0.0510245572898035,0.0540021270677497,0.0517356608781103,0.0529222930133128,0.0485080414493381,0.0550018220275241,0.0554482864872412,0.0490897426999428,0.0525146974765071,0.0601518142597097,0.0527358169846428,0.0404297287496255,0.0370649745866833,0.0524334614997759,0.0378702033885369,0.0437559721606923,0.0474311129452624,0.0455148947726078,0.1445548752825338,0.1101689866826269,0.0473822962664893,0.0504147457344252,0.0520132163074,0.0438206357563339,0.044902056621729,0.0566797847455013,0.0646028281848041,0.0452045667760074,0.0408092033930023,0.0412418202114359,0.0450629655912457,0.0452390859992455,0.0431690397670916,0.0444359918835743,0.0436910138811788,0.0421272402916983,0.0415382873522354,0.0427668908691387,0.0401378991487106,0.0417544407480292,0.0412541471244196,0.0417331816910433,0.044596273106638,0.0447144506726644,0.0412349290561522,0.0550883966014748,0.0610747501125503,0.0580326860104101,0.0519989749241718,0.0738218209079182,0.0554156335550999,0.0540352773681984,0.0604701266385721,0.0557262891545899,0.0499355283119182,0.0550405083395197,0.0525919937863763,0.0487113788209612,0.0595229549865212,0.0524282158690248,0.0459014604750427,0.0611531446351021,0.0521439676485151
326713_11_consensus.txt,0.0597988390039621,0.0708799459667464,0.0693156214831471,0.0554799475183704,0.0703825499820895,0.0748162217279677,0.0558416788606601,0.0723262775247004,0.07473455163941,0.0697630681877674,0.0686082869265876,0.0690055769103654,0.0605064196755407,0.0698417622744944,0.0708563801863757,0.0641803313958222,0.0645953800332392,0.0732669317067644,0.0458730708545793,0.0386350536471331,0.042734047922412,0.0278452989405177,0.0393734456634566,0.040265711267132,0.0470745576681412,0.0389133965783345,0.0450498729700106,0.0255361943966523,0.0330031668255079,0.0330859186456375,0.0367837159200927,0.0320401312180473,0.037328918922304,0.0274969628760404,0.0365600175989344,0.0443086296972339,0.0513668118333017,0.0508002947943682,0.0487594715541614,0.0563265256664324,0.0531695182584872,0.0508971858499922,0.0491117358487436,0.0503320391915638,0.0500092280304125,0.0553372735264483,0.0539270197446981,0.0493404050782038,0.0497300044162889,0.0525863045562973,0.0526106695870378,0.0548466186308242,0.0520877517568045,0.0499969176582695,0.003028611320853,0.0,0.0041136952109948,0.0038124040454068,0.0030065999019779,0.0031850762050114,0.0028947341396881,0.002398254744639,0.0042046935898367,0.0039919417946343,0.0029133596971657,0.002837019605713,0.002887710008931,0.0023273056442603,0.0046731987865467,0.0038049975435709,0.0028280624649079,0.002667313796322,0.0521696621886684,0.0654238124826811,0.0628820598752772,0.0466132603700604,0.0428486725755368,0.0512665271147128,0.0520256390656603,0.0545651342712298,0.0545252727192613,0.0521454789871906,0.036606802058805,0.0441749752501268,0.0543821342703907,0.0720231657068461,0.0661349321804563,0.038618872978164,0.0429919331285741,0.0517438265312151,0.0603318345043293,0.0556279802099197,0.051604583848392,0.0458073965790672,0.0465543909523109,0.0449030697321299,0.0540048653245079,0.0473415865405479,0.0468878514405783,0.0462299779775623,0.0526545552999406,0.0971104439468462,0.0621029606203578,0.049143424202688,0.0541445448204616,0.0451349828468163,0.0499666283411732,0.0755090522639188,0.0578421556432946,0.0538425413485503,0.0565104326180474,0.0565156266070365,0.0533804571823628,0.0513957383014043,0.0603013222526875,0.0480462441857723,0.0552760101312355,0.0526300515676334,0.0550876618981215,0.0525025008014479,0.053839655767029,0.049897200578056,0.0561782426768395,0.0568339077176052,0.0498698630025788,0.0530983338611896,0.0629989638918271,0.056685081209757,0.0428875013592398,0.0402110153844157,0.0543272287188818,0.0404237826555498,0.0449406862118531,0.0501817083622961,0.048628401928509,0.146512211885514,0.1121353287099609,0.0508784442693377,0.0541758560071015,0.056048831475068,0.0469538695029463,0.0493082517158338,0.0599218875403879,0.06860162103776,0.0461359834650494,0.0411445795801252,0.0419937537475672,0.045666640763903,0.0461231682878704,0.0439380213524858,0.0459097156564718,0.0448814772368377,0.0428020222443015,0.041693824250661,0.0430240034551854,0.0408518644760294,0.0428713620808354,0.0424209122944816,0.0424465884761326,0.0453352002154945,0.045290871818576,0.0418014272879903,0.0575390453683244,0.0629945541635876,0.0590091491233426,0.0533820543777263,0.076695171349006,0.0570280487388794,0.0561438901214952,0.0626373279615988,0.0590546792503055,0.0505993672125377,0.0574660631197341,0.0547232397789727,0.0509686062186274,0.0604997711019237,0.0549185315050575,0.0466802226453628,0.0634357802737639,0.0537275642162127
326713_12_consensus.txt,0.0606813986112815,0.0699836761959398,0.0676625642123838,0.0557719917506034,0.0681880698827956,0.0747361930426482,0.0568243958048277,0.0722875469352137,0.0743233902323723,0.0695699703264951,0.0666550046326692,0.0697438879908789,0.0611070828515547,0.0702756988089312,0.0694371353768019,0.0647834986260367,0.0649078473263689,0.0730033220746175,0.0447753919536939,0.0389853194060556,0.0416120941159956,0.0288713712365549,0.0392553907233832,0.0389175084744222,0.0466789125097086,0.0376226736213176,0.0433404402695423,0.0285094208237968,0.0329489273633711,0.0330327141509894,0.0364702698278058,0.0320083310525678,0.0365893903026197,0.0286369024986061,0.0359799191879908,0.0439241608163527,0.0507917347770154,0.050658517306223,0.0488802845322107,0.057370522084815,0.0534143868798615,0.051645608834173,0.0482319643990329,0.0500526160085854,0.0498007179620199,0.0565796986817268,0.0548059351451719,0.0505432880928928,0.0499593328870346,0.0529374973324472,0.0535817358102379,0.0559517343998834,0.0523875157901976,0.0506196191710524,0.0051506805509804,0.0041136952109948,0.0,0.0070507978279401,0.0043342090324731,0.004374049909023,0.0053116273343167,0.0044700343440702,0.0033081879433805,0.0066495753506234,0.0045707881355721,0.0036757565389944,0.0048617162489099,0.0042352408542409,0.0032694255273453,0.0068414836684969,0.0043235933273928,0.0038452191642681,0.0503952943669601,0.0628575051958595,0.0606247273727369,0.0457835855552124,0.0420491421119875,0.0475171735156427,0.0495226180977397,0.0508309041063963,0.0511752203783082,0.0512409482287798,0.0351031627833542,0.0428421163052092,0.0517123076889971,0.0668646794092735,0.0620169847045986,0.0383812522050277,0.0423706756394981,0.050873988037388,0.0592896621579619,0.0562113764247911,0.0519280453548827,0.0491317280331902,0.0501506621295497,0.0480467734726701,0.0546128470669184,0.0498596224984613,0.0486175320376522,0.0494118913858603,0.0554342582686118,0.100672889900478,0.0629953443357322,0.0522754668578464,0.0564081460194785,0.0476920075717828,0.0517862405349491,0.0744579581145226,0.0586181303266384,0.0555345148802386,0.0587108529366133,0.0570736767151238,0.0547444690454721,0.0534895766852052,0.0604692137313449,0.049152517168145,0.0559729867212333,0.0549792802642006,0.0590046772547845,0.0560251035072472,0.0553155153840529,0.0526230837207055,0.0583507615461691,0.0585389061339807,0.0517920093892971,0.0550681946729767,0.0664293673058056,0.0613651048943637,0.045717198477357,0.044192423625633,0.0565922402973875,0.0436545858674426,0.0471885369857405,0.0534914746796779,0.051427079618282,0.1497207167739063,0.1152891737641219,0.0548531795518609,0.0580346971016103,0.0605223661795886,0.0501727919397181,0.0543434153139275,0.0641857228759734,0.0724419902681887,0.0488013166770784,0.0442402587564503,0.0446419984507873,0.0499547614483741,0.0500705190769075,0.0464425214442965,0.0485700097992438,0.0480167914474067,0.0454964834218625,0.0457326331029444,0.0466938462329507,0.0433203944683882,0.0452534698833657,0.0454417120522485,0.0446517239933914,0.0501108915485986,0.0495426263018163,0.04475269081634,0.061571280647076,0.0665900545255944,0.0639064977360384,0.0591532632471656,0.0801116345181371,0.0607773510523514,0.0592232008396056,0.0664160963868791,0.0619274506351832,0.0558071356488767,0.0604073932925377,0.0586625264332019,0.05479669508283,0.0623712080782814,0.0587601396899186,0.0511123403137228,0.0690012456107744,0.0578600349776836
326713_13_consensus.txt,0.0616396160099412,0.0740902411323585,0.0738595739956089,0.0576943082261962,0.0753666063445175,0.0791417074518152,0.0575027157368506,0.0760245781141124,0.0788284054073784,0.0716029927845696,0.0735004226282658,0.0713400672192277,0.061639613311291,0.0719565083756634,0.0756364616361411,0.0657877785653529,0.0670766399063298,0.0769788272364504,0.0535877391106511,0.0449700371349273,0.0503644546041615,0.0328731649070643,0.0456969546815813,0.0484284322897679,0.0549791685786633,0.0472275302919635,0.0542207477110272,0.0281717399517775,0.039020950327905,0.04018991808279,0.0437791968555494,0.039129119266124,0.0452712056232593,0.032595178404243,0.0435243071424418,0.0512099876915197,0.0532904216131786,0.052887354786459,0.0501125332025029,0.0551878727300385,0.0539263694154277,0.0518471185749911,0.0516548772016678,0.0525997749413962,0.0512586549387812,0.0544250744134977,0.0540246584140495,0.0492139996485541,0.0508207666105811,0.0532632326309805,0.0526424523543926,0.054106746304428,0.0531698667160851,0.0505302072625024,0.0043656053727545,0.0038124040454068,0.0070507978279401,0.0,0.0032846717719445,0.0039587154682676,0.0041930181639546,0.0044480023253932,0.0068941575277099,0.001946851873428,0.0032212888903204,0.0038867142952359,0.0047378296780795,0.0042294325020009,0.0077681311227779,0.0016797379792095,0.0029552813569866,0.0036038016591088,0.0582507414463826,0.0738624220317731,0.0698423065001998,0.0493769795543101,0.0472672977910173,0.0580068556243489,0.0601630674309605,0.0618377382227182,0.0616636888749368,0.0560311687224857,0.0400549350819137,0.0490914333272627,0.0602158584230663,0.0784854724812769,0.0752875067020486,0.0419046894961487,0.045717026542114,0.0564884499047408,0.0679115624165502,0.0604656977249993,0.0574719460295476,0.0492648582207788,0.0488426534702322,0.0483129881474182,0.0596935773912941,0.0513971899704861,0.0514980331394188,0.0503335708652015,0.0574242410961032,0.1025641156735091,0.0686050492466519,0.0532997045737557,0.0596032184605199,0.0485677341006303,0.0546622290660039,0.0805340520346389,0.0638852877921092,0.0580406589254494,0.0615580223033891,0.0630074717480564,0.0589914155240194,0.0558981304770842,0.0672952473838668,0.0534895145409795,0.0615292395525735,0.0582228900275332,0.0584464313910384,0.0564820505705787,0.0592179413124362,0.0534331754373722,0.0603239756203155,0.0632085287198238,0.0543972910392094,0.0575203025099924,0.063331242724228,0.0555464620603922,0.0436469388994291,0.0404666041640533,0.054531162205726,0.0418733861475093,0.0456312139086003,0.0507609941403286,0.0503897437241764,0.1463857202837575,0.1128741450261667,0.0495418568293155,0.0535575636017524,0.0557763392635095,0.048157462534899,0.0478266487877521,0.0588093797395803,0.067506672339233,0.0462085378137961,0.0401319541602749,0.0408330494226909,0.041240456783969,0.0427013044096558,0.0422555345602972,0.0457769850094127,0.0435833618561076,0.0420120122943297,0.0378265256371879,0.0405819934011937,0.0396135807229311,0.0432699801633225,0.041372905022782,0.0427570508212928,0.0406910255966836,0.041845372093535,0.0402457093722556,0.0597002045050878,0.0665494596701821,0.0591142575649143,0.0523548586276172,0.0801663800283858,0.0583541755035925,0.0589316115391165,0.0646895558150708,0.0623088407649632,0.0493984771274824,0.0608935251371232,0.0558661892310992,0.0539265886503983,0.0663069682188401,0.0575256458601796,0.0460146086486137,0.0643771528248304,0.0537109212988156
326713_14_consensus.txt,0.0609757017457468,0.0719032048090131,0.0716267119664353,0.0567371998682286,0.0727696029206708,0.0776477148828629,0.0572047782222764,0.0739211886321919,0.0772590139022577,0.0711252706066654,0.0701796760981148,0.0711883057970723,0.0614317470220573,0.0711192708710557,0.0731483913290134,0.0655435874419714,0.0667656840050998,0.0759499924628794,0.0493645915033669,0.0424970639716502,0.0468862082518519,0.0303898776074698,0.0429445813588813,0.044211909835206,0.0509657716316045,0.0425456558503984,0.0492553542165872,0.0278579206179969,0.0359301567340608,0.0368067044599564,0.0404236564035578,0.0353978228788456,0.040895395004032,0.0300415310352279,0.040009752633253,0.047944739791685,0.0493215495283889,0.0496286834677661,0.0470272478092423,0.0530059460494154,0.0503194651096041,0.048917892281894,0.0476185456469977,0.0493492574180542,0.0479488240490706,0.0522737646900939,0.051154897786386,0.0472610308368945,0.0477597158131919,0.0510654850493583,0.0505428056764731,0.0517419386359945,0.0494717365810384,0.0479748799592369,0.0044525272459177,0.0030065999019779,0.0043342090324731,0.0032846717719445,0.0,0.0030307447100934,0.004448481896949,0.0037537531264479,0.0046898396149401,0.0028900154540787,0.0019767197191926,0.0026291413183576,0.0046023119091689,0.0034592770803953,0.0050227671540197,0.0030817308299697,0.0017561837854573,0.0024952308809416,0.0540195172477666,0.0683884180514828,0.0661155135595548,0.0468235552213602,0.0435504697162638,0.0521509961288524,0.0544436133355263,0.0560914281376145,0.0557132599768817,0.0527089990393392,0.0364537471085935,0.0449013553804755,0.0549785422842488,0.0711963949694594,0.068738649062781,0.0390739788698111,0.0429112369706201,0.0529918788038532,0.0655002793756436,0.0602954080887272,0.0566444987447596,0.0508002998492509,0.0512480316330998,0.0502684000837287,0.0588511759510694,0.0522454441111026,0.0520039273771804,0.051753732585297,0.0588342513711079,0.1036344935006736,0.0686808326158159,0.0547865402700473,0.06079445485899,0.0496145918077459,0.0550231350718926,0.0802534111693278,0.0615066574259612,0.057041009098226,0.0603150833487138,0.0605169518046935,0.0568310982833946,0.0550791137043162,0.0642094019556402,0.0512685782477246,0.0583530430434677,0.0574166630514412,0.0589099974912032,0.0565072534497357,0.0575653304637828,0.0532616293954752,0.059574880256342,0.0618215990975068,0.0533662804942487,0.0564994964832692,0.0655657850574344,0.0591740991363423,0.0455363009755114,0.0431998698986548,0.0558585306255681,0.0434800659672394,0.0464444328453668,0.0525941448100253,0.0518256798081813,0.1469568597067549,0.1133957181155871,0.0528297898869718,0.0564584352298656,0.0593672861331828,0.0503778143783302,0.0522801511347559,0.0624546838924793,0.0712640402945643,0.0480571818027115,0.0425261583407197,0.0428367488424736,0.044822620247154,0.0461338671272857,0.0443212417636296,0.0478748371439099,0.0459849450490743,0.0441583870573509,0.0408160961379673,0.0431659420114982,0.0413824795289938,0.0445515685984139,0.0438564498890041,0.0441933656842685,0.0450209321245935,0.0454046748519036,0.0421923152649696,0.0614181296307574,0.0669875435253688,0.0621470752397801,0.0551926900408563,0.0813892386534211,0.0594214451635837,0.0592620160370618,0.0658337918504052,0.0639201814439971,0.0521596677780094,0.0617855915934866,0.0576468365095577,0.0551740961314397,0.0652198888342185,0.0582369656287049,0.0477865016958221,0.0678409204777032,0.0557083021118085
326713_15_consensus.txt,0.0612560402379447,0.0708232710039178,0.070054475049325,0.056424601525987,0.0709423506516833,0.0757842677063269,0.0571799847729259,0.0732406958683133,0.0757793572734017,0.0707794162342914,0.0684741775710096,0.0703223052294177,0.0620919427270836,0.0707642005825901,0.071492118063511,0.0650685935213397,0.0652940813336284,0.0744708744230031,0.0478544638627704,0.0398951096936164,0.044882300021162,0.0295669681899886,0.0401805941946307,0.0423095516116873,0.0493273997178622,0.0404536764249376,0.0471129457679699,0.0274512069825672,0.0351799643521806,0.0352968350951865,0.0390286827491657,0.033810166233775,0.0403051331453836,0.0295427475224885,0.0388468966111039,0.0464892882669936,0.0512713331458387,0.0509739921347618,0.0488566343214156,0.0563044770168073,0.053241291006711,0.0514063302360074,0.0490467403008434,0.0502319728908613,0.0501821238835811,0.0556138349695558,0.0539866217418367,0.0498592393110364,0.0496734628019286,0.0526492487277474,0.0528560398862554,0.0548508271651213,0.0523041170096725,0.0504219143969884,0.0043314191408407,0.0031850762050114,0.004374049909023,0.0039587154682676,0.0030307447100934,0.0,0.0037650131328215,0.0034988676577007,0.0042411601271048,0.0038087096963339,0.0029283947074265,0.0019567795776751,0.0040764896192362,0.003409651997055,0.0043457653982645,0.0037877106678596,0.0031204805810052,0.0019998280114537,0.0536570085731238,0.0664437794136763,0.0648355395465127,0.0470681043648832,0.0438931179146351,0.0514532605191764,0.053878199156415,0.0541150801691614,0.0554842663941004,0.05328730648987,0.0371675697391333,0.0448367950671961,0.055138892052537,0.0709331441313505,0.0678847218993565,0.0398639025526668,0.0439508629357803,0.052660129219638,0.0625524802220693,0.05859325686062,0.0546273525608711,0.0494712590032122,0.0495699636498363,0.0485919827639449,0.0574420690594204,0.0505532550638703,0.0495382075292543,0.0496905780515666,0.0565650961347605,0.1008692334620393,0.0660965920400231,0.0531034808698605,0.0581678040175503,0.0485033214079084,0.0533969015743904,0.0778714087015597,0.061074193347026,0.0564987691064438,0.0588462671648928,0.0596148957270008,0.0564446950217236,0.0537829800669049,0.0632414278404516,0.0504621905484512,0.0570942633660127,0.0563463572150508,0.0577044863179079,0.055606490504811,0.0569375341794433,0.0528901573063294,0.0583850976259281,0.0600417010212606,0.0525288817209883,0.0552406619575869,0.0647806553136645,0.0587143708594455,0.0444156289238337,0.04216461454343,0.0553350844384743,0.0431900615219831,0.0461292938922417,0.0514825165837278,0.0506593197311486,0.1503346344722631,0.1144969120903978,0.0529941396018172,0.0563042234427246,0.0587351724082783,0.0491846684530754,0.0519916027331071,0.0618957142588794,0.0702377344992521,0.0479013020610361,0.0421954296390829,0.0436569097110295,0.0467273124841343,0.0472363008663716,0.0451692408552322,0.0478083329664738,0.0461861786354447,0.0441108774642868,0.0427499167828973,0.0441028074002574,0.0421305138648886,0.044913126916172,0.0444508701814223,0.0442802060187146,0.0464264400058,0.0461630017555068,0.0431255985019429,0.0601700349739573,0.0665643560993745,0.0616342610343174,0.0559157620415744,0.0817621400378509,0.0595433670662233,0.0596281990372107,0.0644808095656488,0.06290009993889,0.0523064784359119,0.0612734256550115,0.0556669613442668,0.0540630738409984,0.0646420842664037,0.058108289574891,0.0486198315729486,0.0645006007787074,0.0556690399049344
326713_16_consensus.txt,0.0586351413288364,0.0701161514095867,0.0688897790149472,0.0546473167694365,0.0694114644027186,0.0724144210234527,0.0548482464702475,0.0707257592764127,0.0733543835759276,0.068359242120076,0.067779861251318,0.0680121593348683,0.059691386330015,0.0679603162644904,0.068756995745872,0.0626378755807568,0.0627331984200125,0.0716169265314814,0.0465563253016112,0.0397920304253496,0.0429259821836431,0.0296325693245345,0.0406354226191103,0.0415130990278012,0.0488874942064061,0.0406501450788372,0.046366853801425,0.0269015461681823,0.0340502718874624,0.0343264017210671,0.0375065351935157,0.0334060471135488,0.0379625559402532,0.0292704833273695,0.0377384409219656,0.0446858334329975,0.0557916288041475,0.0547378123916839,0.0527261330260229,0.0609724483985596,0.0582857209849079,0.0551611209279823,0.053094364607146,0.0540632728659353,0.0542549996535228,0.0597422714231798,0.0586741020679868,0.0530142091539023,0.0538348664051007,0.0565488676451106,0.0562986623769159,0.0595509097525974,0.057201919399775,0.0541718188464397,0.0020667354564807,0.0028947341396881,0.0053116273343167,0.0041930181639546,0.004448481896949,0.0037650131328215,0.0,0.00287658430135,0.0049991507005398,0.0045809638402491,0.0043300325770916,0.0037614568498671,0.001873523553713,0.003217569212814,0.0058182873864796,0.0041115850247521,0.0042255358791525,0.0034557917705813,0.0536425735391574,0.0657895643797079,0.062765195181111,0.0473240571273443,0.0441906424786688,0.0523837755219567,0.0531184567360512,0.0560994226808171,0.0571576447476802,0.0529742732285605,0.038094295896208,0.045704509713639,0.0556578687392752,0.0744620274828182,0.0673055264793047,0.0401488894083668,0.0448630777364806,0.0522881499873699,0.0582277089722387,0.0529791204982545,0.0487093301924304,0.0427658530205246,0.0432753039084152,0.0414440393038466,0.051255140665634,0.0449123811579958,0.0437145930119635,0.0427385112418958,0.0484774273618366,0.0938121947603098,0.0578081194578379,0.0449950503720701,0.049689028286739,0.0420175807250604,0.0471367077356239,0.0716570468733532,0.0574194740170357,0.0524963702848744,0.0560200484023258,0.0556472964797345,0.052794957129219,0.0507757203600469,0.0599488207535934,0.0479225163722922,0.0555032353636733,0.0512948231032002,0.0543045256146283,0.0518891732486066,0.0529717446019564,0.0489468508937003,0.0552313193237923,0.0557697996277903,0.0492239573312733,0.0526748612458973,0.0617945506968391,0.0540057644196041,0.0415001674967649,0.0380481637039888,0.0537355576920326,0.0387341591094205,0.0446073823209367,0.0483337745204393,0.046814072365624,0.1457167982763403,0.112672554018097,0.048960319429212,0.0518735433197097,0.0531686822281551,0.0446594716432109,0.0462088020496116,0.0577587811572133,0.0657857550679708,0.0465570978233644,0.0418575715464832,0.0425586939487647,0.0464428562014873,0.0464019518663914,0.0443732577888242,0.0458850742117675,0.0448207206647488,0.043203457421777,0.042853892138325,0.043999594201102,0.0410288077950085,0.0430602343127306,0.0425634638182028,0.0429201240988801,0.0459028642932271,0.0458685447826576,0.042555104992787,0.0569695230262023,0.0624376173197402,0.0591166190756116,0.0535983174212502,0.0758015989844897,0.057329397183544,0.0558531250151252,0.0610992537959367,0.0573049809707919,0.0510252601146961,0.0562166974983302,0.0536176748057695,0.0499796826677396,0.0604606664164721,0.0536823545990028,0.0474224439313308,0.0620074431258164,0.0538342140800418
326713_17_consensus.txt,0.0592748781436869,0.0699655686582421,0.0688031970578215,0.0546276758426031,0.0692947786045126,0.0729390112776284,0.0551667960889119,0.0710089902782735,0.0733162145500259,0.0685990883043317,0.067319315762333,0.0687587677995242,0.0597358722934115,0.0689265442811031,0.0687393863638172,0.0631599375655822,0.0631514142569242,0.0720103193817482,0.0460765277315147,0.0389239710813509,0.0426855289039727,0.0286153316113821,0.0394296606231048,0.0405535957160081,0.0479923602673135,0.0392180484625237,0.0456020509344261,0.0262943186576407,0.0337090893650939,0.0338410869938856,0.0372389995800723,0.0327170295768342,0.0380142331979813,0.0284207191235585,0.0368968938337035,0.0445921932716819,0.0544874240211248,0.0535340654202753,0.0517116182326695,0.0599363923745981,0.0568991625171326,0.0542328921322035,0.0520053111396148,0.0528999081381043,0.0530212952295148,0.0589951352315614,0.057639645577578,0.0524623661571803,0.0528160087152009,0.0552570992476333,0.0556024791242899,0.058427319273143,0.0558806421759721,0.0532288832261924,0.0029584223354142,0.002398254744639,0.0044700343440702,0.0044480023253932,0.0037537531264479,0.0034988676577007,0.00287658430135,0.0,0.0044176877387211,0.0049160917336967,0.003474856969432,0.0034364459634153,0.0028473079151059,0.0022929363693311,0.0048797639636735,0.0045504026312093,0.0034958998304119,0.0033089087903297,0.0532725118447015,0.0657618121641476,0.0633767463236125,0.0475560295840384,0.0440362538740757,0.0521223390952352,0.0531946985811453,0.0551879473928913,0.05583387798145,0.0534498989929259,0.0378894323946985,0.0455078396305328,0.0555630569121126,0.0733962581944709,0.0669174531215901,0.0405578058513276,0.0449479254084739,0.0525982685966104,0.0583853042560633,0.0539609828464211,0.0498210723988634,0.0443587438172983,0.0449467693480638,0.0433754834607285,0.052671701321155,0.0459056496470404,0.0449757449672514,0.044701100958,0.0510725823983806,0.0960895201594622,0.0601527732365756,0.0474550736861312,0.052238714560743,0.0437246517987794,0.0483242862389721,0.0730345763141642,0.0573445222026434,0.0531887127258379,0.0561869477347087,0.0559373560622935,0.0532653621575942,0.0508556011599257,0.0598418139266074,0.0478984896227263,0.0551784346938726,0.0520593391648489,0.0546211790708817,0.0521107597750312,0.0535511053804365,0.0493796897570879,0.0556702935275668,0.0559298717996883,0.0495169910853858,0.0525550604098699,0.0626958874538745,0.0559276290689281,0.042789727136892,0.0397699561186124,0.0543446174406758,0.0404145811858693,0.0449718918566004,0.0499634014363392,0.048083708532685,0.1482366452515622,0.1140446609936471,0.0506384386662315,0.0538315075307966,0.0556183743748039,0.0463722224521934,0.0486243181890193,0.0596821285370525,0.0678803537289445,0.0467550062433135,0.0419252637564238,0.0429057419209035,0.046898915748395,0.0470490229486886,0.0446941784546321,0.0465464468812264,0.0455676433970761,0.0435900086822913,0.0431269007548404,0.0440095389032393,0.0416778599614042,0.0437214439749213,0.0430986162199751,0.0433992196972203,0.04632540504935,0.0461894101992328,0.042811124873376,0.0576134075504715,0.063413384951561,0.0594259253129543,0.0539473002254888,0.0773533416194354,0.057313912125509,0.0568257901141757,0.06300191184393,0.0585621358928554,0.0512281614730358,0.0574234070882617,0.0543979834803725,0.0511555284040738,0.0609356458666905,0.055112693847465,0.0475814490371044,0.0630452721383187,0.0541436735920202
326713_18_consensus.txt,0.0610555744740128,0.0707308079707029,0.0678862023970197,0.0560921297009109,0.0687083776265771,0.0739079467232857,0.056930757997037,0.0725665645853137,0.0731267693196748,0.0701295447046419,0.067416425368024,0.0691302412980992,0.0605633069863591,0.0700943578474539,0.0687345290741552,0.0653877358328101,0.0645925294106719,0.0722799987548832,0.0458687738038436,0.0396140981013246,0.0423165469010955,0.0305118076399226,0.0400219955014478,0.0405562299088924,0.0477112348240957,0.0391102392989006,0.0443852090982019,0.0299098202337342,0.0340819335283306,0.0345234274041814,0.0378419705678494,0.0338412357464354,0.0384881099580214,0.030269831702828,0.0368582289543519,0.0447849862227851,0.0538912474254065,0.0536020112895023,0.0517174582074329,0.0605814321326452,0.0565039698937939,0.0546595841335761,0.0513966169152002,0.0528801611474811,0.0524571404443392,0.0598195101701319,0.0580444873926664,0.0532931560900351,0.0530327293255084,0.0559347674022046,0.0566644555644746,0.0588299785696895,0.0556051670261181,0.0535462542308451,0.0050171339701492,0.0042046935898367,0.0033081879433805,0.0068941575277099,0.0046898396149401,0.0042411601271048,0.0049991507005398,0.0044176877387211,0.0,0.006934832590459,0.0046206827235453,0.0038443145893758,0.0045576237709807,0.0040403495917118,0.003277268824835,0.0067844818415583,0.0044047518129701,0.0039546415213242,0.0524044206857272,0.0640630917788289,0.062353881022152,0.0467741885016597,0.043879343192728,0.0504244106232327,0.0518083591083078,0.0526091730926383,0.0527418085814286,0.053340151464261,0.0367717068168502,0.0445141848986319,0.0532375351810987,0.0687656618135772,0.0641330867691225,0.039985942986803,0.0446206551969741,0.0525001941384184,0.0594036596268496,0.0568063273834411,0.0525224556198047,0.0498635892581527,0.0505243746607435,0.0483744027593733,0.0555587752268644,0.0506469568648375,0.0492749125309623,0.0499961289765167,0.0559634637299826,0.0998539310008324,0.0635836619710144,0.0526376480135404,0.0568231674249446,0.048625447716847,0.0523985538831111,0.0737514650813331,0.0598250368419126,0.0564623152105632,0.0594795436457715,0.0580406556529524,0.0560058676831278,0.0546773194626908,0.0621325380320403,0.0500840813872169,0.0581061807571625,0.0558605408596042,0.0596714169687793,0.0571591393168162,0.056776914980956,0.0536199689606329,0.0594242520686139,0.0590610061541694,0.052907920602637,0.05582956998275,0.0649077590437645,0.060406680467663,0.0450368347917198,0.0443519268116778,0.0563918575228878,0.0432155904170308,0.0471738495976783,0.0534640439975886,0.0514008020486276,0.1517300047519629,0.1137347658242173,0.0544298915098853,0.0583640714322699,0.0595559293681242,0.0501794556316879,0.053663217056016,0.0637095871040038,0.071877712503138,0.0489255926321723,0.0447187525229555,0.0450205253507975,0.0506265959284553,0.0506689146089112,0.0468165309389565,0.0484056147388169,0.0483849316683162,0.0458412890027686,0.0467767240018321,0.047515368818594,0.0442318734187576,0.0454247930342885,0.0459007647225746,0.0455835682687881,0.0505265091918429,0.0498718994202578,0.0452101724946452,0.0621722385419412,0.0669801478303293,0.0645851586288053,0.0604642229250824,0.0808183121794616,0.0617243094646005,0.0606908405076511,0.0673357286217033,0.06313950541207,0.0574715689372533,0.0616096704275435,0.0597733577372201,0.0553399559857563,0.0637244168457318,0.059248037041292,0.0530904300565797,0.0683356285938474,0.0585590964425595
326713_1_consensus.txt,0.0622344022761547,0.0729900037444535,0.0737063591498357,0.0578759351749402,0.0746276385375281,0.0794792408205289,0.058338400930034,0.0756833812364465,0.0791548125397572,0.071898994985494,0.0720671395205743,0.0715766298182432,0.0624218626775379,0.0724767305185309,0.0760220140722829,0.0657385201303322,0.067655938189981,0.0772695388674149,0.0522911873942781,0.0441798380882527,0.0498367106897799,0.0318953658347238,0.0447627386623477,0.0470755269949663,0.0539557680260127,0.0457891720832126,0.0528925782391755,0.0277259309716404,0.0381505195007827,0.0391369070261129,0.0427196451083471,0.0376617789637219,0.0439536344144571,0.0315708923904818,0.0428219762394697,0.050740070992628,0.0500913688167621,0.0499168363021169,0.0473091544842612,0.0519654955225226,0.0504812584768892,0.0487788058195599,0.0486233347116025,0.0497739638437186,0.0484697301438341,0.0511840798813016,0.0505820868173128,0.0466622282252711,0.0477319975483458,0.050492351651334,0.049708687123581,0.0509740751500968,0.049705740539224,0.0477191882628922,0.0048642600490973,0.0039919417946343,0.0066495753506234,0.001946851873428,0.0028900154540787,0.0038087096963339,0.0045809638402491,0.0049160917336967,0.006934832590459,0.0,0.0031215608536054,0.0036360556799213,0.0051370633292702,0.0044449794621836,0.0074087159025602,0.0017346010411856,0.0029704488747102,0.0034410999257188,0.055691523805275,0.0714374724952664,0.0675467091340866,0.047084207718953,0.0446801045190703,0.0551169503942166,0.0572403771684841,0.0587545144986121,0.0593772087181765,0.0534582123040454,0.03806135783572,0.0465153571725709,0.0573609687482132,0.0759039136711798,0.0732442007357283,0.039625254978322,0.0430878796126998,0.0539969515303155,0.0682529583723647,0.0613907952318371,0.0580988498327448,0.050166855532896,0.0501701760732746,0.0494827816447545,0.0602931518153901,0.0523532046167734,0.0521629299234192,0.0511526930101666,0.0584218671059231,0.1034817791713447,0.0696702369662114,0.0543243505070645,0.060844348076996,0.0494974325238626,0.0556076210664162,0.0825595925550635,0.0629617444776267,0.0573542037622019,0.0606513130773507,0.0621535564089574,0.0581038610321593,0.0550270800395358,0.0659537614880694,0.0526400813418739,0.0597063824509671,0.0578092611019807,0.0582343273675824,0.0561819375759933,0.0581963309584949,0.0533797696671856,0.0594609162736157,0.0628006683094302,0.0537606155923153,0.0566096444262891,0.0655812299262184,0.0578028338730973,0.0456597030094609,0.0420335422133195,0.056184854171926,0.0436901299886116,0.0466712302803218,0.0524916309094516,0.0524402369224521,0.1463404087858695,0.1139644295307027,0.0514800428465545,0.0549480672632523,0.0578054674035604,0.0503245499665343,0.050333386292694,0.0606991174039555,0.0695673093676001,0.048209165114418,0.0417714745636601,0.0426925140708043,0.0427177469263195,0.0443085025134211,0.0439138856063214,0.0482766747332155,0.0452286380319071,0.0436871001829324,0.0389240609445726,0.0417635571900332,0.0407372026602796,0.044798057500083,0.0429761823276217,0.0440672652103151,0.0423944181475892,0.0433167343239899,0.0416464989435372,0.0606811747444755,0.0669015762145051,0.0602103279037509,0.0528515125375577,0.0817500479379544,0.0590709148404302,0.0589020924024081,0.0651736025870857,0.0635754351693984,0.0496651708903588,0.062308734747595,0.0560202453016263,0.0545749937109691,0.0663584209118424,0.0574133868242299,0.0464500886632563,0.0659422490785051,0.055195982656377
326713_2_consensus.txt,0.062415519027752,0.0725166341379832,0.0724178690055143,0.0578857099229059,0.0735885515446757,0.0784522283815096,0.058353558359089,0.0751575809227311,0.0782986925116384,0.0720587653258517,0.0708242348377723,0.0719913010252639,0.0622704660974511,0.0730065850498178,0.0746678040147115,0.0667912547139568,0.0675281386437305,0.0768624856908157,0.0483054466541492,0.040754935584566,0.0457687323987512,0.0291490110143213,0.0413077930952852,0.0429538829402273,0.049840789750803,0.040981476737361,0.0483090225888629,0.0264342108293744,0.0350654362312079,0.0358665750774251,0.0394834641657571,0.0340689810865555,0.040356160521652,0.0287560923121992,0.0390945615384108,0.0471402473415976,0.0500051448608935,0.0498408540986181,0.0474131127512649,0.0537102866771261,0.050866196333497,0.0493695013872397,0.0481600922943563,0.049495653507817,0.0481930936296377,0.0530353886928418,0.0517694758911062,0.0477447394055161,0.0480559859805387,0.0510494802780669,0.0509888246676837,0.0523640910349243,0.0500463314702219,0.0483736968932895,0.0042002696894325,0.0029133596971657,0.0045707881355721,0.0032212888903204,0.0019767197191926,0.0029283947074265,0.0043300325770916,0.003474856969432,0.0046206827235453,0.0031215608536054,0.0,0.0025974769690142,0.0042758406159011,0.003088897438074,0.0049379496115609,0.0031392228564683,0.0018754256629787,0.0025529549344307,0.0544635034364544,0.0684065520703862,0.0659635605506423,0.0472238756269192,0.0439038995257901,0.0531694947248917,0.0549765130516375,0.0558270689990543,0.055779884495628,0.0537098731592093,0.036904476122725,0.0456602807966062,0.0555168167800337,0.0718137541901029,0.0692458484284115,0.0394173990522865,0.0439069940468348,0.0533074278328555,0.064385454709444,0.0596640632905076,0.0562163080193274,0.0501816531309202,0.0504131472145452,0.049428668064519,0.058509002579056,0.0512955157005432,0.0513216998263299,0.0511254539731282,0.0582421751747928,0.1017441661485385,0.0683344904233873,0.0541653659599017,0.0601707858744813,0.0492637838972589,0.0542663924910282,0.079681654201674,0.0610148323979036,0.0564240178286699,0.0596386184735493,0.0601880076288781,0.0562472047743431,0.0542392767797395,0.0637178169894134,0.0506245575163131,0.0576897992603022,0.0563852061836902,0.0576394161172322,0.0554593972542836,0.0566562081523276,0.0526077278533945,0.058977038004194,0.0608774306650259,0.052440871936934,0.0554600026207827,0.0650163381490784,0.0593649131379283,0.0452254922838557,0.0430978560405028,0.0558109269706603,0.0433510312141738,0.0463208994605226,0.0524600719415424,0.0512138896272551,0.1474091971416431,0.1123492019957668,0.0526087253049976,0.0567625338596711,0.0591953600402863,0.0501827591229702,0.0525702314873948,0.0624834234164239,0.0716089311122916,0.0476606318423504,0.0419186047019266,0.0427104439436387,0.0449273062964685,0.0461755957829002,0.0442544872811465,0.0473445414983482,0.0457782451459651,0.0436246660530521,0.0409335493562492,0.0430381422326737,0.0415155296559079,0.0441154475802498,0.0437691773355366,0.0442274602043424,0.0445594704103324,0.0451468192666855,0.0419884989880108,0.0602164164726843,0.0659709355421807,0.060954498132518,0.0541256728338819,0.0810115005791987,0.0585846916553451,0.0588116211010678,0.065412218245247,0.0626898460347264,0.0507859276488353,0.0609267871326988,0.0562098241883948,0.0537876011571443,0.0649721096711726,0.0575134445111178,0.0468216046507503,0.0657336961502972,0.0547406829577425
326713_3_consensus.txt,0.0601839669633905,0.0695385832964401,0.0687567540411286,0.0554961545345582,0.0697954247079399,0.0749576784760384,0.0564610602993109,0.0722838638979039,0.0751003819247113,0.0695720791924641,0.0675819661704064,0.0693661600991246,0.0608284508251317,0.0701161014865627,0.0707863123125482,0.0640439267138806,0.0649232638049577,0.0735068631407456,0.0462869862471704,0.0391652819770182,0.0435195440569069,0.028403335552511,0.039482581447988,0.0404083516930375,0.0478809574381191,0.039238828138659,0.0456718760838068,0.0264744044345635,0.0335827877520626,0.033979690463612,0.037659349032646,0.032508727440903,0.0384747661265709,0.028201581966595,0.037475957136098,0.0451528048535561,0.0494926908156472,0.0491953184494882,0.0471314556373014,0.0545419517199983,0.0512727206054917,0.0495889505860693,0.0472960718911963,0.0486839240938223,0.0482173419080123,0.053890977987681,0.0521760930323305,0.0481340400296748,0.0478082130601427,0.0509905417857243,0.051220168496628,0.0530554533152294,0.0503753169645611,0.0486712390873318,0.0040036802969858,0.002837019605713,0.0036757565389944,0.0038867142952359,0.0026291413183576,0.0019567795776751,0.0037614568498671,0.0034364459634153,0.0038443145893758,0.0036360556799213,0.0025974769690142,0.0,0.003895152093273,0.0031826915804478,0.0038838355255705,0.0035867103724651,0.0028035206961636,0.0018734656376437,0.0517471913164087,0.0651189426366372,0.0635322365687782,0.0453685773966796,0.0421151056794899,0.0501195851882503,0.0519134293855891,0.052821823347898,0.0539179089551211,0.0515938276191612,0.0355077840362714,0.0433241514738051,0.0531719566104085,0.069156230731485,0.0662290514254611,0.0381289779549005,0.0423028581539917,0.0510585788540867,0.0619505779041089,0.0575401415704002,0.0537169691088585,0.048697825861053,0.0490017804761482,0.0477840250041268,0.056221722602836,0.0498783632288271,0.0489975305694256,0.0490659638246304,0.0557558265095998,0.1003470077811075,0.0648526565066918,0.0522442496342092,0.0574237103610117,0.0476470615946471,0.0523905674785991,0.0771656642817912,0.0597726659531012,0.0552801371476983,0.0582985763095846,0.0586216029188717,0.055241132090499,0.0530231390092037,0.0616787422053066,0.0493244461178132,0.0562665481025206,0.0551581326025871,0.0572566047440359,0.0548587187456597,0.055741973634908,0.051729982793307,0.057536703972012,0.0594540566370307,0.0516042530103399,0.0543647660925561,0.0647684895951883,0.0590591720619775,0.0446505555686398,0.0421609657655581,0.0554795291203022,0.0428016200827716,0.0460339368683557,0.051796604453786,0.0508499761165586,0.149015623645238,0.1134117380413917,0.0529247607148866,0.0562299759805817,0.0586329289676657,0.0493584237613404,0.0519974665926774,0.0621375187337207,0.0705105996519925,0.0472919469974337,0.0418102454774693,0.0426657910753611,0.0461111003688703,0.0466991460742436,0.0444896181925642,0.0472093321900253,0.0456043087140081,0.0434062636821304,0.0421738800594546,0.0436743992435753,0.0414745772421349,0.0438688322855815,0.0435609171751112,0.0436369222899264,0.0458808759409157,0.0458075758727956,0.0424816198204442,0.0595624845756157,0.0654213141644746,0.0611551731368447,0.0553134408513793,0.080138935782223,0.0581790335800098,0.0583409338630884,0.0642163625607237,0.0619248468281306,0.0517568756637176,0.0601413379248354,0.055650575706621,0.0535311052441507,0.0633775896658557,0.057198720540958,0.0476827401395301,0.0648607392748834,0.0550920245388333
326713_4_consensus.txt,0.0592779987137408,0.0710446011894951,0.0688526283583375,0.0549958093060549,0.0695996009224142,0.0727908274031339,0.0550894641647277,0.0706409347087699,0.073094219743508,0.0684917908822075,0.0677580439195253,0.0685060298974757,0.0596846348443813,0.0686446233083666,0.0685356138018491,0.0631528423925331,0.0633072408937502,0.0716127941363957,0.0454644978243861,0.0389195233628729,0.0418743885873631,0.029144389952739,0.0396853168608881,0.0405016241923279,0.0478024848604228,0.0395356081113824,0.0449298899674897,0.0267726097536247,0.033341662579339,0.0335483856170979,0.0366433588642749,0.0327404121111971,0.0370559348281176,0.0288384316231802,0.0366152601891061,0.0438837834675833,0.0555755241376489,0.0544526893098602,0.0526697441844747,0.0611830497641356,0.0580071390398888,0.0550977864951924,0.0527501441568771,0.0537452169433212,0.0538926631355476,0.0598743229844274,0.0587424925368527,0.0530802033599524,0.053843836371934,0.0563967792102984,0.0564305996069922,0.0596795662768165,0.0570619498309943,0.0540096927541347,0.0019543941979733,0.002887710008931,0.0048617162489099,0.0047378296780795,0.0046023119091689,0.0040764896192362,0.001873523553713,0.0028473079151059,0.0045576237709807,0.0051370633292702,0.0042758406159011,0.003895152093273,0.0,0.0029336114556031,0.005437180997398,0.0047311477415128,0.004289310892938,0.0035530619715835,0.0527250278333832,0.0649083940495085,0.0621781864762862,0.047167131142138,0.0435914368695868,0.0518595946478539,0.0522015253892167,0.0550947746661423,0.0549948939606084,0.0527029214760776,0.0377278489466146,0.0451109533891811,0.0548495791417931,0.0734506580617972,0.0664549369431304,0.0397425493672987,0.0446745108567157,0.0519852498628843,0.0570991962642555,0.0526663601966568,0.0482760820599184,0.043023592407474,0.0437614165020576,0.0416601725002099,0.0510963315858674,0.0449244788912501,0.0437486385506344,0.0429174783629964,0.048871999560947,0.0929786837915882,0.0577478317697375,0.0452814455186594,0.0498023424308105,0.0423852465771323,0.0469957522950936,0.0709064033934945,0.0577107960067513,0.0531702374107263,0.056422527551958,0.0560745476301463,0.0535378351262956,0.0513318216859293,0.0601945091938622,0.0481817966717104,0.0560573010996598,0.0518564957545937,0.0551748279028831,0.0525625217509144,0.0536956850327623,0.049668277195332,0.0561134776418823,0.055914719760044,0.0501094467225016,0.0532757765155977,0.0611604735155069,0.0545065954644563,0.041451956719527,0.0384457467881951,0.0540213806532428,0.0386821815107394,0.0444800961347517,0.0486946432130643,0.0466954329197246,0.1468898495950377,0.112225936778783,0.0490534894812348,0.0523722508065347,0.0534023204611155,0.0448405622900418,0.0467073265404165,0.0579633049405119,0.0667292446579299,0.0463257801771268,0.0418359298686139,0.0427378475165536,0.0472649937775049,0.0472324932644214,0.0446170222525488,0.0454964021245736,0.0450960530933173,0.0434470785031084,0.0436306916171771,0.0445689998918386,0.0415637911077659,0.0427446958678041,0.0426401477079725,0.0430612826981802,0.046763757471675,0.0466304247309246,0.0428539021210294,0.056965566628377,0.062530633723421,0.059393740996283,0.0543048960085954,0.0754613381747599,0.0575944109329746,0.0556997344064766,0.0621888069775513,0.0564999960652379,0.0522007343343204,0.056275011040169,0.0547243397986667,0.0500552983695374,0.0599325985830052,0.0541177676705295,0.0481821106901678,0.0624942762324449,0.0543303980853409
326713_5_consensus.txt,0.0593906057831059,0.0699179499132034,0.0685926070351827,0.0547214829787128,0.0698331636623539,0.0737198618259178,0.0552825120713533,0.0712989877685927,0.0738180700657009,0.0686161750683433,0.067914253427519,0.0688118221942195,0.0598320614827452,0.0687990544695296,0.0690427852334067,0.0637780897744173,0.0630281850869511,0.0721051118078452,0.0454033579542745,0.0383404430965477,0.0420297560585947,0.0280453691435269,0.0386983655615065,0.0401502185228777,0.0473638490497698,0.0384692747203914,0.0446660603941611,0.0256368469734482,0.0330263414413245,0.0334811537424943,0.0369636435959606,0.0318381543725383,0.0374703145124284,0.0276192518540847,0.0361458812341934,0.0441482094680836,0.0525414818310068,0.0517028933855074,0.0499153877939351,0.057715573814101,0.0547089121281354,0.052124797784236,0.0500748498697518,0.0513044159355855,0.0509685440827736,0.0567471690573677,0.0553353218484353,0.0504688416407743,0.0507388338211773,0.0535573138257694,0.0537391339047808,0.0562847944440374,0.0537386392477809,0.0512059629642944,0.0029452578903725,0.0023273056442603,0.0042352408542409,0.0042294325020009,0.0034592770803953,0.003409651997055,0.003217569212814,0.0022929363693311,0.0040403495917118,0.0044449794621836,0.003088897438074,0.0031826915804478,0.0029336114556031,0.0,0.0045984034978996,0.0042477382365229,0.0030117075081523,0.0029495976752391,0.0526225685076102,0.0655514085233397,0.0631535731477344,0.0464819808794043,0.0433232986259248,0.0516029366034205,0.0529779543579413,0.0545972487810679,0.0544753922671397,0.0529072039094451,0.0373209858894769,0.044911882532939,0.0546670423813671,0.0714946840101253,0.0667494363344163,0.0398165165792132,0.044380031921051,0.0521839682183919,0.0584231678098028,0.0544018326300124,0.0503091415640035,0.0452294999124101,0.0456611708838341,0.0440286369188571,0.0530822723512489,0.0466774747004432,0.0458211732920057,0.0456299510761244,0.052022888442222,0.0964287831675143,0.0613812364893942,0.0484208698485906,0.0530573346187779,0.0446126983963317,0.0492263197951858,0.0731482495989501,0.0574225344962524,0.0531069776924946,0.0561501244500668,0.0557556516631043,0.053385602695041,0.0510948515742555,0.0597735013614642,0.0475069690958323,0.055009956839406,0.0520608352725266,0.0546500296667353,0.0524124979393487,0.0533306523624359,0.0494842550573881,0.055786784076087,0.0561604459803621,0.0494722934767377,0.0524869454993082,0.0619400956033988,0.0558415053013039,0.0419043452700771,0.0394766965656625,0.053420980996683,0.0395997694212137,0.0441785173145072,0.0493115198456433,0.0471006952810348,0.1484140981286961,0.111097690009049,0.0498564533905803,0.0535930303564002,0.0551733119136415,0.0461492873481237,0.0484410973592321,0.0594149681644617,0.0674159050226004,0.0456190457084613,0.0410035360030871,0.0417671108791157,0.0457289168298302,0.0460928789084196,0.0435324398695078,0.0455576734319409,0.0446707730187112,0.0423866322235682,0.0419206057871628,0.0429945097537496,0.0409131898955044,0.0425901773553238,0.0425210850963981,0.0423754208752242,0.045368490571148,0.04505263335448,0.0415975224766773,0.0575860352003925,0.063020760752062,0.0597960106844075,0.0538922839038829,0.0777395735365686,0.0573065650569999,0.056837370222686,0.0634918568363271,0.0591138003914659,0.050991322835074,0.0577422446705204,0.054594392023116,0.0510630945079304,0.0613570399541609,0.0551928044670901,0.0473126129876524,0.0630652960481583,0.0536725951288916
326713_6_consensus.txt,0.0613508895643892,0.0696285147484552,0.0669501076716425,0.0565083658052252,0.0677266502934141,0.073866583167315,0.057986536378964,0.0725373294308759,0.0738215377380608,0.0703138656685853,0.0667515747603593,0.070163234505074,0.0619736563375772,0.0709065500133485,0.0693546087355887,0.065177735323517,0.0645194279383041,0.0729016589325395,0.0430916844702533,0.037129792725187,0.040089254619362,0.0282472818202261,0.037076581192057,0.037417336492532,0.0448033025421317,0.036266129246572,0.0418509158306328,0.0282578564497528,0.0321144528838566,0.0321273981165388,0.0351560327930089,0.0310710759649781,0.0362680411830957,0.0282346045852976,0.0349550390002351,0.0418320681172126,0.0510230681007213,0.0509113818241857,0.0491568295343496,0.0582555195946614,0.0539372472383545,0.0524083503915875,0.0486124432345329,0.050266931252783,0.0503529276742398,0.0577394232959527,0.0554136061119869,0.0514544010994608,0.0502748546395599,0.0533921267742449,0.0544004205894763,0.0566789499459083,0.0529186445912017,0.0514410443799233,0.0057095874314399,0.0046731987865467,0.0032694255273453,0.0077681311227779,0.0050227671540197,0.0043457653982645,0.0058182873864796,0.0048797639636735,0.003277268824835,0.0074087159025602,0.0049379496115609,0.0038838355255705,0.005437180997398,0.0045984034978996,0.0,0.0074657805857292,0.0049248396116876,0.0041234999102686,0.048973176337407,0.0612974260898351,0.0595357529090661,0.0439762344831811,0.0410286471077014,0.0454743150044576,0.0478801481864659,0.0491872759352496,0.0513306757441371,0.0495181240541713,0.0335493306065242,0.0413255150124358,0.0495236253871365,0.065066736193394,0.0603005239230531,0.0367198195277476,0.0410164728586632,0.048991676403773,0.0584504758012549,0.0550775151390521,0.0515182963123841,0.0490546082845435,0.0498948360609423,0.0479088780790171,0.0544923378899735,0.0496687809199665,0.048230243593939,0.0491956728835258,0.0552006516461904,0.1000088166558992,0.0622878582227155,0.0521849691938705,0.0563569146945628,0.0477950357586811,0.0515305904582898,0.0738558483844693,0.0584047998600114,0.0557428984330838,0.0584526833133889,0.0569029399830007,0.0549593834368042,0.0533630405820986,0.0601409428541499,0.0491743336805043,0.0563862476332346,0.0551110515244861,0.0586528201586782,0.0562166396482162,0.0554209243248884,0.0529040059400029,0.0584155714009284,0.0584553822778781,0.0518775612992836,0.0546424346944309,0.0675750447409422,0.0618723194575832,0.0469495156591541,0.0448848485340258,0.0577361107518541,0.0452663996620863,0.0482866799101113,0.0545572803504548,0.0529823229171411,0.1501945332970384,0.1170721305850648,0.0557569912174393,0.0586442708605154,0.0612687548719996,0.0512738621835238,0.0551870512562304,0.0645147151892331,0.0728672237238221,0.0503886695327784,0.0456578124227453,0.0465076854256416,0.0520775584163608,0.0519305752318617,0.0482077852296249,0.0501121567625224,0.0498530873647711,0.04662412079273,0.0476382473411618,0.0481973092139611,0.0449280878540907,0.0467798880376566,0.0468701917330651,0.0458229386454966,0.0519163439756038,0.0510662555841747,0.0462214460861325,0.0603536722951831,0.0658887434494595,0.0630875263662424,0.058567960412331,0.0803721362262983,0.0599308942238003,0.0587232512048698,0.0662060327311948,0.0619056705240268,0.055431461975453,0.0596727627812194,0.0572888623737437,0.0537712708697393,0.0620766566449528,0.0580555035958996,0.0509854127046685,0.0673677311810774,0.0569222049372424
326713_7_consensus.txt,0.0622305519157642,0.0736298522307672,0.074160669205745,0.0580340102086269,0.0752973646975903,0.0792653095485569,0.0583400316822571,0.0758277998341245,0.0790428239741025,0.0717754003207931,0.0728216686399152,0.0715950969279308,0.0623728971526489,0.0724193440243556,0.0760005196597335,0.0660505444898067,0.0676870881864042,0.0774261588422895,0.0527117596588029,0.0447003718766207,0.0500986808922423,0.0320995018025946,0.0451976803427482,0.0475484472088219,0.0541609485873344,0.0464123635398463,0.0533814062848332,0.0277535186360253,0.0386303791312467,0.039594662706353,0.0431261355759984,0.0382725125376808,0.0444303925353981,0.0317953445050847,0.0432065075225462,0.0508078983936597,0.0518192966092136,0.0514494684376636,0.0488652638251894,0.0538217724581837,0.052431745859172,0.050583128080448,0.0502467371047847,0.0512213989270016,0.0499720880906613,0.0531013805991751,0.0526079239476526,0.0481162032905828,0.0491969529466658,0.0520121292465223,0.0514014532197677,0.0527205415125138,0.0516423739808908,0.04933776786664,0.0044627581557126,0.0038049975435709,0.0068414836684969,0.0016797379792095,0.0030817308299697,0.0037877106678596,0.0041115850247521,0.0045504026312093,0.0067844818415583,0.0017346010411856,0.0031392228564683,0.0035867103724651,0.0047311477415128,0.0042477382365229,0.0074657805857292,0.0,0.002917980093132,0.003521186116397,0.0573485931583821,0.0728944855395852,0.0691008611826031,0.0485335288167814,0.0462642491200604,0.0571370999887044,0.0591635526018521,0.060359947612504,0.0610965354288639,0.055428311150659,0.0394916730496666,0.0482422490376777,0.0591062343059096,0.0773508589838023,0.0743335609845372,0.0412448934723581,0.0452901761054578,0.0556682749783794,0.068991857788097,0.0615626289726227,0.0583856860880063,0.0500563746698796,0.0499725616177633,0.0494623872343362,0.0607107154698631,0.0523818046952957,0.0522185881726642,0.0511502457616188,0.058306577728965,0.1032819424455624,0.0694461049402956,0.0541101799012775,0.0606865758589441,0.0494234351530273,0.055632888786258,0.0824384821063155,0.0638416865120987,0.0579027662558413,0.0615991739246695,0.063029798379075,0.0587583509485485,0.0560732105189272,0.0668983979783774,0.05336111460237,0.061221034078331,0.05827389614194,0.0588544191599851,0.0567565877661184,0.0590494781316506,0.0536952045414924,0.0601449901289248,0.0634429532824238,0.0543303841343165,0.0574845914661734,0.0648609856108803,0.0576299448704293,0.045201234463601,0.0417510837763881,0.0558199021213283,0.0431329539287457,0.0469234621422316,0.0521197314450541,0.0518326730742382,0.1469174915466808,0.1134571571820846,0.0513589042970235,0.0551358480993879,0.0575555364604465,0.0499038661819657,0.0497744598245111,0.0607617130962969,0.0694969642345153,0.0481005125120335,0.0418916646656768,0.0425352421035221,0.0429973660987643,0.0444453839965177,0.0439396686324684,0.0477924244115754,0.045215188555991,0.0436802517368271,0.0395405051685306,0.042415436142571,0.0411732520942873,0.0448122654142224,0.0433478635553701,0.0447547182772076,0.0425618175927446,0.0435061983169609,0.0419418273805094,0.0605693549863532,0.0669545463457463,0.0604502070510131,0.0532913127624166,0.0813207475820121,0.059072358008545,0.059437803949498,0.0646356377004613,0.0632308686389357,0.049895728717713,0.0617935810189855,0.0561233968063223,0.0545503436353538,0.066755415079168,0.0574970049248584,0.0464611503047631,0.0650352085338497,0.055023957808765
326713_8_consensus.txt,0.0616422706135741,0.0727995927650502,0.0719397186996886,0.0572417666608044,0.0733534735952057,0.0779724995492658,0.0576170769532904,0.0746088464469858,0.0772625542877829,0.0713727455834183,0.0710515995926419,0.0712488759378651,0.0615059628070477,0.0718775161006188,0.0738783702005445,0.066481048890969,0.0670810875866276,0.0762130503052933,0.049782857962251,0.0425221547979965,0.0469099844004361,0.0305188142849344,0.0429723907199832,0.0445142316217443,0.0512993742445351,0.0426622962091567,0.0496084694755172,0.027634457000583,0.0362559739400696,0.0370223567642966,0.040693494674219,0.0357023489611574,0.0414033452995266,0.0300271958598141,0.0400433903894459,0.0482350247993377,0.0507196736577517,0.0506937915817378,0.0481360187866792,0.0543829505066959,0.0517093044375442,0.0501048125399066,0.0489806896002598,0.0503350899388657,0.0489002353127698,0.0536040081545214,0.0524804598839185,0.0482998630646731,0.0489671824902107,0.0519754903503066,0.0517184644169805,0.0530044707482888,0.0508604183605783,0.0490548067246274,0.004215440374562,0.0028280624649079,0.0043235933273928,0.0029552813569866,0.0017561837854573,0.0031204805810052,0.0042255358791525,0.0034958998304119,0.0044047518129701,0.0029704488747102,0.0018754256629787,0.0028035206961636,0.004289310892938,0.0030117075081523,0.0049248396116876,0.002917980093132,0.0,0.0025747581942674,0.0556709634877128,0.0698351652968796,0.0670698927150734,0.0480056668868567,0.0452000611421219,0.0542280110641568,0.0562284445407197,0.0575608027428948,0.0567359158001128,0.0547152320394594,0.0378647529518607,0.0467038450703718,0.0564999094603333,0.0728410648682116,0.0702012315022315,0.0405990498398329,0.0446500919597721,0.054828515533658,0.0657816560010529,0.0604237456512732,0.056692217522694,0.0507126065581262,0.0511225314766639,0.0499586722752791,0.0593080269192896,0.0522051463223123,0.052005772113743,0.051854331666405,0.058812715929319,0.1031182155757779,0.0688012978766998,0.0548323076209094,0.0605950376902333,0.0496284237083806,0.0550082474026076,0.0800651319714802,0.0622060294156376,0.0576771787393823,0.0609939292280827,0.0610555477800227,0.0575180761325828,0.0555852446570357,0.0650375299668564,0.0518736942748141,0.0592706612434641,0.0577429425187183,0.0591570685662548,0.0567900748300349,0.0581614206079752,0.0536468823684401,0.0604008996221878,0.0620933420035845,0.0537348863737285,0.0570254643343277,0.0649960294225522,0.0591150502113242,0.0446073966675246,0.0428805687146809,0.0553782179956341,0.0427707941553183,0.0459322489961575,0.0520707798348318,0.0511499484826734,0.1468546550630174,0.1128821492078433,0.0523594998240053,0.056450396277734,0.0588520712277196,0.0494705808529376,0.0518166329756075,0.0622809440717997,0.0708595011444437,0.0474690150340624,0.0421184104252914,0.0423509541197155,0.0447599667383267,0.0459605775086799,0.0441388435616953,0.047310279310853,0.0456865354447106,0.0437238982592518,0.0408545144313805,0.0432185467407943,0.0415453842817754,0.0442913188093347,0.0436285499759971,0.0442548534800302,0.0446330165743855,0.0451371250746266,0.042067373650104,0.0613327710373141,0.0666701709652546,0.0618723405329486,0.0552855439102284,0.0807755929772175,0.0594127944286544,0.0596557156874935,0.0662601071736048,0.0635183089499857,0.0520279279335635,0.0613986803004928,0.057653229588773,0.0550741896897815,0.0653851438618726,0.0581202082605116,0.0478526150615108,0.0672711148328328,0.0555615288645334
326713_9_consensus.txt,0.0596095860340044,0.070168634771516,0.0689734807782009,0.0549440832808612,0.0699658387334478,0.0747009563351772,0.0556383071647577,0.0720057523690842,0.0750761511155939,0.0694237056647715,0.0680244016804803,0.0693629359696501,0.0605528046002286,0.0694958741952538,0.0706420085694565,0.0640312406087151,0.0646554815852278,0.0731859329542956,0.0462395774196098,0.0393951523282893,0.043497931680128,0.0284205934311563,0.0398006966030486,0.040907384991689,0.0483909257436447,0.0393766622796656,0.0460504554720833,0.026538399035461,0.0335673994807148,0.0339413449976326,0.0378634539423998,0.032707545873202,0.0382451353931747,0.0282429786379267,0.0372346515631853,0.0452477449577424,0.0493433508228271,0.0490434349763173,0.0468490022790426,0.0538628917702599,0.0509204388153401,0.0490468292411758,0.0470603969299947,0.048665912120156,0.047940774119203,0.05303878117686,0.0517057113325387,0.0474226014591341,0.0477577121869412,0.0508072305860087,0.0506072830958457,0.0525770807123526,0.0500198157133189,0.048187873584979,0.0036236127816566,0.002667313796322,0.0038452191642681,0.0036038016591088,0.0024952308809416,0.0019998280114537,0.0034557917705813,0.0033089087903297,0.0039546415213242,0.0034410999257188,0.0025529549344307,0.0018734656376437,0.0035530619715835,0.0029495976752391,0.0041234999102686,0.003521186116397,0.0025747581942674,0.0,0.0526605107806679,0.0656541142788622,0.0640177374400927,0.0457744729182945,0.0425070517357193,0.0506262454424568,0.0525118853412527,0.0540110902169006,0.0541654937249775,0.0520252949009538,0.0358494853253663,0.0439327598062497,0.0540465009271695,0.0698674795600879,0.0665242069390146,0.0384367507672562,0.0428028103214073,0.0517939363386696,0.0605936997544835,0.0562470339218803,0.0522667500049642,0.0473095369990232,0.0477847828575761,0.04639490908745,0.0550039761683036,0.0485329958826286,0.0479735921997805,0.0478251615955018,0.0544062927738568,0.099207880194748,0.0639972831942197,0.0508064974528563,0.0559144727860712,0.0463050764014525,0.0511765224890456,0.0758599840851586,0.058783444729789,0.0544303783866668,0.0577698869300036,0.0576748928096897,0.0542776527977997,0.0523280820408897,0.0611870671057994,0.0484454857137546,0.0554464537958239,0.0542346368131552,0.0560198240944291,0.0537687533711377,0.054719392959976,0.0507044643873006,0.056955858569256,0.0585442221070469,0.0507814448538672,0.0537814927107298,0.0638624081159306,0.0579882976351973,0.043538224868608,0.0413164985917395,0.0541873802393961,0.0417491760737416,0.0453381276806581,0.0506760690171006,0.0494698233795114,0.1472430368194901,0.1126100173636999,0.0517869190634412,0.0550730588291568,0.0576088631484328,0.0480773301307273,0.0507943944668394,0.0611048581636204,0.0693719108136026,0.046360087597054,0.0410895912493334,0.0416970280754878,0.0450381984663588,0.0457426977949939,0.0434613126766691,0.0461280675951352,0.04470543243273,0.0426201623881183,0.0411403742650406,0.0426455821997429,0.04049893286588,0.0431231342132916,0.042684834975553,0.0425717580726754,0.0449402459991645,0.0449022203768949,0.0413883787614537,0.0585931499613288,0.0639762444101492,0.0602445540677614,0.0541268647677979,0.0789899626150543,0.0573631196372268,0.0575852354856074,0.0637233789259239,0.0603396834104499,0.0509180540903919,0.059106460698044,0.0550805894549588,0.052395326248936,0.0623580109119474,0.0561030772907464,0.0466441795821044,0.0644306304172719,0.0538627168091991
326737_10_consensus.txt,0.0716111722476027,0.0728497686165914,0.071746928055786,0.0737864727270425,0.0738133731924621,0.0808276685739803,0.0777944850518483,0.0840900206654433,0.085318839882742,0.0872739214311035,0.0785069259594486,0.0866304385979601,0.0810162937991858,0.0837047978475693,0.08129745075954,0.0720151565903206,0.0748437634930425,0.0827544557357278,0.0341561386304336,0.0340418058633638,0.0370213636558069,0.0369453011766047,0.035463703978408,0.0362296530324712,0.0389593630176072,0.0378199001094117,0.0403442998201386,0.0436371739106515,0.0332983931389119,0.0369693735360137,0.0341037417715597,0.0347744793711521,0.0363349265827457,0.0398280023448114,0.0351636173345415,0.0369268974509493,0.0627318059439101,0.0642815632728925,0.0638847048260737,0.0724628849940591,0.0670607325452614,0.0661629751700898,0.060956566010156,0.0646622901925724,0.0660652578588827,0.0719350851634885,0.067199313777837,0.0670493529936262,0.063537661141102,0.0672548051094175,0.0694492525496244,0.0704784017387094,0.0659053054377318,0.0653564319817459,0.0521120261610192,0.0521696621886684,0.0503952943669601,0.0582507414463826,0.0540195172477666,0.0536570085731238,0.0536425735391574,0.0532725118447015,0.0524044206857272,0.055691523805275,0.0544635034364544,0.0517471913164087,0.0527250278333832,0.0526225685076102,0.048973176337407,0.0573485931583821,0.0556709634877128,0.0526605107806679,0.0,0.0352284494437089,0.0371634706735957,0.0274121351153802,0.0178927129796653,0.0233165915798299,0.0215448469074441,0.0339772585126381,0.046894604970892,0.0203737031367534,0.0185927988579299,0.017360117165321,0.0229163260206926,0.0475962367638338,0.0351372446871947,0.0185056701520158,0.0180060536971922,0.0204582446382213,0.0653012775908532,0.0589945559273328,0.0610711267083292,0.0613706214420908,0.0636397903651069,0.0615571145891937,0.0608762868708208,0.0626442683986363,0.0613435215413691,0.0600796792893278,0.0636340190280524,0.1200047013262644,0.0628082547002808,0.0624478810664692,0.0646600591144395,0.0619142321696637,0.0622059577467695,0.0869221131850626,0.0559099007112751,0.0574485171856906,0.0561492353921044,0.0568295531215019,0.0580665410349645,0.0582547494644245,0.0533226924837384,0.055366317664637,0.0579563662767261,0.0564381990037734,0.0632299205913167,0.0648276659266322,0.0560525665965556,0.061388158535852,0.0576574667278588,0.0595346954587832,0.0591398707770869,0.0550365724558918,0.1003810647040195,0.0713225326240722,0.0789920080433654,0.0661060350256788,0.0857358220126442,0.0724172189502949,0.0772071925652007,0.084337226260323,0.084091096149141,0.1598594843266685,0.141235628841521,0.0726795646330069,0.0667111226898331,0.0751232842937543,0.0777515892239932,0.0730669337338438,0.0750060191065014,0.0825634208713976,0.0844501337501872,0.0799764971774159,0.0815178497182538,0.0881432972974343,0.0865369866494933,0.0826579334099584,0.0865323325815827,0.0869315373746069,0.0791352480574607,0.0810430124653365,0.0760604513522373,0.0724844854784114,0.0739182825376625,0.0740662392362994,0.0690788452897495,0.0882984067828998,0.0850806649260809,0.0786255038965961,0.0626763370743397,0.0707643339801373,0.0715254127343287,0.0635375254341248,0.0887889900878651,0.0638862734507803,0.0609601823755356,0.0835310383865017,0.0731239054800898,0.0699998557102672,0.0706423941196421,0.0624836720532222,0.0576860696453529,0.0654758992875566,0.0647167560487016,0.065544697207506,0.0765622849882516,0.0674739793040437
326737_11_consensus.txt,0.0830724030656613,0.0834109352512424,0.0800215116755431,0.0846481332044408,0.0822782956124568,0.0880935509508704,0.0890901937212422,0.0939401833208224,0.0920823316675427,0.0974173740395416,0.0887562681449871,0.0981284477547177,0.0936363338152039,0.0954783307342879,0.0880605727685113,0.0830178368821972,0.0826914784873515,0.0913892957991429,0.0442950271168625,0.0451743942520677,0.0453385879240988,0.051381855787322,0.0460838033648007,0.0466377914449864,0.0487431690437256,0.0475926151462013,0.048812969606292,0.0605213330166272,0.0444303616087191,0.0480007464858136,0.0452622481057662,0.0467565185332397,0.0473201353468821,0.0545412571740664,0.0451888086183407,0.0462250517393538,0.0782781933029692,0.0795505261614506,0.0797837753295365,0.0902500641795445,0.0846016441075105,0.0832507475862973,0.0758234202081258,0.0798015485940508,0.0823932288601092,0.0895273492094794,0.0847816583281986,0.0832908156139033,0.0799325106029869,0.083643589327556,0.0860631990728508,0.0882620025712705,0.0830200628295028,0.0822245893281374,0.0649822889997917,0.0654238124826811,0.0628575051958595,0.0738624220317731,0.0683884180514828,0.0664437794136763,0.0657895643797079,0.0657618121641476,0.0640630917788289,0.0714374724952664,0.0684065520703862,0.0651189426366372,0.0649083940495085,0.0655514085233397,0.0612974260898351,0.0728944855395852,0.0698351652968796,0.0656541142788622,0.0352284494437089,0.0,0.049424533828386,0.0374438826601668,0.0314711152455915,0.0373247022754661,0.0335793386102025,0.0429800379685234,0.0557673704283816,0.034578565053204,0.0320388214880669,0.0317905466616554,0.0351702675633429,0.0605007647564637,0.0449147340210851,0.0320973613133857,0.0344010656249587,0.0323420858111296,0.0678696028335519,0.0648336166409127,0.0655476575109617,0.0703670267661618,0.0716981687815305,0.0695574191746173,0.0663966231682406,0.0703236506816162,0.0689955889341353,0.0681936156986617,0.0705503530353812,0.1261281136816077,0.0694085755554985,0.0703587078522209,0.0702764938826749,0.0702809401814406,0.0691037437144803,0.0879959250412953,0.063509907164061,0.0668921370566355,0.0660775981632806,0.0644731933079825,0.0676040964944295,0.0692567332189675,0.0616128430577722,0.0646924320349002,0.0686831897304696,0.0665465470386612,0.0748608218147257,0.0766992849334577,0.0655480165188855,0.0718674852848471,0.0686124022287408,0.0681176768223936,0.0706876161616714,0.065028079222114,0.1141617317029499,0.0851910101945625,0.0918051962099015,0.0805898242918017,0.0995753636298211,0.0869349693484968,0.0918334377960876,0.098244929727195,0.0955654263832546,0.1738512641763927,0.1571045925971503,0.0872042129910726,0.0804095607752746,0.0870694511038134,0.0907099979358587,0.0871554845215483,0.0884401750408336,0.0981541893456636,0.096398150449084,0.0932227791155675,0.0952763977377353,0.1042800205479173,0.1019214589273396,0.0963312028858149,0.0988621656275059,0.1005339033912404,0.0920643559297644,0.09761742466537,0.0901252830280201,0.0849632838458536,0.0859339365997486,0.0879276270231175,0.0807938721793313,0.1046912993173814,0.1003776835587189,0.0921930929413861,0.0716499038498321,0.0802608080022269,0.0817942034281706,0.0758820189984552,0.0989116971565229,0.0740019988001838,0.070760123548653,0.0927412505460107,0.081514010542965,0.0827257686278519,0.0795763706225578,0.0720997917405297,0.0645091658108469,0.0750025351329801,0.0746880325874874,0.0790343469055248,0.0854366197559626,0.0775021721226565
326737_12_consensus.txt,0.0827536068270342,0.0837908102946478,0.0809653182260063,0.0844670872279387,0.0840039472850628,0.090017302123317,0.0889446680654408,0.0953214841333993,0.0925491736403385,0.0959023757001684,0.0847866955213447,0.0962542150396306,0.0911765925393401,0.0951514131746309,0.0912904533742917,0.0837678318550674,0.0851848851987453,0.0929299463323314,0.0484349296402761,0.0478892481871104,0.0486998403199283,0.0505352391440929,0.049326807667704,0.050034398002607,0.0510048979808175,0.0496003950495991,0.0520808556990317,0.0565571116201528,0.0465606619153335,0.0493228898645927,0.0463956607787325,0.0482884786447419,0.0474317216168769,0.0523640404214154,0.0485204596606942,0.0495379856354993,0.0786147554800589,0.0798374722778572,0.0789485454197524,0.0886001965595246,0.0838039841443754,0.0821651376465499,0.076499143749988,0.0799462053755988,0.0813748006739221,0.0880040067928966,0.0843740864339119,0.0821965612534807,0.0794298280356446,0.0825941935515421,0.0843156246707019,0.086708345986759,0.0827632597339809,0.0816225262392009,0.0624453988209321,0.0628820598752772,0.0606247273727369,0.0698423065001998,0.0661155135595548,0.0648355395465127,0.062765195181111,0.0633767463236125,0.062353881022152,0.0675467091340866,0.0659635605506423,0.0635322365687782,0.0621781864762862,0.0631535731477344,0.0595357529090661,0.0691008611826031,0.0670698927150734,0.0640177374400927,0.0371634706735957,0.049424533828386,0.0,0.0437027282963518,0.0348585918712212,0.037598846044796,0.0349178043978835,0.0471085638759651,0.0572259675579749,0.0376237143918043,0.0345965695241012,0.0362080858294895,0.0387783511857442,0.0647637139172676,0.0448821198369326,0.0351256359274758,0.0356552762591322,0.0374508140832654,0.0722742226558832,0.0675978653228037,0.068885865642585,0.0693721969982608,0.0708749372272556,0.068981990939787,0.0685551397320116,0.0705402790131008,0.0680313382375139,0.0680691399795767,0.0698489105628077,0.123567801087522,0.0689111549575018,0.0697087764848198,0.07106095143304,0.0695082443051067,0.0696557586794313,0.0931132150158822,0.0646935423678014,0.0674480548574614,0.0660492411213793,0.0656198442566822,0.0665093825399978,0.0673793939712688,0.0633060302612413,0.064866148978429,0.0669015253288023,0.0653076752823169,0.0729360623305357,0.0737920766362361,0.0654342514424097,0.0708011989890549,0.0681571658351485,0.0663840733654366,0.06836104419465,0.064886630342233,0.1116832059831978,0.0847994706082104,0.0887827209927651,0.0772396249147862,0.0976930090250478,0.0824381023265381,0.0887948143066301,0.0952139351697809,0.0938689170411439,0.1652408830033822,0.1548699874562178,0.0849745394061987,0.0801307813465621,0.0874000475250014,0.0871346177730121,0.0845662854762068,0.0884996037002956,0.0965346698718567,0.0989227580579266,0.0948356816061739,0.0971184472412849,0.1057171306977684,0.1031877929339275,0.098787967057432,0.1010831019669318,0.1022892418148408,0.0942140739236689,0.0985359608228071,0.0935493873996948,0.0877628625854525,0.0902859064853176,0.090888874612216,0.0848183384374596,0.10540106184808,0.1026728653851343,0.0937326743531432,0.0777047410052365,0.0827038554528902,0.0848117464331892,0.079171148495412,0.0983669456109526,0.0797928361871758,0.0743897525005712,0.0962223327548654,0.0835565015646482,0.0838210575816829,0.082094005394123,0.0758648858168227,0.0688820499119469,0.0755874378167176,0.0755007917300822,0.080290447668526,0.0903976637659731,0.0817699495300949
326737_13_consensus.txt,0.0671534859888511,0.0687808897007862,0.0686622001922998,0.0696699776182878,0.0727358588727664,0.0788065006919591,0.0729369367296062,0.0820501839444567,0.0822331795214932,0.0818253690581922,0.0779698096395078,0.0819159098790915,0.0771729869260013,0.079548891015829,0.078869371859132,0.0681598114000863,0.0701461405732493,0.0797924681601554,0.0397954374021614,0.0388678023394408,0.0416467590340818,0.0422211888189121,0.0393813724109044,0.041927259281663,0.0451976424029183,0.0452399940319674,0.047244946806348,0.0474283051314259,0.038095487500195,0.0419386748786889,0.0401730736267538,0.0402507628700838,0.043629916133117,0.0452967570789724,0.0394847889572487,0.0417529021596747,0.0590558672862471,0.0609161627568264,0.0590977976608915,0.065184748454282,0.062822714850113,0.0616828602048258,0.0571890689079932,0.0611948703885989,0.0615711662734224,0.0652907208729001,0.0621100378971277,0.0609821639727856,0.059561923026731,0.062479522869725,0.0633377493858686,0.0639709249262079,0.0614845785174615,0.060863904254754,0.0462028380127472,0.0466132603700604,0.0457835855552124,0.0493769795543101,0.0468235552213602,0.0470681043648832,0.0473240571273443,0.0475560295840384,0.0467741885016597,0.047084207718953,0.0472238756269192,0.0453685773966796,0.047167131142138,0.0464819808794043,0.0439762344831811,0.0485335288167814,0.0480056668868567,0.0457744729182945,0.0274121351153802,0.0374438826601668,0.0437027282963518,0.0,0.0215986789943603,0.0296918635571907,0.02830209760425,0.0375672465721343,0.04758612573647,0.0203688819270677,0.0188873882559956,0.0205562717537457,0.0267114050462478,0.0518075606840486,0.043683860706988,0.0174153165748567,0.0185099778502451,0.0224390582183993,0.0662424268655517,0.0574878218989365,0.0602596325038344,0.0603038686850307,0.0603613391827417,0.0591600623856658,0.0605662677624927,0.0621413361084792,0.0603027987363535,0.0587388556854957,0.0624967622272167,0.1194352310422424,0.0646516004612465,0.0612945620487845,0.0632033073289024,0.0600329194861313,0.0613239089110067,0.0861118914903311,0.055850383159826,0.0559089641699239,0.0570741062133386,0.0574086355867295,0.0586935914454009,0.0581217932440578,0.0556778290399098,0.0552392910806238,0.0617136199215453,0.0580319624547076,0.0624992720069927,0.0644778545893114,0.0560697200332445,0.0601762933524119,0.0575109220996896,0.0607677909877404,0.0596570718461979,0.0549284725037653,0.0970608866247584,0.0660293192980319,0.0743006067068563,0.0629947610591097,0.0829650015131555,0.071199416297734,0.0748952957390596,0.0815627113657999,0.0820800996815798,0.1581557877173853,0.1404673822559674,0.0670105802214751,0.0616666818500313,0.0687020734735011,0.0761664244908244,0.0672118132837562,0.0689307433471047,0.0778345934257487,0.0776366057707509,0.0724622495149347,0.0739237668684733,0.0773265555444266,0.0767210935147693,0.0739488549826443,0.0804332569536709,0.0787845792036048,0.071953272916291,0.0711420733636778,0.0665793513583929,0.064130503185666,0.0675849913238995,0.0664272690396217,0.0618402361160317,0.0774517436090818,0.0753920611755623,0.070286188918673,0.0587239465013169,0.0694148606555424,0.0652617421024785,0.0572726514307166,0.0894490446434348,0.0601099446968182,0.0585440345164469,0.0799787788927233,0.071410267651812,0.0640706206309982,0.0704855060902209,0.0588357937915073,0.0538018350951032,0.0673385923814997,0.0626349309523242,0.0605886060396985,0.0709957007782495,0.0618131856216495
326737_14_consensus.txt,0.0648294746837336,0.0665639601587493,0.0678591805854562,0.0673008507831793,0.0703189129777808,0.0764119572083119,0.0707221544487275,0.0769430627185387,0.0814511720916675,0.0808287078508618,0.0730243912262285,0.0806845932929842,0.0743257189103712,0.0790496376971674,0.0776093462758868,0.0664067274941748,0.0693283587896882,0.0782509356989678,0.0303399380064837,0.029729446729072,0.0326263507100446,0.0297185378571338,0.0307117481970351,0.0320531300373856,0.0343216856304868,0.0318541980853286,0.0361095911825133,0.0346409344043232,0.0270242519780277,0.03106194636623,0.0291865808527953,0.0284668691440526,0.0304096150841877,0.0318279220546386,0.0303094577088938,0.0320004828896847,0.0519121025204736,0.0538264447912135,0.0531497810867875,0.059556523793474,0.0547768632692733,0.0545091822823646,0.050659137621885,0.0545021590053194,0.054544293535744,0.0587647907941768,0.0549655003892661,0.054529653992926,0.0521760952318386,0.0562955247011585,0.0570551572409154,0.0577069286084466,0.0538811835343917,0.0537214692439906,0.042723064651807,0.0428486725755368,0.0420491421119875,0.0472672977910173,0.0435504697162638,0.0438931179146351,0.0441906424786688,0.0440362538740757,0.043879343192728,0.0446801045190703,0.0439038995257901,0.0421151056794899,0.0435914368695868,0.0433232986259248,0.0410286471077014,0.0462642491200604,0.0452000611421219,0.0425070517357193,0.0178927129796653,0.0314711152455915,0.0348585918712212,0.0215986789943603,0.0,0.0207266353495398,0.0193497765608485,0.031943685136297,0.0404454328402339,0.0165853812801213,0.011960048439402,0.0140766513192618,0.0194233296296317,0.0435108800584185,0.032997524293763,0.013046354384139,0.0129205246286216,0.017070627219403,0.0600730646840839,0.0531860076763646,0.0554181086030372,0.053952283378539,0.0550233688057133,0.0539221705598995,0.0541785672931425,0.0552388730204107,0.0546075290919931,0.0526852375167807,0.0572287295308084,0.1117506070672984,0.0586378143083603,0.0560346620132641,0.0587982424243129,0.053719521973397,0.0555077551432869,0.0822394666580574,0.0491144084566954,0.0500091034720009,0.049644731932716,0.0511505136415797,0.0507942337372986,0.0512097299480247,0.047450599383783,0.0479101590202448,0.0502726259378274,0.0496840839516243,0.0549346696254815,0.0562014954013507,0.0486762138265737,0.0529114525953051,0.0505891099535844,0.0536284197140402,0.0514790606628707,0.0478711419002886,0.0946275748814953,0.0671732639753415,0.0725437932645114,0.0592876136865729,0.079155836529364,0.0669502191659061,0.071392565640779,0.0777831679900504,0.0781751995455115,0.151792698552633,0.1344527988934594,0.065907301663957,0.0611095973420363,0.0696054980243641,0.0712258924949811,0.0668277656473579,0.0707945829842957,0.0804939490533938,0.0748025365120774,0.0703632405359231,0.0710555525584997,0.0760476412199668,0.0753358671821402,0.07228060342947,0.0765916516777851,0.0764300472790253,0.0696279313887657,0.0692917185766592,0.065160914038362,0.0619876010553266,0.0644821142369895,0.0651141397814445,0.0606002120853395,0.0765695521554779,0.0743329344097603,0.0679142222831261,0.0534305342140486,0.0620004954895705,0.0626973560822703,0.0520852652992465,0.0805190764545757,0.0537979416355414,0.0513144734380803,0.07361657189068,0.0649831176408417,0.0573183877249032,0.0637367773720507,0.052573211690694,0.0486008585550701,0.0577794249858722,0.0559216285268426,0.0528356530317157,0.0689810061988911,0.0571756242021246
326737_15_consensus.txt,0.0728915338752758,0.0728240293357425,0.0720006426602513,0.0739548369418212,0.0726261618122148,0.081161827066543,0.0784764370291197,0.0844309055839618,0.0858734103463909,0.0863899553591656,0.0742827437486113,0.0880466785350408,0.08247442480193,0.0848569427519851,0.0811654050308847,0.0736890380678012,0.0757430403863486,0.0834011846582276,0.0358884996351411,0.0362280663369976,0.0376534038503955,0.0377644809858779,0.0371247945810688,0.0363456896672484,0.0405200371784575,0.0367565051717164,0.0402324408979204,0.0454784840914967,0.0343552456050257,0.0363114430324671,0.0341306786056208,0.0348003565883683,0.0361595293481133,0.0400484984175131,0.0372876338168968,0.0375323280907693,0.0604373306061303,0.0622110743010271,0.061363862408009,0.0714779871189765,0.0656091351437817,0.0648764716421892,0.0579395950305379,0.0625820515324235,0.0646110608697609,0.0708920132239363,0.0662725550152023,0.0659093065908118,0.0619166853253059,0.0661895740252056,0.0678958090493617,0.0696645487764273,0.0643891675327417,0.0643449819448731,0.0517419738080446,0.0512665271147128,0.0475171735156427,0.0580068556243489,0.0521509961288524,0.0514532605191764,0.0523837755219567,0.0521223390952352,0.0504244106232327,0.0551169503942166,0.0531694947248917,0.0501195851882503,0.0518595946478539,0.0516029366034205,0.0454743150044576,0.0571370999887044,0.0542280110641568,0.0506262454424568,0.0233165915798299,0.0373247022754661,0.037598846044796,0.0296918635571907,0.0207266353495398,0.0,0.0216845783649848,0.0338413097427201,0.0452869781522924,0.0231610063766671,0.0194352738268559,0.0196750714926201,0.0246810478287597,0.0484669932172749,0.033514376689979,0.0205329040254538,0.0198017659011258,0.0237299837609281,0.0610509327309172,0.0581143048275478,0.0596148462060313,0.0618135347786186,0.0640636531469098,0.0618814421235995,0.0591025258985808,0.0619461886852885,0.0599507680722073,0.0603708894553083,0.0637412398319021,0.119965233905531,0.0629913673095945,0.063430698940099,0.0649245202980068,0.061211891442598,0.0615128410567331,0.0838105193482343,0.0556925578177045,0.0588468828377974,0.0580490976192882,0.0571674036021434,0.0578449566479353,0.0582608414737499,0.0532516422547786,0.055630997093595,0.0562070012196489,0.0586652710669319,0.065120734967297,0.0654294858203066,0.0564037664200611,0.0623735602035653,0.0595399632096453,0.0610105207167865,0.0588974429511592,0.0562666463877743,0.1067879437102954,0.0802186327207641,0.0826655113011867,0.0711064780005479,0.0896678223077049,0.0778840681115138,0.0819614571436577,0.087596627769189,0.0867673217462092,0.1630903095433105,0.1510787267610229,0.0798942702169451,0.0741810545951189,0.0833960465270884,0.0811370943351947,0.080856942792999,0.0837586082414407,0.0926369141965572,0.0856999705406167,0.0803917242259322,0.0826653721801697,0.0901154829116777,0.0883252600351243,0.0838510915529155,0.08676507443786,0.0874616929444283,0.0794928185445087,0.082570563895981,0.0773535100364029,0.0727218740838226,0.0761511719890837,0.0764060961254635,0.0694885411442189,0.0910665920334565,0.0873717939770735,0.0793594899984579,0.0674822106229102,0.0757689502041989,0.0762271715972424,0.0689937346159599,0.0932255479029686,0.0690761696549877,0.0654470133752189,0.0844915065154676,0.0758384856750424,0.0736379784067846,0.0736104611092827,0.0652230354428002,0.0619170520096279,0.0669032289854598,0.0686731660381552,0.0687679562542342,0.0835072348705914,0.0709945822180166
326737_16_consensus.txt,0.0699443037136484,0.0714514050585526,0.0689167532425969,0.0735652372501212,0.0711051287327757,0.0795855550401265,0.0774254905337086,0.0827628504828856,0.0837860458172814,0.0856709530145742,0.0738321994898516,0.0856943504145828,0.080497631213281,0.0839822143209376,0.0794856173956084,0.0705587194726966,0.0730767332257089,0.0810567541554823,0.0299818260461313,0.0307463066446329,0.032471884738972,0.0349767139403809,0.0327920465939763,0.0318507686656968,0.0338795079225198,0.0330519369330888,0.0340640574851809,0.043354127409561,0.0302603042950542,0.0326747314577424,0.0296354913651377,0.0313049180793436,0.0312605896039182,0.0376506192588639,0.0316513009276802,0.0325877834195598,0.062385186373481,0.0636570746742393,0.0631157071495565,0.0734889049352656,0.0673828740034956,0.0664704249439598,0.0599689253594597,0.0640227037220055,0.0659791578543904,0.0726528230931222,0.0682750553869899,0.0674967785023366,0.0637991250265193,0.067654375458547,0.0695834134536932,0.0711875883872918,0.0659195975104163,0.0657354434363082,0.0524266057755138,0.0520256390656603,0.0495226180977397,0.0601630674309605,0.0544436133355263,0.053878199156415,0.0531184567360512,0.0531946985811453,0.0518083591083078,0.0572403771684841,0.0549765130516375,0.0519134293855891,0.0522015253892167,0.0529779543579413,0.0478801481864659,0.0591635526018521,0.0562284445407197,0.0525118853412527,0.0215448469074441,0.0335793386102025,0.0349178043978835,0.02830209760425,0.0193497765608485,0.0216845783649848,0.0,0.0320076325567919,0.0462278058240253,0.0202805220939463,0.0178960289862253,0.0187346946455715,0.0210159735422479,0.048083832369187,0.0320180552731166,0.0185553698039049,0.0185824753050329,0.0205530700682148,0.0581238016329583,0.0538749330976005,0.0557327146281441,0.0582708568756249,0.0605092899670332,0.0582019260790911,0.0544681579138854,0.058282248604736,0.0564204094859297,0.0564258059330677,0.0588763784103569,0.1149458248182293,0.0573446966139972,0.0590480742692198,0.0598755428128274,0.0580992711189303,0.0574634216049991,0.081385524845408,0.0508461399254969,0.0541361618375102,0.0525377894371787,0.052609814089382,0.0533286257512086,0.0545929247885945,0.0482874477381489,0.0522360404808104,0.0537459739112895,0.0533006762294112,0.0610352821471673,0.0622998279120796,0.0519009901053237,0.0590307034163615,0.0554355759793319,0.0556562734655923,0.0565267424842739,0.0518827243627137,0.1030842975534156,0.0742341056944413,0.0794332574322043,0.0675473320872583,0.0876583386282616,0.0740088930527935,0.0786583933252327,0.0856097521849035,0.0855372673356029,0.1601253779385754,0.1467542172984828,0.0743452720767345,0.0677907424092421,0.0761444755439466,0.0782818195141183,0.0756072894368022,0.0772161973936818,0.0873258506970362,0.0859503210550842,0.0806103310210009,0.0834517967355301,0.0922659291281604,0.0900832101946198,0.0852175609594816,0.0870504130293525,0.0886993197137275,0.0808238237108494,0.0847682891813894,0.0780312579945885,0.0729857390537809,0.0747118411857092,0.0758681199318394,0.0690034636112182,0.0928550353915111,0.0891258364241585,0.0805146546057002,0.0625301765666677,0.0702394855387309,0.071877951802497,0.0647711571094129,0.0878008273631607,0.0647496450897353,0.0600797731524229,0.0824650342465673,0.0716438482660208,0.0720722651850227,0.0695732544096481,0.063730592064835,0.05635558883161,0.0621548173265633,0.0648949892005132,0.0666763636064411,0.0785908963885146,0.0678245408806192
326737_17_consensus.txt,0.0845618610378142,0.0824711257437247,0.0811573746041158,0.0835294155046915,0.0821431794515872,0.0909043608512956,0.0881460158766236,0.0950841594769613,0.0933639089058173,0.0966492104482181,0.0826704983558226,0.098283946824055,0.0919111250404878,0.0968683123972891,0.0908866380760589,0.0831303038291313,0.0844753272129237,0.0948817505351655,0.0445587979685431,0.0430982101345556,0.0468473926531594,0.0454798248727863,0.0432544511522836,0.0435947920522092,0.0478182855973736,0.0442172904660509,0.0468505289164093,0.0528448260278207,0.0428852290907482,0.0449636567235911,0.0440246236989114,0.0417821997334311,0.0460907316580163,0.0473079412037575,0.0457217264283844,0.0475763880374655,0.0659343432370658,0.066685981650667,0.0665883236627085,0.0776167123381634,0.0721141136226597,0.0714418569792876,0.0640584105900341,0.066484685357568,0.0696647420910281,0.077858813259664,0.0732264364935577,0.0724393762685817,0.0670941666533098,0.0702557735291549,0.0735116472835963,0.0756430672696026,0.0706310495969457,0.0701149972528867,0.0555635966782714,0.0545651342712298,0.0508309041063963,0.0618377382227182,0.0560914281376145,0.0541150801691614,0.0560994226808171,0.0551879473928913,0.0526091730926383,0.0587545144986121,0.0558270689990543,0.052821823347898,0.0550947746661423,0.0545972487810679,0.0491872759352496,0.060359947612504,0.0575608027428948,0.0540110902169006,0.0339772585126381,0.0429800379685234,0.0471085638759651,0.0375672465721343,0.031943685136297,0.0338413097427201,0.0320076325567919,0.0,0.0490733430616838,0.03464615923939,0.0288973373745102,0.0300829769909212,0.0350698481804165,0.0540539127509038,0.0430306537782874,0.0300310737958149,0.0313632677233606,0.0334432601242848,0.0733698901972967,0.0698090660518682,0.0707110489911295,0.073369370230389,0.0749958003026023,0.0723445986025108,0.0718398478244122,0.0735016001031292,0.0703167853861943,0.0715781741161114,0.0754617169563216,0.1284624968574172,0.0758771637028825,0.0745802698645672,0.0755518952204674,0.0730488550482419,0.0732586394196435,0.094537337613759,0.0707523730404489,0.0721238853790398,0.0709528385626683,0.0707774278963944,0.0709740010654069,0.0717509060071757,0.0676846936827866,0.067129524773259,0.0699563736367174,0.0719313322245893,0.0785595326442738,0.0786016623391292,0.0691774890407508,0.0751548952933758,0.0720071357292901,0.0738508838167852,0.07344785421561,0.068298101617235,0.1039759058373679,0.0873895907525543,0.0848642272585564,0.0753758270035227,0.091669843188904,0.0809376343394445,0.081800890687762,0.0910692053846764,0.089832851788949,0.1749879978364621,0.1518729614275367,0.0850654636353995,0.0807872625497001,0.0883585280563101,0.0854342033733779,0.0868117597792537,0.0876002904083046,0.0966402660068448,0.0933931237002356,0.0878224187328307,0.0908928294387338,0.0992844124536773,0.0969890203668697,0.0922348304242701,0.0953710285504643,0.0957880875366496,0.0880365838628414,0.0925741722432871,0.0873640035206202,0.0833565861783318,0.0844499418694315,0.086087894397167,0.0801996949541097,0.099622366492813,0.0952353864150348,0.0888263809966867,0.0746798002720012,0.0812853456072595,0.0824840133172868,0.0791772128111283,0.1019507730048268,0.0762719760693908,0.0737573233279489,0.0921305680533581,0.0827643177696844,0.0802740256758536,0.0822608489071567,0.072124650549636,0.0700974634607902,0.0776446140863003,0.0757781414010896,0.0760708178307112,0.0851866449957992,0.0788407412479541
326737_18_consensus.txt,0.0875476072366669,0.089842141997539,0.0875360733308676,0.0856192704654903,0.0889066343368689,0.0963551215133673,0.0874666385433204,0.0955925468816971,0.0976515091361465,0.0978851556798261,0.0911776135083695,0.1003859668724471,0.0917851522770716,0.098824995104092,0.0951461997798333,0.0899885497161827,0.0904559086118954,0.0981729067625218,0.0579021555701988,0.0571899290271762,0.0570353847486568,0.0540623865296447,0.0570217013866587,0.0563538570639607,0.0610786483939778,0.0542022566479314,0.0579757340954483,0.0604524533550714,0.0533833570664388,0.0552910357511224,0.0562964003317105,0.052076925027964,0.0548577503509601,0.055425869398026,0.0553572527404284,0.0612324332091009,0.0676187639446519,0.0694021961251767,0.069495820033028,0.0779605817661588,0.071962954321048,0.0708172560073849,0.0651672369980218,0.0685574847336925,0.069870489927152,0.0771401179492858,0.073432199799007,0.0722800944234158,0.0699007906539748,0.072766548244088,0.074889509147245,0.0764566584890662,0.0710464006521522,0.0709067964629994,0.0551387184061358,0.0545252727192613,0.0511752203783082,0.0616636888749368,0.0557132599768817,0.0554842663941004,0.0571576447476802,0.05583387798145,0.0527418085814286,0.0593772087181765,0.055779884495628,0.0539179089551211,0.0549948939606084,0.0544753922671397,0.0513306757441371,0.0610965354288639,0.0567359158001128,0.0541654937249775,0.046894604970892,0.0557673704283816,0.0572259675579749,0.04758612573647,0.0404454328402339,0.0452869781522924,0.0462278058240253,0.0490733430616838,0.0,0.0494029157428004,0.0397128924739229,0.0415449299588903,0.0484730277021121,0.0616275278344833,0.0545926097176527,0.0420293571848482,0.0445368759908211,0.0493242524507593,0.0776958725800387,0.0788265901641152,0.075315547067384,0.0791005222781038,0.0806869890599113,0.0766841083290224,0.0760654356918468,0.0792111201329373,0.0761371047631662,0.0772513684739255,0.0820936517082833,0.1268925760232662,0.084363099987458,0.0801096042401816,0.0808910531207702,0.0775336747195254,0.0780943650262475,0.0986770858124046,0.0765167716872934,0.0782843358304941,0.0787577390864759,0.0762236993730676,0.077701935590178,0.0773384401099344,0.0748179983151144,0.0705826794926505,0.0753558340920044,0.0765131226731581,0.0840846904492309,0.0819801831658537,0.0763056509795134,0.0792513489126296,0.0807188567094101,0.0785849093290229,0.0780051132542896,0.0766761554911035,0.1033334271470112,0.0945921612879416,0.0833454867750322,0.079926595811381,0.0934371255361465,0.0818565060060416,0.0841896857495276,0.0915604149375788,0.0892862940264782,0.1739938953692874,0.1396917329640485,0.0889892704018091,0.0888102357251225,0.0942069011243527,0.0880931408740819,0.0918154165159705,0.0960651768396632,0.1053691939968262,0.0872740423872784,0.0850706755050438,0.0846333074246885,0.0936638746259603,0.0926755432430566,0.0859816957911414,0.089870849277962,0.0900741741947088,0.0839905983404492,0.0880408322634576,0.0845149036097909,0.0800248313445806,0.0797657100063462,0.0829610685348747,0.0777846478957737,0.0949693520883006,0.0920658691522149,0.082993908441165,0.0809314185444591,0.0867428261340315,0.0904136361053549,0.0856669251473016,0.1023678923539899,0.0824732553060316,0.0770822922324541,0.098529379962593,0.0850274759236064,0.0854957566609764,0.0864044846979323,0.0832199372085238,0.0752012180458896,0.081360742744625,0.0832502042742753,0.0800150027304482,0.0939543731480387,0.0851097043870563
326737_1_consensus.txt,0.0682562696719326,0.0701377658756072,0.0684384401079665,0.0741180915982813,0.0749732037804333,0.079568778979322,0.0768759985843656,0.0847202406191209,0.084323127031733,0.0858557708614533,0.079141028440655,0.0861634819360182,0.0798023953539068,0.083091643818931,0.0817057241467642,0.0678294816879949,0.0711495092111142,0.0815664283239172,0.0324821775885215,0.0325026012738849,0.0355119584633207,0.038848489806603,0.0336022070431027,0.0368423599264975,0.036468811107337,0.0397103817678301,0.0417490865152654,0.0456926917116584,0.0326084668614941,0.0370250731294206,0.032717834030568,0.0359006575047109,0.0367483018830787,0.0426701318933524,0.0342095869864227,0.0334527533774018,0.0633080940233856,0.0659463323554083,0.0643494478608239,0.0710978581427568,0.0676981867881973,0.0668587911735878,0.0618520775691262,0.0667894506626902,0.0675026803176024,0.0706405203423816,0.0668789409128463,0.0668875173477099,0.0646821128807655,0.0680447062650104,0.0691285058687638,0.0694560980036298,0.0662233536714769,0.0657207832615442,0.0518099893052674,0.0521454789871906,0.0512409482287798,0.0560311687224857,0.0527089990393392,0.05328730648987,0.0529742732285605,0.0534498989929259,0.053340151464261,0.0534582123040454,0.0537098731592093,0.0515938276191612,0.0527029214760776,0.0529072039094451,0.0495181240541713,0.055428311150659,0.0547152320394594,0.0520252949009538,0.0203737031367534,0.034578565053204,0.0376237143918043,0.0203688819270677,0.0165853812801213,0.0231610063766671,0.0202805220939463,0.03464615923939,0.0494029157428004,0.0,0.0135348147921661,0.0127973374235672,0.0181988541232707,0.0500425925766307,0.0369332164566333,0.0119479029108884,0.0113692803720146,0.0143980880193304,0.0631623346317766,0.053213884965908,0.0573338819117843,0.0583327444512411,0.0588016426646564,0.0581705185842995,0.0567975111662928,0.0599314642628678,0.0590232560006711,0.0568507906531614,0.059924777733828,0.1187757221070793,0.0597671033482694,0.0596376349092757,0.0615880232017742,0.0581315884901973,0.0591661678925552,0.08508262321822,0.0511956732844822,0.0531958582460383,0.0519244710285882,0.0538633537032113,0.0552215017393642,0.0555860696740886,0.0500694279957709,0.0543192787835149,0.0584640460283516,0.0545336241467175,0.0596415918790578,0.0631718996491956,0.0524728998849743,0.0592044283652786,0.0543665840491591,0.0568465540278424,0.0579849781146357,0.0522034776092876,0.1000431327446502,0.0625552250353784,0.0779120241011028,0.0621113293270045,0.0863776857245088,0.0731288771934188,0.0767964503780085,0.0830873981882778,0.0855975386966232,0.152339388572722,0.1467228487333507,0.0650101044537967,0.0573553804658359,0.0669323026768644,0.0763012059894805,0.0652924904660547,0.0650676824464717,0.0746148503315282,0.0843362604879267,0.078857421714062,0.0813068480581034,0.0850477378596181,0.0838211736536012,0.0813804081547129,0.0867098030666504,0.0864336180283782,0.0787764788685319,0.0778821606147994,0.0718262921587111,0.0687866630171134,0.0731479306780427,0.0712425118090571,0.064951016716833,0.0853533021437655,0.0828655054846354,0.0764010190043658,0.0561077450896903,0.0672221456902111,0.0630627564390806,0.0545053993491677,0.0840220837061958,0.057874298339529,0.0541559737093875,0.0797591742791725,0.0705027987642612,0.0644977944973757,0.0693879838833142,0.0562799919843133,0.0512670548170861,0.0635130797795842,0.0605856277171374,0.0602332410146591,0.0721558477692774,0.0592209336743865
326737_2_consensus.txt,0.0603836517536349,0.063441337146429,0.0631159338059301,0.0634907715793327,0.0664009067013831,0.0728993045865102,0.0654519892227867,0.076277484850979,0.0758717211719695,0.0754246897862973,0.0693042852552334,0.0752939864671491,0.0686008858842699,0.0746942953985172,0.0740287091954119,0.0616402812623855,0.0640287026281898,0.0745459093431879,0.0298628528980087,0.0279759817922418,0.0309246974841341,0.0287979304869931,0.0292860304399456,0.0306930059371515,0.0326496917674647,0.0316891715428369,0.0358705143583186,0.0345158439056536,0.0261000517023655,0.0303163297397315,0.0271749897249522,0.0285832066487214,0.0302535725821417,0.0314402487291065,0.0285103857582527,0.0297917342787155,0.0499628586709022,0.052500688480304,0.0506161385198584,0.0573111514459574,0.0531533849532177,0.0531600852554632,0.0488339329197557,0.0530479655018947,0.0528458533813323,0.0571982445684495,0.0534896730738685,0.0529865270721323,0.0510189412863235,0.054601578168139,0.0555754545180642,0.0556958006485084,0.0522110144034311,0.0517408621556656,0.0370444942791996,0.036606802058805,0.0351031627833542,0.0400549350819137,0.0364537471085935,0.0371675697391333,0.038094295896208,0.0378894323946985,0.0367717068168502,0.03806135783572,0.036904476122725,0.0355077840362714,0.0377278489466146,0.0373209858894769,0.0335493306065242,0.0394916730496666,0.0378647529518607,0.0358494853253663,0.0185927988579299,0.0320388214880669,0.0345965695241012,0.0188873882559956,0.011960048439402,0.0194352738268559,0.0178960289862253,0.0288973373745102,0.0397128924739229,0.0135348147921661,0.0,0.0112387682285817,0.0162513784620381,0.0409983297647471,0.0320822063012116,0.0090053655284991,0.00881256347445,0.0142912963587464,0.0575347628172808,0.0496397210514176,0.0520718947091225,0.0525577975229438,0.0527954323181472,0.0519436278453282,0.0512118683771385,0.0525514496149037,0.0522981050272646,0.0516264278144582,0.0552653698099403,0.1105422370730391,0.0566463557301171,0.0546437160906014,0.0572894788587472,0.051384819491778,0.0529886125529568,0.0778600591288238,0.0487357896343016,0.0498578908422651,0.0504082570630357,0.0512466893605267,0.0503335208699606,0.0510240849834771,0.0481351154037597,0.048344312427301,0.0531899758464078,0.0511597758407891,0.0557309039472118,0.0572933084675968,0.0489701293385458,0.0531419528729708,0.0519111934945124,0.0542592848510983,0.051759506841825,0.0482342251385752,0.0887228927455971,0.0600194218155518,0.0655106925264954,0.0540496790720625,0.0728602378189631,0.0616610379233062,0.0639572742886223,0.0712890706211544,0.0725576443911233,0.1472552398792279,0.1344877571854219,0.0594800556327284,0.0551990618077988,0.0633963333105827,0.0656812160437976,0.0603290855160887,0.0636522405035959,0.073003574218438,0.0691253691762012,0.0637600669677045,0.065166337459793,0.0693392241165371,0.0687798460729105,0.0657637626228018,0.0700401668258576,0.0705435368546076,0.0633251068270626,0.0628754216397968,0.0586183539922133,0.055634883849418,0.0598054908836287,0.0591733869362567,0.0541941111769608,0.0697884615065911,0.0682468226847445,0.0612570252650321,0.054581313734376,0.0632575004924111,0.060653962245853,0.0525665906107448,0.0812685001680701,0.0546806795973218,0.0519558570214853,0.073954918010239,0.0663666039496391,0.0581458990511807,0.0640633286557559,0.0535955660550193,0.048780841060263,0.0592631636791809,0.0574161633580816,0.052811376977969,0.0681289548520824,0.0555450882951742
326737_3_consensus.txt,0.0653339413752407,0.0678442103073262,0.0660881851117514,0.0683011403847473,0.0704819004421422,0.0759003885121103,0.070869310579444,0.0796007156298346,0.079161816732542,0.0804148695413511,0.0729610915656202,0.0808752401222481,0.0748819941340679,0.0784148992044553,0.0761128512437121,0.0654683198873424,0.0682529528641984,0.0771683283819708,0.0315566609480191,0.0302519457970822,0.0331424099426813,0.0344295225584989,0.0313102764637154,0.0330038812041442,0.0353211958310106,0.0357377835894032,0.0382713364247173,0.0408472568118503,0.029559329853833,0.033163331732223,0.0301237342818572,0.0322953768507607,0.0333943116284141,0.037399146997858,0.0311248959921561,0.032960932807371,0.0562811855579257,0.0584626105315155,0.0569968973746046,0.0649339921309,0.0603841032851004,0.0598316334166018,0.0545370222035135,0.0589252457251845,0.0598785744143501,0.064245764148147,0.0602434403113019,0.0601128906542189,0.0577251706310972,0.0612578532600274,0.0626172183514892,0.0626942091457154,0.0591073821758918,0.0590785227771881,0.044535678554153,0.0441749752501268,0.0428421163052092,0.0490914333272627,0.0449013553804755,0.0448367950671961,0.045704509713639,0.0455078396305328,0.0445141848986319,0.0465153571725709,0.0456602807966062,0.0433241514738051,0.0451109533891811,0.044911882532939,0.0413255150124358,0.0482422490376777,0.0467038450703718,0.0439327598062497,0.017360117165321,0.0317905466616554,0.0362080858294895,0.0205562717537457,0.0140766513192618,0.0196750714926201,0.0187346946455715,0.0300829769909212,0.0415449299588903,0.0127973374235672,0.0112387682285817,0.0,0.0172862269090083,0.0424453303008878,0.0335285494785217,0.0113444498798136,0.0108922587172157,0.0135595748093662,0.0599477398379031,0.0542210787517936,0.0558557289765913,0.0578165067568487,0.0586402734709281,0.0569953083361163,0.0560359908422869,0.0588033028475853,0.057569029061983,0.056059001099622,0.0597858277570182,0.1160548640876166,0.0602723443521293,0.0588554051727214,0.0608088133251563,0.0571700202847225,0.0581967185523035,0.0814466172016326,0.0526318086277628,0.053836614811793,0.0527306259096578,0.0539494165637179,0.0549895159090256,0.0555714233687689,0.0509303809970944,0.0522589950126892,0.0569056878607607,0.0545466292957055,0.0604318841393727,0.0628367559530698,0.0532300736578399,0.0586033686908633,0.0555735943687532,0.0564320131764128,0.0568840462343844,0.0525099944656197,0.0927329598961961,0.0624875739231098,0.0710354575560909,0.0589896726814709,0.0792921343581101,0.0666008920151606,0.0700976531255239,0.0761696955470805,0.0781374078435188,0.1553863866807194,0.1365266949785182,0.0634689706034414,0.0578270795388116,0.0662577400725492,0.0707417188331129,0.0637908924924577,0.0653637082738027,0.0747675100125881,0.0777427331297015,0.0725675522407671,0.0743171374575455,0.0796054769338416,0.0785307185247532,0.0752567352589235,0.0796195614767683,0.0793303007200574,0.0724932014409658,0.0727747247702881,0.0677369709448054,0.0640091758218437,0.0675033079374181,0.0666546992628678,0.0608858977074273,0.0802926325742872,0.0774560360862208,0.0710760926643727,0.0559425851631072,0.0644546346214953,0.0628887881870738,0.0559404700722607,0.0826622302857416,0.0572952405151196,0.0543999375440016,0.0763600207394556,0.0679826330943784,0.0632560250806735,0.0662227863353042,0.0561958819219938,0.0508187958712564,0.0609986496872849,0.059555974771742,0.0589773145583825,0.0698221140698338,0.058770243460966
326737_4_consensus.txt,0.0692435015622692,0.0706573247153059,0.0680750397802123,0.0748809805050809,0.0734121454958041,0.0810957122238642,0.0775901002980496,0.0833648893603671,0.0841347276041082,0.0848151539871402,0.0765768155174031,0.0857656094956693,0.0791539299289274,0.0846831786331012,0.0814617548404559,0.0702402623342424,0.072482383804167,0.0812775857320762,0.0315376874804336,0.0323887988067994,0.0342690435113608,0.0384173541941494,0.0337187680288435,0.0356248802807837,0.0352791461653358,0.036442095693804,0.03868878736007,0.0468768096409917,0.0323864847088319,0.0363799552735359,0.0317862615633082,0.0353427734975539,0.0347789416440216,0.0414679495622509,0.0337277340151409,0.0327714611195348,0.0643730026630162,0.0665695783363196,0.0656683421891237,0.0741896289776748,0.0687037163394848,0.0687792711896762,0.062885827119854,0.0672392099461358,0.068108518008489,0.0739352239982604,0.0693405145871999,0.0693746469462546,0.065820174027511,0.0699774014751453,0.0716593693487119,0.0721701639362351,0.0674855825515461,0.0674122411942512,0.0545011825059678,0.0543821342703907,0.0517123076889971,0.0602158584230663,0.0549785422842488,0.055138892052537,0.0556578687392752,0.0555630569121126,0.0532375351810987,0.0573609687482132,0.0555168167800337,0.0531719566104085,0.0548495791417931,0.0546670423813671,0.0495236253871365,0.0591062343059096,0.0564999094603333,0.0540465009271695,0.0229163260206926,0.0351702675633429,0.0387783511857442,0.0267114050462478,0.0194233296296317,0.0246810478287597,0.0210159735422479,0.0350698481804165,0.0484730277021121,0.0181988541232707,0.0162513784620381,0.0172862269090083,0.0,0.047335716291295,0.0355809248015885,0.0170431004656688,0.0165101490920607,0.0187615532962084,0.0633398985234157,0.0572480772478396,0.0604041464919617,0.0641093151131118,0.064752180259811,0.0638305587038523,0.0596595830304007,0.0635411204585985,0.0620317248573316,0.062705868302336,0.065233380754635,0.1207621752736525,0.0629359922419583,0.065022947166117,0.0665667100403313,0.0632450323266704,0.0629191519246212,0.0867607942555981,0.0531983024473001,0.0573384614950516,0.056062363110489,0.0556823266820112,0.0575549858816879,0.0588220885474664,0.0515097312421923,0.0567324520228176,0.0590920496879743,0.057754770537274,0.0643528318992308,0.0670851522644531,0.0556700884240424,0.0630681649411233,0.0589707060440396,0.0596126399112773,0.060425325671134,0.0552145627689286,0.1080231790184447,0.0731746246474767,0.0836404607154408,0.0709758871626169,0.0923067917972941,0.0785186585041843,0.0823536800727495,0.0902626234498544,0.0909457058109595,0.1618085622600773,0.1483143672045512,0.0735642272908583,0.0685634853348524,0.0770349997236925,0.081858429446382,0.0765037974025117,0.0762678350116488,0.0862810489403971,0.0873466811240053,0.0824617513232048,0.08496863820152,0.0911892867201293,0.0900959684852864,0.0854958345520593,0.0890128905105864,0.0906367912887189,0.082370921146694,0.083757492789223,0.0777743532774959,0.0734629392302004,0.0757979970690936,0.0768489557712541,0.0706598863937646,0.0916463566977565,0.088848263809135,0.0809267574691787,0.0662993752350296,0.0747602142096699,0.0743195002198975,0.0658936508693752,0.0918583233001317,0.0669864605113135,0.0636523740563994,0.087296850590123,0.0777425677732095,0.0750338749808827,0.0732614835783538,0.0663428941853414,0.0598260089127995,0.0690751109443255,0.0687010790183775,0.069351014294579,0.0821011919796443,0.0690010242187355
326737_5_consensus.txt,0.0977384577642936,0.0975149555130947,0.096299249948438,0.0988878797497267,0.1011105780025012,0.10869114393304,0.1007423027624421,0.1076031634370791,0.1094107332024121,0.1103736453949029,0.1003126006315211,0.110382872983032,0.1066426009606145,0.1102171655761603,0.1052528012545197,0.1003286659311228,0.0988139765323268,0.1098344955521248,0.0627419133865778,0.0626758234106574,0.06401721112009,0.0642848216265674,0.0626270998738753,0.0630806520181046,0.0670549616759723,0.0617256749971115,0.065840553487166,0.0719171903305433,0.0608455493323356,0.0637967289964445,0.0627082893302031,0.0612382450148576,0.0632711869909981,0.0657138310108287,0.0622743990391123,0.0655823828934485,0.0722953906221866,0.0755463684563633,0.0745805254252207,0.0821419789142581,0.0763182645066855,0.0768368034937436,0.0707399279324363,0.0756295317674045,0.0750529239994168,0.0827068514056756,0.077144533600034,0.0779439483595547,0.0744372075761372,0.079518792787117,0.0802854816732683,0.0799244568075217,0.0751670840468934,0.0766469627185655,0.07241986705165,0.0720231657068461,0.0668646794092735,0.0784854724812769,0.0711963949694594,0.0709331441313505,0.0744620274828182,0.0733962581944709,0.0687656618135772,0.0759039136711798,0.0718137541901029,0.069156230731485,0.0734506580617972,0.0714946840101253,0.065066736193394,0.0773508589838023,0.0728410648682116,0.0698674795600879,0.0475962367638338,0.0605007647564637,0.0647637139172676,0.0518075606840486,0.0435108800584185,0.0484669932172749,0.048083832369187,0.0540539127509038,0.0616275278344833,0.0500425925766307,0.0409983297647471,0.0424453303008878,0.047335716291295,0.0,0.0551520282199726,0.0446132487809487,0.0455634161614035,0.0490626715601392,0.0982714820541179,0.0959863560004894,0.0967027284659334,0.1020245254472094,0.1022514181249096,0.100719571416258,0.0974535273674641,0.1007265501183463,0.0988705268696463,0.0998680882181384,0.1046624577939159,0.1551953621169826,0.1024649006658737,0.1033099710612663,0.103569655806285,0.0997164046300289,0.1012248156217623,0.1186909569770477,0.0901979745292873,0.0923096768909372,0.0916071294667055,0.0910541373690847,0.0916367308632253,0.0937120463478589,0.0878645567744031,0.0856664248243461,0.0895572214532514,0.0920039734211579,0.0993575454576491,0.0996664614708544,0.0908033786452389,0.0963610362591236,0.093943274670317,0.0951732587594254,0.0909196478016376,0.0904373279680363,0.1236714979263471,0.1052230770549611,0.1007894045150799,0.0962859346682112,0.1066871892402057,0.0978639258321321,0.0999067565044127,0.1086241971108883,0.1081866171545211,0.1854183583544717,0.1576570579189997,0.1020830093200775,0.0988156996204354,0.1085171067153103,0.1038191745833536,0.105962427193142,0.1077059761976304,0.1160387644212468,0.1046991959042014,0.1023672582958017,0.1019444091179329,0.1108184860564485,0.1101036634140602,0.1032155496943083,0.1076049153638045,0.1089758081910385,0.1009508608254456,0.1042036890568685,0.1010358312850669,0.0964517838146852,0.0965928850543136,0.0998332448233982,0.0933574060455617,0.111794446021272,0.1090934080919687,0.1006239111124234,0.0976253128348716,0.1024975499510336,0.1078437200993569,0.1001234346585508,0.1211986111800875,0.0932789082731817,0.0934765598238982,0.1127629385189239,0.1063327607023039,0.1026439597904218,0.1035718460674601,0.096914447113253,0.0906671482066414,0.0990363089343144,0.0982919530359387,0.0961508088557838,0.1083598266032952,0.0977085547741145
326737_6_consensus.txt,0.0854270278258999,0.0855666416282208,0.0827454096862787,0.0880355540630049,0.0847230398057794,0.0923197732852676,0.091387833146598,0.0968336364395323,0.0945795977168222,0.0992177368344613,0.0873920413727118,0.1002905585932936,0.0953626502094628,0.0991121321959074,0.0921495992400958,0.0867028772181948,0.0881049306517178,0.0963345040984,0.0444616080030018,0.0462545491454289,0.0459837078089329,0.0488820678916042,0.0466542895123414,0.0467362213781292,0.0483539599062279,0.0452087121202771,0.0475394944841456,0.0577745814661039,0.0438863249649683,0.0471310409585088,0.0445704221937761,0.0448376573575286,0.0444932594111833,0.0512295584238557,0.0449086897090262,0.0465408552640864,0.0744587127857663,0.0763186835800793,0.0765478623314912,0.0877275041372716,0.081162143208247,0.0804272393409863,0.0727663701408598,0.0765799130070679,0.0790182852516263,0.0871774673211671,0.0821387363467058,0.0810520868097572,0.0769651293455826,0.0806605447403683,0.083304013853561,0.0855385555314356,0.0796398691717845,0.0795037795689115,0.0665076229556289,0.0661349321804563,0.0620169847045986,0.0752875067020486,0.068738649062781,0.0678847218993565,0.0673055264793047,0.0669174531215901,0.0641330867691225,0.0732442007357283,0.0692458484284115,0.0662290514254611,0.0664549369431304,0.0667494363344163,0.0603005239230531,0.0743335609845372,0.0702012315022315,0.0665242069390146,0.0351372446871947,0.0449147340210851,0.0448821198369326,0.043683860706988,0.032997524293763,0.033514376689979,0.0320180552731166,0.0430306537782874,0.0545926097176527,0.0369332164566333,0.0320822063012116,0.0335285494785217,0.0355809248015885,0.0551520282199726,0.0,0.0342682724290694,0.0353171751724197,0.037210581161668,0.0735751977078384,0.0703228393338735,0.0719475591691765,0.0761386042863936,0.078447363686334,0.0762262987248973,0.0717532177312367,0.07555904014038,0.0739310583780445,0.074749291881722,0.0764888302521811,0.1303216851272131,0.0733744123081452,0.07681040587308,0.0768682207050623,0.075347448840656,0.074898176156938,0.0961994163335271,0.0669903132229166,0.0727916393845573,0.0717258994439484,0.0677648955893142,0.0691967243214586,0.0720548222481936,0.0642783115856504,0.0671267778715449,0.0702736829434194,0.0702072760249521,0.0783579491690193,0.0788133911090636,0.068632207718748,0.0756915520311238,0.0726776188635804,0.0724747222249027,0.0720832974095353,0.0686668289869691,0.1189050882162101,0.0947604964624435,0.0951963325177596,0.0853415536559145,0.1032100713791237,0.0890669151709104,0.0947485252484474,0.1026129095098138,0.0992561050709808,0.172634304553453,0.1609740508869936,0.0928116482173688,0.0891511546764656,0.0973055188056442,0.0928785510178409,0.0952309056223477,0.0972489899181452,0.1069936656665353,0.0977015847936826,0.0949534722026772,0.0958688785412764,0.1069153995601857,0.1044233169788366,0.0978623113980994,0.0992873184193943,0.1020358281691971,0.0935519740211274,0.0997195821640613,0.0934665493162523,0.0876280420370605,0.0883618012557683,0.0912432892601478,0.0835676897692971,0.1074945243310034,0.1035798659716471,0.0935531937479394,0.0781494723539806,0.0837392468493076,0.0873591989993958,0.0825584666448122,0.0975573252499018,0.0790462414996184,0.0742230588344154,0.0988343715470181,0.0851177640437175,0.0866827304489872,0.0826534830288761,0.0776186063785902,0.0723477088468653,0.0750976743674565,0.0778977719312683,0.0814896953806059,0.0921341196567864,0.0819669014086157
326737_7_consensus.txt,0.0608362196468625,0.0631672713614213,0.0633571180988346,0.0643475284132515,0.0664975103972658,0.0735558597463583,0.0665196866739608,0.0765180417554463,0.0758674213314192,0.0755951298798205,0.0691372240693093,0.0754511145080885,0.0694260752883266,0.0750198556711581,0.0748446783895264,0.0608798411656517,0.0648967326265346,0.0743725806982658,0.0297325666564365,0.0284246822350571,0.0319706308811937,0.0305679211839313,0.0294639349373584,0.0315521965111322,0.0325873396025411,0.0333377152591065,0.0367811409003451,0.0358976756354891,0.0264522013190138,0.0305154994898204,0.0275138095291627,0.0297156488362624,0.0307889400708702,0.0331897504432845,0.0293674268853809,0.0302632763483856,0.0508344052370564,0.0530780803800885,0.0514754892444306,0.0573192120022403,0.0538237562732222,0.0535688917296424,0.0497719835144483,0.0538106149252763,0.0538451368868715,0.0572107894700764,0.0535684776619067,0.0535381425565919,0.0512700516581814,0.054838817222282,0.0558196476871266,0.0557298287106906,0.0525471183328356,0.0525640957986572,0.0393324433265309,0.038618872978164,0.0383812522050277,0.0419046894961487,0.0390739788698111,0.0398639025526668,0.0401488894083668,0.0405578058513276,0.039985942986803,0.039625254978322,0.0394173990522865,0.0381289779549005,0.0397425493672987,0.0398165165792132,0.0367198195277476,0.0412448934723581,0.0405990498398329,0.0384367507672562,0.0185056701520158,0.0320973613133857,0.0351256359274758,0.0174153165748567,0.013046354384139,0.0205329040254538,0.0185553698039049,0.0300310737958149,0.0420293571848482,0.0119479029108884,0.0090053655284991,0.0113444498798136,0.0170431004656688,0.0446132487809487,0.0342682724290694,0.0,0.0081597639102142,0.0136347258558275,0.059716538412271,0.051380183632034,0.0543153895231425,0.0536744339309347,0.0547021105869145,0.0533150836680063,0.0536554132331268,0.0547888536829219,0.0544754987975686,0.0528833781377411,0.0566908166664958,0.1115189900164592,0.0581939839378993,0.0555881908689066,0.0585771340246701,0.053197348235404,0.0551622622550516,0.0815498874938001,0.0488743373698525,0.0502505061102489,0.0497102700970071,0.0512912297431205,0.0508300853782142,0.0510225429716726,0.0486289249353841,0.0494819853490771,0.0530593583708061,0.0508546551391715,0.0560489010226756,0.0575610521850551,0.0489018501412559,0.0541773363508353,0.0516385341147263,0.0543167426006157,0.0524899785403398,0.0484590464505503,0.0912021965213396,0.0605948556578166,0.0687792832087472,0.0563852828207069,0.0770570869812408,0.0641285853918178,0.0675856056922192,0.074784166354016,0.0761823388808577,0.1474938462784738,0.1352615738076616,0.0611016220224982,0.0556909749278959,0.0645899938061029,0.068869808683555,0.0614670687668059,0.0635095978822981,0.074594090838242,0.0716527362738403,0.0659372822511317,0.0677147111237994,0.0712583889442104,0.0706782363621112,0.0683282331579793,0.0736542377251092,0.0727700206699513,0.0658158375619564,0.06444577813558,0.0604994620362449,0.0575247824768405,0.0611471718457643,0.0605062286947459,0.0554997189446657,0.0714790736892894,0.0695347756207471,0.0636019195538297,0.0522840512350519,0.0605787710053444,0.0574845835122239,0.0497393937534011,0.0781124208096182,0.0531403398239254,0.0501651384268111,0.0721612038229757,0.0637856267875438,0.056456832257461,0.0621548720808142,0.0518007553240256,0.0470880467424228,0.0575879720099221,0.0545380813808478,0.0519061622059338,0.0656562359949024,0.0543724285333171
326737_8_consensus.txt,0.0633241203915497,0.065669166897198,0.0657230319515118,0.0676003356243324,0.0695523445214645,0.0780651481332865,0.0702430196518655,0.080254374038609,0.0796597412942974,0.0799356037059357,0.0724702672827479,0.0793289995409516,0.0733788924405525,0.0783316846874138,0.0790952413123227,0.0635046104654417,0.0682982704759354,0.0784320088918768,0.0329656591077531,0.0312792757171038,0.0354714624675542,0.033797082587931,0.0323774630344697,0.034957159661106,0.035644356361927,0.037213793784856,0.0410105225822494,0.0395710882084339,0.0301506264918822,0.0342426794541417,0.0302568984200233,0.0332483714835438,0.0349154848461807,0.0369507791961414,0.033069701023515,0.033479331729441,0.0537820966347997,0.0562115306388895,0.0542184376892587,0.0599523981106209,0.0567475495058396,0.0569009254805132,0.0529767940464047,0.0571441243793326,0.0575132836537068,0.060123784375615,0.0565916520333704,0.0568354454383079,0.0545772369570078,0.0578870571001068,0.0589674936518944,0.0585481898073645,0.0557374813467497,0.0553989153620317,0.044014743014344,0.0429919331285741,0.0423706756394981,0.045717026542114,0.0429112369706201,0.0439508629357803,0.0448630777364806,0.0449479254084739,0.0446206551969741,0.0430878796126998,0.0439069940468348,0.0423028581539917,0.0446745108567157,0.044380031921051,0.0410164728586632,0.0452901761054578,0.0446500919597721,0.0428028103214073,0.0180060536971922,0.0344010656249587,0.0356552762591322,0.0185099778502451,0.0129205246286216,0.0198017659011258,0.0185824753050329,0.0313632677233606,0.0445368759908211,0.0113692803720146,0.00881256347445,0.0108922587172157,0.0165101490920607,0.0455634161614035,0.0353171751724197,0.0081597639102142,0.0,0.0131255300314441,0.0647330081420003,0.0548364662153249,0.0588807255323438,0.0581155312923069,0.0585649207444145,0.0578983771214263,0.0573610461054077,0.0590292065133715,0.0586525586878172,0.057187371292545,0.06078025910878,0.1192196431702417,0.0621004663501025,0.0603837539956426,0.0631552027311359,0.057522947714494,0.0593693983053027,0.0862752258066592,0.051165631219165,0.0526342237657138,0.0517211905317944,0.0538411227420017,0.0532672287631745,0.0531125924102893,0.0504528985914296,0.0527695766606868,0.0561200811106044,0.0539806787388768,0.0583218088114669,0.0607207918167693,0.0510580698502405,0.0568810188800048,0.0538341087972087,0.0571116284868615,0.0556303701778269,0.0506072017209984,0.0984560050978613,0.0634354772720344,0.0747314058243535,0.0605445185510289,0.082152780930814,0.0698375047031492,0.0722712237648428,0.0802811349374357,0.083044236553766,0.1523173503894055,0.1428850453578976,0.0649947740600316,0.0585919358240181,0.0683982184894542,0.073728018653437,0.065392086617618,0.0663696044662698,0.0767145138389073,0.0767052729705755,0.0701606821229994,0.0729760262863896,0.0749670781139313,0.0746561161487324,0.0728694747172937,0.0783356103662189,0.0777818998963271,0.0704233788664741,0.0676949450149102,0.0634252622186135,0.0610756949942672,0.0662549080205305,0.0644877365907765,0.0590981770793996,0.0751897264968164,0.0736357159061311,0.0677884939641462,0.0574621997104731,0.0670059889464154,0.0620043027352057,0.0537877278546741,0.0834867115648902,0.058310705708287,0.0555270465323509,0.0778530089472999,0.0703519972934367,0.0615416908894834,0.0677132917833374,0.0565669069668643,0.0517852493757944,0.0628544245272708,0.060869880073918,0.0567451911136558,0.072180924786573,0.0596877499563621
326737_9_consensus.txt,0.0688054393808705,0.0702136278572735,0.0686156851226771,0.0735155934632567,0.0734685915832846,0.0792044393069666,0.0765541594707972,0.0841723607804851,0.083420582887026,0.0846065625086849,0.0766296964558055,0.085048969947354,0.0796385377996617,0.0826440772973029,0.0793696269991466,0.0678382395961962,0.0711348564464042,0.0809494527012999,0.0332726602080359,0.0325949540814036,0.0353901118158761,0.0393939968817527,0.0338676033757208,0.0360227544376954,0.0369816501186583,0.0397208014159939,0.0422439102483096,0.0462134096029105,0.0334050841457829,0.037967581774307,0.0329242820406578,0.0364382693607092,0.036912036344197,0.043035358150715,0.0351914711784253,0.0340378257721765,0.0670309548590664,0.0689927898691982,0.0675712339904563,0.0761141643219245,0.0718766672254158,0.0710854479362597,0.06550896347958,0.0695977557121398,0.0710950692915917,0.0760771377933888,0.0715421073621787,0.0711711606239458,0.0682208481009238,0.0714261247987257,0.0732885660762825,0.0741576079253238,0.0707008478978767,0.0697925141391344,0.0514131693193666,0.0517438265312151,0.050873988037388,0.0564884499047408,0.0529918788038532,0.052660129219638,0.0522881499873699,0.0525982685966104,0.0525001941384184,0.0539969515303155,0.0533074278328555,0.0510585788540867,0.0519852498628843,0.0521839682183919,0.048991676403773,0.0556682749783794,0.054828515533658,0.0517939363386696,0.0204582446382213,0.0323420858111296,0.0374508140832654,0.0224390582183993,0.017070627219403,0.0237299837609281,0.0205530700682148,0.0334432601242848,0.0493242524507593,0.0143980880193304,0.0142912963587464,0.0135595748093662,0.0187615532962084,0.0490626715601392,0.037210581161668,0.0136347258558275,0.0131255300314441,0.0,0.0626543597424005,0.0546087026345798,0.0577443689750092,0.0597557346701478,0.0599086796158498,0.0588343719445134,0.0572288200124253,0.060697190402867,0.0591757816079878,0.0579626393441818,0.0604884967978778,0.1193804517567187,0.0598929481027097,0.0601946135681021,0.0616277945218648,0.0595408823436969,0.060025797595669,0.0843260171418167,0.05290277082839,0.0540877275641307,0.0538402404814597,0.054763675090486,0.0559413761852232,0.0565346845481427,0.0513798278039434,0.0556628338199178,0.0591251109610366,0.0550123745827635,0.0611786123740643,0.0640146868630902,0.0536883189823296,0.0602680180554937,0.0555396856197534,0.0570914490849521,0.0591348480108679,0.0528798128458882,0.1016116379486105,0.0645452103762842,0.0791165530841606,0.0633070832060127,0.087463124199913,0.0733446155244115,0.0769342106376553,0.0841382678175133,0.0859361420724349,0.1589341613997241,0.1481154329635723,0.0674961302887808,0.0605710831712125,0.0686320953739301,0.0767131364989577,0.0669815038300196,0.0680260728835611,0.0775966668080725,0.0846136811871653,0.0795886520969002,0.0821357305698118,0.0867682762768478,0.0851975983721118,0.082030629333456,0.0866778686952232,0.0868325486380703,0.0788887820867074,0.0797172752067654,0.0735773164069018,0.069477067810463,0.0732914766822094,0.0722343733484986,0.0667037190821471,0.0867860314563255,0.0844149186117082,0.0774753461532791,0.05841650363819,0.0697478671885534,0.0662223846170455,0.0584718347823862,0.0873506145638289,0.0608294210371385,0.0581201150811914,0.0813070565658815,0.0721734699425633,0.0680856267664529,0.070243341579423,0.0582932437449841,0.053172936680883,0.0661230743084599,0.063288978243845,0.0637164589045751,0.0728506420405272,0.0634278425766554
326780_10_consensus.txt,0.0679539274203255,0.0764740255045746,0.0723330552653784,0.0690673575346147,0.0700669475695532,0.0733546007069652,0.0727383081721075,0.0805332033973087,0.0803626272836792,0.0798071198814538,0.0766302929117195,0.0840105537146636,0.074955254880451,0.0773071323787135,0.0687241138764687,0.0737174091304657,0.0679127398152976,0.073977677931186,0.0460018705459406,0.0451886064703499,0.0426093302900465,0.0478812142459439,0.0473943117347195,0.0476877047361909,0.049129125885118,0.0470441975143405,0.048793266495009,0.0550552627736626,0.0440505797085482,0.0448150784392202,0.0449425920695158,0.0461159869602063,0.044436288815886,0.051609472921231,0.0421238691306564,0.0451671728555185,0.1003852770342383,0.0982668096915277,0.0981089446122647,0.1113092971746523,0.1059851117237151,0.1017251915749817,0.0935606459465514,0.0980665344039577,0.1003395388588286,0.1094538816674397,0.106846296043523,0.1003767792050336,0.100750648670429,0.1025241169779747,0.1038852783891428,0.1099476128367573,0.1046453135657916,0.1009122393139065,0.0572391494596544,0.0603318345043293,0.0592896621579619,0.0679115624165502,0.0655002793756436,0.0625524802220693,0.0582277089722387,0.0583853042560633,0.0594036596268496,0.0682529583723647,0.064385454709444,0.0619505779041089,0.0570991962642555,0.0584231678098028,0.0584504758012549,0.068991857788097,0.0657816560010529,0.0605936997544835,0.0653012775908532,0.0678696028335519,0.0722742226558832,0.0662424268655517,0.0600730646840839,0.0610509327309172,0.0581238016329583,0.0733698901972967,0.0776958725800387,0.0631623346317766,0.0575347628172808,0.0599477398379031,0.0633398985234157,0.0982714820541179,0.0735751977078384,0.059716538412271,0.0647330081420003,0.0626543597424005,0.0,0.0163597057131088,0.0148467605564421,0.0195507811815183,0.020503678959729,0.0182093843280179,0.0139301192896397,0.0174557039758358,0.0163358860396893,0.0185803427166515,0.0184612949941866,0.0724447827865049,0.020134021076295,0.0196660854811447,0.0185453624109896,0.0185282304026692,0.0156303522721046,0.0317290959419445,0.0518571257695947,0.0521024212344958,0.0535904738189643,0.0512470567759164,0.0563985907473609,0.0537068421908815,0.0520507397106992,0.0515178795758242,0.0554269892630028,0.0515795545111412,0.059667222781556,0.0611867417228166,0.0524245991816068,0.0567220792783054,0.0568020483529974,0.0517770479236521,0.0590542726753557,0.0532525059381496,0.0956179869985156,0.0683942452883155,0.0699881916988118,0.0632154599134171,0.0849003485274026,0.0687301721586113,0.0795190590523926,0.079245398974332,0.0732994651142231,0.1675531604801259,0.1457379215050851,0.0719645363621968,0.067859567699716,0.0684128929635878,0.0715183091720632,0.0672026989573355,0.0784830927900452,0.0819346723317044,0.0791621933266544,0.0753414923349478,0.0780161837584909,0.0892624886468453,0.0843222693436169,0.0794368193865988,0.0789440304505735,0.0821967204562321,0.075891725247942,0.0840833168900516,0.0750979604119432,0.070156308544381,0.0712742244797208,0.0726393749700289,0.0643609354759551,0.0892033779639867,0.0839846261379939,0.0757898938198424,0.0652727647317821,0.0733582158012851,0.0762905326080769,0.0702436994908763,0.0905565669447394,0.0735547829988538,0.0691476421515577,0.0864825460301013,0.0664882228627634,0.0771844545509088,0.0695344129647921,0.0674280929585782,0.0591545176745365,0.0646350370662833,0.0693356653205672,0.0726601301548095,0.0810365463117861,0.0698112290911669
326780_11_consensus.txt,0.0611443739952388,0.0702163582092945,0.0671940844092491,0.0637342452879297,0.0667493632792979,0.0685286451922566,0.0674172144937879,0.0776487747293011,0.0774343719616377,0.0755577361955479,0.0765229019867108,0.0794034113309587,0.0700341033417872,0.0721476805254051,0.0672554571757544,0.0662137824552697,0.0643258564997291,0.0711221111286812,0.0420095625010841,0.0413020020332428,0.0401835543969903,0.0427487250301634,0.0436428375305482,0.0446646478796237,0.0467062115486376,0.0458979759306599,0.0486798108680268,0.0485467201629132,0.0399429719147024,0.0416701852271925,0.0414703145792838,0.0423830856247429,0.0417510219659984,0.0472686770048023,0.0390420371454824,0.0398162002171744,0.0993660550831414,0.0975537700646436,0.0965510222552659,0.1083632636543718,0.1045938012667386,0.1003696128775892,0.0936687177663539,0.0977233751195116,0.0994691124592508,0.1067097987024325,0.1045194616795424,0.0979971362637126,0.0988970125549828,0.1006103200925645,0.1013873689697657,0.1076388969973134,0.1031669342415231,0.0986233676059411,0.0516875040532154,0.0556279802099197,0.0562113764247911,0.0604656977249993,0.0602954080887272,0.05859325686062,0.0529791204982545,0.0539609828464211,0.0568063273834411,0.0613907952318371,0.0596640632905076,0.0575401415704002,0.0526663601966568,0.0544018326300124,0.0550775151390521,0.0615626289726227,0.0604237456512732,0.0562470339218803,0.0589945559273328,0.0648336166409127,0.0675978653228037,0.0574878218989365,0.0531860076763646,0.0581143048275478,0.0538749330976005,0.0698090660518682,0.0788265901641152,0.053213884965908,0.0496397210514176,0.0542210787517936,0.0572480772478396,0.0959863560004894,0.0703228393338735,0.051380183632034,0.0548364662153249,0.0546087026345798,0.0163597057131088,0.0,0.0094327098737201,0.0101349964045587,0.0100428168180197,0.0100400172875732,0.0093984770203814,0.0091738633267386,0.0105291535661802,0.0100345487558097,0.0100613348943001,0.0707273244473913,0.0123102226654419,0.0106586487619306,0.01063882738109,0.0095767997560525,0.0081936764130086,0.0319862889203372,0.0450739850758337,0.0437996928012598,0.0469007135111407,0.0464334338156318,0.0498601289199127,0.0467431319067435,0.0456687358330114,0.0461600506754225,0.0517492048971917,0.0452841387969904,0.0514191835351924,0.0536471955021058,0.0446393048609721,0.0479313295910319,0.0479603508288724,0.0465337734396973,0.0521285164706482,0.0461139918073545,0.0919475966481311,0.0570552221186773,0.0650706230574149,0.0531610462618932,0.0790112814963217,0.0626401402590817,0.0732107153621681,0.0730242391946873,0.0688278715205443,0.1532259798709914,0.1469675921157582,0.0622366054947818,0.0550095514364104,0.0576710102251984,0.0647386015809043,0.0550330659298108,0.0661969074070167,0.0695771397871887,0.0762326760130438,0.0712769254679228,0.0735884788312386,0.0810532054438342,0.0764772406059091,0.0742676530656814,0.0761751260607317,0.0773801509670502,0.0721463048277843,0.0758182136586542,0.0678665992717624,0.0643093347983674,0.0675103510294841,0.0660330874188233,0.0598706694318913,0.0802702651490525,0.0766478425853858,0.070337012764198,0.0541839738148164,0.0663304189351263,0.0646120650050825,0.0560522378148959,0.0819900432269795,0.0619691555995007,0.0578927039948276,0.0782180192561519,0.0587666694732273,0.0637125200097044,0.0622079195203344,0.0548796358285557,0.0501561302430593,0.0587251973902134,0.0592409676002585,0.0593957258018749,0.0716849825397005,0.0587298298568779
326780_12_consensus.txt,0.058439576975382,0.0688573674089028,0.0647583826178905,0.0599647869937234,0.0637034987653839,0.064820687462789,0.0627945590470142,0.0727148698250736,0.072693136628013,0.0712213936540955,0.0730981609173024,0.0748972446186568,0.0667799763327829,0.0685624438946082,0.0626148294895481,0.0644270658185153,0.0616249261732511,0.06714256483958,0.0450693023602859,0.044409627444498,0.0426736580727453,0.044323120041124,0.0471084931676877,0.0469591465846175,0.0500839440681639,0.0477940861813896,0.0500820635845178,0.0494926372109514,0.0420536743291934,0.0430909481067356,0.0439771642985418,0.0440648660270239,0.0430363109305789,0.0481189111727449,0.0407888337925061,0.0433010677053138,0.099767643173493,0.0976038478532643,0.0968505649009934,0.1090963856331228,0.105060138887902,0.1004911209643983,0.0935295224374925,0.0976169164263875,0.0996577826373652,0.1070429603878713,0.1051920015443448,0.0979171788684087,0.0995568934371045,0.1015447181591451,0.1019474986499551,0.1083538792104885,0.1036585095013853,0.099054854648573,0.0476225681282453,0.051604583848392,0.0519280453548827,0.0574719460295476,0.0566444987447596,0.0546273525608711,0.0487093301924304,0.0498210723988634,0.0525224556198047,0.0580988498327448,0.0562163080193274,0.0537169691088585,0.0482760820599184,0.0503091415640035,0.0515182963123841,0.0583856860880063,0.056692217522694,0.0522667500049642,0.0610711267083292,0.0655476575109617,0.068885865642585,0.0602596325038344,0.0554181086030372,0.0596148462060313,0.0557327146281441,0.0707110489911295,0.075315547067384,0.0573338819117843,0.0520718947091225,0.0558557289765913,0.0604041464919617,0.0967027284659334,0.0719475591691765,0.0543153895231425,0.0588807255323438,0.0577443689750092,0.0148467605564421,0.0094327098737201,0.0,0.0092473058111242,0.0102541558022313,0.0089529415776583,0.0093214621725943,0.0093687705477618,0.0087143264022593,0.0091034075197162,0.0089195368273076,0.0668074318000462,0.0120639520974465,0.0092449011086257,0.0080237679627259,0.008710265395166,0.0076799455686069,0.0300670817907064,0.0460363326780255,0.0449327794684091,0.0479157054588403,0.0456164324789085,0.050468211439572,0.0473606168433606,0.0468102014165934,0.0458269683994974,0.0515580883503927,0.0452595904682677,0.0523926234125831,0.0530985745189811,0.0453031057947903,0.0474822802522147,0.0495758933918883,0.0460861495544797,0.0520040531660601,0.0471332041506924,0.0891525750334647,0.0577632910087144,0.0613797554996278,0.051740737517858,0.075966434423746,0.0588749753978126,0.0707493657829054,0.0695983944148599,0.0652962592518502,0.1535493820495164,0.1418335029358388,0.06276927498486,0.0562195768160371,0.0580500001053252,0.062148138206469,0.0540187656560426,0.0685201752782589,0.0700618625875195,0.0715956151503727,0.0682730911991482,0.0695790658257786,0.0782579670650163,0.0739257971783562,0.0707764771128864,0.0726062032951757,0.0734836810681462,0.0685934795588121,0.0738022015183563,0.0665116516261541,0.0619968239449972,0.0646920457061499,0.0636184652474094,0.0575699155155158,0.0780688414678705,0.0743842588563863,0.0673386973263685,0.0571896439466588,0.0669113361011941,0.0672136175482807,0.0602928138456322,0.0826454166595542,0.0649827664561115,0.0606053280495766,0.078078253864235,0.0591826887929594,0.0668761396103354,0.0621078453072039,0.0583245572223036,0.051780611634669,0.0593562615250107,0.060244071285842,0.0624036237116349,0.0726255574969814,0.061477225633908
326780_13_consensus.txt,0.0578254171594618,0.0694425761854962,0.0685528694438311,0.0586368997577686,0.0662602632880009,0.0667197253792561,0.0619115641507308,0.073294916395822,0.0753489640501188,0.0719852207887932,0.0733624634675758,0.0747672881784264,0.0656062927226273,0.0688020827270872,0.0666661653840314,0.064011264820099,0.0630156220513793,0.0688549131574145,0.0457041113181784,0.0432256218265552,0.0442756944191149,0.0384385287390092,0.0458031566171071,0.0464558622422233,0.0501715341129358,0.0466664554264948,0.0514589633747721,0.0398696542000589,0.0396344135140669,0.0406406454496153,0.0424220509909014,0.0406559495591798,0.0419537900067599,0.0416596039121692,0.0407744751199139,0.043596491938854,0.0930604988794456,0.090335301806367,0.0893280864353869,0.0995013860940794,0.0966003716634222,0.0916669717352878,0.0876826521196374,0.0904851462295903,0.0918511851440229,0.0972063847309199,0.0960665164284808,0.0886637662959826,0.0909271083817859,0.0929186537128954,0.0925904376781332,0.0988543224462885,0.0952529998672808,0.0902653302127829,0.0419671507105965,0.0458073965790672,0.0491317280331902,0.0492648582207788,0.0508002998492509,0.0494712590032122,0.0427658530205246,0.0443587438172983,0.0498635892581527,0.050166855532896,0.0501816531309202,0.048697825861053,0.043023592407474,0.0452294999124101,0.0490546082845435,0.0500563746698796,0.0507126065581262,0.0473095369990232,0.0613706214420908,0.0703670267661618,0.0693721969982608,0.0603038686850307,0.053952283378539,0.0618135347786186,0.0582708568756249,0.073369370230389,0.0791005222781038,0.0583327444512411,0.0525577975229438,0.0578165067568487,0.0641093151131118,0.1020245254472094,0.0761386042863936,0.0536744339309347,0.0581155312923069,0.0597557346701478,0.0195507811815183,0.0101349964045587,0.0092473058111242,0.0,0.0043952116379779,0.003896917419274,0.0100009165036123,0.0052841644297565,0.0062202902339221,0.003568055358551,0.0049949976439602,0.0648770913184737,0.0117872520654023,0.0045125232962845,0.0065382469056745,0.0033071112844949,0.0056547528624406,0.0355683807053957,0.0448284484576619,0.0413333597264813,0.044706332044889,0.0450805529999192,0.0467523353031946,0.042914021508368,0.0460552188141045,0.0424727058840233,0.0472507306819629,0.0413757510262264,0.0459246770362771,0.0462738381813467,0.0419448644773279,0.0419100609708644,0.0447620031486337,0.0440360400727604,0.0466548877045234,0.0431985116759952,0.0828442588637736,0.0534686731798395,0.0562605608199273,0.0446744483827226,0.0695281228645816,0.0521845653253425,0.0650572924650862,0.0633430088490669,0.059404486386132,0.1458339833074093,0.1352516659777336,0.0569937545020575,0.0510704367137559,0.0533057377245329,0.0561920936869526,0.0478325855079404,0.0630116340556181,0.0660640115993222,0.0685946007384146,0.0633445539147734,0.0646163843850855,0.0704702205909963,0.0669020256461587,0.0664754276708592,0.0690334271596491,0.0681257728448132,0.0644004000960345,0.0660186340542807,0.0605164116298109,0.0581853895785107,0.0616306793266279,0.0594294986815668,0.0556563871227027,0.0694517865850823,0.0669704170604124,0.0626691265751029,0.0501911404449684,0.0612639676726107,0.0583513836784428,0.0492620565088568,0.0768377662270243,0.0573322082312151,0.053848123574606,0.0691450617978217,0.0528738899136325,0.0538726215925544,0.0563739893319485,0.049679698973815,0.0454769390004283,0.0544744249859201,0.0522195192889407,0.0504194443577157,0.0647059174071058,0.0542018264602592
326780_14_consensus.txt,0.0576729644979625,0.0692630762191299,0.0684547088298463,0.0597448054495117,0.0677118713806192,0.0679926346514889,0.0624996946270313,0.0744456410942504,0.0762421914247681,0.0719761569071888,0.0751327003487922,0.07508241379238,0.0659826014889493,0.0688254621161501,0.0669534570625742,0.0637098481136515,0.0620636970708012,0.0698079815140131,0.0473349740327115,0.043540332875132,0.0449518978983878,0.0400082470788802,0.0460919519170266,0.048144030648344,0.0512566690640206,0.048515131375904,0.0530043899874055,0.0408967803028819,0.040889044258634,0.04286805648813,0.0439271493769801,0.042341664875364,0.0439510127398925,0.0433035564154646,0.0419846681603885,0.0440240899886887,0.0945247942899456,0.0919829244955625,0.0906944977118309,0.1004845002457255,0.0983628748738976,0.0934654307145956,0.0892536878751881,0.0919497079887001,0.0934553460461504,0.0986731179925444,0.0974730518068343,0.090019367747371,0.092455664696426,0.0938357587474332,0.093804746657133,0.0999304658246487,0.097062791681119,0.0917110469056066,0.0425496735006882,0.0465543909523109,0.0501506621295497,0.0488426534702322,0.0512480316330998,0.0495699636498363,0.0432753039084152,0.0449467693480638,0.0505243746607435,0.0501701760732746,0.0504131472145452,0.0490017804761482,0.0437614165020576,0.0456611708838341,0.0498948360609423,0.0499725616177633,0.0511225314766639,0.0477847828575761,0.0636397903651069,0.0716981687815305,0.0708749372272556,0.0603613391827417,0.0550233688057133,0.0640636531469098,0.0605092899670332,0.0749958003026023,0.0806869890599113,0.0588016426646564,0.0527954323181472,0.0586402734709281,0.064752180259811,0.1022514181249096,0.078447363686334,0.0547021105869145,0.0585649207444145,0.0599086796158498,0.020503678959729,0.0100428168180197,0.0102541558022313,0.0043952116379779,0.0,0.0048044015142973,0.0104086100283815,0.0058033388049487,0.0069854770408213,0.0047330135344942,0.0057320706700041,0.0653726958549612,0.0128557861140699,0.005911548784212,0.0078305291955187,0.0046045648809114,0.0061529794442405,0.0351986932286738,0.0455966536754832,0.0415813596405429,0.0451531470185919,0.0461460858741329,0.0479295047787164,0.0432926913108993,0.0469928278832911,0.0433791112961943,0.0490191205951555,0.0422419618648222,0.0457674659528883,0.0468945676913117,0.0428323835431587,0.0425235965323009,0.0446240563594839,0.0448774624444716,0.047345034071446,0.0432463403756848,0.0822229109588699,0.0520409337337195,0.0563605798255357,0.0443286360611914,0.069876794100014,0.0535321139610998,0.0648761338078802,0.0633087980997988,0.0601940641170646,0.1483068764464956,0.1364327972212926,0.0554991221985829,0.0500955731448407,0.0522839057576849,0.0564931005143378,0.046828470226325,0.0614981088102428,0.0638188292298673,0.0673543821686291,0.0617562338444352,0.0637105908012767,0.0683795211955988,0.0650332756459191,0.064973361614987,0.0677860543595052,0.0669474634402895,0.0634675430087012,0.0642166850135446,0.0586277883430588,0.0566957034850696,0.0605654321753874,0.0582878801316653,0.0545459825992766,0.0673267386602516,0.0650604355408548,0.0613484517247133,0.0504643851636066,0.0622764419291996,0.0587426537429918,0.0485646698637953,0.0784265337499583,0.0572435977484193,0.0540277908335733,0.069349517861406,0.0544480639793274,0.0533724924752281,0.0579951853924098,0.049299104083067,0.0455155785666576,0.0565915700064785,0.053273127994962,0.0502439812538773,0.0635120304484022,0.0534486952748061
326780_15_consensus.txt,0.0578155619605231,0.0696879111500763,0.0679433958665551,0.0583177152978882,0.0661841405413827,0.0662002109688897,0.0610733670570553,0.0729507433132967,0.0741587757999955,0.0709449528989054,0.0736264332905571,0.0743218876100995,0.0642595536983412,0.0675945398866053,0.0654978437029676,0.0637612854247304,0.0619809769926487,0.0685289089427918,0.0463656983517628,0.0440499302928847,0.0440191270392684,0.0402932197252043,0.0465779572516797,0.047013828579705,0.0509495115066309,0.0479241994243624,0.0517031026106673,0.0418017993889163,0.0404091786746514,0.0417655189239489,0.0432539363756099,0.0419948441120299,0.042778821851356,0.0434034242204521,0.0412339299607351,0.0444772302055174,0.0929344951471877,0.0901662844039892,0.0889440885090575,0.0994524195214712,0.096584042611755,0.0914704517982016,0.0872157556079269,0.0900260088373698,0.0914223694318652,0.0972775667280085,0.0960245122814091,0.0884414876293684,0.090939377286741,0.0922388676467891,0.0923353564422146,0.0988869149894426,0.0953856319261339,0.0901270156078117,0.0406873706014225,0.0449030697321299,0.0480467734726701,0.0483129881474182,0.0502684000837287,0.0485919827639449,0.0414440393038466,0.0433754834607285,0.0483744027593733,0.0494827816447545,0.049428668064519,0.0477840250041268,0.0416601725002099,0.0440286369188571,0.0479088780790171,0.0494623872343362,0.0499586722752791,0.04639490908745,0.0615571145891937,0.0695574191746173,0.068981990939787,0.0591600623856658,0.0539221705598995,0.0618814421235995,0.0582019260790911,0.0723445986025108,0.0766841083290224,0.0581705185842995,0.0519436278453282,0.0569953083361163,0.0638305587038523,0.100719571416258,0.0762262987248973,0.0533150836680063,0.0578983771214263,0.0588343719445134,0.0182093843280179,0.0100400172875732,0.0089529415776583,0.003896917419274,0.0048044015142973,0.0,0.0094282123450826,0.0058998757611794,0.0061719626534761,0.0040868782814058,0.0052616298315975,0.0636707764234838,0.0117291234425351,0.0047191283279675,0.0060070215330494,0.0041516045979861,0.0058133266918991,0.0326690047769453,0.0455368583483055,0.0415608527125295,0.0457277292987781,0.0459397744061949,0.0478718667723807,0.0437734783408121,0.047032067868975,0.0429289615318335,0.0492241521078931,0.0415899655309601,0.0467658852326282,0.0473189064910908,0.0428131122665531,0.0427483994321979,0.0458789050887693,0.0446172097949544,0.0478440421585117,0.0441563727865306,0.0798346770727729,0.0520785230262026,0.0541535177828711,0.0436466885311075,0.06822905916869,0.0512216574655504,0.0633061865243735,0.061800610754445,0.0579218916266501,0.1468221000626375,0.1337142494087331,0.0551981764172513,0.0500379228854583,0.0512004355863027,0.0547107709769836,0.0464952197414163,0.0613826729330053,0.0639292968469451,0.066112138066571,0.0611840462546648,0.0623512843049818,0.0686371451005571,0.0649204173106108,0.0640961445380963,0.0658772300157002,0.0657732423035675,0.062077854911446,0.0645233677086647,0.0589287143975285,0.0561594400804139,0.0590763569938213,0.0570022351168804,0.0533505643007155,0.0676402112726917,0.0651207501597976,0.0606196385091211,0.0498217143800747,0.0612685169784219,0.0591103539822572,0.0506829061680003,0.076467384304335,0.057966073024291,0.0541089533653886,0.0702769683400044,0.05201174575636,0.0553909263100038,0.0566378871804174,0.0509526233503816,0.0454543323400375,0.0554324917267425,0.0530554195256369,0.0519824257954404,0.0648196352240733,0.0544751214399887
326780_16_consensus.txt,0.0594503973678257,0.0699590510158083,0.0672922381756526,0.0625250452104371,0.0656929856412791,0.0676636513884307,0.0648201139714768,0.075118906804505,0.0757219371487734,0.0736757991919612,0.0737854938928723,0.0769057741313714,0.0682886178361226,0.0715997722061292,0.0657767430565217,0.066144354516493,0.0630911353134546,0.0700174270793745,0.04294339590386,0.0425720880385824,0.0408023020016123,0.0422492457157304,0.0452182073715086,0.0450372937416156,0.0462406844051281,0.0456454703966535,0.0480001225882578,0.0473672013360406,0.0398582291349249,0.04105618397453,0.0409764806693324,0.042189253074345,0.0405052609748706,0.0456854658027223,0.0391006414307497,0.04090395049516,0.0970357539604096,0.0951632381293539,0.0945139988065077,0.1063784854429839,0.1019889434881067,0.0977587386865304,0.0914223529749698,0.0953811400530879,0.0971411918832183,0.1043919610467778,0.1025743083482497,0.095603129291871,0.0968592763894484,0.0988424011489144,0.0994374386798284,0.1054167528096039,0.1007769185406335,0.0961995883763942,0.0502923864722832,0.0540048653245079,0.0546128470669184,0.0596935773912941,0.0588511759510694,0.0574420690594204,0.051255140665634,0.052671701321155,0.0555587752268644,0.0602931518153901,0.058509002579056,0.056221722602836,0.0510963315858674,0.0530822723512489,0.0544923378899735,0.0607107154698631,0.0593080269192896,0.0550039761683036,0.0608762868708208,0.0663966231682406,0.0685551397320116,0.0605662677624927,0.0541785672931425,0.0591025258985808,0.0544681579138854,0.0718398478244122,0.0760654356918468,0.0567975111662928,0.0512118683771385,0.0560359908422869,0.0596595830304007,0.0974535273674641,0.0717532177312367,0.0536554132331268,0.0573610461054077,0.0572288200124253,0.0139301192896397,0.0093984770203814,0.0093214621725943,0.0100009165036123,0.0104086100283815,0.0094282123450826,0.0,0.0094006939074784,0.0095189749656245,0.009790436465126,0.0090979006749218,0.0679758853512826,0.0120426213238182,0.0101300300106359,0.0104229470791743,0.0092025861259426,0.0078586304599301,0.0314106678168766,0.04506555164782,0.0437882719715929,0.0469479979872842,0.0457494655076073,0.0485945945473274,0.046434519198546,0.0455612586300393,0.045476514694358,0.0503474835902526,0.0439433354836573,0.0512539788869563,0.052667074425206,0.0439072119406054,0.0473272886200026,0.0484351162378837,0.0456396083344703,0.0512939427994645,0.0465160809498828,0.0903270362139885,0.0592257793898625,0.0639993433400913,0.0530625080316697,0.0778209287371973,0.0607705265123383,0.0719144287568926,0.0714177528375366,0.0678766143443807,0.153174239520359,0.1424194684067252,0.0630652726980729,0.0567010086007222,0.0589530182634545,0.0640999778519093,0.0561360932251009,0.0691561535654949,0.0724467603195808,0.0730054678846627,0.0691267045431498,0.0708489668963103,0.0791238311840718,0.0747500618527894,0.0720484979842135,0.0732500107100539,0.0745556699717662,0.0695237355098399,0.0743469594674488,0.0664922605431002,0.0620652902221516,0.0651839901165107,0.0646629857663345,0.0579739941765851,0.0788265980318989,0.0752578262795848,0.0683181672308572,0.0563317558857967,0.0655572321956228,0.0666499856768094,0.0585218471323196,0.0820627575899477,0.0640241428754189,0.0584839396355807,0.0775363534064004,0.058972805193922,0.0652657959773206,0.0619877936074431,0.0578155300334408,0.0506674315095745,0.0571870524522051,0.0601539622818663,0.0608828754118349,0.0736235619451868,0.0610155496251403
326780_17_consensus.txt,0.0584170483287893,0.0696679451371276,0.0684642630226664,0.0595894353355026,0.0660688288507191,0.0677078244269369,0.0627219861823196,0.0745230161805157,0.075971007130847,0.0720846254584737,0.073029064551588,0.0754328555406598,0.0657221896266655,0.0693537591416211,0.0664346022039517,0.0645055427608598,0.063498377364322,0.0689981921979239,0.0451430727365975,0.0415299053941318,0.0430686726153375,0.0380279684160997,0.0444460960519794,0.0454500213547239,0.0486143459151149,0.0447980431001129,0.0495759722524216,0.0404923599402575,0.0393586344831433,0.0399450906756442,0.0414229654846636,0.0399603683509637,0.0416133081422103,0.0414744100929747,0.0396334033314467,0.0421053760036409,0.0937764053344025,0.0912251015959251,0.0900808284326624,0.1008826158739033,0.0974451049224125,0.0929977419795333,0.0881981074962094,0.0912468538991992,0.0926860174460708,0.0989529487701332,0.0974084717677339,0.090307770482144,0.0921532078262137,0.0940189711605548,0.093948580256014,0.10032565489748,0.096141659169799,0.0915024436809979,0.044061452197198,0.0473415865405479,0.0498596224984613,0.0513971899704861,0.0522454441111026,0.0505532550638703,0.0449123811579958,0.0459056496470404,0.0506469568648375,0.0523532046167734,0.0512955157005432,0.0498783632288271,0.0449244788912501,0.0466774747004432,0.0496687809199665,0.0523818046952957,0.0522051463223123,0.0485329958826286,0.0626442683986363,0.0703236506816162,0.0705402790131008,0.0621413361084792,0.0552388730204107,0.0619461886852885,0.058282248604736,0.0735016001031292,0.0792111201329373,0.0599314642628678,0.0525514496149037,0.0588033028475853,0.0635411204585985,0.1007265501183463,0.07555904014038,0.0547888536829219,0.0590292065133715,0.060697190402867,0.0174557039758358,0.0091738633267386,0.0093687705477618,0.0052841644297565,0.0058033388049487,0.0058998757611794,0.0094006939074784,0.0,0.0068779309520294,0.0059625915323593,0.0068168869676421,0.0650001441357917,0.0126909854735224,0.0070088743533744,0.0086480599563962,0.0050111858637613,0.0057555374931208,0.0340064177243357,0.0450875123624587,0.0421212061582956,0.0453715219693933,0.0457826266566891,0.0474472305860773,0.0431892337547754,0.0458450427030783,0.0432251466681563,0.0475114645416105,0.0426613374099345,0.0469093488269427,0.0480120147518228,0.0427801548417603,0.043510282471888,0.0454907039465304,0.0446201405376713,0.0476507149213265,0.0435673105216896,0.0856414296382563,0.0560313918264627,0.0586414221472102,0.0481491389795181,0.0722998966041741,0.0557312065901252,0.0669208019807534,0.0658724909386165,0.0615360737819949,0.1496086553580173,0.1385334685624801,0.0595980913647871,0.0545919319419896,0.056867044828432,0.0593111780991106,0.0520479392021648,0.0661721319092949,0.0688362565827249,0.0681821487769021,0.062770401797108,0.0649310327740781,0.0713291096089436,0.067652905729691,0.0665383397393037,0.0679421794976926,0.06845558601528,0.0643481730137374,0.0664073486096512,0.0605005216767944,0.0579937395202216,0.0614985848225533,0.059960405174845,0.0550918053965912,0.0702109302660467,0.0678206395551539,0.0624224241341737,0.0532415036814351,0.0633194731635846,0.0611338702486721,0.0521123079118606,0.0793189778596792,0.0600153054701326,0.0567258778158077,0.0721898967496201,0.0557285390925859,0.0568539985087426,0.0586118227656067,0.0518473485125214,0.0482136838306361,0.056115891941042,0.0557962330444858,0.0528797248604169,0.0673119778203359,0.0558370416263285
326780_18_consensus.txt,0.0575554992568587,0.067760694185778,0.0654632205691196,0.0584111072748214,0.0632441770388716,0.0654607687125805,0.0613682957557166,0.0713466914007536,0.0729128203776143,0.0699278585068841,0.0696046609171148,0.0736307886602283,0.064988569237423,0.0675558061071246,0.063519659152341,0.0629999886135941,0.0607124680175523,0.0667444406016777,0.0448326935178018,0.0419992589392919,0.0424980147597979,0.0394878260058515,0.044303882648597,0.0451557451838304,0.0490276572933252,0.0451225589695578,0.0486344453552352,0.0423844402549651,0.0398216727052975,0.0403954609030607,0.0416973276626961,0.0403502676701901,0.0417520901565637,0.0427168144874468,0.0403054651292871,0.0430375467522887,0.0929304474708692,0.0902097979907612,0.0894655283358885,0.101353280287709,0.0975754809317202,0.0930588501809186,0.0870559463492348,0.0897483100430109,0.0923671620766777,0.0994971758836449,0.0977969276756338,0.0904440469579128,0.091696146321671,0.0930912283982907,0.0937010885002456,0.100625570998182,0.0964774350079888,0.0914754277639655,0.0429961742447435,0.0468878514405783,0.0486175320376522,0.0514980331394188,0.0520039273771804,0.0495382075292543,0.0437145930119635,0.0449757449672514,0.0492749125309623,0.0521629299234192,0.0513216998263299,0.0489975305694256,0.0437486385506344,0.0458211732920057,0.048230243593939,0.0522185881726642,0.052005772113743,0.0479735921997805,0.0613435215413691,0.0689955889341353,0.0680313382375139,0.0603027987363535,0.0546075290919931,0.0599507680722073,0.0564204094859297,0.0703167853861943,0.0761371047631662,0.0590232560006711,0.0522981050272646,0.057569029061983,0.0620317248573316,0.0988705268696463,0.0739310583780445,0.0544754987975686,0.0586525586878172,0.0591757816079878,0.0163358860396893,0.0105291535661802,0.0087143264022593,0.0062202902339221,0.0069854770408213,0.0061719626534761,0.0095189749656245,0.0068779309520294,0.0,0.0059933134441907,0.0070232717370268,0.0642643962400217,0.0120868512201335,0.0072428860957671,0.0076330752031008,0.0059488503362246,0.006644162956924,0.0329847033829953,0.0461255080431666,0.0429333855222475,0.0461994819541056,0.0457840005306255,0.0487047948840286,0.0443573110160597,0.046556732567363,0.0438420065523335,0.0483924036312739,0.0435310764831315,0.0486212273360369,0.0491860695822312,0.0439833820282258,0.045073119337295,0.0467328803963056,0.0448559670373631,0.0487149391547436,0.0448045947289292,0.0840689246072923,0.0566986035094707,0.0575217455144869,0.0474865800358159,0.0719138222647233,0.0555242010315355,0.0664722833363731,0.0655768054075203,0.0618504540230366,0.1532517238259689,0.137983826766546,0.0599663664851561,0.054426301896048,0.056481737670615,0.0586295488467891,0.0519387531340012,0.0661540075283184,0.068761995773241,0.0685610968292209,0.0633470884207216,0.0657293543124897,0.0729185329082566,0.0685839673850843,0.0673302222402796,0.0685195587269502,0.0688367330273758,0.0648534545233641,0.0685428582081497,0.0619704563401617,0.0589004502746766,0.0616515322030091,0.0607886714467102,0.0557197056601523,0.0722662152348725,0.0688795635036561,0.0637200786893652,0.054148963761138,0.0652565127593129,0.0637760585747448,0.0556278794818965,0.081357401542836,0.0614667892406801,0.0579767227997489,0.0719654907963729,0.0558776024779037,0.0600036349981749,0.0600021466459255,0.0538550426763393,0.0492202575859215,0.0576448990386211,0.0566027521120426,0.0560335194967835,0.0673230489114269,0.0584761230696271
326780_1_consensus.txt,0.0574881268811324,0.0684161303764394,0.0670455407945551,0.058642313075337,0.0655487204776159,0.0662943382988174,0.0613985993619277,0.0720441797330373,0.0744256198047645,0.0714753236288574,0.0727940214396554,0.0743318057983257,0.0656885709631724,0.0673322855519629,0.0649217718774846,0.0629982860061444,0.0619582137400733,0.0679811721274692,0.0457733024215283,0.0434108945307656,0.0440330858024227,0.0402271414437125,0.04581360018142,0.046588359530105,0.0504555170635265,0.0471685256439373,0.051183795721811,0.0420079967188682,0.040380401477762,0.0410531455885481,0.0426821771377063,0.0411305437587756,0.0423058285368824,0.0434452670979377,0.0412174033409673,0.0436576054257642,0.0927286610429289,0.0900697591133292,0.0889730012958187,0.1000410981816433,0.0968807899706938,0.0918799047283043,0.0869533154567729,0.089889810338966,0.0917693031581352,0.097760645141121,0.0962325255467488,0.0888684316265786,0.0909737651594895,0.0926251585169284,0.0924609289929785,0.0994454303597658,0.0955507059720508,0.0904631320196571,0.0418559560526574,0.0462299779775623,0.0494118913858603,0.0503335708652015,0.051753732585297,0.0496905780515666,0.0427385112418958,0.044701100958,0.0499961289765167,0.0511526930101666,0.0511254539731282,0.0490659638246304,0.0429174783629964,0.0456299510761244,0.0491956728835258,0.0511502457616188,0.051854331666405,0.0478251615955018,0.0600796792893278,0.0681936156986617,0.0680691399795767,0.0587388556854957,0.0526852375167807,0.0603708894553083,0.0564258059330677,0.0715781741161114,0.0772513684739255,0.0568507906531614,0.0516264278144582,0.056059001099622,0.062705868302336,0.0998680882181384,0.074749291881722,0.0528833781377411,0.057187371292545,0.0579626393441818,0.0185803427166515,0.0100345487558097,0.0091034075197162,0.003568055358551,0.0047330135344942,0.0040868782814058,0.009790436465126,0.0059625915323593,0.0059933134441907,0.0,0.0042830666928139,0.0628492254667758,0.0103143470155844,0.004035424160639,0.0052302558529389,0.0039204323146062,0.0060116738212974,0.0345956121520112,0.0456157504514624,0.0417915774416322,0.0448968681621337,0.0455467543004228,0.0478024866380799,0.0434379844667125,0.0460803136493499,0.0429485800585602,0.0478441937957141,0.041640752856721,0.0467200904631912,0.0470366674627786,0.0424310271346719,0.0429745194708672,0.0448559088684472,0.044245150004647,0.0477101568592388,0.0435431947945366,0.0814523478767039,0.0524586422173634,0.0554459222996337,0.043778933957439,0.0693002923397676,0.0521067204400225,0.0643934085291446,0.0623493886981574,0.0587656945319645,0.1480167302510846,0.1352942537596524,0.0560864413388042,0.0503122567550979,0.0520898212878195,0.0555043835069515,0.0472493781378773,0.0615901130514373,0.0643697494611901,0.0681181118565401,0.0627896995735159,0.0647036406524002,0.070770786488886,0.0670431576047221,0.0663730774818658,0.067969915802112,0.0677931254914048,0.0642241221681629,0.0665140422701959,0.0605120048131153,0.0578043793726257,0.0607299609556912,0.0589663414204997,0.0546664286690781,0.0698892381941842,0.067280275816083,0.0627278010882745,0.0506722350230344,0.0622171718791637,0.0603342890628262,0.0512910081455526,0.0785203383353874,0.0584876016177906,0.0539315772374191,0.0696972654933585,0.0528550787373536,0.0562703749501389,0.0574311431055134,0.0506201467439435,0.0458809121613938,0.0549266666862546,0.0533020757093343,0.052687152263867,0.0649150997106371,0.055937226552877
326780_2_consensus.txt,0.0592620903960359,0.0702003000001347,0.0686660054799759,0.0616555802190941,0.0668240589981685,0.0678993673590726,0.0644278800211539,0.0750394237218996,0.0763514615104856,0.0740392282630768,0.0752655269249418,0.0763899593450805,0.0687085559431457,0.0698203806581023,0.0663297996314566,0.0653064285424234,0.063956404051213,0.0699218329469184,0.0485295591944616,0.0469471357053032,0.0466171340249017,0.0454098074561493,0.0497660747149248,0.0498898680782549,0.0531717264604543,0.0509246448161748,0.0546300903347622,0.0482055914363019,0.0444648548897772,0.0452638561886189,0.0459053341361812,0.0457074605185328,0.0455452612960165,0.0488324370175732,0.04449909347551,0.0458987399773214,0.1013452539274792,0.0984031692032978,0.0974909565729529,0.1094251493997529,0.106297874977149,0.1009495048138244,0.0952662254482783,0.0985616223307843,0.1006578382602869,0.107374319809594,0.1057982688148166,0.0977083393314384,0.0999070284297456,0.101555610906578,0.101551001216543,0.1090012704115919,0.1048252394119755,0.0992643455724131,0.0479355533472336,0.0526545552999406,0.0554342582686118,0.0574242410961032,0.0588342513711079,0.0565650961347605,0.0484774273618366,0.0510725823983806,0.0559634637299826,0.0584218671059231,0.0582421751747928,0.0557558265095998,0.048871999560947,0.052022888442222,0.0552006516461904,0.058306577728965,0.058812715929319,0.0544062927738568,0.0636340190280524,0.0705503530353812,0.0698489105628077,0.0624967622272167,0.0572287295308084,0.0637412398319021,0.0588763784103569,0.0754617169563216,0.0820936517082833,0.059924777733828,0.0552653698099403,0.0597858277570182,0.065233380754635,0.1046624577939159,0.0764888302521811,0.0566908166664958,0.06078025910878,0.0604884967978778,0.0184612949941866,0.0100613348943001,0.0089195368273076,0.0049949976439602,0.0057320706700041,0.0052616298315975,0.0090979006749218,0.0068168869676421,0.0070232717370268,0.0042830666928139,0.0,0.0635074144167804,0.0085982258711627,0.004369431215812,0.004446756023313,0.0053649946471203,0.0058563986069284,0.0347434042622838,0.0464118959747708,0.0435703945890271,0.0469130014216405,0.0462679718956993,0.0493465330087712,0.0457255859099827,0.0468590445639458,0.0453625061217737,0.0507758787120833,0.0431896841782935,0.0493845114257922,0.0503932921758494,0.0437130061257606,0.0452494477478566,0.0471757873004703,0.0453182038066097,0.050535130080811,0.0459286971243546,0.0880714103458242,0.0549182586537524,0.0599909877795594,0.0480712246475043,0.0749803026646018,0.0565257598335007,0.0702148855575659,0.0675982137693411,0.0634637190431277,0.1513833319253796,0.1422591352749886,0.0604299329057189,0.0537094554837231,0.0550714820229893,0.0597610589925228,0.0504144460369548,0.0656707980991999,0.0672418511481707,0.0738524027376934,0.0690964385866497,0.0708365459745303,0.0780547333401697,0.0737349539602387,0.0725300681010514,0.0739208978868362,0.074348870936526,0.0700256111630599,0.0737283724917112,0.0666932526707437,0.0630629411431922,0.0665328510466753,0.0646154107434364,0.059385460603262,0.0771461595711819,0.0743633894258524,0.0685610322663956,0.055901651421669,0.0667915950703053,0.0653464850377085,0.0575337161801385,0.0815113323330596,0.064643641898864,0.0596120283590986,0.0756849112072766,0.0571176666243005,0.0635482043438697,0.0614463826464604,0.0555709400706119,0.0500508367809029,0.0589109228084572,0.0585025334933622,0.0598990612798964,0.070302667967816,0.0616442933576024
326780_3_consensus.txt,0.1123763557873918,0.1233468601020035,0.118887781560125,0.1122250329195653,0.1182567738886746,0.119196987810171,0.1140578201251374,0.1235938652790338,0.1221608103197651,0.1196753167275721,0.1236407944876081,0.1217207664637953,0.115231577277834,0.1206572602149744,0.115984800598861,0.1182444863944276,0.1149996612762125,0.1169236894376215,0.0998791168885668,0.0966622505189471,0.0964371259324714,0.0948239879748138,0.0995919179265349,0.1009350520838552,0.1034112687789816,0.0978749262470586,0.1029712058228717,0.0957622477807893,0.0946226748422169,0.0942802408027851,0.0957304033131674,0.0945931470300829,0.0946043522960726,0.0967067700431689,0.0935983633173371,0.0968915045125013,0.1471367695186671,0.1433521847002508,0.1440043075793227,0.1563670754509027,0.1510042896345513,0.147439894597678,0.1413266634985648,0.1434599709478421,0.1453423519794929,0.1539818662589347,0.1514976476495535,0.1445816756369637,0.1460096566977364,0.1475393458593306,0.1477709744253559,0.1555834628818111,0.150649644679631,0.1455638884969614,0.0922650620067742,0.0971104439468462,0.100672889900478,0.1025641156735091,0.1036344935006736,0.1008692334620393,0.0938121947603098,0.0960895201594622,0.0998539310008324,0.1034817791713447,0.1017441661485385,0.1003470077811075,0.0929786837915882,0.0964287831675143,0.1000088166558992,0.1032819424455624,0.1031182155757779,0.099207880194748,0.1200047013262644,0.1261281136816077,0.123567801087522,0.1194352310422424,0.1117506070672984,0.119965233905531,0.1149458248182293,0.1284624968574172,0.1268925760232662,0.1187757221070793,0.1105422370730391,0.1160548640876166,0.1207621752736525,0.1551953621169826,0.1303216851272131,0.1115189900164592,0.1192196431702417,0.1193804517567187,0.0724447827865049,0.0707273244473913,0.0668074318000462,0.0648770913184737,0.0653726958549612,0.0636707764234838,0.0679758853512826,0.0650001441357917,0.0642643962400217,0.0628492254667758,0.0635074144167804,0.0,0.068395248508625,0.0644583561990241,0.0652019862616359,0.0642031851711113,0.0658918858268018,0.0852634142603028,0.1045970611971904,0.1015686686505175,0.103310455647632,0.1024437772892392,0.1063933867981337,0.1011597769978456,0.1051721109430525,0.1006866718632952,0.1046249116582807,0.0986612769152746,0.1052178454064556,0.1051669345176149,0.1018513836627104,0.1016681800535295,0.1050156463369091,0.1002387475300237,0.1046522417668516,0.1027455602687217,0.1274070494910795,0.1093448616937839,0.1046725832847652,0.0991583294077429,0.1207879445970272,0.1025923596169375,0.1164202483088399,0.1120400896187483,0.1081830406750494,0.1937638190755617,0.1710573992229695,0.1079887117877262,0.109449449663515,0.10661193076941,0.1052167235749541,0.1017798773744651,0.1169827886240417,0.1223049958049289,0.1112041881778722,0.107792623872239,0.1097392153485419,0.1184725122255763,0.1145977823253012,0.1128380696342681,0.1103725230621917,0.1118314306383503,0.1098576016428722,0.1144922909374468,0.1092984304587778,0.1057728775647914,0.1056205105072045,0.106457988039752,0.1031362176009818,0.1170852917104801,0.1137671460575848,0.1083202736440354,0.1063742568045356,0.1122405494633067,0.1157315916751704,0.111427517376704,0.1255295890587566,0.115292379877391,0.1066331993830331,0.1176208709115806,0.1031539895370992,0.1139882315833773,0.1074315169949944,0.1076998072097739,0.1027899943492522,0.1089313344550486,0.106607284172326,0.1103045046542563,0.1171769242321136,0.111917145819671
326780_4_consensus.txt,0.061759499579038,0.0712720531456989,0.06751586602621,0.0654427170338936,0.0665529147075068,0.0677477219343147,0.0684173112656552,0.0768011365016647,0.0767681660554728,0.0767290179607602,0.0764922569169819,0.0795882880912692,0.0714564988941228,0.0716430235336442,0.0669162660850926,0.0673481000691165,0.0658047848864029,0.0706726639336636,0.0478291518171687,0.0481763050012853,0.0462481922508928,0.0502026367532195,0.0509358085773499,0.051064508073594,0.0524790606080527,0.0515014148977588,0.0545678800313087,0.0555452132571057,0.0463903870168991,0.0471541680857781,0.0467619343943708,0.0484592874172511,0.0461445657891452,0.0538188230788581,0.0457506197880324,0.0448975679134386,0.1083133399559015,0.1059266600319501,0.1053143107693674,0.1192140320105883,0.1145801781982465,0.1096328340798002,0.1021344281840086,0.1057357847421487,0.1084623912875448,0.1170518418590873,0.1146847926171927,0.1069805400881112,0.1079261833380016,0.1098411341856557,0.1105902175859387,0.1182613232299925,0.113278955614172,0.1077354369669976,0.0570470620645551,0.0621029606203578,0.0629953443357322,0.0686050492466519,0.0686808326158159,0.0660965920400231,0.0578081194578379,0.0601527732365756,0.0635836619710144,0.0696702369662114,0.0683344904233873,0.0648526565066918,0.0577478317697375,0.0613812364893942,0.0622878582227155,0.0694461049402956,0.0688012978766998,0.0639972831942197,0.0628082547002808,0.0694085755554985,0.0689111549575018,0.0646516004612465,0.0586378143083603,0.0629913673095945,0.0573446966139972,0.0758771637028825,0.084363099987458,0.0597671033482694,0.0566463557301171,0.0602723443521293,0.0629359922419583,0.1024649006658737,0.0733744123081452,0.0581939839378993,0.0621004663501025,0.0598929481027097,0.020134021076295,0.0123102226654419,0.0120639520974465,0.0117872520654023,0.0128557861140699,0.0117291234425351,0.0120426213238182,0.0126909854735224,0.0120868512201335,0.0103143470155844,0.0085982258711627,0.068395248508625,0.0,0.0099705429143526,0.0088148669718366,0.0113969066804511,0.0108916670622392,0.0363068389670528,0.0495545260927716,0.0481260385129358,0.0511110335620923,0.0495363891883329,0.0539968704534192,0.0517595191111945,0.0491505812587655,0.0505045688493721,0.0556858968784066,0.0474253171208909,0.0560814358020786,0.0573651629434062,0.0484254578081788,0.0519607335403646,0.0522616219569149,0.0491010277281844,0.0561364371834613,0.0513066968862654,0.0969801948390385,0.0615867391812772,0.0695196968699409,0.0562617467248234,0.0835858860856442,0.0645712061853087,0.0790836066527411,0.0773650443049938,0.0728842596328158,0.1583071992594256,0.1515722339121916,0.0677586484573389,0.06021582030138,0.0622757874858725,0.067687811463232,0.0585540361924783,0.0717817985747162,0.0741985369103712,0.0825381514785039,0.0788535694398948,0.0806368450998649,0.0903202909526736,0.0848913825609489,0.082347378946241,0.0824305933315043,0.0845702657369154,0.0796495176462883,0.0854676326546695,0.0770196371654723,0.0717083834071283,0.0739885997473663,0.0732968379413128,0.0673413853568396,0.0894414138308192,0.0859015711462998,0.0785253454517542,0.0621800194154804,0.0727522282833526,0.0725341755458091,0.0664917130621489,0.0856889505599625,0.0709365392607592,0.0646801870104418,0.0835399904817277,0.0634781384690184,0.0743937348863212,0.0665299400833125,0.0632711289654501,0.0558020292544219,0.0624796303343337,0.0646311264722694,0.0693537554689385,0.0777774068707977,0.0693505526349769
326780_5_consensus.txt,0.057763651867515,0.069744635695458,0.0683049171728429,0.0592428210121704,0.065762011290527,0.0662006555238035,0.0617232868679877,0.07242274940476,0.0746425306881706,0.0722146305490918,0.074141074024733,0.0746423842006729,0.065806476550323,0.0678083181922488,0.0650460085046518,0.0637552353606549,0.0621245373855918,0.0684964390937139,0.0485532202852674,0.0470160331210287,0.0469491944165554,0.0440953089564706,0.0498061658682438,0.0501042852259345,0.0537732889405955,0.0511767623438785,0.0543437746243453,0.0458449248624672,0.0437362959037299,0.0447540544450904,0.0458724236741421,0.0450930736181618,0.0449692018225684,0.0471952193705043,0.0441254766081495,0.046118010596011,0.0986073693476266,0.0957703966690601,0.0947296269546615,0.1060054055711887,0.103010638077416,0.0974950315489131,0.0928151452038026,0.0956885195073189,0.0974576821390282,0.1036697311331114,0.1024938582021981,0.0942336192943962,0.0967669070544126,0.0984979181759238,0.0983646999816558,0.1053858195399266,0.1015312196120348,0.0960864047123379,0.0442158462158568,0.049143424202688,0.0522754668578464,0.0532997045737557,0.0547865402700473,0.0531034808698605,0.0449950503720701,0.0474550736861312,0.0526376480135404,0.0543243505070645,0.0541653659599017,0.0522442496342092,0.0452814455186594,0.0484208698485906,0.0521849691938705,0.0541101799012775,0.0548323076209094,0.0508064974528563,0.0624478810664692,0.0703587078522209,0.0697087764848198,0.0612945620487845,0.0560346620132641,0.063430698940099,0.0590480742692198,0.0745802698645672,0.0801096042401816,0.0596376349092757,0.0546437160906014,0.0588554051727214,0.065022947166117,0.1033099710612663,0.07681040587308,0.0555881908689066,0.0603837539956426,0.0601946135681021,0.0196660854811447,0.0106586487619306,0.0092449011086257,0.0045125232962845,0.005911548784212,0.0047191283279675,0.0101300300106359,0.0070088743533744,0.0072428860957671,0.004035424160639,0.004369431215812,0.0644583561990241,0.0099705429143526,0.0,0.0051887873770875,0.00527219502119,0.0065466526364534,0.034307165600544,0.0472681054223631,0.0435037689436423,0.0474528158850535,0.046938425205508,0.0493465435421205,0.0461365361142345,0.0482605395860566,0.0451945762822507,0.0508447296957941,0.0431902307651492,0.0489824712402722,0.0494427693855969,0.0442088539564782,0.0444428759349664,0.0472474793225385,0.0458945105248229,0.0499194966470035,0.0463023464734861,0.0829743563881404,0.0527674073023334,0.0568067074081151,0.0452361199108937,0.0707796551027923,0.0522549645673979,0.0661853280112998,0.0638915973108176,0.0597923208001063,0.1483943605637661,0.137325088465718,0.0573092803120038,0.0513065400178067,0.0526996317394559,0.0565035879711173,0.047687250051875,0.0630683165768486,0.0651943628859479,0.0709268821524204,0.06657215241942,0.0677911640783257,0.0745179204317914,0.0705458808469812,0.06943305823326,0.0710755610893265,0.0709954259151377,0.0673585235689486,0.0705509833197348,0.0645649208287713,0.0610741665608207,0.0637988577200232,0.061978146116389,0.0581616143174805,0.0736156745755529,0.071131147555711,0.0660774707850695,0.0543644366485454,0.0652153708307725,0.0638534064596196,0.0557778569070306,0.0800249909585,0.0625649175822369,0.0580704006540475,0.0738853719965426,0.0553975314670127,0.0613779677178136,0.0593476658330809,0.0550055463328114,0.0491200290504583,0.0579792888978882,0.0564878604918437,0.0575603819728387,0.068621647439115,0.0600095037124788
326780_6_consensus.txt,0.060504259839476,0.0711413540779748,0.0680474496514165,0.0619518937497547,0.0667111665341364,0.0671571073935597,0.0648612840966889,0.0750212853454339,0.0759559102266491,0.0740092332219219,0.0762459993103643,0.076876829693413,0.0698277409531744,0.0698769699117418,0.0652769262594175,0.0665558700861277,0.064158528726212,0.0697299636113184,0.0504174337875973,0.0495334519387684,0.0478085362695726,0.048866426170143,0.0522323738276009,0.0520939039756829,0.0565444275526889,0.0535465933793606,0.0562520810935422,0.0521315119768051,0.0470092081078021,0.0476998417335021,0.0487395529899057,0.0483803053984832,0.047728547933274,0.0522980513980577,0.046650280350363,0.0485709413687729,0.1047517991438171,0.1017526715411616,0.1008789550153697,0.1136667360927683,0.1101627078645197,0.1043661438507932,0.0981886597830596,0.1016085717118047,0.1039801233715085,0.1113496564076532,0.1096638444495265,0.1012212621912134,0.1035869108281941,0.104994637970714,0.1052309798691375,0.1130362258559207,0.1087140562717081,0.1030035326246032,0.0488000929772916,0.0541445448204616,0.0564081460194785,0.0596032184605199,0.06079445485899,0.0581678040175503,0.049689028286739,0.052238714560743,0.0568231674249446,0.060844348076996,0.0601707858744813,0.0574237103610117,0.0498023424308105,0.0530573346187779,0.0563569146945628,0.0606865758589441,0.0605950376902333,0.0559144727860712,0.0646600591144395,0.0702764938826749,0.07106095143304,0.0632033073289024,0.0587982424243129,0.0649245202980068,0.0598755428128274,0.0755518952204674,0.0808910531207702,0.0615880232017742,0.0572894788587472,0.0608088133251563,0.0665667100403313,0.103569655806285,0.0768682207050623,0.0585771340246701,0.0631552027311359,0.0616277945218648,0.0185453624109896,0.01063882738109,0.0080237679627259,0.0065382469056745,0.0078305291955187,0.0060070215330494,0.0104229470791743,0.0086480599563962,0.0076330752031008,0.0052302558529389,0.004446756023313,0.0652019862616359,0.0088148669718366,0.0051887873770875,0.0,0.0069410561012723,0.0074687823581962,0.0333470398696817,0.0490512465834491,0.0464160093482792,0.0499353957906389,0.0482147557764145,0.052784693712967,0.0490511782629692,0.0498151702286246,0.0480452699407329,0.0539394089172624,0.0457963556322553,0.0528595947789725,0.0534645789663787,0.0469631017407481,0.0484821730092264,0.050376016272696,0.0474564380789068,0.0535391979343335,0.0490186129166669,0.0880917196685215,0.0560079034280525,0.0600842776917449,0.0491215680097898,0.0750698487351169,0.0569453682973106,0.0707835590376682,0.0682861246292159,0.0630578822732532,0.1562525489577595,0.1423546276341944,0.0616849580609804,0.054830029376486,0.0556288044399515,0.0600363209944712,0.0511476554738798,0.0666868861340876,0.0679613816525881,0.074314557235648,0.0706714157030425,0.0718550462056182,0.0803363526624103,0.0757305803153229,0.0736299517019407,0.0746537220385956,0.0753485162665903,0.0713419566678164,0.076226573081545,0.0690878463413398,0.0647116143068933,0.067247195866793,0.0656930815555059,0.0605600742405112,0.0795523649532885,0.0763639806095426,0.0699800880506948,0.057080883466102,0.0689183035509435,0.0678955008344095,0.0610095476879006,0.0834455775858975,0.0666393069401332,0.061637814393233,0.0778171575268658,0.0584149834501719,0.0670802207706113,0.0625330825541574,0.0582929968887278,0.0518550360338174,0.0608625778376561,0.060064970167053,0.063384394755694,0.071320120237531,0.0639733130686615
326780_7_consensus.txt,0.0571550820577888,0.0694487725261892,0.0676078423218546,0.0582283701413191,0.0658542831965736,0.0664923407987192,0.0611161772980368,0.0730955404517779,0.074493231837355,0.0709688017815572,0.0730506082813011,0.0744363369873317,0.0644864035969678,0.0675085084276911,0.0658640659172853,0.0637069666873584,0.0628767937768959,0.0685429112022779,0.0460670529405398,0.0437656142461806,0.0442713742558176,0.0389969349548424,0.0463806114077343,0.0468412374112681,0.0503669505057731,0.0470761110258575,0.0515397096276624,0.0410173625969152,0.0396777275022142,0.0410093585517605,0.0425408724896003,0.0412314442537695,0.0419714439102296,0.0422022249964912,0.0406124568952002,0.0435641177750278,0.0924930434097035,0.090122261615912,0.0888014158719769,0.0989646036417601,0.0959498886060208,0.0914052472721413,0.0868900407271748,0.090149814542265,0.0912758813406151,0.0967020755341403,0.095632365448095,0.0883999758213835,0.090858804932802,0.092724624897559,0.0922330647463702,0.0984090290930899,0.0947041127911543,0.0899777845731835,0.0412106357296986,0.0451349828468163,0.0476920075717828,0.0485677341006303,0.0496145918077459,0.0485033214079084,0.0420175807250604,0.0437246517987794,0.048625447716847,0.0494974325238626,0.0492637838972589,0.0476470615946471,0.0423852465771323,0.0446126983963317,0.0477950357586811,0.0494234351530273,0.0496284237083806,0.0463050764014525,0.0619142321696637,0.0702809401814406,0.0695082443051067,0.0600329194861313,0.053719521973397,0.061211891442598,0.0580992711189303,0.0730488550482419,0.0775336747195254,0.0581315884901973,0.051384819491778,0.0571700202847225,0.0632450323266704,0.0997164046300289,0.075347448840656,0.053197348235404,0.057522947714494,0.0595408823436969,0.0185282304026692,0.0095767997560525,0.008710265395166,0.0033071112844949,0.0046045648809114,0.0041516045979861,0.0092025861259426,0.0050111858637613,0.0059488503362246,0.0039204323146062,0.0053649946471203,0.0642031851711113,0.0113969066804511,0.00527219502119,0.0069410561012723,0.0,0.0051927201238655,0.0340575892179195,0.0452990151679495,0.0413545058782975,0.0454742480372063,0.0452680597165082,0.0473598404960675,0.0433914115437819,0.0461872231605093,0.0424658155296766,0.0477639045524949,0.0420491911535476,0.0471765336316938,0.0475700037919022,0.0424702040194544,0.0423867884796704,0.0454426796552684,0.0448584327632577,0.0475040610547008,0.0441321740860196,0.0831813154166161,0.0544691388858336,0.05674560372577,0.0459143373819799,0.070325215259154,0.0534082761530978,0.0657222993449737,0.0641202067563702,0.0602967988679647,0.1464981861061574,0.1356367029811611,0.0578008562136513,0.0523791154758921,0.0545733043311686,0.0571270022165411,0.049040019429567,0.0644974000358793,0.0669918831409344,0.067162790542202,0.0621110541028775,0.0629107165865168,0.0689893082452881,0.0653519293651081,0.0648194309328751,0.0670610711336916,0.0666395151620555,0.062944885334188,0.0645952688676603,0.059321663234261,0.0564049114762887,0.0600142945574031,0.0582027200723311,0.054184931512772,0.0682460761102259,0.0660247486843452,0.0610660879285021,0.0514139827339557,0.0624356205707368,0.0601335132491422,0.0507009399960205,0.0773422700266959,0.0580816081214337,0.0544560505995708,0.0696385542455857,0.053990348827253,0.0554329621944731,0.0574038599344444,0.0509340707636454,0.0466089521562507,0.0550983343253888,0.0536075761086127,0.0509626652456951,0.0659839552635039,0.0545608503787242
326780_8_consensus.txt,0.0588624430346218,0.0700621775053704,0.0677554571033152,0.0604737138762319,0.0651461928038381,0.0673111529371199,0.0634682198067997,0.0746458275010368,0.075092485276234,0.0723493674803563,0.0731819562572075,0.0759512976148242,0.0664219654982352,0.0694715530882996,0.0657806424765743,0.0652328126068955,0.063113949062501,0.0688913138205107,0.0454609364710556,0.0435230035751921,0.0433577580673816,0.0413024873917935,0.0464594544837089,0.0462771024255568,0.0495039456675838,0.0470621510519446,0.0503097113314083,0.0448746147938292,0.0407502086537387,0.0417923529856318,0.0430103035976872,0.0425659796146824,0.0425873469758801,0.0449286137231474,0.0404574966285498,0.0433123266924004,0.0975893544613644,0.0953511267133828,0.0941691297643565,0.1056890239792824,0.1019215051569659,0.0973810868906834,0.0918591790656178,0.0952067229269202,0.0967871310911618,0.1036010058514502,0.1020654444377502,0.0946140117040776,0.0966492259176563,0.0982267809488002,0.0984847692886781,0.1048880715392179,0.1005599316667371,0.0958776739458455,0.0461963764580248,0.0499666283411732,0.0517862405349491,0.0546622290660039,0.0550231350718926,0.0533969015743904,0.0471367077356239,0.0483242862389721,0.0523985538831111,0.0556076210664162,0.0542663924910282,0.0523905674785991,0.0469957522950936,0.0492263197951858,0.0515305904582898,0.055632888786258,0.0550082474026076,0.0511765224890456,0.0622059577467695,0.0691037437144803,0.0696557586794313,0.0613239089110067,0.0555077551432869,0.0615128410567331,0.0574634216049991,0.0732586394196435,0.0780943650262475,0.0591661678925552,0.0529886125529568,0.0581967185523035,0.0629191519246212,0.1012248156217623,0.074898176156938,0.0551622622550516,0.0593693983053027,0.060025797595669,0.0156303522721046,0.0081936764130086,0.0076799455686069,0.0056547528624406,0.0061529794442405,0.0058133266918991,0.0078586304599301,0.0057555374931208,0.006644162956924,0.0060116738212974,0.0058563986069284,0.0658918858268018,0.0108916670622392,0.0065466526364534,0.0074687823581962,0.0051927201238655,0.0,0.0314312319049081,0.044806934449296,0.042445686523588,0.0457942519826506,0.0452588601059673,0.0483396306845635,0.044115217424582,0.0455734581123827,0.0438736272040136,0.0490117388040047,0.0428666819483316,0.048753991381913,0.0495349725734994,0.0432816161550704,0.0443759530138834,0.0464728234600348,0.0446672816792705,0.0492917160035961,0.0447363069022852,0.0863127894950519,0.0559831860950748,0.0598302839703244,0.049206878418996,0.0736809774680233,0.0567423266947777,0.0686722868581624,0.0676210071449725,0.0633850748590196,0.1516153982379657,0.1398212389332744,0.0603974675011773,0.0540541285026137,0.0561570303054681,0.0606050315774124,0.0521707093856598,0.0665847417511473,0.068903011035549,0.0719060759479477,0.0670671696450533,0.068698801605473,0.0759284843395793,0.0719681629766402,0.0704357539776916,0.0721687764766878,0.0726246810905157,0.0679725730089089,0.0714078795584933,0.0647934314959153,0.0613142459115474,0.0646774713994551,0.063020084023238,0.0577508247672335,0.0753260234027157,0.0724086773083776,0.0665063294938237,0.0554220748351239,0.0656292360657495,0.0641960612715379,0.0558384011314148,0.0809874701373436,0.0623722333893992,0.0590113036923689,0.0754984081581104,0.0575843877697472,0.0620189536768389,0.0609125638864647,0.0553938472452832,0.0495716382646511,0.057229382307371,0.0579521053728697,0.0573955259130016,0.0707548931958221,0.0591840818805309
326780_9_consensus.txt,0.0813301458280895,0.092696057480448,0.0864033683541887,0.0800601833874505,0.0840575142598352,0.0846834094016051,0.0843753531303983,0.0923202588671863,0.0908842872507014,0.0906330845257619,0.093935133836414,0.0942491955603292,0.0849003846482414,0.0869593949820455,0.0789058487937008,0.0875617992954467,0.0793387012052351,0.0857367937522237,0.0717229911244841,0.0700703578727459,0.0659888220917972,0.0720954527548434,0.073461888584946,0.0726584146594593,0.0753748692135527,0.0743695873750382,0.0736483891086257,0.0778427910547012,0.0681132558302577,0.0690639788788729,0.0696749336572875,0.0717287156387183,0.0695528345883902,0.0761305497990916,0.0653797292514957,0.0691065351773208,0.1245200739982568,0.1220542156729882,0.1213064397378129,0.1342549212115749,0.1303848068352238,0.1253196014472219,0.1175625566057565,0.1215667722144351,0.1235952562917859,0.1321740247327962,0.1310840791866354,0.1226508071071084,0.1247570652203187,0.1252353155385464,0.1269573140477069,0.1334402167501975,0.1293955223864857,0.1238513587410707,0.0704321065726878,0.0755090522639188,0.0744579581145226,0.0805340520346389,0.0802534111693278,0.0778714087015597,0.0716570468733532,0.0730345763141642,0.0737514650813331,0.0825595925550635,0.079681654201674,0.0771656642817912,0.0709064033934945,0.0731482495989501,0.0738558483844693,0.0824384821063155,0.0800651319714802,0.0758599840851586,0.0869221131850626,0.0879959250412953,0.0931132150158822,0.0861118914903311,0.0822394666580574,0.0838105193482343,0.081385524845408,0.094537337613759,0.0986770858124046,0.08508262321822,0.0778600591288238,0.0814466172016326,0.0867607942555981,0.1186909569770477,0.0961994163335271,0.0815498874938001,0.0862752258066592,0.0843260171418167,0.0317290959419445,0.0319862889203372,0.0300670817907064,0.0355683807053957,0.0351986932286738,0.0326690047769453,0.0314106678168766,0.0340064177243357,0.0329847033829953,0.0345956121520112,0.0347434042622838,0.0852634142603028,0.0363068389670528,0.034307165600544,0.0333470398696817,0.0340575892179195,0.0314312319049081,0.0,0.074580046227993,0.0717159422024273,0.0757981486768173,0.0730962991045087,0.078762836183488,0.0754321100185162,0.0762787213970055,0.0733596809927892,0.0812801569103154,0.0729845335294321,0.0813068030832377,0.0829714997123236,0.0747520257294045,0.07626808395639,0.0778762146413596,0.0726095137110824,0.0802316084871961,0.076149437350371,0.103752888334883,0.0784297782952565,0.0800814030786254,0.0753724801268331,0.0947785893406711,0.0800329673506157,0.0913514777584252,0.0902634895999208,0.0838486294894185,0.1800211600362704,0.1566861696816257,0.0844224861613502,0.0802093386226863,0.0782165071722484,0.0824454499706428,0.0759546589219928,0.0889001525128474,0.0905030342825687,0.0911719988310215,0.0888080045723249,0.0894039991101962,0.1004756461517137,0.0948050780986999,0.0909647742317165,0.0903549257434574,0.0931885206728928,0.0890948266079201,0.0969031452199153,0.0897712735968596,0.0836542343349737,0.0848806339038903,0.0846338327977145,0.078766045899763,0.1002299648628577,0.0960152781592382,0.0875262054504855,0.0862127706735655,0.0954437510088022,0.0965812687585732,0.0928094019379051,0.1081971706153712,0.095813628239167,0.0900816351896445,0.1051693047266253,0.084787844180858,0.0998862853754092,0.0880878373690512,0.0905692364970534,0.0811768313651164,0.0868601145991032,0.0903389264471723,0.0958814179154208,0.1022730032152949,0.0909705714300344
326797_10_consensus.txt,0.0668717300788337,0.0763203246011627,0.0746636964915445,0.0726633138170651,0.0766803914842997,0.0801363552318097,0.0753373276250339,0.0844443079042456,0.0886826113176173,0.0862504089761859,0.0819014941493074,0.0872655314973815,0.0791412689660795,0.0835749927189475,0.0805501942782305,0.0727999767358946,0.0739142625235729,0.0828501528914236,0.0368630581201383,0.035830496539571,0.0370189578649409,0.0360516108062451,0.0382393190025203,0.0389427699080373,0.0383009153753119,0.0382390221962776,0.042269401298407,0.0422904592280879,0.0335527075335333,0.0359020782209853,0.0352471614048122,0.0357160742363626,0.0343535082794161,0.0382660994258419,0.0334555230638216,0.0355416291684438,0.0848697991022922,0.083530608336992,0.0827368890488804,0.0926246181230814,0.0884938918883451,0.084852997504301,0.0809162790909772,0.085121319495272,0.0855956074130812,0.0908676074039194,0.0879363409692004,0.0845230939412626,0.084437931289484,0.0871558426863323,0.0872301285680405,0.0909397032535324,0.086604201618039,0.0837837450631164,0.0570521124161382,0.0578421556432946,0.0586181303266384,0.0638852877921092,0.0615066574259612,0.061074193347026,0.0574194740170357,0.0573445222026434,0.0598250368419126,0.0629617444776267,0.0610148323979036,0.0597726659531012,0.0577107960067513,0.0574225344962524,0.0584047998600114,0.0638416865120987,0.0622060294156376,0.058783444729789,0.0559099007112751,0.063509907164061,0.0646935423678014,0.055850383159826,0.0491144084566954,0.0556925578177045,0.0508461399254969,0.0707523730404489,0.0765167716872934,0.0511956732844822,0.0487357896343016,0.0526318086277628,0.0531983024473001,0.0901979745292873,0.0669903132229166,0.0488743373698525,0.051165631219165,0.05290277082839,0.0518571257695947,0.0450739850758337,0.0460363326780255,0.0448284484576619,0.0455966536754832,0.0455368583483055,0.04506555164782,0.0450875123624587,0.0461255080431666,0.0456157504514624,0.0464118959747708,0.1045970611971904,0.0495545260927716,0.0472681054223631,0.0490512465834491,0.0452990151679495,0.044806934449296,0.074580046227993,0.0,0.0104774467523691,0.0125060656240787,0.0122685253519749,0.0105086260890132,0.011925129256725,0.0089604201964039,0.0126286025640567,0.0167901816569884,0.0110361872139854,0.0130054319583576,0.0142226448712898,0.0081301865843048,0.0122526445638282,0.0120987401095744,0.0137429832003412,0.0133925088791819,0.0106340027919564,0.10306513707875,0.0693310892209826,0.0791854538055094,0.0648572551635497,0.0883271999044055,0.0727459003628192,0.0814232446062543,0.0852652921021785,0.0824499900563822,0.1568630485628892,0.148773916046994,0.0714949888519917,0.0655357433930969,0.0718793267761119,0.0768016281820793,0.0698054474747253,0.076810409338119,0.0841611827477617,0.0790170723892398,0.0747547056552306,0.077436005513503,0.0835459888492824,0.0815702066891699,0.0794364843142041,0.0822737023139197,0.0827058996682215,0.0765610313167899,0.0770054383565144,0.0698669918431704,0.0670202622372544,0.0702299195533999,0.0705384614928865,0.0642097513567083,0.0837156777961327,0.0804473040900539,0.0737897804161082,0.0573507070665773,0.0669936771014807,0.0686648076950646,0.0540631840717553,0.0851554217008105,0.0610399048903769,0.0588581448793359,0.0792514916293187,0.0656319663921944,0.063204440968672,0.0658267578523315,0.0583147008094755,0.051492258403889,0.0620371313167877,0.0602164017374731,0.0582447949599975,0.0765977908345822,0.0608339480674775
326797_11_consensus.txt,0.0638217008065762,0.0738563275077588,0.0732080462820512,0.0679189835842715,0.0746472988281405,0.0757793961388682,0.070660952395384,0.0815172650640532,0.0864471255856251,0.0827882074324071,0.0796376692011433,0.0829291953687736,0.0744828856986741,0.0778884077711143,0.0770573120895319,0.0691807442359895,0.0705621578426898,0.0785992116949731,0.0402303054845383,0.0374735713855205,0.0391389315003127,0.0359483397527675,0.0405263632696657,0.0417480614648289,0.0421983513930204,0.0412967989857548,0.0459315665082424,0.0403297513184472,0.0346559844507687,0.0370591855219553,0.0373828876728818,0.0367881730110628,0.0364673865930518,0.0383271873980275,0.0352983034498013,0.037969657272777,0.0846725183368581,0.0829918191305862,0.0813978053882369,0.0907189996864756,0.0874130964847879,0.0832933607978771,0.0801225905212632,0.0836963248318944,0.084004572559869,0.0887015262265027,0.0863812115029238,0.0822127078060601,0.0829623272564124,0.0855859529124263,0.084950162154147,0.0892331447912102,0.0859320342048564,0.0825149223802563,0.0519799793665436,0.0538425413485503,0.0555345148802386,0.0580406589254494,0.057041009098226,0.0564987691064438,0.0524963702848744,0.0531887127258379,0.0564623152105632,0.0573542037622019,0.0564240178286699,0.0552801371476983,0.0531702374107263,0.0531069776924946,0.0557428984330838,0.0579027662558413,0.0576771787393823,0.0544303783866668,0.0574485171856906,0.0668921370566355,0.0674480548574614,0.0559089641699239,0.0500091034720009,0.0588468828377974,0.0541361618375102,0.0721238853790398,0.0782843358304941,0.0531958582460383,0.0498578908422651,0.053836614811793,0.0573384614950516,0.0923096768909372,0.0727916393845573,0.0502505061102489,0.0526342237657138,0.0540877275641307,0.0521024212344958,0.0437996928012598,0.0449327794684091,0.0413333597264813,0.0415813596405429,0.0415608527125295,0.0437882719715929,0.0421212061582956,0.0429333855222475,0.0417915774416322,0.0435703945890271,0.1015686686505175,0.0481260385129358,0.0435037689436423,0.0464160093482792,0.0413545058782975,0.042445686523588,0.0717159422024273,0.0104774467523691,0.0,0.0119994563275476,0.0140535355826338,0.0101457406646865,0.0110941045737931,0.0139512203424647,0.0085733581556892,0.0170910231928633,0.0100927821399006,0.0104433842153328,0.0125299062417623,0.0099407851887383,0.007996975398508,0.0105269351147416,0.014298409978636,0.0118530212066572,0.0110280640654458,0.0943154662345939,0.0633666091681224,0.0720145164290393,0.0578947042059443,0.0806385848140323,0.065941186336353,0.0747339456583251,0.0772358066146612,0.0759270900977497,0.1535099779044406,0.1396438248919675,0.0648650475924021,0.0597517672254417,0.0654123497004892,0.0708964734685775,0.0623408698842045,0.070876302847421,0.0771534434004426,0.0743034135088045,0.0697931064771539,0.0714438076714731,0.0762699115886968,0.0745789164236807,0.0735624461517616,0.0769000742222738,0.0761295543802589,0.0713477939170346,0.0705878335241605,0.0646297404914166,0.0622069296385756,0.0656093708459293,0.0655304704649708,0.0607045511040809,0.0762277852555133,0.0735399114592549,0.0687222941635692,0.0550800663049866,0.064784652731122,0.06502729211204,0.0504338777934574,0.08251539522489,0.0574293637888967,0.05648308744742,0.0735936765704714,0.0631934602663193,0.0580483831267377,0.0639143064776517,0.0546198987508281,0.0494999130868851,0.060955717640474,0.0571056344489049,0.0529667457673879,0.0710019770478087,0.0572616666099135
326797_12_consensus.txt,0.0649307039633999,0.0739940707615591,0.074244635637755,0.0700034424851514,0.0752868217306401,0.0774588149350989,0.0731198173825866,0.081349729636857,0.0863296701111471,0.083990595059137,0.0790797404537801,0.0839806513428653,0.0766691641669528,0.0798081854953371,0.0781246071193439,0.0694885591611944,0.0707405578872553,0.0804364452973196,0.0394720894006743,0.035217922105879,0.0388608890665604,0.0358996115242851,0.0379465553293272,0.0405677980944094,0.0398973178318859,0.0395981765248159,0.0442159229189798,0.0404240390916914,0.0346237972241221,0.0367629371498479,0.0364945532512432,0.0359573338513561,0.0368550469750212,0.0382699536460453,0.0347837584881052,0.0370552839660751,0.0855031452957693,0.084311817573945,0.0829423387836048,0.0925421980274823,0.0890847695528851,0.0851048095989739,0.081341490169251,0.0848817320491335,0.0858802250786405,0.0907587705060439,0.0878864885087047,0.0848176377837877,0.0843978023173228,0.0872576032240077,0.0870340075494198,0.090643998823098,0.087204448978639,0.0841375728594142,0.0555968919229385,0.0565104326180474,0.0587108529366133,0.0615580223033891,0.0603150833487138,0.0588462671648928,0.0560200484023258,0.0561869477347087,0.0594795436457715,0.0606513130773507,0.0596386184735493,0.0582985763095846,0.056422527551958,0.0561501244500668,0.0584526833133889,0.0615991739246695,0.0609939292280827,0.0577698869300036,0.0561492353921044,0.0660775981632806,0.0660492411213793,0.0570741062133386,0.049644731932716,0.0580490976192882,0.0525377894371787,0.0709528385626683,0.0787577390864759,0.0519244710285882,0.0504082570630357,0.0527306259096578,0.056062363110489,0.0916071294667055,0.0717258994439484,0.0497102700970071,0.0517211905317944,0.0538402404814597,0.0535904738189643,0.0469007135111407,0.0479157054588403,0.044706332044889,0.0451531470185919,0.0457277292987781,0.0469479979872842,0.0453715219693933,0.0461994819541056,0.0448968681621337,0.0469130014216405,0.103310455647632,0.0511110335620923,0.0474528158850535,0.0499353957906389,0.0454742480372063,0.0457942519826506,0.0757981486768173,0.0125060656240787,0.0119994563275476,0.0,0.0160529973503287,0.0125152080639709,0.0120911581331357,0.0143435600770303,0.0139305867305203,0.0149210501982537,0.0127018917016474,0.0129613085749644,0.0143471235755319,0.0128593559707681,0.013792926082484,0.0099690315840454,0.0148429220355588,0.0143654364806762,0.0114916584382749,0.0982340876829983,0.0653069845107428,0.0758380165661005,0.0612532743237519,0.0850682550229047,0.0701450496683095,0.0787717437798525,0.0814132673200873,0.0803270883802715,0.1583043581367693,0.1439190272965538,0.0687778433581645,0.0625218391634936,0.068673597049349,0.0738236511766139,0.0652578120655986,0.0724402181572081,0.0793948502457722,0.0768534407053973,0.0713476533785977,0.0752585288568621,0.0802271531452287,0.0780184833643922,0.0773466060315515,0.0802351447395448,0.079633301126468,0.0741051384795286,0.0740158900676899,0.0670954696781294,0.0656492428359998,0.068401563300581,0.0686531654094597,0.0625136180934049,0.080266612897728,0.076739252244657,0.0716386382166307,0.0574557429639126,0.066390613775308,0.0662529980913531,0.0523162366073499,0.0868805768766831,0.0602409235888972,0.0593671656668366,0.0764616693862816,0.0668236116020981,0.0605863599740565,0.0668164107563233,0.0558212768069221,0.0510102919340829,0.0630506909027524,0.0600289406782348,0.057113863907098,0.072508313420248,0.0592381141607543
326797_13_consensus.txt,0.0663899249939872,0.0756012044528384,0.0733225457169339,0.0709027683585103,0.0752243009182462,0.0776168130730097,0.0729232469047129,0.083182863903203,0.0863445905223985,0.0846283595365333,0.0811052908360689,0.085830619517794,0.0779659439922797,0.0802367759121658,0.0771286911486734,0.0720010695186426,0.0717060383695074,0.0805756764558331,0.0390935993568559,0.0378684466479235,0.038887434355459,0.0381922067632354,0.0398087866749801,0.0411727294371075,0.0414246781273064,0.0401218681860342,0.043776046941601,0.0442742242594196,0.0351565301728369,0.0372590355202255,0.0375600600295609,0.0372078328863114,0.0356804875109402,0.0398632022488261,0.0347066483710003,0.0379371528354965,0.08574793518655,0.0842185292258932,0.0838069045032767,0.0943110321696725,0.0904556181093347,0.0862821394469204,0.0816463594699392,0.0857275329178612,0.086746128552746,0.0924961466982008,0.0898458653093774,0.0857688371561513,0.0857050632918561,0.0882252046757487,0.0885786074150791,0.0927757975401828,0.0886002408687867,0.0853776082944364,0.0552557308769507,0.0565156266070365,0.0570736767151238,0.0630074717480564,0.0605169518046935,0.0596148957270008,0.0556472964797345,0.0559373560622935,0.0580406556529524,0.0621535564089574,0.0601880076288781,0.0586216029188717,0.0560745476301463,0.0557556516631043,0.0569029399830007,0.063029798379075,0.0610555477800227,0.0576748928096897,0.0568295531215019,0.0644731933079825,0.0656198442566822,0.0574086355867295,0.0511505136415797,0.0571674036021434,0.052609814089382,0.0707774278963944,0.0762236993730676,0.0538633537032113,0.0512466893605267,0.0539494165637179,0.0556823266820112,0.0910541373690847,0.0677648955893142,0.0512912297431205,0.0538411227420017,0.054763675090486,0.0512470567759164,0.0464334338156318,0.0456164324789085,0.0450805529999192,0.0461460858741329,0.0459397744061949,0.0457494655076073,0.0457826266566891,0.0457840005306255,0.0455467543004228,0.0462679718956993,0.1024437772892392,0.0495363891883329,0.046938425205508,0.0482147557764145,0.0452680597165082,0.0452588601059673,0.0730962991045087,0.0122685253519749,0.0140535355826338,0.0160529973503287,0.0,0.0126359457923985,0.015448271584848,0.013004583054454,0.0144950464070756,0.0197763688258554,0.0112734443936677,0.016306817404013,0.0178941236527121,0.0125817958171481,0.0150996219805286,0.0157053291774582,0.0117077707163684,0.015286873304781,0.0141130708716747,0.1019200124596597,0.070863485959653,0.0783635089461185,0.0653880392662165,0.088481622256479,0.0719631126223223,0.0818325188783291,0.0849817672684585,0.0814366799725485,0.1610615080293902,0.1458211086552729,0.0722903606241276,0.067926638467358,0.0735873999086429,0.0753839606515374,0.0705401487779999,0.0790403698325423,0.0846517095980647,0.0775704024670309,0.0743250449185826,0.07607869908127,0.0835150812006206,0.0812096171061309,0.0786949337068829,0.0807587037913535,0.0814193170193506,0.0750920220852737,0.0770879893761016,0.0703596751789827,0.0667118596896259,0.0692092480699573,0.0700991636689067,0.0636466701047888,0.0836069963145647,0.0799447001642521,0.0733263008524893,0.0604515334822135,0.0683842436502226,0.0704315828189958,0.057988450466019,0.0851536798822127,0.063518333884005,0.0610622261615985,0.0802795855527334,0.0666507483776133,0.0658982685366753,0.0667365917110913,0.0608730339318182,0.053527005009899,0.0626615320568211,0.0615290529092522,0.0612055826429749,0.0767507925534989,0.0635237931098497
326797_14_consensus.txt,0.0668427563585831,0.0764170124929553,0.0762741002825233,0.0710824862831476,0.0770414652321695,0.0798753723098153,0.0727421110016948,0.0838182372504734,0.08879749123275,0.085774458735198,0.0799296273312712,0.0862414272016751,0.0779308775497984,0.0823275554546407,0.0807272659609283,0.0720147606234729,0.0738535721850874,0.0840080709770889,0.0394280797022545,0.0367906999856328,0.039061050459586,0.0334560521601927,0.0388943078259451,0.0395073863328185,0.0402532090107907,0.0379008315037507,0.0435959521438613,0.0382268653343285,0.0331841211397918,0.0351149081324759,0.0355763068555763,0.0343258681893425,0.033398870425378,0.0349169446251389,0.0345960707006467,0.0371434879853644,0.0794700386000908,0.0781020355275696,0.0769588888883712,0.0867565301442097,0.0827548097772554,0.0788289278647056,0.0758663431132564,0.0794350240724162,0.0797311599891932,0.084890149239527,0.0823795574223531,0.0787855360997866,0.0784795154980138,0.0818884559424795,0.0812211357934771,0.0848878190704836,0.0810654738063467,0.0781499200225122,0.0528355818580976,0.0533804571823628,0.0547444690454721,0.0589914155240194,0.0568310982833946,0.0564446950217236,0.052794957129219,0.0532653621575942,0.0560058676831278,0.0581038610321593,0.0562472047743431,0.055241132090499,0.0535378351262956,0.053385602695041,0.0549593834368042,0.0587583509485485,0.0575180761325828,0.0542776527977997,0.0580665410349645,0.0676040964944295,0.0665093825399978,0.0586935914454009,0.0507942337372986,0.0578449566479353,0.0533286257512086,0.0709740010654069,0.077701935590178,0.0552215017393642,0.0503335208699606,0.0549895159090256,0.0575549858816879,0.0916367308632253,0.0691967243214586,0.0508300853782142,0.0532672287631745,0.0559413761852232,0.0563985907473609,0.0498601289199127,0.050468211439572,0.0467523353031946,0.0479295047787164,0.0478718667723807,0.0485945945473274,0.0474472305860773,0.0487047948840286,0.0478024866380799,0.0493465330087712,0.1063933867981337,0.0539968704534192,0.0493465435421205,0.052784693712967,0.0473598404960675,0.0483396306845635,0.078762836183488,0.0105086260890132,0.0101457406646865,0.0125152080639709,0.0126359457923985,0.0,0.0113017784097504,0.0124383280684794,0.0107971979066645,0.0142449795323695,0.0098540289263606,0.0091293323621481,0.0121157350238458,0.0093145055362278,0.0102617455618752,0.0109287794880286,0.0129399318487726,0.0084541020145065,0.010553316622504,0.0987749858589737,0.0704198416569488,0.076373660138624,0.0626453511826969,0.0843487979877952,0.068764121373495,0.0779292062091148,0.0809482572148558,0.0787832809601338,0.1537846895014629,0.1442186267701846,0.0705533677387446,0.06666636583246,0.0729624879341415,0.0730438715198307,0.0694439174531318,0.0771975627431906,0.0846803545898939,0.0734691284318911,0.0695506004687018,0.071502233601234,0.0772153200966139,0.0755827398460464,0.0739979462929456,0.0761897568304386,0.0760580743474408,0.0708260752937413,0.071009039600133,0.0652415126702381,0.0627683358246828,0.065864599992973,0.0663394163330153,0.0612747539701912,0.0773810861623003,0.0745415888223322,0.0685468329411254,0.0589605148593497,0.0665975737368107,0.0681106196116996,0.0537235762836161,0.0842041110646487,0.0604267873478256,0.0589232724695971,0.076880273781847,0.0661734405835892,0.0598744609043313,0.0660895565487136,0.0572477239784312,0.0521947693646218,0.0614116695710587,0.0592754613314348,0.0550285569806732,0.0746784477694353,0.0607791570454221
326797_15_consensus.txt,0.0658811588972794,0.0746232064482352,0.0748804938942937,0.0694194820018019,0.0752976622493148,0.0789100892256762,0.0720517881311515,0.0826850908170424,0.086658023834051,0.0829017961735445,0.077648922731754,0.0832597932134628,0.0756982082772257,0.0798325744384911,0.0793601058551711,0.0700727872880859,0.0718429244930796,0.0799220506618088,0.0411350217215327,0.0364667063396897,0.0405288579177867,0.0341076886586559,0.0393282719354095,0.0407195990234878,0.0421479176372212,0.0399034257583954,0.0451961991954776,0.0372448000759,0.0345675348443892,0.0362840610552126,0.0370730032747079,0.0354479580993558,0.0365399295826565,0.0359292133119133,0.0357809747421589,0.0392713110366358,0.0812314493459105,0.079429697255879,0.0782435553616576,0.0878925231249008,0.0846107182098458,0.0807937230393651,0.0772779432766768,0.0800991901374494,0.0815231020010562,0.0863438978109094,0.0836423319611681,0.0799370238599586,0.0800549876450213,0.0820613298424701,0.082119320539113,0.0862738935398281,0.0830750177358625,0.0798754934966812,0.050785765805644,0.0513957383014043,0.0534895766852052,0.0558981304770842,0.0550791137043162,0.0537829800669049,0.0507757203600469,0.0508556011599257,0.0546773194626908,0.0550270800395358,0.0542392767797395,0.0530231390092037,0.0513318216859293,0.0510948515742555,0.0533630405820986,0.0560732105189272,0.0555852446570357,0.0523280820408897,0.0582547494644245,0.0692567332189675,0.0673793939712688,0.0581217932440578,0.0512097299480247,0.0582608414737499,0.0545929247885945,0.0717509060071757,0.0773384401099344,0.0555860696740886,0.0510240849834771,0.0555714233687689,0.0588220885474664,0.0937120463478589,0.0720548222481936,0.0510225429716726,0.0531125924102893,0.0565346845481427,0.0537068421908815,0.0467431319067435,0.0473606168433606,0.042914021508368,0.0432926913108993,0.0437734783408121,0.046434519198546,0.0431892337547754,0.0443573110160597,0.0434379844667125,0.0457255859099827,0.1011597769978456,0.0517595191111945,0.0461365361142345,0.0490511782629692,0.0433914115437819,0.044115217424582,0.0754321100185162,0.011925129256725,0.0110941045737931,0.0120911581331357,0.015448271584848,0.0113017784097504,0.0,0.0147562544366683,0.0119586724925273,0.0159304828975468,0.0116339104435612,0.0103830429656319,0.0089680889033481,0.0110457181652972,0.0104499162035809,0.010531078582546,0.0153039804569026,0.0115062137094055,0.0075296119785353,0.0956885137536573,0.0672169848899288,0.0733588602607362,0.0595332879871222,0.082600829335961,0.0678551458449785,0.0755157726470985,0.0783659420027902,0.0770250128283693,0.1582881723829237,0.142463760254806,0.0686908409747175,0.0640289329124348,0.0702604461691311,0.0715934262546298,0.0655044913856546,0.0744323988124424,0.0811678133874478,0.0711619400592775,0.0655417291325131,0.0690027421908192,0.0734051420142254,0.071724527543199,0.071247097632157,0.0737139830665363,0.0727039346376408,0.0679524675703993,0.0675255646995953,0.0618552901731979,0.0602821167860607,0.0637858406537175,0.0634168845761822,0.0584801565850545,0.0732203658837518,0.0704174903215184,0.0658610577656961,0.0569564032707861,0.065237253308962,0.0649935596421826,0.0514634753861811,0.0840524460969414,0.0587849410415906,0.0581993376544023,0.0736348314065384,0.0628901138897681,0.0572960262679069,0.0648858157398057,0.0546498412432461,0.0518188263642391,0.0605932795248334,0.0579203914914767,0.0535072514468151,0.0706547977714358,0.0584664186733761
326797_16_consensus.txt,0.0675221504768543,0.0743392079526845,0.073439812902416,0.0726478545865818,0.0749435719539013,0.0784024402608185,0.075807165979187,0.0835955736535911,0.0875040049022226,0.0870980035868367,0.0804514487970937,0.0883632441485646,0.0798566350435168,0.0830278595285829,0.0801456777291127,0.0721958770389026,0.0742238540773083,0.0827734242101074,0.0351325411609586,0.0342368170076916,0.0359330734736529,0.034997998580672,0.0364236244336764,0.0368721093476578,0.0370343289125942,0.0360054239292617,0.0401594225847787,0.0420409318967243,0.0327112393187114,0.0345362011503702,0.0339043083046597,0.0333896233289134,0.0328892725580178,0.0370610240519395,0.0323540337141929,0.0341938636212777,0.083390570453659,0.082054301235181,0.0816770219464038,0.0926915984055805,0.0878302206990842,0.084149618781252,0.0792169422620521,0.08360008848876,0.0848108374979537,0.0907373611711737,0.0873318066533812,0.0844401942000256,0.0830722733935145,0.0863784719796214,0.0869424255936861,0.0907289498895425,0.0858238959092876,0.0835416479286212,0.0595993984510272,0.0603013222526875,0.0604692137313449,0.0672952473838668,0.0642094019556402,0.0632414278404516,0.0599488207535934,0.0598418139266074,0.0621325380320403,0.0659537614880694,0.0637178169894134,0.0616787422053066,0.0601945091938622,0.0597735013614642,0.0601409428541499,0.0668983979783774,0.0650375299668564,0.0611870671057994,0.0533226924837384,0.0616128430577722,0.0633060302612413,0.0556778290399098,0.047450599383783,0.0532516422547786,0.0482874477381489,0.0676846936827866,0.0748179983151144,0.0500694279957709,0.0481351154037597,0.0509303809970944,0.0515097312421923,0.0878645567744031,0.0642783115856504,0.0486289249353841,0.0504528985914296,0.0513798278039434,0.0520507397106992,0.0456687358330114,0.0468102014165934,0.0460552188141045,0.0469928278832911,0.047032067868975,0.0455612586300393,0.0458450427030783,0.046556732567363,0.0460803136493499,0.0468590445639458,0.1051721109430525,0.0491505812587655,0.0482605395860566,0.0498151702286246,0.0461872231605093,0.0455734581123827,0.0762787213970055,0.0089604201964039,0.0139512203424647,0.0143435600770303,0.013004583054454,0.0124383280684794,0.0147562544366683,0.0,0.0138555216918394,0.0174632977742756,0.0122314225379831,0.0160860920832037,0.0176361022060769,0.0098738341214703,0.0151883103265966,0.0141584743728859,0.0137066918965693,0.015895019123441,0.0127201345965524,0.1066537492719259,0.0730235693508056,0.0819064885233116,0.0673021884100926,0.0912831697311915,0.0751756440999278,0.0844300041701648,0.0880815815390683,0.0850379782618162,0.1599203282016841,0.1504655960759162,0.0754100547071061,0.0689631520525209,0.075679657278366,0.0789519947482393,0.0737641395390484,0.0804286611698312,0.0868541032823033,0.0822149191699566,0.077823584625138,0.0803701921643735,0.0875202717665972,0.0852972971495855,0.0829979723867628,0.0852553816721819,0.0857031203218792,0.0790437223124715,0.080591932993129,0.0732005254423935,0.0702282788661143,0.0730628769390087,0.0736534173847918,0.0666608977391352,0.0876994537516964,0.0841740820867471,0.0770559948339189,0.0589205527538378,0.0682028896468693,0.0702628014559216,0.0563773438138639,0.0864881677573379,0.061648566551633,0.059552370316755,0.0809428948321313,0.0671918702508307,0.0646680481496178,0.067233597770568,0.0585494586970671,0.0525958215395361,0.0622120932056047,0.0614530503723482,0.0593143632324153,0.0773546213200031,0.0627607033621862
326797_17_consensus.txt,0.0661671544924056,0.0751304249630937,0.0743420203191611,0.0678465226344018,0.0754805756752619,0.0770362831392477,0.0700465402040517,0.0818155983205404,0.0858064975483881,0.0837776184413439,0.0789526457538682,0.0837325054766093,0.0752450005586133,0.0792300823003069,0.0779438700297943,0.0715370111869955,0.0725630448379002,0.0804544720901896,0.0379559180680999,0.0354129551179891,0.0373429920697514,0.0313249116242912,0.0376356132753157,0.0388145792170755,0.0403230200512245,0.0359482895938541,0.0417669269610723,0.0357253284076239,0.0312726463490333,0.0333171499882922,0.0354824814813543,0.0319212665535566,0.0330914706403167,0.0328458705610259,0.0324732271578316,0.0373997498695644,0.0745517833740079,0.0731972424066995,0.0719850522467515,0.0813405929961188,0.0771354389988463,0.0733061177838099,0.0701679033038562,0.0736581519573249,0.0736304093522317,0.0793399777186643,0.076442446256121,0.0729921196152121,0.0731761733099647,0.0763120056956339,0.0758581646927512,0.0796326460837928,0.0756949078611342,0.073082353804768,0.0471430428085346,0.0480462441857723,0.049152517168145,0.0534895145409795,0.0512685782477246,0.0504621905484512,0.0479225163722922,0.0478984896227263,0.0500840813872169,0.0526400813418739,0.0506245575163131,0.0493244461178132,0.0481817966717104,0.0475069690958323,0.0491743336805043,0.05336111460237,0.0518736942748141,0.0484454857137546,0.055366317664637,0.0646924320349002,0.064866148978429,0.0552392910806238,0.0479101590202448,0.055630997093595,0.0522360404808104,0.067129524773259,0.0705826794926505,0.0543192787835149,0.048344312427301,0.0522589950126892,0.0567324520228176,0.0856664248243461,0.0671267778715449,0.0494819853490771,0.0527695766606868,0.0556628338199178,0.0515178795758242,0.0461600506754225,0.0458269683994974,0.0424727058840233,0.0433791112961943,0.0429289615318335,0.045476514694358,0.0432251466681563,0.0438420065523335,0.0429485800585602,0.0453625061217737,0.1006866718632952,0.0505045688493721,0.0451945762822507,0.0480452699407329,0.0424658155296766,0.0438736272040136,0.0733596809927892,0.0126286025640567,0.0085733581556892,0.0139305867305203,0.0144950464070756,0.0107971979066645,0.0119586724925273,0.0138555216918394,0.0,0.0149150671066342,0.0111669803582259,0.0119197664722756,0.0119863677882126,0.0111754480105368,0.0081466278326542,0.0123130626159255,0.014398563712584,0.0117548482942559,0.0115687407815192,0.0908290871567327,0.0686483337604055,0.0692578675533166,0.058358107883464,0.0773349046041795,0.0634666262939198,0.0719859297656144,0.0754152087415018,0.0727069014068622,0.1531963312180071,0.1345874338655521,0.0667817213667634,0.0637406029400544,0.069210120294521,0.0684815771600106,0.0661237060670325,0.0748406626861362,0.0808332100723623,0.0699886895533055,0.0660655007121571,0.0668921046797956,0.0735028159160107,0.0720291737631608,0.0701098508953137,0.0730628035061453,0.0722942040583234,0.0671446844765402,0.0678559487783987,0.0625987708854172,0.0604451222667954,0.0626225053936702,0.0634619350846596,0.0583947927066832,0.0738447687436503,0.0708544655431238,0.0653394968311591,0.0538346550189743,0.0625107365446071,0.0642504742428995,0.0505481686702431,0.0799072894040984,0.0553762777097626,0.0546269271382264,0.0722397064499613,0.0607337933279668,0.0548715558235146,0.0622011270273823,0.0532649511251435,0.0486630555858988,0.0582370532995941,0.0544612809490638,0.0497857631066596,0.0684565329163104,0.0556104696431027
326797_18_consensus.txt,0.0713749516930573,0.0791146109609037,0.0806504973911401,0.0745153012606598,0.0796373521744975,0.0840581010235954,0.0784296376831346,0.0852156422637406,0.0935240960315848,0.0888224124927363,0.0801404949641408,0.0918021523129812,0.0832978434723257,0.0857289469654256,0.0847903058192027,0.0771574358586519,0.0790405649605183,0.0871852029646653,0.0403591971156931,0.036881988225665,0.041199222457271,0.0325787475026597,0.0387903246525782,0.040247262328835,0.041694483502618,0.0357805246884144,0.0428931796607185,0.037564586781281,0.0343075160720687,0.0347506866061877,0.0373874749239258,0.0325611407702881,0.0345926144930119,0.0340092088434085,0.0358291753051549,0.0396620168326009,0.0759647003416592,0.0749440274865662,0.0739642813932812,0.0834561842900587,0.078987514598821,0.0755085997519087,0.0720162130238621,0.075634606809352,0.076120124394615,0.0815889986471622,0.0783590568037118,0.0762107880754578,0.0746805202793066,0.0788722855852821,0.0778726094744488,0.0818671855447519,0.0772078592114811,0.0752880782096188,0.0551936892371616,0.0552760101312355,0.0559729867212333,0.0615292395525735,0.0583530430434677,0.0570942633660127,0.0555032353636733,0.0551784346938726,0.0581061807571625,0.0597063824509671,0.0576897992603022,0.0562665481025206,0.0560573010996598,0.055009956839406,0.0563862476332346,0.061221034078331,0.0592706612434641,0.0554464537958239,0.0579563662767261,0.0686831897304696,0.0669015253288023,0.0617136199215453,0.0502726259378274,0.0562070012196489,0.0537459739112895,0.0699563736367174,0.0753558340920044,0.0584640460283516,0.0531899758464078,0.0569056878607607,0.0590920496879743,0.0895572214532514,0.0702736829434194,0.0530593583708061,0.0561200811106044,0.0591251109610366,0.0554269892630028,0.0517492048971917,0.0515580883503927,0.0472507306819629,0.0490191205951555,0.0492241521078931,0.0503474835902526,0.0475114645416105,0.0483924036312739,0.0478441937957141,0.0507758787120833,0.1046249116582807,0.0556858968784066,0.0508447296957941,0.0539394089172624,0.0477639045524949,0.0490117388040047,0.0812801569103154,0.0167901816569884,0.0170910231928633,0.0149210501982537,0.0197763688258554,0.0142449795323695,0.0159304828975468,0.0174632977742756,0.0149150671066342,0.0,0.0158750587476941,0.0155115335655589,0.0156552030566592,0.01493070648291,0.0160586446684281,0.0129388723296095,0.0199825837380256,0.0153903996040574,0.0148515344940118,0.1024104154887881,0.0765360987388437,0.0782796565268455,0.0656330066891515,0.0861706720082011,0.0715033378122242,0.0799418952623511,0.0834319427010497,0.0803223088719864,0.1584069812587181,0.1439019758050168,0.0761341245333575,0.0720472107324647,0.0791880920136378,0.0761420800853471,0.0754707860816434,0.0839575330396371,0.0902460555707831,0.0776593596917001,0.0725993380335854,0.0755814513620212,0.0817980005026042,0.0800625726622916,0.0782318829708978,0.0810194005292341,0.0800113283590526,0.074348247044341,0.0748865460678178,0.0694210098651213,0.0676428108847941,0.0700003198021663,0.071554378976419,0.0654284239907871,0.0821464733483976,0.0784424958411325,0.0724656642173524,0.0626916917515849,0.0705706475173597,0.0719885757624547,0.0568763352581669,0.0905634041396012,0.0636522567813449,0.0618773790167157,0.0779535600363559,0.0687039615197999,0.0609938351029564,0.0689961409551642,0.0583268944118469,0.0567159845715306,0.0634477150409171,0.0614903252301459,0.0564650312335723,0.0778892632239287,0.0639931778883866
326797_1_consensus.txt,0.0647481308442374,0.0743632338676674,0.0739275425226502,0.0679911560075581,0.0747013337872983,0.0758836883243043,0.07005800438706,0.0799828842627965,0.0858311016851427,0.0824613576060748,0.0791035506662938,0.0832360865662078,0.0744047684911075,0.0779397193569995,0.0770148121846157,0.0697220358597698,0.0705307893845939,0.0795627879206959,0.038119459108759,0.0363471561311561,0.0374616584614075,0.0338729679432106,0.0382435542308767,0.0389475244261987,0.0396237288942877,0.0383029368361791,0.0428225241723305,0.0378455293097763,0.0326308500059147,0.0348027608637577,0.0352533246941568,0.0340305707681976,0.0332445092044979,0.0353499720826988,0.0335600102681752,0.0369042533597525,0.0825674245219296,0.080666389856411,0.080051923357769,0.0899357619997394,0.0861338434190432,0.0815166143714671,0.0785176706246009,0.0817349638566362,0.0824697587129055,0.0878394689973918,0.0853178359182953,0.0811668957169615,0.0812666366766965,0.083847542390786,0.0837082631196954,0.0882547659502286,0.0843960202196276,0.0808831478113294,0.0510245572898035,0.0526300515676334,0.0549792802642006,0.0582228900275332,0.0574166630514412,0.0563463572150508,0.0512948231032002,0.0520593391648489,0.0558605408596042,0.0578092611019807,0.0563852061836902,0.0551581326025871,0.0518564957545937,0.0520608352725266,0.0551110515244861,0.05827389614194,0.0577429425187183,0.0542346368131552,0.0564381990037734,0.0665465470386612,0.0653076752823169,0.0580319624547076,0.0496840839516243,0.0586652710669319,0.0533006762294112,0.0719313322245893,0.0765131226731581,0.0545336241467175,0.0511597758407891,0.0545466292957055,0.057754770537274,0.0920039734211579,0.0702072760249521,0.0508546551391715,0.0539806787388768,0.0550123745827635,0.0515795545111412,0.0452841387969904,0.0452595904682677,0.0413757510262264,0.0422419618648222,0.0415899655309601,0.0439433354836573,0.0426613374099345,0.0435310764831315,0.041640752856721,0.0431896841782935,0.0986612769152746,0.0474253171208909,0.0431902307651492,0.0457963556322553,0.0420491911535476,0.0428666819483316,0.0729845335294321,0.0110361872139854,0.0100927821399006,0.0127018917016474,0.0112734443936677,0.0098540289263606,0.0116339104435612,0.0122314225379831,0.0111669803582259,0.0158750587476941,0.0,0.0101619744645224,0.0110982158903656,0.0090997956252527,0.0098679374342465,0.0108731968637796,0.0106961977369053,0.0113026109643703,0.0110726100613787,0.0948031826031297,0.0659888098657761,0.0724266910276014,0.0586638877482545,0.082031254262028,0.0654286560243919,0.0757244364979801,0.0782716019619433,0.0751857771234636,0.1558316750825543,0.1399861945819367,0.0668584675082089,0.0626723690993014,0.0675940557498524,0.0687336073952744,0.0640753365659119,0.0732253789110082,0.0794577452995204,0.0718716063058861,0.0683719839595626,0.0700259345401059,0.0763650091649985,0.0742614426567609,0.0727214716986903,0.0747444815754461,0.0746117422999219,0.0687065916423002,0.0706560994303187,0.0646981974890348,0.0618504947542657,0.063899173418263,0.0643349511635902,0.0597015609441848,0.0760349843132619,0.0733257345648281,0.0678659665472549,0.054848845911235,0.0641433193784815,0.0657615826105209,0.0514413988745117,0.0810244547778147,0.0577341161101223,0.0563690864211325,0.0742219872118523,0.0615865128378718,0.058410738325846,0.0620926819507499,0.0556452289786433,0.0488285083252071,0.0590535928539184,0.0568945208406823,0.0541458636831304,0.0713104638204091,0.0584288199680216
326797_2_consensus.txt,0.0693142530483221,0.0788208276094319,0.0802953710846088,0.0731955891745981,0.0817803666347529,0.0830016978581866,0.0752128139307135,0.0864080142016572,0.0926219516038706,0.0878141888602943,0.0846924525180981,0.0889308684195686,0.0798265304539098,0.0834173124549675,0.0852777058896876,0.0743101344646817,0.0760691767509875,0.0864406511724897,0.044334704817154,0.0390630690728261,0.0439879302163586,0.0358210033580403,0.0414024489736242,0.0449007277935935,0.0457675437289779,0.0423619949192684,0.0495486716848887,0.0379292544599572,0.0374288418922308,0.0394161531977275,0.0407703601211082,0.037769169920713,0.0396890767744881,0.0375710996506022,0.0389946800192406,0.0418897198383305,0.0824685857837499,0.0808575919963825,0.0797195885069887,0.0878960431555899,0.0854271453655375,0.0809713125205426,0.0793389846591265,0.0818501673876177,0.0824544542307208,0.0861125711034649,0.0837926427107351,0.0801289393788931,0.0805735958704172,0.0829708121475025,0.0824204036539777,0.0863134358819577,0.083783279895913,0.0801494846132158,0.0540021270677497,0.0550876618981215,0.0590046772547845,0.0584464313910384,0.0589099974912032,0.0577044863179079,0.0543045256146283,0.0546211790708817,0.0596714169687793,0.0582343273675824,0.0576394161172322,0.0572566047440359,0.0551748279028831,0.0546500296667353,0.0586528201586782,0.0588544191599851,0.0591570685662548,0.0560198240944291,0.0632299205913167,0.0748608218147257,0.0729360623305357,0.0624992720069927,0.0549346696254815,0.065120734967297,0.0610352821471673,0.0785595326442738,0.0840846904492309,0.0596415918790578,0.0557309039472118,0.0604318841393727,0.0643528318992308,0.0993575454576491,0.0783579491690193,0.0560489010226756,0.0583218088114669,0.0611786123740643,0.059667222781556,0.0514191835351924,0.0523926234125831,0.0459246770362771,0.0457674659528883,0.0467658852326282,0.0512539788869563,0.0469093488269427,0.0486212273360369,0.0467200904631912,0.0493845114257922,0.1052178454064556,0.0560814358020786,0.0489824712402722,0.0528595947789725,0.0471765336316938,0.048753991381913,0.0813068030832377,0.0130054319583576,0.0104433842153328,0.0129613085749644,0.016306817404013,0.0091293323621481,0.0103830429656319,0.0160860920832037,0.0119197664722756,0.0155115335655589,0.0101619744645224,0.0,0.0075294078739789,0.0108181676209406,0.0085303245990786,0.0098683797508343,0.0150950477115161,0.0081512547832796,0.0094580595154276,0.0962235565237712,0.0671839713655888,0.0740554010670946,0.0598096811923074,0.082885330369451,0.0683826232585342,0.0766205455026733,0.0790429633109672,0.0770513325785824,0.1559103511322055,0.1434074061576451,0.068071585241757,0.0643079297449222,0.0704430194013605,0.0715238916357465,0.0656006021996828,0.0742795615556835,0.0806878758886293,0.0737239886632865,0.0687707515863467,0.0718934990945872,0.075393220311005,0.0743018436013098,0.0741075759819605,0.0764197899447198,0.0758738283984303,0.0708812403199434,0.0696299753723046,0.0642475861513354,0.0636685474393665,0.0673480247897835,0.0666341979664126,0.0625101504333356,0.0747257961037446,0.0726152446608328,0.068522956818489,0.0567763058256876,0.0664165107481373,0.0647638347846069,0.0496448156685307,0.0851728202743551,0.0584182827250376,0.058505647217669,0.0756778918506109,0.0649978907823349,0.0551297812961184,0.066187142193903,0.054703487314005,0.0515768548591903,0.0633526263170853,0.0581934911668637,0.0520249915113835,0.0701351395210574,0.057868526032931
326797_3_consensus.txt,0.0702829673588274,0.0807076585638313,0.082014626024752,0.0732916278766104,0.0822585730852223,0.0841685277085781,0.0752017176660402,0.086223430713094,0.0926980152954559,0.0868995440624154,0.0838751952803802,0.0889854657686468,0.0799394572971738,0.0843609523579189,0.0856998206403156,0.0752391337239073,0.0771957357372761,0.0874502475058669,0.046222909214955,0.0414789669578103,0.0459835254478866,0.0359015039315568,0.0434720773266823,0.0461519583092773,0.0476813103209927,0.0431954443242519,0.0499776617669889,0.037314929854487,0.0381291021830838,0.0398294341151501,0.0421545884523606,0.0380317278145527,0.0398318837315274,0.0371322106754048,0.0402197169492426,0.0440976310095946,0.0807272098944853,0.0789435796619901,0.0779409968681772,0.0866939456768154,0.0836499147574318,0.0792077966282853,0.0774164326284907,0.0796193585412785,0.0802648506389465,0.0848046337622019,0.0823979469511817,0.078430923878181,0.0788692267548905,0.0813318327471952,0.0807621738435431,0.0851026289087899,0.0820512350973983,0.0783468911862161,0.0517356608781103,0.0525025008014479,0.0560251035072472,0.0564820505705787,0.0565072534497357,0.055606490504811,0.0518891732486066,0.0521107597750312,0.0571591393168162,0.0561819375759933,0.0554593972542836,0.0548587187456597,0.0525625217509144,0.0524124979393487,0.0562166396482162,0.0567565877661184,0.0567900748300349,0.0537687533711377,0.0648276659266322,0.0766992849334577,0.0737920766362361,0.0644778545893114,0.0562014954013507,0.0654294858203066,0.0622998279120796,0.0786016623391292,0.0819801831658537,0.0631718996491956,0.0572933084675968,0.0628367559530698,0.0670851522644531,0.0996664614708544,0.0788133911090636,0.0575610521850551,0.0607207918167693,0.0640146868630902,0.0611867417228166,0.0536471955021058,0.0530985745189811,0.0462738381813467,0.0468945676913117,0.0473189064910908,0.052667074425206,0.0480120147518228,0.0491860695822312,0.0470366674627786,0.0503932921758494,0.1051669345176149,0.0573651629434062,0.0494427693855969,0.0534645789663787,0.0475700037919022,0.0495349725734994,0.0829714997123236,0.0142226448712898,0.0125299062417623,0.0143471235755319,0.0178941236527121,0.0121157350238458,0.0089680889033481,0.0176361022060769,0.0119863677882126,0.0156552030566592,0.0110982158903656,0.0075294078739789,0.0,0.0114620531154612,0.0082330886960138,0.010833664140355,0.0172229402339905,0.0107614135620623,0.0084748661016895,0.0954071654054962,0.0710601719368719,0.0739523270423205,0.0603277939764597,0.0826319806659769,0.0673832895520245,0.0762948477909777,0.0784966408485248,0.0767241154360283,0.1572679420568521,0.1429939799830037,0.0701707996764877,0.0670477904196831,0.0731284217169019,0.071091685032389,0.0674718567627259,0.0777043099211356,0.0843299172488443,0.0718282545320194,0.0671390821673565,0.0697757218466996,0.073537957040231,0.0726214304534735,0.0721912821536641,0.0748309483984179,0.0736345332958245,0.0690198109081503,0.0680280395097714,0.0636625896922229,0.0628702432439913,0.0660069317419749,0.0653370879724724,0.0620276016957737,0.07303600783949,0.0712314336743205,0.0674406855675799,0.0584086360979574,0.0670842905198361,0.0659736304960318,0.051720026355535,0.0858584013057042,0.0599224329561014,0.059687431119368,0.0749684565883326,0.064455041622744,0.0559815068776874,0.0661604495689749,0.0569290541138878,0.0532786857916178,0.0632792827649364,0.0584750705971099,0.052454879614574,0.0715848216264083,0.0597944463995592
326797_4_consensus.txt,0.0647411744438049,0.0736492649999362,0.0737272971023523,0.0696951413776307,0.0747936352375582,0.078175025772289,0.0718272794684757,0.0824582392327766,0.0865464849751802,0.0835048114971659,0.0790584537577876,0.0843273719235275,0.0769870826850551,0.0807547181234156,0.0788506509418587,0.0705723610972981,0.0707644831503229,0.0813697842307359,0.0381630966020605,0.0361022480617991,0.038572211696211,0.0339438006102614,0.038373398340588,0.0394522476259631,0.0394138668691788,0.0380707625584744,0.0435386139874154,0.0386471540000261,0.0331946028938006,0.0352173916251246,0.0353983832479398,0.0338794033220306,0.0339270130089435,0.0356487292368061,0.0342905195808072,0.0367031035796348,0.0807696545312817,0.0792573771862183,0.0784398380406141,0.0879605069023607,0.0845632114923464,0.0805858455656682,0.0770905001123791,0.0810346970141422,0.0814442145442182,0.0862468619400722,0.0836288291918139,0.0799766411519034,0.0795768535027861,0.0825975356483326,0.0824317282753881,0.0865193529201739,0.082667538748236,0.0793012924963019,0.0529222930133128,0.053839655767029,0.0553155153840529,0.0592179413124362,0.0575653304637828,0.0569375341794433,0.0529717446019564,0.0535511053804365,0.056776914980956,0.0581963309584949,0.0566562081523276,0.055741973634908,0.0536956850327623,0.0533306523624359,0.0554209243248884,0.0590494781316506,0.0581614206079752,0.054719392959976,0.0560525665965556,0.0655480165188855,0.0654342514424097,0.0560697200332445,0.0486762138265737,0.0564037664200611,0.0519009901053237,0.0691774890407508,0.0763056509795134,0.0524728998849743,0.0489701293385458,0.0532300736578399,0.0556700884240424,0.0908033786452389,0.068632207718748,0.0489018501412559,0.0510580698502405,0.0536883189823296,0.0524245991816068,0.0446393048609721,0.0453031057947903,0.0419448644773279,0.0428323835431587,0.0428131122665531,0.0439072119406054,0.0427801548417603,0.0439833820282258,0.0424310271346719,0.0437130061257606,0.1018513836627104,0.0484254578081788,0.0442088539564782,0.0469631017407481,0.0424702040194544,0.0432816161550704,0.0747520257294045,0.0081301865843048,0.0099407851887383,0.0128593559707681,0.0125817958171481,0.0093145055362278,0.0110457181652972,0.0098738341214703,0.0111754480105368,0.01493070648291,0.0090997956252527,0.0108181676209406,0.0114620531154612,0.0,0.009734212020124,0.0104461064715248,0.0136080430100165,0.0117225696855793,0.0098472171239025,0.0997530347937507,0.0690222708415859,0.0762759477418875,0.0613037340434612,0.0845287336927258,0.0689210594227578,0.0781136689617953,0.0813897753362518,0.0788921481049076,0.1548728306124172,0.1464432519965326,0.0701119863455881,0.0644284035114761,0.0710532284304603,0.0738021095685681,0.0675791793154259,0.0759736667772257,0.0827469217161631,0.0750508995204386,0.0704217666043707,0.0727606139112246,0.0777592317494395,0.0761604613849158,0.0746387280913154,0.0779780784102373,0.0776920572088517,0.0715282047838981,0.0714134367760452,0.0654588586081104,0.0631153999736309,0.0668650490720077,0.0667824806609536,0.0610480368810293,0.0775848768792446,0.0747893110147206,0.0695376093500996,0.0566631467373719,0.0651215289829618,0.0665942427118793,0.0521562029175868,0.0846960309707993,0.0592770126343502,0.0575361544008625,0.0759700379821737,0.0634984437104559,0.0584435904686113,0.0645443957061013,0.0558064373045326,0.0504938436359818,0.0606795542516458,0.0580928495631756,0.0541742645079921,0.0736201404814664,0.0594822516822777
326797_5_consensus.txt,0.0649389299935645,0.0763855396610528,0.0761978287958156,0.0678252896624309,0.0768453927406698,0.0782132618648994,0.0697625625662379,0.0824497581272281,0.0876506909991485,0.0832042915266919,0.0821800614789722,0.084121439420814,0.0747978416930799,0.0790697504503574,0.0804749302758081,0.0706346070517947,0.0723897125544947,0.0816316355866257,0.0439300443202625,0.0405027455620832,0.0433380482106082,0.0351001619425304,0.0430854693745352,0.0443746053532132,0.0460800412731456,0.042686395419583,0.0485752951791029,0.037308940804662,0.0362655911372682,0.0382705354304357,0.0401377245120171,0.0373196807112581,0.0382107535759512,0.0364212055880166,0.0381747912708716,0.0415265332917558,0.0812751146858854,0.0792062172504373,0.0780137982326385,0.0867633809845731,0.0837754043851388,0.079384292025848,0.0773586198173168,0.0802756634860237,0.0804302507959375,0.0846996943116042,0.0828856027812472,0.0779916059786618,0.0791981540530875,0.0817322551063908,0.081272472940574,0.085288281563562,0.0822358599126342,0.0785703470048018,0.0485080414493381,0.049897200578056,0.0526230837207055,0.0534331754373722,0.0532616293954752,0.0528901573063294,0.0489468508937003,0.0493796897570879,0.0536199689606329,0.0533797696671856,0.0526077278533945,0.051729982793307,0.049668277195332,0.0494842550573881,0.0529040059400029,0.0536952045414924,0.0536468823684401,0.0507044643873006,0.061388158535852,0.0718674852848471,0.0708011989890549,0.0601762933524119,0.0529114525953051,0.0623735602035653,0.0590307034163615,0.0751548952933758,0.0792513489126296,0.0592044283652786,0.0531419528729708,0.0586033686908633,0.0630681649411233,0.0963610362591236,0.0756915520311238,0.0541773363508353,0.0568810188800048,0.0602680180554937,0.0567220792783054,0.0479313295910319,0.0474822802522147,0.0419100609708644,0.0425235965323009,0.0427483994321979,0.0473272886200026,0.043510282471888,0.045073119337295,0.0429745194708672,0.0452494477478566,0.1016681800535295,0.0519607335403646,0.0444428759349664,0.0484821730092264,0.0423867884796704,0.0443759530138834,0.07626808395639,0.0122526445638282,0.007996975398508,0.013792926082484,0.0150996219805286,0.0102617455618752,0.0104499162035809,0.0151883103265966,0.0081466278326542,0.0160586446684281,0.0098679374342465,0.0085303245990786,0.0082330886960138,0.009734212020124,0.0,0.0101630922130571,0.0153634821154327,0.0104050500301404,0.0104327263054857,0.0910665887718948,0.0648319094513194,0.0690809130902021,0.0557610757591078,0.0769995426469201,0.0622025641518968,0.0713113053274998,0.0736831226155523,0.0716298112242581,0.1526502079412255,0.1376020701857268,0.0649518586727868,0.0611425952682882,0.0669547847656106,0.0668639814219815,0.0616562054526701,0.0726546935969034,0.0779253979235328,0.0691872587893005,0.0652875780859076,0.0663010328995366,0.0707812412069639,0.0697737760899332,0.0692567656596354,0.0721298396735035,0.0711006566830549,0.0662536319356883,0.0655987402984283,0.0611754964115585,0.0595519899531558,0.0629634393103888,0.0620539320506896,0.0585898153940753,0.0706532160398634,0.0689243549837526,0.0645973528751309,0.0559546873315204,0.064856495301508,0.0649971205157164,0.0505283096696445,0.0824474135392314,0.0573448427482219,0.0571355509874811,0.074169352238024,0.0621039128841633,0.0555843561915052,0.0630105750310745,0.0548855778554555,0.0511507869529479,0.0613341080447096,0.0566072652147848,0.0504321045707607,0.0703300881424286,0.0573253052834541
326797_6_consensus.txt,0.0660279520189908,0.0741718578295662,0.0755706199129022,0.0698222777869812,0.0759576683991474,0.0786196666097396,0.0732644532693918,0.0825751832846348,0.088550267962228,0.0840440685625729,0.0800987759685138,0.0854566823275577,0.0778181149540184,0.0801048694605883,0.0797884696795971,0.070001781610995,0.0722138056517458,0.0817744508887958,0.0411856458875039,0.037530258688581,0.0414341748324726,0.0356874361469472,0.039764826547886,0.0424056179298322,0.0425991638586777,0.0413377746215246,0.0464428829175709,0.0393081382424336,0.0359018595519016,0.0379328249323531,0.0385730745928238,0.036512063322954,0.0379120795465288,0.0377969780939091,0.0368958926600413,0.0393989682067559,0.0824106451756421,0.0810172516180083,0.0798772953835973,0.0889624299607367,0.0862418114322629,0.0820098171921017,0.0785916536866739,0.0818345883440176,0.0829442122176109,0.0872847431991976,0.0848750031377427,0.0812868762080079,0.0809064020449383,0.0834052412825121,0.0834133821391063,0.087364375625091,0.0844253177651275,0.0809930407903989,0.0550018220275241,0.0561782426768395,0.0583507615461691,0.0603239756203155,0.059574880256342,0.0583850976259281,0.0552313193237923,0.0556702935275668,0.0594242520686139,0.0594609162736157,0.058977038004194,0.057536703972012,0.0561134776418823,0.055786784076087,0.0584155714009284,0.0601449901289248,0.0604008996221878,0.056955858569256,0.0576574667278588,0.0686124022287408,0.0681571658351485,0.0575109220996896,0.0505891099535844,0.0595399632096453,0.0554355759793319,0.0720071357292901,0.0807188567094101,0.0543665840491591,0.0519111934945124,0.0555735943687532,0.0589707060440396,0.093943274670317,0.0726776188635804,0.0516385341147263,0.0538341087972087,0.0555396856197534,0.0568020483529974,0.0479603508288724,0.0495758933918883,0.0447620031486337,0.0446240563594839,0.0458789050887693,0.0484351162378837,0.0454907039465304,0.0467328803963056,0.0448559088684472,0.0471757873004703,0.1050156463369091,0.0522616219569149,0.0472474793225385,0.050376016272696,0.0454426796552684,0.0464728234600348,0.0778762146413596,0.0120987401095744,0.0105269351147416,0.0099690315840454,0.0157053291774582,0.0109287794880286,0.010531078582546,0.0141584743728859,0.0123130626159255,0.0129388723296095,0.0108731968637796,0.0098683797508343,0.010833664140355,0.0104461064715248,0.0101630922130571,0.0,0.015281752238236,0.012176859959128,0.009377166862758,0.0965132866482836,0.0663522069227449,0.0751468385155043,0.059523569181783,0.0832614513832767,0.0689292119671085,0.0765089044015274,0.0799794597821055,0.0780363249665798,0.1576273310671485,0.1450515419136975,0.0682685411857315,0.0625135641682135,0.0693530661442123,0.0727356117464381,0.0652238632301607,0.0733186950034268,0.0795436267431766,0.0757300312503392,0.0709276062747843,0.0738747824350198,0.0779358240999545,0.0762944985941622,0.0760018587796906,0.0795820030703593,0.0783016805464571,0.072811997206867,0.0720682446142522,0.066187097890122,0.0647255939462683,0.068248472340473,0.0675531612891422,0.0628311839723458,0.0776449377632921,0.0749682161863862,0.0707286757290033,0.0566846973313435,0.0672826033051077,0.0659850866816116,0.05078106968966,0.0879601347196263,0.0585116104039968,0.0575877861722924,0.075653807667301,0.0658241648518505,0.0569563639812891,0.0666916768434218,0.0539514429025791,0.0518695252809102,0.0628120606886817,0.0579574583061157,0.0537216955062014,0.0711413909526577,0.0589755108178913
326797_7_consensus.txt,0.067168425470399,0.0762109748122776,0.074287329005025,0.0707259455847788,0.0762377513189394,0.0766845474388979,0.0731279199343921,0.0827158192495183,0.0857159233860445,0.0837875815074076,0.0806243840888587,0.0850801128058078,0.0777191095799985,0.0802378889738015,0.0774992621346619,0.0717577509795868,0.0719584346381729,0.0799930660925358,0.0416607061926868,0.038703814250808,0.0406080812117135,0.0388893410422408,0.0408298527412718,0.042400840282216,0.0436450989073815,0.041708417721554,0.0457603334869585,0.0437583773237042,0.0371650870577333,0.0392911424954762,0.0390439663155888,0.0382396929582409,0.0382002401458105,0.0406403039932987,0.0365725469896549,0.0402339147817665,0.0899749003060872,0.0882453295563676,0.0875663107761433,0.09844014075908,0.0943238123144389,0.0896008525674716,0.0856701639934804,0.0891274731687046,0.0903612076930473,0.0962401851655538,0.0937618266684587,0.0891570912947834,0.089388279340377,0.0916715727230625,0.0920135847774776,0.0965279319495451,0.0928136917513953,0.0891480130235731,0.0554482864872412,0.0568339077176052,0.0585389061339807,0.0632085287198238,0.0618215990975068,0.0600417010212606,0.0557697996277903,0.0559298717996883,0.0590610061541694,0.0628006683094302,0.0608774306650259,0.0594540566370307,0.055914719760044,0.0561604459803621,0.0584553822778781,0.0634429532824238,0.0620933420035845,0.0585442221070469,0.0595346954587832,0.0681176768223936,0.0663840733654366,0.0607677909877404,0.0536284197140402,0.0610105207167865,0.0556562734655923,0.0738508838167852,0.0785849093290229,0.0568465540278424,0.0542592848510983,0.0564320131764128,0.0596126399112773,0.0951732587594254,0.0724747222249027,0.0543167426006157,0.0571116284868615,0.0570914490849521,0.0517770479236521,0.0465337734396973,0.0460861495544797,0.0440360400727604,0.0448774624444716,0.0446172097949544,0.0456396083344703,0.0446201405376713,0.0448559670373631,0.044245150004647,0.0453182038066097,0.1002387475300237,0.0491010277281844,0.0458945105248229,0.0474564380789068,0.0448584327632577,0.0446672816792705,0.0726095137110824,0.0137429832003412,0.014298409978636,0.0148429220355588,0.0117077707163684,0.0129399318487726,0.0153039804569026,0.0137066918965693,0.014398563712584,0.0199825837380256,0.0106961977369053,0.0150950477115161,0.0172229402339905,0.0136080430100165,0.0153634821154327,0.015281752238236,0.0,0.0149838119855489,0.014593229409793,0.0982777683006395,0.0683785356357447,0.0761649394210266,0.0628120381802093,0.0869797647813852,0.0698767063159158,0.0800002544326927,0.0820420383114282,0.0792015690036969,0.1604333617673461,0.1447548662909019,0.07042153570967,0.0660710655226894,0.0707048882273824,0.0730551488824797,0.0675780196982263,0.0765804201211119,0.0823701240775252,0.0776007331075483,0.0742431617562715,0.0762531182511256,0.0835119155645767,0.0812834410334435,0.0794004883551799,0.0807960170976658,0.0813207781268205,0.0751102852040688,0.077338740785688,0.0705469719689695,0.0677015460710395,0.0702638530483401,0.0700883611940295,0.0643074386032864,0.0832411005029385,0.0799422617722349,0.0735533231193121,0.0597874981667825,0.0691387474613245,0.069816530894764,0.0574497013340078,0.0851837890208182,0.0640570963482725,0.0615372792934412,0.0804057419281107,0.0664863471290644,0.0651158464018513,0.0681055868210478,0.0596482160897995,0.0529581587428351,0.0625410662360916,0.0613000577537441,0.0610966441842242,0.0745360921321722,0.0633996339122813
326797_8_consensus.txt,0.0675038288738978,0.0758776424003127,0.076597599585515,0.0695294877280909,0.0769018381856518,0.0798756483794784,0.0718369489203727,0.0829936435730225,0.0883362503719356,0.0841012363202278,0.0794964463335716,0.0843365327259828,0.0764996404080609,0.0806574506308113,0.0809929061157124,0.0720628895883228,0.0737096911025849,0.0826647790878221,0.0417350043265045,0.0375636504045893,0.0408291264143878,0.0325760060735786,0.039972617370994,0.0405953894017407,0.0433845932639496,0.038401098116906,0.0449336309756507,0.0353828342653299,0.0342419529973376,0.0358151946535949,0.0370637450775444,0.0343557792565132,0.035462144093306,0.0336779958908248,0.0361688402510207,0.0399869576123279,0.0759894230212481,0.074586301338221,0.0736391273019716,0.0827863123093726,0.0792802066557829,0.0752889242236296,0.0727577022944405,0.0755230003270677,0.0759679223019338,0.0811059061035841,0.0782751357578828,0.0748559438614595,0.074622785562636,0.0776179982275868,0.0771232494145639,0.0809219302082731,0.077672298482625,0.0747207085995835,0.0490897426999428,0.0498698630025788,0.0517920093892971,0.0543972910392094,0.0533662804942487,0.0525288817209883,0.0492239573312733,0.0495169910853858,0.052907920602637,0.0537606155923153,0.052440871936934,0.0516042530103399,0.0501094467225016,0.0494722934767377,0.0518775612992836,0.0543303841343165,0.0537348863737285,0.0507814448538672,0.0591398707770869,0.0706876161616714,0.06836104419465,0.0596570718461979,0.0514790606628707,0.0588974429511592,0.0565267424842739,0.07344785421561,0.0780051132542896,0.0579849781146357,0.051759506841825,0.0568840462343844,0.060425325671134,0.0909196478016376,0.0720832974095353,0.0524899785403398,0.0556303701778269,0.0591348480108679,0.0590542726753557,0.0521285164706482,0.0520040531660601,0.0466548877045234,0.047345034071446,0.0478440421585117,0.0512939427994645,0.0476507149213265,0.0487149391547436,0.0477101568592388,0.050535130080811,0.1046522417668516,0.0561364371834613,0.0499194966470035,0.0535391979343335,0.0475040610547008,0.0492917160035961,0.0802316084871961,0.0133925088791819,0.0118530212066572,0.0143654364806762,0.015286873304781,0.0084541020145065,0.0115062137094055,0.015895019123441,0.0117548482942559,0.0153903996040574,0.0113026109643703,0.0081512547832796,0.0107614135620623,0.0117225696855793,0.0104050500301404,0.012176859959128,0.0149838119855489,0.0,0.0111560609050167,0.0952739701696128,0.0704545067728332,0.0729733240400669,0.0604112000628713,0.0811120663890134,0.0665209364178966,0.0753045776935641,0.0781440065410787,0.0755356220809213,0.1555749518171385,0.1394115059335492,0.0695542481780018,0.0667764819377385,0.0728814551302319,0.0704777263871063,0.0675376634734261,0.0771425400943082,0.0842501020010013,0.0692989910040262,0.0648708656675847,0.0668965710225073,0.0717850087213172,0.0705706841343376,0.0693936757157196,0.0714297335944742,0.0708642663054712,0.0662053545509602,0.0661426974940582,0.0617328902786677,0.0596737201064421,0.0628718411011197,0.0630366104469164,0.0590113013180966,0.0715453862150683,0.0690940170856961,0.0643812233779472,0.058432595938501,0.066642974195636,0.0667198478985344,0.0525924888240663,0.0840317846669265,0.0591407418185854,0.058502607565539,0.0728815860346578,0.0653589435166104,0.0566799863738616,0.0649550365532229,0.0562897303035896,0.0524175011092538,0.0617516940488194,0.0577555223839976,0.0528828780388135,0.0720064291840572,0.0591870466585655
326797_9_consensus.txt,0.0657485448064774,0.0731365768435381,0.0741383890368654,0.069582523404259,0.0749330240437657,0.0788300954973317,0.0729149878382768,0.0823001985109757,0.0863710121936209,0.0831299726864092,0.0777492670985573,0.0844637047406227,0.0765913769950463,0.0800539220173188,0.0792923344005887,0.0696640304880231,0.0717167902106092,0.0812026510100683,0.0375537916375092,0.0336530457428141,0.0379864982056457,0.0322745487686537,0.0355454504832843,0.0384660651524537,0.0392399129646587,0.0367673317114496,0.042417552994542,0.0360850763705808,0.0323510971213467,0.0347769639578823,0.0353086150407122,0.0330350837752382,0.0345994807806686,0.0342104225440724,0.0333446681318205,0.0359244616596514,0.0783993651208323,0.0769264487874865,0.0760993884478526,0.0855254984666427,0.082194977998526,0.0787699173490548,0.0750578252264819,0.077969989385517,0.079110191779236,0.0840897448745909,0.0811494946066204,0.0779419688216975,0.0772096419904286,0.079594229292633,0.0800033071102808,0.0837528523693453,0.0805593627565492,0.0774383874381898,0.0525146974765071,0.0530983338611896,0.0550681946729767,0.0575203025099924,0.0564994964832692,0.0552406619575869,0.0526748612458973,0.0525550604098699,0.05582956998275,0.0566096444262891,0.0554600026207827,0.0543647660925561,0.0532757765155977,0.0524869454993082,0.0546424346944309,0.0574845914661734,0.0570254643343277,0.0537814927107298,0.0550365724558918,0.065028079222114,0.064886630342233,0.0549284725037653,0.0478711419002886,0.0562666463877743,0.0518827243627137,0.068298101617235,0.0766761554911035,0.0522034776092876,0.0482342251385752,0.0525099944656197,0.0552145627689286,0.0904373279680363,0.0686668289869691,0.0484590464505503,0.0506072017209984,0.0528798128458882,0.0532525059381496,0.0461139918073545,0.0471332041506924,0.0431985116759952,0.0432463403756848,0.0441563727865306,0.0465160809498828,0.0435673105216896,0.0448045947289292,0.0435431947945366,0.0459286971243546,0.1027455602687217,0.0513066968862654,0.0463023464734861,0.0490186129166669,0.0441321740860196,0.0447363069022852,0.076149437350371,0.0106340027919564,0.0110280640654458,0.0114916584382749,0.0141130708716747,0.010553316622504,0.0075296119785353,0.0127201345965524,0.0115687407815192,0.0148515344940118,0.0110726100613787,0.0094580595154276,0.0084748661016895,0.0098472171239025,0.0104327263054857,0.009377166862758,0.014593229409793,0.0111560609050167,0.0,0.0978872929747032,0.0681048555623506,0.0755365589040701,0.0612773024463306,0.0840083016517301,0.0698172108343815,0.0770810944713389,0.0809838926814974,0.0791753713013845,0.1592254066376339,0.1436284347970087,0.0692701520640444,0.0646814060632738,0.0710004135241995,0.073125131046484,0.0669846218750942,0.0750687212643201,0.0820798908014044,0.0727672219730868,0.0673023623947965,0.0707080462818057,0.0752626339687028,0.0736164853790448,0.0726495603187977,0.0756779092718709,0.0750337372880034,0.0693622602940529,0.0691116123982009,0.06303418856419,0.0617025131257218,0.0649651441614986,0.0651010536563516,0.0601214919004737,0.0748411179880657,0.0717611360407017,0.0673684556150746,0.0549208343301881,0.0642292582928716,0.0634000919784902,0.0495319464601395,0.0847204102287264,0.0570195568111557,0.0566785135180687,0.0745795732913405,0.0637470975301992,0.055381648481986,0.0641746246295111,0.0525931243258384,0.049703248712392,0.0601461375565763,0.0565254850859044,0.0520463027534301,0.0691794807300398,0.0570727930649592
326907_10_consensus.txt,0.0979505947238283,0.1127242249325686,0.1106718494124585,0.0931060737545435,0.1105757866774226,0.1086511943132322,0.0920623658212234,0.1105065474906341,0.1136341182347191,0.1049836595950948,0.1126100289176639,0.1075169371449753,0.0953341638069247,0.1022879195401911,0.1053637780019869,0.1008280537485317,0.0973647282548029,0.1082897121065302,0.0916705497681169,0.0834121018747442,0.085944486848053,0.0778258902623321,0.0856938236267508,0.0876957075805444,0.0952212158854273,0.0892095452122703,0.0914176123292245,0.0732206322558619,0.0786165879337561,0.0795537361811948,0.0844545831201761,0.0813768180059577,0.0843681723129972,0.0777336593159887,0.080314151184007,0.0881925803415155,0.1049194074597936,0.1031682774034603,0.1007677397942661,0.1097543563410248,0.1072745621848012,0.1016669180563036,0.1007848135003248,0.1013640096541648,0.1008742045852271,0.108032071153822,0.1071181374730727,0.0996831662116584,0.1024036573713331,0.1028432473297957,0.1032956180319111,0.1075384477074408,0.1068865824122138,0.1016258436958397,0.0601518142597097,0.0629989638918271,0.0664293673058056,0.063331242724228,0.0655657850574344,0.0647806553136645,0.0617945506968391,0.0626958874538745,0.0649077590437645,0.0655812299262184,0.0650163381490784,0.0647684895951883,0.0611604735155069,0.0619400956033988,0.0675750447409422,0.0648609856108803,0.0649960294225522,0.0638624081159306,0.1003810647040195,0.1141617317029499,0.1116832059831978,0.0970608866247584,0.0946275748814953,0.1067879437102954,0.1030842975534156,0.1039759058373679,0.1033334271470112,0.1000431327446502,0.0887228927455971,0.0927329598961961,0.1080231790184447,0.1236714979263471,0.1189050882162101,0.0912021965213396,0.0984560050978613,0.1016116379486105,0.0956179869985156,0.0919475966481311,0.0891525750334647,0.0828442588637736,0.0822229109588699,0.0798346770727729,0.0903270362139885,0.0856414296382563,0.0840689246072923,0.0814523478767039,0.0880714103458242,0.1274070494910795,0.0969801948390385,0.0829743563881404,0.0880917196685215,0.0831813154166161,0.0863127894950519,0.103752888334883,0.10306513707875,0.0943154662345939,0.0982340876829983,0.1019200124596597,0.0987749858589737,0.0956885137536573,0.1066537492719259,0.0908290871567327,0.1024104154887881,0.0948031826031297,0.0962235565237712,0.0954071654054962,0.0997530347937507,0.0910665887718948,0.0965132866482836,0.0982777683006395,0.0952739701696128,0.0978872929747032,0.0,0.0454766135940589,0.0322745373300108,0.0348761545674101,0.0394327477077087,0.0364446261029769,0.0335229317482674,0.0363209249614486,0.0393428683802854,0.1514285094586185,0.100682042991183,0.0397656740571292,0.043492169604443,0.0428891418984864,0.0392026214565994,0.039710573519442,0.0451051661131387,0.0506428581623001,0.0878612179121658,0.0842300602840664,0.0836080024610854,0.0880587166091828,0.0881316435564985,0.0867416984407185,0.0871192548290897,0.0864585375644928,0.0857054107516734,0.0858087751919995,0.0859425274398111,0.0848001368417268,0.0844357699509013,0.0818489482077842,0.0827886134720801,0.0877917176939453,0.0869129889692459,0.0864597854835889,0.0915186633439599,0.1009206733737135,0.0966831126399725,0.0922261024560784,0.1161060688765402,0.0940290785276696,0.0930453523431973,0.1019912680082448,0.0912223496957054,0.0921990733380324,0.0941384324962424,0.0946259248353165,0.0883364638607684,0.0987756062441782,0.0921755901706555,0.0890083654582687,0.0960008299068224,0.0906762222968575
326907_11_consensus.txt,0.0672849264865398,0.082684134263208,0.0800642016761701,0.0709189119121687,0.0843394843248148,0.0801989701699312,0.0704567617968043,0.0864109021607717,0.088859615687399,0.0823968297720059,0.0922369686780317,0.0833030043748079,0.0736666455581067,0.0759974805332461,0.0790701807379035,0.0710106032734652,0.0697768808872378,0.0807180997740069,0.065268485577814,0.0578779078087245,0.0606319490849678,0.0613283260904991,0.0618133974007877,0.0674135175150629,0.0692507336390848,0.0706268012709196,0.0728403793156076,0.0598324846299647,0.0581423431419665,0.06091374269453,0.0600719394454341,0.0638770575127649,0.0641567499895678,0.064519022165034,0.0574134550061202,0.0590409566368208,0.1053545389097125,0.1046687167917879,0.1011298905184698,0.1092854188141396,0.1086195540097421,0.1029737677206643,0.1012019864512279,0.1040010239053073,0.1040076716300602,0.1076969885605851,0.107051791312724,0.0995345514280572,0.1032481185675857,0.1050118130013579,0.1040557124275736,0.1074534020272501,0.1073370568780092,0.1019867621571295,0.0527358169846428,0.056685081209757,0.0613651048943637,0.0555464620603922,0.0591740991363423,0.0587143708594455,0.0540057644196041,0.0559276290689281,0.060406680467663,0.0578028338730973,0.0593649131379283,0.0590591720619775,0.0545065954644563,0.0558415053013039,0.0618723194575832,0.0576299448704293,0.0591150502113242,0.0579882976351973,0.0713225326240722,0.0851910101945625,0.0847994706082104,0.0660293192980319,0.0671732639753415,0.0802186327207641,0.0742341056944413,0.0873895907525543,0.0945921612879416,0.0625552250353784,0.0600194218155518,0.0624875739231098,0.0731746246474767,0.1052230770549611,0.0947604964624435,0.0605948556578166,0.0634354772720344,0.0645452103762842,0.0683942452883155,0.0570552221186773,0.0577632910087144,0.0534686731798395,0.0520409337337195,0.0520785230262026,0.0592257793898625,0.0560313918264627,0.0566986035094707,0.0524586422173634,0.0549182586537524,0.1093448616937839,0.0615867391812772,0.0527674073023334,0.0560079034280525,0.0544691388858336,0.0559831860950748,0.0784297782952565,0.0693310892209826,0.0633666091681224,0.0653069845107428,0.070863485959653,0.0704198416569488,0.0672169848899288,0.0730235693508056,0.0686483337604055,0.0765360987388437,0.0659888098657761,0.0671839713655888,0.0710601719368719,0.0690222708415859,0.0648319094513194,0.0663522069227449,0.0683785356357447,0.0704545067728332,0.0681048555623506,0.0454766135940589,0.0,0.0222943240385511,0.0150638443934916,0.0321954979349241,0.0244632289906112,0.0267701424008608,0.0241656764593791,0.0291925051690364,0.1324660591665001,0.105708987228251,0.0158001451397442,0.0130255799386924,0.0112728115486877,0.025220798051631,0.0115672597770108,0.0161551048795285,0.0199460103277973,0.076781130002268,0.0722936890720618,0.073719824536985,0.0759743131023658,0.0749625687029267,0.0752873068574793,0.0777606241441537,0.077125341015817,0.0741488211808407,0.0721167842008787,0.0680712888480821,0.0668638043869771,0.0710528971704445,0.0657209901055804,0.0634101395717348,0.0755037622113992,0.0745834773857216,0.0719095740010775,0.0664921021746334,0.0787144165965845,0.0697146662967806,0.0624972368933267,0.0942136926790073,0.0705248350465863,0.0697977872550144,0.0847278300878002,0.0738949097261807,0.0732212865923047,0.0745488256527941,0.0672011341991964,0.0618094414932688,0.0775429748327471,0.0701521477283932,0.0702452266191606,0.0739197728322587,0.0649066885315017
326907_12_consensus.txt,0.0726430460313185,0.0862331456550196,0.0831727916702513,0.0690775881960883,0.0851544780339823,0.0836823144022416,0.0680609710001292,0.0863730694647069,0.0890930658188722,0.0808021868815469,0.0881598545893531,0.0836355965708355,0.073282973729019,0.0775046799327379,0.0808174678470932,0.0768010141462154,0.0731232932342909,0.0832129193478925,0.0690857462744407,0.0618726463297845,0.0638942192577332,0.0560465232237596,0.0640660058775397,0.0667604977643536,0.073130682068677,0.0657424063753708,0.0696361371935907,0.0528291349136358,0.0581433815753644,0.0578555082941143,0.0619775259605095,0.0591705342914945,0.0623549434892298,0.0564813600350815,0.0592360616357279,0.065922454672239,0.085985760652111,0.0842489282548815,0.0816303160632845,0.0908320751568565,0.0889077469828762,0.0836459952752184,0.081546125667046,0.0831053511176316,0.0828854575943447,0.0895448680335757,0.0886043175279276,0.0809254706795012,0.0835487050031762,0.0853049718950602,0.08504685067492,0.0891075932034404,0.0877527711715062,0.0831373258420722,0.0404297287496255,0.0428875013592398,0.045717198477357,0.0436469388994291,0.0455363009755114,0.0444156289238337,0.0415001674967649,0.042789727136892,0.0450368347917198,0.0456597030094609,0.0452254922838557,0.0446505555686398,0.041451956719527,0.0419043452700771,0.0469495156591541,0.045201234463601,0.0446073966675246,0.043538224868608,0.0789920080433654,0.0918051962099015,0.0887827209927651,0.0743006067068563,0.0725437932645114,0.0826655113011867,0.0794332574322043,0.0848642272585564,0.0833454867750322,0.0779120241011028,0.0655106925264954,0.0710354575560909,0.0836404607154408,0.1007894045150799,0.0951963325177596,0.0687792832087472,0.0747314058243535,0.0791165530841606,0.0699881916988118,0.0650706230574149,0.0613797554996278,0.0562605608199273,0.0563605798255357,0.0541535177828711,0.0639993433400913,0.0586414221472102,0.0575217455144869,0.0554459222996337,0.0599909877795594,0.1046725832847652,0.0695196968699409,0.0568067074081151,0.0600842776917449,0.05674560372577,0.0598302839703244,0.0800814030786254,0.0791854538055094,0.0720145164290393,0.0758380165661005,0.0783635089461185,0.076373660138624,0.0733588602607362,0.0819064885233116,0.0692578675533166,0.0782796565268455,0.0724266910276014,0.0740554010670946,0.0739523270423205,0.0762759477418875,0.0690809130902021,0.0751468385155043,0.0761649394210266,0.0729733240400669,0.0755365589040701,0.0322745373300108,0.0222943240385511,0.0,0.0140708843248571,0.0193713703441495,0.0152971317347212,0.0167152571288937,0.0161039103100915,0.0167956849561772,0.1358665672592138,0.090047330103876,0.0206446643953475,0.0239166492007045,0.021570154636902,0.0180367682438982,0.018721559799804,0.0266126365211532,0.0305067903220637,0.0667703183029946,0.0626584221044854,0.0625033727998092,0.068350958713979,0.0675865799176875,0.0656658138374037,0.0664183315188013,0.0659616374198712,0.0644356169387752,0.0654071368399806,0.0643643748479183,0.0626065156328197,0.0642147804281183,0.0617508450326784,0.0603154349424261,0.0680277922419252,0.0668095314827308,0.06394928769424,0.0714120446183415,0.0791483406766255,0.0746982646971687,0.0709571413183383,0.0967661270387587,0.0738329427555948,0.072279072016153,0.0812288933821285,0.071331121138801,0.0711357821565217,0.0733885338175719,0.071836578026307,0.0671317633635437,0.076640787714064,0.0709634871050255,0.0679630586295356,0.0756691042313306,0.0695157221232447
326907_13_consensus.txt,0.0655807837363973,0.0783269589133102,0.0772714041670772,0.0652735640395913,0.0796065997076116,0.077753670422787,0.064894465157792,0.081065651147508,0.0851256489111804,0.0767568290989979,0.083556651497143,0.0797218464169775,0.0704060932050021,0.0742334793511787,0.0773799114567097,0.068488554217704,0.066883341890275,0.0779980974776908,0.0573620229193796,0.0498913998856522,0.0528639890824775,0.0456982019487641,0.0522743555185565,0.0555620316740688,0.0607734150828278,0.0563334612760959,0.0605344829918035,0.0427378092651409,0.0468240255941028,0.0477781234411525,0.050352497788733,0.0480645110679756,0.0512288436808381,0.0468352236497304,0.0491049261407452,0.0524730830284854,0.0832504394145443,0.0815424947479606,0.0793254795748028,0.0888674273167176,0.0867215175600648,0.0812804006977003,0.0793414590965495,0.0807422186141764,0.0816734605866313,0.0872079745678107,0.0855627990010337,0.0785077350464424,0.0803938555225984,0.0824279365015936,0.0822327751979434,0.0869782499277098,0.0856697406627304,0.0803289326391691,0.0370649745866833,0.0402110153844157,0.044192423625633,0.0404666041640533,0.0431998698986548,0.04216461454343,0.0380481637039888,0.0397699561186124,0.0443519268116778,0.0420335422133195,0.0430978560405028,0.0421609657655581,0.0384457467881951,0.0394766965656625,0.0448848485340258,0.0417510837763881,0.0428805687146809,0.0413164985917395,0.0661060350256788,0.0805898242918017,0.0772396249147862,0.0629947610591097,0.0592876136865729,0.0711064780005479,0.0675473320872583,0.0753758270035227,0.079926595811381,0.0621113293270045,0.0540496790720625,0.0589896726814709,0.0709758871626169,0.0962859346682112,0.0853415536559145,0.0563852828207069,0.0605445185510289,0.0633070832060127,0.0632154599134171,0.0531610462618932,0.051740737517858,0.0446744483827226,0.0443286360611914,0.0436466885311075,0.0530625080316697,0.0481491389795181,0.0474865800358159,0.043778933957439,0.0480712246475043,0.0991583294077429,0.0562617467248234,0.0452361199108937,0.0491215680097898,0.0459143373819799,0.049206878418996,0.0753724801268331,0.0648572551635497,0.0578947042059443,0.0612532743237519,0.0653880392662165,0.0626453511826969,0.0595332879871222,0.0673021884100926,0.058358107883464,0.0656330066891515,0.0586638877482545,0.0598096811923074,0.0603277939764597,0.0613037340434612,0.0557610757591078,0.059523569181783,0.0628120381802093,0.0604112000628713,0.0612773024463306,0.0348761545674101,0.0150638443934916,0.0140708843248571,0.0,0.0201477038832003,0.0130921856176904,0.0147777209204384,0.0139760699839648,0.0177616351545815,0.1256451753098044,0.0928566924915426,0.013522483057728,0.0130503605877203,0.0141389510979825,0.0151191417385359,0.0086046522161939,0.0172412124936158,0.0222667291681704,0.0650716904096064,0.060194026071132,0.0613642118154507,0.0645513359723057,0.06381326234394,0.0635327238723588,0.0656916139663117,0.0641998730608035,0.0620099157926219,0.0607543275814972,0.0586682391632384,0.0575470780260447,0.0613011043997433,0.0569988916143859,0.0553845058899042,0.0640122440355588,0.0630369965475674,0.0614550921895267,0.057654843341294,0.0676378010029647,0.0620146900664657,0.0544336721038316,0.0849837494438707,0.0603343537702389,0.0580146389526401,0.0692677653387114,0.0607729168542663,0.0570387268210836,0.0627318878825162,0.0558495230647535,0.0535765253702127,0.0650476498384922,0.0580578175513633,0.0545685094669661,0.0630374899053816,0.0569501756755359
326907_14_consensus.txt,0.0827886455056159,0.095476192021648,0.0933606144276897,0.078497235677803,0.0935919856401374,0.0944803671342029,0.0780994439805979,0.0963368603736194,0.0998210896619014,0.0904437539246423,0.0969330326714104,0.0930764549639082,0.0835899933216959,0.0877902479071206,0.093350404704096,0.0867710996323118,0.0835703044821238,0.0929384303284841,0.0778151503026327,0.0702998448852856,0.073652779108273,0.0630066567905291,0.0731437490586062,0.0747796700533705,0.0819246467822623,0.0739198130728873,0.0780485607407905,0.059787894539081,0.0653510429503425,0.0658045631449413,0.070956572328753,0.0669330034659809,0.0701778954486656,0.0631015511958068,0.0676978239660712,0.074525497072825,0.0895539207921389,0.0883451745822254,0.0857844100041189,0.094152374490716,0.0915931672093561,0.0874235778704939,0.0857147075131434,0.0871779165252579,0.0864864689830193,0.0929905488460587,0.091464573360235,0.0846786728680095,0.0866651076610685,0.0889673854040014,0.0888351108269374,0.091910598357523,0.0910120993851597,0.086591267158596,0.0524334614997759,0.0543272287188818,0.0565922402973875,0.054531162205726,0.0558585306255681,0.0553350844384743,0.0537355576920326,0.0543446174406758,0.0563918575228878,0.056184854171926,0.0558109269706603,0.0554795291203022,0.0540213806532428,0.053420980996683,0.0577361107518541,0.0558199021213283,0.0553782179956341,0.0541873802393961,0.0857358220126442,0.0995753636298211,0.0976930090250478,0.0829650015131555,0.079155836529364,0.0896678223077049,0.0876583386282616,0.091669843188904,0.0934371255361465,0.0863776857245088,0.0728602378189631,0.0792921343581101,0.0923067917972941,0.1066871892402057,0.1032100713791237,0.0770570869812408,0.082152780930814,0.087463124199913,0.0849003485274026,0.0790112814963217,0.075966434423746,0.0695281228645816,0.069876794100014,0.06822905916869,0.0778209287371973,0.0722998966041741,0.0719138222647233,0.0693002923397676,0.0749803026646018,0.1207879445970272,0.0835858860856442,0.0707796551027923,0.0750698487351169,0.070325215259154,0.0736809774680233,0.0947785893406711,0.0883271999044055,0.0806385848140323,0.0850682550229047,0.088481622256479,0.0843487979877952,0.082600829335961,0.0912831697311915,0.0773349046041795,0.0861706720082011,0.082031254262028,0.082885330369451,0.0826319806659769,0.0845287336927258,0.0769995426469201,0.0832614513832767,0.0869797647813852,0.0811120663890134,0.0840083016517301,0.0394327477077087,0.0321954979349241,0.0193713703441495,0.0201477038832003,0.0,0.0214059598053726,0.0192724202466667,0.0214081820220544,0.0229541597717348,0.1396865251206973,0.0910652271058838,0.026776053835217,0.0294098456609281,0.0299934682322566,0.024047895129641,0.0273269072455448,0.031597054665009,0.0374978977458422,0.0778791200701887,0.0736226890776112,0.0728945199152777,0.0776216620640628,0.0773468807493777,0.0761561482468629,0.0781552151585565,0.0766998243075773,0.0746322875823084,0.074810454709933,0.0743975723592349,0.0734134238211403,0.0756415348079553,0.0730319328756383,0.0717167366474891,0.0776614992925077,0.0762966643684697,0.0746990359524897,0.0798490841078205,0.0878972588893445,0.0844195768454341,0.0791675548727122,0.1076384120291553,0.0804771789646796,0.081274416863553,0.0902185883873674,0.0830445644910744,0.0779786543603657,0.0827832034927027,0.0805178580742032,0.0775716710332687,0.0853903736586181,0.0789081519875427,0.073939983601134,0.0857362885020789,0.0782198916174845
326907_15_consensus.txt,0.0690121055281158,0.0837072624369028,0.0806571759025285,0.0665697833422367,0.0824051789867388,0.0806286281855594,0.0657993690979159,0.0829849365446682,0.0856655246361235,0.0777994658757617,0.0845158537100392,0.0805792814227475,0.0705227995086277,0.0758179211162755,0.0790524475098282,0.0733849862542879,0.0709170995832231,0.0802309189384686,0.0620728692325629,0.0564288528339957,0.0579475187552791,0.0493166066009358,0.0587208904971827,0.0605721425673619,0.065964095888428,0.0595303215769993,0.0628578941619979,0.0459877920623874,0.0508628877429364,0.0511053044006484,0.0549249497379698,0.0523085314008335,0.0536391431465617,0.0491592929091577,0.0524593755416473,0.0585150128848921,0.0834888285235262,0.0817851133913123,0.0795132711874568,0.0893186703396757,0.0864513489991791,0.0811228803553714,0.0797542773674635,0.0808622637892995,0.0805548079497437,0.0871601463749316,0.0862745334821815,0.0784139090911324,0.0805404074383062,0.0832831762241284,0.0828044794009583,0.0868488061780041,0.0855634745661451,0.0805700017815045,0.0378702033885369,0.0404237826555498,0.0436545858674426,0.0418733861475093,0.0434800659672394,0.0431900615219831,0.0387341591094205,0.0404145811858693,0.0432155904170308,0.0436901299886116,0.0433510312141738,0.0428016200827716,0.0386821815107394,0.0395997694212137,0.0452663996620863,0.0431329539287457,0.0427707941553183,0.0417491760737416,0.0724172189502949,0.0869349693484968,0.0824381023265381,0.071199416297734,0.0669502191659061,0.0778840681115138,0.0740088930527935,0.0809376343394445,0.0818565060060416,0.0731288771934188,0.0616610379233062,0.0666008920151606,0.0785186585041843,0.0978639258321321,0.0890669151709104,0.0641285853918178,0.0698375047031492,0.0733446155244115,0.0687301721586113,0.0626401402590817,0.0588749753978126,0.0521845653253425,0.0535321139610998,0.0512216574655504,0.0607705265123383,0.0557312065901252,0.0555242010315355,0.0521067204400225,0.0565257598335007,0.1025923596169375,0.0645712061853087,0.0522549645673979,0.0569453682973106,0.0534082761530978,0.0567423266947777,0.0800329673506157,0.0727459003628192,0.065941186336353,0.0701450496683095,0.0719631126223223,0.068764121373495,0.0678551458449785,0.0751756440999278,0.0634666262939198,0.0715033378122242,0.0654286560243919,0.0683826232585342,0.0673832895520245,0.0689210594227578,0.0622025641518968,0.0689292119671085,0.0698767063159158,0.0665209364178966,0.0698172108343815,0.0364446261029769,0.0244632289906112,0.0152971317347212,0.0130921856176904,0.0214059598053726,0.0,0.0169667418624523,0.0171362931754321,0.0190893001524266,0.1315641613285167,0.0884511725215784,0.0187240374648807,0.0233223300685274,0.0213037057612686,0.0183946974249522,0.0180330006468452,0.0269563810372606,0.0313929125274787,0.0641509843809613,0.0613196076581532,0.0603338330950631,0.0668825462048774,0.066140106960093,0.0637014247279221,0.0642355644388423,0.0638386658184,0.0623807939484946,0.0635929566606838,0.0627333609330964,0.0603072854054804,0.0611081028168891,0.0592626041674622,0.058563805211441,0.066264938492063,0.0652132065308688,0.0626212555735303,0.0668214563797615,0.0721386833864121,0.0707064737015716,0.0658120397196535,0.0876882121780511,0.0681941121128613,0.0660762256342977,0.0760862587082575,0.0676785809970388,0.0666601670443363,0.0669179948609439,0.0669831687794646,0.0619401309331273,0.070011820032831,0.06444725863129,0.0625199353730794,0.0718953890733065,0.0662069915958767
326907_16_consensus.txt,0.0778308342049136,0.0893884829158873,0.0869825891043838,0.0740029268143356,0.0896538359809362,0.0906242405286148,0.0734495663035579,0.091521800031006,0.0944459678314251,0.0856159204290847,0.0910612498991856,0.0889750394312827,0.0782218529022324,0.0843726819012591,0.0881335293820884,0.0804814567330236,0.078257449073793,0.0893736029420209,0.0692863713017963,0.061646880895001,0.0649956974183032,0.0551799317422077,0.0638879111245946,0.0657067832498512,0.0720396055268199,0.0657218855269592,0.0694010361098671,0.0519978728024952,0.0574738595814841,0.0578740089027505,0.0618937602913298,0.0584890610494843,0.0619864503985416,0.0554066093449288,0.0594773259085963,0.0662246557509451,0.0825157806681256,0.0817012397848113,0.0793198084708546,0.0881787830824416,0.0853307232006139,0.0813545849169647,0.079509572191851,0.0806091643278161,0.0805265648381876,0.0872481706684524,0.0853590725422694,0.0794868545369542,0.0804692757960916,0.0823813408348543,0.0828772588729815,0.0859218546458366,0.0847516819698759,0.0804945078505241,0.0437559721606923,0.0449406862118531,0.0471885369857405,0.0456312139086003,0.0464444328453668,0.0461292938922417,0.0446073823209367,0.0449718918566004,0.0471738495976783,0.0466712302803218,0.0463208994605226,0.0460339368683557,0.0444800961347517,0.0441785173145072,0.0482866799101113,0.0469234621422316,0.0459322489961575,0.0453381276806581,0.0772071925652007,0.0918334377960876,0.0887948143066301,0.0748952957390596,0.071392565640779,0.0819614571436577,0.0786583933252327,0.081800890687762,0.0841896857495276,0.0767964503780085,0.0639572742886223,0.0700976531255239,0.0823536800727495,0.0999067565044127,0.0947485252484474,0.0675856056922192,0.0722712237648428,0.0769342106376553,0.0795190590523926,0.0732107153621681,0.0707493657829054,0.0650572924650862,0.0648761338078802,0.0633061865243735,0.0719144287568926,0.0669208019807534,0.0664722833363731,0.0643934085291446,0.0702148855575659,0.1164202483088399,0.0790836066527411,0.0661853280112998,0.0707835590376682,0.0657222993449737,0.0686722868581624,0.0913514777584252,0.0814232446062543,0.0747339456583251,0.0787717437798525,0.0818325188783291,0.0779292062091148,0.0755157726470985,0.0844300041701648,0.0719859297656144,0.0799418952623511,0.0757244364979801,0.0766205455026733,0.0762948477909777,0.0781136689617953,0.0713113053274998,0.0765089044015274,0.0800002544326927,0.0753045776935641,0.0770810944713389,0.0335229317482674,0.0267701424008608,0.0167152571288937,0.0147777209204384,0.0192724202466667,0.0169667418624523,0.0,0.0161492631356656,0.0215829606545927,0.1347345787903675,0.0916165520905805,0.0206757206651788,0.0229424196779923,0.0237748039340273,0.0200772966850983,0.0224205564186457,0.0253250066286661,0.0321186552260037,0.0711944857719002,0.0666476239634548,0.0666880167666006,0.0710599786738219,0.070996618344199,0.0694580679998075,0.0713400538092194,0.069740861804048,0.0679719450556115,0.0676021410977494,0.0668024956387007,0.0659391024956548,0.0683053502862653,0.0654285393310631,0.064203622509253,0.0707519004587826,0.0700461724591248,0.0680000460145802,0.0748397973135084,0.08254790913724,0.0783856932115902,0.0723341685738274,0.1011545599341863,0.0757205976200161,0.074193805237166,0.0859861132632904,0.0767331786404055,0.0721588953277718,0.0771822478077552,0.0742882963007671,0.0716554801747157,0.0798342438722743,0.0740228395061839,0.0688040984856304,0.0800864072813283,0.0726961157661385
326907_17_consensus.txt,0.0797620396714791,0.0934163277949178,0.0918609782149966,0.0759292404988949,0.0934039011963907,0.0907732192794057,0.0754344905378108,0.0943017635242355,0.0970896506115464,0.0887951342746182,0.0952580236275624,0.0913221742794432,0.0810687193014425,0.0848922512636773,0.0888757599427307,0.0831055584355793,0.0805592249326148,0.0901414796292812,0.0749040964756044,0.0668859440618732,0.0698656115331548,0.0606515878098496,0.0698163146763439,0.0721522849901807,0.079324185945766,0.0719275024485401,0.0766625868027386,0.0567583055184934,0.0630594796728347,0.0629396525575476,0.0666568913279004,0.0638446044437603,0.066909668930867,0.0612537961378905,0.0647801931968672,0.0706255259994259,0.0939755570132847,0.0923433573935907,0.0895034439506705,0.0995180806047448,0.0967790379006015,0.0914174866052759,0.0897081084051585,0.0907792675038816,0.0913354944061071,0.0976185105337847,0.0964692756401959,0.0888506673672875,0.0909707651393967,0.0934660596003942,0.092759853028892,0.0972427561032986,0.0960374779862291,0.091255704134646,0.0474311129452624,0.0501817083622961,0.0534914746796779,0.0507609941403286,0.0525941448100253,0.0514825165837278,0.0483337745204393,0.0499634014363392,0.0534640439975886,0.0524916309094516,0.0524600719415424,0.051796604453786,0.0486946432130643,0.0493115198456433,0.0545572803504548,0.0521197314450541,0.0520707798348318,0.0506760690171006,0.084337226260323,0.098244929727195,0.0952139351697809,0.0815627113657999,0.0777831679900504,0.087596627769189,0.0856097521849035,0.0910692053846764,0.0915604149375788,0.0830873981882778,0.0712890706211544,0.0761696955470805,0.0902626234498544,0.1086241971108883,0.1026129095098138,0.074784166354016,0.0802811349374357,0.0841382678175133,0.079245398974332,0.0730242391946873,0.0695983944148599,0.0633430088490669,0.0633087980997988,0.061800610754445,0.0714177528375366,0.0658724909386165,0.0655768054075203,0.0623493886981574,0.0675982137693411,0.1120400896187483,0.0773650443049938,0.0638915973108176,0.0682861246292159,0.0641202067563702,0.0676210071449725,0.0902634895999208,0.0852652921021785,0.0772358066146612,0.0814132673200873,0.0849817672684585,0.0809482572148558,0.0783659420027902,0.0880815815390683,0.0754152087415018,0.0834319427010497,0.0782716019619433,0.0790429633109672,0.0784966408485248,0.0813897753362518,0.0736831226155523,0.0799794597821055,0.0820420383114282,0.0781440065410787,0.0809838926814974,0.0363209249614486,0.0241656764593791,0.0161039103100915,0.0139760699839648,0.0214081820220544,0.0171362931754321,0.0161492631356656,0.0,0.0202354091336074,0.1340692695670018,0.0913155549962621,0.0205804313455733,0.0235290992728129,0.021605791377083,0.0198767243472781,0.0200734664798236,0.0267820525811117,0.0303238462165662,0.0738667847074561,0.0697645461974278,0.069833727848934,0.0742831474050502,0.0740037211417643,0.0728418027427011,0.0734855706889616,0.0719992183416549,0.071177974351464,0.07098270848621,0.0704103135408198,0.0689189880167129,0.0716821949814425,0.0680207368876892,0.0672595358516616,0.0742888683893685,0.0731396440310945,0.0712019112840574,0.075890872345818,0.0820120178199763,0.0787916479523973,0.0735749462693657,0.1002762644473369,0.0782391968621132,0.0761240107845404,0.0825104939568586,0.0767705678208425,0.0740294029569836,0.0780545934727472,0.0739550185103024,0.0714745756157535,0.0811571038149905,0.074202484701483,0.0710448759382336,0.0789649202269995,0.0733663266465169
326907_18_consensus.txt,0.079322689837145,0.0936939451701857,0.091399240216476,0.0752364761316251,0.0913707997273425,0.0897258548127819,0.0746222742109008,0.0923520932052319,0.0969441129949455,0.0875423629244771,0.0952212842683639,0.0917901416015691,0.0809498960495238,0.085095979167022,0.0875078417127435,0.0843674707411983,0.0804188041319662,0.089830358359948,0.0733604873113593,0.0664720454456428,0.0681275430757208,0.0591508710736654,0.0689740908601024,0.0703977089563343,0.0785447033044102,0.0684999740978922,0.0732404803985771,0.0559179133923368,0.0616300755503305,0.0616815999539728,0.0662656807793782,0.0619391858655102,0.064437092321568,0.0591652497336774,0.0632505287399363,0.0698409201930001,0.0922606188374253,0.0900574847389741,0.0882387124941423,0.0982357091229229,0.0957181005994938,0.089619224670379,0.0875982432526845,0.0894483133530279,0.0892199053050823,0.0962329264905772,0.095294324492456,0.0869040236602698,0.089190342133083,0.0916349701551411,0.0914392059554041,0.096477498676939,0.0945340997992278,0.0895950538927135,0.0455148947726078,0.048628401928509,0.051427079618282,0.0503897437241764,0.0518256798081813,0.0506593197311486,0.046814072365624,0.048083708532685,0.0514008020486276,0.0524402369224521,0.0512138896272551,0.0508499761165586,0.0466954329197246,0.0471006952810348,0.0529823229171411,0.0518326730742382,0.0511499484826734,0.0494698233795114,0.084091096149141,0.0955654263832546,0.0938689170411439,0.0820800996815798,0.0781751995455115,0.0867673217462092,0.0855372673356029,0.089832851788949,0.0892862940264782,0.0855975386966232,0.0725576443911233,0.0781374078435188,0.0909457058109595,0.1081866171545211,0.0992561050709808,0.0761823388808577,0.083044236553766,0.0859361420724349,0.0732994651142231,0.0688278715205443,0.0652962592518502,0.059404486386132,0.0601940641170646,0.0579218916266501,0.0678766143443807,0.0615360737819949,0.0618504540230366,0.0587656945319645,0.0634637190431277,0.1081830406750494,0.0728842596328158,0.0597923208001063,0.0630578822732532,0.0602967988679647,0.0633850748590196,0.0838486294894185,0.0824499900563822,0.0759270900977497,0.0803270883802715,0.0814366799725485,0.0787832809601338,0.0770250128283693,0.0850379782618162,0.0727069014068622,0.0803223088719864,0.0751857771234636,0.0770513325785824,0.0767241154360283,0.0788921481049076,0.0716298112242581,0.0780363249665798,0.0792015690036969,0.0755356220809213,0.0791753713013845,0.0393428683802854,0.0291925051690364,0.0167956849561772,0.0177616351545815,0.0229541597717348,0.0190893001524266,0.0215829606545927,0.0202354091336074,0.0,0.1363638533738749,0.0940465294159782,0.0254886656589485,0.0299499397671105,0.0268690580017896,0.0198782622786408,0.023563813910969,0.0323516615247569,0.0371941036070895,0.0716198436360775,0.0683166246882507,0.0678869884176665,0.0742663521276769,0.0735855662544944,0.0714276361109789,0.0711446690768999,0.071104558052391,0.0690058136594258,0.071379412294438,0.07033349532791,0.0684629413659827,0.0697496725042965,0.0672613515286437,0.0661295376558781,0.0739249002955757,0.0729369300260112,0.0693993759971647,0.0745851847745431,0.0815707307552617,0.0804877501190297,0.0742915697879693,0.0992732944529031,0.076879743549922,0.0758416913203463,0.0850280837349526,0.0735441799321874,0.073758299274881,0.0757786676368565,0.073910461259568,0.0713032531671515,0.0783985990237843,0.0735242456930151,0.0708991779633017,0.0802577630811072,0.0731845328081775
326907_1_consensus.txt,0.1685666868697444,0.1793474103987984,0.1800907318709894,0.1689981504896005,0.1836151604568083,0.1779863372846311,0.1694579373108586,0.1838811923334962,0.186094291441722,0.1823021110548479,0.1871176719366047,0.1815381952394821,0.1726575223033011,0.1817464910479724,0.18729795148991,0.1719467922961728,0.1762926826019368,0.1838644924782473,0.1561459984238302,0.1543977077079343,0.1563804852550108,0.1463508342566113,0.1586621377690589,0.1577663894806829,0.1602796955530427,0.1580868924305338,0.1632378941009982,0.1466917879647917,0.1478010752849101,0.1484074475299754,0.1521158661525241,0.1517198518635334,0.1501710695608897,0.1497554444062769,0.1514469377371652,0.1532295582423568,0.1777057610855834,0.1788755371028978,0.1754806526668062,0.1786246051892606,0.1762057803633894,0.1729124703903606,0.1751867415463142,0.1784777703417654,0.1754365146961154,0.1762942464912908,0.1756381736960088,0.1714943938015993,0.1750683649004552,0.1792308003674145,0.1761699053145022,0.1779155040226729,0.1757521850306949,0.1731214473801072,0.1445548752825338,0.146512211885514,0.1497207167739063,0.1463857202837575,0.1469568597067549,0.1503346344722631,0.1457167982763403,0.1482366452515622,0.1517300047519629,0.1463404087858695,0.1474091971416431,0.149015623645238,0.1468898495950377,0.1484140981286961,0.1501945332970384,0.1469174915466808,0.1468546550630174,0.1472430368194901,0.1598594843266685,0.1738512641763927,0.1652408830033822,0.1581557877173853,0.151792698552633,0.1630903095433105,0.1601253779385754,0.1749879978364621,0.1739938953692874,0.152339388572722,0.1472552398792279,0.1553863866807194,0.1618085622600773,0.1854183583544717,0.172634304553453,0.1474938462784738,0.1523173503894055,0.1589341613997241,0.1675531604801259,0.1532259798709914,0.1535493820495164,0.1458339833074093,0.1483068764464956,0.1468221000626375,0.153174239520359,0.1496086553580173,0.1532517238259689,0.1480167302510846,0.1513833319253796,0.1937638190755617,0.1583071992594256,0.1483943605637661,0.1562525489577595,0.1464981861061574,0.1516153982379657,0.1800211600362704,0.1568630485628892,0.1535099779044406,0.1583043581367693,0.1610615080293902,0.1537846895014629,0.1582881723829237,0.1599203282016841,0.1531963312180071,0.1584069812587181,0.1558316750825543,0.1559103511322055,0.1572679420568521,0.1548728306124172,0.1526502079412255,0.1576273310671485,0.1604333617673461,0.1555749518171385,0.1592254066376339,0.1514285094586185,0.1324660591665001,0.1358665672592138,0.1256451753098044,0.1396865251206973,0.1315641613285167,0.1347345787903675,0.1340692695670018,0.1363638533738749,0.0,0.1774204145917632,0.1302415270438679,0.1271929820432111,0.1315519099680449,0.1318363295965392,0.129621079202078,0.1361311295628207,0.1424772815035808,0.1671259869887515,0.1642014673888727,0.1624014363043855,0.1630311127314794,0.1634197623861792,0.1640787172947346,0.1666390376398165,0.1663383740776964,0.1635040905618652,0.1584572335932339,0.1586229047500111,0.156712619982561,0.161900831565271,0.1560709561262836,0.1554574948208253,0.1631625432949146,0.165273374208704,0.1592940596217333,0.1542136567778964,0.1598807396707808,0.1575326881522496,0.1475053063555567,0.1666586836314652,0.1550861033151385,0.1505493433337816,0.1655504428855607,0.1550438420136615,0.1521990366548919,0.1565993835912857,0.152173707937175,0.1501759955150774,0.156162776939075,0.1509543086894176,0.1473067975268858,0.1693489181995993,0.1519093958161432
326907_2_consensus.txt,0.1458511947189213,0.157081368986045,0.1555403119796654,0.1410527250634743,0.1576574896806901,0.156422770455527,0.1415003028808374,0.1543132454133511,0.161099625495428,0.1529956118047923,0.1594710703141535,0.1510037185519834,0.1420287931360979,0.1501897441406239,0.1547989412245876,0.1507936088529557,0.1465540311241087,0.1529041556692627,0.1341373831047194,0.1284076254754964,0.1297407080875583,0.1203889272015779,0.1313436024810403,0.1313867215214053,0.1376781820154704,0.1305445778798972,0.1332368592849926,0.116966678982699,0.1218002978264145,0.1238930731805361,0.1291972683647966,0.1245147676074678,0.1267763187315518,0.1194416658721895,0.1251116254782411,0.1344146629420226,0.1408227804152995,0.1398600711671829,0.1374337241004433,0.1436925816342382,0.1402888630799763,0.1364162118092977,0.1361896911281706,0.1380967725946522,0.1358300133637602,0.1414733871458295,0.1399282008391056,0.1342462815898768,0.1372573118607265,0.1404232592028957,0.1390842547849669,0.1407323680187309,0.1396987746902231,0.1377882693836181,0.1101689866826269,0.1121353287099609,0.1152891737641219,0.1128741450261667,0.1133957181155871,0.1144969120903978,0.112672554018097,0.1140446609936471,0.1137347658242173,0.1139644295307027,0.1123492019957668,0.1134117380413917,0.112225936778783,0.111097690009049,0.1170721305850648,0.1134571571820846,0.1128821492078433,0.1126100173636999,0.141235628841521,0.1571045925971503,0.1548699874562178,0.1404673822559674,0.1344527988934594,0.1510787267610229,0.1467542172984828,0.1518729614275367,0.1396917329640485,0.1467228487333507,0.1344877571854219,0.1365266949785182,0.1483143672045512,0.1576570579189997,0.1609740508869936,0.1352615738076616,0.1428850453578976,0.1481154329635723,0.1457379215050851,0.1469675921157582,0.1418335029358388,0.1352516659777336,0.1364327972212926,0.1337142494087331,0.1424194684067252,0.1385334685624801,0.137983826766546,0.1352942537596524,0.1422591352749886,0.1710573992229695,0.1515722339121916,0.137325088465718,0.1423546276341944,0.1356367029811611,0.1398212389332744,0.1566861696816257,0.148773916046994,0.1396438248919675,0.1439190272965538,0.1458211086552729,0.1442186267701846,0.142463760254806,0.1504655960759162,0.1345874338655521,0.1439019758050168,0.1399861945819367,0.1434074061576451,0.1429939799830037,0.1464432519965326,0.1376020701857268,0.1450515419136975,0.1447548662909019,0.1394115059335492,0.1436284347970087,0.100682042991183,0.105708987228251,0.090047330103876,0.0928566924915426,0.0910652271058838,0.0884511725215784,0.0916165520905805,0.0913155549962621,0.0940465294159782,0.1774204145917632,0.0,0.0936235530670659,0.1040118072783116,0.1006496118909332,0.0954880979815717,0.1006957382182465,0.1061637288898538,0.1117769472466605,0.1280981523010771,0.1260921464278528,0.121367339858021,0.1272505257559677,0.1295114706942213,0.1256353590388101,0.127585808261939,0.1252387799903225,0.1256033119877786,0.1251611813948754,0.1263458953515508,0.1252206268161417,0.123114035550663,0.1246850739569174,0.125285077385028,0.1278978252317522,0.1266573848749601,0.1253006107303953,0.1362271427601218,0.1380268366734212,0.1416084148143657,0.1344282696914556,0.1506944595507127,0.1360720892365368,0.1361895458730488,0.1360967276438263,0.1357731441417318,0.1338244994231727,0.1321366586301549,0.1405785994586326,0.131301437990448,0.138496087507244,0.1314778830194072,0.1290275613308011,0.1392154239491203,0.1326791844505894
326907_3_consensus.txt,0.0723792231293014,0.0873419911743527,0.0844773705696271,0.0744817045000107,0.089914505774038,0.0867235520547291,0.0727351379265481,0.0905817789238376,0.093648502644112,0.084613983541522,0.0938997563502699,0.0873273740537738,0.0763869050117369,0.0829939040864538,0.0861023645110758,0.0756057020995628,0.0738140288488988,0.0852296239674732,0.0621793610033378,0.0550434226758529,0.0571265116070343,0.0548249041111752,0.0585212952786804,0.0636647768220726,0.0658086512574938,0.064884521671285,0.0674301741341114,0.0517453464383033,0.0528016302565941,0.055666355307947,0.056325689090003,0.0574893188476792,0.0580013936989818,0.0565566144668752,0.0539705082127728,0.0572771405961018,0.0906813375768429,0.089744563856505,0.0867767623956492,0.0943178912882194,0.0931133099949388,0.0881408964763998,0.0871809282601754,0.0890545341132202,0.0885130557306448,0.0925484732021093,0.0917141464869466,0.0848636395528998,0.0879919569282687,0.08973464047566,0.0890095160858166,0.0923769715292062,0.0922553767918188,0.0870712708916583,0.0473822962664893,0.0508784442693377,0.0548531795518609,0.0495418568293155,0.0528297898869718,0.0529941396018172,0.048960319429212,0.0506384386662315,0.0544298915098853,0.0514800428465545,0.0526087253049976,0.0529247607148866,0.0490534894812348,0.0498564533905803,0.0557569912174393,0.0513589042970235,0.0523594998240053,0.0517869190634412,0.0726795646330069,0.0872042129910726,0.0849745394061987,0.0670105802214751,0.065907301663957,0.0798942702169451,0.0743452720767345,0.0850654636353995,0.0889892704018091,0.0650101044537967,0.0594800556327284,0.0634689706034414,0.0735642272908583,0.1020830093200775,0.0928116482173688,0.0611016220224982,0.0649947740600316,0.0674961302887808,0.0719645363621968,0.0622366054947818,0.06276927498486,0.0569937545020575,0.0554991221985829,0.0551981764172513,0.0630652726980729,0.0595980913647871,0.0599663664851561,0.0560864413388042,0.0604299329057189,0.1079887117877262,0.0677586484573389,0.0573092803120038,0.0616849580609804,0.0578008562136513,0.0603974675011773,0.0844224861613502,0.0714949888519917,0.0648650475924021,0.0687778433581645,0.0722903606241276,0.0705533677387446,0.0686908409747175,0.0754100547071061,0.0667817213667634,0.0761341245333575,0.0668584675082089,0.068071585241757,0.0701707996764877,0.0701119863455881,0.0649518586727868,0.0682685411857315,0.07042153570967,0.0695542481780018,0.0692701520640444,0.0397656740571292,0.0158001451397442,0.0206446643953475,0.013522483057728,0.026776053835217,0.0187240374648807,0.0206757206651788,0.0205804313455733,0.0254886656589485,0.1302415270438679,0.0936235530670659,0.0,0.014816231955856,0.0144610863347205,0.0224080700026627,0.0137530835687433,0.0170090603277435,0.0231232635665845,0.0721591320015271,0.067307034535216,0.0676469747852195,0.0705435262327256,0.0702781139491488,0.0701185827583641,0.0718928831098155,0.0711965592552443,0.0693540748549974,0.0665156857001889,0.0642199601631583,0.0631566639755627,0.0665783878634833,0.0619132482007289,0.0609565328193184,0.069900941719136,0.0694612906373093,0.0679617307019011,0.0644497318980601,0.0743005679836734,0.0680531444343115,0.0596020339529292,0.0907116739628071,0.0665311853014936,0.064741993052495,0.0796426369562404,0.0700991743073347,0.0665363964256444,0.0710311429543173,0.064739888252248,0.060473349366803,0.0745533143728103,0.0658646999438579,0.0633115219483393,0.0722005805197891,0.0622930640810466
326907_4_consensus.txt,0.0702381438670469,0.0834431178564489,0.0806261115994058,0.0728285613350472,0.085684702593749,0.0831161046691262,0.0730839529840814,0.0883273208863633,0.0910159310319569,0.0848739050476785,0.0920739137970061,0.087366745495732,0.0774516156263116,0.0804760356664626,0.0836027604137656,0.0724908630527938,0.0716683088479808,0.083232697373714,0.0586993095511969,0.0530261012393351,0.0556585610302837,0.0548820095950617,0.0568022783466055,0.0608701543399083,0.0634642546608583,0.0646350189106916,0.0665615568750723,0.0537375221648126,0.0518638491432357,0.0541516463856428,0.0543378311602635,0.0566690508154064,0.0573939022415661,0.0576831416228973,0.052144086764545,0.0545391821636558,0.0954743296719256,0.0948337658569338,0.0917881516230236,0.0996816754772318,0.0982033264598678,0.0934052361351884,0.0915759212247193,0.0940553863815658,0.0943112164983981,0.0979914518466671,0.0968881208252367,0.0903597840464698,0.0932475472651237,0.0950555274165498,0.0945115246681878,0.0978424394930597,0.0972461532262105,0.092124162534529,0.0504147457344252,0.0541758560071015,0.0580346971016103,0.0535575636017524,0.0564584352298656,0.0563042234427246,0.0518735433197097,0.0538315075307966,0.0583640714322699,0.0549480672632523,0.0567625338596711,0.0562299759805817,0.0523722508065347,0.0535930303564002,0.0586442708605154,0.0551358480993879,0.056450396277734,0.0550730588291568,0.0667111226898331,0.0804095607752746,0.0801307813465621,0.0616666818500313,0.0611095973420363,0.0741810545951189,0.0677907424092421,0.0807872625497001,0.0888102357251225,0.0573553804658359,0.0551990618077988,0.0578270795388116,0.0685634853348524,0.0988156996204354,0.0891511546764656,0.0556909749278959,0.0585919358240181,0.0605710831712125,0.067859567699716,0.0550095514364104,0.0562195768160371,0.0510704367137559,0.0500955731448407,0.0500379228854583,0.0567010086007222,0.0545919319419896,0.054426301896048,0.0503122567550979,0.0537094554837231,0.109449449663515,0.06021582030138,0.0513065400178067,0.054830029376486,0.0523791154758921,0.0540541285026137,0.0802093386226863,0.0655357433930969,0.0597517672254417,0.0625218391634936,0.067926638467358,0.06666636583246,0.0640289329124348,0.0689631520525209,0.0637406029400544,0.0720472107324647,0.0626723690993014,0.0643079297449222,0.0670477904196831,0.0644284035114761,0.0611425952682882,0.0625135641682135,0.0660710655226894,0.0667764819377385,0.0646814060632738,0.043492169604443,0.0130255799386924,0.0239166492007045,0.0130503605877203,0.0294098456609281,0.0233223300685274,0.0229424196779923,0.0235290992728129,0.0299499397671105,0.1271929820432111,0.1040118072783116,0.014816231955856,0.0,0.0136121288268586,0.0243582293724031,0.0125066392855801,0.0157999322443513,0.0215180232704517,0.0777407185225547,0.0725048929209606,0.0739386457491493,0.0761418083872973,0.0748612385680811,0.075783651608341,0.0793521180310348,0.0769746424000121,0.0746087960825727,0.0717785966434831,0.0676267360437172,0.0666263268172979,0.0710293118214897,0.0654625413108282,0.0629240292959103,0.0758572066098031,0.0745754167938388,0.0728485043712625,0.0601428495345341,0.0728575270000932,0.0653684293682879,0.0561062232361289,0.0885882036391025,0.0638850698381716,0.0614974694733865,0.0786432390383167,0.0680598394433884,0.0650624133925488,0.0705625398222187,0.0603922898024684,0.0566495937870206,0.0704673403364672,0.0637047972941458,0.0619575221108767,0.0699562692348356,0.0605459449110341
326907_5_consensus.txt,0.0726114457217219,0.0880077250229511,0.0839291508514126,0.0748989875245893,0.0888606424023112,0.0847372350720201,0.0745705419837232,0.0911599787872825,0.0929667171778785,0.0857701190289592,0.0959808406341888,0.0882155755083751,0.0781347790659205,0.0812317182256059,0.0837282179650964,0.0759277216126435,0.0728690171668846,0.0843649985751708,0.0654953167620213,0.0591746704030748,0.0606761737230936,0.0613994275108211,0.0630887438577412,0.0668513384515057,0.0694700645973327,0.0706610205404496,0.0712984343094618,0.0596904490535576,0.0579549217695687,0.060219320461714,0.0609011207785226,0.0631697247748048,0.0632750605717289,0.0639492644152159,0.0573842915549152,0.0608570616811885,0.1043551007272789,0.1028431076411688,0.0999851716021726,0.108810768041307,0.1075309818864802,0.1019498853235418,0.0997204955812787,0.1020498438143633,0.1021486663970332,0.1069099449916706,0.1062442750011216,0.0986002011308926,0.1016237978229073,0.1032821652673234,0.1027552808680241,0.1068848800351913,0.1065403196141163,0.1008492571873267,0.0520132163074,0.056048831475068,0.0605223661795886,0.0557763392635095,0.0593672861331828,0.0587351724082783,0.0531686822281551,0.0556183743748039,0.0595559293681242,0.0578054674035604,0.0591953600402863,0.0586329289676657,0.0534023204611155,0.0551733119136415,0.0612687548719996,0.0575555364604465,0.0588520712277196,0.0576088631484328,0.0751232842937543,0.0870694511038134,0.0874000475250014,0.0687020734735011,0.0696054980243641,0.0833960465270884,0.0761444755439466,0.0883585280563101,0.0942069011243527,0.0669323026768644,0.0633963333105827,0.0662577400725492,0.0770349997236925,0.1085171067153103,0.0973055188056442,0.0645899938061029,0.0683982184894542,0.0686320953739301,0.0684128929635878,0.0576710102251984,0.0580500001053252,0.0533057377245329,0.0522839057576849,0.0512004355863027,0.0589530182634545,0.056867044828432,0.056481737670615,0.0520898212878195,0.0550714820229893,0.10661193076941,0.0622757874858725,0.0526996317394559,0.0556288044399515,0.0545733043311686,0.0561570303054681,0.0782165071722484,0.0718793267761119,0.0654123497004892,0.068673597049349,0.0735873999086429,0.0729624879341415,0.0702604461691311,0.075679657278366,0.069210120294521,0.0791880920136378,0.0675940557498524,0.0704430194013605,0.0731284217169019,0.0710532284304603,0.0669547847656106,0.0693530661442123,0.0707048882273824,0.0728814551302319,0.0710004135241995,0.0428891418984864,0.0112728115486877,0.021570154636902,0.0141389510979825,0.0299934682322566,0.0213037057612686,0.0237748039340273,0.021605791377083,0.0268690580017896,0.1315519099680449,0.1006496118909332,0.0144610863347205,0.0136121288268586,0.0,0.0232652683809018,0.0114980298249163,0.0158484336884461,0.0212641024374153,0.0775407348570409,0.0731004417941738,0.073794724041833,0.0776348064877465,0.0761334227177013,0.0758273035165384,0.0775950331992287,0.0771924103054271,0.0745828808382311,0.0739723297114789,0.0699882972444321,0.0680240992818417,0.0711630838190133,0.0663313409742309,0.0642554951323397,0.0767796796026178,0.0755886983748324,0.0735458205246324,0.0652290532960799,0.0764781108297034,0.0699375814679861,0.063016192348515,0.0931470566478775,0.0701582960596134,0.0683711792859558,0.0835316822336089,0.0711106435317736,0.0723408688334013,0.074000757934499,0.0675848013244069,0.0614152127254534,0.0757183839142134,0.0686468673832294,0.0697866996934521,0.0745789057887149,0.0660911374961141
326907_6_consensus.txt,0.0754057595101054,0.0891553125116573,0.0861330981661687,0.073093459819832,0.0885862806324357,0.0854388732950957,0.0719980336848262,0.0880131705729212,0.0918432760831091,0.0845218461729464,0.0910987696940095,0.0875091260235017,0.0771289864183586,0.0811107829590156,0.0845509546818688,0.0785663448560862,0.0767377542446112,0.0859797807073743,0.0661029677031539,0.0600896211131471,0.0616723902000044,0.0547288165489669,0.0623197561512967,0.0642672001882136,0.0710013946725087,0.0647008065843603,0.0678663195166748,0.0514507012567317,0.0554938419848225,0.0564673075907675,0.0598476819449231,0.0573992121804316,0.0584149476710411,0.0551007141904005,0.0572796024484461,0.0619750019261831,0.0911188753219685,0.0894720086472187,0.0873570996144321,0.097413150715484,0.0944365843216603,0.0890462263022087,0.0872865098245476,0.0879931946898633,0.08865823597867,0.0955193661522066,0.0940297095770503,0.0862533391417113,0.0885758167505672,0.0908812334549988,0.0907482748101289,0.0952084654240206,0.0936532518730324,0.0884918802189602,0.0438206357563339,0.0469538695029463,0.0501727919397181,0.048157462534899,0.0503778143783302,0.0491846684530754,0.0446594716432109,0.0463722224521934,0.0501794556316879,0.0503245499665343,0.0501827591229702,0.0493584237613404,0.0448405622900418,0.0461492873481237,0.0512738621835238,0.0499038661819657,0.0494705808529376,0.0480773301307273,0.0777515892239932,0.0907099979358587,0.0871346177730121,0.0761664244908244,0.0712258924949811,0.0811370943351947,0.0782818195141183,0.0854342033733779,0.0880931408740819,0.0763012059894805,0.0656812160437976,0.0707417188331129,0.081858429446382,0.1038191745833536,0.0928785510178409,0.068869808683555,0.073728018653437,0.0767131364989577,0.0715183091720632,0.0647386015809043,0.062148138206469,0.0561920936869526,0.0564931005143378,0.0547107709769836,0.0640999778519093,0.0593111780991106,0.0586295488467891,0.0555043835069515,0.0597610589925228,0.1052167235749541,0.067687811463232,0.0565035879711173,0.0600363209944712,0.0571270022165411,0.0606050315774124,0.0824454499706428,0.0768016281820793,0.0708964734685775,0.0738236511766139,0.0753839606515374,0.0730438715198307,0.0715934262546298,0.0789519947482393,0.0684815771600106,0.0761420800853471,0.0687336073952744,0.0715238916357465,0.071091685032389,0.0738021095685681,0.0668639814219815,0.0727356117464381,0.0730551488824797,0.0704777263871063,0.073125131046484,0.0392026214565994,0.025220798051631,0.0180367682438982,0.0151191417385359,0.024047895129641,0.0183946974249522,0.0200772966850983,0.0198767243472781,0.0198782622786408,0.1318363295965392,0.0954880979815717,0.0224080700026627,0.0243582293724031,0.0232652683809018,0.0,0.0202974294911646,0.02725921451289,0.0324964716827702,0.0690511351515876,0.0658008019447917,0.0659691526569492,0.0715547813778467,0.0703000891913383,0.0690150828440971,0.0690386857841556,0.0682982506777811,0.0664254606652035,0.0684039288760862,0.0668795167199149,0.064450830940741,0.0660012861996257,0.0634451007317462,0.062732648603788,0.0710282939346864,0.0700507005594541,0.0674238551684576,0.0688152736726124,0.0772831993893463,0.0746612215662647,0.0679752597951397,0.0911627464410802,0.0714160689445844,0.0692007261042917,0.0806439759181545,0.0697618875380765,0.0693688822949925,0.0704025204205249,0.0684581090537115,0.0655013257402643,0.0732144765379851,0.0684006264810781,0.0663104603900714,0.0751304710624136,0.0683398964257762
326907_7_consensus.txt,0.0668033416090612,0.0825848443142405,0.0802899007657984,0.068769113786347,0.0842989457792429,0.0796328827204018,0.0676922902615571,0.0852756520688782,0.0867580667559142,0.0794038907344454,0.0899314275096188,0.0819079658269164,0.072155433799228,0.0755298211052215,0.0786371184854761,0.0702217163692759,0.0680271269015753,0.0794552107786632,0.0657932516637505,0.0578868001284025,0.0603770682028397,0.0575648178766492,0.061196819389008,0.0659946977276062,0.0693986308028105,0.0691669266721675,0.0717359094419816,0.0539410458549909,0.0559764649254317,0.0583982027731941,0.0592820409456171,0.0603761493273466,0.0614164378795232,0.0594612619862067,0.0565207272336767,0.0597120649743239,0.0991362703177083,0.0975730298645025,0.094816752588283,0.1030776644971656,0.1025775714998262,0.0968431436385808,0.0951822911339643,0.0971636702048286,0.0974257048860849,0.1013892265016229,0.1007720192432142,0.092790956440325,0.0963728617157793,0.0978025595401721,0.097079008557495,0.1014433273645067,0.1015259253914955,0.0954051965023721,0.044902056621729,0.0493082517158338,0.0543434153139275,0.0478266487877521,0.0522801511347559,0.0519916027331071,0.0462088020496116,0.0486243181890193,0.053663217056016,0.050333386292694,0.0525702314873948,0.0519974665926774,0.0467073265404165,0.0484410973592321,0.0551870512562304,0.0497744598245111,0.0518166329756075,0.0507943944668394,0.0730669337338438,0.0871554845215483,0.0845662854762068,0.0672118132837562,0.0668277656473579,0.080856942792999,0.0756072894368022,0.0868117597792537,0.0918154165159705,0.0652924904660547,0.0603290855160887,0.0637908924924577,0.0765037974025117,0.105962427193142,0.0952309056223477,0.0614670687668059,0.065392086617618,0.0669815038300196,0.0672026989573355,0.0550330659298108,0.0540187656560426,0.0478325855079404,0.046828470226325,0.0464952197414163,0.0561360932251009,0.0520479392021648,0.0519387531340012,0.0472493781378773,0.0504144460369548,0.1017798773744651,0.0585540361924783,0.047687250051875,0.0511476554738798,0.049040019429567,0.0521707093856598,0.0759546589219928,0.0698054474747253,0.0623408698842045,0.0652578120655986,0.0705401487779999,0.0694439174531318,0.0655044913856546,0.0737641395390484,0.0661237060670325,0.0754707860816434,0.0640753365659119,0.0656006021996828,0.0674718567627259,0.0675791793154259,0.0616562054526701,0.0652238632301607,0.0675780196982263,0.0675376634734261,0.0669846218750942,0.039710573519442,0.0115672597770108,0.018721559799804,0.0086046522161939,0.0273269072455448,0.0180330006468452,0.0224205564186457,0.0200734664798236,0.023563813910969,0.129621079202078,0.1006957382182465,0.0137530835687433,0.0125066392855801,0.0114980298249163,0.0202974294911646,0.0,0.0155576647189761,0.020464241058578,0.0703623959484724,0.0660826202484221,0.0668680468857552,0.0688548264085646,0.0677981652645778,0.0685151360982878,0.0713062246312628,0.0697284983389447,0.0677736803247306,0.0658105262387485,0.0631495615990571,0.0618191544955699,0.0660337244721116,0.0602869831390808,0.058907627040722,0.0681508230292484,0.067502473907723,0.0662369485117277,0.0618548399820131,0.0725485291545364,0.0649386635486113,0.0584358322841893,0.0889121093681275,0.0652541984029122,0.0639622145465068,0.0767621008088479,0.0666255318627495,0.0652878387121163,0.0690440129974909,0.0623680704955633,0.0580366139567498,0.0729292724489996,0.0646704319415487,0.0630888383815051,0.068828727911935,0.0611660307121484
326907_8_consensus.txt,0.0770985247847848,0.0905938967463066,0.087482507083715,0.0800717752537476,0.0931339388445735,0.0901805291454307,0.0787363733929567,0.0958927473834068,0.0967268601573243,0.0906909702347729,0.0987235763305367,0.0929177967181065,0.0824405030781827,0.0857539153712441,0.0894513350589685,0.0788315966745987,0.077181386411099,0.0898801535632465,0.067142863937252,0.0598013205359277,0.0626404417319159,0.0635672968802172,0.0633440227243218,0.068767246904013,0.0702205192522296,0.0726166874946931,0.0742477062904063,0.0618910209677068,0.0598135688272201,0.0623677157710735,0.0621727670891933,0.0646573269279695,0.0660749583465163,0.0659969782203688,0.0596079836179601,0.061930314529067,0.1001246354883447,0.0992950913586661,0.0966528051073707,0.1047355944215056,0.1038816252682783,0.0989311762685467,0.0968616401428708,0.0986382156812943,0.0994488052751947,0.1032910790104235,0.1020993135240413,0.0959898103932648,0.0980445107182683,0.0992633137710106,0.0992829622393074,0.1027316520929089,0.1027470346623031,0.097430192943138,0.0566797847455013,0.0599218875403879,0.0641857228759734,0.0588093797395803,0.0624546838924793,0.0618957142588794,0.0577587811572133,0.0596821285370525,0.0637095871040038,0.0606991174039555,0.0624834234164239,0.0621375187337207,0.0579633049405119,0.0594149681644617,0.0645147151892331,0.0607617130962969,0.0622809440717997,0.0611048581636204,0.0750060191065014,0.0884401750408336,0.0884996037002956,0.0689307433471047,0.0707945829842957,0.0837586082414407,0.0772161973936818,0.0876002904083046,0.0960651768396632,0.0650676824464717,0.0636522405035959,0.0653637082738027,0.0762678350116488,0.1077059761976304,0.0972489899181452,0.0635095978822981,0.0663696044662698,0.0680260728835611,0.0784830927900452,0.0661969074070167,0.0685201752782589,0.0630116340556181,0.0614981088102428,0.0613826729330053,0.0691561535654949,0.0661721319092949,0.0661540075283184,0.0615901130514373,0.0656707980991999,0.1169827886240417,0.0717817985747162,0.0630683165768486,0.0666868861340876,0.0644974000358793,0.0665847417511473,0.0889001525128474,0.076810409338119,0.070876302847421,0.0724402181572081,0.0790403698325423,0.0771975627431906,0.0744323988124424,0.0804286611698312,0.0748406626861362,0.0839575330396371,0.0732253789110082,0.0742795615556835,0.0777043099211356,0.0759736667772257,0.0726546935969034,0.0733186950034268,0.0765804201211119,0.0771425400943082,0.0750687212643201,0.0451051661131387,0.0161551048795285,0.0266126365211532,0.0172412124936158,0.031597054665009,0.0269563810372606,0.0253250066286661,0.0267820525811117,0.0323516615247569,0.1361311295628207,0.1061637288898538,0.0170090603277435,0.0157999322443513,0.0158484336884461,0.02725921451289,0.0155576647189761,0.0,0.0240512155938468,0.0814435021599413,0.0757951900143067,0.0782584863210411,0.0800673837861722,0.0791991023060125,0.0793217263105017,0.0815348180397927,0.0809530563251357,0.0786599826481966,0.0760835806835977,0.0719328156797587,0.0713471642770366,0.0751297951878102,0.0697265301883582,0.0673787538082058,0.0792227930727786,0.0779211307310276,0.0771338853804666,0.0681546626157549,0.0811622936332847,0.0712758456618285,0.0637357294010216,0.0967692180032742,0.0712072754503445,0.0695323061042945,0.0857465638811989,0.0753484189504218,0.0727740149522917,0.0774135847543551,0.0688743724959666,0.0644323091817158,0.0798596899577157,0.0715223028648308,0.0709611628108852,0.0763316405473704,0.0672967121836585
326907_9_consensus.txt,0.0812078994616456,0.0953199130931317,0.0930981198643703,0.0835843942925702,0.0973422735616074,0.0944034041043488,0.0833740327440537,0.1007947693621647,0.1024663697604122,0.09558744156599,0.1059178464045516,0.0988126625105447,0.0876345400793958,0.0894772102556213,0.0930213882272434,0.0841323803193292,0.0816663746317205,0.093321701258211,0.0780087559589093,0.0721976473136152,0.0749308389243914,0.0744823080416878,0.0747375721713563,0.079993892719818,0.0831557448616706,0.0840874912265841,0.0861914808696333,0.0729401355180749,0.0715116267623452,0.074037624481928,0.0748302346667202,0.0764903361491162,0.0782294593550423,0.0773391760000503,0.0715666144700808,0.0735714411082053,0.113430114403668,0.1117622577465695,0.1087659516101791,0.1176428802609041,0.1173060599963413,0.1114152090380837,0.1090969503901568,0.1108516503603951,0.1117752312790925,0.1165226521607518,0.1156346316393337,0.1082190584863305,0.1109482825831911,0.111357706556614,0.1117084774275962,0.1162955808566472,0.1163320351397176,0.1102603005013556,0.0646028281848041,0.06860162103776,0.0724419902681887,0.067506672339233,0.0712640402945643,0.0702377344992521,0.0657857550679708,0.0678803537289445,0.071877712503138,0.0695673093676001,0.0716089311122916,0.0705105996519925,0.0667292446579299,0.0674159050226004,0.0728672237238221,0.0694969642345153,0.0708595011444437,0.0693719108136026,0.0825634208713976,0.0981541893456636,0.0965346698718567,0.0778345934257487,0.0804939490533938,0.0926369141965572,0.0873258506970362,0.0966402660068448,0.1053691939968262,0.0746148503315282,0.073003574218438,0.0747675100125881,0.0862810489403971,0.1160387644212468,0.1069936656665353,0.074594090838242,0.0767145138389073,0.0775966668080725,0.0819346723317044,0.0695771397871887,0.0700618625875195,0.0660640115993222,0.0638188292298673,0.0639292968469451,0.0724467603195808,0.0688362565827249,0.068761995773241,0.0643697494611901,0.0672418511481707,0.1223049958049289,0.0741985369103712,0.0651943628859479,0.0679613816525881,0.0669918831409344,0.068903011035549,0.0905030342825687,0.0841611827477617,0.0771534434004426,0.0793948502457722,0.0846517095980647,0.0846803545898939,0.0811678133874478,0.0868541032823033,0.0808332100723623,0.0902460555707831,0.0794577452995204,0.0806878758886293,0.0843299172488443,0.0827469217161631,0.0779253979235328,0.0795436267431766,0.0823701240775252,0.0842501020010013,0.0820798908014044,0.0506428581623001,0.0199460103277973,0.0305067903220637,0.0222667291681704,0.0374978977458422,0.0313929125274787,0.0321186552260037,0.0303238462165662,0.0371941036070895,0.1424772815035808,0.1117769472466605,0.0231232635665845,0.0215180232704517,0.0212641024374153,0.0324964716827702,0.020464241058578,0.0240512155938468,0.0,0.0892401590364899,0.0846814859185123,0.0861471015260262,0.0883515679837918,0.0868463276568363,0.0874053920152011,0.0902342054667002,0.0894564699636912,0.0862495615167064,0.0848085979168207,0.0809290643661899,0.0803275546386164,0.0838912048112101,0.0788026344547239,0.075967314818274,0.0875477846952268,0.0862963268063987,0.0852687726031131,0.0781972402997821,0.0889171210753438,0.0811842194058236,0.0746270490301013,0.1072921285117693,0.081155848404494,0.0817569930649009,0.0968222343085987,0.0829457267618822,0.0831426499949055,0.0866874496847396,0.0787020775746123,0.074219366369105,0.0891368863031027,0.081757736410692,0.0805868711673429,0.0848585829811297,0.0765919819545688
327059_10_consensus.txt,0.0675821803589835,0.0820441179959567,0.0808960201149195,0.064246241878056,0.08115300276995,0.0841009892686761,0.0618836742800503,0.0806009201516566,0.0827595621657026,0.0759992359715999,0.0829446398150945,0.0767191724903151,0.065070910083282,0.0746127250219998,0.077561196885509,0.0700014377545565,0.0707847032322064,0.0806130155086526,0.0742860312832647,0.066335760828446,0.0679986602735471,0.0566055045283748,0.0682350641542246,0.0697933470480833,0.0745625941534928,0.0670550143788908,0.0724631522736984,0.0535406159661491,0.0602137037346857,0.0620275063278663,0.0655002470807222,0.0616277926291335,0.0642186767217083,0.0557756709441319,0.0627679803421239,0.0700142118477771,0.082493756692684,0.0813094707838848,0.0801706316586186,0.087141361564381,0.0847598510649358,0.0813292180144662,0.079442043441734,0.080814936217604,0.081302787230916,0.0855733259421818,0.0843020423914229,0.0786519058580914,0.0812141985513106,0.0830412790528178,0.0823578615732056,0.0852621975478999,0.0839916672248897,0.0801124883245352,0.0452045667760074,0.0461359834650494,0.0488013166770784,0.0462085378137961,0.0480571818027115,0.0479013020610361,0.0465570978233644,0.0467550062433135,0.0489255926321723,0.048209165114418,0.0476606318423504,0.0472919469974337,0.0463257801771268,0.0456190457084613,0.0503886695327784,0.0481005125120335,0.0474690150340624,0.046360087597054,0.0844501337501872,0.096398150449084,0.0989227580579266,0.0776366057707509,0.0748025365120774,0.0856999705406167,0.0859503210550842,0.0933931237002356,0.0872740423872784,0.0843362604879267,0.0691253691762012,0.0777427331297015,0.0873466811240053,0.1046991959042014,0.0977015847936826,0.0716527362738403,0.0767052729705755,0.0846136811871653,0.0791621933266544,0.0762326760130438,0.0715956151503727,0.0685946007384146,0.0673543821686291,0.066112138066571,0.0730054678846627,0.0681821487769021,0.0685610968292209,0.0681181118565401,0.0738524027376934,0.1112041881778722,0.0825381514785039,0.0709268821524204,0.074314557235648,0.067162790542202,0.0719060759479477,0.0911719988310215,0.0790170723892398,0.0743034135088045,0.0768534407053973,0.0775704024670309,0.0734691284318911,0.0711619400592775,0.0822149191699566,0.0699886895533055,0.0776593596917001,0.0718716063058861,0.0737239886632865,0.0718282545320194,0.0750508995204386,0.0691872587893005,0.0757300312503392,0.0776007331075483,0.0692989910040262,0.0727672219730868,0.0878612179121658,0.076781130002268,0.0667703183029946,0.0650716904096064,0.0778791200701887,0.0641509843809613,0.0711944857719002,0.0738667847074561,0.0716198436360775,0.1671259869887515,0.1280981523010771,0.0721591320015271,0.0777407185225547,0.0775407348570409,0.0690511351515876,0.0703623959484724,0.0814435021599413,0.0892401590364899,0.0,0.0084191659239403,0.0086759725756628,0.0120181400268233,0.010594530524175,0.0085232649045936,0.0096348489783588,0.0089936863031665,0.0093624032835712,0.0120378336650848,0.010960505006051,0.0098627795064087,0.010612593385102,0.010233396581321,0.011354506470524,0.0122451560855996,0.0107735346971589,0.0088896620096381,0.0741657209611634,0.0785401841070072,0.0783321456478169,0.0690804918780445,0.0950362038584202,0.0720084784624619,0.0722145296179395,0.0810776683965315,0.0754207185029409,0.0674647090098261,0.0759126440919724,0.0721068764008672,0.0700003009974912,0.0787332372196241,0.0723652171581532,0.0644108490915691,0.0803454767933748,0.0666690155750489
327059_11_consensus.txt,0.0646651867308483,0.0781715870957349,0.0773781234676276,0.0618988559296234,0.0777296697171809,0.0830675785303149,0.0595713074531936,0.0786246775055783,0.0815693248253577,0.0729491306297003,0.0784137310709169,0.0746911920615485,0.0625344097592544,0.0721752053104012,0.0762679988511632,0.0663452394817918,0.0687214134708824,0.0779407947201624,0.0700612436810574,0.0609205946787998,0.0643653151988257,0.0510178650880615,0.0625838727703156,0.0648030101478225,0.0698150543171909,0.062373331031476,0.0686871901514116,0.0472956395186683,0.0555131694910455,0.0567035517215437,0.0605301396543218,0.0564375742543594,0.0605539062251825,0.0504488049376794,0.0588074574706904,0.065892717935247,0.0762549646675747,0.0747751178450624,0.0730308228560909,0.0795820626818528,0.0777902093271079,0.0749857009773649,0.0730395633079155,0.0743257141527262,0.074796128539023,0.0784706589589605,0.077265024013057,0.0722601087236327,0.0745815864442063,0.0757484089582316,0.0753601356255391,0.0780654524629493,0.0771029622143117,0.0732548518929041,0.0408092033930023,0.0411445795801252,0.0442402587564503,0.0401319541602749,0.0425261583407197,0.0421954296390829,0.0418575715464832,0.0419252637564238,0.0447187525229555,0.0417714745636601,0.0419186047019266,0.0418102454774693,0.0418359298686139,0.0410035360030871,0.0456578124227453,0.0418916646656768,0.0421184104252914,0.0410895912493334,0.0799764971774159,0.0932227791155675,0.0948356816061739,0.0724622495149347,0.0703632405359231,0.0803917242259322,0.0806103310210009,0.0878224187328307,0.0850706755050438,0.078857421714062,0.0637600669677045,0.0725675522407671,0.0824617513232048,0.1023672582958017,0.0949534722026772,0.0659372822511317,0.0701606821229994,0.0795886520969002,0.0753414923349478,0.0712769254679228,0.0682730911991482,0.0633445539147734,0.0617562338444352,0.0611840462546648,0.0691267045431498,0.062770401797108,0.0633470884207216,0.0627896995735159,0.0690964385866497,0.107792623872239,0.0788535694398948,0.06657215241942,0.0706714157030425,0.0621110541028775,0.0670671696450533,0.0888080045723249,0.0747547056552306,0.0697931064771539,0.0713476533785977,0.0743250449185826,0.0695506004687018,0.0655417291325131,0.077823584625138,0.0660655007121571,0.0725993380335854,0.0683719839595626,0.0687707515863467,0.0671390821673565,0.0704217666043707,0.0652875780859076,0.0709276062747843,0.0742431617562715,0.0648708656675847,0.0673023623947965,0.0842300602840664,0.0722936890720618,0.0626584221044854,0.060194026071132,0.0736226890776112,0.0613196076581532,0.0666476239634548,0.0697645461974278,0.0683166246882507,0.1642014673888727,0.1260921464278528,0.067307034535216,0.0725048929209606,0.0731004417941738,0.0658008019447917,0.0660826202484221,0.0757951900143067,0.0846814859185123,0.0084191659239403,0.0,0.0072802090982833,0.0079272132969698,0.0067367122872932,0.0067242240845519,0.0093850366851313,0.0065552971027127,0.0074347551817774,0.0075440932107611,0.0066659721787534,0.0071903458321465,0.0095407231921189,0.0072468709477409,0.0090193359578991,0.0078426490531198,0.0067306271533595,0.0063633255035675,0.0696466180016575,0.075596042217314,0.0722516322580819,0.0626610812332169,0.0931122456596291,0.0676130764225693,0.0683796910472915,0.0754313490880171,0.0714201172556681,0.0609670190884479,0.0735338842297625,0.0667170710600517,0.0659496878591756,0.0758614039414187,0.0683785878490539,0.0584656949245188,0.0754985543652466,0.0617685370643048
327059_12_consensus.txt,0.0653168770739878,0.0798972124621082,0.0793659769011574,0.0619587927717963,0.0794317618598627,0.082913534130542,0.0591874492312367,0.0791169188954992,0.0824212873449132,0.0734328792012215,0.0815240287258367,0.0746754850647049,0.0622280741583241,0.072088252657581,0.0769297596292339,0.0680571297905006,0.0697827041706986,0.0790120079585037,0.0721541384741293,0.0650753298795265,0.0667363277275807,0.0534601192135175,0.0669772336651322,0.0677534749351611,0.0735034938591372,0.0656988604513788,0.0714425387901727,0.0494097188934636,0.0568571150600654,0.0594260129178252,0.0636461508561252,0.0594608318457865,0.0617615605867261,0.0524816861145209,0.0607105770397158,0.0687889026826455,0.0759752962472379,0.0749760303087745,0.0729817083576804,0.078605723713383,0.0768600429134362,0.0739645067405918,0.0728896999893358,0.0746059399839831,0.0739474057440841,0.0772183450108459,0.0763007959140775,0.0708898401245265,0.0741866071139627,0.0757858958416521,0.0747513184421801,0.0770582858608577,0.0762900308018039,0.0726919996306483,0.0412418202114359,0.0419937537475672,0.0446419984507873,0.0408330494226909,0.0428367488424736,0.0436569097110295,0.0425586939487647,0.0429057419209035,0.0450205253507975,0.0426925140708043,0.0427104439436387,0.0426657910753611,0.0427378475165536,0.0417671108791157,0.0465076854256416,0.0425352421035221,0.0423509541197155,0.0416970280754878,0.0815178497182538,0.0952763977377353,0.0971184472412849,0.0739237668684733,0.0710555525584997,0.0826653721801697,0.0834517967355301,0.0908928294387338,0.0846333074246885,0.0813068480581034,0.065166337459793,0.0743171374575455,0.08496863820152,0.1019444091179329,0.0958688785412764,0.0677147111237994,0.0729760262863896,0.0821357305698118,0.0780161837584909,0.0735884788312386,0.0695790658257786,0.0646163843850855,0.0637105908012767,0.0623512843049818,0.0708489668963103,0.0649310327740781,0.0657293543124897,0.0647036406524002,0.0708365459745303,0.1097392153485419,0.0806368450998649,0.0677911640783257,0.0718550462056182,0.0629107165865168,0.068698801605473,0.0894039991101962,0.077436005513503,0.0714438076714731,0.0752585288568621,0.07607869908127,0.071502233601234,0.0690027421908192,0.0803701921643735,0.0668921046797956,0.0755814513620212,0.0700259345401059,0.0718934990945872,0.0697757218466996,0.0727606139112246,0.0663010328995366,0.0738747824350198,0.0762531182511256,0.0668965710225073,0.0707080462818057,0.0836080024610854,0.073719824536985,0.0625033727998092,0.0613642118154507,0.0728945199152777,0.0603338330950631,0.0666880167666006,0.069833727848934,0.0678869884176665,0.1624014363043855,0.121367339858021,0.0676469747852195,0.0739386457491493,0.073794724041833,0.0659691526569492,0.0668680468857552,0.0782584863210411,0.0861471015260262,0.0086759725756628,0.0072802090982833,0.0,0.0080565628974991,0.0071565793827428,0.0066805883742473,0.0098311016057612,0.0071269912280635,0.0073156785959787,0.0081459168086723,0.0081943063957377,0.0074798389975176,0.009834117247605,0.0076861555554117,0.0095198239240206,0.0084303011864115,0.0075822944733703,0.0066418353631965,0.0715108779043944,0.0768537104779856,0.0759594950371278,0.0651482549608282,0.0926253733957542,0.0689275239158728,0.0696065765973488,0.077938398576892,0.0731212270803105,0.0629452996147268,0.0744875816714278,0.070076048845018,0.0681645087189934,0.0770110681352989,0.0697251522773125,0.0595404330667088,0.0785334957191219,0.063518334913037
327059_13_consensus.txt,0.0691286355580533,0.0842384192548761,0.0859448240816664,0.0662791637979145,0.0863777719800946,0.0909931572722406,0.0632078821328399,0.0849895265224525,0.0894849109316924,0.0779327513066849,0.0884109592989004,0.0792636256693901,0.066071989852845,0.0766412677883376,0.0848585311826788,0.0710733538781145,0.074743463870794,0.0859521981520039,0.0833095928119966,0.0740114853654834,0.0779792959797331,0.0606715138062883,0.0758665086369507,0.0782588164917541,0.0838767334649039,0.076570176103516,0.0842440618678965,0.0541588966414758,0.0659838461398667,0.0693979934916813,0.0731210537449014,0.0682351352147927,0.0725742783520191,0.0598799664888991,0.0710412078692153,0.0784601604202892,0.0785845281561687,0.0780883684779309,0.0753699855498393,0.0780106136823208,0.0781850623776119,0.0757374493272315,0.0763280914854114,0.0781601911267975,0.0764552788322836,0.0771291294004576,0.0766453099270147,0.0719421090453718,0.076232411209359,0.0775524659830209,0.075629984950174,0.0771943697864925,0.0776389615909272,0.0740752639651507,0.0450629655912457,0.045666640763903,0.0499547614483741,0.041240456783969,0.044822620247154,0.0467273124841343,0.0464428562014873,0.046898915748395,0.0506265959284553,0.0427177469263195,0.0449273062964685,0.0461111003688703,0.0472649937775049,0.0457289168298302,0.0520775584163608,0.0429973660987643,0.0447599667383267,0.0450381984663588,0.0881432972974343,0.1042800205479173,0.1057171306977684,0.0773265555444266,0.0760476412199668,0.0901154829116777,0.0922659291281604,0.0992844124536773,0.0936638746259603,0.0850477378596181,0.0693392241165371,0.0796054769338416,0.0911892867201293,0.1108184860564485,0.1069153995601857,0.0712583889442104,0.0749670781139313,0.0867682762768478,0.0892624886468453,0.0810532054438342,0.0782579670650163,0.0704702205909963,0.0683795211955988,0.0686371451005571,0.0791238311840718,0.0713291096089436,0.0729185329082566,0.070770786488886,0.0780547333401697,0.1184725122255763,0.0903202909526736,0.0745179204317914,0.0803363526624103,0.0689893082452881,0.0759284843395793,0.1004756461517137,0.0835459888492824,0.0762699115886968,0.0802271531452287,0.0835150812006206,0.0772153200966139,0.0734051420142254,0.0875202717665972,0.0735028159160107,0.0817980005026042,0.0763650091649985,0.075393220311005,0.073537957040231,0.0777592317494395,0.0707812412069639,0.0779358240999545,0.0835119155645767,0.0717850087213172,0.0752626339687028,0.0880587166091828,0.0759743131023658,0.068350958713979,0.0645513359723057,0.0776216620640628,0.0668825462048774,0.0710599786738219,0.0742831474050502,0.0742663521276769,0.1630311127314794,0.1272505257559677,0.0705435262327256,0.0761418083872973,0.0776348064877465,0.0715547813778467,0.0688548264085646,0.0800673837861722,0.0883515679837918,0.0120181400268233,0.0079272132969698,0.0080565628974991,0.0,0.0035318115147147,0.0065038096221643,0.0130777692385235,0.0075148278024048,0.0094162360101321,0.0021544211822916,0.0050505127786752,0.0078491026598177,0.0134197936847151,0.0088257428170726,0.012306181377574,0.0018307623559863,0.0035883092524064,0.006503522400945,0.075585701694365,0.0833155716099884,0.0772259828092334,0.0643380784248579,0.1004804117083866,0.0720724724454946,0.0738378949430966,0.0813400100399857,0.0790427519448027,0.0620765046993074,0.0812706118250625,0.0718766105372283,0.0727437448504533,0.0854085954460917,0.0740379245780644,0.0596970492312785,0.0828990192850085,0.0654858561592455
327059_14_consensus.txt,0.0681678115086255,0.082275619335201,0.083525878192634,0.0651658019038805,0.0832183635303565,0.0880715138985799,0.0625431818074533,0.0830698736401389,0.0867586753040132,0.0768326706594759,0.0856824245957863,0.0780905132005784,0.065220878881222,0.0748617708334604,0.0819060541451,0.0697290504257024,0.0724386108108872,0.0832106979220137,0.080375010940429,0.0713210076061452,0.0748003530665428,0.0594437367619775,0.0730536503068899,0.075530533631694,0.0807925218649909,0.0742648811782178,0.0811206667497792,0.0538367226616163,0.0640813204341341,0.066981426029975,0.0707668714955316,0.0664035371470239,0.0703447292101708,0.0588891081143705,0.0685719008780205,0.0757693463998556,0.0815175129146208,0.0805776805378828,0.0782166459251723,0.0822264219021136,0.0818977918821666,0.0791793396593041,0.0787193691754843,0.0802013241178407,0.079619973261769,0.081429442210072,0.0805981328964513,0.0757519131336934,0.0793398170129231,0.0804035650203012,0.0790685097610248,0.0812980900965572,0.0812712337755741,0.077372860123158,0.0452390859992455,0.0461231682878704,0.0500705190769075,0.0427013044096558,0.0461338671272857,0.0472363008663716,0.0464019518663914,0.0470490229486886,0.0506689146089112,0.0443085025134211,0.0461755957829002,0.0466991460742436,0.0472324932644214,0.0460928789084196,0.0519305752318617,0.0444453839965177,0.0459605775086799,0.0457426977949939,0.0865369866494933,0.1019214589273396,0.1031877929339275,0.0767210935147693,0.0753358671821402,0.0883252600351243,0.0900832101946198,0.0969890203668697,0.0926755432430566,0.0838211736536012,0.0687798460729105,0.0785307185247532,0.0900959684852864,0.1101036634140602,0.1044233169788366,0.0706782363621112,0.0746561161487324,0.0851975983721118,0.0843222693436169,0.0764772406059091,0.0739257971783562,0.0669020256461587,0.0650332756459191,0.0649204173106108,0.0747500618527894,0.067652905729691,0.0685839673850843,0.0670431576047221,0.0737349539602387,0.1145977823253012,0.0848913825609489,0.0705458808469812,0.0757305803153229,0.0653519293651081,0.0719681629766402,0.0948050780986999,0.0815702066891699,0.0745789164236807,0.0780184833643922,0.0812096171061309,0.0755827398460464,0.071724527543199,0.0852972971495855,0.0720291737631608,0.0800625726622916,0.0742614426567609,0.0743018436013098,0.0726214304534735,0.0761604613849158,0.0697737760899332,0.0762944985941622,0.0812834410334435,0.0705706841343376,0.0736164853790448,0.0881316435564985,0.0749625687029267,0.0675865799176875,0.06381326234394,0.0773468807493777,0.066140106960093,0.070996618344199,0.0740037211417643,0.0735855662544944,0.1634197623861792,0.1295114706942213,0.0702781139491488,0.0748612385680811,0.0761334227177013,0.0703000891913383,0.0677981652645778,0.0791991023060125,0.0868463276568363,0.010594530524175,0.0067367122872932,0.0071565793827428,0.0035318115147147,0.0,0.0058032548588968,0.011766470739122,0.0065118402926565,0.0080949792481277,0.0041882872354044,0.0046225310558583,0.0069005806164206,0.0115445985824811,0.0075798842863719,0.0103319311831464,0.0036505060288565,0.0032803398072083,0.0058536890969325,0.0734618326242513,0.0806169861726013,0.0763065408617373,0.0641692090045378,0.0981923102020534,0.0709463181976666,0.0718900876985078,0.0797644295339203,0.0763240629039083,0.0621535078181612,0.0796845216210702,0.0698908616414817,0.0709091021337311,0.0825795163527045,0.0724522329569081,0.0600718573485856,0.0806107970082479,0.0646085961300153
327059_15_consensus.txt,0.0662329802754131,0.0799162558859949,0.0797946225569603,0.0632307302460661,0.0798614429722777,0.0848157995009222,0.0606488641039888,0.0801508452135131,0.0832619400977661,0.0746960356863972,0.0824935829868076,0.0760341404983329,0.0634392346296754,0.0731118362356113,0.0775339939810448,0.0687183812050289,0.0701609842171278,0.0807084464153335,0.0755652361194831,0.0678783915471772,0.069631941889253,0.0566487444951331,0.0692550417082058,0.0710492659377548,0.0762109605264775,0.0690099945979261,0.0752900423054478,0.0527295892145112,0.0605462904233133,0.0633152626685884,0.0668442408896341,0.0625702267235865,0.0656844468035213,0.0561738963801605,0.0641353961472095,0.0714091133626837,0.0788496456799672,0.0780730192148144,0.0761660110277446,0.0813541181607355,0.080031044613861,0.0773963411416742,0.0758465631545739,0.0778006499131791,0.0771020109100906,0.0804823701439456,0.0793399181394063,0.0743303131364285,0.0772148303689519,0.0789606312330679,0.0779151271445313,0.0801939869867149,0.0794735842569744,0.0756325487329219,0.0431690397670916,0.0439380213524858,0.0464425214442965,0.0422555345602972,0.0443212417636296,0.0451692408552322,0.0443732577888242,0.0446941784546321,0.0468165309389565,0.0439138856063214,0.0442544872811465,0.0444896181925642,0.0446170222525488,0.0435324398695078,0.0482077852296249,0.0439396686324684,0.0441388435616953,0.0434613126766691,0.0826579334099584,0.0963312028858149,0.098787967057432,0.0739488549826443,0.07228060342947,0.0838510915529155,0.0852175609594816,0.0922348304242701,0.0859816957911414,0.0813804081547129,0.0657637626228018,0.0752567352589235,0.0854958345520593,0.1032155496943083,0.0978623113980994,0.0683282331579793,0.0728694747172937,0.082030629333456,0.0794368193865988,0.0742676530656814,0.0707764771128864,0.0664754276708592,0.064973361614987,0.0640961445380963,0.0720484979842135,0.0665383397393037,0.0673302222402796,0.0663730774818658,0.0725300681010514,0.1128380696342681,0.082347378946241,0.06943305823326,0.0736299517019407,0.0648194309328751,0.0704357539776916,0.0909647742317165,0.0794364843142041,0.0735624461517616,0.0773466060315515,0.0786949337068829,0.0739979462929456,0.071247097632157,0.0829979723867628,0.0701098508953137,0.0782318829708978,0.0727214716986903,0.0741075759819605,0.0721912821536641,0.0746387280913154,0.0692567656596354,0.0760018587796906,0.0794004883551799,0.0693936757157196,0.0726495603187977,0.0867416984407185,0.0752873068574793,0.0656658138374037,0.0635327238723588,0.0761561482468629,0.0637014247279221,0.0694580679998075,0.0728418027427011,0.0714276361109789,0.1640787172947346,0.1256353590388101,0.0701185827583641,0.075783651608341,0.0758273035165384,0.0690150828440971,0.0685151360982878,0.0793217263105017,0.0874053920152011,0.0085232649045936,0.0067242240845519,0.0066805883742473,0.0065038096221643,0.0058032548588968,0.0,0.0095602499838518,0.0066926160003211,0.0075112672053121,0.0068494496248305,0.0068354895297009,0.006170365431906,0.0097500312331808,0.0079103675802416,0.0100490428730957,0.006733569911872,0.0061627537697352,0.0048771960861309,0.0731872309017358,0.0791785056378682,0.0761323993414908,0.0662133691504855,0.095968098207039,0.0704962491872311,0.0713100954242582,0.0790406946698096,0.0754709698887987,0.0642156988030411,0.0766045279142542,0.0708178692177705,0.0693763541819958,0.0798054973809447,0.0719857855239363,0.0610894175580103,0.0804894339123789,0.064980392414423
327059_16_consensus.txt,0.070836653029942,0.0857779296008889,0.0842724180961713,0.0672374816147627,0.0847518498654791,0.0878646568092547,0.0642943789042691,0.0840893909051239,0.0865417125399776,0.0788089477070776,0.0860616282188999,0.0803810747540794,0.0667426617285515,0.0769857385445451,0.0809156797528851,0.0731015628594917,0.0744829038780841,0.0830689480955078,0.0761106968078202,0.0679684598740024,0.0690227465074686,0.0581117001463997,0.0702518740603821,0.0708161456164333,0.0760598417809514,0.0684524984164705,0.0739020353612529,0.0546833788869181,0.0612488902262571,0.0626119992155747,0.0663607552615737,0.0631298766924484,0.0652434223230402,0.0571715391661493,0.0647160060139464,0.0711904294336793,0.0828445526579866,0.0816420227899925,0.0798732872904377,0.087361995213806,0.084659923337262,0.0815620661347171,0.0794412619646909,0.0811477296925895,0.0810648005007141,0.085731515490302,0.084561410993996,0.0784074385867645,0.081550470153302,0.0828851539275579,0.0823789824316865,0.0855868004665518,0.0843178675623166,0.0799195245531194,0.0444359918835743,0.0459097156564718,0.0485700097992438,0.0457769850094127,0.0478748371439099,0.0478083329664738,0.0458850742117675,0.0465464468812264,0.0484056147388169,0.0482766747332155,0.0473445414983482,0.0472093321900253,0.0454964021245736,0.0455576734319409,0.0501121567625224,0.0477924244115754,0.047310279310853,0.0461280675951352,0.0865323325815827,0.0988621656275059,0.1010831019669318,0.0804332569536709,0.0765916516777851,0.08676507443786,0.0870504130293525,0.0953710285504643,0.089870849277962,0.0867098030666504,0.0700401668258576,0.0796195614767683,0.0890128905105864,0.1076049153638045,0.0992873184193943,0.0736542377251092,0.0783356103662189,0.0866778686952232,0.0789440304505735,0.0761751260607317,0.0726062032951757,0.0690334271596491,0.0677860543595052,0.0658772300157002,0.0732500107100539,0.0679421794976926,0.0685195587269502,0.067969915802112,0.0739208978868362,0.1103725230621917,0.0824305933315043,0.0710755610893265,0.0746537220385956,0.0670610711336916,0.0721687764766878,0.0903549257434574,0.0822737023139197,0.0769000742222738,0.0802351447395448,0.0807587037913535,0.0761897568304386,0.0737139830665363,0.0852553816721819,0.0730628035061453,0.0810194005292341,0.0747444815754461,0.0764197899447198,0.0748309483984179,0.0779780784102373,0.0721298396735035,0.0795820030703593,0.0807960170976658,0.0714297335944742,0.0756779092718709,0.0871192548290897,0.0777606241441537,0.0664183315188013,0.0656916139663117,0.0781552151585565,0.0642355644388423,0.0713400538092194,0.0734855706889616,0.0711446690768999,0.1666390376398165,0.127585808261939,0.0718928831098155,0.0793521180310348,0.0775950331992287,0.0690386857841556,0.0713062246312628,0.0815348180397927,0.0902342054667002,0.0096348489783588,0.0093850366851313,0.0098311016057612,0.0130777692385235,0.011766470739122,0.0095602499838518,0.0,0.0099261496663913,0.0101705841420622,0.0130104909917978,0.0124910868131067,0.0110035455123416,0.0111477410224738,0.0112209979275528,0.0130302734681393,0.0129866933589442,0.0121240231990977,0.0097715657538373,0.0771396809759661,0.0817387310860215,0.0815904201828559,0.072569034087798,0.0960254436052689,0.0753098260063254,0.0750711554450598,0.082197061630274,0.0766898669148989,0.0709378753771572,0.0778540865482622,0.0760448515189136,0.0728142965273619,0.0811189488508317,0.0752930855441231,0.0671969049943044,0.0848049644136699,0.0695634937835816
327059_17_consensus.txt,0.0700123126583909,0.0840544031104642,0.0833438347604094,0.0656456517318506,0.0836028210718513,0.0869699753794401,0.0631677943681623,0.0827941677608032,0.0863977385693388,0.0775891596947415,0.0841936823428159,0.078097166769397,0.0657977389725514,0.0756544133342078,0.0804565564610308,0.0712614313941717,0.0738339654799524,0.0827753428923019,0.0780597816658454,0.0698920219698653,0.0719226903372982,0.0582948618521239,0.0716161710627965,0.0724367667590959,0.0791957740711124,0.0714410659092541,0.0771652186990063,0.0533808279651424,0.0625447690532068,0.0644370013005115,0.0685465597710166,0.0642351717945022,0.0671948704871221,0.0574170189363831,0.066439244751149,0.0742320381546957,0.0819547365502684,0.0805663303122905,0.0785505976713416,0.0849264501439384,0.0830926615956277,0.0799264652968645,0.0784315145102336,0.0795850730297473,0.0799464767754862,0.0835618858040128,0.0825313154862579,0.0769749062314186,0.079975690464054,0.0814511458449231,0.0804161636684321,0.0833882608956519,0.0826154700286379,0.0788117288036147,0.0436910138811788,0.0448814772368377,0.0480167914474067,0.0435833618561076,0.0459849450490743,0.0461861786354447,0.0448207206647488,0.0455676433970761,0.0483849316683162,0.0452286380319071,0.0457782451459651,0.0456043087140081,0.0450960530933173,0.0446707730187112,0.0498530873647711,0.045215188555991,0.0456865354447106,0.04470543243273,0.0869315373746069,0.1005339033912404,0.1022892418148408,0.0787845792036048,0.0764300472790253,0.0874616929444283,0.0886993197137275,0.0957880875366496,0.0900741741947088,0.0864336180283782,0.0705435368546076,0.0793303007200574,0.0906367912887189,0.1089758081910385,0.1020358281691971,0.0727700206699513,0.0777818998963271,0.0868325486380703,0.0821967204562321,0.0773801509670502,0.0734836810681462,0.0681257728448132,0.0669474634402895,0.0657732423035675,0.0745556699717662,0.06845558601528,0.0688367330273758,0.0677931254914048,0.074348870936526,0.1118314306383503,0.0845702657369154,0.0709954259151377,0.0753485162665903,0.0666395151620555,0.0726246810905157,0.0931885206728928,0.0827058996682215,0.0761295543802589,0.079633301126468,0.0814193170193506,0.0760580743474408,0.0727039346376408,0.0857031203218792,0.0722942040583234,0.0800113283590526,0.0746117422999219,0.0758738283984303,0.0736345332958245,0.0776920572088517,0.0711006566830549,0.0783016805464571,0.0813207781268205,0.0708642663054712,0.0750337372880034,0.0864585375644928,0.077125341015817,0.0659616374198712,0.0641998730608035,0.0766998243075773,0.0638386658184,0.069740861804048,0.0719992183416549,0.071104558052391,0.1663383740776964,0.1252387799903225,0.0711965592552443,0.0769746424000121,0.0771924103054271,0.0682982506777811,0.0697284983389447,0.0809530563251357,0.0894564699636912,0.0089936863031665,0.0065552971027127,0.0071269912280635,0.0075148278024048,0.0065118402926565,0.0066926160003211,0.0099261496663913,0.0,0.0078231492343521,0.0082660446436833,0.0082831948662462,0.007916356213828,0.0106136126764431,0.0075987487438373,0.0113568198744342,0.0080360844058517,0.0068537549284561,0.0072923088829632,0.0752687816610384,0.0807165387028936,0.0793539760978427,0.0689747759913208,0.0971617011147465,0.0736323668204281,0.0732915496352282,0.0789711590758122,0.0768158598563824,0.0664008111459262,0.0781149888659129,0.072452542091038,0.0719667598659556,0.0811720109292686,0.0732588851288413,0.0636108220224418,0.081514072163241,0.0675813277689876
327059_18_consensus.txt,0.0666919892109945,0.0794063016353368,0.0792901316656502,0.0631740509076008,0.0788319423053662,0.0829758407624865,0.0611818113021076,0.079796666531271,0.0826514814246062,0.0745247160353157,0.0806591555393581,0.0758985868769928,0.0639095138631899,0.0732572465063476,0.0775436511875256,0.0685829245327802,0.0696195306362081,0.0795673608740088,0.0713245563847815,0.0634867597950386,0.0657436384922931,0.053167480878872,0.0648556339405939,0.0661733967026068,0.0716940127192939,0.0643709846722586,0.0704382352836638,0.0497155541188618,0.056735660607794,0.0590718736037176,0.0626129287934151,0.0585549547824744,0.061913773254016,0.0524834568958185,0.0604689906482098,0.0674333531762192,0.0759820549128393,0.0750081618168385,0.0733444920873189,0.0795060994015246,0.0776403237179756,0.0744797106512802,0.0729934686470548,0.0747032538029675,0.0746579074671647,0.0784632788843566,0.0770645648560997,0.0719634995070581,0.0742454971007307,0.0759117289218993,0.075538557622715,0.0779807562895991,0.0770772454975858,0.0733263953884773,0.0421272402916983,0.0428020222443015,0.0454964834218625,0.0420120122943297,0.0441583870573509,0.0441108774642868,0.043203457421777,0.0435900086822913,0.0458412890027686,0.0436871001829324,0.0436246660530521,0.0434062636821304,0.0434470785031084,0.0423866322235682,0.04662412079273,0.0436802517368271,0.0437238982592518,0.0426201623881183,0.0791352480574607,0.0920643559297644,0.0942140739236689,0.071953272916291,0.0696279313887657,0.0794928185445087,0.0808238237108494,0.0880365838628414,0.0839905983404492,0.0787764788685319,0.0633251068270626,0.0724932014409658,0.082370921146694,0.1009508608254456,0.0935519740211274,0.0658158375619564,0.0704233788664741,0.0788887820867074,0.075891725247942,0.0721463048277843,0.0685934795588121,0.0644004000960345,0.0634675430087012,0.062077854911446,0.0695237355098399,0.0643481730137374,0.0648534545233641,0.0642241221681629,0.0700256111630599,0.1098576016428722,0.0796495176462883,0.0673585235689486,0.0713419566678164,0.062944885334188,0.0679725730089089,0.0890948266079201,0.0765610313167899,0.0713477939170346,0.0741051384795286,0.0750920220852737,0.0708260752937413,0.0679524675703993,0.0790437223124715,0.0671446844765402,0.074348247044341,0.0687065916423002,0.0708812403199434,0.0690198109081503,0.0715282047838981,0.0662536319356883,0.072811997206867,0.0751102852040688,0.0662053545509602,0.0693622602940529,0.0857054107516734,0.0741488211808407,0.0644356169387752,0.0620099157926219,0.0746322875823084,0.0623807939484946,0.0679719450556115,0.071177974351464,0.0690058136594258,0.1635040905618652,0.1256033119877786,0.0693540748549974,0.0746087960825727,0.0745828808382311,0.0664254606652035,0.0677736803247306,0.0786599826481966,0.0862495615167064,0.0093624032835712,0.0074347551817774,0.0073156785959787,0.0094162360101321,0.0080949792481277,0.0075112672053121,0.0101705841420622,0.0078231492343521,0.0,0.0094599988628516,0.0084896412564452,0.0077836709155816,0.0103631523397638,0.0087139337403625,0.0094075042733337,0.0093940247084853,0.0080611641389971,0.0072320768455309,0.071096837354549,0.0770460505128527,0.0753442102518953,0.0653025690535109,0.0941201414737369,0.0690316434833269,0.0701554320221955,0.0781109897765244,0.073416400160772,0.0634810719320473,0.0744891718941556,0.0689205774256151,0.0675829174753515,0.0769941888300262,0.0700186018212196,0.0603173974323212,0.0783851984953933,0.06353482410554
327059_1_consensus.txt,0.066097168003596,0.0805912251408234,0.0823658577769208,0.0637910757666651,0.0829569964386589,0.0882324708785997,0.0613138987922914,0.082514429975788,0.0868725192064125,0.0757978027838213,0.0843660945439683,0.0774114604883324,0.0642839264112611,0.0746960046222717,0.0823646103706359,0.0683170262517069,0.0721923775810076,0.083212735529643,0.0757828988520206,0.0663136306887599,0.07069252231393,0.0536666583722116,0.0682944696711276,0.070991892101083,0.0761483513512999,0.0687325726364278,0.0768173141207384,0.0478826108312713,0.0589569332993669,0.0619250292416602,0.0656074333371696,0.0606857647567267,0.0652074390280761,0.0530860489144036,0.063852256161387,0.0708797707268829,0.0727595965864491,0.0725041324617219,0.0697398580650379,0.0725709130148182,0.0723217346168683,0.0700500244386921,0.0704991808187527,0.0726670086663574,0.0709696492284663,0.0716327471223587,0.070850549379255,0.0667820543327293,0.0704901855256476,0.0722385892750132,0.0701817021065664,0.0717068953984068,0.071769945293262,0.0684669339656798,0.0415382873522354,0.041693824250661,0.0457326331029444,0.0378265256371879,0.0408160961379673,0.0427499167828973,0.042853892138325,0.0431269007548404,0.0467767240018321,0.0389240609445726,0.0409335493562492,0.0421738800594546,0.0436306916171771,0.0419206057871628,0.0476382473411618,0.0395405051685306,0.0408545144313805,0.0411403742650406,0.0810430124653365,0.09761742466537,0.0985359608228071,0.0711420733636778,0.0692917185766592,0.082570563895981,0.0847682891813894,0.0925741722432871,0.0880408322634576,0.0778821606147994,0.0628754216397968,0.0727747247702881,0.083757492789223,0.1042036890568685,0.0997195821640613,0.06444577813558,0.0676949450149102,0.0797172752067654,0.0840833168900516,0.0758182136586542,0.0738022015183563,0.0660186340542807,0.0642166850135446,0.0645233677086647,0.0743469594674488,0.0664073486096512,0.0685428582081497,0.0665140422701959,0.0737283724917112,0.1144922909374468,0.0854676326546695,0.0705509833197348,0.076226573081545,0.0645952688676603,0.0714078795584933,0.0969031452199153,0.0770054383565144,0.0705878335241605,0.0740158900676899,0.0770879893761016,0.071009039600133,0.0675255646995953,0.080591932993129,0.0678559487783987,0.0748865460678178,0.0706560994303187,0.0696299753723046,0.0680280395097714,0.0714134367760452,0.0655987402984283,0.0720682446142522,0.077338740785688,0.0661426974940582,0.0691116123982009,0.0858087751919995,0.0721167842008787,0.0654071368399806,0.0607543275814972,0.074810454709933,0.0635929566606838,0.0676021410977494,0.07098270848621,0.071379412294438,0.1584572335932339,0.1251611813948754,0.0665156857001889,0.0717785966434831,0.0739723297114789,0.0684039288760862,0.0658105262387485,0.0760835806835977,0.0848085979168207,0.0120378336650848,0.0075440932107611,0.0081459168086723,0.0021544211822916,0.0041882872354044,0.0068494496248305,0.0130104909917978,0.0082660446436833,0.0094599988628516,0.0,0.0041677432024256,0.0070598405797852,0.0127618591959528,0.0081141335750238,0.0109814127611951,0.002346565302516,0.0040740528091411,0.0060872329772045,0.0703388585561084,0.0773816217871825,0.0713079533498488,0.0583081522206301,0.0946908006330424,0.0665034602771399,0.0679117475611832,0.076573807866497,0.0741114422764628,0.0567089261847,0.0757275348860515,0.0659199888935395,0.0668463175636198,0.0787624960658162,0.0685206886838107,0.0542501830209287,0.0778650689765587,0.060362606557808
327059_2_consensus.txt,0.0624601018970079,0.075974112714837,0.0766636832243996,0.0614836266871989,0.0778869778997819,0.08330405327919,0.0591195855488759,0.0790251615328498,0.082646600912799,0.0732567475961634,0.0804055084972743,0.0751176024519582,0.0625946838712492,0.0717375753751596,0.0776756183996347,0.0644007264921846,0.0671414271285462,0.0784175647484648,0.0682310093251361,0.0596831506001365,0.0635897647225585,0.0501851317050769,0.0613277171942048,0.0645164543543401,0.0684497318626258,0.0628292348019741,0.0700979920295923,0.0464762711746988,0.0538937354809778,0.0567326982003386,0.0596393837009241,0.055776574337492,0.0600627039381516,0.0502584975658066,0.0575712825611232,0.0641047836506967,0.0739966793495598,0.073485349597286,0.0713010187147817,0.0756007107276524,0.0747436000430381,0.0722598382186152,0.0713460428874279,0.0737664702800202,0.0731323474556511,0.0746882068379903,0.0734253718828288,0.0693951376894288,0.0723775309721013,0.0738723723296725,0.0726104681205379,0.0744605199046244,0.0740608880148636,0.0705077119252743,0.0427668908691387,0.0430240034551854,0.0466938462329507,0.0405819934011937,0.0431659420114982,0.0441028074002574,0.043999594201102,0.0440095389032393,0.047515368818594,0.0417635571900332,0.0430381422326737,0.0436743992435753,0.0445689998918386,0.0429945097537496,0.0481973092139611,0.042415436142571,0.0432185467407943,0.0426455821997429,0.0760604513522373,0.0901252830280201,0.0935493873996948,0.0665793513583929,0.065160914038362,0.0773535100364029,0.0780312579945885,0.0873640035206202,0.0845149036097909,0.0718262921587111,0.0586183539922133,0.0677369709448054,0.0777743532774959,0.1010358312850669,0.0934665493162523,0.0604994620362449,0.0634252622186135,0.0735773164069018,0.0750979604119432,0.0678665992717624,0.0665116516261541,0.0605164116298109,0.0586277883430588,0.0589287143975285,0.0664922605431002,0.0605005216767944,0.0619704563401617,0.0605120048131153,0.0666932526707437,0.1092984304587778,0.0770196371654723,0.0645649208287713,0.0690878463413398,0.059321663234261,0.0647934314959153,0.0897712735968596,0.0698669918431704,0.0646297404914166,0.0670954696781294,0.0703596751789827,0.0652415126702381,0.0618552901731979,0.0732005254423935,0.0625987708854172,0.0694210098651213,0.0646981974890348,0.0642475861513354,0.0636625896922229,0.0654588586081104,0.0611754964115585,0.066187097890122,0.0705469719689695,0.0617328902786677,0.06303418856419,0.0859425274398111,0.0680712888480821,0.0643643748479183,0.0586682391632384,0.0743975723592349,0.0627333609330964,0.0668024956387007,0.0704103135408198,0.07033349532791,0.1586229047500111,0.1263458953515508,0.0642199601631583,0.0676267360437172,0.0699882972444321,0.0668795167199149,0.0631495615990571,0.0719328156797587,0.0809290643661899,0.010960505006051,0.0066659721787534,0.0081943063957377,0.0050505127786752,0.0046225310558583,0.0068354895297009,0.0124910868131067,0.0082831948662462,0.0084896412564452,0.0041677432024256,0.0,0.0054142883030916,0.0105872107600433,0.0068899344087292,0.0078121431100539,0.0051409612221986,0.0042226510110827,0.0059689201968877,0.0656871413122814,0.0735084648894286,0.0678000729863113,0.0553819788869232,0.0915703023924825,0.0629336097158645,0.0640314361864939,0.0743673502630821,0.0700295089046685,0.0554495529879117,0.0730684636355381,0.0621410231782855,0.0621106383039027,0.0738900994751343,0.065715751355361,0.0531864638566954,0.0737664324799549,0.0572690522452177
327059_3_consensus.txt,0.0589959378816145,0.0723113229421033,0.0722776407948906,0.0581208434726878,0.0730125440947224,0.0773224236853638,0.0557581029773839,0.0747385736839065,0.0775641071793318,0.0692653360508517,0.0756722588533573,0.070640768467955,0.0591085449045305,0.0674674378312225,0.0714039968527382,0.0611199523448071,0.0640107478938976,0.0738537569795916,0.0641184213021723,0.0571316132988224,0.0590237467749341,0.0487523078430971,0.0592198764022544,0.0607728443615673,0.0645899616104728,0.0597123264019785,0.0652595628886345,0.0461787686033057,0.0508323566041104,0.053534460666393,0.0557614862694739,0.0536533036239248,0.0553328239462258,0.0486252326688658,0.0542217875157815,0.0600527123841061,0.073709605721902,0.0731941054645481,0.0709663352167098,0.0766636141965682,0.0752240873033676,0.0725529534880715,0.0706688171497473,0.0732113880789651,0.072861918366577,0.0754289707532436,0.0744582484820428,0.0696362341288754,0.0724523582950258,0.074179693837773,0.0730696763752787,0.0753677341870568,0.0744913274313487,0.070962596236769,0.0401378991487106,0.0408518644760294,0.0433203944683882,0.0396135807229311,0.0413824795289938,0.0421305138648886,0.0410288077950085,0.0416778599614042,0.0442318734187576,0.0407372026602796,0.0415155296559079,0.0414745772421349,0.0415637911077659,0.0409131898955044,0.0449280878540907,0.0411732520942873,0.0415453842817754,0.04049893286588,0.0724844854784114,0.0849632838458536,0.0877628625854525,0.064130503185666,0.0619876010553266,0.0727218740838226,0.0729857390537809,0.0833565861783318,0.0800248313445806,0.0687866630171134,0.055634883849418,0.0640091758218437,0.0734629392302004,0.0964517838146852,0.0876280420370605,0.0575247824768405,0.0610756949942672,0.069477067810463,0.070156308544381,0.0643093347983674,0.0619968239449972,0.0581853895785107,0.0566957034850696,0.0561594400804139,0.0620652902221516,0.0579937395202216,0.0589004502746766,0.0578043793726257,0.0630629411431922,0.1057728775647914,0.0717083834071283,0.0610741665608207,0.0647116143068933,0.0564049114762887,0.0613142459115474,0.0836542343349737,0.0670202622372544,0.0622069296385756,0.0656492428359998,0.0667118596896259,0.0627683358246828,0.0602821167860607,0.0702282788661143,0.0604451222667954,0.0676428108847941,0.0618504947542657,0.0636685474393665,0.0628702432439913,0.0631153999736309,0.0595519899531558,0.0647255939462683,0.0677015460710395,0.0596737201064421,0.0617025131257218,0.0848001368417268,0.0668638043869771,0.0626065156328197,0.0575470780260447,0.0734134238211403,0.0603072854054804,0.0659391024956548,0.0689189880167129,0.0684629413659827,0.156712619982561,0.1252206268161417,0.0631566639755627,0.0666263268172979,0.0680240992818417,0.064450830940741,0.0618191544955699,0.0713471642770366,0.0803275546386164,0.0098627795064087,0.0071903458321465,0.0074798389975176,0.0078491026598177,0.0069005806164206,0.006170365431906,0.0110035455123416,0.007916356213828,0.0077836709155816,0.0070598405797852,0.0054142883030916,0.0,0.0088550763903549,0.0061842763312318,0.0069614512399924,0.0082627297629001,0.0071135761691296,0.0053313165926525,0.0650016954319125,0.0717012294740593,0.0680766012860436,0.0573187227230276,0.087597033156892,0.0631516594509413,0.0628894372400905,0.0724154723470613,0.0681479950796726,0.0580775599003091,0.0696765668825998,0.0626269327424324,0.0603355448748761,0.0707217002886313,0.0644103199885304,0.0550328830516084,0.0742875830319915,0.0575377721889056
327059_4_consensus.txt,0.064210309668848,0.0777161741668113,0.0761068066515564,0.0626335207629944,0.0776317925363763,0.0811227953115931,0.0603314370007943,0.077728988130687,0.0810370323982061,0.0741851542626061,0.0797970850530651,0.0757012852829079,0.0629682290983355,0.0715981004072432,0.0746933526435,0.0666838662198658,0.0682052614795667,0.0771625160141269,0.0633801166902809,0.057910196962803,0.0586176156572468,0.0502600994613517,0.0597398629476906,0.061280763092455,0.0646005072716535,0.0594143494330126,0.0639733689967503,0.0483185990277199,0.0512954574362449,0.0538941133008856,0.0567686979345705,0.0537768541914021,0.0553924222680271,0.0495819839949058,0.054363625354691,0.0607248092854755,0.0760439287286143,0.07487330758069,0.0733546948223455,0.0802402439746581,0.0776792107438932,0.0747788422333171,0.0727471931382837,0.0747780826690549,0.0743870633205858,0.0786730115855238,0.0773235140309065,0.0722897612565436,0.0748087975773446,0.0764017829823222,0.075716161425511,0.0784055167398651,0.0770391422489087,0.0733161963391149,0.0417544407480292,0.0428713620808354,0.0452534698833657,0.0432699801633225,0.0445515685984139,0.044913126916172,0.0430602343127306,0.0437214439749213,0.0454247930342885,0.044798057500083,0.0441154475802498,0.0438688322855815,0.0427446958678041,0.0425901773553238,0.0467798880376566,0.0448122654142224,0.0442913188093347,0.0431231342132916,0.0739182825376625,0.0859339365997486,0.0902859064853176,0.0675849913238995,0.0644821142369895,0.0761511719890837,0.0747118411857092,0.0844499418694315,0.0797657100063462,0.0731479306780427,0.0598054908836287,0.0675033079374181,0.0757979970690936,0.0965928850543136,0.0883618012557683,0.0611471718457643,0.0662549080205305,0.0732914766822094,0.0712742244797208,0.0675103510294841,0.0646920457061499,0.0616306793266279,0.0605654321753874,0.0590763569938213,0.0651839901165107,0.0614985848225533,0.0616515322030091,0.0607299609556912,0.0665328510466753,0.1056205105072045,0.0739885997473663,0.0637988577200232,0.067247195866793,0.0600142945574031,0.0646774713994551,0.0848806339038903,0.0702299195533999,0.0656093708459293,0.068401563300581,0.0692092480699573,0.065864599992973,0.0637858406537175,0.0730628769390087,0.0626225053936702,0.0700003198021663,0.063899173418263,0.0673480247897835,0.0660069317419749,0.0668650490720077,0.0629634393103888,0.068248472340473,0.0702638530483401,0.0628718411011197,0.0649651441614986,0.0844357699509013,0.0710528971704445,0.0642147804281183,0.0613011043997433,0.0756415348079553,0.0611081028168891,0.0683053502862653,0.0716821949814425,0.0697496725042965,0.161900831565271,0.123114035550663,0.0665783878634833,0.0710293118214897,0.0711630838190133,0.0660012861996257,0.0660337244721116,0.0751297951878102,0.0838912048112101,0.010612593385102,0.0095407231921189,0.009834117247605,0.0134197936847151,0.0115445985824811,0.0097500312331808,0.0111477410224738,0.0106136126764431,0.0103631523397638,0.0127618591959528,0.0105872107600433,0.0088550763903549,0.0,0.0095364631423509,0.0098310447083509,0.0135472921596857,0.0115551941720219,0.0097341591507396,0.0671987274191598,0.0728585263931087,0.0729598435239635,0.0619684212834581,0.0877813802838263,0.0652193288959841,0.0638564478927996,0.0752048207159452,0.0683707097682457,0.0627090887282895,0.0701501902514607,0.0668635580133347,0.0626885195268114,0.071818767125217,0.066479151417603,0.0587300468541389,0.0756612508074887,0.0614310636629209
327059_5_consensus.txt,0.0626820898738884,0.0770500786971233,0.0757042582845395,0.0606643877017925,0.076872178347461,0.0794603847129007,0.0584854714700266,0.0776223881513296,0.0804050897857111,0.0725230441908664,0.0804725938946493,0.0735543531135354,0.061267115255327,0.0706316205307331,0.0741810863513157,0.0638160337351898,0.066680062004365,0.0761047433264705,0.0670041801117076,0.059911656801546,0.0617099981933675,0.0520951528011659,0.0625485631257465,0.0634519179278063,0.068309643690374,0.0638720754012851,0.0682691350632511,0.0489398026322582,0.0536060125790305,0.0562956062712958,0.0589867281154568,0.0570282235398345,0.0586581946455435,0.0522424685038664,0.0566044831102159,0.0633034265961312,0.0784530441039317,0.0775005908483574,0.075328579507107,0.0813754319540587,0.0797263389760916,0.0764898963709779,0.0750733610972025,0.0770939120218701,0.076910603724043,0.0798731424012935,0.0789399602782454,0.0735896034767167,0.076987225207417,0.07815679167234,0.0772430337530281,0.0799121825359128,0.079004912472409,0.0750399802858137,0.0412541471244196,0.0424209122944816,0.0454417120522485,0.041372905022782,0.0438564498890041,0.0444508701814223,0.0425634638182028,0.0430986162199751,0.0459007647225746,0.0429761823276217,0.0437691773355366,0.0435609171751112,0.0426401477079725,0.0425210850963981,0.0468701917330651,0.0433478635553701,0.0436285499759971,0.042684834975553,0.0740662392362994,0.0879276270231175,0.090888874612216,0.0664272690396217,0.0651141397814445,0.0764060961254635,0.0758681199318394,0.086087894397167,0.0829610685348747,0.0712425118090571,0.0591733869362567,0.0666546992628678,0.0768489557712541,0.0998332448233982,0.0912432892601478,0.0605062286947459,0.0644877365907765,0.0722343733484986,0.0726393749700289,0.0660330874188233,0.0636184652474094,0.0594294986815668,0.0582878801316653,0.0570022351168804,0.0646629857663345,0.059960405174845,0.0607886714467102,0.0589663414204997,0.0646154107434364,0.106457988039752,0.0732968379413128,0.061978146116389,0.0656930815555059,0.0582027200723311,0.063020084023238,0.0846338327977145,0.0705384614928865,0.0655304704649708,0.0686531654094597,0.0700991636689067,0.0663394163330153,0.0634168845761822,0.0736534173847918,0.0634619350846596,0.071554378976419,0.0643349511635902,0.0666341979664126,0.0653370879724724,0.0667824806609536,0.0620539320506896,0.0675531612891422,0.0700883611940295,0.0630366104469164,0.0651010536563516,0.0818489482077842,0.0657209901055804,0.0617508450326784,0.0569988916143859,0.0730319328756383,0.0592626041674622,0.0654285393310631,0.0680207368876892,0.0672613515286437,0.1560709561262836,0.1246850739569174,0.0619132482007289,0.0654625413108282,0.0663313409742309,0.0634451007317462,0.0602869831390808,0.0697265301883582,0.0788026344547239,0.010233396581321,0.0072468709477409,0.0076861555554117,0.0088257428170726,0.0075798842863719,0.0079103675802416,0.0112209979275528,0.0075987487438373,0.0087139337403625,0.0081141335750238,0.0068899344087292,0.0061842763312318,0.0095364631423509,0.0,0.0076127225458044,0.0087964510725866,0.0081438768967254,0.0073310682871605,0.0650457120669329,0.0727220672792885,0.0695787024795002,0.0585480213898126,0.0884266848389856,0.0643519077021803,0.0636899418893595,0.0742601316851736,0.0679902911428014,0.0598192485864625,0.0708267842658463,0.0641315501022212,0.0618764566834881,0.0720036792391862,0.0654210158484041,0.057052438511258,0.0746578704148124,0.0589579099735413
327059_6_consensus.txt,0.0593340094566752,0.0728498246517004,0.0708681316979671,0.0588626996617929,0.0719074235788905,0.076860358338207,0.0567044058532868,0.0756220590211702,0.0770670577538199,0.0699138677681068,0.0761583686089721,0.0717763078812314,0.0608126645353994,0.0682626292705066,0.0705301991160478,0.0616016077648673,0.0623769811901375,0.072413536871263,0.0607113132100671,0.0539393172633593,0.0554468620424248,0.048306333415419,0.0563948915577512,0.0575861422292183,0.0611358757422664,0.0573099030676456,0.0616091153742495,0.0473754981631691,0.0486961218406332,0.0509048443905868,0.0532597853947764,0.0515685507097494,0.0533834513132749,0.0487938790053679,0.05076253256109,0.0572701044905441,0.0744957033019053,0.0738865160047979,0.0719679449480903,0.0785266318733528,0.0767432113315624,0.073555350352211,0.0708575989369668,0.0740081872685172,0.0739947696124314,0.0772136645174956,0.0757989322733756,0.0712028882737705,0.0737266349225311,0.0752028916513749,0.0744362598026446,0.0771837963211297,0.0758588407264619,0.0724021102368093,0.0417331816910433,0.0424465884761326,0.0446517239933914,0.0427570508212928,0.0441933656842685,0.0442802060187146,0.0429201240988801,0.0433992196972203,0.0455835682687881,0.0440672652103151,0.0442274602043424,0.0436369222899264,0.0430612826981802,0.0423754208752242,0.0458229386454966,0.0447547182772076,0.0442548534800302,0.0425717580726754,0.0690788452897495,0.0807938721793313,0.0848183384374596,0.0618402361160317,0.0606002120853395,0.0694885411442189,0.0690034636112182,0.0801996949541097,0.0777846478957737,0.064951016716833,0.0541941111769608,0.0608858977074273,0.0706598863937646,0.0933574060455617,0.0835676897692971,0.0554997189446657,0.0590981770793996,0.0667037190821471,0.0643609354759551,0.0598706694318913,0.0575699155155158,0.0556563871227027,0.0545459825992766,0.0533505643007155,0.0579739941765851,0.0550918053965912,0.0557197056601523,0.0546664286690781,0.059385460603262,0.1031362176009818,0.0673413853568396,0.0581616143174805,0.0605600742405112,0.054184931512772,0.0577508247672335,0.078766045899763,0.0642097513567083,0.0607045511040809,0.0625136180934049,0.0636466701047888,0.0612747539701912,0.0584801565850545,0.0666608977391352,0.0583947927066832,0.0654284239907871,0.0597015609441848,0.0625101504333356,0.0620276016957737,0.0610480368810293,0.0585898153940753,0.0628311839723458,0.0643074386032864,0.0590113013180966,0.0601214919004737,0.0827886134720801,0.0634101395717348,0.0603154349424261,0.0553845058899042,0.0717167366474891,0.058563805211441,0.064203622509253,0.0672595358516616,0.0661295376558781,0.1554574948208253,0.125285077385028,0.0609565328193184,0.0629240292959103,0.0642554951323397,0.062732648603788,0.058907627040722,0.0673787538082058,0.075967314818274,0.011354506470524,0.0090193359578991,0.0095198239240206,0.012306181377574,0.0103319311831464,0.0100490428730957,0.0130302734681393,0.0113568198744342,0.0094075042733337,0.0109814127611951,0.0078121431100539,0.0069614512399924,0.0098310447083509,0.0076127225458044,0.0,0.0126271537955213,0.0106062114321758,0.0085569276711447,0.0627865474411173,0.0700034889397915,0.0672384937752568,0.0569293884834234,0.0864539248814262,0.0619937705716564,0.0609188196833878,0.0743093917800168,0.065738945129457,0.0592353930736031,0.0686042044436083,0.0620800226636024,0.058611305707843,0.0680081455694292,0.0636614509871051,0.0562332122909134,0.0733024265820905,0.056863127168774
327059_7_consensus.txt,0.0703780733344867,0.0848915775452407,0.0867462162166061,0.0673430472596514,0.0873535858174081,0.0916792384035698,0.0645319856740744,0.0864557255478892,0.0901187115693433,0.0790101621819197,0.0893341249797607,0.0805470753556134,0.0671485347223272,0.0780985694555482,0.0862257785956135,0.0721619462116285,0.0754005668854791,0.0866539806293689,0.0825674536730023,0.0729126572523934,0.0774540333887765,0.0598319290899365,0.0746462220021886,0.0776723368845075,0.0830494582026011,0.0758237602767017,0.0838845464829844,0.0529928464876237,0.0656660488038198,0.0687240972113061,0.0725236802853785,0.0675291798095489,0.0724768907515231,0.0591883238674837,0.0705249392817339,0.0778360587036433,0.0794723359633291,0.0785878257983965,0.0760347794349085,0.0788645356771349,0.0791814457952302,0.0766043187999869,0.0772849829730848,0.0786546624469908,0.0770954660153755,0.0781898227531572,0.0775722422784728,0.0727995712628128,0.0768124684516555,0.0779170482378424,0.076270698779993,0.0780675929720526,0.0787141400505433,0.0747627166279762,0.044596273106638,0.0453352002154945,0.0501108915485986,0.0406910255966836,0.0450209321245935,0.0464264400058,0.0459028642932271,0.04632540504935,0.0505265091918429,0.0423944181475892,0.0445594704103324,0.0458808759409157,0.046763757471675,0.045368490571148,0.0519163439756038,0.0425618175927446,0.0446330165743855,0.0449402459991645,0.0882984067828998,0.1046912993173814,0.10540106184808,0.0774517436090818,0.0765695521554779,0.0910665920334565,0.0928550353915111,0.099622366492813,0.0949693520883006,0.0853533021437655,0.0697884615065911,0.0802926325742872,0.0916463566977565,0.111794446021272,0.1074945243310034,0.0714790736892894,0.0751897264968164,0.0867860314563255,0.0892033779639867,0.0802702651490525,0.0780688414678705,0.0694517865850823,0.0673267386602516,0.0676402112726917,0.0788265980318989,0.0702109302660467,0.0722662152348725,0.0698892381941842,0.0771461595711819,0.1170852917104801,0.0894414138308192,0.0736156745755529,0.0795523649532885,0.0682460761102259,0.0753260234027157,0.1002299648628577,0.0837156777961327,0.0762277852555133,0.080266612897728,0.0836069963145647,0.0773810861623003,0.0732203658837518,0.0876994537516964,0.0738447687436503,0.0821464733483976,0.0760349843132619,0.0747257961037446,0.07303600783949,0.0775848768792446,0.0706532160398634,0.0776449377632921,0.0832411005029385,0.0715453862150683,0.0748411179880657,0.0877917176939453,0.0755037622113992,0.0680277922419252,0.0640122440355588,0.0776614992925077,0.066264938492063,0.0707519004587826,0.0742888683893685,0.0739249002955757,0.1631625432949146,0.1278978252317522,0.069900941719136,0.0758572066098031,0.0767796796026178,0.0710282939346864,0.0681508230292484,0.0792227930727786,0.0875477846952268,0.0122451560855996,0.0078426490531198,0.0084303011864115,0.0018307623559863,0.0036505060288565,0.006733569911872,0.0129866933589442,0.0080360844058517,0.0093940247084853,0.002346565302516,0.0051409612221986,0.0082627297629001,0.0135472921596857,0.0087964510725866,0.0126271537955213,0.0,0.0035347731678125,0.0066131469236481,0.0746945658310833,0.0824159163653721,0.0758370471307987,0.0631981619847046,0.0993766309292141,0.0713261953436825,0.0728172358045169,0.0810534676211229,0.0781896917537245,0.060820960255552,0.0800293165710614,0.0708813570413546,0.0717778443102581,0.0847823564251912,0.0733704912914881,0.0590078180930477,0.0815065690495115,0.0651082349829739
327059_8_consensus.txt,0.0684652078247332,0.082398761215308,0.0834673864055153,0.0654723953275988,0.0835360691973026,0.088420334735237,0.063167353551548,0.0838648289906638,0.0868419439428995,0.077101328005944,0.0851575220339739,0.0784468695351963,0.066048915285469,0.0754637187737898,0.0823465953332878,0.0700040044675143,0.0721384987003439,0.0834036721214657,0.077957352389328,0.0685877852893099,0.0727513205683205,0.0571428939854063,0.069933181345303,0.0731781401211737,0.0785107177241046,0.0714490521576411,0.0788496416772872,0.0514945200019534,0.0619897240892823,0.0648931773369545,0.0685753718904589,0.0637973988710474,0.0687400963976365,0.0564247912280135,0.0663972813621995,0.0737821203031687,0.0786511095689208,0.077618129881265,0.0754356374663185,0.0794285658967615,0.0792409172408881,0.076552442028241,0.076222136013401,0.0774892367763584,0.0769998535917197,0.078680196587328,0.0776736040084635,0.0731436120493729,0.0762188364410692,0.077383437258196,0.0762626974649069,0.0783008436868843,0.0785989932249151,0.0747166473726839,0.0447144506726644,0.045290871818576,0.0495426263018163,0.041845372093535,0.0454046748519036,0.0461630017555068,0.0458685447826576,0.0461894101992328,0.0498718994202578,0.0433167343239899,0.0451468192666855,0.0458075758727956,0.0466304247309246,0.04505263335448,0.0510662555841747,0.0435061983169609,0.0451371250746266,0.0449022203768949,0.0850806649260809,0.1003776835587189,0.1026728653851343,0.0753920611755623,0.0743329344097603,0.0873717939770735,0.0891258364241585,0.0952353864150348,0.0920658691522149,0.0828655054846354,0.0682468226847445,0.0774560360862208,0.088848263809135,0.1090934080919687,0.1035798659716471,0.0695347756207471,0.0736357159061311,0.0844149186117082,0.0839846261379939,0.0766478425853858,0.0743842588563863,0.0669704170604124,0.0650604355408548,0.0651207501597976,0.0752578262795848,0.0678206395551539,0.0688795635036561,0.067280275816083,0.0743633894258524,0.1137671460575848,0.0859015711462998,0.071131147555711,0.0763639806095426,0.0660247486843452,0.0724086773083776,0.0960152781592382,0.0804473040900539,0.0735399114592549,0.076739252244657,0.0799447001642521,0.0745415888223322,0.0704174903215184,0.0841740820867471,0.0708544655431238,0.0784424958411325,0.0733257345648281,0.0726152446608328,0.0712314336743205,0.0747893110147206,0.0689243549837526,0.0749682161863862,0.0799422617722349,0.0690940170856961,0.0717611360407017,0.0869129889692459,0.0745834773857216,0.0668095314827308,0.0630369965475674,0.0762966643684697,0.0652132065308688,0.0700461724591248,0.0731396440310945,0.0729369300260112,0.165273374208704,0.1266573848749601,0.0694612906373093,0.0745754167938388,0.0755886983748324,0.0700507005594541,0.067502473907723,0.0779211307310276,0.0862963268063987,0.0107735346971589,0.0067306271533595,0.0075822944733703,0.0035883092524064,0.0032803398072083,0.0061627537697352,0.0121240231990977,0.0068537549284561,0.0080611641389971,0.0040740528091411,0.0042226510110827,0.0071135761691296,0.0115551941720219,0.0081438768967254,0.0106062114321758,0.0035347731678125,0.0,0.0062583564338574,0.0718480711408933,0.0786808678536639,0.0736428592609446,0.0619260604204647,0.0968339286722486,0.0687777274715335,0.0704396451021756,0.0776851285940178,0.0749403615998396,0.0593305908791501,0.0777203555779468,0.0680481895347417,0.0689364028677301,0.0814431777496995,0.0705310965262304,0.0578239014822985,0.077746453584881,0.0629217550309126
327059_9_consensus.txt,0.0633307020427516,0.0763853647014425,0.0767646165528903,0.0603719903978312,0.0771106152024936,0.0817004964393799,0.0584563210996673,0.0776914279879958,0.0811150257609929,0.0720251539360656,0.0800608036173269,0.0739482925003933,0.0610257956685957,0.0704530284452946,0.0760544652559991,0.0657461744574314,0.068542175510406,0.0779468068274589,0.0714502686216453,0.0634583254204805,0.0659671279080944,0.0527459173027757,0.0654230475077284,0.0671952366595149,0.0717980787229173,0.0645448640417827,0.0717719906360763,0.0494842444304932,0.0568731296819571,0.0591832083183794,0.0625968586171001,0.0585579503350333,0.0618160875986699,0.0524228142832781,0.0602882265978221,0.0672988970281807,0.0749954212047327,0.0742885843804828,0.0721223338266945,0.0770557836314633,0.0756193038866301,0.0730560313505401,0.0719381823876466,0.0742745103880597,0.0733206264486163,0.0760823762283662,0.0749416915021301,0.0702887874748992,0.0734526735829916,0.0750752222951582,0.0738356155806387,0.0759275304911542,0.0751443826357354,0.0717338495455468,0.0412349290561522,0.0418014272879903,0.04475269081634,0.0402457093722556,0.0421923152649696,0.0431255985019429,0.042555104992787,0.042811124873376,0.0452101724946452,0.0416464989435372,0.0419884989880108,0.0424816198204442,0.0428539021210294,0.0415975224766773,0.0462214460861325,0.0419418273805094,0.042067373650104,0.0413883787614537,0.0786255038965961,0.0921930929413861,0.0937326743531432,0.070286188918673,0.0679142222831261,0.0793594899984579,0.0805146546057002,0.0888263809966867,0.082993908441165,0.0764010190043658,0.0612570252650321,0.0710760926643727,0.0809267574691787,0.1006239111124234,0.0935531937479394,0.0636019195538297,0.0677884939641462,0.0774753461532791,0.0757898938198424,0.070337012764198,0.0673386973263685,0.0626691265751029,0.0613484517247133,0.0606196385091211,0.0683181672308572,0.0624224241341737,0.0637200786893652,0.0627278010882745,0.0685610322663956,0.1083202736440354,0.0785253454517542,0.0660774707850695,0.0699800880506948,0.0610660879285021,0.0665063294938237,0.0875262054504855,0.0737897804161082,0.0687222941635692,0.0716386382166307,0.0733263008524893,0.0685468329411254,0.0658610577656961,0.0770559948339189,0.0653394968311591,0.0724656642173524,0.0678659665472549,0.068522956818489,0.0674406855675799,0.0695376093500996,0.0645973528751309,0.0707286757290033,0.0735533231193121,0.0643812233779472,0.0673684556150746,0.0864597854835889,0.0719095740010775,0.06394928769424,0.0614550921895267,0.0746990359524897,0.0626212555735303,0.0680000460145802,0.0712019112840574,0.0693993759971647,0.1592940596217333,0.1253006107303953,0.0679617307019011,0.0728485043712625,0.0735458205246324,0.0674238551684576,0.0662369485117277,0.0771338853804666,0.0852687726031131,0.0088896620096381,0.0063633255035675,0.0066418353631965,0.006503522400945,0.0058536890969325,0.0048771960861309,0.0097715657538373,0.0072923088829632,0.0072320768455309,0.0060872329772045,0.0059689201968877,0.0053313165926525,0.0097341591507396,0.0073310682871605,0.0085569276711447,0.0066131469236481,0.0062583564338574,0.0,0.0699686299509698,0.0762296608942438,0.0728208284935405,0.0622682567106185,0.0921091822922957,0.0680035310397375,0.0682206144837289,0.0772742193402704,0.0725999642758168,0.0610112507727027,0.0741267106495859,0.0674762916811406,0.0661318052286681,0.0766304464943488,0.068905269040874,0.0579609136739378,0.0778628166191639,0.0618954724677633
D103_10_consensus.txt,0.0837628649906481,0.0919031956447522,0.0914515427503044,0.0843292996609799,0.0935909596087292,0.0910376973584536,0.0868453536298998,0.0999029828534787,0.1006916286332924,0.0991904405546124,0.0994915178557462,0.1016727455428281,0.0907070069718214,0.097782493086604,0.0964571433952494,0.0859320632576121,0.0880016226464439,0.0947040724235259,0.0465553694156959,0.0435387808423435,0.0461022984235199,0.0413963121643057,0.0442555473990093,0.0493644190640907,0.0515656552336789,0.0492108877190631,0.0545240784972254,0.0426230896384707,0.0404304204344718,0.0446430363939036,0.0455384857448617,0.043281149444291,0.046702016820264,0.0439919881638353,0.04393228319105,0.0463964102561949,0.0867272455017769,0.0852431363763956,0.0847409149255788,0.0927063797710108,0.0893984869119677,0.0860525372708407,0.0834647721844916,0.0849465819325345,0.0869564442558088,0.0903883043123157,0.0877248252778111,0.0838218714955942,0.0844713654147906,0.0862451593053013,0.0874042513518986,0.0904158990253858,0.0881312634245379,0.0850553323927947,0.0550883966014748,0.0575390453683244,0.061571280647076,0.0597002045050878,0.0614181296307574,0.0601700349739573,0.0569695230262023,0.0576134075504715,0.0621722385419412,0.0606811747444755,0.0602164164726843,0.0595624845756157,0.056965566628377,0.0575860352003925,0.0603536722951831,0.0605693549863532,0.0613327710373141,0.0585931499613288,0.0626763370743397,0.0716499038498321,0.0777047410052365,0.0587239465013169,0.0534305342140486,0.0674822106229102,0.0625301765666677,0.0746798002720012,0.0809314185444591,0.0561077450896903,0.054581313734376,0.0559425851631072,0.0662993752350296,0.0976253128348716,0.0781494723539806,0.0522840512350519,0.0574621997104731,0.05841650363819,0.0652727647317821,0.0541839738148164,0.0571896439466588,0.0501911404449684,0.0504643851636066,0.0498217143800747,0.0563317558857967,0.0532415036814351,0.054148963761138,0.0506722350230344,0.055901651421669,0.1063742568045356,0.0621800194154804,0.0543644366485454,0.057080883466102,0.0514139827339557,0.0554220748351239,0.0862127706735655,0.0573507070665773,0.0550800663049866,0.0574557429639126,0.0604515334822135,0.0589605148593497,0.0569564032707861,0.0589205527538378,0.0538346550189743,0.0626916917515849,0.054848845911235,0.0567763058256876,0.0584086360979574,0.0566631467373719,0.0559546873315204,0.0566846973313435,0.0597874981667825,0.058432595938501,0.0549208343301881,0.0915186633439599,0.0664921021746334,0.0714120446183415,0.057654843341294,0.0798490841078205,0.0668214563797615,0.0748397973135084,0.075890872345818,0.0745851847745431,0.1542136567778964,0.1362271427601218,0.0644497318980601,0.0601428495345341,0.0652290532960799,0.0688152736726124,0.0618548399820131,0.0681546626157549,0.0781972402997821,0.0741657209611634,0.0696466180016575,0.0715108779043944,0.075585701694365,0.0734618326242513,0.0731872309017358,0.0771396809759661,0.0752687816610384,0.071096837354549,0.0703388585561084,0.0656871413122814,0.0650016954319125,0.0671987274191598,0.0650457120669329,0.0627865474411173,0.0746945658310833,0.0718480711408933,0.0699686299509698,0.0,0.0301896537754542,0.025659564694572,0.016884480592763,0.0496612987147324,0.0214995375176805,0.0236449445447934,0.0421631540596383,0.032117063768057,0.0197299133888284,0.0350300339968612,0.020543588760967,0.0189395424634817,0.0329748186090474,0.0249587131603794,0.0196014117004068,0.0332687519825931,0.0224770051651699
D103_11_consensus.txt,0.0904247226387839,0.0995049300264661,0.0980197322492069,0.0907097847088245,0.1008128486535389,0.0978804852574537,0.0921837456748555,0.1066371482909662,0.1040321302624667,0.1061040167418978,0.1027229617185785,0.1065620148390236,0.0969353957361551,0.103869394434457,0.1034255820006251,0.0939560411552609,0.0937218537033093,0.1002080722851266,0.0526310356091421,0.0497536954422965,0.0519244018090692,0.0458129436995449,0.0508669380130317,0.0558048842938205,0.0562777231617381,0.0525523076020855,0.0589762428531406,0.0471447741380117,0.0454696839059707,0.0485954083597741,0.0509767203907465,0.0481662439282857,0.0500211293053123,0.0475559968885539,0.048738894355381,0.0525853939837679,0.0908008238105839,0.0892130446987717,0.0890563467719447,0.0976680347581337,0.0939544444945346,0.0907484761076808,0.0878489955029113,0.0888433557291898,0.0910806590289174,0.0949728577079955,0.0928129191128643,0.0884805288858263,0.0885791979802972,0.0914029188100915,0.0917989063670736,0.094817888837805,0.0923559132762328,0.089615548500153,0.0610747501125503,0.0629945541635876,0.0665900545255944,0.0665494596701821,0.0669875435253688,0.0665643560993745,0.0624376173197402,0.063413384951561,0.0669801478303293,0.0669015762145051,0.0659709355421807,0.0654213141644746,0.062530633723421,0.063020760752062,0.0658887434494595,0.0669545463457463,0.0666701709652546,0.0639762444101492,0.0707643339801373,0.0802608080022269,0.0827038554528902,0.0694148606555424,0.0620004954895705,0.0757689502041989,0.0702394855387309,0.0812853456072595,0.0867428261340315,0.0672221456902111,0.0632575004924111,0.0644546346214953,0.0747602142096699,0.1024975499510336,0.0837392468493076,0.0605787710053444,0.0670059889464154,0.0697478671885534,0.0733582158012851,0.0663304189351263,0.0669113361011941,0.0612639676726107,0.0622764419291996,0.0612685169784219,0.0655572321956228,0.0633194731635846,0.0652565127593129,0.0622171718791637,0.0667915950703053,0.1122405494633067,0.0727522282833526,0.0652153708307725,0.0689183035509435,0.0624356205707368,0.0656292360657495,0.0954437510088022,0.0669936771014807,0.064784652731122,0.066390613775308,0.0683842436502226,0.0665975737368107,0.065237253308962,0.0682028896468693,0.0625107365446071,0.0705706475173597,0.0641433193784815,0.0664165107481373,0.0670842905198361,0.0651215289829618,0.064856495301508,0.0672826033051077,0.0691387474613245,0.066642974195636,0.0642292582928716,0.1009206733737135,0.0787144165965845,0.0791483406766255,0.0676378010029647,0.0878972588893445,0.0721386833864121,0.08254790913724,0.0820120178199763,0.0815707307552617,0.1598807396707808,0.1380268366734212,0.0743005679836734,0.0728575270000932,0.0764781108297034,0.0772831993893463,0.0725485291545364,0.0811622936332847,0.0889171210753438,0.0785401841070072,0.075596042217314,0.0768537104779856,0.0833155716099884,0.0806169861726013,0.0791785056378682,0.0817387310860215,0.0807165387028936,0.0770460505128527,0.0773816217871825,0.0735084648894286,0.0717012294740593,0.0728585263931087,0.0727220672792885,0.0700034889397915,0.0824159163653721,0.0786808678536639,0.0762296608942438,0.0301896537754542,0.0,0.0331945796235553,0.0286244856610045,0.0508460969152197,0.0297373523835249,0.031739026803077,0.0466887301712457,0.0377328317666201,0.0296601581492996,0.0411320506418846,0.0309413314550708,0.0286855426583878,0.0374409796281867,0.0302312137104312,0.0291433717734346,0.0424944493569965,0.0307649820658992
D103_12_consensus.txt,0.0890350833531021,0.0979906094551799,0.0976307737352275,0.0903136138844686,0.1005297055132183,0.0993998262224664,0.0919478574146692,0.1098830170625984,0.1059425609389688,0.1044863946529677,0.1036340839607676,0.1051854128945262,0.0965904845453735,0.1043289296042155,0.1057176082801607,0.0917339291852492,0.0944898642824956,0.1012722148762153,0.0572005197037306,0.0503841608756632,0.056617929302039,0.0475509953344444,0.0514583128433292,0.0587337054403827,0.0601925566016818,0.0571943797710474,0.0651023562815122,0.0468213892860713,0.0485882854565442,0.052010575180617,0.0538178463778313,0.0508544347516792,0.0567040966792156,0.0499668463323494,0.0522816996619699,0.0552023532783776,0.0932793589826639,0.092220520412896,0.0908555888554243,0.0980609199215827,0.0961848729842493,0.0931697041276287,0.0912069976270162,0.0918950456088349,0.0937891934882628,0.0961654798387749,0.0944620822100281,0.0905662261235651,0.090694541776287,0.0927834438728139,0.0934961961443834,0.0957741575575319,0.0949373625145453,0.0913790773510641,0.0580326860104101,0.0590091491233426,0.0639064977360384,0.0591142575649143,0.0621470752397801,0.0616342610343174,0.0591166190756116,0.0594259253129543,0.0645851586288053,0.0602103279037509,0.060954498132518,0.0611551731368447,0.059393740996283,0.0597960106844075,0.0630875263662424,0.0604502070510131,0.0618723405329486,0.0602445540677614,0.0715254127343287,0.0817942034281706,0.0848117464331892,0.0652617421024785,0.0626973560822703,0.0762271715972424,0.071877951802497,0.0824840133172868,0.0904136361053549,0.0630627564390806,0.060653962245853,0.0628887881870738,0.0743195002198975,0.1078437200993569,0.0873591989993958,0.0574845835122239,0.0620043027352057,0.0662223846170455,0.0762905326080769,0.0646120650050825,0.0672136175482807,0.0583513836784428,0.0587426537429918,0.0591103539822572,0.0666499856768094,0.0611338702486721,0.0637760585747448,0.0603342890628262,0.0653464850377085,0.1157315916751704,0.0725341755458091,0.0638534064596196,0.0678955008344095,0.0601335132491422,0.0641960612715379,0.0965812687585732,0.0686648076950646,0.06502729211204,0.0662529980913531,0.0704315828189958,0.0681106196116996,0.0649935596421826,0.0702628014559216,0.0642504742428995,0.0719885757624547,0.0657615826105209,0.0647638347846069,0.0659736304960318,0.0665942427118793,0.0649971205157164,0.0659850866816116,0.069816530894764,0.0667198478985344,0.0634000919784902,0.0966831126399725,0.0697146662967806,0.0746982646971687,0.0620146900664657,0.0844195768454341,0.0707064737015716,0.0783856932115902,0.0787916479523973,0.0804877501190297,0.1575326881522496,0.1416084148143657,0.0680531444343115,0.0653684293682879,0.0699375814679861,0.0746612215662647,0.0649386635486113,0.0712758456618285,0.0811842194058236,0.0783321456478169,0.0722516322580819,0.0759594950371278,0.0772259828092334,0.0763065408617373,0.0761323993414908,0.0815904201828559,0.0793539760978427,0.0753442102518953,0.0713079533498488,0.0678000729863113,0.0680766012860436,0.0729598435239635,0.0695787024795002,0.0672384937752568,0.0758370471307987,0.0736428592609446,0.0728208284935405,0.025659564694572,0.0331945796235553,0.0,0.0193381838347352,0.0524870170788069,0.0252648079802426,0.029711233050583,0.0441385533972606,0.0377020312801867,0.0217368783516231,0.0405100885677178,0.0250900271697744,0.0247259186167507,0.0387056283775475,0.0277930445579377,0.0230664795176416,0.035999829380886,0.0241495597849574
D103_13_consensus.txt,0.0806292668427817,0.0912221392634826,0.0929736962371787,0.0832170523220323,0.0965002295480497,0.093656161812671,0.0845075238927579,0.1004056960847066,0.1032569783151311,0.0979981665108198,0.0996579830085711,0.1003516230563033,0.0891613587848407,0.0973248781958204,0.1000751657899048,0.0836815875397301,0.087255960386658,0.0961776492433976,0.0465517744390435,0.0413265689019635,0.0469584626406565,0.0359690415610414,0.0427030338815077,0.0498499696357574,0.0500272450052223,0.0477396456174714,0.0558994868635522,0.0348327239498518,0.037805279886351,0.0427533833530651,0.0441980048005028,0.0406403720136472,0.045108147001077,0.0383185486484931,0.0425297089240892,0.045230629667782,0.0807329235215439,0.0800730062802985,0.0784046233659889,0.0826885158764989,0.081532780490523,0.0783405695978913,0.0786144644011868,0.080170208290947,0.0807326024181582,0.0803113022512471,0.078791613918133,0.0758504199814131,0.0773650690738394,0.0800357635101862,0.0790159337698792,0.0808035998661846,0.0800669310605695,0.077362271875967,0.0519989749241718,0.0533820543777263,0.0591532632471656,0.0523548586276172,0.0551926900408563,0.0559157620415744,0.0535983174212502,0.0539473002254888,0.0604642229250824,0.0528515125375577,0.0541256728338819,0.0553134408513793,0.0543048960085954,0.0538922839038829,0.058567960412331,0.0532913127624166,0.0552855439102284,0.0541268647677979,0.0635375254341248,0.0758820189984552,0.079171148495412,0.0572726514307166,0.0520852652992465,0.0689937346159599,0.0647711571094129,0.0791772128111283,0.0856669251473016,0.0545053993491677,0.0525665906107448,0.0559404700722607,0.0658936508693752,0.1001234346585508,0.0825584666448122,0.0497393937534011,0.0537877278546741,0.0584718347823862,0.0702436994908763,0.0560522378148959,0.0602928138456322,0.0492620565088568,0.0485646698637953,0.0506829061680003,0.0585218471323196,0.0521123079118606,0.0556278794818965,0.0512910081455526,0.0575337161801385,0.111427517376704,0.0664917130621489,0.0557778569070306,0.0610095476879006,0.0507009399960205,0.0558384011314148,0.0928094019379051,0.0540631840717553,0.0504338777934574,0.0523162366073499,0.057988450466019,0.0537235762836161,0.0514634753861811,0.0563773438138639,0.0505481686702431,0.0568763352581669,0.0514413988745117,0.0496448156685307,0.051720026355535,0.0521562029175868,0.0505283096696445,0.05078106968966,0.0574497013340078,0.0525924888240663,0.0495319464601395,0.0922261024560784,0.0624972368933267,0.0709571413183383,0.0544336721038316,0.0791675548727122,0.0658120397196535,0.0723341685738274,0.0735749462693657,0.0742915697879693,0.1475053063555567,0.1344282696914556,0.0596020339529292,0.0561062232361289,0.063016192348515,0.0679752597951397,0.0584358322841893,0.0637357294010216,0.0746270490301013,0.0690804918780445,0.0626610812332169,0.0651482549608282,0.0643380784248579,0.0641692090045378,0.0662133691504855,0.072569034087798,0.0689747759913208,0.0653025690535109,0.0583081522206301,0.0553819788869232,0.0573187227230276,0.0619684212834581,0.0585480213898126,0.0569293884834234,0.0631981619847046,0.0619260604204647,0.0622682567106185,0.016884480592763,0.0286244856610045,0.0193381838347352,0.0,0.0491923067281243,0.0155431046336014,0.0200872730369008,0.0381036537848631,0.0317085204596443,0.0089807409775648,0.0348948463929099,0.0154129345421756,0.0169988834118663,0.0324301061125043,0.0205975387335763,0.0098948104246598,0.0310683299835572,0.0151543160625067
D103_14_consensus.txt,0.1068460174542611,0.1191345602628288,0.1148497062143709,0.1067966573573659,0.1174044638294677,0.112331830805636,0.1078042358965261,0.1231700423311767,0.1185913076783009,0.1220725093404677,0.1213654272338899,0.1220617698948824,0.1107748721508725,0.1192704851506345,0.1193029513613455,0.1104318248289804,0.1135310347714044,0.1160695810904597,0.0713574950887396,0.0696992593224781,0.0686231023313252,0.0656381298074517,0.0717292351908076,0.0751077112672575,0.0761939970001588,0.0725320862304856,0.0783785535861545,0.0669515223908749,0.0640381145131137,0.0682591193376307,0.0680405578493319,0.0683121998768916,0.0668787692564896,0.0674445278583188,0.0676236416738857,0.0691916348095684,0.1150026725797985,0.1137852084512314,0.1130057598463949,0.1217152621139092,0.117217090970235,0.1135933790745555,0.1117976303011571,0.1130061345587609,0.1143933652536901,0.1180620790363438,0.1164338590024867,0.1109900450012997,0.112738922929628,0.115867020689909,0.1153975188157234,0.1190079901465956,0.1162461530323852,0.1132803433804028,0.0738218209079182,0.076695171349006,0.0801116345181371,0.0801663800283858,0.0813892386534211,0.0817621400378509,0.0758015989844897,0.0773533416194354,0.0808183121794616,0.0817500479379544,0.0810115005791987,0.080138935782223,0.0754613381747599,0.0777395735365686,0.0803721362262983,0.0813207475820121,0.0807755929772175,0.0789899626150543,0.0887889900878651,0.0989116971565229,0.0983669456109526,0.0894490446434348,0.0805190764545757,0.0932255479029686,0.0878008273631607,0.1019507730048268,0.1023678923539899,0.0840220837061958,0.0812685001680701,0.0826622302857416,0.0918583233001317,0.1211986111800875,0.0975573252499018,0.0781124208096182,0.0834867115648902,0.0873506145638289,0.0905565669447394,0.0819900432269795,0.0826454166595542,0.0768377662270243,0.0784265337499583,0.076467384304335,0.0820627575899477,0.0793189778596792,0.081357401542836,0.0785203383353874,0.0815113323330596,0.1255295890587566,0.0856889505599625,0.0800249909585,0.0834455775858975,0.0773422700266959,0.0809874701373436,0.1081971706153712,0.0851554217008105,0.08251539522489,0.0868805768766831,0.0851536798822127,0.0842041110646487,0.0840524460969414,0.0864881677573379,0.0799072894040984,0.0905634041396012,0.0810244547778147,0.0851728202743551,0.0858584013057042,0.0846960309707993,0.0824474135392314,0.0879601347196263,0.0851837890208182,0.0840317846669265,0.0847204102287264,0.1161060688765402,0.0942136926790073,0.0967661270387587,0.0849837494438707,0.1076384120291553,0.0876882121780511,0.1011545599341863,0.1002762644473369,0.0992732944529031,0.1666586836314652,0.1506944595507127,0.0907116739628071,0.0885882036391025,0.0931470566478775,0.0911627464410802,0.0889121093681275,0.0967692180032742,0.1072921285117693,0.0950362038584202,0.0931122456596291,0.0926253733957542,0.1004804117083866,0.0981923102020534,0.095968098207039,0.0960254436052689,0.0971617011147465,0.0941201414737369,0.0946908006330424,0.0915703023924825,0.087597033156892,0.0877813802838263,0.0884266848389856,0.0864539248814262,0.0993766309292141,0.0968339286722486,0.0921091822922957,0.0496612987147324,0.0508460969152197,0.0524870170788069,0.0491923067281243,0.0,0.0518670764692066,0.0496842060073285,0.0659761212326905,0.0551164385108755,0.0514342140214152,0.0550378457772762,0.0527931951533631,0.0478872376460941,0.0532061416389053,0.049048283343076,0.048896813722556,0.0618548231357856,0.0515174941573874
D103_15_consensus.txt,0.0835970112352741,0.093070706374811,0.0933875387500169,0.0854327282130196,0.095646716825211,0.0936884222969078,0.0858288497372719,0.1014021741809072,0.102144413881148,0.1002921285183742,0.0986890220020821,0.1020559878788667,0.091067868713031,0.099379374778028,0.1002829557855422,0.0871241617015323,0.0893911459782659,0.0965661368781845,0.047491711302297,0.0441319841746246,0.047837134215543,0.0399173668697265,0.0450584239185021,0.0507934904964191,0.0519275195181796,0.0481241319767784,0.0554430573116908,0.040176559848474,0.0399972787183946,0.0445202330960459,0.0467000076739356,0.0428478737171165,0.0468548403240749,0.0415659609517291,0.0444830003316072,0.047124765986048,0.0816690813215057,0.0809301060345308,0.0802104740687603,0.0867696468888716,0.0838025602532974,0.0810753705503017,0.0791763557566254,0.0807590170196199,0.0819752126320212,0.0845857591197347,0.0819855672940441,0.0786794256853289,0.0790038771766763,0.0818596888707503,0.0820935834666318,0.08417243516209,0.0825837696014071,0.0800681247187249,0.0554156335550999,0.0570280487388794,0.0607773510523514,0.0583541755035925,0.0594214451635837,0.0595433670662233,0.057329397183544,0.057313912125509,0.0617243094646005,0.0590709148404302,0.0585846916553451,0.0581790335800098,0.0575944109329746,0.0573065650569999,0.0599308942238003,0.059072358008545,0.0594127944286544,0.0573631196372268,0.0638862734507803,0.0740019988001838,0.0797928361871758,0.0601099446968182,0.0537979416355414,0.0690761696549877,0.0647496450897353,0.0762719760693908,0.0824732553060316,0.057874298339529,0.0546806795973218,0.0572952405151196,0.0669864605113135,0.0932789082731817,0.0790462414996184,0.0531403398239254,0.058310705708287,0.0608294210371385,0.0735547829988538,0.0619691555995007,0.0649827664561115,0.0573322082312151,0.0572435977484193,0.057966073024291,0.0640241428754189,0.0600153054701326,0.0614667892406801,0.0584876016177906,0.064643641898864,0.115292379877391,0.0709365392607592,0.0625649175822369,0.0666393069401332,0.0580816081214337,0.0623722333893992,0.095813628239167,0.0610399048903769,0.0574293637888967,0.0602409235888972,0.063518333884005,0.0604267873478256,0.0587849410415906,0.061648566551633,0.0553762777097626,0.0636522567813449,0.0577341161101223,0.0584182827250376,0.0599224329561014,0.0592770126343502,0.0573448427482219,0.0585116104039968,0.0640570963482725,0.0591407418185854,0.0570195568111557,0.0940290785276696,0.0705248350465863,0.0738329427555948,0.0603343537702389,0.0804771789646796,0.0681941121128613,0.0757205976200161,0.0782391968621132,0.076879743549922,0.1550861033151385,0.1360720892365368,0.0665311853014936,0.0638850698381716,0.0701582960596134,0.0714160689445844,0.0652541984029122,0.0712072754503445,0.081155848404494,0.0720084784624619,0.0676130764225693,0.0689275239158728,0.0720724724454946,0.0709463181976666,0.0704962491872311,0.0753098260063254,0.0736323668204281,0.0690316434833269,0.0665034602771399,0.0629336097158645,0.0631516594509413,0.0652193288959841,0.0643519077021803,0.0619937705716564,0.0713261953436825,0.0687777274715335,0.0680035310397375,0.0214995375176805,0.0297373523835249,0.0252648079802426,0.0155431046336014,0.0518670764692066,0.0,0.0239182253042917,0.0415501355344813,0.0335330421265167,0.017511646072462,0.0367755467623727,0.0209683871914769,0.0217245073327525,0.0342589284233207,0.0240827788187889,0.0168421590599994,0.0345790458747092,0.0192563406662813
D103_16_consensus.txt,0.08574510977712,0.0941936383035395,0.0921218426703927,0.0872378267897424,0.0967996904285026,0.093923287459356,0.0884613729127341,0.1020344181731447,0.1023223642919868,0.1007836441096463,0.1008090262928913,0.103407549331286,0.0933529299735838,0.1002098955015968,0.1008836976590625,0.0879635841097821,0.0904442295988747,0.0980065942614238,0.0447613574642238,0.0429551174008029,0.044703535119285,0.0392741343200953,0.0436944721609524,0.0487807626556948,0.0487833925381648,0.0458808968832933,0.0517348698099233,0.0405615743043386,0.0384232692381933,0.0425377101291291,0.0437421620715552,0.0404851236056345,0.0424121739722664,0.0410249288729032,0.0419165015696956,0.0441780974819066,0.0814363362078562,0.0807128951319722,0.0806349940283306,0.0879529885864176,0.0844556766167112,0.0815935185212648,0.0790920829605603,0.0807682880184126,0.0823805059527744,0.0852951394037138,0.0826053747174082,0.0797094713877974,0.0796951068889795,0.082524908636393,0.082847510753182,0.0855061554732197,0.0830063227918502,0.0804627309309786,0.0540352773681984,0.0561438901214952,0.0592232008396056,0.0589316115391165,0.0592620160370618,0.0596281990372107,0.0558531250151252,0.0568257901141757,0.0606908405076511,0.0589020924024081,0.0588116211010678,0.0583409338630884,0.0556997344064766,0.056837370222686,0.0587232512048698,0.059437803949498,0.0596557156874935,0.0575852354856074,0.0609601823755356,0.070760123548653,0.0743897525005712,0.0585440345164469,0.0513144734380803,0.0654470133752189,0.0600797731524229,0.0737573233279489,0.0770822922324541,0.0541559737093875,0.0519558570214853,0.0543999375440016,0.0636523740563994,0.0934765598238982,0.0742230588344154,0.0501651384268111,0.0555270465323509,0.0581201150811914,0.0691476421515577,0.0578927039948276,0.0606053280495766,0.053848123574606,0.0540277908335733,0.0541089533653886,0.0584839396355807,0.0567258778158077,0.0579767227997489,0.0539315772374191,0.0596120283590986,0.1066331993830331,0.0646801870104418,0.0580704006540475,0.061637814393233,0.0544560505995708,0.0590113036923689,0.0900816351896445,0.0588581448793359,0.05648308744742,0.0593671656668366,0.0610622261615985,0.0589232724695971,0.0581993376544023,0.059552370316755,0.0546269271382264,0.0618773790167157,0.0563690864211325,0.058505647217669,0.059687431119368,0.0575361544008625,0.0571355509874811,0.0575877861722924,0.0615372792934412,0.058502607565539,0.0566785135180687,0.0930453523431973,0.0697977872550144,0.072279072016153,0.0580146389526401,0.081274416863553,0.0660762256342977,0.074193805237166,0.0761240107845404,0.0758416913203463,0.1505493433337816,0.1361895458730488,0.064741993052495,0.0614974694733865,0.0683711792859558,0.0692007261042917,0.0639622145465068,0.0695323061042945,0.0817569930649009,0.0722145296179395,0.0683796910472915,0.0696065765973488,0.0738378949430966,0.0718900876985078,0.0713100954242582,0.0750711554450598,0.0732915496352282,0.0701554320221955,0.0679117475611832,0.0640314361864939,0.0628894372400905,0.0638564478927996,0.0636899418893595,0.0609188196833878,0.0728172358045169,0.0704396451021756,0.0682206144837289,0.0236449445447934,0.031739026803077,0.029711233050583,0.0200872730369008,0.0496842060073285,0.0239182253042917,0.0,0.0436107786123551,0.0355154396824763,0.021782535183755,0.0374261163545188,0.0236293803548237,0.0228698302398493,0.0328901579114795,0.0265565203516882,0.0213669060595762,0.0389423751722617,0.026133594959572
D103_17_consensus.txt,0.0973348484644978,0.106099803739295,0.1064449791916377,0.0957401342511019,0.1077641565552234,0.1058077449166967,0.0981823173493765,0.1107603456591004,0.1126154295169969,0.1094951446353,0.1064720699737531,0.1084972291079031,0.1023913807227456,0.1080299055529776,0.1087692476542123,0.0995618001867582,0.1008985241759603,0.106552300407511,0.0677771997868585,0.0619800988979122,0.0644063460390613,0.0556385409266431,0.0631263338320042,0.0674191080508297,0.0712100026794315,0.0650648824118054,0.0723557874646658,0.0539045147747465,0.057703757989107,0.0593917831780963,0.0618508566861963,0.0582059895934303,0.062425917693738,0.0566856740972401,0.0637391657697676,0.0657313265088967,0.0990389509784908,0.0973885408098604,0.0960988748499422,0.1059787037819282,0.1018259354822426,0.0987228046040877,0.0948991700488957,0.096017194289895,0.0994159658388573,0.1028870390779035,0.1004982752316969,0.095755190848064,0.0958186374859044,0.0994230989170841,0.0992107526770977,0.1031522691446467,0.1003832314745745,0.0974382033616851,0.0604701266385721,0.0626373279615988,0.0664160963868791,0.0646895558150708,0.0658337918504052,0.0644808095656488,0.0610992537959367,0.06300191184393,0.0673357286217033,0.0651736025870857,0.065412218245247,0.0642163625607237,0.0621888069775513,0.0634918568363271,0.0662060327311948,0.0646356377004613,0.0662601071736048,0.0637233789259239,0.0835310383865017,0.0927412505460107,0.0962223327548654,0.0799787788927233,0.07361657189068,0.0844915065154676,0.0824650342465673,0.0921305680533581,0.098529379962593,0.0797591742791725,0.073954918010239,0.0763600207394556,0.087296850590123,0.1127629385189239,0.0988343715470181,0.0721612038229757,0.0778530089472999,0.0813070565658815,0.0864825460301013,0.0782180192561519,0.078078253864235,0.0691450617978217,0.069349517861406,0.0702769683400044,0.0775363534064004,0.0721898967496201,0.0719654907963729,0.0696972654933585,0.0756849112072766,0.1176208709115806,0.0835399904817277,0.0738853719965426,0.0778171575268658,0.0696385542455857,0.0754984081581104,0.1051693047266253,0.0792514916293187,0.0735936765704714,0.0764616693862816,0.0802795855527334,0.076880273781847,0.0736348314065384,0.0809428948321313,0.0722397064499613,0.0779535600363559,0.0742219872118523,0.0756778918506109,0.0749684565883326,0.0759700379821737,0.074169352238024,0.075653807667301,0.0804057419281107,0.0728815860346578,0.0745795732913405,0.1019912680082448,0.0847278300878002,0.0812288933821285,0.0692677653387114,0.0902185883873674,0.0760862587082575,0.0859861132632904,0.0825104939568586,0.0850280837349526,0.1655504428855607,0.1360967276438263,0.0796426369562404,0.0786432390383167,0.0835316822336089,0.0806439759181545,0.0767621008088479,0.0857465638811989,0.0968222343085987,0.0810776683965315,0.0754313490880171,0.077938398576892,0.0813400100399857,0.0797644295339203,0.0790406946698096,0.082197061630274,0.0789711590758122,0.0781109897765244,0.076573807866497,0.0743673502630821,0.0724154723470613,0.0752048207159452,0.0742601316851736,0.0743093917800168,0.0810534676211229,0.0776851285940178,0.0772742193402704,0.0421631540596383,0.0466887301712457,0.0441385533972606,0.0381036537848631,0.0659761212326905,0.0415501355344813,0.0436107786123551,0.0,0.0493946093559394,0.0365602160424689,0.0498542163531583,0.0383041042421421,0.0388640159396063,0.0515203320976773,0.039967147733817,0.0360500254444584,0.0488355968817444,0.0403366142614212
D103_18_consensus.txt,0.0882533933706213,0.0999260752600497,0.0968342793447574,0.0872921106607895,0.096848763491077,0.0963615577823056,0.0879266162878611,0.1027615323119945,0.1034145483308508,0.100685787060442,0.100546078251444,0.1052460892747841,0.0928445071433099,0.1007539167034732,0.0987884648593491,0.0908510441760226,0.0909328573423211,0.0980535867036085,0.0560454296085808,0.0548860478016717,0.0561539009379519,0.0505880771484088,0.0562271980897621,0.05867947093774,0.0623241253680513,0.0569168297252451,0.0634532232098621,0.0512643348900132,0.0503901306343834,0.0521460435299596,0.0547073384691323,0.0517912830812372,0.0538068594049709,0.0517248116217787,0.0538132848074131,0.0569920350642201,0.0914542645680125,0.0883845701206516,0.0885778013074913,0.0980349543632632,0.0946965407052538,0.0905417623731992,0.0873889518538781,0.0879182241881144,0.0907578914669731,0.0957298654233618,0.0937174701251981,0.0878144207049942,0.0895611456766198,0.0900352995625191,0.0909389557994266,0.0963519670265018,0.0933267791097307,0.08904446270658,0.0557262891545899,0.0590546792503055,0.0619274506351832,0.0623088407649632,0.0639201814439971,0.06290009993889,0.0573049809707919,0.0585621358928554,0.06313950541207,0.0635754351693984,0.0626898460347264,0.0619248468281306,0.0564999960652379,0.0591138003914659,0.0619056705240268,0.0632308686389357,0.0635183089499857,0.0603396834104499,0.0731239054800898,0.081514010542965,0.0835565015646482,0.071410267651812,0.0649831176408417,0.0758384856750424,0.0716438482660208,0.0827643177696844,0.0850274759236064,0.0705027987642612,0.0663666039496391,0.0679826330943784,0.0777425677732095,0.1063327607023039,0.0851177640437175,0.0637856267875438,0.0703519972934367,0.0721734699425633,0.0664882228627634,0.0587666694732273,0.0591826887929594,0.0528738899136325,0.0544480639793274,0.05201174575636,0.058972805193922,0.0557285390925859,0.0558776024779037,0.0528550787373536,0.0571176666243005,0.1031539895370992,0.0634781384690184,0.0553975314670127,0.0584149834501719,0.053990348827253,0.0575843877697472,0.084787844180858,0.0656319663921944,0.0631934602663193,0.0668236116020981,0.0666507483776133,0.0661734405835892,0.0628901138897681,0.0671918702508307,0.0607337933279668,0.0687039615197999,0.0615865128378718,0.0649978907823349,0.064455041622744,0.0634984437104559,0.0621039128841633,0.0658241648518505,0.0664863471290644,0.0653589435166104,0.0637470975301992,0.0912223496957054,0.0738949097261807,0.071331121138801,0.0607729168542663,0.0830445644910744,0.0676785809970388,0.0767331786404055,0.0767705678208425,0.0735441799321874,0.1550438420136615,0.1357731441417318,0.0700991743073347,0.0680598394433884,0.0711106435317736,0.0697618875380765,0.0666255318627495,0.0753484189504218,0.0829457267618822,0.0754207185029409,0.0714201172556681,0.0731212270803105,0.0790427519448027,0.0763240629039083,0.0754709698887987,0.0766898669148989,0.0768158598563824,0.073416400160772,0.0741114422764628,0.0700295089046685,0.0681479950796726,0.0683707097682457,0.0679902911428014,0.065738945129457,0.0781896917537245,0.0749403615998396,0.0725999642758168,0.032117063768057,0.0377328317666201,0.0377020312801867,0.0317085204596443,0.0551164385108755,0.0335330421265167,0.0355154396824763,0.0493946093559394,0.0,0.0328132292860452,0.0415390017205057,0.0348920431288171,0.0314639514784511,0.0394649381632508,0.0333594956743468,0.032383437413852,0.0466384223473834,0.034750335631049
D103_1_consensus.txt,0.0866400932660962,0.0946467693359656,0.0984100195528148,0.0857195419776726,0.0997920590308929,0.0984960450622987,0.0878152123012174,0.1047677071041697,0.1067986687847311,0.1011388687189471,0.1008389192349419,0.1036626456752589,0.0929835080193122,0.1016929108374142,0.1053819910022442,0.0890205453718335,0.0921217259837607,0.1017309517289106,0.0527809069328721,0.0462953090673554,0.0531820179854722,0.0362473532606673,0.0466032412088868,0.0535372971593801,0.0565963069428088,0.0492960196295815,0.0600022719558701,0.0330650129685592,0.0415767157547293,0.0458815712122175,0.0491924932226286,0.041618511086523,0.0491613268387141,0.0373193394342337,0.0481089043879237,0.0520842058700763,0.0757698521165091,0.0747441040583973,0.0737011143571857,0.0782903726025177,0.0769831746070002,0.0739431430922312,0.0743090814113278,0.0746254304619098,0.0756320100130905,0.0763075334295217,0.074239674407508,0.0714471024363909,0.0718162982673531,0.0746200216386698,0.0743331450940942,0.0762888886245534,0.0754053339498082,0.0729014549775435,0.0499355283119182,0.0505993672125377,0.0558071356488767,0.0493984771274824,0.0521596677780094,0.0523064784359119,0.0510252601146961,0.0512281614730358,0.0574715689372533,0.0496651708903588,0.0507859276488353,0.0517568756637176,0.0522007343343204,0.050991322835074,0.055431461975453,0.049895728717713,0.0520279279335635,0.0509180540903919,0.0699998557102672,0.0827257686278519,0.0838210575816829,0.0640706206309982,0.0573183877249032,0.0736379784067846,0.0720722651850227,0.0802740256758536,0.0854957566609764,0.0644977944973757,0.0581458990511807,0.0632560250806735,0.0750338749808827,0.1026439597904218,0.0866827304489872,0.056456832257461,0.0615416908894834,0.0680856267664529,0.0771844545509088,0.0637125200097044,0.0668761396103354,0.0538726215925544,0.0533724924752281,0.0553909263100038,0.0652657959773206,0.0568539985087426,0.0600036349981749,0.0562703749501389,0.0635482043438697,0.1139882315833773,0.0743937348863212,0.0613779677178136,0.0670802207706113,0.0554329621944731,0.0620189536768389,0.0998862853754092,0.063204440968672,0.0580483831267377,0.0605863599740565,0.0658982685366753,0.0598744609043313,0.0572960262679069,0.0646680481496178,0.0548715558235146,0.0609938351029564,0.058410738325846,0.0551297812961184,0.0559815068776874,0.0584435904686113,0.0555843561915052,0.0569563639812891,0.0651158464018513,0.0566799863738616,0.055381648481986,0.0921990733380324,0.0732212865923047,0.0711357821565217,0.0570387268210836,0.0779786543603657,0.0666601670443363,0.0721588953277718,0.0740294029569836,0.073758299274881,0.1521990366548919,0.1338244994231727,0.0665363964256444,0.0650624133925488,0.0723408688334013,0.0693688822949925,0.0652878387121163,0.0727740149522917,0.0831426499949055,0.0674647090098261,0.0609670190884479,0.0629452996147268,0.0620765046993074,0.0621535078181612,0.0642156988030411,0.0709378753771572,0.0664008111459262,0.0634810719320473,0.0567089261847,0.0554495529879117,0.0580775599003091,0.0627090887282895,0.0598192485864625,0.0592353930736031,0.060820960255552,0.0593305908791501,0.0610112507727027,0.0197299133888284,0.0296601581492996,0.0217368783516231,0.0089807409775648,0.0514342140214152,0.017511646072462,0.021782535183755,0.0365602160424689,0.0328132292860452,0.0,0.0361068766030934,0.0151640898400611,0.0206073966414024,0.0345107611609822,0.021325154567279,0.0071687349288742,0.0312203538369448,0.0169340236384032
D103_2_consensus.txt,0.0859939654330039,0.096934551993046,0.0950885370166512,0.0858919201863237,0.0959536642770775,0.0937691688694721,0.0873023077499715,0.100722513427522,0.1012905959362555,0.0996969373789493,0.1000681355184243,0.1009079012604408,0.0917645212611661,0.0992895227929366,0.0969730103276038,0.089987981081598,0.090388049341942,0.0962003962172612,0.0521921630591846,0.0500788471670459,0.0498258703888971,0.0454776607444857,0.0522653375866868,0.054044005521094,0.0553736246295075,0.0518832972947906,0.057219794793025,0.04581191457941,0.0455371669621245,0.0471374658081309,0.0488917715714709,0.0471254973321917,0.0477413615785797,0.0465675063189934,0.048964153016068,0.0506500116298855,0.0917440354145009,0.0895374296861284,0.0890402611254597,0.0992164899694909,0.0949031815828247,0.0909280140912969,0.0882340153762326,0.089108281740299,0.0914375218519634,0.0965231354076161,0.094015611275247,0.0887070305046053,0.0891418475907963,0.0919052704079534,0.0929584650150543,0.0966660158975472,0.0932614811131617,0.0908216538057207,0.0550405083395197,0.0574660631197341,0.0604073932925377,0.0608935251371232,0.0617855915934866,0.0612734256550115,0.0562166974983302,0.0574234070882617,0.0616096704275435,0.062308734747595,0.0609267871326988,0.0601413379248354,0.056275011040169,0.0577422446705204,0.0596727627812194,0.0617935810189855,0.0613986803004928,0.059106460698044,0.0706423941196421,0.0795763706225578,0.082094005394123,0.0704855060902209,0.0637367773720507,0.0736104611092827,0.0695732544096481,0.0822608489071567,0.0864044846979323,0.0693879838833142,0.0640633286557559,0.0662227863353042,0.0732614835783538,0.1035718460674601,0.0826534830288761,0.0621548720808142,0.0677132917833374,0.070243341579423,0.0695344129647921,0.0622079195203344,0.0621078453072039,0.0563739893319485,0.0579951853924098,0.0566378871804174,0.0619877936074431,0.0586118227656067,0.0600021466459255,0.0574311431055134,0.0614463826464604,0.1074315169949944,0.0665299400833125,0.0593476658330809,0.0625330825541574,0.0574038599344444,0.0609125638864647,0.0880878373690512,0.0658267578523315,0.0639143064776517,0.0668164107563233,0.0667365917110913,0.0660895565487136,0.0648858157398057,0.067233597770568,0.0622011270273823,0.0689961409551642,0.0620926819507499,0.066187142193903,0.0661604495689749,0.0645443957061013,0.0630105750310745,0.0666916768434218,0.0681055868210478,0.0649550365532229,0.0641746246295111,0.0941384324962424,0.0745488256527941,0.0733885338175719,0.0627318878825162,0.0827832034927027,0.0669179948609439,0.0771822478077552,0.0780545934727472,0.0757786676368565,0.1565993835912857,0.1321366586301549,0.0710311429543173,0.0705625398222187,0.074000757934499,0.0704025204205249,0.0690440129974909,0.0774135847543551,0.0866874496847396,0.0759126440919724,0.0735338842297625,0.0744875816714278,0.0812706118250625,0.0796845216210702,0.0766045279142542,0.0778540865482622,0.0781149888659129,0.0744891718941556,0.0757275348860515,0.0730684636355381,0.0696765668825998,0.0701501902514607,0.0708267842658463,0.0686042044436083,0.0800293165710614,0.0777203555779468,0.0741267106495859,0.0350300339968612,0.0411320506418846,0.0405100885677178,0.0348948463929099,0.0550378457772762,0.0367755467623727,0.0374261163545188,0.0498542163531583,0.0415390017205057,0.0361068766030934,0.0,0.0376050606562818,0.0339987129293737,0.0410493463510803,0.0362607377406334,0.0341063702254231,0.0475925845017899,0.0376456926267225
D103_3_consensus.txt,0.0832986416296099,0.0888667373479643,0.091240763818523,0.0835952033577003,0.0934865225221157,0.0904687897237748,0.0867361900433429,0.0994166407618113,0.0997185400372879,0.09902714801113,0.0953497546669481,0.1005325826248437,0.0918419436254485,0.097554571181325,0.097590718226332,0.0846623519532991,0.0875152596516288,0.095275619725939,0.047404919228704,0.0410958948658608,0.0462909107617504,0.0376371137513773,0.0418015692803575,0.0491960920703586,0.0517584121162792,0.0462594077917213,0.0544511154020632,0.0377614482136889,0.0394372690232938,0.0429619956840445,0.0446351116110133,0.0397980626336522,0.0461457887371903,0.0399194614115785,0.0442052841337101,0.0449727991796313,0.0859528460798886,0.0850192856937708,0.0842481279385758,0.0920346500243374,0.0894031106225954,0.0859473198783966,0.0832281250559034,0.0844103438864758,0.0871647991656638,0.0899199051881378,0.0870603959542721,0.083481714933538,0.0828906336724797,0.0859574776362199,0.0864395621326981,0.0899644030187287,0.0877876276108384,0.0847947734882499,0.0525919937863763,0.0547232397789727,0.0586625264332019,0.0558661892310992,0.0576468365095577,0.0556669613442668,0.0536176748057695,0.0543979834803725,0.0597733577372201,0.0560202453016263,0.0562098241883948,0.055650575706621,0.0547243397986667,0.054594392023116,0.0572888623737437,0.0561233968063223,0.057653229588773,0.0550805894549588,0.0624836720532222,0.0720997917405297,0.0758648858168227,0.0588357937915073,0.052573211690694,0.0652230354428002,0.063730592064835,0.072124650549636,0.0832199372085238,0.0562799919843133,0.0535955660550193,0.0561958819219938,0.0663428941853414,0.096914447113253,0.0776186063785902,0.0518007553240256,0.0565669069668643,0.0582932437449841,0.0674280929585782,0.0548796358285557,0.0583245572223036,0.049679698973815,0.049299104083067,0.0509526233503816,0.0578155300334408,0.0518473485125214,0.0538550426763393,0.0506201467439435,0.0555709400706119,0.1076998072097739,0.0632711289654501,0.0550055463328114,0.0582929968887278,0.0509340707636454,0.0553938472452832,0.0905692364970534,0.0583147008094755,0.0546198987508281,0.0558212768069221,0.0608730339318182,0.0572477239784312,0.0546498412432461,0.0585494586970671,0.0532649511251435,0.0583268944118469,0.0556452289786433,0.054703487314005,0.0569290541138878,0.0558064373045326,0.0548855778554555,0.0539514429025791,0.0596482160897995,0.0562897303035896,0.0525931243258384,0.0946259248353165,0.0672011341991964,0.071836578026307,0.0558495230647535,0.0805178580742032,0.0669831687794646,0.0742882963007671,0.0739550185103024,0.073910461259568,0.152173707937175,0.1405785994586326,0.064739888252248,0.0603922898024684,0.0675848013244069,0.0684581090537115,0.0623680704955633,0.0688743724959666,0.0787020775746123,0.0721068764008672,0.0667170710600517,0.070076048845018,0.0718766105372283,0.0698908616414817,0.0708178692177705,0.0760448515189136,0.072452542091038,0.0689205774256151,0.0659199888935395,0.0621410231782855,0.0626269327424324,0.0668635580133347,0.0641315501022212,0.0620800226636024,0.0708813570413546,0.0680481895347417,0.0674762916811406,0.020543588760967,0.0309413314550708,0.0250900271697744,0.0154129345421756,0.0527931951533631,0.0209683871914769,0.0236293803548237,0.0383041042421421,0.0348920431288171,0.0151640898400611,0.0376050606562818,0.0,0.020659198694001,0.0341563484366052,0.023550683583295,0.01651060865911,0.0306848989526375,0.0199114291708122
D103_4_consensus.txt,0.0769508232670945,0.0861660673400122,0.0850107890801918,0.0784192158344652,0.0875248543041111,0.0849595419730535,0.0803376678359324,0.0940186734057482,0.0925772506882545,0.0937628260544647,0.0906606444252764,0.0933076860717907,0.0849006724398728,0.0910770916691579,0.0902284505062764,0.079987836924646,0.0803128063598919,0.0883496625175679,0.0415375369824202,0.0383204765892237,0.0402283310552062,0.0368903817593047,0.0396098712156174,0.044577239845168,0.045545814231346,0.0430976566516676,0.0492643929339484,0.0381633342972005,0.0356141215856178,0.0394869241077824,0.0394525938496244,0.0384574292809505,0.0410319740243254,0.0389064525730935,0.0386916689117358,0.0405642236634715,0.0835714203209061,0.0821361501369484,0.0814164086933448,0.0900965925117436,0.0866917882285331,0.0828621110716278,0.0803003493787652,0.0820311313180583,0.0838817306937418,0.0873871032756197,0.0851618173609978,0.0808266071764567,0.0813000659175049,0.0839517295189322,0.0843867209042992,0.0876003586339253,0.0849369023359143,0.0818502515379666,0.0487113788209612,0.0509686062186274,0.05479669508283,0.0539265886503983,0.0551740961314397,0.0540630738409984,0.0499796826677396,0.0511555284040738,0.0553399559857563,0.0545749937109691,0.0537876011571443,0.0535311052441507,0.0500552983695374,0.0510630945079304,0.0537712708697393,0.0545503436353538,0.0550741896897815,0.052395326248936,0.0576860696453529,0.0645091658108469,0.0688820499119469,0.0538018350951032,0.0486008585550701,0.0619170520096279,0.05635558883161,0.0700974634607902,0.0752012180458896,0.0512670548170861,0.048780841060263,0.0508187958712564,0.0598260089127995,0.0906671482066414,0.0723477088468653,0.0470880467424228,0.0517852493757944,0.053172936680883,0.0591545176745365,0.0501561302430593,0.051780611634669,0.0454769390004283,0.0455155785666576,0.0454543323400375,0.0506674315095745,0.0482136838306361,0.0492202575859215,0.0458809121613938,0.0500508367809029,0.1027899943492522,0.0558020292544219,0.0491200290504583,0.0518550360338174,0.0466089521562507,0.0495716382646511,0.0811768313651164,0.051492258403889,0.0494999130868851,0.0510102919340829,0.053527005009899,0.0521947693646218,0.0518188263642391,0.0525958215395361,0.0486630555858988,0.0567159845715306,0.0488285083252071,0.0515768548591903,0.0532786857916178,0.0504938436359818,0.0511507869529479,0.0518695252809102,0.0529581587428351,0.0524175011092538,0.049703248712392,0.0883364638607684,0.0618094414932688,0.0671317633635437,0.0535765253702127,0.0775716710332687,0.0619401309331273,0.0716554801747157,0.0714745756157535,0.0713032531671515,0.1501759955150774,0.131301437990448,0.060473349366803,0.0566495937870206,0.0614152127254534,0.0655013257402643,0.0580366139567498,0.0644323091817158,0.074219366369105,0.0700003009974912,0.0659496878591756,0.0681645087189934,0.0727437448504533,0.0709091021337311,0.0693763541819958,0.0728142965273619,0.0719667598659556,0.0675829174753515,0.0668463175636198,0.0621106383039027,0.0603355448748761,0.0626885195268114,0.0618764566834881,0.058611305707843,0.0717778443102581,0.0689364028677301,0.0661318052286681,0.0189395424634817,0.0286855426583878,0.0247259186167507,0.0169988834118663,0.0478872376460941,0.0217245073327525,0.0228698302398493,0.0388640159396063,0.0314639514784511,0.0206073966414024,0.0339987129293737,0.020659198694001,0.0,0.0302132882371486,0.0230074108642783,0.0198865578850391,0.0329680305189059,0.0219760526165737
D103_5_consensus.txt,0.0873814317237675,0.0962126144677633,0.0933996583646772,0.0872830655064218,0.0939937717238477,0.0940964194536277,0.0901107418497302,0.1017432957041304,0.1012619298932504,0.1010543952279734,0.0973736133775746,0.1030747769450952,0.0948244311313448,0.100374589977668,0.0982636391190165,0.0904980345412855,0.0916847742676889,0.0955857590629705,0.0480986118121071,0.047895506960593,0.0481423020380269,0.0431004309987113,0.0490312501794889,0.0509320188867272,0.0520560259844122,0.0481099982530714,0.0523887714143107,0.046090613381188,0.0428049346887275,0.0439663648161499,0.0463455631244995,0.0448762807306586,0.0447102313773495,0.0444280090986648,0.0447300413314248,0.0480562161017479,0.0882511581648248,0.0870840918426134,0.0871721835296375,0.0970564670633002,0.0918161612888024,0.0885255414456605,0.0850834910592617,0.0867499479525637,0.0887666968552052,0.0938674771387848,0.0918537388537465,0.087231841036349,0.087159228681374,0.0900249437730522,0.0907015368247758,0.0943689512493355,0.0907540781003346,0.0882833527986992,0.0595229549865212,0.0604997711019237,0.0623712080782814,0.0663069682188401,0.0652198888342185,0.0646420842664037,0.0604606664164721,0.0609356458666905,0.0637244168457318,0.0663584209118424,0.0649721096711726,0.0633775896658557,0.0599325985830052,0.0613570399541609,0.0620766566449528,0.066755415079168,0.0653851438618726,0.0623580109119474,0.0654758992875566,0.0750025351329801,0.0755874378167176,0.0673385923814997,0.0577794249858722,0.0669032289854598,0.0621548173265633,0.0776446140863003,0.081360742744625,0.0635130797795842,0.0592631636791809,0.0609986496872849,0.0690751109443255,0.0990363089343144,0.0750976743674565,0.0575879720099221,0.0628544245272708,0.0661230743084599,0.0646350370662833,0.0587251973902134,0.0593562615250107,0.0544744249859201,0.0565915700064785,0.0554324917267425,0.0571870524522051,0.056115891941042,0.0576448990386211,0.0549266666862546,0.0589109228084572,0.1089313344550486,0.0624796303343337,0.0579792888978882,0.0608625778376561,0.0550983343253888,0.057229382307371,0.0868601145991032,0.0620371313167877,0.060955717640474,0.0630506909027524,0.0626615320568211,0.0614116695710587,0.0605932795248334,0.0622120932056047,0.0582370532995941,0.0634477150409171,0.0590535928539184,0.0633526263170853,0.0632792827649364,0.0606795542516458,0.0613341080447096,0.0628120606886817,0.0625410662360916,0.0617516940488194,0.0601461375565763,0.0987756062441782,0.0775429748327471,0.076640787714064,0.0650476498384922,0.0853903736586181,0.070011820032831,0.0798342438722743,0.0811571038149905,0.0783985990237843,0.156162776939075,0.138496087507244,0.0745533143728103,0.0704673403364672,0.0757183839142134,0.0732144765379851,0.0729292724489996,0.0798596899577157,0.0891368863031027,0.0787332372196241,0.0758614039414187,0.0770110681352989,0.0854085954460917,0.0825795163527045,0.0798054973809447,0.0811189488508317,0.0811720109292686,0.0769941888300262,0.0787624960658162,0.0738900994751343,0.0707217002886313,0.071818767125217,0.0720036792391862,0.0680081455694292,0.0847823564251912,0.0814431777496995,0.0766304464943488,0.0329748186090474,0.0374409796281867,0.0387056283775475,0.0324301061125043,0.0532061416389053,0.0342589284233207,0.0328901579114795,0.0515203320976773,0.0394649381632508,0.0345107611609822,0.0410493463510803,0.0341563484366052,0.0302132882371486,0.0,0.0335139378752931,0.0327682653224865,0.0475905547890844,0.0365960773134679
D103_6_consensus.txt,0.0835204049370919,0.0915413823276196,0.090706572197531,0.0828176964834623,0.0929318454090903,0.0903223727324613,0.0856928196332935,0.0991729102142411,0.0968046468531778,0.0971121668063448,0.0944932995607255,0.0982328474453169,0.0894851312190452,0.0953574212286865,0.0962103518609476,0.0860160951265935,0.0869088452562092,0.0928904536316137,0.048759198967434,0.0457951990127618,0.0487295321609959,0.040416028498738,0.046908045238668,0.0516595194112694,0.0536927706417929,0.0479856082900687,0.0551905586891274,0.0405204320403491,0.0405824529725311,0.0440260438134672,0.0467855822847296,0.0429439245805784,0.0455635510506144,0.0420275592587051,0.0454004394452915,0.047962576723215,0.0839268813952518,0.0830743012655723,0.0819744025973614,0.0900545172689373,0.0865028898019311,0.0831240995218145,0.0811176882689412,0.0824324061881727,0.0842109139241422,0.0872448710607534,0.0851181104351717,0.0805779498541552,0.0812933664974249,0.0844224123476351,0.0839880250064313,0.0875089695960023,0.0853339381797235,0.0821672469165815,0.0524282158690248,0.0549185315050575,0.0587601396899186,0.0575256458601796,0.0582369656287049,0.058108289574891,0.0536823545990028,0.055112693847465,0.059248037041292,0.0574133868242299,0.0575134445111178,0.057198720540958,0.0541177676705295,0.0551928044670901,0.0580555035958996,0.0574970049248584,0.0581202082605116,0.0561030772907464,0.0647167560487016,0.0746880325874874,0.0755007917300822,0.0626349309523242,0.0559216285268426,0.0686731660381552,0.0648949892005132,0.0757781414010896,0.0832502042742753,0.0605856277171374,0.0574161633580816,0.059555974771742,0.0687010790183775,0.0982919530359387,0.0778977719312683,0.0545380813808478,0.060869880073918,0.063288978243845,0.0693356653205672,0.0592409676002585,0.060244071285842,0.0522195192889407,0.053273127994962,0.0530554195256369,0.0601539622818663,0.0557962330444858,0.0566027521120426,0.0533020757093343,0.0585025334933622,0.106607284172326,0.0646311264722694,0.0564878604918437,0.060064970167053,0.0536075761086127,0.0579521053728697,0.0903389264471723,0.0602164017374731,0.0571056344489049,0.0600289406782348,0.0615290529092522,0.0592754613314348,0.0579203914914767,0.0614530503723482,0.0544612809490638,0.0614903252301459,0.0568945208406823,0.0581934911668637,0.0584750705971099,0.0580928495631756,0.0566072652147848,0.0579574583061157,0.0613000577537441,0.0577555223839976,0.0565254850859044,0.0921755901706555,0.0701521477283932,0.0709634871050255,0.0580578175513633,0.0789081519875427,0.06444725863129,0.0740228395061839,0.074202484701483,0.0735242456930151,0.1509543086894176,0.1314778830194072,0.0658646999438579,0.0637047972941458,0.0686468673832294,0.0684006264810781,0.0646704319415487,0.0715223028648308,0.081757736410692,0.0723652171581532,0.0683785878490539,0.0697251522773125,0.0740379245780644,0.0724522329569081,0.0719857855239363,0.0752930855441231,0.0732588851288413,0.0700186018212196,0.0685206886838107,0.065715751355361,0.0644103199885304,0.066479151417603,0.0654210158484041,0.0636614509871051,0.0733704912914881,0.0705310965262304,0.068905269040874,0.0249587131603794,0.0302312137104312,0.0277930445579377,0.0205975387335763,0.049048283343076,0.0240827788187889,0.0265565203516882,0.039967147733817,0.0333594956743468,0.021325154567279,0.0362607377406334,0.023550683583295,0.0230074108642783,0.0335139378752931,0.0,0.0208330233583025,0.035358505550775,0.0251561743482096
D103_7_consensus.txt,0.0824502974527323,0.0916932786930111,0.0941770091919735,0.0822588659568577,0.0961038690189388,0.0958228664250064,0.0837504591309699,0.1008534103386358,0.1034194942210486,0.0982136015716381,0.0970583347061113,0.1003433802464153,0.0886000222841794,0.0976631332840307,0.1026204364915486,0.0857508480418349,0.0897821714732032,0.0981729045751365,0.0485494730804862,0.043683490187683,0.0490199957476402,0.0326333093588306,0.0442955220372107,0.0497579468482687,0.0525035792023995,0.0452787222405746,0.0555919325419953,0.0308078887295728,0.0373656135470978,0.041371386366042,0.0449075812743196,0.0379885327291376,0.0437699590045461,0.033804176869566,0.0439820273754847,0.0473687724058695,0.0710605231351042,0.0704403986077917,0.0688627244003265,0.0738288445201824,0.0713964901139583,0.0691538485428671,0.0691022817758995,0.0701955926781501,0.0705540826817756,0.0716787876885618,0.0696437623658479,0.0666208180363474,0.0674637834353362,0.0706726485616044,0.0700642637428377,0.0719986437102306,0.070291768379084,0.0682010874107605,0.0459014604750427,0.0466802226453628,0.0511123403137228,0.0460146086486137,0.0477865016958221,0.0486198315729486,0.0474224439313308,0.0475814490371044,0.0530904300565797,0.0464500886632563,0.0468216046507503,0.0476827401395301,0.0481821106901678,0.0473126129876524,0.0509854127046685,0.0464611503047631,0.0478526150615108,0.0466441795821044,0.065544697207506,0.0790343469055248,0.080290447668526,0.0605886060396985,0.0528356530317157,0.0687679562542342,0.0666763636064411,0.0760708178307112,0.0800150027304482,0.0602332410146591,0.052811376977969,0.0589773145583825,0.069351014294579,0.0961508088557838,0.0814896953806059,0.0519061622059338,0.0567451911136558,0.0637164589045751,0.0726601301548095,0.0593957258018749,0.0624036237116349,0.0504194443577157,0.0502439812538773,0.0519824257954404,0.0608828754118349,0.0528797248604169,0.0560335194967835,0.052687152263867,0.0598990612798964,0.1103045046542563,0.0693537554689385,0.0575603819728387,0.063384394755694,0.0509626652456951,0.0573955259130016,0.0958814179154208,0.0582447949599975,0.0529667457673879,0.057113863907098,0.0612055826429749,0.0550285569806732,0.0535072514468151,0.0593143632324153,0.0497857631066596,0.0564650312335723,0.0541458636831304,0.0520249915113835,0.052454879614574,0.0541742645079921,0.0504321045707607,0.0537216955062014,0.0610966441842242,0.0528828780388135,0.0520463027534301,0.0890083654582687,0.0702452266191606,0.0679630586295356,0.0545685094669661,0.073939983601134,0.0625199353730794,0.0688040984856304,0.0710448759382336,0.0708991779633017,0.1473067975268858,0.1290275613308011,0.0633115219483393,0.0619575221108767,0.0697866996934521,0.0663104603900714,0.0630888383815051,0.0709611628108852,0.0805868711673429,0.0644108490915691,0.0584656949245188,0.0595404330667088,0.0596970492312785,0.0600718573485856,0.0610894175580103,0.0671969049943044,0.0636108220224418,0.0603173974323212,0.0542501830209287,0.0531864638566954,0.0550328830516084,0.0587300468541389,0.057052438511258,0.0562332122909134,0.0590078180930477,0.0578239014822985,0.0579609136739378,0.0196014117004068,0.0291433717734346,0.0230664795176416,0.0098948104246598,0.048896813722556,0.0168421590599994,0.0213669060595762,0.0360500254444584,0.032383437413852,0.0071687349288742,0.0341063702254231,0.01651060865911,0.0198865578850391,0.0327682653224865,0.0208330233583025,0.0,0.0310906157928005,0.0170866441893347
D103_8_consensus.txt,0.0933140866089319,0.0994521172215625,0.1000246241851678,0.0930745039989915,0.1032683309894082,0.0989336273327037,0.0942753816267689,0.1092596260054641,0.1054478327030423,0.1054869800912259,0.1040451372897717,0.1054261141251968,0.0998088550568461,0.1047619205045125,0.1050803175102785,0.0942269653957446,0.0940878557741475,0.1019209273190746,0.061843373937898,0.0545835468138964,0.0595340564094382,0.0528220907198146,0.0546155230186435,0.0642248399731553,0.066772442680933,0.061776194710978,0.0688057694868451,0.0518850897760527,0.0540011091114447,0.0573710251730039,0.0596963702176669,0.0558161938681758,0.0614666387701756,0.0546902074554145,0.0581692485931579,0.0599113879152932,0.0989567436349165,0.0967195787590968,0.0963450239153811,0.1052000415890486,0.1028016307737065,0.0983478916475508,0.095585914484805,0.0949372522466589,0.0993672363566995,0.1034035244597202,0.1009592182984846,0.0958431689453496,0.0953205197445452,0.0973574595998529,0.0985927620837241,0.1022183808723742,0.1014664894500079,0.0974952914748881,0.0611531446351021,0.0634357802737639,0.0690012456107744,0.0643771528248304,0.0678409204777032,0.0645006007787074,0.0620074431258164,0.0630452721383187,0.0683356285938474,0.0659422490785051,0.0657336961502972,0.0648607392748834,0.0624942762324449,0.0630652960481583,0.0673677311810774,0.0650352085338497,0.0672711148328328,0.0644306304172719,0.0765622849882516,0.0854366197559626,0.0903976637659731,0.0709957007782495,0.0689810061988911,0.0835072348705914,0.0785908963885146,0.0851866449957992,0.0939543731480387,0.0721558477692774,0.0681289548520824,0.0698221140698338,0.0821011919796443,0.1083598266032952,0.0921341196567864,0.0656562359949024,0.072180924786573,0.0728506420405272,0.0810365463117861,0.0716849825397005,0.0726255574969814,0.0647059174071058,0.0635120304484022,0.0648196352240733,0.0736235619451868,0.0673119778203359,0.0673230489114269,0.0649150997106371,0.070302667967816,0.1171769242321136,0.0777774068707977,0.068621647439115,0.071320120237531,0.0659839552635039,0.0707548931958221,0.1022730032152949,0.0765977908345822,0.0710019770478087,0.072508313420248,0.0767507925534989,0.0746784477694353,0.0706547977714358,0.0773546213200031,0.0684565329163104,0.0778892632239287,0.0713104638204091,0.0701351395210574,0.0715848216264083,0.0736201404814664,0.0703300881424286,0.0711413909526577,0.0745360921321722,0.0720064291840572,0.0691794807300398,0.0960008299068224,0.0739197728322587,0.0756691042313306,0.0630374899053816,0.0857362885020789,0.0718953890733065,0.0800864072813283,0.0789649202269995,0.0802577630811072,0.1693489181995993,0.1392154239491203,0.0722005805197891,0.0699562692348356,0.0745789057887149,0.0751304710624136,0.068828727911935,0.0763316405473704,0.0848585829811297,0.0803454767933748,0.0754985543652466,0.0785334957191219,0.0828990192850085,0.0806107970082479,0.0804894339123789,0.0848049644136699,0.081514072163241,0.0783851984953933,0.0778650689765587,0.0737664324799549,0.0742875830319915,0.0756612508074887,0.0746578704148124,0.0733024265820905,0.0815065690495115,0.077746453584881,0.0778628166191639,0.0332687519825931,0.0424944493569965,0.035999829380886,0.0310683299835572,0.0618548231357856,0.0345790458747092,0.0389423751722617,0.0488355968817444,0.0466384223473834,0.0312203538369448,0.0475925845017899,0.0306848989526375,0.0329680305189059,0.0475905547890844,0.035358505550775,0.0310906157928005,0.0,0.0345750141871592
D103_9_consensus.txt,0.0813165875719033,0.0924039758103489,0.0922820040934837,0.0822767091072025,0.0958124320312174,0.0919475569525731,0.0830614563413369,0.1007438325689387,0.1003438515891117,0.0972348679932011,0.0990473182338664,0.0987970920160536,0.0875556819348606,0.096226279827718,0.0970944354706606,0.0846757620232567,0.086574669452923,0.0945469981485729,0.0507198163331068,0.0447888932380351,0.048941861494538,0.0406747383429166,0.0462692645943327,0.0533813814377275,0.0540147380294984,0.050110183027078,0.0580411994643847,0.0402549043941578,0.0415685910728518,0.0462471274657811,0.0479390481120756,0.0447595792149906,0.0493574544565182,0.0430266948838689,0.0453750787370141,0.0483377035268679,0.0851617421355523,0.0846067288490619,0.082736565990384,0.08911245582527,0.0870260341415329,0.0837696220963462,0.0823654574372305,0.0843688362042858,0.0847883870837984,0.0868507357498042,0.0850010750779555,0.0809579628338061,0.0826005401387774,0.0853045677324964,0.0850108828525151,0.0868822065308787,0.0854403909232388,0.0827928847223109,0.0521439676485151,0.0537275642162127,0.0578600349776836,0.0537109212988156,0.0557083021118085,0.0556690399049344,0.0538342140800418,0.0541436735920202,0.0585590964425595,0.055195982656377,0.0547406829577425,0.0550920245388333,0.0543303980853409,0.0536725951288916,0.0569222049372424,0.055023957808765,0.0555615288645334,0.0538627168091991,0.0674739793040437,0.0775021721226565,0.0817699495300949,0.0618131856216495,0.0571756242021246,0.0709945822180166,0.0678245408806192,0.0788407412479541,0.0851097043870563,0.0592209336743865,0.0555450882951742,0.058770243460966,0.0690010242187355,0.0977085547741145,0.0819669014086157,0.0543724285333171,0.0596877499563621,0.0634278425766554,0.0698112290911669,0.0587298298568779,0.061477225633908,0.0542018264602592,0.0534486952748061,0.0544751214399887,0.0610155496251403,0.0558370416263285,0.0584761230696271,0.055937226552877,0.0616442933576024,0.111917145819671,0.0693505526349769,0.0600095037124788,0.0639733130686615,0.0545608503787242,0.0591840818805309,0.0909705714300344,0.0608339480674775,0.0572616666099135,0.0592381141607543,0.0635237931098497,0.0607791570454221,0.0584664186733761,0.0627607033621862,0.0556104696431027,0.0639931778883866,0.0584288199680216,0.057868526032931,0.0597944463995592,0.0594822516822777,0.0573253052834541,0.0589755108178913,0.0633996339122813,0.0591870466585655,0.0570727930649592,0.0906762222968575,0.0649066885315017,0.0695157221232447,0.0569501756755359,0.0782198916174845,0.0662069915958767,0.0726961157661385,0.0733663266465169,0.0731845328081775,0.1519093958161432,0.1326791844505894,0.0622930640810466,0.0605459449110341,0.0660911374961141,0.0683398964257762,0.0611660307121484,0.0672967121836585,0.0765919819545688,0.0666690155750489,0.0617685370643048,0.063518334913037,0.0654858561592455,0.0646085961300153,0.064980392414423,0.0695634937835816,0.0675813277689876,0.06353482410554,0.060362606557808,0.0572690522452177,0.0575377721889056,0.0614310636629209,0.0589579099735413,0.056863127168774,0.0651082349829739,0.0629217550309126,0.0618954724677633,0.0224770051651699,0.0307649820658992,0.0241495597849574,0.0151543160625067,0.0515174941573874,0.0192563406662813,0.026133594959572,0.0403366142614212,0.034750335631049,0.0169340236384032,0.0376456926267225,0.0199114291708122,0.0219760526165737,0.0365960773134679,0.0251561743482096,0.0170866441893347,0.0345750141871592,0.0
