Sample1,316188_10_consensus.txt,316188_11_consensus.txt,316188_12_consensus.txt,316188_13_consensus.txt,316188_14_consensus.txt,316188_15_consensus.txt,316188_16_consensus.txt,316188_17_consensus.txt,316188_18_consensus.txt,316188_1_consensus.txt,316188_2_consensus.txt,316188_3_consensus.txt,316188_4_consensus.txt,316188_5_consensus.txt,316188_6_consensus.txt,316188_7_consensus.txt,316188_8_consensus.txt,316188_9_consensus.txt,326650_10_consensus.txt,326650_11_consensus.txt,326650_12_consensus.txt,326650_13_consensus.txt,326650_14_consensus.txt,326650_15_consensus.txt,326650_16_consensus.txt,326650_17_consensus.txt,326650_18_consensus.txt,326650_1_consensus.txt,326650_2_consensus.txt,326650_3_consensus.txt,326650_4_consensus.txt,326650_5_consensus.txt,326650_6_consensus.txt,326650_7_consensus.txt,326650_8_consensus.txt,326650_9_consensus.txt,326651_10_consensus.txt,326651_11_consensus.txt,326651_12_consensus.txt,326651_13_consensus.txt,326651_14_consensus.txt,326651_15_consensus.txt,326651_16_consensus.txt,326651_17_consensus.txt,326651_18_consensus.txt,326651_1_consensus.txt,326651_2_consensus.txt,326651_3_consensus.txt,326651_4_consensus.txt,326651_5_consensus.txt,326651_6_consensus.txt,326651_7_consensus.txt,326651_8_consensus.txt,326651_9_consensus.txt,326713_10_consensus.txt,326713_11_consensus.txt,326713_12_consensus.txt,326713_13_consensus.txt,326713_14_consensus.txt,326713_15_consensus.txt,326713_16_consensus.txt,326713_17_consensus.txt,326713_18_consensus.txt,326713_1_consensus.txt,326713_2_consensus.txt,326713_3_consensus.txt,326713_4_consensus.txt,326713_5_consensus.txt,326713_6_consensus.txt,326713_7_consensus.txt,326713_8_consensus.txt,326713_9_consensus.txt,326737_10_consensus.txt,326737_11_consensus.txt,326737_12_consensus.txt,326737_13_consensus.txt,326737_14_consensus.txt,326737_15_consensus.txt,326737_16_consensus.txt,326737_17_consensus.txt,326737_18_consensus.txt,326737_1_consensus.txt,326737_2_consensus.txt,326737_3_consensus.txt,326737_4_consensus.txt,326737_5_consensus.txt,326737_6_consensus.txt,326737_7_consensus.txt,326737_8_consensus.txt,326737_9_consensus.txt,326780_10_consensus.txt,326780_11_consensus.txt,326780_12_consensus.txt,326780_13_consensus.txt,326780_14_consensus.txt,326780_15_consensus.txt,326780_16_consensus.txt,326780_17_consensus.txt,326780_18_consensus.txt,326780_1_consensus.txt,326780_2_consensus.txt,326780_3_consensus.txt,326780_4_consensus.txt,326780_5_consensus.txt,326780_6_consensus.txt,326780_7_consensus.txt,326780_8_consensus.txt,326780_9_consensus.txt,326797_10_consensus.txt,326797_11_consensus.txt,326797_12_consensus.txt,326797_13_consensus.txt,326797_14_consensus.txt,326797_15_consensus.txt,326797_16_consensus.txt,326797_17_consensus.txt,326797_18_consensus.txt,326797_1_consensus.txt,326797_2_consensus.txt,326797_3_consensus.txt,326797_4_consensus.txt,326797_5_consensus.txt,326797_6_consensus.txt,326797_7_consensus.txt,326797_8_consensus.txt,326797_9_consensus.txt,326907_10_consensus.txt,326907_11_consensus.txt,326907_12_consensus.txt,326907_13_consensus.txt,326907_14_consensus.txt,326907_15_consensus.txt,326907_16_consensus.txt,326907_17_consensus.txt,326907_18_consensus.txt,326907_1_consensus.txt,326907_2_consensus.txt,326907_3_consensus.txt,326907_4_consensus.txt,326907_5_consensus.txt,326907_6_consensus.txt,326907_7_consensus.txt,326907_8_consensus.txt,326907_9_consensus.txt,327059_10_consensus.txt,327059_11_consensus.txt,327059_12_consensus.txt,327059_13_consensus.txt,327059_14_consensus.txt,327059_15_consensus.txt,327059_16_consensus.txt,327059_17_consensus.txt,327059_18_consensus.txt,327059_1_consensus.txt,327059_2_consensus.txt,327059_3_consensus.txt,327059_4_consensus.txt,327059_5_consensus.txt,327059_6_consensus.txt,327059_7_consensus.txt,327059_8_consensus.txt,327059_9_consensus.txt,D103_10_consensus.txt,D103_11_consensus.txt,D103_12_consensus.txt,D103_13_consensus.txt,D103_14_consensus.txt,D103_15_consensus.txt,D103_16_consensus.txt,D103_17_consensus.txt,D103_18_consensus.txt,D103_1_consensus.txt,D103_2_consensus.txt,D103_3_consensus.txt,D103_4_consensus.txt,D103_5_consensus.txt,D103_6_consensus.txt,D103_7_consensus.txt,D103_8_consensus.txt,D103_9_consensus.txt
316188_10_consensus.txt,0.0,0.0457491038487596,0.0573711632162527,0.0407984563473462,0.0491858821147985,0.0528630566762799,0.0333600988100997,0.0547202603070609,0.0623306438581892,0.0483851161762842,0.0519448260835631,0.0575782753247082,0.0496168098178202,0.0577215024502208,0.0608636843274084,0.0423337499960467,0.0494590795105942,0.0522635336109758,0.3607001559722036,0.3543718491685226,0.3631192177003903,0.3739873188515297,0.3572209364742846,0.3657617194195879,0.3545191253803246,0.3456307749939782,0.3519574863956265,0.3841211659840056,0.3661111259754896,0.3622219676274483,0.3641214235067167,0.3497713364750439,0.3444319125452537,0.3748993535308749,0.3538741580976321,0.360479281467299,0.3577787918029038,0.3632994008972865,0.3782342341189526,0.4215600057657624,0.3877828429479528,0.3969748548153475,0.3518089577849608,0.3517322938716418,0.372923423867519,0.4296244982840278,0.4043016458512731,0.3975829168662699,0.3829982730993961,0.3911852103798381,0.395871091272312,0.4229953190284377,0.3987434459539223,0.3925384287822453,0.2195461000048553,0.2154339670640084,0.2084418449730769,0.2208451162691211,0.2189148886429777,0.2148830489128954,0.2188214483088302,0.2165500034189733,0.2109299956255412,0.2260619206638132,0.2225419421214063,0.2194109597217135,0.2194623502031731,0.21604141355213,0.2097114190572604,0.2227171059003971,0.2212803239064129,0.2167874828643476,0.2379424834947272,0.2722044648787936,0.2625792988870472,0.2453525412458326,0.2299198397136592,0.2373982156871932,0.2404990963322149,0.2475666656074402,0.2598432434182172,0.2313198475938733,0.230114128875865,0.2204204110477619,0.250706097034211,0.2771947394982419,0.2638114747605797,0.2197261671746027,0.218979762758412,0.2303741579046985,0.2710086176454638,0.2676761241025467,0.2597769649036365,0.2708368163810135,0.2698831574183202,0.2659712426418181,0.2602423027794316,0.2679188003450115,0.26501425708107,0.26649199696379,0.2990308523809055,0.4459328710521824,0.3134573596263088,0.2822167492318641,0.2941841284722386,0.269223577813257,0.2642659032693544,0.325066789091732,0.3275550423843008,0.3290449860313984,0.3251907725580061,0.3167883336078247,0.3318995114612022,0.3350795636137249,0.3189041540644481,0.3273001445765118,0.3184731885618959,0.3277942047555555,0.343415963329285,0.3569024557420235,0.3301835473242462,0.3392911256148068,0.3249533770271497,0.3199989305648358,0.3338824806187723,0.3420190420377871,0.3379230019740369,0.3356057911884278,0.3275966512059582,0.3110108431047393,0.3248320683878596,0.3240682977552609,0.3123267652153103,0.3095928904918423,0.3134914436194123,0.4301672075449581,0.4403653332086747,0.3225095063370276,0.3084380091668706,0.3328873517199469,0.3461095959142106,0.3224937323526653,0.3290351820036576,0.3374720850769712,0.2810145380698685,0.2895947816189661,0.3013750498249692,0.3987854701686082,0.3573514741086114,0.3248638630100338,0.2949024112590557,0.3349285743524639,0.3112283132500621,0.3589102043451539,0.3129226228498822,0.2923683666698906,0.2645246314304472,0.2877445404660648,0.2805118321182505,0.4002578809194972,0.3540602141672941,0.3126661330943676,0.3781713531181978,0.3850308459100269,0.3952515816452973,0.4393613112369792,0.3757346453726278,0.4010200255587612,0.368282819673734,0.3849293821766864,0.368452186959832,0.4508776280553164,0.3671614377172538,0.4007887356583914,0.3558363437934382,0.3730216199045628,0.3677439637223223,0.4463299978623922,0.3667295992234614,0.4168461087473325
316188_11_consensus.txt,0.0457491038487596,0.0,0.0572222672286386,0.048472047414144,0.0515042295686143,0.0582075331093676,0.0463212630448737,0.0580471986769524,0.0617377563302135,0.0540598921484871,0.0555917017404503,0.0612402495078399,0.0645629466924404,0.0618152959266922,0.0662088016434623,0.0501274529212842,0.0554077079830506,0.0563760452131951,0.3801275561330683,0.3729945670771712,0.3798458825364825,0.3960426576771638,0.3771301641076938,0.3853627494685625,0.372835388420988,0.3634244738017678,0.3685984118677368,0.4085322522612671,0.3879257744158337,0.3822717415608281,0.3836598585655295,0.3685223787333598,0.3607201007778968,0.3973899747926879,0.3732612317307442,0.3804137036429935,0.3792752166923669,0.3847482442554408,0.4012842667603067,0.4490171508713168,0.4126333864212022,0.4218901285162886,0.3726925523260966,0.3730511461859294,0.3949202175381927,0.4582758860897193,0.4300396656102379,0.4243345919212729,0.4062163213798015,0.4149069566341445,0.420894380440231,0.4495520289249413,0.4237245307346242,0.4169870631142558,0.2279236053068096,0.2258740118439703,0.2169469279498983,0.2354484622348032,0.2333916223642589,0.2272112742304592,0.2270590624653152,0.2283133557354446,0.2212089755547595,0.2411223441372847,0.237863056602027,0.2334325470180687,0.2275789820559239,0.227096961395425,0.218363770716067,0.2371678983006653,0.2361320186431079,0.2302664274257395,0.2508225739645588,0.2867456632737664,0.2701833840684031,0.26526636191997,0.2487947052377492,0.2509013088104339,0.2550598456094377,0.2616809008739835,0.270780393633018,0.2510464651433111,0.2507793602905792,0.2379965759006843,0.266981013730394,0.2861312916796557,0.2764426730715144,0.2384241999930125,0.2378247180357036,0.2467308828918959,0.2648821227112847,0.2640399568277587,0.2571866459063727,0.2690430535938013,0.2676787713647641,0.2635819731496305,0.2565480602133334,0.2648965837393007,0.261112599713698,0.262242153804376,0.2874975682056231,0.4269514389318267,0.2994875524691025,0.2743058520637333,0.2823852391514272,0.2665457591047087,0.2609171329910182,0.3114603420283117,0.3373724059645937,0.3392371815356938,0.3356459521491324,0.3256668029985476,0.3419328230931064,0.3460340681062632,0.3280743234216388,0.3384272702527831,0.3284515368853036,0.3368346999793274,0.3558498091860258,0.3686831696402919,0.341051850554539,0.3507392032725391,0.334778318487281,0.3282069833216603,0.345009709016157,0.3537527869018433,0.3509835939704615,0.3552348773657243,0.3457912337467519,0.3268517201359984,0.3432970887722391,0.3417734264842913,0.328352181424755,0.3238794096103916,0.3315433317695131,0.4433284188408528,0.4582383092846704,0.3407252043492548,0.3267560139619512,0.3533181655708013,0.3661264415838552,0.343806490153149,0.3490131672513392,0.3568709269217258,0.2962995025192398,0.3074939744409874,0.3201757206219398,0.4292356477762133,0.383342187605237,0.3469230590984438,0.3107102664267778,0.3572128281510309,0.3322193873603396,0.3868775323709172,0.3359341635365922,0.3116453431916,0.2763959617034146,0.3065551888969011,0.2973219984241169,0.4318978745308612,0.3801825338633797,0.3328345267544712,0.4008521562921103,0.405534203089104,0.4212192012669327,0.471547943976077,0.3927037947610685,0.4292274336123185,0.3889888629451157,0.4037649445416491,0.3846951718844131,0.4838177213481103,0.3831135849754545,0.4269143494423915,0.3748261109767092,0.389506503992564,0.3891329922208335,0.4776922329700426,0.3853212329233031,0.4440906437805196
316188_12_consensus.txt,0.0573711632162527,0.0572222672286386,0.0,0.0563932639153996,0.0565240855778625,0.0622348107578289,0.0576610146474578,0.0693956258786343,0.06547931103443,0.0657433803254647,0.0628765526989845,0.0690272872854436,0.0777106866549353,0.0744084158427114,0.0668436252364479,0.0592153712103211,0.0611907384799224,0.0638472936827021,0.3789870725301938,0.3753003391502112,0.379568294126237,0.4032808402959098,0.3785426964289833,0.384080506727237,0.371124040566638,0.3647354709113131,0.3676197258053904,0.4172078576340965,0.3917513579847735,0.3844149464504838,0.3841520085909984,0.3717298223397307,0.3617850189769385,0.4043221751498009,0.3731723727851239,0.3811577147474132,0.3922080333476572,0.3975801254459696,0.4148170644848399,0.4685404601381258,0.4283935320360257,0.437544991389089,0.3844117580606934,0.384842238612844,0.4087763016386603,0.477826508864176,0.4475019476689006,0.4415320632424198,0.4208460457036942,0.4287174186377989,0.4375224815888749,0.4686509933394269,0.4393007817949623,0.4320431084526426,0.230578308024743,0.2300809372717154,0.2211632736192967,0.243485176444242,0.2410479633131323,0.2327772146309072,0.2294171944925906,0.2333518382477706,0.2248586576344777,0.2488932926899245,0.2459165245320917,0.2390666003822552,0.2282274140985123,0.2321391738993199,0.2216826342809952,0.2459963642346707,0.2444843678051569,0.2351079533598472,0.246420864690819,0.2833510072233807,0.2621781386430584,0.2665046469325887,0.2502885490203113,0.2476490549414443,0.2503192728328187,0.2582545106424909,0.2676582841257513,0.2538140819817229,0.254739298304159,0.2389383282439467,0.2645165212152491,0.284708203170247,0.2719619172995386,0.2397275559135216,0.2398445484840898,0.2461054727548131,0.2559334251346392,0.2577846677204007,0.2514216867631411,0.2662512274466166,0.264007878714203,0.2583204696302701,0.2498439709797288,0.2611985214898311,0.2569600127306266,0.2554996372707698,0.2781921884302853,0.417017989443341,0.2869169297085214,0.266483627832013,0.272619827351253,0.2630057638172935,0.2552038852669867,0.2998701734958899,0.3413176620485458,0.3434387062666886,0.3395524579722924,0.3278589445340181,0.3467379115796092,0.3516039864614235,0.3318059734433447,0.3429172595383392,0.3326784889453833,0.3391545096738042,0.3609790194890863,0.3747149175262656,0.3452271964656539,0.3573997681882481,0.339198561007052,0.3305603488903692,0.3498613940711514,0.3583099217037926,0.3591455341520309,0.3617452804964536,0.3529671830044449,0.3313501369096272,0.3501483722885155,0.3496470769311059,0.3361873264442927,0.3306640109062826,0.3386494917904556,0.4488502473373685,0.4627955633178118,0.3473153837098124,0.3331498683937219,0.3580235748508364,0.3706532095112962,0.3497288290717932,0.3549494798687433,0.3621702834485134,0.3055415651035567,0.3186311305884111,0.3307345736239,0.4475020136801291,0.3998433892248982,0.3597335742334344,0.3199637145130367,0.3698982289610271,0.3430775212605788,0.4043367126513146,0.3501987170106346,0.3217878957211191,0.2827138321167055,0.3157453528589471,0.3040116517213818,0.4501011286330971,0.3965352920224809,0.3459927856295124,0.4063465964008088,0.4099832929669524,0.4278944152119628,0.4843790632064184,0.3927516383958824,0.4362231086663186,0.393710070848325,0.4090007100781072,0.3894298176926689,0.4984806400848995,0.3843200867972633,0.4357306333454716,0.3778374547968219,0.3906114403342755,0.3934303407167903,0.4926146534199844,0.3895274528665773,0.4542690233550459
316188_13_consensus.txt,0.0407984563473462,0.048472047414144,0.0563932639153996,0.0,0.0509473918260283,0.0527431670293943,0.0388136155936003,0.0544429966387767,0.059356671645542,0.0445562273066428,0.0524974568561056,0.0559154520886586,0.0525369949001053,0.0580104582554881,0.0601647259647322,0.0405835841253789,0.052759943744526,0.0541779206550145,0.3573559579277408,0.3511009626673775,0.3588479449357393,0.371577957730036,0.3539455918151937,0.3621031704838806,0.3502688934789226,0.3418719629591749,0.3471440168538109,0.3822141528224669,0.3644254684549075,0.3598539130071465,0.3599346864320836,0.3455653259993987,0.339780063605744,0.3727705297003219,0.3503089643630837,0.3578266204601767,0.3538272993191285,0.3594829072458019,0.3744810070622719,0.4203379942347567,0.3855875429457498,0.3940274328575377,0.3481500037578051,0.3471683786424329,0.3692417071669247,0.4283828151973026,0.4024849911276114,0.3962824453700975,0.3797294786273113,0.3874187255518464,0.39329322797143,0.4209326343520203,0.3961024957310073,0.3896959306117296,0.2118850033976294,0.2093665891878906,0.2020471189594985,0.2165196802391626,0.2147487776762453,0.2095477682542501,0.2111942793562917,0.210497883844436,0.2051693730627661,0.2221742219530327,0.2185706043171542,0.2146079849564657,0.212247754865178,0.2102655735615286,0.2039321442223638,0.2185694510946128,0.2182602789135757,0.2122752892447437,0.2327272855152458,0.2687143353473296,0.2558036499086817,0.2435452399428541,0.228081847737755,0.2326932539700088,0.2350267526057905,0.2427602307491767,0.2536941969580297,0.2318914011716799,0.2286547201521429,0.2178817943641,0.2469072231322684,0.2713913779246439,0.256776599437611,0.2178120853740495,0.2181443443030097,0.228300516441319,0.2588969789649979,0.2583316688608654,0.249659494237477,0.2618267739962121,0.2601648012615492,0.2551946052804723,0.249404306819553,0.2577328308039242,0.2543888723399234,0.2546482235510225,0.2856139985864487,0.4316845546905234,0.300596834789534,0.2704883228037076,0.2806412389635326,0.259785627382314,0.2542287406868269,0.3100382751981776,0.3257707176389601,0.3273166526446154,0.3239328671308392,0.3150135711202004,0.3299341059746723,0.3332119883336624,0.3169043611748954,0.3251926431796796,0.3151002264353373,0.3253494603041247,0.3428133141984091,0.3545580537792112,0.3284399206422534,0.3378036464413689,0.3235854098357649,0.317622650358075,0.3331821890832671,0.3402968760722586,0.3318472295837225,0.33188037954449,0.3212422083745494,0.3048053023114541,0.3178687123458914,0.3182049442050818,0.3057005482947801,0.3033584330114678,0.3071941802850766,0.4279382477611939,0.4354772073590638,0.318365565894787,0.3054543126033167,0.3281141349235561,0.3400200113194032,0.3190502073687042,0.3265494952111218,0.3339494612273945,0.2800342472025221,0.290392010454287,0.3021495498606832,0.4042387022088967,0.3615655635115651,0.3271506406914035,0.2943399426941937,0.3363821339636956,0.3126076894396838,0.3638751423198698,0.3165221957916451,0.2945622877598239,0.2627582572566318,0.289595696458381,0.281157283113437,0.4052336601243915,0.3584764878610009,0.3140028602057469,0.382020052998552,0.3878817717412559,0.4006614843112572,0.4479897130840378,0.3764794731921199,0.4066091781313226,0.371532221739681,0.3887759086881353,0.3699533324054691,0.4591544985341222,0.3684847332685024,0.4066792568409241,0.358272895966234,0.3741931405096999,0.3703733583620874,0.454386544004528,0.3686558095697769,0.4233709703285129
316188_14_consensus.txt,0.0491858821147985,0.0515042295686143,0.0565240855778625,0.0509473918260283,0.0,0.0572753898801963,0.0501208699722397,0.0614047359036789,0.0627997194288489,0.0594604008318775,0.0551392025844919,0.0619629392127727,0.0700376000430083,0.0664527554879654,0.0640974421419144,0.0535947047804015,0.0532053826437746,0.0578226938453063,0.379306990775504,0.3745231376059621,0.3794395208093846,0.4012345224670426,0.3779307283523536,0.3847145419622571,0.371828382483681,0.3643828184203563,0.3671763934362531,0.4151106838865388,0.3908861862531587,0.3840402716093827,0.3845821549074841,0.3713493057789918,0.3623056688512882,0.4022147466899994,0.3736168687002426,0.3816514610257755,0.38528957592262,0.3908039390583653,0.4075668361279838,0.4592362883965855,0.419910450417909,0.4289789906847296,0.3781828996963305,0.3780446009878417,0.4010946142355855,0.4690603838647718,0.4389334827363811,0.4336111983737254,0.4138996286588003,0.4218992435040434,0.4297463568982635,0.459619196755586,0.4320521583793599,0.4241275609378512,0.2300176241334881,0.2287287213690838,0.2192878566902791,0.241538135489673,0.2383240208696087,0.2306586007566728,0.2293601698511516,0.2313097868692892,0.2233040210051484,0.2465738674848481,0.2429898971060922,0.2367696694796848,0.2286064317656269,0.2298152643435855,0.2201870846087033,0.243841912827456,0.2418361234794481,0.2326866903161502,0.2482943388729417,0.2833041888375547,0.2634047625856297,0.2654828524943298,0.2489855036990249,0.2492619152993214,0.251165596086448,0.2573771678955836,0.2690469404885292,0.2514336664869745,0.2528531617566436,0.2374580436775986,0.2645213581034511,0.2840684599819028,0.271471029280427,0.2391381390192677,0.2392354999009001,0.2457089971550203,0.2585480057963423,0.260132248089441,0.2537362095165818,0.2677759543439535,0.2653075531727999,0.2597771436286962,0.251522892822166,0.2627403897624525,0.2586527953905886,0.2577974317298555,0.2820197973261358,0.4203251341419083,0.2916868609781176,0.2694071813141967,0.2769919968091869,0.2648384529924499,0.2575893540200127,0.3041053288979896,0.3371099080866848,0.3396329902611299,0.3353409675121241,0.3242016227286726,0.3428650645639912,0.3470283828979248,0.3278240993690815,0.3379527789457306,0.3287202953144827,0.3350742581717227,0.3560793879817154,0.3691202740689263,0.3406488890396346,0.3524813709591896,0.3342905478644731,0.3266716349192649,0.3462492187917547,0.3538125509247649,0.3553523344279625,0.358929180625374,0.3493763543150514,0.3286404999548296,0.3464234398557018,0.345534933619021,0.3315516575744652,0.3265311032868965,0.3345797195941955,0.4435224418409866,0.458262078489092,0.3435164307445397,0.3304610528639493,0.3561519030726856,0.3676089095429624,0.346928485060296,0.3519265477505691,0.3603830682013829,0.301475433622862,0.3148320481109969,0.3270108978128689,0.441067475161411,0.3935303539002746,0.3557773602845699,0.3165074544669046,0.3648531005541358,0.3386119566398697,0.3989088567585099,0.345405630986594,0.3178262473000544,0.2801116988756789,0.3120618839535147,0.3018420149719425,0.4434005764283704,0.3908972027280946,0.3410197588404529,0.4023359265290978,0.4044404605400835,0.4229208865135057,0.4777309150952256,0.3897714725717485,0.431126199531235,0.3890779700897582,0.4035802713391199,0.3839514402090209,0.4901359993409286,0.3800692571339823,0.4292992083667748,0.3751337183811927,0.3869549759450734,0.3897312258155914,0.4853198559282994,0.384931477117977,0.4491061867253556
316188_15_consensus.txt,0.0528630566762799,0.0582075331093676,0.0622348107578289,0.0527431670293943,0.0572753898801963,0.0,0.0533135797939081,0.0629770085293621,0.0679852073555515,0.0615634323254852,0.0645695147092944,0.0589701018222896,0.0716236562087431,0.0682721116098221,0.068008478492306,0.0567388938603095,0.0603338955294852,0.056061011564207,0.4031107149455337,0.3979805345707845,0.4032897307939471,0.4233977818832812,0.4020518457250617,0.4078814416278931,0.3953169032318762,0.3886532509604663,0.3919024170206171,0.4364054860033839,0.4138387582189082,0.4081250221830714,0.4076248985143138,0.394581938660469,0.3853724386035324,0.4245301981698475,0.3979641258959994,0.4042470048352413,0.4073698778800398,0.4123628649123638,0.4295440849693648,0.4807846770413277,0.4416490635047196,0.4505774909557161,0.4008397272044988,0.3999798963532335,0.423317641084914,0.4885894983834902,0.4611799511564385,0.4540945109507142,0.4350521852046896,0.4433037163915756,0.4502190997183533,0.4805141484727429,0.4536469467524959,0.4453326200511682,0.2517679027246302,0.2503172074335005,0.2424779021404539,0.2614964085603013,0.2597023512232184,0.2520938639433439,0.2503513345326311,0.253334981325942,0.2459910445288287,0.2673557439410707,0.2637252737368634,0.2582857950178834,0.2500720625435555,0.251339062051592,0.2438064261515009,0.2641995262011818,0.2628180461934022,0.2546181933379614,0.2719336774801562,0.3075982832914867,0.2871290604805168,0.2886109406222381,0.2727237267301561,0.2729328134162543,0.2748669357940656,0.2826009923757588,0.2933701811843434,0.273905948225817,0.2758156474661781,0.2609744293308829,0.2873423293292276,0.3099180797945031,0.2966341700846904,0.2621944812994385,0.2621153077016203,0.2685253426673526,0.2842406442358971,0.2847652547378168,0.2783931427713,0.2911832058740593,0.2881411219254204,0.283724831615288,0.2768221360028775,0.2867362829749673,0.2815711162381831,0.2812598048172532,0.3058413437714193,0.4477083987444246,0.3173185513377632,0.2933517482774412,0.3007554855461585,0.2889112758744296,0.2816575245573069,0.3305014425250689,0.3636959888136992,0.3665325184643997,0.362570621123762,0.3527526176036595,0.3698045577160762,0.3741710576645225,0.3554736230279083,0.365374800062014,0.3557217917568387,0.3620477639167703,0.3834066307388433,0.3957000731783751,0.3676043239695161,0.3794293459348452,0.3605859623199592,0.3549614678241894,0.3737907552782538,0.3813008893339074,0.37394776344874,0.3743597005085242,0.3664644174857834,0.346394615611068,0.3628188771137566,0.3631697567985483,0.3491180699746259,0.3458443707654908,0.3520974850027372,0.4653121198462386,0.4769488613336747,0.3607048079291424,0.3468820869474953,0.3717422654919886,0.3839228057374555,0.3627623190514413,0.3689517116607064,0.3767207593347521,0.323393228898869,0.3366047117568804,0.3486532249759335,0.4612122695245482,0.4141942519009447,0.3765953269406878,0.3386240005332439,0.386329321626043,0.3609031565591323,0.4190384483877132,0.3670942283092486,0.3404336862105026,0.3041964187790285,0.3342812987932255,0.3237666006372706,0.4629372838856582,0.4115691447177241,0.3620560895195304,0.4234462215556007,0.4284648392110242,0.4440996878598966,0.499243680919875,0.4115981895877851,0.452393710393224,0.4114893604669447,0.4252656876381593,0.4069825369940467,0.5112500164801048,0.4032190809854867,0.4523715874602061,0.3966644478819745,0.4097635913902167,0.4114779564997342,0.5064371868511159,0.4068134540187316,0.4703384751878765
316188_16_consensus.txt,0.0333600988100997,0.0463212630448737,0.0576610146474578,0.0388136155936003,0.0501208699722397,0.0533135797939081,0.0,0.0523892823814051,0.0598881886500848,0.0457768417896566,0.0511741690771359,0.0571485598202237,0.0448448466040041,0.0538324752991705,0.0594179845414899,0.0414985821781996,0.050532701281039,0.0519258446915564,0.3555736177559083,0.348022855836863,0.3572436301017561,0.36662191535709,0.3518380508173457,0.3597064761807722,0.3492433173114904,0.3389696539666147,0.3452466611115419,0.375665345649864,0.3594864213724094,0.3560600478078868,0.3574555372730472,0.3429770291922089,0.3378346502365303,0.3668968715029308,0.3478672178532243,0.3551415029167017,0.3498415916767534,0.3555945708089894,0.3699528237700171,0.4131097645921784,0.3789332518631596,0.3882248218369781,0.3442643284520805,0.343705365895957,0.3644936031889116,0.4201796620300975,0.3961156180475811,0.3894918357391077,0.3745581330380396,0.382532169744433,0.3870774051762495,0.4133389404973506,0.3894521669357189,0.3841504539232367,0.2129722702984722,0.2085597296991395,0.2022232830358241,0.2136018894527609,0.2117439430020127,0.2078616018878882,0.2128406119056052,0.2093462873316269,0.2049265050684567,0.2188896223183292,0.2153745621044862,0.2127419885683394,0.2139302584903291,0.209218525818688,0.2036705220581076,0.2163205129213423,0.2146585513621488,0.210425015415467,0.2362066724345055,0.2694957271222904,0.2600073440816217,0.2417481265836549,0.2273198444127757,0.2347766449858781,0.2377143064438307,0.2439326915455062,0.2551610339653649,0.2299231616087951,0.2267634413174484,0.2177770360218609,0.2476071399880268,0.2728614459678944,0.2598443745832952,0.2177965680729308,0.2173779783626486,0.2287353222611443,0.27232338996766,0.270383672265666,0.2613798771334039,0.2724117911411454,0.2720040998351436,0.2666700587233492,0.2624505226987601,0.26899046501482,0.2667544055299231,0.2675843174112984,0.3023570173718326,0.4498815200320791,0.3180249459581041,0.2848838215871829,0.2963551880304678,0.2705697213142848,0.2662878162711664,0.3281631868904888,0.3285174127504717,0.3297800410529383,0.3267601499707986,0.3177504862846341,0.3321306309964633,0.3342732604382341,0.3194902926250336,0.3270530407015322,0.3178770680636624,0.3298243025283582,0.3445608649362448,0.3569990368608415,0.3313520830216205,0.3394174390941202,0.3264675410004258,0.3211159846828053,0.3337895320594839,0.3417552932898324,0.3344268137166253,0.3332450403727698,0.3219715505966789,0.3070415336860748,0.3191066216094071,0.3191786337308642,0.3073853776082345,0.3056067410852492,0.3078107045306062,0.4284913302499404,0.4380965287897744,0.3199033959612087,0.306529118834689,0.3300814288741911,0.3406049051950361,0.3195019467826512,0.3275287916889766,0.3350371249685366,0.2749774259754574,0.2841493255341945,0.2955445612322833,0.3903707942303249,0.3511828414315303,0.3188255244373934,0.2886388149368812,0.327729256398662,0.3049759154403162,0.3520464757955892,0.3075923838531729,0.2879059972067708,0.2604219731782677,0.2838782006001246,0.2763285185703843,0.3921554366070836,0.3474770989435249,0.3064434544628263,0.3776682321093183,0.3848224243613636,0.3946901008196306,0.4379270310721423,0.3758299481995735,0.3993438900896926,0.3669932088236649,0.3845537374456569,0.3678778459367038,0.4482553161799458,0.367617167384008,0.398755886659103,0.3558948876857926,0.3728144267014563,0.3669438346764764,0.4438675280062156,0.3652754116049124,0.415513198413219
316188_17_consensus.txt,0.0547202603070609,0.0580471986769524,0.0693956258786343,0.0544429966387767,0.0614047359036789,0.0629770085293621,0.0523892823814051,0.0,0.0688815657756158,0.0605364321941905,0.0665308492724321,0.0648121036305191,0.066433989287777,0.0652943698700916,0.0718077161646029,0.0588159665709433,0.0657419883029639,0.0645905253610763,0.4002758965879565,0.3951359563784358,0.401295806660773,0.4165767481087989,0.397456104495685,0.4046718875138992,0.3936620685482204,0.3846379451065864,0.388932949959667,0.4287677497700812,0.4080421039095547,0.4023083790313535,0.4044372231766502,0.3897566513270973,0.3825510592109467,0.4179050959313493,0.394619081355021,0.4011732074102276,0.3984972300003342,0.4041195049955277,0.4201851696231848,0.467545262037401,0.4301312163637831,0.4397116211102343,0.3921449894039241,0.3919004885399602,0.4144387280669122,0.4756077281507984,0.4489257316194468,0.4422734211540096,0.4249586013041906,0.4340205053762567,0.4392862043432117,0.4674045803164937,0.4419693471240506,0.4352610397187817,0.2534405740202352,0.2514319234414088,0.2441264364300295,0.2595598379880783,0.2570791559853518,0.2512485787199061,0.2524922551434088,0.2526361612395114,0.2467124601213726,0.2651504315218318,0.2607390125372717,0.257274645856743,0.2528647201157099,0.2514446040088103,0.2445155699161318,0.2612833297152015,0.2608083033200756,0.25445457250974,0.2719228168780319,0.307336099598654,0.2912767894756491,0.2841574034264091,0.2687517308528839,0.2710804641181461,0.2725378226453223,0.2794773626747009,0.2908688572065081,0.2702691445280543,0.2687035868178569,0.2567606669264712,0.285877503054742,0.3069108804219382,0.2940425422251813,0.2568850604292017,0.2566055667800171,0.2669142773515034,0.2907050950277359,0.2915133023280738,0.2832119665184009,0.2972375743075979,0.2946812955838993,0.2899228817762882,0.2833573849257043,0.2925002600416988,0.2894471806367988,0.2898153253436391,0.3185127752506922,0.461873672660392,0.3310860819441608,0.3038550824609984,0.3135049815034314,0.2948871831834907,0.2886537291012345,0.3413979557575928,0.3634068196215452,0.3647761751877461,0.3606887596801336,0.3509593147577057,0.3679332724645228,0.3710307034151725,0.3537299748629721,0.363282109906784,0.3525190662150663,0.3625985470035857,0.3807433938174895,0.3941233519621789,0.3662878336726081,0.3773094548111437,0.3606833586371429,0.35286753467755,0.3710336580766054,0.3791482448074639,0.3783457313933027,0.37974594879379,0.368188476908081,0.3520502628232336,0.3665250978757299,0.3654303012008384,0.3535264717489141,0.3505243102774003,0.3554842796769257,0.4720916201121028,0.4821905702563818,0.3657282447717591,0.3532074490410011,0.3759754604142458,0.3880426927145457,0.3663412070940843,0.3740769486292592,0.3818372169471651,0.320724414543033,0.3320535231219494,0.3432717550009272,0.4491424676762356,0.4052750162822427,0.3692608721093542,0.3339538549178158,0.378687781073296,0.3543110510098586,0.4087233550097693,0.3600251045949925,0.3359137652682449,0.3026508807504235,0.3314423978849774,0.321550587360349,0.4503255766266392,0.4019976160451648,0.3562389181064986,0.4259956378859648,0.4300654504999883,0.4450975170481683,0.4939432576494162,0.4183372980301207,0.4516096759374122,0.4143446783953308,0.4279874111063151,0.4114031538155061,0.5050021007309731,0.4100198101602714,0.4501237822448622,0.4010153024936045,0.414548163263877,0.4140227646990766,0.5003527825451819,0.4122058847839263,0.4674605371326947
316188_18_consensus.txt,0.0623306438581892,0.0617377563302135,0.06547931103443,0.059356671645542,0.0627997194288489,0.0679852073555515,0.0598881886500848,0.0688815657756158,0.0,0.0677669741641189,0.06631932986582,0.072656541668028,0.0752307920820101,0.0741128043086121,0.0699197596108192,0.0635423083293602,0.0681541042800262,0.0686801330369384,0.3775531148442432,0.3726022226014081,0.3771075724537773,0.3983367041655263,0.3756730090931732,0.3831597322649891,0.3691403673684093,0.3628236601572929,0.364898812818371,0.4111532621783205,0.3880293203672664,0.3815324567994551,0.3822014410961216,0.3690097522094326,0.3596670681691236,0.3986170468046808,0.3722109842232655,0.380017527949807,0.3892766768650588,0.3952113716535415,0.4121387509677596,0.4620304111213151,0.4228665115170358,0.4325540355837844,0.3814291369066751,0.3822126450691385,0.4053933052090812,0.470671749797507,0.4412991969676341,0.435738978812541,0.4168990993502177,0.4247767382264946,0.4327954066542645,0.462104592126181,0.4342150194029592,0.4281404523878578,0.2368929744189074,0.234930586409586,0.2272183122376105,0.2478695542700393,0.2444419468359093,0.2375719991799485,0.2360237274473178,0.2384401545462573,0.2312344571689131,0.251774104802255,0.2485195813964651,0.2422538380151522,0.2355082085692643,0.2363032553611503,0.2279434275017173,0.2499742508359759,0.2480366548903205,0.2404692142725721,0.2559077960317744,0.2919097581864562,0.271617562992045,0.2720204762686329,0.2564681991704098,0.2558478558003223,0.2587745194159083,0.2661126774487279,0.274543874189888,0.2603416213721488,0.2590496891115492,0.2450995073369526,0.2719577015919761,0.2885863803817052,0.2759790944242937,0.246675342071633,0.2470346056949317,0.2539454044182321,0.2702752170554099,0.2734775583634956,0.26605035596085,0.2807344004576997,0.2784383754355239,0.2728517702987147,0.2650332258639984,0.2755418989800304,0.2711367028367064,0.271591344665012,0.2988523349676484,0.4395862711669522,0.3094164347635946,0.2848702329887445,0.2932355276061891,0.2778080905684525,0.2690703834506962,0.316347578056785,0.3489969961453063,0.3506601924157593,0.3470565814540407,0.3358819905459711,0.3529772347938227,0.3569449745335546,0.3389204639449374,0.3481707189287348,0.3370504100704146,0.3461817415989827,0.3672477024284397,0.3801377266452128,0.3518226227425032,0.3629276117084927,0.3464196158890935,0.3382076584265014,0.3561665587310223,0.3649167156762516,0.3656522744093351,0.3661756090370147,0.3547001025849852,0.3377773871967413,0.353671213077618,0.3522760330030934,0.3403141963567044,0.3364562974369356,0.3409719250195451,0.4570262817080106,0.4667217395599365,0.3524274623190493,0.3410344244795027,0.3644312799116527,0.3734901372245787,0.3540197773809197,0.3628087415366963,0.3704384405611023,0.3095036735867396,0.3219806848805326,0.3330458372671252,0.4452834589748384,0.3991827821885927,0.3608926443300184,0.3225955348105458,0.3703611681594694,0.3438345457990124,0.4032536690146138,0.3526669541645333,0.326046604145116,0.2897784075214886,0.3205763439089786,0.310455092293143,0.4465634472997166,0.3956776028037012,0.3471441685123828,0.4115188367175761,0.41568620678337,0.4309275085893453,0.4830358240786552,0.3988320598547723,0.4380556164940543,0.3966500029213549,0.4127196571846134,0.394852783210716,0.4949060029547212,0.3879541524675751,0.4363466175143635,0.383515119082233,0.3976206201093291,0.397531258018919,0.4900305590087299,0.3938743257860366,0.4546949826101176
316188_1_consensus.txt,0.0483851161762842,0.0540598921484871,0.0657433803254647,0.0445562273066428,0.0594604008318775,0.0615634323254852,0.0457768417896566,0.0605364321941905,0.0677669741641189,0.0,0.0598428739378888,0.0649297637946801,0.0587902037714442,0.0653892967881191,0.0698978067270559,0.0480613292944909,0.0596970848097271,0.0615767013968948,0.3837352325228167,0.3771090708442308,0.3859297086692592,0.3968108443045643,0.3803048548271732,0.3882161294837551,0.3779420268654263,0.3678219190988692,0.3743720916913382,0.406776208261796,0.3900947903896785,0.3850750347337772,0.3870483812960792,0.3718086915554899,0.3654676552467322,0.3976346793328211,0.3769870543264559,0.3837379016486828,0.3726797432896731,0.3776047383803238,0.3928435372358549,0.4370454416431997,0.4026015713494786,0.4120479898374718,0.3659310005121448,0.3657144326996437,0.3869728458402406,0.4452698018286796,0.419325581953462,0.4135566900227339,0.3981092686206722,0.4049501674631131,0.4104349297543628,0.4373459666295218,0.4136171724530229,0.4075050997478655,0.2354743396648189,0.232284163227419,0.2253434108826901,0.2383346631409431,0.2367898149155749,0.2320463303306255,0.2348305109275656,0.2332228885193998,0.2286211113890992,0.2444352162125227,0.241107826475698,0.2376940278928287,0.2356590288182332,0.2328534426849486,0.2262337931556111,0.2412584483567315,0.2403719477572465,0.2351285896968065,0.2565396279020646,0.2916859457897338,0.2796239494433656,0.2669430033254443,0.2516413552392684,0.2562627577895036,0.2586220475925138,0.2661424841523683,0.2755408848589553,0.2526046574562954,0.2508772090873634,0.2400233951807919,0.2713933548141831,0.2933780584410641,0.2804894058473977,0.2392436208667234,0.2393434158066973,0.2505261803784293,0.2803246001376536,0.2777017843035878,0.2700020600427244,0.2811440375785992,0.2795481185369013,0.2754956637514425,0.2704058870287866,0.2777465427666215,0.27426677717364,0.2755131181817916,0.3059410380689407,0.4483215445164887,0.3198692745184139,0.2909607909577794,0.3005251171270444,0.2787363018440842,0.2749033064079675,0.3315586759659226,0.3467069820434147,0.3480699332369141,0.3450332294765275,0.3354912368496805,0.3508740602921634,0.3529303566597512,0.3379134135548156,0.3454533703961289,0.3359779437117751,0.3468825271525553,0.3628631397990745,0.3757576579474921,0.3490508488005233,0.3581880018742396,0.3446830517167498,0.3393028174596963,0.3527680915585662,0.3604748097637156,0.352921209571619,0.3559554540327205,0.3443031716913367,0.3282057331890158,0.34179520226348,0.3412627851238099,0.3284282999308558,0.3260865785319851,0.3313531617122969,0.4442645398972011,0.4566698377836786,0.3416960477703199,0.3279257562681508,0.3524297330361605,0.3642134836514046,0.3425238028619191,0.3494836072515355,0.3554709910402458,0.2990631918414514,0.308983883948656,0.3207284871326905,0.4215059046393783,0.3787594046299958,0.3450823428547203,0.3134175591843409,0.3546818809313379,0.3320237928247351,0.3809312134144562,0.3343029808116178,0.3125079061009508,0.2817827234874812,0.3081570274203322,0.2991720343036199,0.4226341872069454,0.3759905932784271,0.3320877226953023,0.4041393080202553,0.4095503403941016,0.4222637478732238,0.4698415490658334,0.398959839252619,0.4301345958807303,0.3940032433301965,0.4101339773065291,0.3926509410730112,0.4804869878371285,0.3891587585902698,0.4280616982632992,0.3801388787440949,0.396216380218739,0.3929192281657272,0.4758135741566249,0.3906287905119541,0.4451942795335029
316188_2_consensus.txt,0.0519448260835631,0.0555917017404503,0.0628765526989845,0.0524974568561056,0.0551392025844919,0.0645695147092944,0.0511741690771359,0.0665308492724321,0.06631932986582,0.0598428739378888,0.0,0.0675850005659484,0.0626307516391904,0.0651515543182554,0.0642041406750522,0.055639181482455,0.0585118953436634,0.0627665013489142,0.3686062876458322,0.3631375130786516,0.3696386496012245,0.3864322517948295,0.3666062712686937,0.3732190955755818,0.3610577157651242,0.3528412713736699,0.3571879801662945,0.398087363288127,0.3772606461679615,0.3715299344458636,0.3721221565195556,0.3595217511109894,0.3516292819321798,0.3872891377654035,0.3626023724090395,0.3702000970696488,0.3714600509904677,0.3776027317106987,0.3926919073034085,0.4403858107054788,0.403275732399674,0.4130296288355524,0.3644470324578677,0.3639348352876368,0.3865063298562958,0.4483457942998328,0.4213814893026857,0.4151723286592457,0.3975982814444556,0.4063122101986351,0.412021794614013,0.4411829342317759,0.4142995162790583,0.407938500565681,0.2277071608038596,0.224980974206904,0.2183808118438683,0.2344594579917505,0.2321388726848638,0.2261038580043042,0.2267248199329117,0.2261824256197755,0.2203121134130476,0.2389362313568099,0.2356684647451352,0.2300135558011895,0.227196209308957,0.226003404035854,0.2190411240352077,0.2366774397718316,0.2349646956293476,0.2285228162558681,0.2451584937502247,0.2797241730990834,0.2654726723501142,0.256792970480312,0.2413768015864619,0.244571167638341,0.2470747802882904,0.2538223598689413,0.2631447661779091,0.2451325963066963,0.2429353537098499,0.2322071301634274,0.2579338239328343,0.2795388075961469,0.2681741713264998,0.2320872088198022,0.2326372453737519,0.2401188378555225,0.273321733421092,0.2759817327146407,0.2659159535601709,0.2815203271075397,0.2798377806762957,0.2738119241848764,0.2667360623774755,0.2763108202319841,0.2734689026780934,0.273100397635325,0.3043136839505038,0.4502195715598525,0.3174976963964369,0.2889278636825416,0.2982787446153487,0.2792464998882238,0.2714052056851912,0.3258857904874048,0.3445099372041831,0.3463436915435096,0.3416612390989897,0.3315325022003428,0.3483255365458824,0.3517449082710158,0.3346768444982686,0.3435057576436549,0.3325141742573976,0.3439466528112334,0.3623848027328016,0.3745798097652901,0.3475292708276427,0.3574322460379022,0.3423831996830984,0.3342030012165082,0.3508353985768195,0.3589517559321287,0.3551471609660126,0.3527125670331195,0.3413810822574525,0.3264318994802941,0.3403674918109658,0.339601866663461,0.3290493853141356,0.3256592714681154,0.3277573517265892,0.449064660879678,0.4577565117218789,0.3402475341637441,0.3274590369738952,0.3496532630601301,0.3598381848927054,0.3404928330076444,0.3480979224349525,0.35605790969705,0.2944652989913692,0.3063223094742113,0.3172693722880169,0.4220906438144567,0.3789375631569527,0.3430922220879289,0.3082601741445927,0.3518309312196273,0.3272787485931729,0.3828512352968616,0.3347785883185779,0.310968673445771,0.2773230570813645,0.3046193177521274,0.2957487159546019,0.4240294538352245,0.3769869670569399,0.3306214190111696,0.3974390630397018,0.4021768278360085,0.4152853008535722,0.466166518745247,0.3903992128943727,0.42349083043311,0.385029013439869,0.4010362885680152,0.3832179560664173,0.4764320794795154,0.3820908327650372,0.4220083220150776,0.3713262320143826,0.3874256252101027,0.3866769223901016,0.4720271085198035,0.3836049675011637,0.4392734216740663
316188_3_consensus.txt,0.0575782753247082,0.0612402495078399,0.0690272872854436,0.0559154520886586,0.0619629392127727,0.0589701018222896,0.0571485598202237,0.0648121036305191,0.072656541668028,0.0649297637946801,0.0675850005659484,0.0,0.0733602875737133,0.0740299227222145,0.0744294174129294,0.0608909889514421,0.0651781030352083,0.0626009256012878,0.4128371890031168,0.4066480704081527,0.4136257536537044,0.430417660999673,0.4103096065011762,0.4179397698853577,0.4058829827459611,0.397823727772888,0.4011984826449719,0.4429456521338579,0.4209755319150652,0.4156038427027724,0.4172153909261524,0.4027026527866724,0.3948370315089562,0.4323286492964833,0.4066917818646907,0.4128335598097052,0.4133854686167169,0.4185388417526887,0.4353572507669625,0.4855278610432201,0.4468566543179761,0.4567686003762929,0.4059347461005274,0.4058621188850502,0.4291171225419319,0.4944541965542086,0.4659259050428694,0.4593629468900175,0.4415148344940718,0.4484370371246342,0.4561063922605264,0.48552388009454,0.4580389576351464,0.4512392535278167,0.2576261693833288,0.256031892967723,0.2477191158609883,0.2654855235168689,0.2639476777037401,0.257684873268257,0.2572703378001115,0.2588670449569683,0.2520476344848994,0.2721066177701061,0.2686754650021115,0.264370420675295,0.2565916510340891,0.2567459294305756,0.248525073931777,0.2681720700075658,0.2685148627232188,0.2608343284974168,0.2784002512409635,0.3127665061059836,0.2946506387008227,0.2917041088897285,0.2770220422586824,0.2785245747357123,0.2800382044590712,0.2870269835728614,0.2978966761374764,0.2791528296911316,0.2788334236901022,0.2643237373303506,0.2930731496031029,0.313522319707431,0.3011463139303885,0.2648926396100322,0.2649731850662178,0.2740530482055874,0.2879005595937798,0.2868061897249845,0.2805476138394134,0.2936542539431315,0.2916756025050269,0.2865740891701662,0.2808067671707697,0.2892774090301415,0.2858073228755806,0.2859452390978916,0.3103494825794115,0.4489372288799913,0.3206777833662286,0.2981981766537664,0.3051759695888734,0.2911605220672122,0.2854511270046451,0.3330224659200951,0.3688262765295995,0.3702127076147974,0.3666997760014183,0.3566373634329736,0.3739171092658786,0.3771207896323112,0.3595998075048072,0.3690200385087472,0.35993357931115,0.3671229120579582,0.3870247442275421,0.399526829286021,0.3710460699438727,0.3818977254426734,0.3658028638875841,0.3594300329656583,0.3758259633015797,0.384719541649055,0.38331138539003,0.3869577950132523,0.3766972247105791,0.3588905295570122,0.3751300745761057,0.3743096569044901,0.3609156040669106,0.3567320975755415,0.3634818403938382,0.4740791209304831,0.4910197785240591,0.3733037669894514,0.358285466124947,0.3841885002268448,0.3966941331430895,0.3747403716971931,0.3810345119885419,0.3886939962696303,0.3274866021809934,0.3392558022220378,0.3517913657928311,0.4621791790169709,0.4158623947694302,0.3792655330080094,0.3429029560753562,0.3894509174951501,0.3640396003933475,0.4208772685734558,0.3701265931469777,0.3434817919870561,0.3084863950723679,0.3382213878169082,0.3285769934410041,0.4640866048387551,0.4132616688728454,0.3644818025945184,0.4322363312301149,0.4355704274297203,0.4520291862643866,0.504014008235611,0.420871409802011,0.4589166804329636,0.4205616928286133,0.4340037010177404,0.4150349473445516,0.5162272745516603,0.4109981190856118,0.4587203148655661,0.4055247422404271,0.4201628496191674,0.4204437235076099,0.5108578612552641,0.4151854703707229,0.4772860735374813
316188_4_consensus.txt,0.0496168098178202,0.0645629466924404,0.0777106866549353,0.0525369949001053,0.0700376000430083,0.0716236562087431,0.0448448466040041,0.066433989287777,0.0752307920820101,0.0587902037714442,0.0626307516391904,0.0733602875737133,0.0,0.054628996771175,0.0664449495952119,0.0575644566063857,0.069979599460126,0.0666893612218046,0.3599539074738977,0.3538259149527292,0.362148888307825,0.368789277411981,0.3578519166020655,0.3619775658877522,0.3555009769293349,0.3453025368707507,0.3505423112349604,0.3748670786604968,0.3620936396326257,0.3591277206749836,0.3612117736639249,0.3487968448277243,0.3445626624566955,0.3694031550164673,0.3547212680231659,0.3596474977379138,0.3602212656954577,0.3654893105056622,0.3780853109756812,0.4156663455104734,0.384750303261427,0.3943917114884741,0.3538846286221044,0.3522021351960518,0.3713729065701372,0.4196764314344392,0.4013609492822176,0.3929622637434491,0.3812963872644523,0.3888333523749097,0.3911461786958945,0.416623066403087,0.3943682973596267,0.3898611932098603,0.2418197478715669,0.2366192424969817,0.2352788707925839,0.2390741373301743,0.2368892264061379,0.2342328507533935,0.243111449759489,0.233978720890871,0.2316319254577088,0.2419068945122582,0.2367565360349388,0.2350339738661517,0.2446102020162648,0.2364939880993759,0.2366190863159971,0.2405175310908589,0.2396861899605511,0.2361561271823262,0.2540488626781894,0.2821958645307241,0.2862852240578277,0.2531780316644365,0.2417505384936973,0.2515730327977685,0.2550908595736487,0.2630032279214731,0.2717626968760598,0.2460599033691366,0.2373237455308334,0.2351962121388062,0.2587568000218603,0.2940944839790163,0.277216888187759,0.2357731285499014,0.2341189551864779,0.2458047443584412,0.3297915655336751,0.3307504692241103,0.3144684543698517,0.3322498787539345,0.3313360925128386,0.3258636658792149,0.3195276042951178,0.3268941466023456,0.3266015186188404,0.3273354953247747,0.3754351608177906,0.5385945752144146,0.394229142805294,0.3511833811129641,0.3677449119232996,0.3318927887085721,0.3258930319139317,0.3959263780831286,0.3646191464773878,0.3660047404518707,0.3600428752919065,0.3534397879236444,0.3683568400301382,0.3678181310323118,0.3542451474279566,0.3607158984765952,0.3489443201658879,0.3672678749728923,0.3801513602498794,0.3926436385460512,0.3686042814220585,0.3745033824416524,0.3662547563126601,0.3571031390884052,0.3683500459418454,0.3748574561916271,0.3629603653293323,0.3450909213397786,0.3340732362381331,0.3302920287108506,0.3359796745503622,0.3346121814837026,0.3319865600607485,0.3314677398693497,0.3219912505155236,0.4662626061705417,0.462888292268758,0.3375878493458479,0.3282515175730083,0.3416151069332969,0.3505715699475118,0.3327763134560726,0.3469820957184417,0.353554742364242,0.2949751596595718,0.3033526418747101,0.3118736051597501,0.3895287829517713,0.3584448014218537,0.3307610980824549,0.3060273231485837,0.3368644981234894,0.3168925915931062,0.3583808069609979,0.3228645495585063,0.3071682350448448,0.28721828645795,0.3029962297231776,0.2966526833255898,0.3912381530415985,0.3548533036406738,0.3217798863768912,0.4016778264754492,0.4117041302148365,0.4157447347611125,0.4525179171931413,0.4099270189573794,0.4204286018267282,0.3941972888880691,0.413609869061279,0.3975063075676672,0.4598240883846927,0.4006209602142547,0.41828295381098,0.3832690533807295,0.4032902192733765,0.3917809275341177,0.4582223833121581,0.3959403533207428,0.4333341414116134
316188_5_consensus.txt,0.0577215024502208,0.0618152959266922,0.0744084158427114,0.0580104582554881,0.0664527554879654,0.0682721116098221,0.0538324752991705,0.0652943698700916,0.0741128043086121,0.0653892967881191,0.0651515543182554,0.0740299227222145,0.054628996771175,0.0,0.0637492153656928,0.0602004455109899,0.0700278536851399,0.0690881842095585,0.3726815222817095,0.3685063393688459,0.3740926896977115,0.3892120826536356,0.3718681439258482,0.3757704501907355,0.3667270677650265,0.3596391078614651,0.3619872413304783,0.3980157749430688,0.3794748529359992,0.3754838169556294,0.3750868137785446,0.3640641249036846,0.3573323817919096,0.390549782059967,0.3689331294953817,0.3736331854325172,0.3833659704724468,0.3883264230006489,0.4017760725317778,0.4464898656101077,0.4116948154703301,0.4212689931976427,0.3762719263277319,0.374658711566326,0.3954115033123777,0.4520204918911119,0.4292295947783842,0.4209739642982768,0.4064574860241521,0.4144610752889122,0.4183302827143151,0.4464600875471305,0.4217802228674188,0.4156542617483616,0.2483276453845739,0.2454626362605587,0.2430130650889204,0.2531022533944416,0.2506680764016806,0.245356708691645,0.2493133273800083,0.2435013613115799,0.2404784884496997,0.2555020623469346,0.2507665583832228,0.2465632931109063,0.2497804102784897,0.2456324430460554,0.2439310907644625,0.2548308712123059,0.2530808581159789,0.2473050115427213,0.2580251848877424,0.2883177522053977,0.2836133516010335,0.2661382383257766,0.2525360700167951,0.258334092465116,0.2611638197897932,0.2676820361596022,0.2794448172277839,0.2572160405667674,0.2527974985606889,0.2445896391571906,0.2646534674654219,0.296898353068137,0.2819935137179143,0.2475421671827717,0.245888523959298,0.2522419880436395,0.3161312490114696,0.3221379481047108,0.3070008327543085,0.3262924428430196,0.3245775248302927,0.3180912842814436,0.3105501519445361,0.3200648296647763,0.3190896881205987,0.3166871344050008,0.358430743093038,0.5169079094565987,0.3717136378590524,0.337046705055954,0.3502103478590719,0.3257098135940275,0.3175733493399342,0.3757749565568424,0.370434041477079,0.3730369049406441,0.3650224345471784,0.3581992860830532,0.3752099238481783,0.3771285590808233,0.3608464448274446,0.3695278791555729,0.3562783987219298,0.3716821643917676,0.3890491092706405,0.4013833456535067,0.3754340032679586,0.3838583475534953,0.3724923004852165,0.3615635889218218,0.3767321865886543,0.3840308051241123,0.3752726998465654,0.354874117390846,0.3452520818237516,0.3387178404859554,0.347879520240788,0.3463993228848707,0.3425648421168041,0.3405278233395847,0.3327622311515625,0.4715741908206858,0.4703549731824665,0.3457595242175557,0.3378998453971356,0.3528307743758567,0.3610289937545659,0.3442417915930171,0.355640744897741,0.3622446789653466,0.3105181451930576,0.3212285813776923,0.3300503939345311,0.4208839748704704,0.3837272738811847,0.3525554413636271,0.3210353688489675,0.3585884655564442,0.335857190949671,0.3865718690062252,0.3455456792474507,0.3249524638321759,0.2973524338406541,0.3200258022941966,0.3109040024629763,0.422850463708059,0.3812836936292463,0.3426722997783784,0.4113036356962851,0.4199805205765443,0.4279228675469682,0.4725670818662557,0.4133344942041823,0.434043971109304,0.4007160607139468,0.418089099573276,0.4012783994774409,0.481174520605176,0.4039512300881291,0.4319448675164885,0.3881767747207192,0.4053732037236202,0.3998824149164832,0.478695485474951,0.4002010425930962,0.447587033854063
316188_6_consensus.txt,0.0608636843274084,0.0662088016434623,0.0668436252364479,0.0601647259647322,0.0640974421419144,0.068008478492306,0.0594179845414899,0.0718077161646029,0.0699197596108192,0.0698978067270559,0.0642041406750522,0.0744294174129294,0.0664449495952119,0.0637492153656928,0.0,0.0616392307816653,0.0667032992832901,0.0691953702794094,0.3619164230291645,0.3599882859403642,0.3627021367294638,0.386651017132877,0.3636770781132554,0.3664203030984012,0.3550846734636721,0.3504500528046428,0.3505283560560883,0.3985710195826932,0.3744260269253772,0.3681744903364894,0.3667305173949025,0.3567995388134299,0.3472921227530641,0.388265030150194,0.3597893875731976,0.3660473197618969,0.3843164549100599,0.3895610982139317,0.4064454193214963,0.4556446403345475,0.4173384438218086,0.4266795258204396,0.3765765981452453,0.3763166838605123,0.3981723322140205,0.4622429133919219,0.4362770094775747,0.4285165231044026,0.4098937665172926,0.4183104772563446,0.424925349663642,0.4563065970236621,0.4274053351686788,0.4202733676520012,0.2384826516938964,0.2383587405859764,0.2340000832472455,0.2514413353137641,0.2473308306837829,0.2401110580339818,0.2383949597408907,0.2374708409478465,0.2314205893190077,0.2540904243697639,0.2491857806711905,0.242492068890332,0.2382784338931465,0.2386084391190479,0.234076967427292,0.2532035980544656,0.250670468493162,0.2421547593530917,0.2453604059744663,0.2773228888253953,0.2671064933431708,0.2622885872970677,0.2471294473305398,0.2471201768480568,0.2489574437012294,0.2566844601207734,0.2659133769273971,0.2515503694593946,0.2499343320845213,0.2387291493521708,0.2553585038649473,0.2847988037190632,0.270608131097692,0.2411929546451006,0.2409919656923875,0.2440833396568393,0.2891995919237935,0.296102967413784,0.2826989902738255,0.3039919269161615,0.3018545407179687,0.2940088105202463,0.2849955607360606,0.2974079512903458,0.2946502518181759,0.2906776473191215,0.32630065302315,0.4804187226061529,0.3346939153003774,0.3076642111112271,0.3192919987331386,0.3030746687749399,0.2916393584703414,0.3432556496702794,0.3553140962613028,0.3582099299939862,0.3493700632283385,0.3414036461731307,0.3606222750620489,0.3636203628791321,0.3440102366635855,0.3549136438547791,0.3411674680064074,0.3528590997718304,0.3747027725821112,0.3881637449630197,0.3598797379585221,0.3710597416071266,0.3555414271665995,0.3423171496756083,0.3626170613632133,0.3709617107850924,0.3668678435901249,0.3498922441439092,0.3400292585897304,0.3295476863174613,0.3431371397401683,0.3414008955519065,0.3351793806720273,0.3309313017723774,0.327374294954744,0.4633857331703517,0.4597918319876832,0.3382625584765861,0.3317664684431314,0.3462988254577297,0.3559055533411097,0.3387186668953816,0.3471571876814003,0.3558468225091324,0.3049276925700681,0.3199889208424196,0.3284477126601572,0.4318285281883014,0.3901978278712121,0.3536271583170283,0.3165177332418452,0.3595334983023441,0.3347161119486905,0.3952440086770679,0.3484073683151507,0.3224212989553656,0.2891103055004613,0.316052265203318,0.3055110505789784,0.4327312859820793,0.3865273174052746,0.3417122508735808,0.4066832405313683,0.4119959397416011,0.4256444723331931,0.4769807405083561,0.4009786298897673,0.431927740513764,0.3937744280672817,0.4086433031426253,0.3907201067176551,0.4879873208475622,0.3909510857601823,0.4311868531850997,0.3804277604004475,0.3946013282518379,0.3945698054367383,0.4858810316478426,0.3934629397709379,0.4488218127814143
316188_7_consensus.txt,0.0423337499960467,0.0501274529212842,0.0592153712103211,0.0405835841253789,0.0535947047804015,0.0567388938603095,0.0414985821781996,0.0588159665709433,0.0635423083293602,0.0480613292944909,0.055639181482455,0.0608909889514421,0.0575644566063857,0.0602004455109899,0.0616392307816653,0.0,0.0523395857373572,0.0557059091713796,0.3552888502569438,0.3502728505283343,0.3576442319269191,0.3731283970589736,0.3537433162364216,0.3607436694981096,0.3494226103799462,0.3422947622456469,0.3461147396583151,0.3836005225735412,0.3637408185709851,0.3585828332672029,0.3592786146746682,0.3457408903116779,0.3385365704060312,0.3737251502586929,0.350127174720992,0.3561806995667709,0.3588259922841743,0.3635014645637895,0.3797565190767038,0.4250769971094854,0.3901264145934711,0.3993005156885871,0.3521391902496162,0.3518738438821991,0.3739166154388229,0.4328000597802273,0.4064411444599933,0.4007496977479725,0.3837793205775739,0.3918507815058518,0.397017450588617,0.4257601249923723,0.4008481639040759,0.394419425409783,0.2135754305789348,0.2123665305630986,0.2059272517094648,0.2192836487844118,0.2192281445708488,0.2128227843167849,0.212837708961505,0.2136778009236337,0.2088557348907969,0.2254171866392411,0.2225341170816861,0.2182049829771521,0.2129362456278052,0.2130835248438884,0.2067261410258822,0.2216659896456256,0.2219770379207801,0.2160093588283942,0.2299806291665476,0.2647706175007691,0.2505184392816915,0.2400019056852755,0.2253364880380957,0.2296100406466834,0.2321153090005978,0.2415612732375365,0.2538398566433919,0.227571487324969,0.2279835297269805,0.2163101419464581,0.2437796128734035,0.2706069310432113,0.256077662130032,0.2154431638394029,0.2153274935558009,0.224160028173145,0.2574354787703719,0.2558592721062922,0.2482982940028613,0.260856717990201,0.2584571200454917,0.2543713798727722,0.2480416197398511,0.2565731842181122,0.2534923365366737,0.252169157147641,0.2823033629734155,0.4264760534911644,0.2955287409490061,0.2681934578302254,0.2775816578679553,0.2584699183442325,0.2535210930813427,0.3094236752145249,0.3239706133444251,0.3242694404671908,0.3209582438019538,0.3122371948853697,0.3288913825772681,0.3309632273562322,0.3144214953582356,0.3238891432368618,0.3135652503925286,0.3216429854614731,0.339718550467051,0.3519536426107734,0.3262833776677034,0.3353981835460899,0.3203665781780245,0.3148489016722706,0.3309907251858135,0.3380537964645498,0.3331631834380424,0.3292288198031521,0.3221026122657164,0.3043311206375421,0.3205650461580305,0.3195460932228258,0.3084541596823449,0.3055396181290177,0.308224802821023,0.4278899094336204,0.4371549942464909,0.3163052465655482,0.3031933092585746,0.3264007672480353,0.3400871628736013,0.3172465357769631,0.323508799208934,0.3320112163894961,0.2784348532142999,0.2889758231654973,0.3008139284399647,0.4023336262941015,0.3605971934012508,0.3258203318734374,0.2923418757328662,0.3350306299361349,0.3111512584865181,0.3626587250628716,0.3147101493940099,0.2926424492765562,0.2600282882815996,0.2868854562613308,0.2779139460944684,0.404935097744449,0.3576102152708031,0.3128869534012288,0.3780667707625156,0.3830604013134682,0.396094777719064,0.4444235045043427,0.372254639541552,0.4030905071441424,0.3659326050262521,0.3826311244353029,0.3634091935028429,0.4572126615681355,0.3620865582976194,0.4013678312812772,0.3524072407381418,0.3675195633641266,0.3662595594084727,0.452657495452506,0.363525031264043,0.4194339375046318
316188_8_consensus.txt,0.0494590795105942,0.0554077079830506,0.0611907384799224,0.052759943744526,0.0532053826437746,0.0603338955294852,0.050532701281039,0.0657419883029639,0.0681541042800262,0.0596970848097271,0.0585118953436634,0.0651781030352083,0.069979599460126,0.0700278536851399,0.0667032992832901,0.0523395857373572,0.0,0.0618288950816179,0.3729492030302737,0.3674876049485931,0.3734812777537968,0.3938248613546733,0.371387560599743,0.3787314224623443,0.3660456988986027,0.3590977450492261,0.3631193119433327,0.4068468449707012,0.3823947626178849,0.3767097729238884,0.3773678806661955,0.365413931755171,0.3555514365055998,0.3953722843622849,0.3674788913836835,0.3739474147348041,0.3827779688986616,0.388490469285518,0.404835725570738,0.4544714384759594,0.4175523548430853,0.4252700585931421,0.3764574524658997,0.3761908707525876,0.3990238497055642,0.4641289743208787,0.4353038997779315,0.4291375585780947,0.4104359709082139,0.4179591345796716,0.4253352351204924,0.4563069093846366,0.428651678400108,0.4204635668362755,0.22788740469149,0.2268123909556507,0.2188027246510167,0.2380285136806676,0.2355976091792655,0.2287374507471611,0.2278327568370848,0.2297080830779663,0.2220280801503094,0.2436231528213532,0.2398506950564609,0.2347130066975751,0.2271554411932399,0.2273953852580668,0.2188671872283052,0.2411805491427543,0.2380334097972323,0.2308837832916559,0.2467834868129266,0.2830309965521493,0.2653412279753055,0.2615548702606887,0.2456317659726252,0.246821304611867,0.2491902600755935,0.2574457274913726,0.2679036948485667,0.247638917387718,0.2491515837497715,0.2345211197199646,0.261381328593238,0.2839223078863462,0.2702298074262792,0.2359571347619962,0.235423068007055,0.2422594929885484,0.2639881026441593,0.2644610044334072,0.258523575140277,0.2702674363744961,0.2681844312594599,0.2630410153906446,0.2569593237681431,0.2663188526595021,0.2624693316294184,0.2614243410505672,0.2862715949383663,0.4288853251447229,0.2979937036003228,0.2740053204591248,0.2821824849995096,0.2688389563198576,0.2611460389245508,0.3114927509856571,0.336784762520935,0.3371430639225679,0.3340390776889066,0.3240460291117166,0.3422249225025631,0.3452436363487159,0.3272720604697241,0.3370789739448199,0.3284838282262114,0.3341706444374424,0.3539644267146045,0.3670663897087962,0.3392795313792121,0.3498543806870806,0.3336507106849922,0.3271245853969482,0.3438128184306208,0.3527162530882108,0.3455706460460916,0.3468508800507415,0.3394993622158964,0.3194304459025048,0.3369595738171362,0.3356559094748803,0.3220467690857944,0.3182906579311613,0.325915138709437,0.4400663778030989,0.4521044238919423,0.3322444914146523,0.31884510686886,0.3432569694166965,0.3572710708104054,0.3355897740888878,0.3396086774978037,0.3475347273327003,0.2984005757029138,0.3100436824245349,0.3225460401062108,0.4319543575475286,0.3859675482148716,0.3484592713800509,0.312829159256939,0.3581751900425658,0.3327987725705199,0.3904932050235281,0.3388118339268686,0.3127084414999359,0.2774030481837037,0.3068441667232555,0.2972420084444991,0.4341727565974516,0.3833555239003452,0.335379005250072,0.398294946336545,0.4025034998964294,0.4177297690095116,0.4703016984466508,0.3876463887593715,0.4258782554793257,0.3854931819650176,0.4014464186463939,0.3818366103112005,0.4838895437613573,0.3773404724147298,0.4247792725416168,0.3714875155712036,0.3865331984398494,0.3853487525134476,0.4790814211330705,0.3817482849337565,0.4437633551944202
316188_9_consensus.txt,0.0522635336109758,0.0563760452131951,0.0638472936827021,0.0541779206550145,0.0578226938453063,0.056061011564207,0.0519258446915564,0.0645905253610763,0.0686801330369384,0.0615767013968948,0.0627665013489142,0.0626009256012878,0.0666893612218046,0.0690881842095585,0.0691953702794094,0.0557059091713796,0.0618288950816179,0.0,0.39071411703015,0.3855822963263406,0.3907348879758885,0.4099856749663964,0.3893766218380143,0.3954935930368961,0.3844508014818899,0.3763176277037203,0.3804424601421878,0.4220677905719512,0.4006323864123757,0.3948347618457291,0.3954683869587541,0.3823486041703283,0.3735912075141314,0.4116153138971832,0.3856054002983136,0.3922860403234516,0.393750439336852,0.3994326393013416,0.4153394288706842,0.4648133276691482,0.4269509213239502,0.4359416040920294,0.3869098862230515,0.3867862200349563,0.4093393861389174,0.473046956726268,0.4454389490914998,0.4390453068861291,0.4207618265027939,0.4289966082627536,0.4354739505524563,0.4644452050012582,0.43822502635091,0.430484829413956,0.2417831416094493,0.2402380487645601,0.232408587012145,0.2500925277071317,0.2481943415920611,0.2413116882277499,0.2410888174685688,0.2417208468439327,0.2361095715978152,0.2555566962572619,0.2519952415020583,0.2475920472109578,0.2407309682703591,0.2413015802289635,0.2334920287055837,0.2530487907361909,0.2516330360619214,0.2441294159387723,0.2610974680123625,0.2961562181897292,0.2788913440606251,0.2758050034318273,0.2603901471641592,0.2630669343830725,0.2642289557191049,0.272155068488086,0.2818160831458023,0.2621024580375248,0.2628775218879369,0.2497993891815042,0.2753992732643944,0.2972464712501015,0.2857861626906199,0.2505863853633947,0.2493944882489565,0.2578292388915955,0.2791438319118775,0.2791749824476319,0.2729162381776504,0.2859525647923462,0.282734348616863,0.2784382871389148,0.2716680093191819,0.2808824070139621,0.2771283892391096,0.2765929318107041,0.3030737841200093,0.445583994782794,0.3132618391595763,0.2899025246855089,0.2977705982050906,0.28311000612997,0.2759684639974615,0.3264637561207451,0.3561314843566592,0.3588126976835895,0.3544702478145645,0.34478943189999,0.3618835201500587,0.3651163739939065,0.3469497037627924,0.3571936138889526,0.3478214095551735,0.3546520157517747,0.3742414764134594,0.3871399504511537,0.3603233406885238,0.370123377180775,0.3536830318500286,0.3471974150519727,0.365139339629934,0.3718106367787079,0.3646303453696937,0.3644782241279358,0.3565910255685232,0.3381042465451997,0.3536494423109104,0.3533619712904858,0.3401182712727433,0.3360510046261851,0.3424258144478393,0.4556421167772839,0.4688761192071737,0.3511813195269155,0.3375030549506519,0.3612983024714786,0.3748387337468095,0.3524487328084653,0.35883829967295,0.366982892979351,0.3136937583023211,0.3259244259473846,0.3379480039570275,0.4468754653473752,0.401794297947653,0.364479945497365,0.3285988815480394,0.374594516047118,0.3498480723729642,0.4060079694854401,0.3548334747005555,0.3301380968568956,0.2952195710032441,0.3239779022181928,0.3141249833005162,0.4488051829148176,0.3996562966266204,0.3514162544609576,0.4174409071316276,0.4218815886662028,0.4364053860035248,0.4889690263234136,0.4066102602878167,0.4447090131136626,0.4058593325312642,0.4207613889416315,0.4015076753607118,0.5023574546504861,0.3978306136240377,0.4437647807880438,0.3908239071875137,0.4051506791725998,0.40547464434594,0.4971030972671677,0.4014397787860346,0.4622427850474295
326650_10_consensus.txt,0.3607001559722036,0.3801275561330683,0.3789870725301938,0.3573559579277408,0.379306990775504,0.4031107149455337,0.3555736177559083,0.4002758965879565,0.3775531148442432,0.3837352325228167,0.3686062876458322,0.4128371890031168,0.3599539074738977,0.3726815222817095,0.3619164230291645,0.3552888502569438,0.3729492030302737,0.39071411703015,0.0,0.0361261863364248,0.0430860938877444,0.0457404648157186,0.0379672649607449,0.0414538488067321,0.0394229173240923,0.0368319740685834,0.0439879227412731,0.0542430600568479,0.0389649176912421,0.0389387395386009,0.0361675952974138,0.0378767755838644,0.0353971913593262,0.0462215560174072,0.0383201496711684,0.0397933746846419,0.3276573145730559,0.3362606434726736,0.351716488097864,0.3905043620322246,0.3549283516267287,0.3696212138021195,0.3208673491830041,0.3234429388622288,0.3419339821999365,0.3895734045684342,0.3704319768021804,0.3643182919318057,0.3484635412030101,0.358591198198873,0.3613956179152993,0.3907512169555822,0.363145652749818,0.3608111888113434,0.1769717851593704,0.1730219586500467,0.1770146912439472,0.1770983599296549,0.1734852157714073,0.1682782589742011,0.1814134741450992,0.1686332736655416,0.1649008997138885,0.1681083707323551,0.1632243140463991,0.1627568112647672,0.1807004880726737,0.1687259248958916,0.1756223425180962,0.1731430137668255,0.166197416007126,0.1673890792369903,0.1905795383625985,0.2126596084145937,0.2337472778427205,0.1933093597374799,0.1841788427731003,0.187071273465083,0.1903383557124414,0.2011128126033554,0.2233013041012626,0.1867047515774764,0.1800980612920426,0.1847919703499307,0.1812812051275187,0.23629490684743,0.2168027962210459,0.186269889700533,0.1852428966566996,0.1863143448351003,0.2888261690344791,0.2925106308954071,0.2641954651311344,0.2976054611783603,0.2969531938241943,0.2935579119183416,0.282720807592554,0.291208357334888,0.2924767731896658,0.3024504231472313,0.3930983322997434,0.5934114697987347,0.4163029753292733,0.3491470264257756,0.3796259882597717,0.2974330367899398,0.2889635742379965,0.3970769544550805,0.2004601057959156,0.2031998960823813,0.1933693158944507,0.1918872097314867,0.2019767314976732,0.2020207227958721,0.1865237034480529,0.1952063942887498,0.1820798526867904,0.2150431087961273,0.2260844946598261,0.2391790190882901,0.2059862684545805,0.2124189826423013,0.2136245305801161,0.1955414217723969,0.1966281322481542,0.2079980477952823,0.2897861046459731,0.2282282237210537,0.2261005075019611,0.2325288354386216,0.2307831173769088,0.230135333000284,0.2378912347783419,0.2431485217343301,0.2133321663299519,0.4122304109080659,0.3594740953482507,0.2259078428406837,0.227272901516514,0.2200021922038679,0.227436987307616,0.2202346461960509,0.2358779615892743,0.2446730317130878,0.2199861025622418,0.2284852557315417,0.2280448283593372,0.278545341898134,0.2643390663912726,0.2414066268358006,0.2210697731960174,0.2394982240015153,0.2124413937047755,0.253412365967236,0.2328822433512201,0.2213245093333391,0.2186670592605075,0.2158558707567088,0.2126606428815201,0.2809596329447537,0.2555272849057211,0.2370490005743661,0.1835404254080046,0.2111406112153844,0.1909721524691257,0.1941396713931524,0.2384593894719557,0.1877364483686889,0.1836376327256772,0.2159294055589313,0.2111734981086606,0.1986664331283059,0.2280594209231026,0.1792541970954495,0.1845935315373843,0.2094259933845847,0.18104156277494,0.1991996425607247,0.2056924187771329,0.1867133065976745
326650_11_consensus.txt,0.3543718491685226,0.3729945670771712,0.3753003391502112,0.3511009626673775,0.3745231376059621,0.3979805345707845,0.348022855836863,0.3951359563784358,0.3726022226014081,0.3771090708442308,0.3631375130786516,0.4066480704081527,0.3538259149527292,0.3685063393688459,0.3599882859403642,0.3502728505283343,0.3674876049485931,0.3855822963263406,0.0361261863364248,0.0,0.0384454652072747,0.0326435736633783,0.0310972185431026,0.0368272896458705,0.0361911547082414,0.0286232204853682,0.0398641168105129,0.0402007880730792,0.0294967273505513,0.0309890477859298,0.0305822392845556,0.0281728326614967,0.0294187214530374,0.0333124427707538,0.0317700797028877,0.0345936976265868,0.3176775138600582,0.3263557618297348,0.3413739471656214,0.3779986135213349,0.3433651663269828,0.3580467721786569,0.3111124977283701,0.3138295879757535,0.3316357030845651,0.3768385095669302,0.3589722120073908,0.352690099144155,0.3384582644555429,0.3483515319571388,0.3511418169827358,0.3783771823365214,0.3514326007920836,0.3498209904566423,0.1661550261663293,0.1607074491439135,0.1629284290033723,0.1617614552508826,0.1581448348059098,0.1540566098450497,0.1706405211780364,0.1561934288140278,0.1522591014683705,0.1532964320885526,0.147896579073528,0.1502165676397986,0.1699864210849426,0.1553731584765856,0.162241882581636,0.1575667031931722,0.1505999364143129,0.1534835494308843,0.1888731090947679,0.2108804247720144,0.2337464809020275,0.1884577468189938,0.1787655074527023,0.1849334279869054,0.1883237027517559,0.197478707536824,0.2184948147420797,0.1812992059765257,0.173914347792806,0.1794944065142978,0.180110382181688,0.2356021156658982,0.2147114474376117,0.1802104677746285,0.1792974707277963,0.1835179796992427,0.2819118152016706,0.2825565274449104,0.254225479075945,0.2855228130150209,0.2841917967807283,0.2824252916834595,0.2735864631839817,0.2794238985005748,0.2810171982627985,0.2938291153686201,0.3855919573027222,0.582966759945819,0.4126311447369346,0.3410313267825167,0.3723907875155419,0.2844978175923245,0.2774691729438885,0.3913224029660398,0.1844004402875541,0.1869358718140077,0.1780425761361073,0.1770941086056332,0.1850402597623137,0.1838850206130295,0.1711906792244519,0.1781050801708161,0.1662759292292257,0.2016523188398267,0.2080794835548296,0.2201129881136907,0.1893210702154846,0.1948188372960189,0.1967892295175595,0.181987314099242,0.1793428051181322,0.190032649870286,0.2736572601406735,0.2200133827456873,0.21611890959392,0.2218220807412869,0.2187401822340362,0.2189024435303785,0.2239222992209164,0.2302374285520159,0.2031279590133721,0.3970486275320226,0.348426145418248,0.2166693511541311,0.2161786462055168,0.2114765763423349,0.2192272406326978,0.2112653989368453,0.2264986481574205,0.2352216068552977,0.2094061065971786,0.2148464972169499,0.2151242018930332,0.2627308773677512,0.2489905108207288,0.2282586971068561,0.2099169732635175,0.2274282220073402,0.200022473647266,0.2371282115080646,0.2176407320962496,0.2075488006034227,0.2076533402723903,0.2029730851908198,0.2012856746618396,0.2648251524041711,0.2407497227778172,0.2234412674878463,0.1645391897406547,0.1933492037946322,0.1708245865943354,0.1695063548971873,0.2219108174094159,0.1662697909565231,0.1677525830221178,0.1982986824635517,0.1952776710542849,0.1736893888622077,0.2117609374491635,0.1582853784490865,0.1692860944445051,0.1951627189165279,0.1642850048718145,0.1721988953472575,0.1889543525329102,0.1650044266532653
326650_12_consensus.txt,0.3631192177003903,0.3798458825364825,0.379568294126237,0.3588479449357393,0.3794395208093846,0.4032897307939471,0.3572436301017561,0.401295806660773,0.3771075724537773,0.3859297086692592,0.3696386496012245,0.4136257536537044,0.362148888307825,0.3740926896977115,0.3627021367294638,0.3576442319269191,0.3734812777537968,0.3907348879758885,0.0430860938877444,0.0384454652072747,0.0,0.0488996021560019,0.0410981477144467,0.0435752401621911,0.0415433571989112,0.038210061709897,0.0441728232425759,0.0574390102223425,0.0411841883100301,0.0408837619588666,0.03828361835739,0.0403388467214824,0.0354205729850889,0.0494796531071521,0.0406256028568314,0.0423922228948647,0.329140481692697,0.3374511764891608,0.3533797740441819,0.3937246233107316,0.3564916206434709,0.3721936158370518,0.3210539264960665,0.3241816696523116,0.3436032576214032,0.3925413128348687,0.3731970309369892,0.3669399027180091,0.3504063819822143,0.360107525783615,0.3642465977832962,0.3939477372845381,0.3646922749175196,0.3630409814116682,0.1737430703532076,0.1707735547376359,0.1742426012789586,0.1762956817897532,0.1727707924895796,0.1666883032322843,0.1778762823028223,0.1666735491625885,0.1625258702051653,0.1664732743257353,0.1620868490105707,0.1612217582112975,0.1768442661464035,0.1664590909352092,0.1728324407110548,0.1725950428054474,0.1650860112921144,0.1660067598439631,0.188903482054318,0.2097917624879812,0.2288933846386029,0.1925869641270985,0.1826497270934268,0.1860553600518422,0.188862561307026,0.197204078437398,0.2176376774829336,0.1866147126575903,0.1804039908695287,0.1842803781579398,0.1795368586223524,0.2331749220746708,0.2140702096956559,0.1858177642084726,0.1852792231978846,0.1859507145548562,0.2864612365275256,0.2933504320514259,0.26382802955575,0.2992380327179518,0.2969154852895244,0.2933891400218726,0.2811802431320842,0.2916265461725942,0.2931397064221315,0.3013395236123806,0.3914224274996023,0.589441587183277,0.413262670056298,0.3471498543096345,0.3768308212778812,0.2976471675169314,0.2890671351111749,0.3927650231953734,0.2052369928956139,0.2079381112590219,0.1977548783841882,0.1947698237900468,0.2067022696641309,0.2063766846318522,0.1909116284024463,0.199559310312491,0.1854294580192039,0.2195862394245225,0.231324263296031,0.2439619938205908,0.2107874562674538,0.2181316296312552,0.2183648166948764,0.1990673661395483,0.2012869397875611,0.212416827577357,0.2902972185325154,0.2303327125135048,0.2264005112406693,0.234396231591873,0.2319932564183311,0.2311074262777168,0.2395698736682021,0.2448976715838036,0.2137200226301736,0.4133748504223291,0.3628484600443187,0.2285150798256765,0.2313052547425371,0.2214398638607591,0.2279984572139497,0.2228256100814789,0.2385993149962217,0.2484972693343756,0.2209333489455751,0.2306518049038644,0.229374217374886,0.2827239005274471,0.2674684736289059,0.2442355215503724,0.2206492326495848,0.2426569695756271,0.2141424927538473,0.2576860913259438,0.2365235915126504,0.2229934483917475,0.2195822527500759,0.2174618306169833,0.2145529705326545,0.2856743502691401,0.2593580401366715,0.2396492206372151,0.1881910391686005,0.2154676099235857,0.196506948000092,0.2017124069600839,0.2398580679508377,0.1943281452933796,0.1869879884144403,0.2173612420410755,0.2111026927866071,0.2066690132458966,0.2272361910884299,0.1849170901377341,0.1887311563206282,0.2119341396522678,0.1852932299202194,0.2062852682798457,0.2077145433206517,0.1938713423097482
326650_13_consensus.txt,0.3739873188515297,0.3960426576771638,0.4032808402959098,0.371577957730036,0.4012345224670426,0.4233977818832812,0.36662191535709,0.4165767481087989,0.3983367041655263,0.3968108443045643,0.3864322517948295,0.430417660999673,0.368789277411981,0.3892120826536356,0.386651017132877,0.3731283970589736,0.3938248613546733,0.4099856749663964,0.0457404648157186,0.0326435736633783,0.0488996021560019,0.0,0.0348020087807832,0.0419026935288435,0.0461598441200052,0.032070988453615,0.0501923066747096,0.0249581135365133,0.0276503053626697,0.0320248601493631,0.0347797393929383,0.0283831771940299,0.035488603857452,0.0230631233761613,0.0356483225592754,0.0393787229149786,0.3221939569970082,0.3310822185876496,0.3435177366904938,0.3729547736681162,0.3432343658493693,0.3579941294364097,0.3166516794551306,0.3191336400492695,0.3347597626412018,0.3711174272850357,0.3570041942088302,0.3507976811055187,0.3403428227012028,0.3494360427782546,0.3499300916033405,0.3737761532300325,0.3505979064256053,0.3506405287794294,0.1797377207839403,0.1711582404624927,0.1753119847693192,0.1647455925291865,0.1623927199903505,0.1615787639297998,0.1845739545696254,0.1649214650236423,0.1645051290044108,0.1570290931722127,0.1515217751958957,0.1568200626623799,0.1849152587968134,0.165227321094413,0.175613333821559,0.159965918307801,0.1547983321125414,0.1603820763221328,0.2166146882144204,0.2383828295161407,0.2673583944604907,0.2080966577662728,0.1997642041293303,0.2119595329977954,0.2156710727615873,0.2243310984294062,0.2436825476966859,0.2025056158735303,0.1897988457785793,0.2016340461245285,0.2065017031670386,0.2646163765098919,0.242589884422145,0.1991873272214306,0.1983602182925281,0.2097721126429874,0.309903842636789,0.3053070619775297,0.2742898502805211,0.301432604281544,0.3017462951070087,0.3015830326391651,0.2966659606401833,0.2969788870531999,0.30099489525875,0.3183155673419513,0.4191371778357577,0.6238874273744912,0.4534370718226057,0.3692605280947951,0.4055410614623937,0.3014714587627161,0.2983641054042962,0.429380594235802,0.1909233369671668,0.1914217441070036,0.1856742698579161,0.1874794091184064,0.1892864471071114,0.1862827925947314,0.1795580879797782,0.1801041810933625,0.1710159555244139,0.2119129257504077,0.2105516733674832,0.2210152384306667,0.1944951880093057,0.196597927513352,0.2043449450975423,0.192247185648771,0.1818088720997721,0.1919356261533842,0.2813184814582605,0.2318374533005496,0.2240488298781358,0.2344891402736131,0.2245834242534314,0.2271947053201266,0.2325350609528982,0.2423580653598307,0.2130882515814889,0.4036271752542504,0.3606088476446487,0.2285164265351653,0.2268229459160764,0.2226086165068466,0.2283754492892491,0.2204942927343012,0.2393779868140626,0.246018190227474,0.2167182695098404,0.2172781154143983,0.2176278165480383,0.2487950949245814,0.2419952434634957,0.2267014279413892,0.2160129960446042,0.2263147766707334,0.2008457322747219,0.2257139106413177,0.2129843060861098,0.2106899602028171,0.2209173397454122,0.2085459360120012,0.2090760349532416,0.2498215357874862,0.2327031788078848,0.2228137837087835,0.160075429252732,0.1917764610723864,0.1620253518914651,0.1482783911575893,0.2306927869505806,0.155711789462142,0.1676998927567154,0.2022558849616089,0.2000356640733507,0.1479227965449148,0.2186972154310424,0.1471337695621208,0.1715309114474479,0.2006335936394521,0.1613126249653085,0.148164944312569,0.1909426085461945,0.1506426768679674
326650_14_consensus.txt,0.3572209364742846,0.3771301641076938,0.3785426964289833,0.3539455918151937,0.3779307283523536,0.4020518457250617,0.3518380508173457,0.397456104495685,0.3756730090931732,0.3803048548271732,0.3666062712686937,0.4103096065011762,0.3578519166020655,0.3718681439258482,0.3636770781132554,0.3537433162364216,0.371387560599743,0.3893766218380143,0.0379672649607449,0.0310972185431026,0.0410981477144467,0.0348020087807832,0.0,0.0374287514018689,0.0382676016137075,0.0309931615967435,0.0420004378440346,0.0420537884184817,0.0308156755807544,0.0331417037256542,0.0324915532044371,0.0306197794279157,0.0316776709393025,0.0350806954883893,0.0320601630344938,0.0358632081650682,0.3225154081263639,0.3307103135128315,0.3463725664669219,0.383866836731709,0.3484606806155668,0.3634638352338477,0.3163274165864571,0.3182278138340741,0.3370246550031091,0.3828833671573761,0.364675289927824,0.3588383052907353,0.3429016579089996,0.3531457704046872,0.3557539253359536,0.3840029068909949,0.3566772931427877,0.3548420105228445,0.1727027486738137,0.1663938390875614,0.168541252030657,0.1681356292980496,0.1646224520228898,0.1608544609926667,0.1768316411102191,0.1621195736472813,0.1588835127061294,0.1595721630256008,0.1539064206225688,0.1561116569454093,0.1762139207459014,0.1613844764027447,0.1677072475992922,0.1637388072480945,0.1566756579281865,0.1589727443266788,0.194540328942228,0.2172865170692048,0.2386277220608512,0.1938805497877282,0.184435079947022,0.1910634593316125,0.1930088651825912,0.2036677945366278,0.2242955507040065,0.1875185799710408,0.1789019217526295,0.1850255221642243,0.1853893685907905,0.2405633976829513,0.2191413500523076,0.1852000240957139,0.184872190298531,0.1897740603962283,0.2828200087138377,0.2837331174803488,0.2566776033523013,0.2874765699461719,0.2861651424861513,0.2845092061842251,0.2753797487259071,0.2806129381067173,0.2827929435129945,0.2963989123722115,0.3879871199454641,0.5841873470307881,0.4143990750215423,0.3430509854270234,0.3745781351432349,0.2859533849141087,0.2794194893362132,0.3930776933154014,0.1866649124032555,0.1889096617354368,0.1803407548067781,0.1795315756547211,0.1875463018129544,0.1864810763522904,0.1733032249607262,0.1799536994149804,0.1685673329033328,0.2030458749174251,0.2102972331996433,0.2226929972903448,0.1915751493625777,0.1970839363994123,0.200266463607754,0.1845012694767156,0.1813797107480468,0.1918630016836182,0.2800787656232337,0.2275220881968422,0.2234524169628713,0.2291179822828333,0.2253450104948591,0.2256150197143789,0.231082777583012,0.2379433201333363,0.2101416488120762,0.4014989525167003,0.3535937408515863,0.2238343824218276,0.2239405248209891,0.2191092612628615,0.2255223000529262,0.2180016136125004,0.2339509310570733,0.2413040991128383,0.2133797702453392,0.2187035471013274,0.2196198174212895,0.2663161681984221,0.2532722658750828,0.2319775013455292,0.2139748762891073,0.2323104454481779,0.2045109293058047,0.2414162890420002,0.221183467979749,0.2118335973049596,0.2126181714666017,0.2073658760510213,0.2044833107770358,0.2690160152449792,0.2444198841500018,0.2272925065565338,0.1721460616020564,0.2008558966561935,0.1776237890365735,0.1760772909189008,0.2299226204183106,0.1738310798584379,0.1743285982492466,0.2068213128356006,0.2017249123261706,0.1802565443812085,0.2188457106051906,0.1664039439446369,0.1761038971406527,0.2023402785676786,0.1706274363055939,0.1798786966014169,0.1966177438587024,0.1709269026929121
326650_15_consensus.txt,0.3657617194195879,0.3853627494685625,0.384080506727237,0.3621031704838806,0.3847145419622571,0.4078814416278931,0.3597064761807722,0.4046718875138992,0.3831597322649891,0.3882161294837551,0.3732190955755818,0.4179397698853577,0.3619775658877522,0.3757704501907355,0.3664203030984012,0.3607436694981096,0.3787314224623443,0.3954935930368961,0.0414538488067321,0.0368272896458705,0.0435752401621911,0.0419026935288435,0.0374287514018689,0.0,0.0410976623392045,0.0352729524108745,0.0448852182689165,0.0495334787100816,0.0369041160072214,0.0371078757331382,0.0367598485919984,0.0361282466529822,0.0358916302480878,0.0418954967223221,0.0373832129630749,0.0409109030785366,0.3306849170651738,0.3385672541845537,0.3535936449864323,0.3918231731573485,0.3555359582698756,0.3715738389094802,0.3229967417070369,0.3252999747858212,0.3442298562827233,0.3908725749079416,0.3727154366308589,0.3662432621942848,0.3506173510611958,0.3605566411281558,0.3638235380761472,0.3925384986642299,0.3645747566065829,0.3626929413581017,0.1807625027706549,0.1752456843359873,0.179590769164097,0.1782840495093935,0.174658179411665,0.1697483352980455,0.1851670419034299,0.1702230543807239,0.1674291430487784,0.1693323849321011,0.1636708786578751,0.1644509675301151,0.1845332137356337,0.1704853361230611,0.1783067894584036,0.1748783094295056,0.1667668207684158,0.1684821023752647,0.1971245196083018,0.2187014484248095,0.2427450598024734,0.1993816166416557,0.1906269889171348,0.194590464758626,0.1983106092081996,0.2081940850204695,0.2266156571627284,0.1939711932070018,0.1848786148183165,0.1918670238121258,0.1883886581618625,0.2451130900758222,0.2242669859857855,0.1935688881396338,0.1927538110910518,0.194270734374065,0.2949090221596933,0.2998669518130548,0.2690229457478743,0.3034735241145654,0.3023849615462097,0.2993402694213252,0.2883525493996437,0.2965978021383044,0.2983135346012879,0.3091143373025851,0.4038319871444358,0.6045705134311206,0.4286066147870109,0.3574974579634578,0.3890243935584294,0.3024697517910582,0.2943780102590949,0.4060396848919865,0.2013974051689615,0.2036646361514549,0.1931543879102335,0.1919094532649126,0.2018802286858765,0.2006783851101694,0.1872985583706281,0.1945846097859629,0.1802246603196913,0.2165078947563401,0.2256302222018362,0.2380063762648845,0.2058017858431142,0.2122394063582504,0.2144614122283918,0.1965181330736776,0.1950242956109811,0.2062362150375101,0.2905744970676238,0.2306002313529305,0.2268520115410268,0.2362176359791448,0.2310704595772037,0.2296863188632372,0.2389659388062242,0.2448211858004327,0.2147589339861717,0.4118581166826907,0.3642591259509906,0.2288849785482867,0.2311682293475598,0.2221436159832102,0.2284867160539363,0.2227250747958358,0.2390106856457379,0.2472479405328442,0.2234622876479761,0.2310206763614672,0.2292721054890307,0.2766071029783781,0.2640720466108988,0.2425474476335978,0.2234304755094633,0.2406785749926072,0.2137501267601038,0.2528294942329054,0.2341097145988691,0.2233673974927725,0.2235502837404297,0.219364826793786,0.2164671916589071,0.2793320937056194,0.2553961593250378,0.2391279421108372,0.1841010740347499,0.2123070841565066,0.1912939556479429,0.1904602444202723,0.2418596830178998,0.187352204829601,0.1865334693973395,0.2185330076798237,0.2125017359124257,0.1944457605041769,0.2311184645203674,0.1788722779359233,0.1880420683185164,0.2121510709675789,0.1825561786389045,0.1952192446163181,0.2071762200958247,0.1855178387957892
326650_16_consensus.txt,0.3545191253803246,0.372835388420988,0.371124040566638,0.3502688934789226,0.371828382483681,0.3953169032318762,0.3492433173114904,0.3936620685482204,0.3691403673684093,0.3779420268654263,0.3610577157651242,0.4058829827459611,0.3555009769293349,0.3667270677650265,0.3550846734636721,0.3494226103799462,0.3660456988986027,0.3844508014818899,0.0394229173240923,0.0361911547082414,0.0415433571989112,0.0461598441200052,0.0382676016137075,0.0410976623392045,0.0,0.0367256807211013,0.0430991750910365,0.0551821058868391,0.0391494689523064,0.0386642143507138,0.0355447724937363,0.0373123580837315,0.0348140933054885,0.0467367002699461,0.0379989525440684,0.0411082888807605,0.3229226814695707,0.3305225051679095,0.3472317071492128,0.3872708295739784,0.350405851748178,0.3649938436375741,0.3154467461643229,0.3181763786311791,0.3369401301700279,0.3868934691435726,0.3666649376209641,0.3610181215503516,0.3441784087751571,0.3542164542205839,0.3575957493170278,0.3877281385636806,0.3590003081930852,0.3560627389351829,0.1703817209865299,0.166808650493234,0.1696760732528162,0.1717301758431126,0.1682822071330925,0.1626267103254086,0.1736073412846224,0.1629347387258874,0.1584463517841854,0.1627113806726505,0.1579267215300497,0.1577136557660026,0.1732939898998111,0.1623887535744259,0.1687442862854524,0.1676892853692422,0.1604195980463245,0.1613668156698864,0.1847689055514401,0.2073177247769955,0.2268918385754723,0.1899271307523875,0.1790854276191638,0.1821398576994504,0.1849776000868033,0.1961375458206866,0.2159139800347098,0.1830855812798653,0.1762733396947169,0.1806704838523884,0.1773171827020263,0.2312389194363824,0.2112165886959864,0.1820276215265295,0.1812684351517575,0.1817751158462783,0.2773701018791428,0.2816163412007881,0.2531417394599202,0.2868117624401023,0.2846420321248288,0.282509055094831,0.271721901121893,0.2800432598978837,0.2813084569474284,0.2902102982322532,0.3787845173004704,0.5754079407951593,0.401237409905427,0.3356330220407493,0.3655128666244991,0.286145482826555,0.2771786774857361,0.3824848131835026,0.1963741952534121,0.1996896345233665,0.1891948110984564,0.1872320513792686,0.1979426640839001,0.1987622564029862,0.182427286145284,0.1917277190491084,0.1772668502198513,0.2099954346534076,0.2220620772970463,0.234254674623564,0.2022082512263878,0.209586988862128,0.2096793090711344,0.1919605109919295,0.1933160260204118,0.2045547262750382,0.2864095527184602,0.226923690966764,0.223445793696758,0.2296995503245895,0.2280954540846806,0.2271795874721576,0.235336233529555,0.2409845658924823,0.2111155041285961,0.4073529570193841,0.3577038400908421,0.2248687520134069,0.2261203482459599,0.2182270672898134,0.2247520009297687,0.2197664850160876,0.2343313587484203,0.2437548828191182,0.2155238204965464,0.2241958713716201,0.2229029847921708,0.2771949699949942,0.2616123229203246,0.2385290988659179,0.2156855602161869,0.2373387910231557,0.2088329382670792,0.2517889112929872,0.2297085649337482,0.2167606909875274,0.2126602862790925,0.2114046406384488,0.2077952324369718,0.280304821028615,0.2540448052276538,0.2331654208834912,0.1825853290064714,0.2091509265579425,0.190930033836679,0.1960148784404047,0.2345381138464972,0.1884600813609864,0.1814455478021912,0.2131999444366314,0.2071779170890337,0.2013402945347557,0.223778398442505,0.1800649066504291,0.1832942651120639,0.2061626031920234,0.1799181974512897,0.2008349017140247,0.2017942875578136,0.1881902122560497
326650_17_consensus.txt,0.3456307749939782,0.3634244738017678,0.3647354709113131,0.3418719629591749,0.3643828184203563,0.3886532509604663,0.3389696539666147,0.3846379451065864,0.3628236601572929,0.3678219190988692,0.3528412713736699,0.397823727772888,0.3453025368707507,0.3596391078614651,0.3504500528046428,0.3422947622456469,0.3590977450492261,0.3763176277037203,0.0368319740685834,0.0286232204853682,0.038210061709897,0.032070988453615,0.0309931615967435,0.0352729524108745,0.0367256807211013,0.0,0.0375568256603315,0.0392417128633759,0.0302235627019058,0.0304724647687208,0.0305778154175868,0.0266032530618858,0.0285517894952747,0.031874279629168,0.0313181559646871,0.0356487760314294,0.3123417010654847,0.3206957318178567,0.3362411573875548,0.374044568887431,0.338827762820177,0.3536123484588742,0.3058011681263899,0.3078440606004413,0.3258153066665699,0.3739822494557216,0.3550926017485167,0.3488301876942898,0.3336933852646915,0.3434856828717159,0.3464874334189396,0.3749941250924635,0.3472928443944987,0.3448124966582426,0.1599260584202895,0.1545545155551728,0.1565247681355792,0.1571891410870023,0.1526796556320881,0.1484367891266949,0.1644140448163185,0.1497587196953169,0.1457987909836688,0.1485302824809551,0.142721172996552,0.1440349093459794,0.1636633832617242,0.149459720137564,0.1552857908200877,0.1535847141881525,0.1458378668091455,0.1474860301629661,0.1840965674717836,0.2073088842461565,0.227488195956603,0.186276145172517,0.1757282265705839,0.1807676075297344,0.1838452502214238,0.1926736213800453,0.2114063681821711,0.1804910030478872,0.1707821433579184,0.1767902898738143,0.1769159013439249,0.2283427199462409,0.2092034649871585,0.178325834363239,0.1767993734700041,0.1808296281792287,0.2725605188890725,0.2752274734956685,0.2459011517637144,0.278486093717067,0.2769206999085511,0.2740251423773294,0.2647364163895389,0.2712195197801534,0.2725979715590547,0.2853665617037606,0.3758036182969775,0.5728015259330022,0.4015706978067328,0.3315471343666942,0.3622997626903768,0.2765838266226517,0.2691543062389314,0.3797728975490351,0.1811520098474659,0.1842424268516111,0.1748638892038414,0.1732110786156901,0.1810683054809843,0.1810292779069371,0.1675813774899417,0.1738446846700405,0.1612178407241913,0.1975839145836104,0.204861737097012,0.2167395695073715,0.1864734125360527,0.191529353920842,0.1940457530633033,0.17709584420367,0.1759659380496039,0.185970651747148,0.2670873173899259,0.2175314494920286,0.2105596435993959,0.2169403241477177,0.2132741853316275,0.2132929143582593,0.2179461961008257,0.2246477425827215,0.1983401209198163,0.3900918062793366,0.3459874925274455,0.2133970770863804,0.2140339568962552,0.2087625313430336,0.2138900197209494,0.208607274039867,0.2246161218553339,0.231823603627479,0.2050264447831615,0.2118858288280627,0.2119047507197606,0.2624291961415395,0.2475917663037847,0.2255143318514072,0.2057040809652441,0.224932983160091,0.1973807320891651,0.2367296402550707,0.2157024426856182,0.2054224793171535,0.2045314038213561,0.2004861851335988,0.1974815595192183,0.2640660082221444,0.239473593991029,0.2210763220925571,0.1655221399129054,0.1931676933740966,0.1713685117398427,0.1722384755786166,0.220078043850286,0.167402743419526,0.1665534062261962,0.1967345646059399,0.1932325933123451,0.1752935413698324,0.2097644623437915,0.1602196111034679,0.1679623472173688,0.1920897629355238,0.1635876682368611,0.174571300891273,0.1876939332730032,0.1659174150471791
326650_18_consensus.txt,0.3519574863956265,0.3685984118677368,0.3676197258053904,0.3471440168538109,0.3671763934362531,0.3919024170206171,0.3452466611115419,0.388932949959667,0.364898812818371,0.3743720916913382,0.3571879801662945,0.4011984826449719,0.3505423112349604,0.3619872413304783,0.3505283560560883,0.3461147396583151,0.3631193119433327,0.3804424601421878,0.0439879227412731,0.0398641168105129,0.0441728232425759,0.0501923066747096,0.0420004378440346,0.0448852182689165,0.0430991750910365,0.0375568256603315,0.0,0.0596017347954891,0.0428385446628567,0.0426581615046401,0.0403840976471272,0.0405950011761149,0.0370606638853772,0.0501427865007855,0.0417466212563972,0.0457234744761478,0.3122478007428242,0.3209067623118891,0.3369498178995869,0.3769872192296013,0.3397554016843749,0.3546080721056022,0.30542270498389,0.3080024655539297,0.3265446898814161,0.3768489513709205,0.356505247552775,0.3503988486927838,0.3332283996269218,0.3431725582047384,0.3477493479464613,0.3774312753134197,0.3488136925453347,0.3458086005898195,0.1681856685746829,0.164822370637232,0.1674393838820265,0.1707224937685794,0.1669072404435994,0.1600438221900617,0.1729952164977852,0.1602369985309444,0.1555217577865733,0.1615451107230825,0.1559065721891883,0.1553690467871149,0.1714638184264281,0.160106979880652,0.1655929926858235,0.1672108578937141,0.1591706121664309,0.1598418168278712,0.1847583122306844,0.2069238968347697,0.2247012052751635,0.189797255570749,0.1795147374619716,0.1809775047368376,0.184410118050085,0.1918415408419278,0.2129220822696602,0.1847036667355972,0.1760461423938295,0.1803888155270634,0.176419289570056,0.2274476602641435,0.2075852069052075,0.1823603802038818,0.1824348930025259,0.1827236744514344,0.2816981357840689,0.2882141299596483,0.2593140415171824,0.2941978829608871,0.2933317066265779,0.2884746547318499,0.276583987547319,0.2862982982238335,0.2871785040917309,0.2966796590341154,0.3853593062650233,0.5811844860583335,0.4072193407462592,0.3412817034122213,0.3708437710384764,0.292675758220934,0.2828877319553307,0.3849779336537686,0.2011488618211814,0.204104139016696,0.1930969124396853,0.190450577395655,0.2030182145795791,0.2033837181856164,0.1864165506545703,0.1948981518940655,0.1799805104597069,0.2146267670650452,0.2273884295943808,0.2395879141096308,0.2075270842184267,0.2145318362716111,0.2144782189601848,0.194750795978063,0.1973910518619028,0.208701317471089,0.2842555403841196,0.2282038510757189,0.2205682230795318,0.2280219523809989,0.2257690449135161,0.2238633852722671,0.232270257859934,0.2368263997823945,0.2076970157211839,0.4034352028377732,0.3564300712336745,0.2237271472219433,0.2272736564479203,0.2187770187509237,0.2223425484763197,0.2192281091895473,0.2346913274279423,0.2437787673377407,0.2170646202168953,0.2270418864278056,0.2261520337888392,0.281416617848258,0.2653434745622718,0.2414414993701399,0.2178575512912033,0.2393630283567418,0.2117093057728389,0.256537911650625,0.2339810809619678,0.2205872733503078,0.2157279216961143,0.2146929591091257,0.2112224687121653,0.2842130610358602,0.2564426043911112,0.2365441274638406,0.1915609166082887,0.2175634267588329,0.1993771304235707,0.20670721525493,0.2412115178990355,0.1969712459288288,0.1894722046905812,0.2192939290557873,0.213848866336388,0.2101188505075448,0.2306813342602716,0.1887134086381792,0.1898932092699148,0.2144113643472422,0.1874235063799574,0.2104996633672193,0.2093834840484909,0.1959576470012756
326650_1_consensus.txt,0.3841211659840056,0.4085322522612671,0.4172078576340965,0.3822141528224669,0.4151106838865388,0.4364054860033839,0.375665345649864,0.4287677497700812,0.4111532621783205,0.406776208261796,0.398087363288127,0.4429456521338579,0.3748670786604968,0.3980157749430688,0.3985710195826932,0.3836005225735412,0.4068468449707012,0.4220677905719512,0.0542430600568479,0.0402007880730792,0.0574390102223425,0.0249581135365133,0.0420537884184817,0.0495334787100816,0.0551821058868391,0.0392417128633759,0.0596017347954891,0.0,0.0318177642106753,0.0377584270965485,0.041576666480676,0.0329697353769802,0.0424785624185695,0.0257592633756615,0.0427944651635954,0.0472599374278956,0.3282465801541292,0.3365318717971028,0.3485308198285395,0.3742522748513401,0.3476642805247962,0.3616420184104498,0.3237860570651563,0.325141513468953,0.3387398201039175,0.3715528948325222,0.3592785001324721,0.3524420267769947,0.3442859509963085,0.352251576659004,0.3513490534299208,0.3760490726595549,0.3542280459363098,0.3535644959116624,0.184725210445027,0.1755053100553496,0.1833403690862773,0.1670092377720209,0.1667550048775936,0.166403651621728,0.1897713652579753,0.1692033230845666,0.1723400612915888,0.1591073177409505,0.154889189163569,0.1617467635722285,0.1906608185836518,0.1704420668781026,0.1840821093125768,0.1624374946095592,0.1582150332583047,0.1651359664266998,0.2270365067512045,0.2472765963981018,0.2805231420392928,0.2144497967487915,0.206529776081588,0.2220768433818314,0.2263449232050618,0.2355922107966641,0.2534798000572351,0.2097469887824097,0.1966532611358715,0.2105848388538511,0.2150303082402302,0.2798115037606798,0.2548999067082604,0.2073261285752785,0.2063629566938907,0.218181843444448,0.3286928087135337,0.3218130532298353,0.2895409229745809,0.3125174138056792,0.3138290676390483,0.3130182221518218,0.3128682660206401,0.3104579906832398,0.3145686027768803,0.3302565097745287,0.4347196397375867,0.6448103262380052,0.4723018462146484,0.3829728102924079,0.4215997576603243,0.3144366807973568,0.3121478988353701,0.4507386781279479,0.2010713372035297,0.2007529388259783,0.1955094655969915,0.1988147747574373,0.1993657755203379,0.1941595612431186,0.1905590116696416,0.189213980747553,0.180361423984916,0.2215951008241319,0.2180153011196495,0.2273093359674831,0.2037386572666406,0.2031426234444957,0.2145852628283115,0.2040362817381265,0.1909989314435556,0.1998492151801585,0.2800759941986896,0.2272091138375032,0.2203681048020698,0.2320545868855639,0.2210692568952694,0.2236497675750719,0.2302264102278215,0.2412367991280177,0.2088605491532789,0.4058012111250058,0.3612401664516369,0.2257900264804675,0.2244281034329383,0.2194771859386932,0.2237826509572862,0.2150469010265929,0.2357530968527399,0.2420566190093964,0.2191875059832959,0.2182148339940681,0.2185180155746806,0.2413436153895602,0.2379819726223502,0.2259341911023042,0.2186020059484192,0.2251602047685921,0.1998935064731348,0.2210403355312813,0.2116586528835355,0.2130732136827333,0.2260986895463475,0.2105331200773008,0.212085911010277,0.2425333788831238,0.2284282932063845,0.2230979846931724,0.160489277484757,0.1934374330557666,0.1620201470057694,0.1447099463891703,0.2350953498396677,0.1559029519034567,0.1696750750200912,0.204874403678744,0.2026568492431195,0.1435119800202855,0.2225211065473047,0.14669012266652,0.174522027551145,0.2036410847650742,0.1626144214334246,0.1436748146321704,0.1922402026430099,0.1487029718618124
326650_2_consensus.txt,0.3661111259754896,0.3879257744158337,0.3917513579847735,0.3644254684549075,0.3908861862531587,0.4138387582189082,0.3594864213724094,0.4080421039095547,0.3880293203672664,0.3900947903896785,0.3772606461679615,0.4209755319150652,0.3620936396326257,0.3794748529359992,0.3744260269253772,0.3637408185709851,0.3823947626178849,0.4006323864123757,0.0389649176912421,0.0294967273505513,0.0411841883100301,0.0276503053626697,0.0308156755807544,0.0369041160072214,0.0391494689523064,0.0302235627019058,0.0428385446628567,0.0318177642106753,0.0,0.0297653838889857,0.030241869165863,0.0277746141330439,0.0300829455050504,0.0278009344244267,0.0315110516845358,0.0351902196686175,0.323046627257149,0.3318886691799996,0.3455438691746266,0.3793751558332694,0.3467107567318983,0.3614250842300635,0.317525857665256,0.3197910504067351,0.3363255115451942,0.3773476362113896,0.3615603708220263,0.3547835901000304,0.3419483535148018,0.3511924213952468,0.3529908671289909,0.3804940985433447,0.3547068294582871,0.3534987336220467,0.1772714025991391,0.1706165382796456,0.1753133172132841,0.1689896942923674,0.1663218736578429,0.163273130145118,0.1821173160477016,0.1651500711069609,0.1639820068300892,0.1606231534688049,0.1547390104439721,0.1587088454169922,0.1819513471854534,0.1654880304070189,0.1748937491807929,0.1646323759808936,0.1580038653808273,0.1619671682528469,0.2034000885668341,0.2248154131008988,0.2511042711319504,0.1978224658264658,0.1899919818601319,0.1994843045651677,0.2021552486786468,0.2122016516839622,0.2321241623592662,0.1930176593275874,0.1830017038108451,0.1919917988022064,0.1922275824579316,0.2527367718607891,0.2293966365560535,0.1918354615355042,0.1909977567064587,0.1973652862428636,0.3020176657171802,0.3008498648554436,0.2707561007985752,0.3002829738423287,0.2999477679032587,0.2983068961596018,0.2909175819268057,0.2949382155416273,0.2980915089129112,0.311465950809243,0.4086803441622066,0.6116725775933389,0.4386063536576365,0.3607830842120414,0.3952990257466915,0.3001453576474162,0.2949270092705696,0.4173043567103711,0.191244343424664,0.1930808194998263,0.1849611249437686,0.185713236790491,0.1918367682836965,0.1890290377386669,0.1784536907696221,0.1834112114006956,0.1725432804982887,0.2090438547395017,0.2125808507468285,0.2240326529698926,0.1952098756169356,0.1991238752095512,0.2047971782112831,0.1913686461835908,0.1840734118484448,0.1944987683713854,0.2792217793229667,0.2224018587514571,0.2184473278324468,0.2277901041736143,0.2208307903834026,0.2212541668498673,0.228472170614669,0.236882549921038,0.2061567886175979,0.4027227953753964,0.3544666868980997,0.2204489993701024,0.2205543278292658,0.214054025477548,0.220513841752858,0.2134038203032275,0.2304297145690874,0.2386700074799144,0.2146315415808999,0.218117827597652,0.217462309389063,0.2552496406372881,0.2460509495189775,0.2285117697258449,0.2136403355612941,0.2268506112513293,0.2003937330833984,0.2320665672855142,0.2166943141518587,0.2109773950065481,0.2168639733408639,0.2069713450563952,0.2061883684668508,0.2571438428413017,0.2364473727952187,0.2247074313106836,0.1652844715573636,0.1957487533666793,0.1694819175663227,0.1625085337039706,0.2304091773545131,0.1650422930269215,0.1698996953419289,0.2036458542957646,0.2004653065126334,0.1640118415144478,0.2190883007611255,0.1564020678425564,0.172974944689475,0.2006443299608165,0.1646681181949247,0.1648346540671106,0.1924872336217653,0.1611995857833434
326650_3_consensus.txt,0.3622219676274483,0.3822717415608281,0.3844149464504838,0.3598539130071465,0.3840402716093827,0.4081250221830714,0.3560600478078868,0.4023083790313535,0.3815324567994551,0.3850750347337772,0.3715299344458636,0.4156038427027724,0.3591277206749836,0.3754838169556294,0.3681744903364894,0.3585828332672029,0.3767097729238884,0.3948347618457291,0.0389387395386009,0.0309890477859298,0.0408837619588666,0.0320248601493631,0.0331417037256542,0.0371078757331382,0.0386642143507138,0.0304724647687208,0.0426581615046401,0.0377584270965485,0.0297653838889857,0.0,0.0316691115081937,0.0297747093712068,0.031196442128742,0.0322762235143514,0.0327727538871229,0.0364236308983763,0.3227463468856655,0.3309598167550227,0.3454607392726814,0.3815071708321014,0.3474033233236326,0.362261236234481,0.3160146891310731,0.3185314629003102,0.3363285519761874,0.3802412867660614,0.3628218951358057,0.3560976036470116,0.3425753480941402,0.3518784686784855,0.3547227631044869,0.3821102891253218,0.3554259763846836,0.3536422069696847,0.1742212212821492,0.1679068850528295,0.1718699955152303,0.1682610422061934,0.1652798238050863,0.1614041250286497,0.178335274086038,0.1627335767111688,0.1607132410863592,0.1599897209092091,0.154502226777101,0.1567132112929741,0.1779126439638609,0.163082859079374,0.1709118333842703,0.1645840241003391,0.1569526968568553,0.1599307446730691,0.1978886931361607,0.2197128458358435,0.2439857568200949,0.1961335373232771,0.1872650544179812,0.1949609045604248,0.1981823104877023,0.2074802597718665,0.2266695852804829,0.1907107067777111,0.1814996800630695,0.1888635683482,0.1887429943476704,0.2456101993973298,0.2243741464414483,0.1886968923141481,0.1877880645663552,0.193267639520613,0.293976915260135,0.295107393879821,0.2651707164097168,0.2962844016824988,0.2955592399074973,0.2935685180680636,0.2850162063085477,0.2906102111427273,0.2927767492902227,0.3053232515037933,0.4000489918089123,0.5999212746926972,0.4283336804548199,0.353419106952817,0.3856642425523375,0.2959524761080701,0.2890898475178964,0.4058227362722206,0.1918308634616181,0.1931651634367241,0.1852322109276833,0.1845156032188306,0.1912972421280905,0.1896084495966441,0.1786173589257131,0.1834692142204268,0.1719786248522083,0.2081427814585907,0.2136825792364973,0.2249943743620051,0.1956038626515734,0.2005256409597891,0.2040929882632838,0.189685038597986,0.1844817824578832,0.1953253777732762,0.2806872290697271,0.2258007046254704,0.2203453037770586,0.2283745295790424,0.2232916515002898,0.2231883230938471,0.22922653223101,0.2373438110305095,0.2080155841139799,0.4032169044446938,0.3559666546041669,0.2220951428663191,0.223044563245871,0.2164765177482657,0.2235133176886528,0.2162902608785089,0.2325451620338725,0.2403952551312542,0.2169938640346558,0.2218623326323978,0.2211874067635086,0.2645968789529931,0.2534248187930394,0.2334669036733814,0.2168891671154043,0.2323143906417648,0.205692709101612,0.2402608689953602,0.2225016967068533,0.2145832512345933,0.217170040949405,0.210263622900829,0.2083362994618873,0.2665539117588693,0.244351422051757,0.2294308508712674,0.1703269589080029,0.1980998571241201,0.1752780266554339,0.1721857280992189,0.2310321967092754,0.1706267865354576,0.1735270046728843,0.2060189532610294,0.2016478671530208,0.1746568644869413,0.2188776558730403,0.1624920587919049,0.1745469937584722,0.2022035878133259,0.1694488081855532,0.1741178699437853,0.1943050651722444,0.168071823105091
326650_4_consensus.txt,0.3641214235067167,0.3836598585655295,0.3841520085909984,0.3599346864320836,0.3845821549074841,0.4076248985143138,0.3574555372730472,0.4044372231766502,0.3822014410961216,0.3870483812960792,0.3721221565195556,0.4172153909261524,0.3612117736639249,0.3750868137785446,0.3667305173949025,0.3592786146746682,0.3773678806661955,0.3954683869587541,0.0361675952974138,0.0305822392845556,0.03828361835739,0.0347797393929383,0.0324915532044371,0.0367598485919984,0.0355447724937363,0.0305778154175868,0.0403840976471272,0.041576666480676,0.030241869165863,0.0316691115081937,0.0,0.0294077286169205,0.0297806575837284,0.0355244331578354,0.0331986197962059,0.035010041459067,0.3219456228452486,0.3306603764815783,0.3453543535753915,0.3826515803559331,0.3480229356515636,0.3629491105381568,0.3155511181344543,0.3179110440680759,0.3359951825712031,0.3813548508620954,0.3634713116066947,0.3570253461778776,0.3422108092599885,0.351760607737166,0.3544039016402394,0.3834761819450811,0.3560580788252849,0.3543934684296204,0.1725238388271499,0.1674963140552421,0.1724593624901267,0.1700298428169055,0.1671542151848264,0.1623654317109135,0.1765934240807141,0.1626131198542388,0.1604365983278484,0.1608064863637039,0.156501727683235,0.1571203446417506,0.1761153238480801,0.1629893008314162,0.1713259305931593,0.1656331891238842,0.1588352718831913,0.1610539789782628,0.1909742191127996,0.2117138032657202,0.2349280311820401,0.1912032007772488,0.1813062161301459,0.1873228628479104,0.1902195768414074,0.2006919840554495,0.2210952486269271,0.1858727074013053,0.1773317279704329,0.1839334902847724,0.1803392336864355,0.2387605269228281,0.2170216690177397,0.1843285025108016,0.1839077863518703,0.1858785965193448,0.2919723896914625,0.2956156882441831,0.2646775916181312,0.2973726916258741,0.2967857652215571,0.2935805522541663,0.2844338965051918,0.2913749452358836,0.2934488813139317,0.3036405359409393,0.3978182600231008,0.5984766188969601,0.4233206707067936,0.3514740636639111,0.3832122534479119,0.297058384791832,0.2901045684735379,0.4031091245398741,0.1946627506913429,0.1964317289139074,0.1876371140484103,0.1874664566330501,0.1959820483204097,0.1946009822131635,0.1818416975401717,0.1880915832411958,0.1756105195708492,0.2102065825484587,0.2184399494720459,0.2304815897959216,0.199488943979059,0.2049457686549161,0.2085466669598403,0.1915482782412034,0.1893920848349211,0.1999823800647497,0.2836847458131544,0.2220858264373149,0.2183130461598139,0.2271957534612951,0.2228726915295595,0.2224325248458463,0.2312151820720416,0.2384857889322056,0.2064826388731901,0.4063377360368996,0.3554488794858947,0.2200542215220231,0.2220514737973964,0.2132185491321436,0.2198054622311183,0.2134722922418959,0.2301266766449607,0.2397718605127359,0.2163743079128721,0.2232389439213271,0.2223597669632475,0.2672770876393961,0.2555317513320574,0.2349046509836085,0.2159627014849263,0.2336797757127122,0.2059473507351477,0.2435980708239036,0.225082150962308,0.2155400348120899,0.2167543999359473,0.210106485930936,0.2083020508786504,0.2705343889239771,0.2467466940985048,0.2312612203390998,0.1726863990845579,0.2008392857832319,0.1785747546168785,0.17883371212843,0.2320690160020717,0.1757236440030318,0.1739839746343747,0.2062906821219066,0.2020578518010509,0.1820075979221194,0.2197600596421196,0.1670979589634882,0.1760573409812273,0.2014461156578093,0.170709068310888,0.1828915515533324,0.1954387655143783,0.1743933790466982
326650_5_consensus.txt,0.3497713364750439,0.3685223787333598,0.3717298223397307,0.3455653259993987,0.3713493057789918,0.394581938660469,0.3429770291922089,0.3897566513270973,0.3690097522094326,0.3718086915554899,0.3595217511109894,0.4027026527866724,0.3487968448277243,0.3640641249036846,0.3567995388134299,0.3457408903116779,0.365413931755171,0.3823486041703283,0.0378767755838644,0.0281728326614967,0.0403388467214824,0.0283831771940299,0.0306197794279157,0.0361282466529822,0.0373123580837315,0.0266032530618858,0.0405950011761149,0.0329697353769802,0.0277746141330439,0.0297747093712068,0.0294077286169205,0.0,0.0277689695508058,0.0286624045373002,0.0312928694117466,0.0348705880175259,0.3094011816306832,0.3174558463379071,0.3322857587137307,0.3682142374902746,0.3346995776593893,0.3487881640420411,0.3030826268691342,0.3054207146532448,0.322961122203111,0.3670803643745053,0.3490375522849334,0.3432045959327894,0.3293404809222053,0.3383561508396298,0.3409200342443022,0.368766915938572,0.3427110359943377,0.3402786470482226,0.158996891092702,0.1535253530495417,0.1578081097347663,0.1535887570917182,0.1511034984854937,0.1472815277760659,0.1633539538454123,0.1488874207176991,0.1473273776646451,0.145362263862669,0.140841750123787,0.1428896402089243,0.1628607775283406,0.1491064256159902,0.156955366607697,0.1499510878777457,0.1433661825568322,0.1463738905925957,0.1856344087593129,0.2085484007656148,0.2309996883326235,0.1849295849411056,0.1750299190870343,0.18219741670665,0.1852095680709453,0.1949250500561099,0.2150740016360899,0.1787534317258092,0.1695206603265298,0.1764581807319984,0.1773848821440893,0.2333803653281947,0.2122318867043517,0.1763370215352893,0.1756548829058424,0.180603711847219,0.2783468240050908,0.2775432359984897,0.2488339919082491,0.2776098008570038,0.2771980254831589,0.2752067407029948,0.2679300879953672,0.272911109200983,0.2743061042010808,0.2868624062119806,0.3796123653056611,0.5784699830432487,0.4074733889339867,0.3342263768308271,0.3662190253872914,0.2772517640192653,0.2716580924185408,0.3879996592617729,0.1804525324770161,0.1821763130543914,0.1744986867705797,0.1740882218107344,0.1810427587167993,0.1789710204930585,0.1679718624697095,0.1727881452066384,0.1607910534579417,0.1963900881004363,0.2026581926568162,0.2139910767816459,0.1848436246412319,0.1893359010246627,0.1928456174022557,0.1781300671142816,0.174045354800608,0.1844560290596497,0.2655277671894893,0.2132124829271475,0.2075125054917137,0.2136161561691167,0.209838606091651,0.2101946880308247,0.2159586590769961,0.2230249576985983,0.195161654392642,0.3862581940430694,0.3424070651459203,0.2096174086601543,0.2097496688965066,0.204834748977408,0.2105877396602196,0.2031867868956922,0.2195437113720366,0.2278352542815653,0.205060665623769,0.2099580705440402,0.2098792507880382,0.255234298018312,0.2428876820424577,0.2229009198746716,0.2062299066497317,0.2223757824964423,0.1950540603281929,0.23021486099206,0.2116307531460322,0.2034638091037699,0.2052323167202914,0.1991921681836927,0.1973319967413829,0.257396938206238,0.2341102951243243,0.2180968852475793,0.1590336424693603,0.1883596309736681,0.1658112404072582,0.1629528601530054,0.2183193451759066,0.1611335823928783,0.1621515724449409,0.1950355193658488,0.1910036053826935,0.1661011305788164,0.2062986181102708,0.1538924144250302,0.1633274894687311,0.189987744112571,0.1579983508939229,0.1653379368370302,0.1839228606826282,0.1594307832121551
326650_6_consensus.txt,0.3444319125452537,0.3607201007778968,0.3617850189769385,0.339780063605744,0.3623056688512882,0.3853724386035324,0.3378346502365303,0.3825510592109467,0.3596670681691236,0.3654676552467322,0.3516292819321798,0.3948370315089562,0.3445626624566955,0.3573323817919096,0.3472921227530641,0.3385365704060312,0.3555514365055998,0.3735912075141314,0.0353971913593262,0.0294187214530374,0.0354205729850889,0.035488603857452,0.0316776709393025,0.0358916302480878,0.0348140933054885,0.0285517894952747,0.0370606638853772,0.0424785624185695,0.0300829455050504,0.031196442128742,0.0297806575837284,0.0277689695508058,0.0,0.0358683059183029,0.0316501020972808,0.034301497132116,0.3142223878915473,0.3225177623309037,0.3387233061814463,0.3783159343805664,0.3418457819800693,0.3568299016585143,0.307744205503468,0.3105676151394547,0.3285274405686067,0.3776652429650013,0.357297445547232,0.3515396494052112,0.3357189253508004,0.3450674396460123,0.3489092079561402,0.3786501072086636,0.3502338299125966,0.3479819747420478,0.1583551179467903,0.1549013862030435,0.1580860399854415,0.1590882154378157,0.1556452197188065,0.1506811980005444,0.1629884679468602,0.1515031080096349,0.1478657610579645,0.150574935131118,0.1466819939235009,0.1464549265910442,0.1617243549946536,0.1508806957913613,0.1573522874933566,0.1551967147824342,0.148461878683733,0.1497003094422346,0.177591036625099,0.2003701852456103,0.2181353990977115,0.1812763303437634,0.170327677287478,0.17419141465421,0.177171226562006,0.1871947705297145,0.2062120430412726,0.1743988993263485,0.1666004409898391,0.1719727907145873,0.1703505695501022,0.2245505137463119,0.2038453323683953,0.1728984609121333,0.17214811632617,0.1740395274071993,0.2695340830130099,0.2715960046802763,0.2432262909345581,0.2737596285190591,0.2730841001583819,0.2700983934362426,0.2611593464911586,0.2681344217570576,0.2693070225108478,0.279004859867765,0.3669815556348368,0.5635035318449013,0.3907975313662106,0.3239915900637662,0.3537968107355809,0.2725634856471046,0.2659895291882286,0.3740646783737062,0.1827225642325061,0.1846978466951832,0.1758841662808379,0.1740172827011044,0.1835628842026118,0.1831418860237335,0.1693200190735915,0.1771565843811942,0.1635447290301392,0.1967503367860708,0.2063980683797694,0.2180163280359615,0.1876647446970736,0.1933563159708384,0.1949662846271138,0.1788158018004608,0.177884272962455,0.1887116926762218,0.2666145612278647,0.2126615602918278,0.2073791203366681,0.2121419476002408,0.2111698517270035,0.2103035334678402,0.2164726680032274,0.222303938657717,0.1947335293844858,0.3893606853916331,0.3436914956206038,0.2086201206612514,0.2104294366642527,0.2040131009463053,0.2100363435160552,0.2029020647366231,0.2180439762322947,0.2275078652718392,0.2077746625065621,0.2158352744438652,0.2156936129501794,0.2675805483855029,0.2525447402302703,0.2297756475459493,0.2085495173950455,0.2288621242666124,0.2015594989903242,0.2421198932650519,0.2207056747122813,0.2091171722716289,0.2052323540498442,0.2036011488674312,0.200672832171449,0.2707330651984136,0.243919209835159,0.2250947145044506,0.1704419935724459,0.1981802631602605,0.1785880267166533,0.1829115168530393,0.2234894497009385,0.1751804898699624,0.1704966306128206,0.2025431872378646,0.1954470430089401,0.1866794928222788,0.211512459619378,0.1670540755199461,0.1721527234318287,0.1954557095977023,0.1675534774532217,0.1859250297536618,0.1907789589508937,0.1754461429123708
326650_7_consensus.txt,0.3748993535308749,0.3973899747926879,0.4043221751498009,0.3727705297003219,0.4022147466899994,0.4245301981698475,0.3668968715029308,0.4179050959313493,0.3986170468046808,0.3976346793328211,0.3872891377654035,0.4323286492964833,0.3694031550164673,0.390549782059967,0.388265030150194,0.3737251502586929,0.3953722843622849,0.4116153138971832,0.0462215560174072,0.0333124427707538,0.0494796531071521,0.0230631233761613,0.0350806954883893,0.0418954967223221,0.0467367002699461,0.031874279629168,0.0501427865007855,0.0257592633756615,0.0278009344244267,0.0322762235143514,0.0355244331578354,0.0286624045373002,0.0358683059183029,0.0,0.0357039030273433,0.0408199565747722,0.3248414258498826,0.3329384971532327,0.3456645144023653,0.3750936756022369,0.345815837332232,0.3602372221933834,0.3192510360431413,0.3213493959649618,0.336765094805699,0.3738277663261797,0.3597904522647042,0.3533231957051086,0.3428126664377018,0.3518486481111864,0.3519701932670074,0.3767623137535807,0.353337629401711,0.3528811922702672,0.1809380220683323,0.1719287173592789,0.175142519787478,0.1658656678005563,0.1628911735386253,0.1621177532492126,0.1858232668067891,0.1659297879703416,0.1652129162505176,0.1577704325523328,0.1519335801649823,0.1578923877880811,0.1859761601374252,0.1662360818728778,0.1756720557118178,0.1613090979147813,0.1552858463869419,0.1609016062422448,0.2188171553966853,0.2411805601604371,0.2695214939483179,0.2106788193845687,0.2014809278358349,0.2140161694170004,0.2183305670065536,0.22756217842457,0.2453996182584532,0.2052443027554389,0.1924821307878126,0.2036923301614024,0.2096270887496381,0.2670372987490275,0.2445075756215828,0.2023646531155734,0.2009464359010095,0.2122361319230776,0.3093493393355615,0.3048208741200966,0.2741492336593012,0.301340341046032,0.3014764732679076,0.3013442922743401,0.2967925005471201,0.2971147336644826,0.3007232232834056,0.3186920856608815,0.4195342779783289,0.6223792468875793,0.4533241927183375,0.3699269032228791,0.4057705411634131,0.3013515130521966,0.2981421943961138,0.4285961928108541,0.1901270019097225,0.1906251423041887,0.1855094575605207,0.1857996720864392,0.1882715238348069,0.1846035270762556,0.1777870217857184,0.1791847818871765,0.170502155402346,0.2103208041577637,0.2088483878145979,0.2194105500622285,0.1930133728724214,0.1943964197852068,0.2033912661271983,0.1914105756848627,0.1805251892570787,0.189510466343826,0.2803584602432245,0.2309063928334929,0.222595585753325,0.2329622036860144,0.2229512422711579,0.2254891136740937,0.2306614538628117,0.2406957115357357,0.211458241422406,0.4022846883252065,0.3603531253764558,0.227404806678475,0.2263070755044829,0.2217225669122626,0.2273946818882279,0.2195186756826856,0.2379242098040066,0.2449741259150002,0.215486168207164,0.2159797137457673,0.217019512017444,0.2476549032701278,0.2408497982837758,0.2254323957329091,0.2153010459443152,0.2249359710451521,0.1997945736388331,0.224790151845152,0.2121238252043902,0.2097822136618319,0.2202096850126409,0.2077520146110103,0.207675537400565,0.2492548078661904,0.2308909923950857,0.2219299786097899,0.1607123671310937,0.1921251707264559,0.1632343258983226,0.1490156762042005,0.2311954895465433,0.1556022268937908,0.1686557507338477,0.202539179995,0.2008017054545732,0.1488924255691266,0.2197324505932449,0.1480312259997269,0.1724116979726027,0.2013883524446775,0.1620813921422019,0.1483771046565394,0.191372908050166,0.1514105131124949
326650_8_consensus.txt,0.3538741580976321,0.3732612317307442,0.3731723727851239,0.3503089643630837,0.3736168687002426,0.3979641258959994,0.3478672178532243,0.394619081355021,0.3722109842232655,0.3769870543264559,0.3626023724090395,0.4066917818646907,0.3547212680231659,0.3689331294953817,0.3597893875731976,0.350127174720992,0.3674788913836835,0.3856054002983136,0.0383201496711684,0.0317700797028877,0.0406256028568314,0.0356483225592754,0.0320601630344938,0.0373832129630749,0.0379989525440684,0.0313181559646871,0.0417466212563972,0.0427944651635954,0.0315110516845358,0.0327727538871229,0.0331986197962059,0.0312928694117466,0.0316501020972808,0.0357039030273433,0.0,0.0362930614704879,0.3232699358204911,0.3312705553971398,0.3464936039123394,0.3843327014164366,0.3493129949995328,0.3643616386664767,0.3171073989461703,0.3194653461187755,0.3377543904801641,0.3842990645892428,0.3656892099420261,0.359383014099059,0.3442534994300033,0.3537460955662439,0.3572717236123814,0.385283741216341,0.3577272727096847,0.3560921806746968,0.1698054462538891,0.1638257965268579,0.1656263876668298,0.1659872076748598,0.1616889998883728,0.1577706064758253,0.1739098972227708,0.159710788939158,0.1560064592501859,0.15776867743444,0.1521825499777875,0.1535997624399883,0.1733639704431411,0.1591676052944635,0.1649402725687352,0.1618512479695297,0.1540483060895745,0.1562621268945641,0.1920064721338725,0.2148755991951887,0.2367446611650514,0.1937697682764572,0.1835603639798719,0.1895593228352119,0.1931956053361361,0.2020129219097697,0.2222585695563879,0.1864977588088976,0.1781522174383205,0.1839518707961005,0.1849337262750054,0.2389097355210196,0.2193164577600512,0.1845848891564045,0.1845629878219057,0.1884084584881158,0.2803242786339019,0.2808062775036255,0.2529020904143912,0.2839341501152042,0.2829865845523152,0.2806959309422119,0.2707986989006912,0.2773715717921519,0.2792604946424362,0.2928114346056105,0.3828658820929114,0.5804149568742822,0.4093396042915636,0.3378152725639936,0.369410122859314,0.2826646776168893,0.2755075444025685,0.3883758646282231,0.1866466657022449,0.1880323702371029,0.1798043419861947,0.1788941401617627,0.1863319698342884,0.1862365079679087,0.1728015249154602,0.1796941494261155,0.1679237396180894,0.2031070568164636,0.2095230869431716,0.2220288874260561,0.1909009132355805,0.1967143015841372,0.1980196720752935,0.1839274801556598,0.1805343003956778,0.1918313387921024,0.2752094361596988,0.2248574517605774,0.2202571038301748,0.2262076891870705,0.2230738305384818,0.2234062053734398,0.2275023630177202,0.234577391846777,0.2084969172920807,0.3966862190151516,0.3496440682501429,0.2207745850296554,0.2204645325593475,0.2156462885346783,0.2225902689609462,0.2162541387829932,0.2313106430278111,0.2387524391492732,0.2113545197994071,0.2168966798984257,0.2173946234212032,0.2666643564477979,0.2525367202431567,0.2304017434163476,0.2118226912925997,0.2303081153672508,0.2022051199428176,0.2406432751527027,0.2190287138858018,0.2097142037131618,0.2096033674233162,0.2062947915655542,0.2033058202540054,0.2684932762344978,0.2435715672231388,0.2256701818534168,0.1709400848890112,0.1989076284734388,0.1769647734413872,0.1767877835127933,0.2275055780400237,0.1734001047515221,0.1734476389571426,0.2049486555731263,0.199206497370227,0.1811886758485243,0.2169626803979625,0.1660734338045486,0.1751466601996938,0.2001746421599044,0.1700527227699311,0.1802167227401092,0.1944810757029706,0.1716398031550845
326650_9_consensus.txt,0.360479281467299,0.3804137036429935,0.3811577147474132,0.3578266204601767,0.3816514610257755,0.4042470048352413,0.3551415029167017,0.4011732074102276,0.380017527949807,0.3837379016486828,0.3702000970696488,0.4128335598097052,0.3596474977379138,0.3736331854325172,0.3660473197618969,0.3561806995667709,0.3739474147348041,0.3922860403234516,0.0397933746846419,0.0345936976265868,0.0423922228948647,0.0393787229149786,0.0358632081650682,0.0409109030785366,0.0411082888807605,0.0356487760314294,0.0457234744761478,0.0472599374278956,0.0351902196686175,0.0364236308983763,0.035010041459067,0.0348705880175259,0.034301497132116,0.0408199565747722,0.0362930614704879,0.0,0.3297081131220771,0.3382438089428348,0.3532091783113635,0.38967852320933,0.3558276777731564,0.3705222469614142,0.3228272346841834,0.3250783159967696,0.3441600112705245,0.3889602651095103,0.3710982706337802,0.3647780679849859,0.3497354208659686,0.3595200516597145,0.3623364184534416,0.3907940247965271,0.3640359395524974,0.3619677277948945,0.1764640046848811,0.1710499523136235,0.1745611719869764,0.172831615330864,0.1700646017141593,0.1654102545945193,0.1811594289624025,0.1670721454435053,0.1637662317341508,0.1646945593304778,0.159794584564139,0.1610058333694581,0.1800308113151238,0.1665286725563568,0.1736785944166747,0.1690036866841282,0.1618834318401774,0.1641861331208716,0.1968558511659566,0.2185421815834161,0.2423336436858676,0.1967819782138029,0.1878592961720571,0.1943494995707659,0.1969001472591216,0.206662462586312,0.2279243629902048,0.1893501117518106,0.1833320763404771,0.1877551634946286,0.1874494588954718,0.2455343609427771,0.2234296539315963,0.1893205572156233,0.1882564484705859,0.191880901887675,0.2883206364249595,0.2898600735613605,0.2608152904012542,0.292752392913723,0.2919999965736366,0.2890564755943856,0.2795114237905522,0.2865631652978706,0.289008822337685,0.3005298576518882,0.3928282851710243,0.5913159049506191,0.4187181874879009,0.3478692032883224,0.379276051354541,0.291629630534036,0.2855740664960819,0.3988061368663409,0.1921455668838305,0.1932144624782239,0.1849653450958186,0.1846394136360274,0.1923744970642609,0.1920877321085754,0.178442298254744,0.1856201601468114,0.1739004514096436,0.2086831802269664,0.2150851789923002,0.2280874988095966,0.1960578407543778,0.2027528261905011,0.2039843464266653,0.1891128083022728,0.1867235171841379,0.1968350314712346,0.2805946022070493,0.2232201758288781,0.2220640046675903,0.2284410328787238,0.2256142781254055,0.2248522129202932,0.2316215961630412,0.2391384732526233,0.2097062135408869,0.4063667229635292,0.35574578933252,0.2214290610286866,0.2214531312312146,0.2154364767325738,0.2234412558990186,0.2163624350415176,0.232214075525988,0.2398996202508705,0.2175428148779801,0.222653943867396,0.2232828886709619,0.2697833437837218,0.2566844107336727,0.2358137738117136,0.2177010434026733,0.2355222809011721,0.2077262480428778,0.2442485758783519,0.225621618404606,0.2150965478931894,0.2158148089550131,0.2108196227814787,0.208247416238283,0.2726196551973707,0.2478844893708824,0.2319050323560745,0.1720059879545949,0.201616733858863,0.1786542620153284,0.1778300276513604,0.2318571806822156,0.1754442525375452,0.1736298837736143,0.2074349148782914,0.2028129939611886,0.1829108168242683,0.2194184716799299,0.1665167959684339,0.1761419333423219,0.2011805285059225,0.1721071551534159,0.1822009651017957,0.1947692680365236,0.1733124601167546
326651_10_consensus.txt,0.3577787918029038,0.3792752166923669,0.3922080333476572,0.3538272993191285,0.38528957592262,0.4073698778800398,0.3498415916767534,0.3984972300003342,0.3892766768650588,0.3726797432896731,0.3714600509904677,0.4133854686167169,0.3602212656954577,0.3833659704724468,0.3843164549100599,0.3588259922841743,0.3827779688986616,0.393750439336852,0.3276573145730559,0.3176775138600582,0.329140481692697,0.3221939569970082,0.3225154081263639,0.3306849170651738,0.3229226814695707,0.3123417010654847,0.3122478007428242,0.3282465801541292,0.323046627257149,0.3227463468856655,0.3219456228452486,0.3094011816306832,0.3142223878915473,0.3248414258498826,0.3232699358204911,0.3297081131220771,0.0,0.0214322894670573,0.0231731674611772,0.0383672839176725,0.0249461326093509,0.0260257281760374,0.0203960559277724,0.0231516332381076,0.0237578366351662,0.0422709453901362,0.0298064748134549,0.0295719157704894,0.0228549846075978,0.0249898513240438,0.0290298242228281,0.0350265651279428,0.0268485384639767,0.0249697106065447,0.2683994419487732,0.2581707939972659,0.2598714598466927,0.2512245512163673,0.249060991377604,0.2512158728444085,0.2672837655754883,0.2543739914018275,0.253621646819159,0.2458351895794415,0.2455752539380462,0.2498115169582213,0.2709035609577199,0.2583613403388867,0.2630668826247202,0.2471713206999162,0.2482123877770838,0.2523900357781592,0.258180616177718,0.287422692729411,0.3136852907795244,0.2440941488793768,0.2348196757851113,0.2529414642088348,0.2624238451061735,0.2601525386535144,0.2828732010536505,0.2356339620873129,0.2240571547737921,0.2347890193510124,0.261670841074384,0.2983329077323304,0.2842669998016021,0.2284366933096677,0.2301354391338534,0.253186479439659,0.41788363214091,0.4178703008382882,0.3957201657043256,0.4151804908374927,0.4160591433584955,0.4138251658272054,0.405857102937567,0.4131970619212097,0.4125507018071985,0.4154469898211026,0.4872803840907558,0.6641828913805305,0.5100806021552273,0.4535360759768068,0.4791060059549537,0.4158228196619546,0.413046814845039,0.5043968607318376,0.389442689885108,0.3979472421235144,0.3896011492406259,0.3826744801276618,0.3934590001241709,0.3973418645907145,0.3803207214780997,0.3856036186113698,0.3690225419210939,0.40423458010223,0.4158814551710037,0.4273630599771998,0.4018008300659055,0.405689995352489,0.4018016440260297,0.3855133863220494,0.3915491667699271,0.4048300178438921,0.3689547052051445,0.3358485468261669,0.320745037985116,0.3225246973322555,0.3198609451710013,0.3192819836137133,0.3228436597869155,0.330148115196927,0.3052672464572019,0.4713999953154975,0.4562358419883559,0.3221913973337678,0.3260956277221503,0.3280787952412929,0.3285399977592078,0.3201668209652624,0.3364672942423254,0.3461793205124372,0.3048120949169011,0.3075769870519558,0.3129043738104471,0.3642366405617849,0.3460184883352468,0.3269887140959255,0.3104400439114663,0.3290161105554468,0.3108035009921259,0.3331986122308166,0.3138795206604534,0.306589551389159,0.3056553806527233,0.3036531314812052,0.3047970422339574,0.3665811726564634,0.3408644480688068,0.3187810333856191,0.3774490623328255,0.3983640679540876,0.3962130487453237,0.4088570304662333,0.4098692810976558,0.3927465344649263,0.3742572141268994,0.4024046327509616,0.3869025781648361,0.410337288084829,0.398658437101151,0.3864173046153141,0.3691191096156778,0.3886207094603549,0.3725343003974117,0.4102347584690733,0.3878761856024297,0.3968637543923172
326651_11_consensus.txt,0.3632994008972865,0.3847482442554408,0.3975801254459696,0.3594829072458019,0.3908039390583653,0.4123628649123638,0.3555945708089894,0.4041195049955277,0.3952113716535415,0.3776047383803238,0.3776027317106987,0.4185388417526887,0.3654893105056622,0.3883264230006489,0.3895610982139317,0.3635014645637895,0.388490469285518,0.3994326393013416,0.3362606434726736,0.3263557618297348,0.3374511764891608,0.3310822185876496,0.3307103135128315,0.3385672541845537,0.3305225051679095,0.3206957318178567,0.3209067623118891,0.3365318717971028,0.3318886691799996,0.3309598167550227,0.3306603764815783,0.3174558463379071,0.3225177623309037,0.3329384971532327,0.3312705553971398,0.3382438089428348,0.0214322894670573,0.0,0.022003548075812,0.0377996121469053,0.0246140510062566,0.0247162641432261,0.0221751912208389,0.0216102916226361,0.0229388813310293,0.0420393143705908,0.02869795986064,0.0285645078854948,0.0231885651498835,0.0229974024826269,0.028041903926983,0.034325338571115,0.0258100147624986,0.0237832766440675,0.2737749678193246,0.263685646141333,0.2653796203231131,0.2569911923504833,0.2544489751201055,0.2572487553900089,0.2725700279729466,0.259907075500891,0.2589510048977068,0.2519891301221335,0.2513516093683634,0.2551758534496109,0.2758715838081969,0.2636268699118673,0.2683936693830482,0.2525622860431831,0.2535726812671974,0.2579783673415932,0.2646194893647262,0.2947814294329696,0.3199816026995457,0.2518576548041089,0.2408155418800284,0.2599017549691034,0.2694166833327536,0.2682172188682443,0.2901671949869566,0.2420792726981204,0.2305857688354891,0.2417393143789219,0.2688421264950804,0.3058302581858179,0.2914285729583596,0.2352996770249227,0.2366340373109317,0.2598414120239631,0.423501779884436,0.4223228609176779,0.4016347171354795,0.4193483608313961,0.4202137182877656,0.4185107264571996,0.4106278401855654,0.4178199573627807,0.416551943523757,0.4195497142318203,0.4913834293062074,0.6678292461257804,0.5140620632927195,0.4576619263720118,0.4835976408364075,0.4199824087101547,0.4178831372137246,0.5099296340563626,0.3950345474031707,0.4037653726379062,0.3954409494391733,0.3886226549277189,0.3987998972355342,0.4021688053319288,0.3860291115171144,0.3916822258655301,0.3737475679126518,0.4086461652118203,0.4205763673304332,0.4320956257948403,0.4068668948892409,0.4108776420549205,0.406670919825185,0.3911237797721583,0.3965567168256214,0.4097491467482363,0.3741080254767901,0.3423706380400659,0.3278920180297433,0.3293245343077622,0.3269026309375107,0.3268682526417592,0.3300487073178964,0.3368001460247889,0.3121955244370369,0.4777988306720075,0.4625458916872453,0.3285881846312826,0.3320887052533479,0.3349478882958863,0.336456180703216,0.3266331546767205,0.3427882880040158,0.351875334972334,0.3118644205291261,0.314218281650934,0.3197298777186219,0.3709025542011126,0.3521669677572348,0.3339764052571858,0.3172848899996268,0.3359394821824004,0.3176763686510284,0.3400807404818273,0.3204752156966535,0.3137667159458672,0.313197158824682,0.3101947168640784,0.3117488700234574,0.3731476331958667,0.3471995190885621,0.325683885261899,0.3840876474282524,0.4044678967861657,0.4024594169063178,0.4152304935137785,0.4165063719096515,0.3986018125280743,0.38075663597062,0.4090458245456609,0.3932434799311366,0.4171434141317114,0.4045460321132381,0.3922365226235769,0.3747119455050018,0.3950890720004771,0.3784572267549073,0.4165364579321426,0.3928398627072873,0.4028212821441457
326651_12_consensus.txt,0.3782342341189526,0.4012842667603067,0.4148170644848399,0.3744810070622719,0.4075668361279838,0.4295440849693648,0.3699528237700171,0.4201851696231848,0.4121387509677596,0.3928435372358549,0.3926919073034085,0.4353572507669625,0.3780853109756812,0.4017760725317778,0.4064454193214963,0.3797565190767038,0.404835725570738,0.4153394288706842,0.351716488097864,0.3413739471656214,0.3533797740441819,0.3435177366904938,0.3463725664669219,0.3535936449864323,0.3472317071492128,0.3362411573875548,0.3369498178995869,0.3485308198285395,0.3455438691746266,0.3454607392726814,0.3453543535753915,0.3322857587137307,0.3387233061814463,0.3456645144023653,0.3464936039123394,0.3532091783113635,0.0231731674611772,0.022003548075812,0.0,0.0318726448801953,0.0226028396809141,0.0219289189518541,0.023580611663668,0.0235270173335706,0.0215883728705748,0.0353484404477839,0.0253044423982125,0.0257102686145778,0.0221334057070876,0.0225312916178559,0.0232368687281265,0.0291313560918737,0.0230516307833887,0.0219725208060985,0.2915855191938341,0.2800102574469356,0.2828449167373179,0.2713209055607422,0.2693425490760681,0.2723160050980908,0.2904412482497243,0.2752623691807372,0.2754937159072028,0.2664459978221174,0.2656125947230876,0.2705651366472246,0.2941654836969043,0.2800816860884865,0.2864875570427045,0.2668612559220733,0.2681735449153066,0.2729805518887715,0.2802909383984158,0.3094858221155192,0.3382964653026121,0.264041691179905,0.2548277137574075,0.274856190427819,0.2855193760398578,0.2838368309178349,0.3050295362086146,0.2553988663322144,0.2431072426558955,0.2550119893050322,0.2840013843557862,0.3228005196198644,0.3080194722058706,0.2489621796732102,0.2501255632163897,0.2750701195856173,0.4473274653443546,0.4458706250404525,0.423579151329136,0.4409464871764434,0.4419029916629071,0.4404730474478739,0.4337216754933664,0.4399343522963193,0.4391115223594219,0.443159230160532,0.5170163942123729,0.696919239201943,0.5420067074148172,0.4819040304153432,0.5093757885756247,0.4426109581954485,0.4406363947634766,0.5375839576140145,0.4133333139266639,0.4204637748805311,0.4132323063319099,0.4066488740186997,0.4157985407849693,0.4183789319413264,0.4041943333089861,0.4076359807636933,0.3912629077966301,0.4273841099231035,0.4375363683153814,0.448658481450316,0.4243841330984921,0.4276621196088399,0.4243141811510504,0.4088239593632643,0.4134874672236215,0.426004445622187,0.3890876684267539,0.356051896361663,0.3407860537553979,0.3441403527600108,0.3402688313239501,0.3403565380286117,0.3436536639853251,0.3519805246328538,0.325988769073863,0.4907195967350084,0.4769104482976622,0.3421426876191802,0.3458274459998236,0.3481494186915199,0.3490732632518565,0.3396590146430043,0.3564054345909291,0.3659885755448329,0.3257722137188281,0.3264954365105623,0.3326927945693541,0.3788389804292222,0.3622156983984901,0.3451125325729904,0.3315213579129334,0.3470893984811454,0.3288956527867448,0.3479671517993417,0.3309562822419174,0.326532860846811,0.3283125311251957,0.3238337433433074,0.325048041314826,0.3802703830840848,0.3574080052822062,0.337911944190413,0.395526959520275,0.4167354740156384,0.4130703675555125,0.4230241183400451,0.4314345233873276,0.4084412763289542,0.3936257971088572,0.4227034519190198,0.4068675525116774,0.4239594553640096,0.4199004303888785,0.4029108471139544,0.3883776742430598,0.4087634002995308,0.3910763682661553,0.4235651936546531,0.4064261981288126,0.4125673699475705
326651_13_consensus.txt,0.4215600057657624,0.4490171508713168,0.4685404601381258,0.4203379942347567,0.4592362883965855,0.4807846770413277,0.4131097645921784,0.467545262037401,0.4620304111213151,0.4370454416431997,0.4403858107054788,0.4855278610432201,0.4156663455104734,0.4464898656101077,0.4556446403345475,0.4250769971094854,0.4544714384759594,0.4648133276691482,0.3905043620322246,0.3779986135213349,0.3937246233107316,0.3729547736681162,0.383866836731709,0.3918231731573485,0.3872708295739784,0.374044568887431,0.3769872192296013,0.3742522748513401,0.3793751558332694,0.3815071708321014,0.3826515803559331,0.3682142374902746,0.3783159343805664,0.3750936756022369,0.3843327014164366,0.38967852320933,0.0383672839176725,0.0377996121469053,0.0318726448801953,0.0,0.0264571153712296,0.0275274293282592,0.040796777523326,0.0405947936527084,0.0344967132051685,0.0208406008432859,0.0230799243816655,0.0241996828566968,0.0299886759972665,0.0300862657866325,0.0245571415831875,0.0202792058424634,0.02603232060342,0.0276545930812588,0.3374760336381293,0.3224504596102235,0.3284201278572034,0.305909692268969,0.3060814736021982,0.3125863275493863,0.3361878691010851,0.3165508656320099,0.3198597155760225,0.2994972951212062,0.3009715184329948,0.3096244665597645,0.3421467226171515,0.3234239473321665,0.3321621438947133,0.2999418550507045,0.3045617914560381,0.3137775057771961,0.3237744070927384,0.3500332480614077,0.3909918959213918,0.2970773236027355,0.2880292018303549,0.3163402558325892,0.3273650720839001,0.3252037264147311,0.3491258229348482,0.2874629874810566,0.2734644972491011,0.2915940645940651,0.3237995345404698,0.3682389621646607,0.3519258438418156,0.2807970409814615,0.2816777520338647,0.3145797692248457,0.5157919013436789,0.5099652349892132,0.4854659044229379,0.5013461274358875,0.5027986520213794,0.5032785779341964,0.4986992866402993,0.5016766310452603,0.502671481742361,0.5085380559285504,0.5924351277391118,0.7770993690820802,0.6233034760074574,0.552808878495938,0.5842309897078799,0.5036183453125211,0.5049712765210828,0.6143990833381636,0.4598085284021884,0.4659248901327615,0.4589894652237802,0.455620754246933,0.4613764043421078,0.4623377960584385,0.4515105633267637,0.4523921986049934,0.4369841161398611,0.4761077665025084,0.4813565961891335,0.4918490261649282,0.470579235073167,0.4705190399668666,0.4724909997116562,0.4580412048527904,0.4587153351219655,0.4696179899217405,0.4347835046426169,0.3972657355363296,0.3825745788497983,0.3915954760557518,0.3835712812377778,0.3825521147032873,0.3904564533897634,0.4014185535785834,0.3690897334232623,0.5396521805874706,0.519325762717969,0.3865266202188948,0.3883717843416434,0.3903050117151387,0.3904499574966422,0.3803902409260473,0.4015055771978169,0.4098774414158477,0.3606099945570236,0.3565573279589458,0.3629001926801898,0.3916577278610837,0.3821309442151914,0.3711826804910707,0.3646560421841478,0.3726032775456502,0.357768117744996,0.363166405904348,0.3552794637233418,0.3566149365723383,0.3681588596736418,0.3564672427262181,0.3610851445920389,0.3918527651334109,0.3767699999478182,0.364560890226393,0.4288231868296819,0.4541807981083359,0.4439301150225923,0.4425415258633194,0.4770212760324988,0.4378489771255438,0.4316247154299688,0.4632042344510587,0.4498825749061055,0.443053533116565,0.4638234305838296,0.431160034650567,0.4287458317052461,0.4515743148672939,0.429138159272302,0.4426916941300973,0.4478755181651479,0.4392263786503321
326651_14_consensus.txt,0.3877828429479528,0.4126333864212022,0.4283935320360257,0.3855875429457498,0.419910450417909,0.4416490635047196,0.3789332518631596,0.4301312163637831,0.4228665115170358,0.4026015713494786,0.403275732399674,0.4468566543179761,0.384750303261427,0.4116948154703301,0.4173384438218086,0.3901264145934711,0.4175523548430853,0.4269509213239502,0.3549283516267287,0.3433651663269828,0.3564916206434709,0.3432343658493693,0.3484606806155668,0.3555359582698756,0.350405851748178,0.338827762820177,0.3397554016843749,0.3476642805247962,0.3467107567318983,0.3474033233236326,0.3480229356515636,0.3346995776593893,0.3418457819800693,0.345815837332232,0.3493129949995328,0.3558276777731564,0.0249461326093509,0.0246140510062566,0.0226028396809141,0.0264571153712296,0.0,0.0220231544794202,0.0252300593038228,0.026832664243507,0.0242205194237996,0.0298625451988527,0.0218392441973378,0.023623262332336,0.0222455333942939,0.0234703894839505,0.0243322518922717,0.0243080970746589,0.0199430602105401,0.0219363403505283,0.3005218951797346,0.2873588725543072,0.2911648254082131,0.2758828228762517,0.274236591511368,0.2788533743317742,0.2997083027997647,0.2823824216692578,0.283480654138561,0.2701727100430844,0.2698085684563587,0.2764116640770879,0.3040544926623312,0.2875808908929969,0.2946420168742207,0.2706581043819511,0.273273336453343,0.2797087470797734,0.2846317193750458,0.3125325834385464,0.3469491306242354,0.2658693680487971,0.2563490937883088,0.2798490924566792,0.2893208644693672,0.2877200936342987,0.3104154047823151,0.2561792295876124,0.2425385428341542,0.2575428589466497,0.2869581136647596,0.3263393304167508,0.3116538934424824,0.2493070011920721,0.2506412142364915,0.2791192245609224,0.4654862077802697,0.4635028088873447,0.4395407835247447,0.4585765145398817,0.4596793347857968,0.4584504417221637,0.4519180397571638,0.4571345414204657,0.4571710899819727,0.4627318369433872,0.5410610915051706,0.7226014066495203,0.5671691762381634,0.5041820107543487,0.5320645495893039,0.4596110959679045,0.4588311823916129,0.5586911907098937,0.4228675096229288,0.4306596572386993,0.4229575030744676,0.4165453398221181,0.4253881853497852,0.427615601136857,0.414265442056223,0.4173094443893319,0.4006570741240445,0.4387894245702348,0.4476888279410893,0.4586404319287531,0.4346498893572281,0.4372405020667287,0.4357157214840654,0.419717296563622,0.4229646876910387,0.4353768665690189,0.4037194379623301,0.3675283126974982,0.3525288601402678,0.3589397368187974,0.3530845526802899,0.3522275450680823,0.3586336106967742,0.3671742247344518,0.3385141781136909,0.5065954759102027,0.4878380443693828,0.3552157845833186,0.3596626892973305,0.3607531979863125,0.361455107682449,0.3515726924017883,0.3706696287002984,0.3801445796763865,0.3311388658927825,0.3308098779684272,0.3363470998301778,0.3762909272790224,0.3625394013878136,0.3478249424373452,0.3360912644793785,0.3492740052261425,0.3325598469097706,0.3471769034294141,0.3336176953641256,0.330597124178567,0.3358564586104648,0.3287348184238325,0.3315758755373501,0.3778921498600311,0.3575294043092327,0.3410734492581504,0.4025924578625108,0.4247828007642802,0.4194590788763861,0.4248147527830035,0.4427252682300917,0.4138663656343482,0.402389139028724,0.4323361528216658,0.4179074302340275,0.4255138398226883,0.4310309123295681,0.4079809003420607,0.3984175293611471,0.419062263519212,0.3994465410277392,0.4251147648751363,0.4164028300952722,0.4166358018527027
326651_15_consensus.txt,0.3969748548153475,0.4218901285162886,0.437544991389089,0.3940274328575377,0.4289789906847296,0.4505774909557161,0.3882248218369781,0.4397116211102343,0.4325540355837844,0.4120479898374718,0.4130296288355524,0.4567686003762929,0.3943917114884741,0.4212689931976427,0.4266795258204396,0.3993005156885871,0.4252700585931421,0.4359416040920294,0.3696212138021195,0.3580467721786569,0.3721936158370518,0.3579941294364097,0.3634638352338477,0.3715738389094802,0.3649938436375741,0.3536123484588742,0.3546080721056022,0.3616420184104498,0.3614250842300635,0.362261236234481,0.3629491105381568,0.3487881640420411,0.3568299016585143,0.3602372221933834,0.3643616386664767,0.3705222469614142,0.0260257281760374,0.0247162641432261,0.0219289189518541,0.0275274293282592,0.0220231544794202,0.0,0.0271972847014296,0.0274989051652632,0.0238291165270965,0.0309994645102023,0.0230258121481021,0.0220312999807248,0.0223493023563037,0.0223540189955784,0.0230051031961444,0.0254074086985376,0.0221738743575095,0.0203372637889671,0.3105540199917911,0.2976385856498211,0.3011804348625055,0.2867238898140414,0.284819536058901,0.2893545071979631,0.3089421115673652,0.2924349690868766,0.2935610636733479,0.2812656271904785,0.2809191170329157,0.2870036153396604,0.3139911076850303,0.2979984648882947,0.3050635816509697,0.2819119543963495,0.2839044832302875,0.2906583733821115,0.301552736397614,0.3294996811854034,0.3627396727505925,0.2830488431711266,0.2729418984914353,0.2955238516247043,0.3065939478558519,0.304564876460212,0.3269299870048314,0.2730635909833196,0.2596476183014218,0.2742006141159088,0.3045988573805012,0.3449336670065932,0.3296649493535568,0.2665378719448412,0.2681224032137095,0.2950033113600057,0.4754433467819794,0.4725433337283746,0.4492431547958126,0.465631088117675,0.4669662236775949,0.4661784019913781,0.46019348789169,0.4650853072360164,0.4646653345020937,0.4693550073362509,0.5461772917282346,0.7283938345743692,0.5734267152921362,0.5097089685739853,0.5388486478882228,0.4678734767626054,0.4665186496845699,0.5682800322610966,0.4338907378024359,0.4413695564758875,0.4339242178449289,0.4281913160599195,0.4363592634865654,0.4386797788412764,0.4256047001659873,0.4286565138580229,0.4119418756123281,0.4488303859705311,0.4571418216577996,0.4681143037620039,0.44527409144127,0.4476589467598835,0.4462901552712566,0.4313331907863649,0.4343223044485782,0.446201595737655,0.4056481769555589,0.3712134754666607,0.3552710137944714,0.3599897608183795,0.3550594180487003,0.35451192573192,0.3592437389271978,0.3684472906289642,0.3412471173517062,0.5101240349820308,0.4926373372574737,0.3578411451510419,0.3609982472548587,0.3635608777842591,0.3639442585251942,0.3539005463323406,0.3723985725078407,0.3817409901305382,0.3419929630359988,0.3410124958353506,0.3465763734890643,0.3862522818371765,0.3720396658983276,0.3575250639807805,0.3464733011384737,0.3587508527748611,0.3424000503602435,0.3571254987689691,0.3428801662575651,0.3404124548533609,0.3455909619507409,0.3388168425959996,0.3412992889657644,0.3878284462175223,0.3670370660018065,0.3503895639593892,0.4126120523179217,0.4355809432443678,0.4292367031254613,0.4353751421494962,0.4522192336227917,0.4241405718150375,0.4119273816952251,0.4419659983143944,0.4273678734629484,0.4364193623341172,0.4408653655397287,0.4185323177386131,0.4073664684101921,0.4293139267290229,0.4096862824859713,0.4355387798487342,0.4251880470421731,0.4270407827185352
326651_16_consensus.txt,0.3518089577849608,0.3726925523260966,0.3844117580606934,0.3481500037578051,0.3781828996963305,0.4008397272044988,0.3442643284520805,0.3921449894039241,0.3814291369066751,0.3659310005121448,0.3644470324578677,0.4059347461005274,0.3538846286221044,0.3762719263277319,0.3765765981452453,0.3521391902496162,0.3764574524658997,0.3869098862230515,0.3208673491830041,0.3111124977283701,0.3210539264960665,0.3166516794551306,0.3163274165864571,0.3229967417070369,0.3154467461643229,0.3058011681263899,0.30542270498389,0.3237860570651563,0.317525857665256,0.3160146891310731,0.3155511181344543,0.3030826268691342,0.307744205503468,0.3192510360431413,0.3171073989461703,0.3228272346841834,0.0203960559277724,0.0221751912208389,0.023580611663668,0.040796777523326,0.0252300593038228,0.0271972847014296,0.0,0.0226469948176912,0.0248980468809172,0.0447731523307126,0.0311664931625941,0.0313490955974202,0.0231501220255267,0.0262915546971882,0.0302694667012808,0.0376126225392567,0.0284103197203045,0.0262952008929246,0.2603027644750675,0.249800180933974,0.2521458908025025,0.2439747500078013,0.2417517738438128,0.2434502322859089,0.2588517041778679,0.2459374872271915,0.2448161205073091,0.2387766784645499,0.2377132634809982,0.2418796996329497,0.2620693407565184,0.2502942535674357,0.2551256797830525,0.2395204803871422,0.240662463841307,0.2444971304178302,0.2475744998837434,0.2763412416348103,0.3021905698019225,0.2361580792398463,0.2258950471474605,0.2431343388565388,0.2524323446948209,0.2515186852142506,0.2734979391769485,0.2264747420038091,0.2162699341622804,0.2261813906120657,0.2520451995914747,0.2881944559137714,0.2746831809816576,0.2197981798815789,0.2213965151452832,0.2440978512683251,0.4081891981702199,0.4085721652138652,0.3860193030905847,0.4069118082139304,0.4067160176687778,0.4049960564314858,0.3967324051722194,0.4043963691507137,0.4034901663460424,0.4064669221860839,0.4780687100432494,0.6541498047204541,0.5000851441949443,0.4444276518972145,0.4690959105011956,0.4072948732569301,0.4043952234317203,0.4942796403232492,0.3831471238290334,0.3919444145862485,0.383008508245787,0.3752657786944908,0.3867059186768955,0.3908554155625268,0.3737894867850002,0.3794814975457008,0.3623480476859022,0.3967845470747164,0.4099638999465185,0.4214027211820017,0.3949310150572493,0.3998757533582378,0.3952875973351162,0.3775940835081997,0.3852788685051642,0.3982018686132775,0.3664165035576303,0.3328806024681157,0.3180098388092638,0.3199738101288361,0.3178506733549824,0.3169852397508848,0.3216386296716713,0.3284155012464005,0.302857080335901,0.4680558705396507,0.4527559948418833,0.3193667276456082,0.3230980226359108,0.3252247747567054,0.3261990624919164,0.3172590862671853,0.3336781782768767,0.3445763870591598,0.2997649686184331,0.3031991644960712,0.3085938573088569,0.3617079122315907,0.3424708355559041,0.3230922039182147,0.305471843909185,0.3251673472632284,0.3058276806679352,0.3300677245124532,0.3103956911688001,0.302245815607371,0.3003781348085574,0.298738368297613,0.299379518556556,0.3638127699474935,0.3376823025469235,0.3154196552923096,0.3696106900523936,0.390746689220748,0.388027999424775,0.4023479967054904,0.4003701153412322,0.3847788163009653,0.3665417848405568,0.3942837550830589,0.3775762483098503,0.4046314494213519,0.3889704444156834,0.3787383354884852,0.3600640472377527,0.379301246637457,0.3645296183984783,0.4039275971959952,0.3778094539545122,0.390484592178673
326651_17_consensus.txt,0.3517322938716418,0.3730511461859294,0.384842238612844,0.3471683786424329,0.3780446009878417,0.3999798963532335,0.343705365895957,0.3919004885399602,0.3822126450691385,0.3657144326996437,0.3639348352876368,0.4058621188850502,0.3522021351960518,0.374658711566326,0.3763166838605123,0.3518738438821991,0.3761908707525876,0.3867862200349563,0.3234429388622288,0.3138295879757535,0.3241816696523116,0.3191336400492695,0.3182278138340741,0.3252999747858212,0.3181763786311791,0.3078440606004413,0.3080024655539297,0.325141513468953,0.3197910504067351,0.3185314629003102,0.3179110440680759,0.3054207146532448,0.3105676151394547,0.3213493959649618,0.3194653461187755,0.3250783159967696,0.0231516332381076,0.0216102916226361,0.0235270173335706,0.0405947936527084,0.026832664243507,0.0274989051652632,0.0226469948176912,0.0,0.0237878103900754,0.0443552129298367,0.0318973156560531,0.0303352103492748,0.0250123947624771,0.0246554143644388,0.0294865144472424,0.03808527336394,0.0291087950452464,0.0259480246047232,0.2611943257726139,0.2510353987438911,0.2537913751475571,0.2446764628015358,0.2427049803050422,0.2443803898175218,0.2597893667147772,0.2473499787676267,0.2459889812544702,0.2398904350137876,0.2391162734965419,0.2429551336840916,0.2634594110241401,0.2513638583962532,0.2562867866758154,0.2406821539206411,0.2418241370654072,0.2451866264047382,0.2502187058821796,0.2790447864048246,0.3061618930660543,0.2379581371022681,0.2275316348732943,0.2465665480389702,0.255272930213529,0.2543306355836172,0.2752614700146552,0.2286540982748945,0.2177914589867917,0.2280856499179826,0.2546676530604657,0.2921957280870479,0.2783070780881296,0.2224472704094111,0.2241194184364481,0.2466469726242159,0.4111002230959428,0.4116807048193251,0.3892411316256456,0.4088601711053776,0.4094453451017763,0.4073765892505427,0.3992607848436478,0.4068252219456774,0.4065444408000225,0.4091375873022578,0.4805608733573194,0.6569571693186766,0.5038328478783427,0.4466179315854042,0.4724845569847957,0.4100405619668201,0.4068227744957973,0.4980962773922144,0.3851384428582882,0.3927274114090195,0.3840011030665131,0.3774488575874883,0.3889126452327538,0.3920297295430615,0.3757578587769217,0.3804884038544927,0.3639867203626679,0.3982358677414623,0.4105238074947017,0.4217181896733351,0.3965955137226018,0.4006809157122077,0.3964837994005243,0.3795392322901847,0.386213597733434,0.3989141322908978,0.3620823847058432,0.3282450586635974,0.3131523253242179,0.316195805425739,0.3135651018599787,0.3126691307012379,0.3173439037161607,0.3248976561393562,0.2985877633528737,0.4646197444947759,0.4489219263628712,0.3157594119517384,0.3196557198144667,0.3212378962698885,0.3218267359323157,0.3135111218749529,0.3298256860049164,0.3394309786461207,0.3011727752967452,0.3038415943752248,0.3090398542024672,0.3611171328106053,0.3430760620653004,0.3232749001467994,0.3066985679720062,0.3256690421125192,0.3067275314191491,0.3305719862045819,0.3110920468747551,0.3032439878300472,0.3015992832193213,0.3000151044013677,0.3006092041592012,0.3634937787015104,0.3377166015057824,0.3157007528196303,0.3702900815219436,0.3904052883125217,0.3887879119683681,0.4026119024125592,0.4028250298793807,0.385711531750708,0.3677370763301333,0.3967402564658933,0.3791067966658943,0.4048555875374511,0.3912501790542464,0.3797537128049093,0.3619426313003622,0.3811603354368031,0.3659410166891028,0.404204033514226,0.3791541539062919,0.3907963119027293
326651_18_consensus.txt,0.372923423867519,0.3949202175381927,0.4087763016386603,0.3692417071669247,0.4010946142355855,0.423317641084914,0.3644936031889116,0.4144387280669122,0.4053933052090812,0.3869728458402406,0.3865063298562958,0.4291171225419319,0.3713729065701372,0.3954115033123777,0.3981723322140205,0.3739166154388229,0.3990238497055642,0.4093393861389174,0.3419339821999365,0.3316357030845651,0.3436032576214032,0.3347597626412018,0.3370246550031091,0.3442298562827233,0.3369401301700279,0.3258153066665699,0.3265446898814161,0.3387398201039175,0.3363255115451942,0.3363285519761874,0.3359951825712031,0.322961122203111,0.3285274405686067,0.336765094805699,0.3377543904801641,0.3441600112705245,0.0237578366351662,0.0229388813310293,0.0215883728705748,0.0344967132051685,0.0242205194237996,0.0238291165270965,0.0248980468809172,0.0237878103900754,0.0,0.0389873909334355,0.0275852173233488,0.0271188024695803,0.0235361351723284,0.0236900446454839,0.0251456579184718,0.0317062648495287,0.0248254996567993,0.0238539427106445,0.2803112613583423,0.2691960171242193,0.2728024928262229,0.2618327583759168,0.258734498939404,0.2627279549634806,0.2792992072480267,0.265047660377057,0.2645518668306899,0.2567199789404384,0.255515280734695,0.2603250050936729,0.2836566938855078,0.2695484898190798,0.2764635586199162,0.2575729384868062,0.2586195584788981,0.2635710234934194,0.2726450291095581,0.300756729769887,0.3296607609862079,0.2571200866519767,0.2475414388773344,0.2666287213709353,0.2763368648804274,0.2759737191742033,0.2970754633998851,0.2488443059362666,0.2359610984212352,0.2486690271471339,0.275476584914557,0.3150860448946737,0.3005092143988044,0.2423916730811157,0.2438299757176025,0.2671601298560162,0.4407201431360619,0.4400013959619535,0.4161548839480531,0.4346193459630143,0.4357959522000918,0.4338797535367362,0.4270056818765191,0.4330073686878073,0.4325804686230476,0.4361598157145039,0.5100775449392216,0.6887133749432941,0.5346924114476401,0.4748474513005227,0.5019433309058066,0.436274561180749,0.433772320830208,0.5296518465340441,0.4071549459514436,0.4144965053613312,0.4054830840249721,0.3998151125671718,0.410246911901698,0.41244238049158,0.3979054572535965,0.4020981604126277,0.384475241549552,0.4207492391479555,0.4317162667078804,0.4421950722350338,0.4182176219026594,0.421288156656054,0.4186926517831715,0.4025150524940279,0.4079149918836755,0.4202140229157329,0.3805761264233354,0.3456148137765318,0.3295307508345644,0.3333513783831705,0.3294427917856879,0.3288651224478442,0.333791500495014,0.3413149726947324,0.3149951411179401,0.4850355108086148,0.4671869306366218,0.3324612923543384,0.3371610058883973,0.3378349466000649,0.3372497874303732,0.3296493658445065,0.3460486299695766,0.3555586144180225,0.3185032180129283,0.3205245579809599,0.3258515920905012,0.3720311945576355,0.3554550571196877,0.3387655746075211,0.323865044589585,0.3397432017255148,0.3218386707695693,0.3432497485819255,0.3254741544709851,0.3201249893970228,0.3209923816539017,0.3172277392653555,0.3190437061075215,0.3740905969559946,0.3506054772577904,0.3306190505550326,0.3896980105771988,0.4116872845905419,0.4071272468025597,0.4176075113271409,0.4247001961524574,0.4026810103690295,0.3873704763621255,0.4162405022616191,0.4000538152699278,0.418668542797878,0.4120109116531196,0.3967611247668188,0.3819704414157172,0.4017296516502924,0.3846757084859646,0.4183750147115646,0.4003338936231166,0.4070429907832853
326651_1_consensus.txt,0.4296244982840278,0.4582758860897193,0.477826508864176,0.4283828151973026,0.4690603838647718,0.4885894983834902,0.4201796620300975,0.4756077281507984,0.470671749797507,0.4452698018286796,0.4483457942998328,0.4944541965542086,0.4196764314344392,0.4520204918911119,0.4622429133919219,0.4328000597802273,0.4641289743208787,0.473046956726268,0.3895734045684342,0.3768385095669302,0.3925413128348687,0.3711174272850357,0.3828833671573761,0.3908725749079416,0.3868934691435726,0.3739822494557216,0.3768489513709205,0.3715528948325222,0.3773476362113896,0.3802412867660614,0.3813548508620954,0.3670803643745053,0.3776652429650013,0.3738277663261797,0.3842990645892428,0.3889602651095103,0.0422709453901362,0.0420393143705908,0.0353484404477839,0.0208406008432859,0.0298625451988527,0.0309994645102023,0.0447731523307126,0.0443552129298367,0.0389873909334355,0.0,0.02474871866211,0.0252150990013859,0.0325077288849762,0.0326151993857557,0.0258894757187881,0.0214865431820889,0.028944178888782,0.030737853980959,0.3429270071329924,0.3278123239803285,0.3352653247530632,0.3099729227985541,0.3105196062684854,0.3173238143314023,0.3413837711974778,0.3210971522579768,0.3252111452793258,0.3031252545619267,0.3044936650273726,0.3140163352770813,0.3475080378044133,0.3282140352179574,0.3388943252212328,0.303611090505953,0.3085060556947354,0.3184899910125125,0.3255650169651076,0.3520073313550647,0.3948390348318291,0.2972432311202411,0.2898895767694469,0.3189665263874168,0.329221824066618,0.3278371702314331,0.3518176907647081,0.289949976463415,0.2743902814639725,0.2940958933951876,0.3245809319532107,0.3732072202212784,0.3556923817421911,0.2827522728635046,0.2839010118574698,0.3167966256255781,0.5287183368048076,0.5230138704171097,0.4971364082988536,0.5141757239942102,0.5151544385429219,0.5160468750971177,0.5116752664715278,0.5141468922121675,0.5160733792337489,0.5214624699110431,0.6085926051009594,0.7971289659207024,0.6395828674262489,0.5671407223483129,0.5995298808000449,0.5169389014454353,0.5183923361764506,0.6299026466234601,0.4691557745457153,0.4752310866687175,0.4683163915780142,0.4649169109715494,0.4702849676603691,0.4713718515525471,0.4601723567968996,0.4613991453986621,0.4454475019941206,0.48645274758411,0.4913758771097249,0.5012761696589969,0.4804677099504317,0.4799565522019264,0.4821450400951228,0.4672133590873422,0.4674910306461548,0.479040399470815,0.4408684673845293,0.3976422271362558,0.3839351483270441,0.394620831927341,0.384490972507745,0.3848517990339211,0.3941674998878,0.4060804386945165,0.3703481948731593,0.5478226514666744,0.5226783334307612,0.3876413407207089,0.3907824346386697,0.390570817483816,0.3914451840785062,0.3803834931812631,0.4028204148178496,0.4126113264057736,0.3642965249928274,0.3598257555820048,0.36590715177433,0.3899554379378926,0.3824231800888888,0.3732383417327085,0.3679991331127148,0.3737183876548968,0.360230151887869,0.3629356121615714,0.3575844486571249,0.3600938241770244,0.3731065106109987,0.3601262630050001,0.3646739732550905,0.3903417915290035,0.3772411195389473,0.3675936005971465,0.4311332674560688,0.4583261939685457,0.4452385304125137,0.4424844957838232,0.4814986639434693,0.4393495160358327,0.4346301151450262,0.467335471589859,0.4536738443595851,0.442323228867842,0.4694187375802094,0.4329715934328817,0.4321140454331704,0.4555210183837488,0.4314584975815769,0.4424999789418962,0.4515474149013769,0.4397285357154565
326651_2_consensus.txt,0.4043016458512731,0.4300396656102379,0.4475019476689006,0.4024849911276114,0.4389334827363811,0.4611799511564385,0.3961156180475811,0.4489257316194468,0.4412991969676341,0.419325581953462,0.4213814893026857,0.4659259050428694,0.4013609492822176,0.4292295947783842,0.4362770094775747,0.4064411444599933,0.4353038997779315,0.4454389490914998,0.3704319768021804,0.3589722120073908,0.3731970309369892,0.3570041942088302,0.364675289927824,0.3727154366308589,0.3666649376209641,0.3550926017485167,0.356505247552775,0.3592785001324721,0.3615603708220263,0.3628218951358057,0.3634713116066947,0.3490375522849334,0.357297445547232,0.3597904522647042,0.3656892099420261,0.3710982706337802,0.0298064748134549,0.02869795986064,0.0253044423982125,0.0230799243816655,0.0218392441973378,0.0230258121481021,0.0311664931625941,0.0318973156560531,0.0275852173233488,0.02474871866211,0.0,0.0215965748643327,0.0243997616998576,0.0243681956745476,0.0219118831202855,0.0216689143592745,0.0217414214882865,0.0230338522094086,0.3165488682586357,0.3033566369101628,0.308540444075561,0.2892422778437833,0.289135317573276,0.2946047650237382,0.3149988547131279,0.2979714043916885,0.2998900659014936,0.2833800395556665,0.284758008533128,0.2917606656599218,0.3202396105244247,0.3036219202297374,0.3121843486175244,0.2834893806845784,0.2875027036988982,0.2959690406999051,0.3036707030483079,0.3304684814048038,0.3674028676205978,0.2804815017188495,0.271790401222848,0.296902702345573,0.3073758821576007,0.3054682336662715,0.3293814513158608,0.2719835279675351,0.2583582240192683,0.2741638092389387,0.3046259352024769,0.3466854369867924,0.3310390838449919,0.264579384811757,0.2657453697766456,0.2955940154761904,0.4858287800959822,0.4821308340388981,0.4584028956679518,0.4747879034981288,0.4758280671068462,0.475733398504353,0.4708401158754185,0.4746978025485475,0.4750290001926345,0.4796909548896693,0.5599910042966627,0.7421681930099808,0.5881618278111453,0.5222052101206742,0.5515489454461502,0.4768016324168975,0.4770603260725821,0.5805441539729976,0.4393768022494235,0.4458784320480937,0.4390614098444381,0.4341096974073686,0.4415245334433493,0.4435858051965162,0.4305197284314346,0.433552759725444,0.4169303340268904,0.454964617863645,0.4623037649447887,0.4730017285078709,0.4507897051877059,0.4524537556245036,0.4516370592958765,0.436662773841352,0.4389644381543789,0.4512606309355575,0.4154287035808082,0.3769045348926703,0.3632900849541656,0.3703794055700058,0.3639151810228043,0.3631286745744191,0.3700401449564943,0.3798804052567419,0.3485269547270313,0.5202199629834787,0.5018826588924625,0.3661160001091872,0.3690234887949124,0.3707683754984536,0.3714712691968884,0.3601689099499801,0.3800198903931644,0.3898209666841161,0.3443094781450746,0.3422817748389981,0.3477436041607049,0.3830533110668206,0.3713843433341353,0.3580869668647288,0.3493201575479858,0.3597412800610797,0.3439450272794033,0.3538978031041928,0.3431967540462182,0.3423518306745698,0.3498831053544755,0.3405703946039473,0.3439577312798434,0.3846225950368911,0.366235161615311,0.3512153292155489,0.4147035587800971,0.4394933713262183,0.4309832598923471,0.4343347278111622,0.4580526675905432,0.4258031325432263,0.4154368067551566,0.4468208620483267,0.4327457928513745,0.4351477570459181,0.4461145754315794,0.418785874613949,0.4116466474120983,0.4331943479493674,0.412544768501629,0.4344617758667866,0.4305910364817933,0.4271829270417484
326651_3_consensus.txt,0.3975829168662699,0.4243345919212729,0.4415320632424198,0.3962824453700975,0.4336111983737254,0.4540945109507142,0.3894918357391077,0.4422734211540096,0.435738978812541,0.4135566900227339,0.4151723286592457,0.4593629468900175,0.3929622637434491,0.4209739642982768,0.4285165231044026,0.4007496977479725,0.4291375585780947,0.4390453068861291,0.3643182919318057,0.352690099144155,0.3669399027180091,0.3507976811055187,0.3588383052907353,0.3662432621942848,0.3610181215503516,0.3488301876942898,0.3503988486927838,0.3524420267769947,0.3547835901000304,0.3560976036470116,0.3570253461778776,0.3432045959327894,0.3515396494052112,0.3533231957051086,0.359383014099059,0.3647780679849859,0.0295719157704894,0.0285645078854948,0.0257102686145778,0.0241996828566968,0.023623262332336,0.0220312999807248,0.0313490955974202,0.0303352103492748,0.0271188024695803,0.0252150990013859,0.0215965748643327,0.0,0.0240969205389021,0.0235571816032234,0.0215297313618165,0.0225438344420325,0.0230321431799396,0.0221271456955669,0.310880915600471,0.2981669791630494,0.3039117638544368,0.2840286480240124,0.2837761222816866,0.2888868488738971,0.3095030913775503,0.2919473953546934,0.2945031186349069,0.2781633880748124,0.2786457325322899,0.2864103160496825,0.3149778936229346,0.2978832142144973,0.3074370166132851,0.2787877217283707,0.2824002496099496,0.2902109070457896,0.2980168494483806,0.324234009668416,0.3621221261515934,0.2746029346675627,0.2665092389187578,0.2916410739192088,0.3015897316409095,0.3000809784423879,0.323983393908783,0.2663899606133455,0.2523323398145365,0.2688458485454639,0.2986017626591462,0.3436403592427766,0.3266007813133562,0.259978469374122,0.260503997238807,0.2903548006091014,0.484315932995738,0.4806275424945774,0.4557491756941836,0.4726432980748569,0.4740840962546606,0.4731778954223955,0.4679289085849198,0.4725266007082211,0.4732846682249452,0.4769702822797974,0.5585565565064812,0.7433697003268804,0.5876411705360738,0.5198457592577874,0.5500203048433647,0.4753211701997628,0.4751801459279221,0.5792067590142906,0.4368686047589705,0.4443174530547971,0.436082910662229,0.4321053428727666,0.4395249416836009,0.4411854155609411,0.4288523594379541,0.4311508727043254,0.4145122910937573,0.4533277654568053,0.460044047805713,0.4712102261301893,0.4484422353135215,0.4503882774671126,0.4500469681477277,0.4348292795825088,0.4370665663420325,0.4490024926671303,0.4065757634911797,0.3661435380520466,0.3523860999793093,0.3603759729441229,0.3530144577137122,0.3530420180194866,0.3607270993268372,0.3707877580928596,0.3390274713908709,0.5123972256524745,0.4901663438998334,0.355854892617625,0.3587481840654476,0.3595239889137112,0.3602644397598169,0.3491507912826144,0.3691387376655441,0.3786001176285154,0.3393408582952872,0.3377635243513595,0.3434387646028227,0.3760377651600066,0.3653029406663322,0.3528099298306735,0.344005468836059,0.353598598661069,0.3377804227327559,0.3484088634555782,0.3378037672818337,0.3373198779386186,0.3450326942479584,0.3356589836558257,0.339399571001703,0.3772160260076234,0.3598494935487579,0.3463923001177349,0.406250412881068,0.4313455915837991,0.422520976399074,0.4250861671660004,0.4521922428844043,0.4171177634753427,0.4073705935563865,0.437749717711128,0.4244995260098712,0.4257874199125879,0.438914725325624,0.4106840106939096,0.4032778463334381,0.4267428097374548,0.4047448644047016,0.4255989981388808,0.4221527018051603,0.4189748872208483
326651_4_consensus.txt,0.3829982730993961,0.4062163213798015,0.4208460457036942,0.3797294786273113,0.4138996286588003,0.4350521852046896,0.3745581330380396,0.4249586013041906,0.4168990993502177,0.3981092686206722,0.3975982814444556,0.4415148344940718,0.3812963872644523,0.4064574860241521,0.4098937665172926,0.3837793205775739,0.4104359709082139,0.4207618265027939,0.3484635412030101,0.3384582644555429,0.3504063819822143,0.3403428227012028,0.3429016579089996,0.3506173510611958,0.3441784087751571,0.3336933852646915,0.3332283996269218,0.3442859509963085,0.3419483535148018,0.3425753480941402,0.3422108092599885,0.3293404809222053,0.3357189253508004,0.3428126664377018,0.3442534994300033,0.3497354208659686,0.0228549846075978,0.0231885651498835,0.0221334057070876,0.0299886759972665,0.0222455333942939,0.0223493023563037,0.0231501220255267,0.0250123947624771,0.0235361351723284,0.0325077288849762,0.0243997616998576,0.0240969205389021,0.0,0.0219161493954764,0.0237161799903837,0.0275623277177317,0.0233308344039997,0.022172777140252,0.2919019982150068,0.2804134644686868,0.2852074048647495,0.2712503798020726,0.2697783732276519,0.2729086046131392,0.290562987341282,0.275765553130654,0.2766778042337741,0.264966864024359,0.2648739058056755,0.2708276407315324,0.295082219569668,0.2809607945197285,0.2876321603176954,0.2659843112882143,0.2683824247905662,0.2741855054274786,0.2788035828963373,0.3073830828911497,0.3386367174755023,0.2621278309077404,0.2526877706972179,0.2744170567541317,0.2838827993940285,0.2824839525046911,0.3059355369141983,0.2534495543315991,0.2414340166172657,0.2543268833332313,0.2819230823171033,0.3225300527775196,0.3069924446772489,0.2468463652992092,0.2480851948302955,0.2740206817317059,0.4551082635797172,0.4538635325000726,0.4301628175106629,0.4488374156612167,0.4498274188133067,0.4482266183966814,0.4415744055805533,0.4477278107770637,0.4475076784395568,0.4505278025419663,0.5271775278338708,0.7064503028897526,0.5525130202409727,0.4911945877620169,0.5186499159648008,0.4505240988522097,0.4486783144529802,0.5463673192642631,0.4176480504628301,0.4252724602811746,0.4167471936133253,0.4117343289832149,0.4211084554698452,0.4238962383003652,0.4089477922282114,0.413221307961809,0.3956372583050545,0.4329301000807888,0.4426908410530465,0.4538768880670076,0.4297092643497464,0.4327299274234306,0.4303624218996376,0.4139714074614602,0.4188697575182374,0.4311050626052832,0.3927880779793753,0.3560050322163519,0.3415236733878402,0.3463641354982734,0.3414815706352385,0.3406718938121251,0.3471951444043526,0.3558935651599739,0.3264429522799048,0.4978365060447665,0.4775810640490476,0.34350983864541,0.3473057899751381,0.348451015117309,0.3492483069268353,0.3396303501408013,0.3579628840628217,0.367993651845147,0.3260716502310998,0.3268456224903531,0.3323388722007934,0.3754405607575357,0.3607776240673601,0.3443439162081034,0.331164029852129,0.3455898573176483,0.3279917802396213,0.3456759968409244,0.3304132225768441,0.3259652822950478,0.3294358556111731,0.3240124491167435,0.3254833242782595,0.377225451871066,0.3554060452134067,0.3369137935466746,0.395213646330415,0.4173132194141544,0.4125221921592761,0.4206933633573833,0.4325051325790454,0.4082783310064535,0.3942911956144002,0.4236803823129023,0.4084715382926625,0.4228574002391241,0.4215314208581588,0.4018129895705407,0.3887629789171711,0.4096531029456187,0.3918910251665615,0.422304117105849,0.4074463145041918,0.4118280570824169
326651_5_consensus.txt,0.3911852103798381,0.4149069566341445,0.4287174186377989,0.3874187255518464,0.4218992435040434,0.4433037163915756,0.382532169744433,0.4340205053762567,0.4247767382264946,0.4049501674631131,0.4063122101986351,0.4484370371246342,0.3888333523749097,0.4144610752889122,0.4183104772563446,0.3918507815058518,0.4179591345796716,0.4289966082627536,0.358591198198873,0.3483515319571388,0.360107525783615,0.3494360427782546,0.3531457704046872,0.3605566411281558,0.3542164542205839,0.3434856828717159,0.3431725582047384,0.352251576659004,0.3511924213952468,0.3518784686784855,0.351760607737166,0.3383561508396298,0.3450674396460123,0.3518486481111864,0.3537460955662439,0.3595200516597145,0.0249898513240438,0.0229974024826269,0.0225312916178559,0.0300862657866325,0.0234703894839505,0.0223540189955784,0.0262915546971882,0.0246554143644388,0.0236900446454839,0.0326151993857557,0.0243681956745476,0.0235571816032234,0.0219161493954764,0.0,0.0232492147594456,0.0276297782015575,0.0235842559073411,0.0222679204701066,0.3004303769305032,0.2890817890450847,0.2937654513168972,0.2792694398601085,0.2781994238003875,0.2819040462284121,0.2990252643920676,0.2845455416896598,0.2850513941828012,0.2741055937325392,0.2741193239310178,0.2794415135395276,0.3037762498443896,0.2895627321849332,0.2970103299598889,0.274491887356092,0.2769478491668167,0.2829207992263107,0.2897186243396561,0.3173917863082884,0.3497724692974486,0.2725842189163607,0.2631081266265447,0.2846718428410391,0.2944933133721825,0.2938568577285956,0.3160737027077118,0.2640985726518465,0.2507851056132821,0.265082508751064,0.2932417225157273,0.3341642244394158,0.3184310867402047,0.2575456275129753,0.2585915054513741,0.2846245738781263,0.4623668602364645,0.4607183240177512,0.437739749298764,0.4550178917333518,0.456462950312158,0.4547119942110349,0.4488296509783751,0.4541951498893617,0.4539671010682156,0.4567843461076357,0.5335318133101978,0.7145574061099893,0.5590352869601709,0.4967347124161847,0.5256698810117157,0.4570910806730239,0.4555859796854413,0.5539318667395179,0.4252574050478372,0.4320998270437037,0.4246973247131578,0.4192773492322885,0.4285341088499947,0.4310654557757978,0.4170643142940697,0.4201065127267505,0.4032072411328258,0.4393415971958099,0.4490296855538247,0.4602556730163414,0.4366161919990396,0.4392133184651321,0.4378694656194923,0.4223846608849086,0.4260405482356937,0.4382767687506081,0.3964173095675605,0.3599843358038228,0.3455507037398746,0.3502760354610004,0.34554332388727,0.345580271349398,0.3507091499122197,0.3597850139880414,0.3308108427030056,0.5017284446588732,0.4841656426137461,0.3475504562883884,0.3521329741775219,0.3525378195468036,0.353112780031406,0.344101620650683,0.361644749145011,0.3706133461665928,0.3343001223266633,0.3345631860890279,0.3397688795441027,0.3817552313310699,0.3675534170014067,0.3515091934656205,0.3393811209884987,0.3529886704705127,0.3357741808203229,0.3531787888631612,0.3385461090260548,0.334298123453614,0.3379332869738185,0.3320597888509979,0.3340291852696211,0.384174267166145,0.3622235645153679,0.3443508891069271,0.4049054834999843,0.427603261264224,0.4221626985493074,0.4310557494573572,0.4427182635164151,0.4182071966840546,0.4034045221086941,0.4344839870320953,0.4179124656940445,0.4320706617862981,0.4298315456176347,0.4118561724444198,0.3990538330228403,0.4204360363178523,0.4007725049865769,0.4319970759708553,0.4167470331974741,0.4219750288994319
326651_6_consensus.txt,0.395871091272312,0.420894380440231,0.4375224815888749,0.39329322797143,0.4297463568982635,0.4502190997183533,0.3870774051762495,0.4392862043432117,0.4327954066542645,0.4104349297543628,0.412021794614013,0.4561063922605264,0.3911461786958945,0.4183302827143151,0.424925349663642,0.397017450588617,0.4253352351204924,0.4354739505524563,0.3613956179152993,0.3511418169827358,0.3642465977832962,0.3499300916033405,0.3557539253359536,0.3638235380761472,0.3575957493170278,0.3464874334189396,0.3477493479464613,0.3513490534299208,0.3529908671289909,0.3547227631044869,0.3544039016402394,0.3409200342443022,0.3489092079561402,0.3519701932670074,0.3572717236123814,0.3623364184534416,0.0290298242228281,0.028041903926983,0.0232368687281265,0.0245571415831875,0.0243322518922717,0.0230051031961444,0.0302694667012808,0.0294865144472424,0.0251456579184718,0.0258894757187881,0.0219118831202855,0.0215297313618165,0.0237161799903837,0.0232492147594456,0.0,0.0235357687713602,0.0237691762574705,0.0226353004989832,0.3058809733376364,0.2940945095796223,0.2996814638268112,0.2816814996263481,0.2813697125441265,0.2860051978082616,0.3046993814461096,0.2884443742526557,0.2910759305531378,0.2759859227154848,0.2765590332691516,0.2833839056106058,0.3100665811431398,0.2945195945037717,0.3033658695839349,0.276422473918906,0.2796388082672081,0.2868181978667046,0.2946373108489233,0.3212634712617692,0.355502880642323,0.2728400651544618,0.2640223574494023,0.287594852632214,0.2979174170845304,0.2968364924261166,0.3204969314311725,0.2647906438655809,0.2515192935197987,0.2667496939679559,0.2953871915661494,0.3395366939337094,0.3228413567219412,0.2583125385814036,0.2592696705039259,0.2870272119521715,0.4746829458893096,0.4715504216600124,0.4477917943831997,0.4640458569802668,0.4651413549469332,0.4644673621990982,0.4595835816719891,0.4639710797709853,0.4642425849120926,0.4673353132694267,0.546918478085967,0.7315598820075664,0.5752329338156876,0.5087489160297629,0.5386756630010225,0.4665230150013322,0.4664281994376438,0.5691993313730421,0.4310148387794221,0.4376986688610103,0.4299270446614898,0.4253570479041499,0.434309719703247,0.4352114764131976,0.4224593820405466,0.4255682134863114,0.4086437017187165,0.4455952019226927,0.4539139503619793,0.4640357384439468,0.442766981519096,0.443597276900924,0.4434593320938518,0.4281430010874487,0.431181960995211,0.4427756929029236,0.4024869885861157,0.3635787867538731,0.3494148961907264,0.3559877116007932,0.3502039306403297,0.3494929203367682,0.3569042606056278,0.3664039955900406,0.3352518279279444,0.5093871423180723,0.4888676451275167,0.3522079302805281,0.3559485589230036,0.3564685907096887,0.3568513131959605,0.3472180308353856,0.3660516941196015,0.3753812502170746,0.3360957670796907,0.3356599107777889,0.3410192600191806,0.3765946127732675,0.3646071738439005,0.3509733952648695,0.3409766788221553,0.351933368623051,0.3356175578922844,0.3493159838787356,0.3368388712820014,0.3350681414069356,0.3415053660684677,0.3332820572536654,0.3362699595299396,0.3788049159804387,0.3591260965762721,0.3445169045089962,0.4054283989266665,0.4299465233752784,0.4216257859994741,0.4268244858885879,0.4471449972171051,0.4170650111412719,0.4054075937878707,0.4365540917839574,0.4205437958735629,0.4271494152600361,0.4354072122425165,0.4109409966667314,0.4015736338396394,0.4231719014293524,0.4024423358515072,0.4279599534901628,0.4194387901074634,0.4195917123616048
326651_7_consensus.txt,0.4229953190284377,0.4495520289249413,0.4686509933394269,0.4209326343520203,0.459619196755586,0.4805141484727429,0.4133389404973506,0.4674045803164937,0.462104592126181,0.4373459666295218,0.4411829342317759,0.48552388009454,0.416623066403087,0.4464600875471305,0.4563065970236621,0.4257601249923723,0.4563069093846366,0.4644452050012582,0.3907512169555822,0.3783771823365214,0.3939477372845381,0.3737761532300325,0.3840029068909949,0.3925384986642299,0.3877281385636806,0.3749941250924635,0.3774312753134197,0.3760490726595549,0.3804940985433447,0.3821102891253218,0.3834761819450811,0.368766915938572,0.3786501072086636,0.3767623137535807,0.385283741216341,0.3907940247965271,0.0350265651279428,0.034325338571115,0.0291313560918737,0.0202792058424634,0.0243080970746589,0.0254074086985376,0.0376126225392567,0.03808527336394,0.0317062648495287,0.0214865431820889,0.0216689143592745,0.0225438344420325,0.0275623277177317,0.0276297782015575,0.0235357687713602,0.0,0.0239911229045652,0.0259059589890533,0.3391877069633757,0.3241099378957592,0.3296178878790492,0.3080552717926892,0.3075615090102701,0.3143325915768997,0.3378032822487782,0.3183700216256575,0.3212039844556109,0.301832020918205,0.3032020523585998,0.3113682592953921,0.3431581517641504,0.3244080303992227,0.3336272529809001,0.3022522721751421,0.3066542561738856,0.3158306034751064,0.3251039383131271,0.3510629641105822,0.3914446787348424,0.2989132398920517,0.2909812873225483,0.3178191805050758,0.3278233262927763,0.3263335577056416,0.3505311051669331,0.2899811781426642,0.2748695338817875,0.2928096514650669,0.3258253995740752,0.3684035027311267,0.3528087761939993,0.2826931610830101,0.2837648815825453,0.3163689904204219,0.5143831901709035,0.5096365633455733,0.4848273092304467,0.5014318102405859,0.5027029053880021,0.5030635606714036,0.498777738587151,0.5013781646388935,0.502272784235597,0.5083330854305537,0.591488298827997,0.7756687590867948,0.6218489684876047,0.5519624257527802,0.5830031759345431,0.5031610215724456,0.5045228410522675,0.6114581285814786,0.4615021277970115,0.4680508173446576,0.4609087580965969,0.4571240143185804,0.4636193006807971,0.4645733591917711,0.4529557144326759,0.4547224145017878,0.4388100556465915,0.4788623355515256,0.4844301239097923,0.4949024878485915,0.4726960661430901,0.4735495583869493,0.4744083122385873,0.4596486653566991,0.460653700628665,0.4728918839352403,0.4367034736287039,0.3990076360122216,0.3841430348993029,0.3934819564103762,0.3842686848887595,0.3843539509427494,0.3920560262727584,0.402568796620919,0.3703752337734904,0.5406691358712195,0.5205607432519095,0.3884783902690003,0.3906427596657664,0.3919451115670327,0.3929511586489944,0.3816209987689376,0.4022999673965657,0.4122093408463279,0.3610518328779157,0.3580365514270269,0.3644716337002442,0.3946053268648271,0.384101139867024,0.3726379784337013,0.3655575510966287,0.3741377976366955,0.3599061973817292,0.366256220984507,0.3574796760386149,0.3580522798589314,0.3686283769671199,0.3576064135691013,0.3621137244342343,0.3949823332794366,0.3790955453133549,0.3660818977553717,0.432228721958829,0.457288331785314,0.448050885841706,0.4469795715934808,0.4788383495698127,0.4416511853113043,0.4348179786418278,0.4661590800428605,0.4521264373548597,0.4475855973922762,0.4676039392200302,0.4352257845092886,0.4311489535873001,0.4540888876479627,0.4307197653843104,0.4472213518058332,0.4498925977702797,0.4430483986782647
326651_8_consensus.txt,0.3987434459539223,0.4237245307346242,0.4393007817949623,0.3961024957310073,0.4320521583793599,0.4536469467524959,0.3894521669357189,0.4419693471240506,0.4342150194029592,0.4136171724530229,0.4142995162790583,0.4580389576351464,0.3943682973596267,0.4217802228674188,0.4274053351686788,0.4008481639040759,0.428651678400108,0.43822502635091,0.363145652749818,0.3514326007920836,0.3646922749175196,0.3505979064256053,0.3566772931427877,0.3645747566065829,0.3590003081930852,0.3472928443944987,0.3488136925453347,0.3542280459363098,0.3547068294582871,0.3554259763846836,0.3560580788252849,0.3427110359943377,0.3502338299125966,0.353337629401711,0.3577272727096847,0.3640359395524974,0.0268485384639767,0.0258100147624986,0.0230516307833887,0.02603232060342,0.0199430602105401,0.0221738743575095,0.0284103197203045,0.0291087950452464,0.0248254996567993,0.028944178888782,0.0217414214882865,0.0230321431799396,0.0233308344039997,0.0235842559073411,0.0237691762574705,0.0239911229045652,0.0,0.0224160053955202,0.3110146663886084,0.2975441714114346,0.3016667494263103,0.2860517816512633,0.2839294937655907,0.2893543954544526,0.3096585690363156,0.2926407526578423,0.293485720696637,0.2800786532577888,0.2796546806808742,0.2859565274577242,0.3144540156696962,0.2977902412870534,0.3051070183298847,0.2806316344174036,0.2828957152978226,0.289707097711755,0.2962032894524569,0.32453182707156,0.3595009163560689,0.2758383139066218,0.2665936105331781,0.2899650018263706,0.3000018186633042,0.298507589889482,0.3215411333248923,0.2681485292243621,0.2525882712705787,0.2687923370500975,0.2977542597130487,0.3393668028100904,0.3240678104292342,0.2607575490770522,0.2621838348780088,0.290266410156665,0.4798035779102463,0.4786311088144508,0.4543386945429084,0.4727870466908932,0.4743176353678642,0.4729443656569891,0.4663461472321089,0.4715803609864224,0.4716776225068564,0.476891002441576,0.5568169233264939,0.741091828559842,0.5836845310943062,0.5185829280802032,0.5476580313493322,0.473850220961296,0.4731638506186044,0.5753906278430243,0.4343519944664464,0.441243808828478,0.4340771687325713,0.4281911255303221,0.4364477355921039,0.43843897087811,0.4247158792358156,0.4280209186159034,0.4112723552796318,0.4503125250991928,0.4584997168045674,0.4688946652004802,0.4458153814371464,0.4471072318810307,0.4472303854024986,0.4315503571156256,0.4336256873426585,0.4461882190470163,0.4113416552291795,0.3745994576718097,0.358646851266041,0.3657763505269962,0.3590999994656592,0.3590432701197343,0.3655295134868268,0.3745990850979979,0.3445318578395344,0.5160559457965768,0.497256736319251,0.3627840650597136,0.3662810622632335,0.36715757611341,0.367749582946999,0.3576491878458441,0.3770933799166691,0.3863295340796533,0.341535824931249,0.3410594597884362,0.3465029989972308,0.3836598015995918,0.3711560641697318,0.3571491157294986,0.3463145107608874,0.3582595605486034,0.342019546682252,0.3555469597344505,0.3427414106050932,0.3407542469178608,0.3469629322612242,0.3390589831461241,0.3423419209294778,0.3852526359980039,0.3657140359810285,0.3501744496309449,0.4102026006245935,0.4333339657602799,0.4255050320339713,0.4305356360206858,0.451276561404601,0.4202965930885689,0.410270992377395,0.4406722073384479,0.4258067577527953,0.4306747955305283,0.4394133596060214,0.4144455468411614,0.4063090385845953,0.4275278203335304,0.4072376349539652,0.4306687843418721,0.424187787562758,0.4230060922165108
326651_9_consensus.txt,0.3925384287822453,0.4169870631142558,0.4320431084526426,0.3896959306117296,0.4241275609378512,0.4453326200511682,0.3841504539232367,0.4352610397187817,0.4281404523878578,0.4075050997478655,0.407938500565681,0.4512392535278167,0.3898611932098603,0.4156542617483616,0.4202733676520012,0.394419425409783,0.4204635668362755,0.430484829413956,0.3608111888113434,0.3498209904566423,0.3630409814116682,0.3506405287794294,0.3548420105228445,0.3626929413581017,0.3560627389351829,0.3448124966582426,0.3458086005898195,0.3535644959116624,0.3534987336220467,0.3536422069696847,0.3543934684296204,0.3402786470482226,0.3479819747420478,0.3528811922702672,0.3560921806746968,0.3619677277948945,0.0249697106065447,0.0237832766440675,0.0219725208060985,0.0276545930812588,0.0219363403505283,0.0203372637889671,0.0262952008929246,0.0259480246047232,0.0238539427106445,0.030737853980959,0.0230338522094086,0.0221271456955669,0.022172777140252,0.0222679204701066,0.0226353004989832,0.0259059589890533,0.0224160053955202,0.0,0.3041982161362568,0.2916251269848757,0.2958650246988696,0.2812254724989067,0.2798853211109673,0.2835255838818327,0.3028827678238883,0.2868963628959129,0.2878679925356273,0.2757504662894732,0.2753618413678218,0.2815817831960032,0.3072687438479917,0.2922798959653043,0.2994932898295204,0.2765158114049839,0.2787898473205672,0.2842745681778567,0.2930310630778763,0.3207476866203151,0.3546695541059925,0.2742950225177551,0.2650178052843017,0.2881422050277926,0.2970038157308678,0.295745289937404,0.3184903648043757,0.2655954922644881,0.2531948897367222,0.2667437506578736,0.2947908268769232,0.337140405940147,0.3213141123404028,0.2593949146688068,0.2603373887673577,0.2868546690230893,0.4666502254390501,0.4645164803303991,0.4417461455552285,0.4588138881697681,0.4596127564939962,0.4582677250587892,0.4530811948166651,0.4578419861348735,0.4581443830530034,0.461076099427828,0.5384449125423885,0.7218085561109824,0.5652032382963164,0.5017488493749944,0.5304702137301973,0.4603185332511366,0.4589559522446969,0.5591655271579619,0.4269965490223129,0.4343522199110268,0.4264817187397689,0.4211774263857215,0.4299902032416831,0.4319927238886762,0.4183396525631622,0.4213030912907847,0.4052396438006624,0.4417364730162454,0.4506586154085106,0.4615895231541032,0.4390414620824856,0.4410765214246837,0.439184345687714,0.4231401302269262,0.4275252781367342,0.4393062425672163,0.4004258004753893,0.3643135868410674,0.3493004088759015,0.3540785359309879,0.348514989028942,0.3489779909499049,0.353595853155344,0.3623677274086248,0.3348994222582249,0.5046768379815596,0.4859371660655043,0.3513021369694336,0.3551796246972358,0.3572723140830689,0.3577053478667338,0.3481678120001561,0.3660984152495601,0.3754563467940066,0.3363170290557384,0.3365446102846476,0.3427715198219481,0.3834549791948518,0.3687665568663405,0.3537594516112818,0.3416730054966379,0.3553668538280732,0.3384823769732996,0.354270953291973,0.3392581490601714,0.3359387257973694,0.3401527294813746,0.3340690901931928,0.3363543283838481,0.3852980076685171,0.3642051515366979,0.3465974038589223,0.4061509309598925,0.4295269662115544,0.4231831229003262,0.4307223986226525,0.4444520496619901,0.4187023596407151,0.4063481009370591,0.4349667215166199,0.4203007761769584,0.4316962035316898,0.4328198282343685,0.4124070156915635,0.4007809135218281,0.4222238907932443,0.4036682009640131,0.4313532919335294,0.4193922572894841,0.4217664147025104
326713_10_consensus.txt,0.2195461000048553,0.2279236053068096,0.230578308024743,0.2118850033976294,0.2300176241334881,0.2517679027246302,0.2129722702984722,0.2534405740202352,0.2368929744189074,0.2354743396648189,0.2277071608038596,0.2576261693833288,0.2418197478715669,0.2483276453845739,0.2384826516938964,0.2135754305789348,0.22788740469149,0.2417831416094493,0.1769717851593704,0.1661550261663293,0.1737430703532076,0.1797377207839403,0.1727027486738137,0.1807625027706549,0.1703817209865299,0.1599260584202895,0.1681856685746829,0.184725210445027,0.1772714025991391,0.1742212212821492,0.1725238388271499,0.158996891092702,0.1583551179467903,0.1809380220683323,0.1698054462538891,0.1764640046848811,0.2683994419487732,0.2737749678193246,0.2915855191938341,0.3374760336381293,0.3005218951797346,0.3105540199917911,0.2603027644750675,0.2611943257726139,0.2803112613583423,0.3429270071329924,0.3165488682586357,0.310880915600471,0.2919019982150068,0.3004303769305032,0.3058809733376364,0.3391877069633757,0.3110146663886084,0.3041982161362568,0.0,0.0213406254283761,0.0259610060694015,0.0275964884155044,0.0283189110869379,0.0244842686267787,0.018990912242863,0.0228677960034175,0.0250487085859774,0.0281611597715745,0.0298913120432224,0.0251045910178859,0.0187919088394039,0.0215276267146009,0.0256763852810166,0.0286719667681438,0.0285564253818613,0.0252796593326358,0.1210914403496339,0.149191062851461,0.1409527740277383,0.1263899417307676,0.1145003696906385,0.1221202808998178,0.119260194868616,0.1278107965953374,0.1490970810686462,0.1172495287468393,0.1181465241480843,0.1105351405357666,0.1296127368625299,0.1604317141555391,0.143371082241849,0.1070609250126182,0.107548693356172,0.1167266764580468,0.1656494443686611,0.1598002923973034,0.1441880226361931,0.1531949651793205,0.1534396310573598,0.1504592839224621,0.1509314290709937,0.153775892569044,0.15379103780581,0.1513621243345255,0.1982326591354635,0.3574457979473315,0.2200662349437223,0.1747931109737699,0.1907932258241622,0.1557142479692288,0.151744395465375,0.225195792090922,0.2016326031179716,0.2029315504126927,0.2003967691113786,0.1897947932135935,0.204082589185468,0.2075064665284891,0.1945414010952362,0.2007349293232181,0.1876938394601204,0.2062029982289246,0.2179149506142828,0.2305887637721575,0.2044068383563413,0.2134083814653422,0.20342219512845,0.195416077911382,0.2046591748868742,0.2141423843360677,0.1858282475839878,0.1789438799995473,0.1647207268553501,0.1493502366934826,0.1625353797777222,0.1647085914473862,0.1552953163735573,0.1550615359861069,0.151478360959544,0.2920430102614197,0.2910041949266073,0.1634473269528911,0.1562837708657163,0.1732585407671081,0.1779036640091789,0.1627442078954679,0.1710238821338876,0.1821858896242965,0.1735502254986265,0.1833114697580313,0.1906068828686535,0.2836949752513966,0.24951479329426,0.2159744582915372,0.181287959037018,0.2230591163676578,0.1909475819957578,0.2451675717034405,0.2039075014884765,0.1858725082642003,0.1567838470949532,0.1766500820997372,0.1679014975171284,0.2829499768365693,0.2417690751022263,0.2022701652570475,0.1805270776113872,0.1945424057127773,0.1964232760535331,0.2314352060796807,0.1810629481254864,0.2006008603574081,0.1703137416158959,0.1931078364739633,0.1724459339279676,0.2412074350274053,0.1758212785743111,0.1953323526985251,0.1599734414898783,0.1796463061779007,0.1694758670953042,0.2369223545683034,0.172660776764367,0.2150382939353718
326713_11_consensus.txt,0.2154339670640084,0.2258740118439703,0.2300809372717154,0.2093665891878906,0.2287287213690838,0.2503172074335005,0.2085597296991395,0.2514319234414088,0.234930586409586,0.232284163227419,0.224980974206904,0.256031892967723,0.2366192424969817,0.2454626362605587,0.2383587405859764,0.2123665305630986,0.2268123909556507,0.2402380487645601,0.1730219586500467,0.1607074491439135,0.1707735547376359,0.1711582404624927,0.1663938390875614,0.1752456843359873,0.166808650493234,0.1545545155551728,0.164822370637232,0.1755053100553496,0.1706165382796456,0.1679068850528295,0.1674963140552421,0.1535253530495417,0.1549013862030435,0.1719287173592789,0.1638257965268579,0.1710499523136235,0.2581707939972659,0.263685646141333,0.2800102574469356,0.3224504596102235,0.2873588725543072,0.2976385856498211,0.249800180933974,0.2510353987438911,0.2691960171242193,0.3278123239803285,0.3033566369101628,0.2981669791630494,0.2804134644686868,0.2890817890450847,0.2940945095796223,0.3241099378957592,0.2975441714114346,0.2916251269848757,0.0213406254283761,0.0,0.0231179328041513,0.0236488138723309,0.0228961494772619,0.0208844436139976,0.0221407751926996,0.020052748503577,0.0226640511662417,0.0239855118501566,0.024132263519867,0.0214761845455377,0.0220606307419117,0.0195529441219513,0.0230945978909744,0.0247028332363399,0.0227746418334753,0.0210972582357769,0.1246772072335282,0.1540332337240642,0.147984981371497,0.1269414762387803,0.1147244761213812,0.1249913089651499,0.1235111553734924,0.130972101906913,0.1514649269856711,0.1179749040617252,0.1162260591855073,0.1108253034541384,0.1329354766564385,0.1639332255689218,0.1467236957190145,0.1067401355968549,0.1079013704396913,0.1194827065262664,0.1715753325472384,0.1653557947321431,0.149196000537259,0.1588007511187683,0.1589769088410015,0.1571067537832533,0.1578338777655261,0.1586229390215976,0.1595634820423725,0.1611180903295199,0.2119395817313147,0.3746582230660991,0.2358153368296101,0.1862949552639996,0.2041148603030329,0.1612514603120125,0.157257927774264,0.2363240230068832,0.1982217815530944,0.1992974208951565,0.197037415966971,0.1878396088187699,0.1992366449479909,0.2023451022572757,0.1904588482654325,0.1958174817441218,0.1848108314076597,0.2046281806291823,0.2145080992723294,0.2262020226627292,0.2010998689793623,0.2083096542791409,0.2011882747206925,0.1936794173978668,0.200363343378811,0.2096451206116008,0.1904899348662461,0.1844150329341047,0.1697648516475958,0.1554004535151598,0.1655933746270115,0.1688436247092397,0.1579312366084835,0.1598012299190756,0.1558431003208937,0.2964998628857564,0.2934388306726525,0.1679570998035622,0.1608181562437778,0.1787095805729635,0.1826920547617589,0.1676361542076065,0.1772819481163061,0.1875973261262089,0.1654759539252523,0.172615097524428,0.1805935556744629,0.268309675656539,0.2358095273993541,0.204416367961528,0.1735303345631322,0.2119252782004679,0.1811411404995766,0.2296740064995113,0.1916414247082905,0.176136655619512,0.1520288208563833,0.168268837662918,0.1605584908581221,0.2673543454173774,0.2278886202935055,0.1911471660960586,0.1767143830305855,0.190477605827084,0.191187492917912,0.2210320322641621,0.1833993685220036,0.1941076659016829,0.168281998786405,0.1920018161299808,0.1745732290119832,0.2291073653465716,0.1765009075467816,0.188640919255782,0.1592409955059466,0.1800587381120024,0.167542673808434,0.2251469169905711,0.1714181726462662,0.2061560805779194
326713_12_consensus.txt,0.2084418449730769,0.2169469279498983,0.2211632736192967,0.2020471189594985,0.2192878566902791,0.2424779021404539,0.2022232830358241,0.2441264364300295,0.2272183122376105,0.2253434108826901,0.2183808118438683,0.2477191158609883,0.2352788707925839,0.2430130650889204,0.2340000832472455,0.2059272517094648,0.2188027246510167,0.232408587012145,0.1770146912439472,0.1629284290033723,0.1742426012789586,0.1753119847693192,0.168541252030657,0.179590769164097,0.1696760732528162,0.1565247681355792,0.1674393838820265,0.1833403690862773,0.1753133172132841,0.1718699955152303,0.1724593624901267,0.1578081097347663,0.1580860399854415,0.175142519787478,0.1656263876668298,0.1745611719869764,0.2598714598466927,0.2653796203231131,0.2828449167373179,0.3284201278572034,0.2911648254082131,0.3011804348625055,0.2521458908025025,0.2537913751475571,0.2728024928262229,0.3352653247530632,0.308540444075561,0.3039117638544368,0.2852074048647495,0.2937654513168972,0.2996814638268112,0.3296178878790492,0.3016667494263103,0.2958650246988696,0.0259610060694015,0.0231179328041513,0.0,0.0289078079777738,0.0261088480762836,0.023476034878648,0.0267277858007091,0.0254645427930704,0.0221116150973372,0.0304048363015461,0.0279585295087869,0.0256730170455874,0.0263062758329262,0.0232144327661387,0.0204465555293964,0.0296737483836118,0.0261073534243863,0.0236043164813359,0.1273302620260281,0.1584123687237451,0.1490885513250859,0.1322332769265131,0.1188414367818886,0.1269220659551564,0.1260748476720152,0.1328150742477305,0.1521085576966214,0.1215987810896308,0.1200323012204442,0.1128954216653568,0.1384203386080926,0.161379103258497,0.1470889756936024,0.1102364556157766,0.1112707615893171,0.1235163024318168,0.1552049605366825,0.1496738704259392,0.1360396703565136,0.1464776833766663,0.146168708269478,0.1450797912410877,0.1429113764598,0.1450058004276613,0.1447131095518337,0.1495459905508269,0.1958728337434543,0.3513864636829744,0.2184331996028206,0.17255014805799,0.1887539307973327,0.1467217695498135,0.1422258135961485,0.2158295163995909,0.1879480711884014,0.1896752448732392,0.1878458646127825,0.1764991910278759,0.1887844790674471,0.1929067070849512,0.1799020250852372,0.1863343412872531,0.17541053818492,0.1957136262950989,0.2049841319799163,0.2175716575016899,0.1908086114027867,0.1992085302524628,0.189463115875327,0.183639593260505,0.1907631733558865,0.1997473017857345,0.185784132868001,0.1900975026693743,0.1742268239527717,0.1566260983596272,0.1683589265244123,0.1718347647150722,0.1561422812799335,0.1568722065106129,0.1592498378625428,0.2878311031478411,0.2949574050446095,0.1718972178504501,0.1632935795855843,0.1844099429352255,0.1886469534113324,0.1747294329426303,0.1811762826615215,0.1907072013510458,0.1629652164733634,0.1707793013254281,0.1796248142612313,0.2746820239702714,0.2377788963453184,0.2046586052045,0.1721347332176463,0.2130278141579253,0.1819927714665397,0.2329026717588327,0.1910586204695228,0.1740566036018798,0.1473375303510131,0.1662725163594238,0.1586059874074123,0.2731716107829633,0.2305680044286724,0.1898794147475939,0.1791414645685876,0.1924819233082928,0.1942805928683455,0.2270775360996637,0.1839558094393965,0.1968244040684368,0.1716263069417927,0.1930073909269545,0.1761031734866129,0.2350374899497538,0.1773073793497026,0.1924472416937419,0.1629119434120731,0.181450568990062,0.1703973363149273,0.2291047330486399,0.1736558902597877,0.2097390862956167
326713_13_consensus.txt,0.2208451162691211,0.2354484622348032,0.243485176444242,0.2165196802391626,0.241538135489673,0.2614964085603013,0.2136018894527609,0.2595598379880783,0.2478695542700393,0.2383346631409431,0.2344594579917505,0.2654855235168689,0.2390741373301743,0.2531022533944416,0.2514413353137641,0.2192836487844118,0.2380285136806676,0.2500925277071317,0.1770983599296549,0.1617614552508826,0.1762956817897532,0.1647455925291865,0.1681356292980496,0.1782840495093935,0.1717301758431126,0.1571891410870023,0.1707224937685794,0.1670092377720209,0.1689896942923674,0.1682610422061934,0.1700298428169055,0.1535887570917182,0.1590882154378157,0.1658656678005563,0.1659872076748598,0.172831615330864,0.2512245512163673,0.2569911923504833,0.2713209055607422,0.305909692268969,0.2758828228762517,0.2867238898140414,0.2439747500078013,0.2446764628015358,0.2618327583759168,0.3099729227985541,0.2892422778437833,0.2840286480240124,0.2712503798020726,0.2792694398601085,0.2816814996263481,0.3080552717926892,0.2860517816512633,0.2812254724989067,0.0275964884155044,0.0236488138723309,0.0289078079777738,0.0,0.0209696196391178,0.0219436292992405,0.0272947296417989,0.0233416453130139,0.0279239261341288,0.0194798882245734,0.0215381912185215,0.0228708645694801,0.0288833273507975,0.0231559915338017,0.0294285363896023,0.0186274647054141,0.0207322625188624,0.0222856144000616,0.1346309492527275,0.1621758750757429,0.1636661634723886,0.1276999019011242,0.1177100657598018,0.1334734516355737,0.1334956669716511,0.1406677960274862,0.162262873917065,0.1189982024396698,0.1153371706919088,0.1142166525695707,0.1409301295074456,0.1746956632584648,0.1568918210111327,0.1070117873331,0.1078304239981626,0.1260776033331936,0.1878922094080195,0.1767062714443668,0.1598725726804559,0.1661656403786402,0.1676304754998838,0.1672573303444267,0.1702129705987864,0.1681109018647362,0.1701091915401207,0.1743062912691151,0.232159677294554,0.3988252343131542,0.2618251923715107,0.2030583647255852,0.224475985821833,0.1699069620338136,0.1692241427148566,0.2588747367289343,0.2006963692366916,0.2012238662244314,0.2010036133728476,0.1933268636308973,0.2013410387881293,0.2025597162832433,0.1947165743378001,0.1972143044560894,0.187820625168662,0.2112016238185035,0.2147381992575816,0.2265976011624708,0.2035880579291742,0.2086165988437187,0.2045037869115447,0.1997649007324682,0.2013326725493094,0.2096992330669387,0.1923706979086645,0.1866184529750043,0.1723166260752435,0.1615589895007616,0.1686071386795973,0.1716964378787437,0.1622326137691345,0.1663340044587649,0.1595416566801866,0.2978553817103311,0.2981673404544267,0.1728209265327152,0.1632094605813741,0.1814829141223839,0.1868297920027117,0.1693472459246123,0.1808058223607673,0.190211668489745,0.1647733400050128,0.1676239028636885,0.1760445792779847,0.2506982284491599,0.2230476588227148,0.1971424966279968,0.1724442336164955,0.2047516634090413,0.1762547002078278,0.2130026870015058,0.1816734145929359,0.171241711473602,0.1544025513129447,0.1658768361930676,0.1596442750378592,0.2490245919851403,0.2149856646899266,0.1847718641393179,0.1700728217200016,0.1881634975745996,0.1828261087128524,0.2025655852250203,0.187014434266338,0.1838821888012738,0.1667733264721747,0.1925836608847397,0.1769829117506312,0.210276474574595,0.1802271070318326,0.1778697109552141,0.1585085500281025,0.1817899967806511,0.163956086652977,0.2056327582477237,0.170282818625143,0.1934741899769889
326713_14_consensus.txt,0.2189148886429777,0.2333916223642589,0.2410479633131323,0.2147487776762453,0.2383240208696087,0.2597023512232184,0.2117439430020127,0.2570791559853518,0.2444419468359093,0.2367898149155749,0.2321388726848638,0.2639476777037401,0.2368892264061379,0.2506680764016806,0.2473308306837829,0.2192281445708488,0.2355976091792655,0.2481943415920611,0.1734852157714073,0.1581448348059098,0.1727707924895796,0.1623927199903505,0.1646224520228898,0.174658179411665,0.1682822071330925,0.1526796556320881,0.1669072404435994,0.1667550048775936,0.1663218736578429,0.1652798238050863,0.1671542151848264,0.1511034984854937,0.1556452197188065,0.1628911735386253,0.1616889998883728,0.1700646017141593,0.249060991377604,0.2544489751201055,0.2693425490760681,0.3060814736021982,0.274236591511368,0.284819536058901,0.2417517738438128,0.2427049803050422,0.258734498939404,0.3105196062684854,0.289135317573276,0.2837761222816866,0.2697783732276519,0.2781994238003875,0.2813697125441265,0.3075615090102701,0.2839294937655907,0.2798853211109673,0.0283189110869379,0.0228961494772619,0.0261088480762836,0.0209696196391178,0.0,0.0203835496831743,0.0291287994719589,0.0218797334057896,0.0246193817396793,0.0212258977078825,0.0193038180972635,0.0206960028997542,0.0301663506158504,0.0220946915960169,0.0265291675717804,0.0211444158625617,0.0189329978783661,0.0209031220289155,0.1335322354308772,0.1621387392114712,0.1637707462554516,0.1282571591101415,0.1179195264604366,0.1329400855301052,0.1321910591118609,0.1392919210196446,0.1591841963176463,0.11944039790081,0.1141608666440099,0.1135235917452419,0.140229801239144,0.1713406055988997,0.154284774408012,0.1086233815729507,0.1087756135001427,0.1259383304034749,0.1901751876780615,0.1808037651873135,0.1635189123233438,0.1730960397737675,0.1733364647745645,0.173241479275827,0.1741902995036284,0.1721751536663909,0.174780857067553,0.1809676670411164,0.2382096775927955,0.4049729648816438,0.2666003841067947,0.2093775557560526,0.2304043312673478,0.1756341703262549,0.1721924713180307,0.2605358256873415,0.2009055544183411,0.2023095528993437,0.2007800917578599,0.1924274906330332,0.2008287426873707,0.2032815255126649,0.1944341789594297,0.1976177958368872,0.1874010413046498,0.212731040647796,0.2166365391054618,0.2288743593557853,0.2042729438387027,0.2098703190225883,0.2052496651971971,0.1993744695442281,0.2013946019406383,0.2106089194889406,0.1919699633422809,0.1872906960799021,0.1722750995937616,0.1611999106644219,0.1666946797398978,0.1714050743466124,0.1596176846815424,0.1628554769968815,0.1585583239517092,0.2967993923579364,0.2974713418566956,0.1720164417288607,0.1640193492041533,0.1816660782357395,0.1863046719475924,0.1705700846468509,0.1818464725391422,0.1903463928193147,0.1629726673839115,0.1671130029773593,0.1760542828037294,0.2525753335996441,0.2234429556417012,0.1958728316372386,0.1711468072805786,0.2039666382476426,0.1750189810126521,0.2139999719636236,0.1815540137854583,0.1701556216334765,0.153261422079133,0.1647435027200643,0.1586596508086657,0.2497464054869524,0.2156300928436714,0.1837509433858173,0.1724539922187276,0.1886696832119341,0.1847726562607974,0.2054668901214427,0.1898320691496877,0.184937672882345,0.168412289282859,0.1925540572895983,0.1790918486878041,0.2121940305724692,0.1827486001430358,0.1797078045925317,0.1606035158997834,0.1838797574081958,0.1658504084486338,0.2079455166634751,0.1739132024255809,0.1949012246585013
326713_15_consensus.txt,0.2148830489128954,0.2272112742304592,0.2327772146309072,0.2095477682542501,0.2306586007566728,0.2520938639433439,0.2078616018878882,0.2512485787199061,0.2375719991799485,0.2320463303306255,0.2261038580043042,0.257684873268257,0.2342328507533935,0.245356708691645,0.2401110580339818,0.2128227843167849,0.2287374507471611,0.2413116882277499,0.1682782589742011,0.1540566098450497,0.1666883032322843,0.1615787639297998,0.1608544609926667,0.1697483352980455,0.1626267103254086,0.1484367891266949,0.1600438221900617,0.166403651621728,0.163273130145118,0.1614041250286497,0.1623654317109135,0.1472815277760659,0.1506811980005444,0.1621177532492126,0.1577706064758253,0.1654102545945193,0.2512158728444085,0.2572487553900089,0.2723160050980908,0.3125863275493863,0.2788533743317742,0.2893545071979631,0.2434502322859089,0.2443803898175218,0.2627279549634806,0.3173238143314023,0.2946047650237382,0.2888868488738971,0.2729086046131392,0.2819040462284121,0.2860051978082616,0.3143325915768997,0.2893543954544526,0.2835255838818327,0.0244842686267787,0.0208844436139976,0.023476034878648,0.0219436292992405,0.0203835496831743,0.0,0.0251104973680185,0.0202061963099531,0.0215361005641305,0.0222646812559972,0.021228355853438,0.020033284407372,0.0252258584681008,0.0205254114471813,0.0234614411208227,0.022846469577793,0.0201125042459651,0.0191955344371983,0.1271123848072548,0.1563015923639774,0.1536097639992668,0.125798010765795,0.114924776177812,0.1268827352146431,0.1259174764443997,0.1327878383918417,0.1532694630478488,0.1172864403764109,0.1143947744212425,0.110700687863968,0.13500466212367,0.1654816531437042,0.1488753948400187,0.1068744780727612,0.1068520840695121,0.1209319287889485,0.1766413994373863,0.1690194244723528,0.1521995287845428,0.1625405716736949,0.1628521370228632,0.1615737081559913,0.1619750618563671,0.1619301545291556,0.1639173822634774,0.1674135578419466,0.2218999968360577,0.3867989706968906,0.2485543034433917,0.1947678018541694,0.2140641029856915,0.1652207050075631,0.1610961664301236,0.2448959058545377,0.1946811148532319,0.1957179924151475,0.1939212103583116,0.1853936682678565,0.1952223074979571,0.1978645417707021,0.1872690042233991,0.190971437532184,0.1807664665614652,0.2040762788622885,0.2107286245738642,0.2230701018890286,0.1983909562347783,0.204904805418252,0.1979423661827439,0.1907312002044463,0.1957152936050796,0.2049235103818887,0.1880824528347631,0.1824969978164539,0.1678799934653341,0.154816479963145,0.1633022430371546,0.166915567938382,0.1561613473919187,0.1589327790887971,0.1539107339947563,0.291890910873029,0.2915767366682971,0.1667478629716967,0.1595074271141925,0.1768634843973657,0.1807836997244827,0.166121725926132,0.1768814726406944,0.1856048892837307,0.1620615103033529,0.1676433076893673,0.175952158987819,0.2583519514201562,0.2276657263077517,0.1979592228710416,0.1705285727247485,0.2056678057677814,0.1756609093889736,0.2196991717045975,0.1845187059003912,0.1706651127584422,0.1502048888593385,0.164276957046269,0.1565474031969849,0.2568284444505728,0.2200267513495148,0.1853500758916588,0.1693306975365871,0.1851536708773373,0.182989552447232,0.2085973123054287,0.1826462571868248,0.1845083515022487,0.164333388954482,0.1879185294277832,0.1724449572228508,0.2158421887630197,0.1760730778677199,0.1792792246262422,0.1560395846339162,0.1769070917176343,0.162146586697002,0.2112541958833169,0.1685843861082716,0.1960945516889687
326713_16_consensus.txt,0.2188214483088302,0.2270590624653152,0.2294171944925906,0.2111942793562917,0.2293601698511516,0.2503513345326311,0.2128406119056052,0.2524922551434088,0.2360237274473178,0.2348305109275656,0.2267248199329117,0.2572703378001115,0.243111449759489,0.2493133273800083,0.2383949597408907,0.212837708961505,0.2278327568370848,0.2410888174685688,0.1814134741450992,0.1706405211780364,0.1778762823028223,0.1845739545696254,0.1768316411102191,0.1851670419034299,0.1736073412846224,0.1644140448163185,0.1729952164977852,0.1897713652579753,0.1821173160477016,0.178335274086038,0.1765934240807141,0.1633539538454123,0.1629884679468602,0.1858232668067891,0.1739098972227708,0.1811594289624025,0.2672837655754883,0.2725700279729466,0.2904412482497243,0.3361878691010851,0.2997083027997647,0.3089421115673652,0.2588517041778679,0.2597893667147772,0.2792992072480267,0.3413837711974778,0.3149988547131279,0.3095030913775503,0.290562987341282,0.2990252643920676,0.3046993814461096,0.3378032822487782,0.3096585690363156,0.3028827678238883,0.018990912242863,0.0221407751926996,0.0267277858007091,0.0272947296417989,0.0291287994719589,0.0251104973680185,0.0,0.0236335035651542,0.0256458927453522,0.0293689271271304,0.0309417091752841,0.026530017873025,0.0186541785609684,0.0227810298493658,0.0261382933798621,0.0293068360677928,0.0289570797527538,0.0257447561450767,0.1231072751636084,0.1520258248484793,0.140573494315479,0.1297646894317701,0.1165874758188536,0.123998142574365,0.1224672555539108,0.1303700390301259,0.1521499384947944,0.1204570523059338,0.1214244397360602,0.1132344087472887,0.1323579216060899,0.1626375271391396,0.1459894395648859,0.108796379955649,0.109465747194708,0.1192342000886519,0.1622454714255887,0.1565509211490336,0.1411191576883972,0.1501597802182388,0.1509086225235059,0.1482761368975751,0.1482695430290519,0.1508953202880327,0.1510882553811043,0.1482116433073486,0.1935998805713588,0.3523892774554582,0.2158031447420221,0.1707252904950706,0.1869204136893323,0.1531412735881474,0.1488893557865651,0.2208093934125301,0.2036769769817681,0.2053526241072312,0.2025845916417878,0.1921469275700218,0.2064953744233477,0.2104880343661825,0.1972029963725816,0.2035939251156229,0.1904146723838096,0.2082389672730116,0.2214808380074444,0.2335526020256431,0.2074509939850841,0.2158995569586608,0.2061223421864966,0.197753881603738,0.2080654137308286,0.2176286366239104,0.1897903169570938,0.182069089726685,0.168184152624633,0.1524394175816752,0.1659385260371237,0.1676622366672191,0.1586438300965689,0.159035012167557,0.1555980469694091,0.2959757700449508,0.2933083147700657,0.1663926551294672,0.1592278038406505,0.1761536574873652,0.1806006237132784,0.1655003655806197,0.1743562274463244,0.1857502070865706,0.1741425536805749,0.1841723832037303,0.1918661901917921,0.2871001902101717,0.2516787061279331,0.2177499300705747,0.1823254029827694,0.2252891630796654,0.1925301399743482,0.2472476519142681,0.2060609354163212,0.1875030667002484,0.1573792852740005,0.1787849905750036,0.1692865112651773,0.2865284149843852,0.24418038579946,0.2037320826440165,0.1834470102519887,0.1974467790231528,0.1999350432219273,0.236334296382612,0.1829507990626879,0.2047051738979313,0.1729233581377904,0.1956903511948056,0.176087542637763,0.2461610500513487,0.1777893590440911,0.1996589293918091,0.1625548952419464,0.1822689412978952,0.1735076515000493,0.24173327834934,0.1743163657061828,0.2185199092655949
326713_17_consensus.txt,0.2165500034189733,0.2283133557354446,0.2333518382477706,0.210497883844436,0.2313097868692892,0.253334981325942,0.2093462873316269,0.2526361612395114,0.2384401545462573,0.2332228885193998,0.2261824256197755,0.2588670449569683,0.233978720890871,0.2435013613115799,0.2374708409478465,0.2136778009236337,0.2297080830779663,0.2417208468439327,0.1686332736655416,0.1561934288140278,0.1666735491625885,0.1649214650236423,0.1621195736472813,0.1702230543807239,0.1629347387258874,0.1497587196953169,0.1602369985309444,0.1692033230845666,0.1651500711069609,0.1627335767111688,0.1626131198542388,0.1488874207176991,0.1515031080096349,0.1659297879703416,0.159710788939158,0.1670721454435053,0.2543739914018275,0.259907075500891,0.2752623691807372,0.3165508656320099,0.2823824216692578,0.2924349690868766,0.2459374872271915,0.2473499787676267,0.265047660377057,0.3210971522579768,0.2979714043916885,0.2919473953546934,0.275765553130654,0.2845455416896598,0.2884443742526557,0.3183700216256575,0.2926407526578423,0.2868963628959129,0.0228677960034175,0.020052748503577,0.0254645427930704,0.0233416453130139,0.0218797334057896,0.0202061963099531,0.0236335035651542,0.0,0.0221571782579701,0.0230256908882502,0.0222093135592515,0.0207631445319229,0.0238625654644693,0.019484009388428,0.0247993970917832,0.0239579752800302,0.0219308305282694,0.0204342223862248,0.1248863689298289,0.1522198079296401,0.1498010977631665,0.1251476331591021,0.1134421256608462,0.1255249405008172,0.123636566866665,0.1310809097464726,0.1514106308700569,0.1177873410282295,0.1149188579216335,0.1109445898646939,0.131085067970293,0.1633206963310804,0.1470169079690109,0.1068406130416832,0.1078916121020974,0.1193211367001403,0.1799193914391104,0.1748204699118005,0.1563463821313782,0.1680182755205521,0.1678843848100548,0.1659625651934746,0.165491669836669,0.1671124028215977,0.1685837589555561,0.1701515766228638,0.2252507337926559,0.3931518140633692,0.2510779063751513,0.1977326008990232,0.2173758663147609,0.1706385420426031,0.1666754901696805,0.2486737369784144,0.2011981410901704,0.2035759284571341,0.2002873348908416,0.1915626995725965,0.2029742578172637,0.2057073097778889,0.1940636916872122,0.1986842887942579,0.1868269037368861,0.2102001501623078,0.2185285573470139,0.2310908252344674,0.2052482480104274,0.2124255209748859,0.2058130061197083,0.1970120339278587,0.2042484878793615,0.2126588204696204,0.1903678011284952,0.1798278516022264,0.1650687151471679,0.1538839978625041,0.1623541367784042,0.1655968813898596,0.1562349627822001,0.1585226041073006,0.1518521896252096,0.2958214191244579,0.2931925272159716,0.1650335241911982,0.1590401713308118,0.1737735327412117,0.1774842653707153,0.1633645377785697,0.1740954869877029,0.1846129868174841,0.1650696679551799,0.1728014971205524,0.1799503952839956,0.2624589871075393,0.2322173976596424,0.202356605118986,0.1732495360925909,0.2091868054657233,0.1784796692816463,0.2257120836945176,0.1900720323742355,0.176002836705031,0.1541350457293617,0.1681779677112693,0.16070364993924,0.2613334153707924,0.2243367700582794,0.1898692139517521,0.1736983999389707,0.188990597200803,0.1871124267888078,0.2148101412752296,0.1848311915395051,0.1886839043310431,0.1666357592147491,0.1907050744908716,0.1744159107226117,0.2218708164734408,0.1787163866230372,0.183930471086164,0.1572527775032632,0.1790790384611185,0.1655906725915272,0.2183067739216646,0.1707380284241821,0.2001091554253449
326713_18_consensus.txt,0.2109299956255412,0.2212089755547595,0.2248586576344777,0.2051693730627661,0.2233040210051484,0.2459910445288287,0.2049265050684567,0.2467124601213726,0.2312344571689131,0.2286211113890992,0.2203121134130476,0.2520476344848994,0.2316319254577088,0.2404784884496997,0.2314205893190077,0.2088557348907969,0.2220280801503094,0.2361095715978152,0.1649008997138885,0.1522591014683705,0.1625258702051653,0.1645051290044108,0.1588835127061294,0.1674291430487784,0.1584463517841854,0.1457987909836688,0.1555217577865733,0.1723400612915888,0.1639820068300892,0.1607132410863592,0.1604365983278484,0.1473273776646451,0.1478657610579645,0.1652129162505176,0.1560064592501859,0.1637662317341508,0.253621646819159,0.2589510048977068,0.2754937159072028,0.3198597155760225,0.283480654138561,0.2935610636733479,0.2448161205073091,0.2459889812544702,0.2645518668306899,0.3252111452793258,0.2998900659014936,0.2945031186349069,0.2766778042337741,0.2850513941828012,0.2910759305531378,0.3212039844556109,0.293485720696637,0.2878679925356273,0.0250487085859774,0.0226640511662417,0.0221116150973372,0.0279239261341288,0.0246193817396793,0.0215361005641305,0.0256458927453522,0.0221571782579701,0.0,0.0280113759208475,0.0251393603974854,0.02300048621872,0.0256815230950735,0.0219765089949,0.021980372444343,0.0283582812122737,0.0243614816861494,0.0221230091021489,0.1196716433768116,0.1483509426974834,0.1435116865266188,0.1228583887212799,0.1114558734837594,0.1186417125388707,0.1184440327057245,0.1251804751139928,0.1447484069792679,0.1146792647431951,0.1115302118755749,0.1061553874645753,0.1278990677074709,0.1552185048185848,0.1400967395306125,0.1040753274393964,0.1048214415924206,0.1155748354629615,0.1670720414630793,0.1640806915150605,0.1471789265177783,0.1612460318450921,0.1611742668410265,0.1587395886920575,0.1559641449272,0.1583724344714419,0.1596473655731465,0.163115772805483,0.214717459120262,0.3767655372889393,0.2376269503226886,0.188813907942702,0.206574279180792,0.1623815225562204,0.1564179377879604,0.232774373609395,0.1925275271734214,0.19529756925278,0.1917072400058401,0.1818145301691807,0.1938569587065721,0.1979723607934467,0.1840778447089874,0.1907561088283458,0.1784800642437076,0.2016919652755966,0.2117129109232749,0.2239481089910882,0.1968468028512475,0.2051625331409319,0.1967095406961156,0.1879118494767127,0.1956724894658492,0.2049438499312224,0.1888797636311991,0.1826213814551174,0.1671572623679331,0.153851777408331,0.1641377176312879,0.1664473076869335,0.1555622231175206,0.1568081506663894,0.1527221349540859,0.2934946164808707,0.292867105222534,0.16671230398088,0.161246739968913,0.1768562225260517,0.1805691767275377,0.1675401805797598,0.1766891761641069,0.1854953823201945,0.1617696433586815,0.1706132680071803,0.1776279864710126,0.2665087189787058,0.2332875429044918,0.2009434426126546,0.1693913622952578,0.2084159092091546,0.1776488740725881,0.2277885384804534,0.189678132473432,0.1725077512784523,0.148968885207104,0.164949925565125,0.1567967256509668,0.2656353892503915,0.22560286726533,0.1876921327495111,0.1748812021567971,0.1893014368068222,0.1895323447673433,0.2204578341119152,0.1844390217354856,0.1918193666481187,0.167660611939894,0.1895250583291492,0.1740509902414686,0.2280701713822601,0.1768020690963574,0.1864375910155153,0.1589523733790372,0.1784827425885922,0.1664896558917767,0.2231583733311097,0.1712833354410321,0.2033863488639262
326713_1_consensus.txt,0.2260619206638132,0.2411223441372847,0.2488932926899245,0.2221742219530327,0.2465738674848481,0.2673557439410707,0.2188896223183292,0.2651504315218318,0.251774104802255,0.2444352162125227,0.2389362313568099,0.2721066177701061,0.2419068945122582,0.2555020623469346,0.2540904243697639,0.2254171866392411,0.2436231528213532,0.2555566962572619,0.1681083707323551,0.1532964320885526,0.1664732743257353,0.1570290931722127,0.1595721630256008,0.1693323849321011,0.1627113806726505,0.1485302824809551,0.1615451107230825,0.1591073177409505,0.1606231534688049,0.1599897209092091,0.1608064863637039,0.145362263862669,0.150574935131118,0.1577704325523328,0.15776867743444,0.1646945593304778,0.2458351895794415,0.2519891301221335,0.2664459978221174,0.2994972951212062,0.2701727100430844,0.2812656271904785,0.2387766784645499,0.2398904350137876,0.2567199789404384,0.3031252545619267,0.2833800395556665,0.2781633880748124,0.264966864024359,0.2741055937325392,0.2759859227154848,0.301832020918205,0.2800786532577888,0.2757504662894732,0.0281611597715745,0.0239855118501566,0.0304048363015461,0.0194798882245734,0.0212258977078825,0.0222646812559972,0.0293689271271304,0.0230256908882502,0.0280113759208475,0.0,0.0211603558657174,0.0223871223729901,0.0300966077800879,0.0234908534843789,0.0305146625777794,0.0193556561539836,0.0204889532481615,0.0229915814363863,0.1304883802481349,0.1569536976651591,0.1610741585347241,0.1230701520766537,0.1128708260747792,0.1285481917155628,0.1289225990373026,0.1354804326482259,0.1564819566514188,0.1148761856198952,0.1101714007294312,0.1104020320569567,0.1347295411862674,0.1695992352617068,0.1524054205718776,0.1033762767647452,0.1038436865416443,0.1215913878282961,0.1956569691218668,0.1860770332997923,0.1679988022753029,0.1760722448155363,0.1772211916631185,0.1766433864280117,0.1786866270307783,0.1773419027870311,0.1796924518141445,0.1834724593859569,0.2438755100011249,0.4137621822797754,0.2736082694562327,0.2141891955793333,0.2360469463969075,0.1792335773044371,0.1779979708103312,0.2691357781642054,0.2033823319343284,0.2047477401275657,0.2024242343340283,0.1947162146689791,0.203956971156515,0.2054573019991146,0.1969069245929233,0.1998821342620331,0.1894370751293905,0.2143047284868657,0.2184679422722126,0.2308817742763693,0.2070525793341211,0.2124620430409756,0.2081757067231464,0.2010666869098685,0.2035512197436517,0.2128184262817321,0.1963070443746772,0.1851536073856934,0.1711643068120416,0.1627163316511151,0.1679235965761449,0.1716108965702432,0.1639305520557599,0.1678807265800763,0.1576251687349845,0.3025166391713014,0.2978891566239596,0.1718746791721699,0.1635139788910038,0.1802963988809054,0.1849689797533926,0.1681714380319725,0.181492814906889,0.1910663589042158,0.1643402299848304,0.1674924241842319,0.1758295094491693,0.247736072971147,0.2218229969921807,0.1960779390449403,0.1715391666723107,0.2032133208379321,0.1741440202218385,0.2109400715561307,0.1810871118049419,0.1707400313750042,0.1554010002345691,0.1655727774535549,0.1592935945935281,0.245929439750558,0.2137474201166362,0.1840530095481725,0.168991780812945,0.1885803856712655,0.1813038740348282,0.2002067414385528,0.1875716144633834,0.1818387455309711,0.1653798695004553,0.1915359400077534,0.1763530886966293,0.2071684496556898,0.1810812046430712,0.1758697099055162,0.157634521058938,0.181447587313638,0.1633024077334894,0.2031592249653897,0.1717555839843356,0.1906450004848281
326713_2_consensus.txt,0.2225419421214063,0.237863056602027,0.2459165245320917,0.2185706043171542,0.2429898971060922,0.2637252737368634,0.2153745621044862,0.2607390125372717,0.2485195813964651,0.241107826475698,0.2356684647451352,0.2686754650021115,0.2367565360349388,0.2507665583832228,0.2491857806711905,0.2225341170816861,0.2398506950564609,0.2519952415020583,0.1632243140463991,0.147896579073528,0.1620868490105707,0.1515217751958957,0.1539064206225688,0.1636708786578751,0.1579267215300497,0.142721172996552,0.1559065721891883,0.154889189163569,0.1547390104439721,0.154502226777101,0.156501727683235,0.140841750123787,0.1466819939235009,0.1519335801649823,0.1521825499777875,0.159794584564139,0.2455752539380462,0.2513516093683634,0.2656125947230876,0.3009715184329948,0.2698085684563587,0.2809191170329157,0.2377132634809982,0.2391162734965419,0.255515280734695,0.3044936650273726,0.284758008533128,0.2786457325322899,0.2648739058056755,0.2741193239310178,0.2765590332691516,0.3032020523585998,0.2796546806808742,0.2753618413678218,0.0298913120432224,0.024132263519867,0.0279585295087869,0.0215381912185215,0.0193038180972635,0.021228355853438,0.0309417091752841,0.0222093135592515,0.0251393603974854,0.0211603558657174,0.0,0.0205246040559963,0.0319485947752582,0.022619280999951,0.0284487942169242,0.0214135563213488,0.0190774538809215,0.0208540086657649,0.1298132804753606,0.1577585145291422,0.1625827669380406,0.1238274049536727,0.1139416769240639,0.1294320113368101,0.1291151582688741,0.1359366552551044,0.1546422776565563,0.1159739449469334,0.1101151437050766,0.1110209352442055,0.1344203520563098,0.1679784056435345,0.1502047198739049,0.1060224270329222,0.1057479097547364,0.1225107030077268,0.1974304304599492,0.1892654060641412,0.170517280187088,0.1822642056601751,0.1822055630220447,0.1819519002095226,0.1821847502296947,0.1807836375937803,0.1841328348021917,0.1899416689338693,0.2518619327068521,0.4233096653018009,0.2813659617104633,0.2209860714627041,0.2431594422184098,0.1851799906964899,0.1809895419512379,0.2722040744470071,0.2003991675380589,0.2026319736558584,0.1997191007110892,0.191920196884098,0.2007471655894868,0.2022827459855563,0.1928901890757686,0.1967245079600772,0.1859266302847579,0.2129755345133368,0.2167436980668888,0.2290272929936527,0.204746553056772,0.2101011268011667,0.2065829146339055,0.1989160546416108,0.2005830827114678,0.2091238359746903,0.1935660455030046,0.184133758155049,0.1691139464389444,0.1613870752375206,0.1649592400462545,0.1687714109688194,0.1596815763958119,0.1635862976303954,0.1551268343249781,0.2992525947761173,0.2969835547959363,0.1705720769070424,0.1636228866244273,0.1791506070727173,0.1823260940428674,0.1682841787581068,0.180574307675613,0.1887159428021085,0.1629713201686975,0.1662963057227457,0.1735685216403375,0.2456276231305594,0.2196505050805903,0.1934183093956107,0.1695410761483593,0.1999015248017777,0.1711613995972598,0.2094196183264358,0.1793782660093725,0.1691294033207881,0.1549505460294753,0.1632242289548884,0.1574875960844828,0.2435911404044191,0.2115697272268306,0.1820942414960917,0.1674941264029286,0.1853296547775791,0.1787245071898198,0.1975600590552808,0.1872405767417007,0.178702575921239,0.1647874939298717,0.1894416147883362,0.1755621569133012,0.2036617473157811,0.1810279827063006,0.1731141199977486,0.1571164718180924,0.1800595978227086,0.1621655688732737,0.1994889103669805,0.1700761136969966,0.187890148539541
326713_3_consensus.txt,0.2194109597217135,0.2334325470180687,0.2390666003822552,0.2146079849564657,0.2367696694796848,0.2582857950178834,0.2127419885683394,0.257274645856743,0.2422538380151522,0.2376940278928287,0.2300135558011895,0.264370420675295,0.2350339738661517,0.2465632931109063,0.242492068890332,0.2182049829771521,0.2347130066975751,0.2475920472109578,0.1627568112647672,0.1502165676397986,0.1612217582112975,0.1568200626623799,0.1561116569454093,0.1644509675301151,0.1577136557660026,0.1440349093459794,0.1553690467871149,0.1617467635722285,0.1587088454169922,0.1567132112929741,0.1571203446417506,0.1428896402089243,0.1464549265910442,0.1578923877880811,0.1535997624399883,0.1610058333694581,0.2498115169582213,0.2551758534496109,0.2705651366472246,0.3096244665597645,0.2764116640770879,0.2870036153396604,0.2418796996329497,0.2429551336840916,0.2603250050936729,0.3140163352770813,0.2917606656599218,0.2864103160496825,0.2708276407315324,0.2794415135395276,0.2833839056106058,0.3113682592953921,0.2859565274577242,0.2815817831960032,0.0251045910178859,0.0214761845455377,0.0256730170455874,0.0228708645694801,0.0206960028997542,0.020033284407372,0.026530017873025,0.0207631445319229,0.02300048621872,0.0223871223729901,0.0205246040559963,0.0,0.0269140624147468,0.0209393983659715,0.0257659697523209,0.0234354611093579,0.0209086114265524,0.0201826648748024,0.1253840695214343,0.1530966559061326,0.1540566743090181,0.1230964798044524,0.111903773297584,0.1246546001850035,0.1238663239033819,0.1310496145579236,0.1515779449267995,0.1157500039247878,0.1106012898359161,0.1093290543250127,0.1304818366513096,0.1635301657544516,0.1459375580940616,0.1049939840835882,0.1054841319989954,0.1191518591686318,0.1894717747815839,0.1840401847148136,0.1647003593488492,0.1775189748787653,0.1775499476112685,0.1760415354606053,0.1751629930950216,0.1764245466340028,0.1785657498605104,0.1817098397452916,0.2402057833244555,0.4098600234416203,0.26679941616867,0.2110314819838983,0.2312602545988582,0.1800082357072518,0.1753361523313685,0.2610097735951981,0.2024807527015149,0.2044367546710681,0.2011293465272032,0.1924691514670513,0.2028767354011833,0.2056687630873774,0.19483170206205,0.1989315954356776,0.1867632088248854,0.2120739750771036,0.219139855163835,0.2316847867634734,0.2062784273667048,0.2132231854960018,0.2068690821924548,0.1983509927818048,0.2033829782552842,0.21268439490294,0.1933185187849773,0.1818771437030513,0.1671679253630067,0.157545416707542,0.1638865299936114,0.1678084626154614,0.1592864566251179,0.1613539645016573,0.1537735730657061,0.2994709833903499,0.295767741824573,0.1686834693630672,0.162727269941346,0.1762135012799959,0.1796379009729101,0.1663058498344547,0.1778656992110967,0.187467138571499,0.1632877516463473,0.1696186268650592,0.1765610348119075,0.2549596308001938,0.2264633731561254,0.1979769801275424,0.1701964090925294,0.2044080222923412,0.1751148542815173,0.218480961520413,0.1855056501471068,0.1728425690671216,0.1534790503892509,0.1655162950684285,0.159022416195409,0.2535534778932522,0.2186246480295004,0.1857054932924171,0.1712194089292467,0.1873723894181722,0.1833892094339262,0.2080607235093907,0.1866075705432628,0.184548794255825,0.165072254841796,0.1897238638887337,0.174518294570543,0.2146849998908919,0.179274407393926,0.1800351257902441,0.1575171702486457,0.1793888841515531,0.1639549728262856,0.21065523638498,0.17166633340263,0.1952550926109175
326713_4_consensus.txt,0.2194623502031731,0.2275789820559239,0.2282274140985123,0.212247754865178,0.2286064317656269,0.2500720625435555,0.2139302584903291,0.2528647201157099,0.2355082085692643,0.2356590288182332,0.227196209308957,0.2565916510340891,0.2446102020162648,0.2497804102784897,0.2382784338931465,0.2129362456278052,0.2271554411932399,0.2407309682703591,0.1807004880726737,0.1699864210849426,0.1768442661464035,0.1849152587968134,0.1762139207459014,0.1845332137356337,0.1732939898998111,0.1636633832617242,0.1714638184264281,0.1906608185836518,0.1819513471854534,0.1779126439638609,0.1761153238480801,0.1628607775283406,0.1617243549946536,0.1859761601374252,0.1733639704431411,0.1800308113151238,0.2709035609577199,0.2758715838081969,0.2941654836969043,0.3421467226171515,0.3040544926623312,0.3139911076850303,0.2620693407565184,0.2634594110241401,0.2836566938855078,0.3475080378044133,0.3202396105244247,0.3149778936229346,0.295082219569668,0.3037762498443896,0.3100665811431398,0.3431581517641504,0.3144540156696962,0.3072687438479917,0.0187919088394039,0.0220606307419117,0.0263062758329262,0.0288833273507975,0.0301663506158504,0.0252258584681008,0.0186541785609684,0.0238625654644693,0.0256815230950735,0.0300966077800879,0.0319485947752582,0.0269140624147468,0.0,0.0225344802428431,0.0257862820024534,0.0302363626385293,0.0302283242489309,0.0259554313631973,0.1202336996724326,0.1495408963840923,0.1381154881157087,0.1275090272169379,0.1152771367115157,0.1217743139190048,0.1189187202255013,0.1279739240540074,0.1489251257268478,0.118114163242545,0.1202844783764476,0.1113086564135805,0.130467716169452,0.1605042760802035,0.1428162404377744,0.1075201588901926,0.1082469497167615,0.1165824671573219,0.1583097136265863,0.1523788808732149,0.1377063710533015,0.1469949071591578,0.1465400521895539,0.1441847777101266,0.1442312352854173,0.1474837004358846,0.1476691800735423,0.1444619717182007,0.1889806074287356,0.3486175338691737,0.2101439813183176,0.1664814830871215,0.182083600100853,0.1495851918712496,0.1448057376232512,0.2163574406977417,0.1997871820787438,0.2017334249538933,0.1990816754757247,0.1883009877277217,0.2029565060548144,0.2075447976354176,0.1934009292132046,0.1998168204613364,0.1876429738527214,0.204299896137897,0.2177664645286832,0.2303056735444819,0.203243515045969,0.2128334015022268,0.2020445063136691,0.1940533460793609,0.2044948413060439,0.2142392400242911,0.1916251584934443,0.1845286287044771,0.1709290149943818,0.1542231646081795,0.1681053632336855,0.1704658420668465,0.1599907435408027,0.1604434291170662,0.1570093746985748,0.2955676504473565,0.2957298297636086,0.168387739903757,0.1610021834370307,0.1788086684141738,0.1837268140440606,0.1684222571721179,0.1761512126504243,0.1876500879360492,0.1751796072435638,0.1857058087544842,0.1930916004158085,0.2902497331798663,0.2539684294924775,0.2193722000645976,0.183632553004589,0.2274179291849805,0.1943413151047899,0.2503141604449688,0.2081330711623188,0.1887310798924666,0.1577177992450842,0.1791343652903165,0.169449189598982,0.28995449955978,0.2463892422130982,0.2057510902452364,0.1826285569086678,0.1955495262275342,0.1997703240312773,0.2364783033077913,0.1811842301541943,0.2042373353524418,0.1720157682307821,0.1940135423266937,0.1738265159332606,0.2463841377094375,0.1746614115236262,0.1990237057266455,0.1616758598746841,0.1804567298460568,0.1716306486989189,0.2421388160242052,0.1729612459749887,0.2187740283191281
326713_5_consensus.txt,0.21604141355213,0.227096961395425,0.2321391738993199,0.2102655735615286,0.2298152643435855,0.251339062051592,0.209218525818688,0.2514446040088103,0.2363032553611503,0.2328534426849486,0.226003404035854,0.2567459294305756,0.2364939880993759,0.2456324430460554,0.2386084391190479,0.2130835248438884,0.2273953852580668,0.2413015802289635,0.1687259248958916,0.1553731584765856,0.1664590909352092,0.165227321094413,0.1613844764027447,0.1704853361230611,0.1623887535744259,0.149459720137564,0.160106979880652,0.1704420668781026,0.1654880304070189,0.163082859079374,0.1629893008314162,0.1491064256159902,0.1508806957913613,0.1662360818728778,0.1591676052944635,0.1665286725563568,0.2583613403388867,0.2636268699118673,0.2800816860884865,0.3234239473321665,0.2875808908929969,0.2979984648882947,0.2502942535674357,0.2513638583962532,0.2695484898190798,0.3282140352179574,0.3036219202297374,0.2978832142144973,0.2809607945197285,0.2895627321849332,0.2945195945037717,0.3244080303992227,0.2977902412870534,0.2922798959653043,0.0215276267146009,0.0195529441219513,0.0232144327661387,0.0231559915338017,0.0220946915960169,0.0205254114471813,0.0227810298493658,0.019484009388428,0.0219765089949,0.0234908534843789,0.022619280999951,0.0209393983659715,0.0225344802428431,0.0,0.0231202929884553,0.0238625899970088,0.0216074658732736,0.0204654166971636,0.124914204168089,0.1531481095066773,0.1488022082628504,0.1261253307748333,0.1145509992299089,0.1246383974624834,0.1227227909953256,0.1307666765858357,0.1511779552291443,0.1175595563620888,0.1149375656317559,0.1099343056924979,0.1313813769944047,0.1618729445366185,0.1459011663531697,0.1067500480739056,0.1072106544050299,0.1191653190274735,0.1720058365633647,0.1661513736229309,0.1488375459056996,0.1593952123964612,0.1594162692179601,0.1576067173796644,0.1579141224421505,0.158770099175932,0.1599149433817785,0.1619384978196549,0.214560561521683,0.3791116514945258,0.2388159727408734,0.1875720322923442,0.2066550739913388,0.1620667513529525,0.1576672934577985,0.2385452565292176,0.1946206686599296,0.1966542968172078,0.1939316296782749,0.1846590516437238,0.1960563213533177,0.1992408926354585,0.1876281382069393,0.1927173621267925,0.1811886552002057,0.2028605481496441,0.2115183322048679,0.2239294780420166,0.1979090330330279,0.2055661075108759,0.1984155006937626,0.1911202380986978,0.1967971546589204,0.2061654161661685,0.1879039909151671,0.1814718133926263,0.1672672971050843,0.1538858831111795,0.1631221163167104,0.1667184696774768,0.1555559743508787,0.1576718515813908,0.1534086429604322,0.2933586376064099,0.2932156663010552,0.166611533653004,0.158978243546592,0.175912036050132,0.1800621711575978,0.1658753863752053,0.1751778890911133,0.1852133638224096,0.1644048255035706,0.1715935026217643,0.179380106364178,0.2655341043202099,0.232931997444453,0.2024094820283437,0.1721951698317561,0.2097858863080404,0.179159379479163,0.2272405225944211,0.1895439407955841,0.1745588196418523,0.1512282729246905,0.1666917208434029,0.1590771186215818,0.2642016514812475,0.2256213632941417,0.1894268706770141,0.1733521179984443,0.1883505259653333,0.1875236632133621,0.2156932826246063,0.1817784348904325,0.1898397509470832,0.1659987746174032,0.1897141484677504,0.1725981294254239,0.2237687313229628,0.1753584510532029,0.1842172152123566,0.1569006477814412,0.1774431192138763,0.164799349902271,0.2196750994022593,0.1697470246793813,0.2013286393073663
326713_6_consensus.txt,0.2097114190572604,0.218363770716067,0.2216826342809952,0.2039321442223638,0.2201870846087033,0.2438064261515009,0.2036705220581076,0.2445155699161318,0.2279434275017173,0.2262337931556111,0.2190411240352077,0.248525073931777,0.2366190863159971,0.2439310907644625,0.234076967427292,0.2067261410258822,0.2188671872283052,0.2334920287055837,0.1756223425180962,0.162241882581636,0.1728324407110548,0.175613333821559,0.1677072475992922,0.1783067894584036,0.1687442862854524,0.1552857908200877,0.1655929926858235,0.1840821093125768,0.1748937491807929,0.1709118333842703,0.1713259305931593,0.156955366607697,0.1573522874933566,0.1756720557118178,0.1649402725687352,0.1736785944166747,0.2630668826247202,0.2683936693830482,0.2864875570427045,0.3321621438947133,0.2946420168742207,0.3050635816509697,0.2551256797830525,0.2562867866758154,0.2764635586199162,0.3388943252212328,0.3121843486175244,0.3074370166132851,0.2876321603176954,0.2970103299598889,0.3033658695839349,0.3336272529809001,0.3051070183298847,0.2994932898295204,0.0256763852810166,0.0230945978909744,0.0204465555293964,0.0294285363896023,0.0265291675717804,0.0234614411208227,0.0261382933798621,0.0247993970917832,0.021980372444343,0.0305146625777794,0.0284487942169242,0.0257659697523209,0.0257862820024534,0.0231202929884553,0.0,0.030959931763185,0.0265799005698497,0.0236395627681069,0.1270074740113997,0.1579439978970533,0.148212324517388,0.1316596169422297,0.1188333324072488,0.1264207053510659,0.1252174043358813,0.1322256139430209,0.1515633448663536,0.1217379479772517,0.1205527382879871,0.1126119569911701,0.137155438732158,0.1609071245776085,0.1456837737919656,0.1104124595038769,0.1106909638524697,0.1227326417507441,0.1543937170191718,0.1488546253963427,0.1359173209201323,0.1475628663766635,0.1470953730327373,0.1452640828924529,0.142841283365037,0.1451682015307831,0.1453129602047838,0.14986518809825,0.1961774826938835,0.3515864351421811,0.2182137303197748,0.1733329230527331,0.1887026837037808,0.1475543328462976,0.142300810081128,0.2150933624436639,0.1889202580561644,0.1908897920896812,0.1885159885520941,0.1773921463247774,0.1899865819912349,0.1945314194081149,0.1806867647812637,0.1869876795265916,0.1766609093907689,0.1963672956713722,0.2072337155163737,0.2196107802257358,0.1920106781372581,0.2006958674741454,0.191356700592987,0.1843733592059315,0.1917172505476188,0.2010860321212533,0.1873097376675758,0.1902504284628854,0.1754516486794806,0.1580216181832092,0.1697191615057747,0.1732850043117402,0.158523149561109,0.1586776850583788,0.1602073555812779,0.2883717729996249,0.2970402286152662,0.1731480697409537,0.1644929107356603,0.1847023727218228,0.1900562502839022,0.1755436410303339,0.1828022774865978,0.1918176391559569,0.1637613454140698,0.1720318594956076,0.1813182898610215,0.2766261859927397,0.2400629775669394,0.2053373309986526,0.1721161900977463,0.214741568480413,0.1834386616841108,0.2351748424907214,0.1932678082437533,0.174252167452181,0.1475031974101206,0.1669584179919745,0.1581926081329498,0.2755829068701985,0.2321491825603558,0.1910716186945187,0.1794953444458791,0.192932942442912,0.1952184672649508,0.2279922721769907,0.1841230167859997,0.1972986662477325,0.1710893299003508,0.1923893830744241,0.1765290384732338,0.2368551639865153,0.1764453876372371,0.1923871194142457,0.1620619462088157,0.1810076617407503,0.1705459553159301,0.2311852708566135,0.1739588872323416,0.2099650379589874
326713_7_consensus.txt,0.2227171059003971,0.2371678983006653,0.2459963642346707,0.2185694510946128,0.243841912827456,0.2641995262011818,0.2163205129213423,0.2612833297152015,0.2499742508359759,0.2412584483567315,0.2366774397718316,0.2681720700075658,0.2405175310908589,0.2548308712123059,0.2532035980544656,0.2216659896456256,0.2411805491427543,0.2530487907361909,0.1731430137668255,0.1575667031931722,0.1725950428054474,0.159965918307801,0.1637388072480945,0.1748783094295056,0.1676892853692422,0.1535847141881525,0.1672108578937141,0.1624374946095592,0.1646323759808936,0.1645840241003391,0.1656331891238842,0.1499510878777457,0.1551967147824342,0.1613090979147813,0.1618512479695297,0.1690036866841282,0.2471713206999162,0.2525622860431831,0.2668612559220733,0.2999418550507045,0.2706581043819511,0.2819119543963495,0.2395204803871422,0.2406821539206411,0.2575729384868062,0.303611090505953,0.2834893806845784,0.2787877217283707,0.2659843112882143,0.274491887356092,0.276422473918906,0.3022522721751421,0.2806316344174036,0.2765158114049839,0.0286719667681438,0.0247028332363399,0.0296737483836118,0.0186274647054141,0.0211444158625617,0.022846469577793,0.0293068360677928,0.0239579752800302,0.0283582812122737,0.0193556561539836,0.0214135563213488,0.0234354611093579,0.0302363626385293,0.0238625899970088,0.030959931763185,0.0,0.0205477480061588,0.0232922283235019,0.1329248174729151,0.1609730402231868,0.1634560469934491,0.1256243750327215,0.1152402995288781,0.131370773938368,0.1317089415524677,0.1387523955149703,0.1607260227610112,0.1164707994755467,0.1122072281922648,0.1119490860390435,0.1383857286041099,0.173000012592233,0.1552418935751092,0.1042148425142492,0.1046828180763768,0.1245234429162103,0.1908322964443876,0.1789796569448896,0.1626452978602017,0.1686920965454881,0.1698806694344874,0.1703494921769994,0.173314112188919,0.1703243649584216,0.1730124819059604,0.1774432159432528,0.2365193601040047,0.4045604234581041,0.2667105253570803,0.2066502033766575,0.2291885462206941,0.1720313155967545,0.1714511005987375,0.2631198342070213,0.1990973536655147,0.2006129428135139,0.1996091407632825,0.1926367088076936,0.199687091204229,0.2017797473497999,0.1933887765050421,0.1962601576968055,0.1869705669185357,0.2104291866871506,0.2136482695137793,0.2256124786685731,0.202853349359998,0.2081672056238979,0.2036289668931594,0.1987298616017625,0.2001691469779274,0.2091284221856035,0.1944895366998871,0.1878390873025459,0.1744559208791756,0.1641957916422534,0.1704002021311126,0.1737619304941695,0.1647203985956551,0.1686672474764456,0.1612699948721463,0.2993302279302341,0.2992869947041434,0.1739238273201202,0.1648260219676949,0.1833997622986771,0.1888882047314588,0.1710234249826818,0.1825549587426422,0.192313969561944,0.1628419081130552,0.1652975598507566,0.1741128202802144,0.2469333932714441,0.2201623061885662,0.194594696508723,0.1704352924067897,0.202151405323562,0.1731296303278497,0.2090905646881893,0.1788326122557464,0.1689888775892782,0.1534563954873675,0.1633719528239687,0.1577876046755015,0.2450786224958285,0.2121684778244414,0.1817699228136007,0.168811662734047,0.1877262734123732,0.1809295250728482,0.199827075652756,0.1871358732621253,0.1818123432767713,0.1661676585585176,0.1912960047739424,0.1766877727522136,0.2070503337209999,0.1798235343697598,0.1760128571749533,0.1582743863937779,0.1822083416280264,0.1636358537401037,0.2029663773698935,0.1710674145075046,0.1907677048932079
326713_8_consensus.txt,0.2212803239064129,0.2361320186431079,0.2444843678051569,0.2182602789135757,0.2418361234794481,0.2628180461934022,0.2146585513621488,0.2608083033200756,0.2480366548903205,0.2403719477572465,0.2349646956293476,0.2685148627232188,0.2396861899605511,0.2530808581159789,0.250670468493162,0.2219770379207801,0.2380334097972323,0.2516330360619214,0.166197416007126,0.1505999364143129,0.1650860112921144,0.1547983321125414,0.1566756579281865,0.1667668207684158,0.1604195980463245,0.1458378668091455,0.1591706121664309,0.1582150332583047,0.1580038653808273,0.1569526968568553,0.1588352718831913,0.1433661825568322,0.148461878683733,0.1552858463869419,0.1540483060895745,0.1618834318401774,0.2482123877770838,0.2535726812671974,0.2681735449153066,0.3045617914560381,0.273273336453343,0.2839044832302875,0.240662463841307,0.2418241370654072,0.2586195584788981,0.3085060556947354,0.2875027036988982,0.2824002496099496,0.2683824247905662,0.2769478491668167,0.2796388082672081,0.3066542561738856,0.2828957152978226,0.2787898473205672,0.0285564253818613,0.0227746418334753,0.0261073534243863,0.0207322625188624,0.0189329978783661,0.0201125042459651,0.0289570797527538,0.0219308305282694,0.0243614816861494,0.0204889532481615,0.0190774538809215,0.0209086114265524,0.0302283242489309,0.0216074658732736,0.0265799005698497,0.0205477480061588,0.0,0.0204001492721701,0.1320222548973859,0.159961997470539,0.1633165055655432,0.1260434076822534,0.1156833593631887,0.13021266362923,0.1302034286806588,0.1369859047559991,0.1567524279842445,0.1179923632827204,0.1126650747240525,0.111878269988658,0.1371865771629572,0.1697414046147223,0.153591232974346,0.1072070570751506,0.1070409044351627,0.1235998982096724,0.1902433915626353,0.1816685758326066,0.1640526625395146,0.1737541407103506,0.1743549501380421,0.174159356769195,0.1751276355413793,0.1733220107728073,0.1759008237802213,0.1820731158655775,0.2413859317115374,0.4091342479864863,0.2699373793517381,0.2115909395791035,0.2329635806345393,0.1763073562660864,0.1734688393399146,0.2638834095635438,0.1968656822220467,0.1981011764402644,0.1961756499515168,0.1885404597933764,0.1964594340694603,0.1988563274584898,0.1903250345153395,0.1926117837578083,0.1828271506320149,0.2087100799756172,0.2125151767309248,0.2243301138462996,0.2003642914867782,0.2058142786583623,0.201133418529519,0.1953241268156738,0.1968066538715334,0.2059495803183182,0.1914724844844393,0.1848676007794587,0.1702155816526271,0.1601378728666667,0.1649959627528794,0.1692337902503276,0.1590925377211505,0.1626349078303377,0.156502630100725,0.2974019215725079,0.2971440521429187,0.1707644200735067,0.1625373223059298,0.1799632449820727,0.1846013526742318,0.1686911261569079,0.1798306801378082,0.1894629306750062,0.1618125191527966,0.1652902209438131,0.173894232323974,0.2484354625953777,0.2207388296712302,0.1938295192995269,0.1694462932820037,0.2015888666717558,0.1722932438445568,0.2107678460630637,0.1791737709109888,0.1684583943925304,0.15268310464565,0.1626128822176156,0.1570512081628692,0.2463144358630238,0.2125228865110315,0.1816141884876003,0.1677777179413269,0.1857830870658645,0.1789960783485327,0.1990470639709087,0.1864765685780653,0.1799184712172348,0.1632665265683179,0.1892551656948811,0.175664080960832,0.2052926212778238,0.178179231927551,0.1741084037800675,0.1566348466588962,0.1795948825059774,0.161984229917131,0.201423472897801,0.1698664931846849,0.1887546315301804
326713_9_consensus.txt,0.2167874828643476,0.2302664274257395,0.2351079533598472,0.2122752892447437,0.2326866903161502,0.2546181933379614,0.210425015415467,0.25445457250974,0.2404692142725721,0.2351285896968065,0.2285228162558681,0.2608343284974168,0.2361561271823262,0.2473050115427213,0.2421547593530917,0.2160093588283942,0.2308837832916559,0.2441294159387723,0.1673890792369903,0.1534835494308843,0.1660067598439631,0.1603820763221328,0.1589727443266788,0.1684821023752647,0.1613668156698864,0.1474860301629661,0.1598418168278712,0.1651359664266998,0.1619671682528469,0.1599307446730691,0.1610539789782628,0.1463738905925957,0.1497003094422346,0.1609016062422448,0.1562621268945641,0.1641861331208716,0.2523900357781592,0.2579783673415932,0.2729805518887715,0.3137775057771961,0.2797087470797734,0.2906583733821115,0.2444971304178302,0.2451866264047382,0.2635710234934194,0.3184899910125125,0.2959690406999051,0.2902109070457896,0.2741855054274786,0.2829207992263107,0.2868181978667046,0.3158306034751064,0.289707097711755,0.2842745681778567,0.0252796593326358,0.0210972582357769,0.0236043164813359,0.0222856144000616,0.0209031220289155,0.0191955344371983,0.0257447561450767,0.0204342223862248,0.0221230091021489,0.0229915814363863,0.0208540086657649,0.0201826648748024,0.0259554313631973,0.0204654166971636,0.0236395627681069,0.0232922283235019,0.0204001492721701,0.0,0.1270940620847405,0.155940272768575,0.1540212647938759,0.1260810270410743,0.1148432788293618,0.1268160031880398,0.1265039291103207,0.1330775423145525,0.1523451403696327,0.1170849040807553,0.1139345480999267,0.1108234990852388,0.1340277909716505,0.1659457057926268,0.149225681483184,0.1073232362063834,0.1072678889801075,0.1215365296509638,0.1795441757079352,0.1713693834082477,0.1549808064121869,0.1654674723521481,0.1657100548614742,0.1649460056880372,0.1644550108824525,0.1646409571239431,0.1666186331604962,0.17064439482062,0.2260659632081179,0.3924497217798972,0.2526261189741206,0.1988445017502016,0.2180172540521958,0.1679404825868324,0.1639264399770539,0.2484088480292392,0.194273512877217,0.1962998943596332,0.1937430266644959,0.1849915052770647,0.1943680752978274,0.1977680605924554,0.187200252204331,0.1914712365643609,0.1805702527450421,0.2041553055073137,0.2105472068147023,0.2230405546948759,0.1975494585338566,0.2047451800313986,0.19781570225053,0.1906561542792566,0.1953490956215304,0.2042452998038157,0.1869005306289146,0.181851553910338,0.1673933138804848,0.1551297424980333,0.1625646527585154,0.1667556850219789,0.1555055886795706,0.158470871308836,0.153682904975124,0.2914253527914638,0.2926680920955675,0.1670505174751184,0.1589726380640286,0.1764386046569512,0.1807046442896016,0.1666668200568359,0.1759934245273484,0.1850781831231813,0.162754909886857,0.1684853808180051,0.176729700889858,0.2580141708818004,0.2278613331433447,0.1979850779438656,0.1712109345456056,0.2061329522803454,0.1761648063192105,0.2197306030997978,0.1843258744960785,0.1711265858990884,0.1515268736423607,0.1644293252692428,0.1570445838394931,0.2566641217477077,0.2195970535183242,0.1857229654766889,0.1681696058161179,0.1839097504313223,0.1806194443820494,0.2065606345335737,0.1823118160845496,0.1823873930844648,0.1627900350610716,0.1873703312809276,0.1712674726679033,0.2134647913479703,0.1737964966881549,0.1769278491217321,0.1540066211574142,0.175862058717044,0.1607236851426776,0.2088003004362093,0.1665753243362502,0.1934453775670057
326737_10_consensus.txt,0.2379424834947272,0.2508225739645588,0.246420864690819,0.2327272855152458,0.2482943388729417,0.2719336774801562,0.2362066724345055,0.2719228168780319,0.2559077960317744,0.2565396279020646,0.2451584937502247,0.2784002512409635,0.2540488626781894,0.2580251848877424,0.2453604059744663,0.2299806291665476,0.2467834868129266,0.2610974680123625,0.1905795383625985,0.1888731090947679,0.188903482054318,0.2166146882144204,0.194540328942228,0.1971245196083018,0.1847689055514401,0.1840965674717836,0.1847583122306844,0.2270365067512045,0.2034000885668341,0.1978886931361607,0.1909742191127996,0.1856344087593129,0.177591036625099,0.2188171553966853,0.1920064721338725,0.1968558511659566,0.258180616177718,0.2646194893647262,0.2802909383984158,0.3237744070927384,0.2846317193750458,0.301552736397614,0.2475744998837434,0.2502187058821796,0.2726450291095581,0.3255650169651076,0.3036707030483079,0.2980168494483806,0.2788035828963373,0.2897186243396561,0.2946373108489233,0.3251039383131271,0.2962032894524569,0.2930310630778763,0.1210914403496339,0.1246772072335282,0.1273302620260281,0.1346309492527275,0.1335322354308772,0.1271123848072548,0.1231072751636084,0.1248863689298289,0.1196716433768116,0.1304883802481349,0.1298132804753606,0.1253840695214343,0.1202336996724326,0.124914204168089,0.1270074740113997,0.1329248174729151,0.1320222548973859,0.1270940620847405,0.0,0.0775419364325742,0.0838397812974776,0.0665376276651912,0.0518883859880787,0.057856925666627,0.0568951201279084,0.0678609615439,0.0853846258429271,0.0535493881148312,0.0545240659244612,0.0503456135387736,0.0593523586600746,0.0993876776863196,0.0797512028949327,0.0497332142409945,0.0489712149506331,0.0500372603174845,0.2373132650124532,0.245475924052581,0.2260225781470879,0.2526710160097281,0.250212682097537,0.2438951700737668,0.2335702741232665,0.2480264652029618,0.2451487800013936,0.237572002744077,0.2897171795342679,0.4547091141505888,0.2984351221026848,0.2638498418913073,0.2772501433107024,0.2522624223782443,0.2429327669584751,0.3050920154101995,0.2503384205211851,0.2562054090511942,0.2438212599154496,0.2340774380294519,0.2551918784379765,0.2616632701767472,0.2394826194325254,0.2551098475772448,0.2339753526004493,0.2515934050759867,0.2786408051219595,0.2917252378406694,0.258371853525503,0.2726662301634945,0.2561277922182192,0.2364906478151489,0.2567625601823238,0.2692131512979756,0.2849573087715775,0.2415987249464777,0.2365447386418253,0.2309387366036936,0.2436645075740493,0.2386153217742226,0.2469302409298812,0.2442269952261817,0.2241021965155347,0.3869917494424371,0.3640363286911103,0.2364435775949545,0.2334467037402916,0.2381533824496493,0.2469400640027537,0.2317256196189561,0.2405197955090656,0.2563132776689478,0.2236887013032316,0.2354758504524632,0.2422471907339662,0.3324634541940483,0.2993579758460711,0.2654194814757744,0.2304570760051021,0.2687654724407657,0.2414427555485012,0.2979156277926122,0.2604903848319679,0.234904605658027,0.2074527074266612,0.2249320705772248,0.2178004751041804,0.3349893616967279,0.2953317079885877,0.2583341804624979,0.2610453360750711,0.2754209766611808,0.2814530423232391,0.3207689721608773,0.2644490691826391,0.2867204200056967,0.2484441495051292,0.2703573875618339,0.2490766623460345,0.3349433064275011,0.2569389919441249,0.2804339377028562,0.2382243210342629,0.2533697732270816,0.2511712441729798,0.3330235760031677,0.2536752674416682,0.3002712570828549
326737_11_consensus.txt,0.2722044648787936,0.2867456632737664,0.2833510072233807,0.2687143353473296,0.2833041888375547,0.3075982832914867,0.2694957271222904,0.307336099598654,0.2919097581864562,0.2916859457897338,0.2797241730990834,0.3127665061059836,0.2821958645307241,0.2883177522053977,0.2773228888253953,0.2647706175007691,0.2830309965521493,0.2961562181897292,0.2126596084145937,0.2108804247720144,0.2097917624879812,0.2383828295161407,0.2172865170692048,0.2187014484248095,0.2073177247769955,0.2073088842461565,0.2069238968347697,0.2472765963981018,0.2248154131008988,0.2197128458358435,0.2117138032657202,0.2085484007656148,0.2003701852456103,0.2411805601604371,0.2148755991951887,0.2185421815834161,0.287422692729411,0.2947814294329696,0.3094858221155192,0.3500332480614077,0.3125325834385464,0.3294996811854034,0.2763412416348103,0.2790447864048246,0.300756729769887,0.3520073313550647,0.3304684814048038,0.324234009668416,0.3073830828911497,0.3173917863082884,0.3212634712617692,0.3510629641105822,0.32453182707156,0.3207476866203151,0.149191062851461,0.1540332337240642,0.1584123687237451,0.1621758750757429,0.1621387392114712,0.1563015923639774,0.1520258248484793,0.1522198079296401,0.1483509426974834,0.1569536976651591,0.1577585145291422,0.1530966559061326,0.1495408963840923,0.1531481095066773,0.1579439978970533,0.1609730402231868,0.159961997470539,0.155940272768575,0.0775419364325742,0.0,0.1055070898791754,0.0882170980805234,0.0769891082560398,0.0824111520136874,0.0811616612310572,0.0924676852639123,0.1114545562353868,0.0791755377332847,0.0791856729201718,0.0766181400619068,0.0811304624748956,0.1250296689003072,0.1070724045156588,0.0757040411661762,0.075325907145725,0.075804022936893,0.2755502691689671,0.2861687579168226,0.2631054225248235,0.2931154706170567,0.2905067208615861,0.2833174764599206,0.2721391040058627,0.2872353766012843,0.2844285451978088,0.2758133864935423,0.3336257069305759,0.5051852025046202,0.3439980090086081,0.3053162889880845,0.3206620281439676,0.2917292011078913,0.2820969542638423,0.3440313512465387,0.2839161258814506,0.292163976363625,0.2778341364011396,0.2676447415498657,0.2904180356900845,0.2964346914392628,0.2734588572949832,0.2885565032239547,0.2664632420538488,0.2879305839940862,0.3136840530935139,0.3271097507551275,0.2925520076739261,0.3076736246121072,0.2903889903713654,0.2711919952309998,0.2909294402032465,0.3033567682355631,0.312678846347957,0.2604678424536573,0.2556821233401756,0.2560939497662531,0.2667486771088647,0.2600553632086715,0.2735109845299668,0.2705185113236581,0.2438030748612263,0.4135768697485176,0.3891328957464033,0.2598662800114866,0.2579463482553699,0.2583270067143637,0.2654036185008444,0.2528793007012453,0.262098881584798,0.2785530455689766,0.2496279325134303,0.2617266193779528,0.2662854428376064,0.3496662663585645,0.3202628391037656,0.2878557243349284,0.2535613958459883,0.290641985859601,0.2624703727591893,0.3181620807702359,0.2844522820080435,0.2596945208976109,0.2360497724625645,0.250698632995725,0.2433962479703666,0.351637225368254,0.3148671842000148,0.2816963799560739,0.2850026307285134,0.3026289782913025,0.3059801703984881,0.3428548753619118,0.2942846565576111,0.3099500577302656,0.2743821021660046,0.294572379670587,0.2741989285049868,0.354828643542497,0.2861238560381345,0.3029642136819888,0.2643565348845769,0.2815542236192137,0.2761984622016129,0.3546988947738434,0.2792800176510823,0.3228732039585686
326737_12_consensus.txt,0.2625792988870472,0.2701833840684031,0.2621781386430584,0.2558036499086817,0.2634047625856297,0.2871290604805168,0.2600073440816217,0.2912767894756491,0.271617562992045,0.2796239494433656,0.2654726723501142,0.2946506387008227,0.2862852240578277,0.2836133516010335,0.2671064933431708,0.2505184392816915,0.2653412279753055,0.2788913440606251,0.2337472778427205,0.2337464809020275,0.2288933846386029,0.2673583944604907,0.2386277220608512,0.2427450598024734,0.2268918385754723,0.227488195956603,0.2247012052751635,0.2805231420392928,0.2511042711319504,0.2439857568200949,0.2349280311820401,0.2309996883326235,0.2181353990977115,0.2695214939483179,0.2367446611650514,0.2423336436858676,0.3136852907795244,0.3199816026995457,0.3382964653026121,0.3909918959213918,0.3469491306242354,0.3627396727505925,0.3021905698019225,0.3061618930660543,0.3296607609862079,0.3948390348318291,0.3674028676205978,0.3621221261515934,0.3386367174755023,0.3497724692974486,0.355502880642323,0.3914446787348424,0.3595009163560689,0.3546695541059925,0.1409527740277383,0.147984981371497,0.1490885513250859,0.1636661634723886,0.1637707462554516,0.1536097639992668,0.140573494315479,0.1498010977631665,0.1435116865266188,0.1610741585347241,0.1625827669380406,0.1540566743090181,0.1381154881157087,0.1488022082628504,0.148212324517388,0.1634560469934491,0.1633165055655432,0.1540212647938759,0.0838397812974776,0.1055070898791754,0.0,0.1020198698070302,0.0880471498291939,0.0857705989668993,0.084669092644571,0.0970264719766618,0.1132186888882671,0.0922148304588503,0.0972695316886174,0.0853413318924296,0.0922319103179205,0.1251679354804906,0.1054041360473831,0.0855758914140913,0.0862932146584931,0.0823459825518284,0.2288084524980504,0.2387976492608814,0.222582201688958,0.2485562961619081,0.2456957465113731,0.2365639308227933,0.2258043954448325,0.2422438813399061,0.237939644428252,0.2278315027013064,0.2688307480007772,0.4245111872521434,0.2727593946951927,0.2477888256526128,0.2562703068123682,0.246822118591055,0.2352832919833005,0.2829890554179286,0.2745796708608878,0.2814298429429414,0.2692006446191222,0.2569150782665552,0.2817026164586238,0.2911769162028648,0.2641541142403198,0.2818379889426197,0.2608398461163901,0.2740732328217632,0.3056611586697997,0.320347916905856,0.2830888575170434,0.2994986871493701,0.2793994842253688,0.2586162265189422,0.2854189988218607,0.2987166218309838,0.3107495683357335,0.2738242865443716,0.2667168508374189,0.2566339158364776,0.2751500944323695,0.2676183974620585,0.2750276292694522,0.2699692468944974,0.2542931670018653,0.4083114795038085,0.391722799031811,0.2661851727908093,0.2638143132729098,0.2690597025480024,0.2766847373908341,0.2624798010840834,0.2698504743887184,0.2866619636251748,0.2512537324736392,0.2700640781870014,0.2764595540818497,0.3843677355712493,0.3432237626532597,0.3042804955799134,0.2606724832673635,0.3077557825742651,0.2769556201266532,0.3462916948461796,0.3017306514500504,0.270087894811283,0.2319209970590954,0.2587723624515021,0.2481186974031217,0.3864118563990431,0.3404482035211202,0.2946660050529175,0.2943610282900799,0.3028566806450961,0.3175216682145105,0.3699791843022773,0.2849693134535975,0.3222876237141676,0.2772941168557601,0.2951516115037904,0.2707449583641903,0.3835954291726153,0.2763966565813156,0.3186799025542157,0.2634947023502789,0.2775707003244534,0.2807409231818099,0.3818721864569419,0.2785174132704355,0.3422027695825065
326737_13_consensus.txt,0.2453525412458326,0.26526636191997,0.2665046469325887,0.2435452399428541,0.2654828524943298,0.2886109406222381,0.2417481265836549,0.2841574034264091,0.2720204762686329,0.2669430033254443,0.256792970480312,0.2917041088897285,0.2531780316644365,0.2661382383257766,0.2622885872970677,0.2400019056852755,0.2615548702606887,0.2758050034318273,0.1933093597374799,0.1884577468189938,0.1925869641270985,0.2080966577662728,0.1938805497877282,0.1993816166416557,0.1899271307523875,0.186276145172517,0.189797255570749,0.2144497967487915,0.1978224658264658,0.1961335373232771,0.1912032007772488,0.1849295849411056,0.1812763303437634,0.2106788193845687,0.1937697682764572,0.1967819782138029,0.2440941488793768,0.2518576548041089,0.264041691179905,0.2970773236027355,0.2658693680487971,0.2830488431711266,0.2361580792398463,0.2379581371022681,0.2571200866519767,0.2972432311202411,0.2804815017188495,0.2746029346675627,0.2621278309077404,0.2725842189163607,0.2728400651544618,0.2989132398920517,0.2758383139066218,0.2742950225177551,0.1263899417307676,0.1269414762387803,0.1322332769265131,0.1276999019011242,0.1282571591101415,0.125798010765795,0.1297646894317701,0.1251476331591021,0.1228583887212799,0.1230701520766537,0.1238274049536727,0.1230964798044524,0.1275090272169379,0.1261253307748333,0.1316596169422297,0.1256243750327215,0.1260434076822534,0.1260810270410743,0.0665376276651912,0.0882170980805234,0.1020198698070302,0.0,0.0490674056194748,0.0635852909879943,0.0646702838252473,0.0764427698045082,0.0947693526693029,0.0507742180927621,0.0480197143579488,0.0504583988575753,0.0649301378139739,0.1125124913127848,0.0895922342087018,0.0478673310263992,0.0468231251001611,0.0569140865693214,0.2739644529256395,0.2775075743031223,0.2567553155620174,0.2806416577456616,0.2796285101591884,0.2743594692219488,0.2667300130898837,0.2770180475427111,0.276008190479267,0.2718811873610995,0.3350462741037141,0.5085461474294313,0.3509609630813202,0.3046650203622079,0.3232595047880515,0.2808760323183108,0.2741369717953397,0.3490913891976213,0.2644548329964209,0.2695739425843797,0.2576406001093687,0.250444260752328,0.2694513556468152,0.2738373307371446,0.254453432342963,0.2670369503154717,0.2476847730798681,0.2704382868360184,0.2909451259104401,0.3039584569368969,0.271783677330415,0.283796559279331,0.2716557527990701,0.254259372273399,0.2689408270574525,0.2800774761613027,0.2828343151785191,0.2354833568138588,0.2306597976966529,0.2312149290745822,0.2380551606823715,0.2324833994306487,0.2435962582380781,0.2440935582240868,0.2173256289932617,0.3880178986073765,0.3662127595533633,0.23370704440417,0.2288289360325421,0.233027795998872,0.2399168874204562,0.2251612736457922,0.237121004817034,0.2514836877258979,0.2167301457785129,0.2230845112000459,0.2305477516193654,0.2995354468425937,0.2752213471013576,0.2481419292298063,0.2221603961059948,0.2509290416571303,0.226926279964541,0.2687690772605577,0.2414692086355074,0.2231628418647204,0.2073934874072094,0.2158559388625676,0.2120124515947736,0.3012290351497526,0.270319907116388,0.24183192830791,0.2565146821101223,0.2750915171756993,0.2733309443143277,0.3000409790360621,0.2726152825958792,0.2747364887284256,0.2469037239483569,0.2728754004123388,0.2545535016966127,0.3107146566987744,0.2655630137118123,0.2691411043446621,0.2411936773657501,0.261048534842125,0.2502307420796974,0.3107301887952793,0.2573477162737383,0.2850467498293305
326737_14_consensus.txt,0.2299198397136592,0.2487947052377492,0.2502885490203113,0.228081847737755,0.2489855036990249,0.2727237267301561,0.2273198444127757,0.2687517308528839,0.2564681991704098,0.2516413552392684,0.2413768015864619,0.2770220422586824,0.2417505384936973,0.2525360700167951,0.2471294473305398,0.2253364880380957,0.2456317659726252,0.2603901471641592,0.1841788427731003,0.1787655074527023,0.1826497270934268,0.1997642041293303,0.184435079947022,0.1906269889171348,0.1790854276191638,0.1757282265705839,0.1795147374619716,0.206529776081588,0.1899919818601319,0.1872650544179812,0.1813062161301459,0.1750299190870343,0.170327677287478,0.2014809278358349,0.1835603639798719,0.1878592961720571,0.2348196757851113,0.2408155418800284,0.2548277137574075,0.2880292018303549,0.2563490937883088,0.2729418984914353,0.2258950471474605,0.2275316348732943,0.2475414388773344,0.2898895767694469,0.271790401222848,0.2665092389187578,0.2526877706972179,0.2631081266265447,0.2640223574494023,0.2909812873225483,0.2665936105331781,0.2650178052843017,0.1145003696906385,0.1147244761213812,0.1188414367818886,0.1177100657598018,0.1179195264604366,0.114924776177812,0.1165874758188536,0.1134421256608462,0.1114558734837594,0.1128708260747792,0.1139416769240639,0.111903773297584,0.1152771367115157,0.1145509992299089,0.1188333324072488,0.1152402995288781,0.1156833593631887,0.1148432788293618,0.0518883859880787,0.0769891082560398,0.0880471498291939,0.0490674056194748,0.0,0.0499125703717737,0.0514505962413451,0.0636039507494139,0.0820402323960927,0.0397661740415173,0.0363814090181762,0.0386648432856198,0.0526195443269017,0.0976960310992964,0.0761177459262114,0.0354046678116581,0.0340812450822411,0.043980550197233,0.252490779868431,0.2558661982547363,0.2353378998142368,0.2590308553954159,0.2578657435487912,0.2523724232093549,0.2441236082738633,0.2553933166563809,0.2535618842578842,0.2490338860303502,0.3091807459776312,0.4811567976515647,0.3252177574515613,0.279881428967208,0.2983201944767444,0.2585041530527121,0.2515777055345545,0.326607720068921,0.2476011019729398,0.2529851478445657,0.2412330029688441,0.2345134763778134,0.2528442970035058,0.2574852421137912,0.2377576358307536,0.2507431642102276,0.2312258254668968,0.252824304631865,0.2746091062266274,0.2872505381723584,0.2558069706281571,0.2673815063159708,0.2547910949406748,0.2378862190762021,0.2528493157872482,0.2645251727306679,0.2713834798317478,0.2250806279977162,0.2199947020886306,0.2188352423863051,0.2266848414652464,0.2214134644739118,0.2328614537246807,0.2320050447820634,0.2068190443128124,0.374810504331613,0.3558744888598752,0.2224753300668069,0.2181627063198306,0.2227703482491705,0.2298958799678807,0.2144826030013362,0.2265117365529221,0.242048606640381,0.2053317543517856,0.2124563820689609,0.2206110463158239,0.2933778900333301,0.2667136996722483,0.2383205914349631,0.2112277500885291,0.2418185042089895,0.2168690309894358,0.2617224122578854,0.231585488882672,0.2128930714758823,0.1947987867650802,0.2047528345096942,0.200708491512227,0.2949899757277023,0.262096123941987,0.2321095607840462,0.244468148980232,0.2621141903772255,0.2614479404616929,0.2902098514272424,0.2584868559778641,0.2636856973179142,0.2343339433302489,0.2592741633199686,0.2392285271308587,0.3014568117520291,0.2495544813584089,0.2576209721694802,0.2262747742229827,0.2472447227313665,0.2371365347558587,0.3005860069747825,0.2428328916561355,0.2736352676286877
326737_15_consensus.txt,0.2373982156871932,0.2509013088104339,0.2476490549414443,0.2326932539700088,0.2492619152993214,0.2729328134162543,0.2347766449858781,0.2710804641181461,0.2558478558003223,0.2562627577895036,0.244571167638341,0.2785245747357123,0.2515730327977685,0.258334092465116,0.2471201768480568,0.2296100406466834,0.246821304611867,0.2630669343830725,0.187071273465083,0.1849334279869054,0.1860553600518422,0.2119595329977954,0.1910634593316125,0.194590464758626,0.1821398576994504,0.1807676075297344,0.1809775047368376,0.2220768433818314,0.1994843045651677,0.1949609045604248,0.1873228628479104,0.18219741670665,0.17419141465421,0.2140161694170004,0.1895593228352119,0.1943494995707659,0.2529414642088348,0.2599017549691034,0.274856190427819,0.3163402558325892,0.2798490924566792,0.2955238516247043,0.2431343388565388,0.2465665480389702,0.2666287213709353,0.3189665263874168,0.296902702345573,0.2916410739192088,0.2744170567541317,0.2846718428410391,0.287594852632214,0.3178191805050758,0.2899650018263706,0.2881422050277926,0.1221202808998178,0.1249913089651499,0.1269220659551564,0.1334734516355737,0.1329400855301052,0.1268827352146431,0.123998142574365,0.1255249405008172,0.1186417125388707,0.1285481917155628,0.1294320113368101,0.1246546001850035,0.1217743139190048,0.1246383974624834,0.1264207053510659,0.131370773938368,0.13021266362923,0.1268160031880398,0.057856925666627,0.0824111520136874,0.0857705989668993,0.0635852909879943,0.0499125703717737,0.0,0.0551278264183707,0.0675294992887955,0.0855592521404133,0.0545518358165679,0.0528815110586258,0.0488871060193645,0.0611324045393111,0.1015775509944916,0.0803634195305136,0.0498620139912482,0.0500726753056355,0.0506616068860239,0.2380176320390319,0.2466700165574238,0.2269321050843444,0.2536659008147239,0.2523064868780764,0.2449791673400199,0.2339630533199361,0.2489824288335498,0.2454255359586348,0.2391871294748284,0.2939056890765137,0.4593794373195763,0.3037530889408799,0.2677816382050011,0.2827688517025066,0.2522779759004727,0.2432248721632888,0.306403821712248,0.2477797339327452,0.2542786243068349,0.2424582115348457,0.2319925022972064,0.2524926994163721,0.2599849379672108,0.2365794590891639,0.2515688425669289,0.2315910241270273,0.2507414370212117,0.2776163757695293,0.2899609200758704,0.2560018047182275,0.269996042549991,0.2553005304760205,0.2346625759488319,0.2546465431240783,0.2668902431731759,0.2831967687366159,0.2378080144245054,0.231323327648063,0.2278143117000155,0.2393583505003746,0.2328975693336588,0.2435030220881699,0.2399618137287689,0.2176612314904424,0.3833439185997633,0.3635366703772504,0.2328962171334119,0.2314053205371067,0.2337899961151421,0.2414648070331182,0.2275379700348025,0.2378219297424877,0.2526970813052465,0.2147779740154156,0.2265677409193927,0.2324063538526708,0.3181117042166725,0.2860938957660721,0.2539344652549928,0.2203632213368678,0.2567686451718138,0.230628307375948,0.2848236722955022,0.2496474917300339,0.2258853910973179,0.2007766448779548,0.2170986796513965,0.209941656672342,0.3209999914415071,0.282023668590007,0.2471015055253893,0.2614569942798681,0.2767502897736591,0.2811678573454763,0.3177541281262606,0.2674315987595363,0.2848682066979862,0.24783886577233,0.2701784841583006,0.251504465592486,0.3298449888382606,0.2605487425151906,0.2778301397192209,0.2406613698461726,0.2577338062009779,0.2508457856890551,0.3289869822395665,0.2571276299653,0.2972094256041231
326737_16_consensus.txt,0.2404990963322149,0.2550598456094377,0.2503192728328187,0.2350267526057905,0.251165596086448,0.2748669357940656,0.2377143064438307,0.2725378226453223,0.2587745194159083,0.2586220475925138,0.2470747802882904,0.2800382044590712,0.2550908595736487,0.2611638197897932,0.2489574437012294,0.2321153090005978,0.2491902600755935,0.2642289557191049,0.1903383557124414,0.1883237027517559,0.188862561307026,0.2156710727615873,0.1930088651825912,0.1983106092081996,0.1849776000868033,0.1838452502214238,0.184410118050085,0.2263449232050618,0.2021552486786468,0.1981823104877023,0.1902195768414074,0.1852095680709453,0.177171226562006,0.2183305670065536,0.1931956053361361,0.1969001472591216,0.2624238451061735,0.2694166833327536,0.2855193760398578,0.3273650720839001,0.2893208644693672,0.3065939478558519,0.2524323446948209,0.255272930213529,0.2763368648804274,0.329221824066618,0.3073758821576007,0.3015897316409095,0.2838827993940285,0.2944933133721825,0.2979174170845304,0.3278233262927763,0.3000018186633042,0.2970038157308678,0.119260194868616,0.1235111553734924,0.1260748476720152,0.1334956669716511,0.1321910591118609,0.1259174764443997,0.1224672555539108,0.123636566866665,0.1184440327057245,0.1289225990373026,0.1291151582688741,0.1238663239033819,0.1189187202255013,0.1227227909953256,0.1252174043358813,0.1317089415524677,0.1302034286806588,0.1265039291103207,0.0568951201279084,0.0811616612310572,0.084669092644571,0.0646702838252473,0.0514505962413451,0.0551278264183707,0.0,0.0667440331974411,0.0873517456316399,0.0545878109412285,0.0535445559368064,0.0495872710311466,0.0592231187204141,0.1009971995702372,0.0794185402907245,0.0492044397328577,0.0491246356871073,0.0519909055123655,0.2379408447859674,0.2452052249924392,0.2257351401797436,0.2529149726838504,0.2506248786168363,0.2434512963587316,0.2333799810535346,0.2478638453314694,0.245425626329478,0.2375211809571489,0.290653681279128,0.4587360650700205,0.3009027261261927,0.2652423447437932,0.2784509468459113,0.2512896889262883,0.2419980337812148,0.3029024503381166,0.2507003316727854,0.2579354512966674,0.2446311614602478,0.2349693733507578,0.2574956480641823,0.2638910029297392,0.2404801343672957,0.255502879043572,0.2365433183154621,0.2535396310078646,0.2808245479427782,0.2938019026164369,0.259416081770091,0.2740761038182775,0.2575446378669284,0.2376994835829258,0.2590528891591397,0.2711033510746645,0.2820343554459725,0.2373244491707957,0.2309940536297752,0.2273367269186899,0.2388746778267005,0.2329120998953939,0.2428529653326521,0.2401822975638055,0.2174526481752394,0.3824824725720894,0.3601399931601428,0.2330439091590754,0.2311622669501858,0.2329872561987152,0.2403583123983885,0.2269705517993294,0.2367103445683547,0.2523546604382858,0.2174045316799642,0.2294876989964258,0.2355391292420741,0.3235167482005607,0.2909735260060344,0.2573190728899241,0.2229548228878499,0.2613467635966415,0.2333218259610454,0.2905815307035482,0.2544426831983521,0.2287956344530108,0.2023996451618437,0.2200153564407792,0.2118187105591822,0.3253465623081375,0.2869075952913889,0.2503934985770684,0.2577226301076969,0.2735221428623333,0.2776714858465574,0.3173440654755168,0.2633465646485824,0.2828703695041739,0.2457229741600599,0.2674400502579139,0.247163244662147,0.3299933275071538,0.2560829932989286,0.2771426449722227,0.236409799926978,0.2542875008031231,0.2481452786100497,0.3287367599516173,0.2522731823363386,0.2951182478590546
326737_17_consensus.txt,0.2475666656074402,0.2616809008739835,0.2582545106424909,0.2427602307491767,0.2573771678955836,0.2826009923757588,0.2439326915455062,0.2794773626747009,0.2661126774487279,0.2661424841523683,0.2538223598689413,0.2870269835728614,0.2630032279214731,0.2676820361596022,0.2566844601207734,0.2415612732375365,0.2574457274913726,0.272155068488086,0.2011128126033554,0.197478707536824,0.197204078437398,0.2243310984294062,0.2036677945366278,0.2081940850204695,0.1961375458206866,0.1926736213800453,0.1918415408419278,0.2355922107966641,0.2122016516839622,0.2074802597718665,0.2006919840554495,0.1949250500561099,0.1871947705297145,0.22756217842457,0.2020129219097697,0.206662462586312,0.2601525386535144,0.2682172188682443,0.2838368309178349,0.3252037264147311,0.2877200936342987,0.304564876460212,0.2515186852142506,0.2543306355836172,0.2759737191742033,0.3278371702314331,0.3054682336662715,0.3000809784423879,0.2824839525046911,0.2938568577285956,0.2968364924261166,0.3263335577056416,0.298507589889482,0.295745289937404,0.1278107965953374,0.130972101906913,0.1328150742477305,0.1406677960274862,0.1392919210196446,0.1327878383918417,0.1303700390301259,0.1310809097464726,0.1251804751139928,0.1354804326482259,0.1359366552551044,0.1310496145579236,0.1279739240540074,0.1307666765858357,0.1322256139430209,0.1387523955149703,0.1369859047559991,0.1330775423145525,0.0678609615439,0.0924676852639123,0.0970264719766618,0.0764427698045082,0.0636039507494139,0.0675294992887955,0.0667440331974411,0.0,0.0921095426146685,0.0677220054849065,0.0653596708415307,0.0618187866303223,0.0727672010251119,0.1072770044733673,0.0897342668077527,0.0598094266293252,0.0614783781613255,0.063437792858096,0.2525754466315177,0.262932059490808,0.2421384447800108,0.2701995184494379,0.2685931637594052,0.261321168497254,0.2500218890646977,0.2646212340236396,0.2614039753107526,0.2553070743893997,0.3089919454890335,0.4740629852531661,0.3201834653505564,0.2840318273446343,0.2975151661344029,0.2676892950767815,0.2589176472017094,0.3180531033637841,0.2629925835044595,0.2714391334998858,0.2572486263268274,0.2477905974241387,0.268948469858838,0.2765395459077027,0.2520172691680002,0.2677855538990599,0.2465004294887691,0.2683632998646175,0.2934801504099482,0.3065640355813528,0.272075921255837,0.2863053086693767,0.269527983142023,0.2506455175275235,0.270931927563673,0.2834386527958656,0.2948477130220794,0.2528921059495204,0.2440130858456264,0.2408493028399974,0.2521235382001698,0.2456835199866418,0.2555334711531145,0.2521584109688035,0.2316264285743372,0.3951932704277752,0.3769395296987028,0.2484021174067976,0.245871405973741,0.2495333628877212,0.2543577616779693,0.2420196343509815,0.2527745375270136,0.2681730586325166,0.2267334741380544,0.23932743266759,0.2463647892645397,0.3360648313961789,0.3016964058078244,0.2686394418762283,0.2329242987287116,0.2724376064480793,0.2440746755308467,0.3007535126458656,0.2648202695370187,0.2396753119337233,0.2125579602272438,0.2308686775747617,0.2239685423459505,0.3365721745136767,0.2973271965469592,0.2611535855162117,0.2693006296967866,0.2849382057170331,0.2885456450314052,0.3283321799921488,0.2726269814931861,0.2934581613387514,0.2563845215837936,0.2777326640285764,0.2574959013384053,0.339388996731909,0.2678697301563844,0.286615893257661,0.2480170605436455,0.2624649498172289,0.2586768915451642,0.3383667990181642,0.2642922121803153,0.3058580322040285
326737_18_consensus.txt,0.2598432434182172,0.270780393633018,0.2676582841257513,0.2536941969580297,0.2690469404885292,0.2933701811843434,0.2551610339653649,0.2908688572065081,0.274543874189888,0.2755408848589553,0.2631447661779091,0.2978966761374764,0.2717626968760598,0.2794448172277839,0.2659133769273971,0.2538398566433919,0.2679036948485667,0.2818160831458023,0.2233013041012626,0.2184948147420797,0.2176376774829336,0.2436825476966859,0.2242955507040065,0.2266156571627284,0.2159139800347098,0.2114063681821711,0.2129220822696602,0.2534798000572351,0.2321241623592662,0.2266695852804829,0.2210952486269271,0.2150740016360899,0.2062120430412726,0.2453996182584532,0.2222585695563879,0.2279243629902048,0.2828732010536505,0.2901671949869566,0.3050295362086146,0.3491258229348482,0.3104154047823151,0.3269299870048314,0.2734979391769485,0.2752614700146552,0.2970754633998851,0.3518176907647081,0.3293814513158608,0.323983393908783,0.3059355369141983,0.3160737027077118,0.3204969314311725,0.3505311051669331,0.3215411333248923,0.3184903648043757,0.1490970810686462,0.1514649269856711,0.1521085576966214,0.162262873917065,0.1591841963176463,0.1532694630478488,0.1521499384947944,0.1514106308700569,0.1447484069792679,0.1564819566514188,0.1546422776565563,0.1515779449267995,0.1489251257268478,0.1511779552291443,0.1515633448663536,0.1607260227610112,0.1567524279842445,0.1523451403696327,0.0853846258429271,0.1114545562353868,0.1132186888882671,0.0947693526693029,0.0820402323960927,0.0855592521404133,0.0873517456316399,0.0921095426146685,0.0,0.0881179077149312,0.0828779764601108,0.0790727273693931,0.0917714149451605,0.1268623406624627,0.1073455251878243,0.0813693148696472,0.0809742380039857,0.0826381909164943,0.2602651731215957,0.2713114629026307,0.2498088291779616,0.2774344094056218,0.274683107135047,0.2680371720576282,0.2581454706771318,0.2711277928491569,0.2690450212968365,0.2637368130411559,0.3164877119321154,0.4821068547196887,0.327983278750203,0.2905491347978426,0.3047040803636704,0.2760317376804657,0.2655936748895016,0.3284448282730707,0.2790948080363975,0.2856485834989541,0.274123748193503,0.2625754585980253,0.282969777814035,0.2901367901775629,0.2669608255316689,0.2802455115602811,0.2611004132104497,0.2827427945299092,0.3078862133884854,0.3203357830133342,0.2875866589064841,0.3014227809523646,0.2857427929785281,0.2647909426532813,0.285021457158308,0.2972733686520712,0.3107686789676975,0.2739796757225647,0.2613800259663534,0.2599234293816295,0.2702446328368282,0.263051688680683,0.2716185208140622,0.2689104356073741,0.2493034589162306,0.4071767107488604,0.3975149172391958,0.2690396510612451,0.26712871288791,0.2704199815525641,0.2737965832821984,0.2634867837867247,0.2752944334263034,0.2888947213118698,0.2452847721838935,0.2570306420410233,0.2637071144069018,0.3540486249365422,0.320223378701673,0.2862817576821364,0.2504326522722948,0.2895205469704116,0.2631036109255511,0.3201308421442626,0.2827795991874815,0.2585462865921464,0.2315342668125382,0.2498390093519766,0.2419746228852268,0.3555385585236124,0.3162550725192901,0.2782521590719895,0.2966905820779963,0.3080913045663607,0.3138365955810265,0.354140758761897,0.2991290352485123,0.3183311455119799,0.28349605577624,0.3006032049647729,0.2815971617379631,0.3638215064371977,0.2926399560521346,0.3130489456844785,0.2740584928433094,0.2893116105454609,0.2854418347203875,0.3620553456886171,0.2876339541570409,0.3324411424953197
326737_1_consensus.txt,0.2313198475938733,0.2510464651433111,0.2538140819817229,0.2318914011716799,0.2514336664869745,0.273905948225817,0.2299231616087951,0.2702691445280543,0.2603416213721488,0.2526046574562954,0.2451325963066963,0.2791528296911316,0.2460599033691366,0.2572160405667674,0.2515503694593946,0.227571487324969,0.247638917387718,0.2621024580375248,0.1867047515774764,0.1812992059765257,0.1866147126575903,0.2025056158735303,0.1875185799710408,0.1939711932070018,0.1830855812798653,0.1804910030478872,0.1847036667355972,0.2097469887824097,0.1930176593275874,0.1907107067777111,0.1858727074013053,0.1787534317258092,0.1743988993263485,0.2052443027554389,0.1864977588088976,0.1893501117518106,0.2356339620873129,0.2420792726981204,0.2553988663322144,0.2874629874810566,0.2561792295876124,0.2730635909833196,0.2264747420038091,0.2286540982748945,0.2488443059362666,0.289949976463415,0.2719835279675351,0.2663899606133455,0.2534495543315991,0.2640985726518465,0.2647906438655809,0.2899811781426642,0.2681485292243621,0.2655954922644881,0.1172495287468393,0.1179749040617252,0.1215987810896308,0.1189982024396698,0.11944039790081,0.1172864403764109,0.1204570523059338,0.1177873410282295,0.1146792647431951,0.1148761856198952,0.1159739449469334,0.1157500039247878,0.118114163242545,0.1175595563620888,0.1217379479772517,0.1164707994755467,0.1179923632827204,0.1170849040807553,0.0535493881148312,0.0791755377332847,0.0922148304588503,0.0507742180927621,0.0397661740415173,0.0545518358165679,0.0545878109412285,0.0677220054849065,0.0881179077149312,0.0,0.0378659993571233,0.0386446330879302,0.0545004353677072,0.1023382546205731,0.0806462810318144,0.0343354713182293,0.0334376144745114,0.0443110429433488,0.2520207128817979,0.2527260240362068,0.2340034641300121,0.2560131390419577,0.254185675243626,0.2501125439007126,0.2432335199694293,0.2530077731311593,0.2516943307817882,0.248052749028389,0.3066032750376664,0.4751672353397964,0.3223374562955889,0.2781334675776605,0.2956768019728315,0.2562121133074768,0.2499838449813012,0.3242811890936465,0.243742875520212,0.2483806449429799,0.2383325867042529,0.2305542205490027,0.2488702320204403,0.2529531734913739,0.2343802599075104,0.2481525241506865,0.230606694790584,0.2491615699094325,0.2701865694636147,0.2836627556174349,0.2506378279108574,0.2635194469226078,0.2497596879771535,0.2339242904963399,0.2492426206509783,0.2603889764923472,0.2706241506503666,0.226865760778395,0.2249780796876557,0.2217957330941118,0.2313586396691533,0.2257589863508613,0.2349613397744399,0.2339405005069679,0.2121300912887349,0.3720383314342825,0.3529510328519976,0.2240146897931865,0.2170054632381663,0.2252282620659187,0.2363840683885456,0.2167983177177781,0.226518321386699,0.2421746689869479,0.2064151961548219,0.2126854379951339,0.2206926517507206,0.2946343755754874,0.2670786383003687,0.23961998979712,0.2130877078609359,0.2435469831651744,0.2189664362409757,0.2611176187964474,0.2311559533710081,0.2122775414601569,0.194034973993503,0.2050240227411208,0.2005037860079426,0.2960327106656564,0.2626108341071784,0.2334257374561517,0.2422162617975374,0.2605240988418877,0.2608877316095039,0.2886951843217566,0.2581275270961178,0.2635118788394734,0.234590945296631,0.2598639917216232,0.240016963540711,0.3022313455951071,0.2496205530635364,0.2576230495348923,0.2269882785867416,0.2471204124332153,0.2367678079603266,0.300492357399186,0.2425592185704346,0.2743747664290623
326737_2_consensus.txt,0.230114128875865,0.2507793602905792,0.254739298304159,0.2286547201521429,0.2528531617566436,0.2758156474661781,0.2267634413174484,0.2687035868178569,0.2590496891115492,0.2508772090873634,0.2429353537098499,0.2788334236901022,0.2373237455308334,0.2527974985606889,0.2499343320845213,0.2279835297269805,0.2491515837497715,0.2628775218879369,0.1800980612920426,0.173914347792806,0.1804039908695287,0.1897988457785793,0.1789019217526295,0.1848786148183165,0.1762733396947169,0.1707821433579184,0.1760461423938295,0.1966532611358715,0.1830017038108451,0.1814996800630695,0.1773317279704329,0.1695206603265298,0.1666004409898391,0.1924821307878126,0.1781522174383205,0.1833320763404771,0.2240571547737921,0.2305857688354891,0.2431072426558955,0.2734644972491011,0.2425385428341542,0.2596476183014218,0.2162699341622804,0.2177914589867917,0.2359610984212352,0.2743902814639725,0.2583582240192683,0.2523323398145365,0.2414340166172657,0.2507851056132821,0.2515192935197987,0.2748695338817875,0.2525882712705787,0.2531948897367222,0.1181465241480843,0.1162260591855073,0.1200323012204442,0.1153371706919088,0.1141608666440099,0.1143947744212425,0.1214244397360602,0.1149188579216335,0.1115302118755749,0.1101714007294312,0.1101151437050766,0.1106012898359161,0.1202844783764476,0.1149375656317559,0.1205527382879871,0.1122072281922648,0.1126650747240525,0.1139345480999267,0.0545240659244612,0.0791856729201718,0.0972695316886174,0.0480197143579488,0.0363814090181762,0.0528815110586258,0.0535445559368064,0.0653596708415307,0.0828779764601108,0.0378659993571233,0.0,0.0357628454541263,0.0532985164479669,0.0984515800616847,0.0776221452994825,0.0333538135427673,0.030692614434308,0.0443509714362981,0.2683059840955977,0.2708840562384154,0.2490591326462023,0.2734121981113446,0.2722799026479237,0.2676368371923132,0.2606495093126213,0.2688474864402863,0.2686525461855105,0.2671887036200928,0.3331258441376867,0.5089743908841697,0.3513278452727739,0.3008322874469016,0.320961914285121,0.2727244648433355,0.2664497546184492,0.3475741210073657,0.2509806718998035,0.2567168206898529,0.2447384437377273,0.2383174351324974,0.254462781394345,0.2591627736160689,0.2410891785450744,0.2522087023051007,0.2338154239156153,0.2590688995855998,0.2774888707497425,0.2898591268453501,0.2588256216862277,0.2698382874889162,0.2593904946817957,0.2422426327603091,0.253670231162026,0.2663937465004196,0.2734646063962316,0.229992982149561,0.2224956309725705,0.224803968741508,0.2287958923298596,0.2245597919814272,0.2356371102877794,0.2350812379520199,0.2093338205624704,0.3776781486503857,0.3582676954557051,0.2279688536813111,0.2232379868192282,0.2274212004227038,0.2341386182348266,0.2179536264472759,0.2321146724749425,0.2441104534275773,0.2005197858918812,0.2057258856477979,0.2123523874272486,0.2768481954134465,0.2536429967934985,0.2279545414133252,0.2056227009615838,0.2311621964878867,0.2088610209771815,0.2465180593554947,0.2219352942846093,0.2057707777255757,0.1926498196160828,0.1994451631725624,0.1963952069082672,0.277372864163496,0.2485998413913606,0.2226594544614215,0.247557299095444,0.2680763409327369,0.2630287735954937,0.2857851269316676,0.2688127972951015,0.2640254389654046,0.2402001043812234,0.267108738231947,0.2481516309884917,0.2950111073092145,0.2607884960482849,0.2569702790249089,0.2344017245202074,0.2578774772213101,0.240966076258374,0.295107578635033,0.2511904990165163,0.2719502033030281
326737_3_consensus.txt,0.2204204110477619,0.2379965759006843,0.2389383282439467,0.2178817943641,0.2374580436775986,0.2609744293308829,0.2177770360218609,0.2567606669264712,0.2450995073369526,0.2400233951807919,0.2322071301634274,0.2643237373303506,0.2351962121388062,0.2445896391571906,0.2387291493521708,0.2163101419464581,0.2345211197199646,0.2497993891815042,0.1847919703499307,0.1794944065142978,0.1842803781579398,0.2016340461245285,0.1850255221642243,0.1918670238121258,0.1806704838523884,0.1767902898738143,0.1803888155270634,0.2105848388538511,0.1919917988022064,0.1888635683482,0.1839334902847724,0.1764581807319984,0.1719727907145873,0.2036923301614024,0.1839518707961005,0.1877551634946286,0.2347890193510124,0.2417393143789219,0.2550119893050322,0.2915940645940651,0.2575428589466497,0.2742006141159088,0.2261813906120657,0.2280856499179826,0.2486690271471339,0.2940958933951876,0.2741638092389387,0.2688458485454639,0.2543268833332313,0.265082508751064,0.2667496939679559,0.2928096514650669,0.2687923370500975,0.2667437506578736,0.1105351405357666,0.1108253034541384,0.1128954216653568,0.1142166525695707,0.1135235917452419,0.110700687863968,0.1132344087472887,0.1109445898646939,0.1061553874645753,0.1104020320569567,0.1110209352442055,0.1093290543250127,0.1113086564135805,0.1099343056924979,0.1126119569911701,0.1119490860390435,0.111878269988658,0.1108234990852388,0.0503456135387736,0.0766181400619068,0.0853413318924296,0.0504583988575753,0.0386648432856198,0.0488871060193645,0.0495872710311466,0.0618187866303223,0.0790727273693931,0.0386446330879302,0.0357628454541263,0.0,0.051662249909544,0.0936794908948428,0.0727177770357343,0.0332848145741628,0.0327445020236396,0.0410375936617768,0.2375073613222156,0.2409141393330038,0.2220410613653243,0.2462325288102924,0.2444798838832191,0.2389723938599637,0.2309228684778261,0.2413942884280473,0.2396921833926129,0.2371335791032578,0.2938281844921704,0.4609829712414743,0.3077739757517825,0.2660915251716531,0.2820142887845094,0.2452085675056281,0.2378944248940158,0.3087013396182065,0.2374474455368407,0.2425965933525837,0.2319209275801057,0.2236617956323812,0.2416885789140792,0.2470276181341972,0.2270529900992564,0.2403614167231715,0.2227871947670046,0.2420389272272061,0.2639779364578274,0.2770640110185134,0.2443306346065163,0.2577213705108789,0.2434573829757127,0.2264625386059471,0.2424744342399023,0.2542501934563503,0.265779855467656,0.2265869874825092,0.2210014779477092,0.217169824797363,0.2275896975898597,0.2216342747240567,0.2292949065822647,0.2279597164667279,0.2079059318369296,0.3668978754232554,0.3503428108667812,0.2224035806466169,0.215969360766465,0.2226391226194586,0.2325879238740817,0.215731012598507,0.2256669678906746,0.2404004598027853,0.1991362269969627,0.2065424339189405,0.2151988391021007,0.2932673772465577,0.2638361965554949,0.2339261573675557,0.2061495689767518,0.2386855042484796,0.2132910306686248,0.2586994966597018,0.2270042415623514,0.2064379467001131,0.1870789176521157,0.1994284461903177,0.193883051409621,0.2945130540963596,0.2594193142113923,0.2271149977774555,0.2419236031375504,0.2588805148948694,0.2604218071109052,0.2916075601683516,0.2545826421028643,0.2631986778706938,0.2326966289349172,0.2562081253958332,0.2386679295908322,0.3034353416482815,0.2474042176227691,0.256359317668192,0.2241576709034198,0.2443590812288008,0.2352070528829273,0.3017605578304376,0.2404117687093823,0.2740227084146944
326737_4_consensus.txt,0.250706097034211,0.266981013730394,0.2645165212152491,0.2469072231322684,0.2645213581034511,0.2873423293292276,0.2476071399880268,0.285877503054742,0.2719577015919761,0.2713933548141831,0.2579338239328343,0.2930731496031029,0.2587568000218603,0.2646534674654219,0.2553585038649473,0.2437796128734035,0.261381328593238,0.2753992732643944,0.1812812051275187,0.180110382181688,0.1795368586223524,0.2065017031670386,0.1853893685907905,0.1883886581618625,0.1773171827020263,0.1769159013439249,0.176419289570056,0.2150303082402302,0.1922275824579316,0.1887429943476704,0.1803392336864355,0.1773848821440893,0.1703505695501022,0.2096270887496381,0.1849337262750054,0.1874494588954718,0.261670841074384,0.2688421264950804,0.2840013843557862,0.3237995345404698,0.2869581136647596,0.3045988573805012,0.2520451995914747,0.2546676530604657,0.275476584914557,0.3245809319532107,0.3046259352024769,0.2986017626591462,0.2819230823171033,0.2932417225157273,0.2953871915661494,0.3258253995740752,0.2977542597130487,0.2947908268769232,0.1296127368625299,0.1329354766564385,0.1384203386080926,0.1409301295074456,0.140229801239144,0.13500466212367,0.1323579216060899,0.131085067970293,0.1278990677074709,0.1347295411862674,0.1344203520563098,0.1304818366513096,0.130467716169452,0.1313813769944047,0.137155438732158,0.1383857286041099,0.1371865771629572,0.1340277909716505,0.0593523586600746,0.0811304624748956,0.0922319103179205,0.0649301378139739,0.0526195443269017,0.0611324045393111,0.0592231187204141,0.0727672010251119,0.0917714149451605,0.0545004353677072,0.0532985164479669,0.051662249909544,0.0,0.1025220769739654,0.0840500081852866,0.0526323152001282,0.0513709596295086,0.051858199240037,0.2651343639254797,0.2743841480186724,0.2524313975920194,0.2819463212066075,0.2791680585635667,0.2715224921242694,0.2611160903053857,0.2750814229607989,0.2742777978996074,0.2669214783337352,0.3269201583312942,0.5048509320612666,0.3373892874268485,0.2975184027466611,0.3148451283457234,0.2811220799375569,0.2704906415323655,0.3380053395919802,0.2613555858766503,0.270094980413667,0.2547992861214894,0.2472161160483779,0.2685756864719479,0.2745853676335841,0.2510512379512768,0.2675331262310045,0.2458600532638613,0.2667966221986368,0.2925595979565187,0.3063849385837507,0.2705488807542089,0.2852788747421684,0.271056877219749,0.2497145382251098,0.2690987559015489,0.2816282399145322,0.2918909085109931,0.2357185064034439,0.2326813682542372,0.2329349554199105,0.2428255208367922,0.2362027597323361,0.2497069306257806,0.2477467226802119,0.2192237658689464,0.3976868510080038,0.3657651570725235,0.2342274235226291,0.2332566297356706,0.2328276717696837,0.2398738247969269,0.2268807103710131,0.2380191775133582,0.2535042974875843,0.2241048285036768,0.2364996775336507,0.2411961319836066,0.3194342059623025,0.2911595821471024,0.261390569340957,0.228986963638782,0.2630450369157486,0.2367823522068022,0.2893637464552085,0.2573138285543166,0.2348904303754402,0.2126108842618208,0.2249665169894328,0.2190223963692084,0.3213935982056846,0.2872909338218434,0.2556121572641636,0.2598451139067634,0.277586321298525,0.2798866030516898,0.314923308506625,0.2723127843533852,0.2835243276126888,0.2487395021073908,0.2723994214850727,0.2523113544005753,0.3263645447841696,0.264330289273559,0.2771140478586602,0.2410098026039229,0.2606069258224259,0.2523905828777621,0.3266167141168488,0.2579694974917217,0.2932613840375353
326737_5_consensus.txt,0.2771947394982419,0.2861312916796557,0.284708203170247,0.2713913779246439,0.2840684599819028,0.3099180797945031,0.2728614459678944,0.3069108804219382,0.2885863803817052,0.2933780584410641,0.2795388075961469,0.313522319707431,0.2940944839790163,0.296898353068137,0.2847988037190632,0.2706069310432113,0.2839223078863462,0.2972464712501015,0.23629490684743,0.2356021156658982,0.2331749220746708,0.2646163765098919,0.2405633976829513,0.2451130900758222,0.2312389194363824,0.2283427199462409,0.2274476602641435,0.2798115037606798,0.2527367718607891,0.2456101993973298,0.2387605269228281,0.2333803653281947,0.2245505137463119,0.2670372987490275,0.2389097355210196,0.2455343609427771,0.2983329077323304,0.3058302581858179,0.3228005196198644,0.3682389621646607,0.3263393304167508,0.3449336670065932,0.2881944559137714,0.2921957280870479,0.3150860448946737,0.3732072202212784,0.3466854369867924,0.3436403592427766,0.3225300527775196,0.3341642244394158,0.3395366939337094,0.3684035027311267,0.3393668028100904,0.337140405940147,0.1604317141555391,0.1639332255689218,0.161379103258497,0.1746956632584648,0.1713406055988997,0.1654816531437042,0.1626375271391396,0.1633206963310804,0.1552185048185848,0.1695992352617068,0.1679784056435345,0.1635301657544516,0.1605042760802035,0.1618729445366185,0.1609071245776085,0.173000012592233,0.1697414046147223,0.1659457057926268,0.0993876776863196,0.1250296689003072,0.1251679354804906,0.1125124913127848,0.0976960310992964,0.1015775509944916,0.1009971995702372,0.1072770044733673,0.1268623406624627,0.1023382546205731,0.0984515800616847,0.0936794908948428,0.1025220769739654,0.0,0.1149025222955479,0.0956506936955818,0.0951805960131935,0.0979393233695518,0.2739229131081302,0.2875178788297461,0.267918230827501,0.2995736220973732,0.2964931448599515,0.2893071531617011,0.2747000023831312,0.2910584194493708,0.287320394186878,0.2850534552873469,0.335105422795074,0.4929870584364231,0.3406858025192356,0.3103648525698972,0.3215540701277817,0.29626591806392,0.2844696413872256,0.3344769812347614,0.2978324907203671,0.305890009711355,0.2930058162343698,0.2807438514092766,0.3022332100778868,0.3107611203962896,0.2850058370134611,0.3013139940878915,0.2810486154650178,0.3004847547244687,0.3293325917664056,0.3442021603001777,0.3064803048371232,0.3223399168761318,0.3044641249478736,0.283719619484934,0.3055894938522598,0.3187988809155158,0.3376935056864205,0.3044584762510034,0.2940699478703905,0.2908537154679145,0.3022396243678642,0.2959162903354766,0.3026240112536023,0.2983785270723018,0.2792796576622507,0.4340109815980923,0.4250806520004744,0.2997769796284828,0.2964963873842947,0.3013224725806154,0.3060235020343356,0.2953124076571285,0.3048957099023965,0.3201684604502368,0.2639647962196889,0.2785743789097417,0.2848400949795682,0.3818793154195283,0.3450990586945508,0.3093788562109587,0.2706396073506454,0.3132311454243748,0.2845075594275918,0.3449288628359674,0.3064441403019202,0.2776657793832875,0.248538882503631,0.2692110494969419,0.2602428419963516,0.3828444305548437,0.3423874038569678,0.3005774184909846,0.3145331756017988,0.3275540668667958,0.3350811295435321,0.3782472844888502,0.3119666179411915,0.3388568903725932,0.299886197186364,0.3188777639301392,0.3013449017690561,0.3894491957748016,0.3056199421773051,0.3322977695172433,0.2906660835934644,0.305591286542473,0.3051936392103762,0.3871005294379088,0.3028889539613715,0.3506478170132325
326737_6_consensus.txt,0.2638114747605797,0.2764426730715144,0.2719619172995386,0.256776599437611,0.271471029280427,0.2966341700846904,0.2598443745832952,0.2940425422251813,0.2759790944242937,0.2804894058473977,0.2681741713264998,0.3011463139303885,0.277216888187759,0.2819935137179143,0.270608131097692,0.256077662130032,0.2702298074262792,0.2857861626906199,0.2168027962210459,0.2147114474376117,0.2140702096956559,0.242589884422145,0.2191413500523076,0.2242669859857855,0.2112165886959864,0.2092034649871585,0.2075852069052075,0.2548999067082604,0.2293966365560535,0.2243741464414483,0.2170216690177397,0.2122318867043517,0.2038453323683953,0.2445075756215828,0.2193164577600512,0.2234296539315963,0.2842669998016021,0.2914285729583596,0.3080194722058706,0.3519258438418156,0.3116538934424824,0.3296649493535568,0.2746831809816576,0.2783070780881296,0.3005092143988044,0.3556923817421911,0.3310390838449919,0.3266007813133562,0.3069924446772489,0.3184310867402047,0.3228413567219412,0.3528087761939993,0.3240678104292342,0.3213141123404028,0.143371082241849,0.1467236957190145,0.1470889756936024,0.1568918210111327,0.154284774408012,0.1488753948400187,0.1459894395648859,0.1470169079690109,0.1400967395306125,0.1524054205718776,0.1502047198739049,0.1459375580940616,0.1428162404377744,0.1459011663531697,0.1456837737919656,0.1552418935751092,0.153591232974346,0.149225681483184,0.0797512028949327,0.1070724045156588,0.1054041360473831,0.0895922342087018,0.0761177459262114,0.0803634195305136,0.0794185402907245,0.0897342668077527,0.1073455251878243,0.0806462810318144,0.0776221452994825,0.0727177770357343,0.0840500081852866,0.1149025222955479,0.0,0.0728336178072979,0.073163608534994,0.0768024366420476,0.2604608374950352,0.2720321150621316,0.2526753959214005,0.2817298243743096,0.2796771732340062,0.2723757007109384,0.2598496845529858,0.2745956847118869,0.2727997066421643,0.2669245786605145,0.3199193134648972,0.4829007928842515,0.3292060573317457,0.2950158895057235,0.3071838003682536,0.281357528201827,0.2686037197280413,0.3264172270307455,0.278327044281685,0.2861683077712555,0.2727646752141908,0.2628262210935119,0.2849793537635108,0.2913922885408375,0.2673840613424083,0.281625900359657,0.2621381178890729,0.2823798749216948,0.3107256867556458,0.323361197109854,0.2869869299923451,0.302374174469854,0.2866602289123001,0.2660128511881403,0.2856908232586619,0.2993804766370971,0.3160322870262249,0.2742209164831628,0.2651817260041547,0.2622841472303712,0.2744907324112269,0.2662195843481143,0.2752630268737164,0.2717860103320753,0.2516440553511359,0.4113600649076154,0.3973692756001341,0.2694331676632231,0.2680500264950893,0.2702130749140679,0.2752231894901911,0.2650149542309741,0.275681548825812,0.2897509065308554,0.2431470379689599,0.2562451709994384,0.2621355570194019,0.3532000089966871,0.3187198938436815,0.2847922245931684,0.2490759375463085,0.2873525403931474,0.2612768976671908,0.3191412040897248,0.2825644671494629,0.255114241310352,0.2288674647621782,0.2466259684390408,0.2391787917448269,0.3542718728541416,0.3148507339442972,0.2770608179021536,0.290169048938516,0.3031615785754624,0.3092083093048785,0.3509727505761013,0.2922537312770856,0.3145416869514363,0.2766992439698299,0.2976006288053447,0.2789351034226683,0.3620820614473174,0.2851848705165096,0.3085047235227058,0.2663036709619639,0.2839192375211041,0.2803127959904721,0.3616022650243451,0.2814332934009655,0.327631461786396
326737_7_consensus.txt,0.2197261671746027,0.2384241999930125,0.2397275559135216,0.2178120853740495,0.2391381390192677,0.2621944812994385,0.2177965680729308,0.2568850604292017,0.246675342071633,0.2392436208667234,0.2320872088198022,0.2648926396100322,0.2357731285499014,0.2475421671827717,0.2411929546451006,0.2154431638394029,0.2359571347619962,0.2505863853633947,0.186269889700533,0.1802104677746285,0.1858177642084726,0.1991873272214306,0.1852000240957139,0.1935688881396338,0.1820276215265295,0.178325834363239,0.1823603802038818,0.2073261285752785,0.1918354615355042,0.1886968923141481,0.1843285025108016,0.1763370215352893,0.1728984609121333,0.2023646531155734,0.1845848891564045,0.1893205572156233,0.2284366933096677,0.2352996770249227,0.2489621796732102,0.2807970409814615,0.2493070011920721,0.2665378719448412,0.2197981798815789,0.2224472704094111,0.2423916730811157,0.2827522728635046,0.264579384811757,0.259978469374122,0.2468463652992092,0.2575456275129753,0.2583125385814036,0.2826931610830101,0.2607575490770522,0.2593949146688068,0.1070609250126182,0.1067401355968549,0.1102364556157766,0.1070117873331,0.1086233815729507,0.1068744780727612,0.108796379955649,0.1068406130416832,0.1040753274393964,0.1033762767647452,0.1060224270329222,0.1049939840835882,0.1075201588901926,0.1067500480739056,0.1104124595038769,0.1042148425142492,0.1072070570751506,0.1073232362063834,0.0497332142409945,0.0757040411661762,0.0855758914140913,0.0478673310263992,0.0354046678116581,0.0498620139912482,0.0492044397328577,0.0598094266293252,0.0813693148696472,0.0343354713182293,0.0333538135427673,0.0332848145741628,0.0526323152001282,0.0956506936955818,0.0728336178072979,0.0,0.0271347528070258,0.0414221414019344,0.2379079452468531,0.2394230328108797,0.2206758903423988,0.2416046263761124,0.2406039408080289,0.2365923159659217,0.2298139926143214,0.2391425135499503,0.2375135608571312,0.2347311818465591,0.2924249877529803,0.4605618848736128,0.3083847522701077,0.2646250829573802,0.2805795059921898,0.2416521311162398,0.2360649929301459,0.3103208807529185,0.2368033618919582,0.241896937841858,0.2320229038078025,0.2248676796901492,0.2413656323395123,0.2465958282468996,0.2274947471512689,0.2403513551560934,0.22297209068509,0.2423632024142854,0.2628488032914227,0.2751363779025908,0.2442507393814779,0.2560667726785333,0.2422647622491673,0.2277907809874655,0.241699414581177,0.254545135781882,0.2702260901488422,0.2304285118356297,0.2252762285980374,0.2222735997402054,0.232345656132864,0.2261962426844803,0.2353430841191865,0.2351979046467889,0.2134307285459158,0.3710706423365693,0.3537038885005685,0.2269541507136274,0.2196310407244688,0.2282145702279763,0.2382002293224019,0.2189877523453809,0.2311117445765802,0.2460364976255995,0.1995171073244002,0.2048317338506322,0.2136272497432578,0.2885389125227142,0.2609382336680959,0.2329470374151618,0.206049780714757,0.2376197306606187,0.2127852312002609,0.2546573499203255,0.2245648364083976,0.2061176949669665,0.1862428638400999,0.1986756176481705,0.1935115748625477,0.2895571957064149,0.2569473516983933,0.2251156582921289,0.2379359417071747,0.2545927710422084,0.2552752814649217,0.2838204633369479,0.2506103534082626,0.2580465900133042,0.2294582229417159,0.2537485269265609,0.2353649795952463,0.2967289451788772,0.2443017216273659,0.2513845343339511,0.2214156082362528,0.2416321545288795,0.2312746171949946,0.2939209349339329,0.236410768809069,0.268005932799646
326737_8_consensus.txt,0.218979762758412,0.2378247180357036,0.2398445484840898,0.2181443443030097,0.2392354999009001,0.2621153077016203,0.2173779783626486,0.2566055667800171,0.2470346056949317,0.2393434158066973,0.2326372453737519,0.2649731850662178,0.2341189551864779,0.245888523959298,0.2409919656923875,0.2153274935558009,0.235423068007055,0.2493944882489565,0.1852428966566996,0.1792974707277963,0.1852792231978846,0.1983602182925281,0.184872190298531,0.1927538110910518,0.1812684351517575,0.1767993734700041,0.1824348930025259,0.2063629566938907,0.1909977567064587,0.1877880645663552,0.1839077863518703,0.1756548829058424,0.17214811632617,0.2009464359010095,0.1845629878219057,0.1882564484705859,0.2301354391338534,0.2366340373109317,0.2501255632163897,0.2816777520338647,0.2506412142364915,0.2681224032137095,0.2213965151452832,0.2241194184364481,0.2438299757176025,0.2839010118574698,0.2657453697766456,0.260503997238807,0.2480851948302955,0.2585915054513741,0.2592696705039259,0.2837648815825453,0.2621838348780088,0.2603373887673577,0.107548693356172,0.1079013704396913,0.1112707615893171,0.1078304239981626,0.1087756135001427,0.1068520840695121,0.109465747194708,0.1078916121020974,0.1048214415924206,0.1038436865416443,0.1057479097547364,0.1054841319989954,0.1082469497167615,0.1072106544050299,0.1106909638524697,0.1046828180763768,0.1070409044351627,0.1072678889801075,0.0489712149506331,0.075325907145725,0.0862932146584931,0.0468231251001611,0.0340812450822411,0.0500726753056355,0.0491246356871073,0.0614783781613255,0.0809742380039857,0.0334376144745114,0.030692614434308,0.0327445020236396,0.0513709596295086,0.0951805960131935,0.073163608534994,0.0271347528070258,0.0,0.0389639087745479,0.2409734690971809,0.2396990480065639,0.2228607297469729,0.2430789894456104,0.2417746730705232,0.2382583339778214,0.2316715401614928,0.2404498961380632,0.2388720317530115,0.2359603908991125,0.2945529843751195,0.461568658932741,0.3106014656225184,0.2663200618505925,0.2830396632758081,0.2432206780190888,0.23782745720424,0.3129241831792626,0.236183889115729,0.2420322043460956,0.231482065942135,0.2239096929149298,0.2408957101579716,0.2457579495469311,0.2267397314821089,0.240024511878385,0.2222697819737114,0.2423249165298742,0.2619212854853749,0.2747919664762364,0.2433109976086314,0.2556433553983339,0.2423057461968945,0.2273985459725693,0.2412472200585114,0.2528403151329321,0.266238362377095,0.2272215210367321,0.2229450563564228,0.2194432256082308,0.2282131957934901,0.2238881032268977,0.2323339576071639,0.2313082237062396,0.2100029194973132,0.3671191117988037,0.3509684136663296,0.2231980671148399,0.215299084130887,0.2245343700563467,0.2359077154537843,0.2157015668324895,0.2269247242009271,0.240381011230653,0.1985902462030502,0.203623434937711,0.2132576572446787,0.2867948895225218,0.2594673174265587,0.2315936271224146,0.2046049936581511,0.2362291516848031,0.2119341246088097,0.2527630319689784,0.2228063797224031,0.2039921286894781,0.1862162162417,0.1974802165422424,0.1927263844228406,0.2878547770852897,0.2547816566746199,0.2243138499916668,0.2358580468392546,0.2547845868979408,0.2529960276676242,0.2811666536851938,0.2513191682322677,0.2556293094263324,0.2283110180379743,0.2517586872422583,0.233988151329008,0.2934470660944157,0.2430967730832876,0.2491534916034332,0.2197821449797743,0.2402656253103856,0.2295496086255397,0.2914303350279645,0.2354611609764774,0.2655958430173406
326737_9_consensus.txt,0.2303741579046985,0.2467308828918959,0.2461054727548131,0.228300516441319,0.2457089971550203,0.2685253426673526,0.2287353222611443,0.2669142773515034,0.2539454044182321,0.2505261803784293,0.2401188378555225,0.2740530482055874,0.2458047443584412,0.2522419880436395,0.2440833396568393,0.224160028173145,0.2422594929885484,0.2578292388915955,0.1863143448351003,0.1835179796992427,0.1859507145548562,0.2097721126429874,0.1897740603962283,0.194270734374065,0.1817751158462783,0.1808296281792287,0.1827236744514344,0.218181843444448,0.1973652862428636,0.193267639520613,0.1858785965193448,0.180603711847219,0.1740395274071993,0.2122361319230776,0.1884084584881158,0.191880901887675,0.253186479439659,0.2598414120239631,0.2750701195856173,0.3145797692248457,0.2791192245609224,0.2950033113600057,0.2440978512683251,0.2466469726242159,0.2671601298560162,0.3167966256255781,0.2955940154761904,0.2903548006091014,0.2740206817317059,0.2846245738781263,0.2870272119521715,0.3163689904204219,0.290266410156665,0.2868546690230893,0.1167266764580468,0.1194827065262664,0.1235163024318168,0.1260776033331936,0.1259383304034749,0.1209319287889485,0.1192342000886519,0.1193211367001403,0.1155748354629615,0.1215913878282961,0.1225107030077268,0.1191518591686318,0.1165824671573219,0.1191653190274735,0.1227326417507441,0.1245234429162103,0.1235998982096724,0.1215365296509638,0.0500372603174845,0.075804022936893,0.0823459825518284,0.0569140865693214,0.043980550197233,0.0506616068860239,0.0519909055123655,0.063437792858096,0.0826381909164943,0.0443110429433488,0.0443509714362981,0.0410375936617768,0.051858199240037,0.0979393233695518,0.0768024366420476,0.0414221414019344,0.0389639087745479,0.0,0.2398186749558775,0.2441300169525355,0.2261741582746488,0.2506403527889489,0.248298637852951,0.2424013224019319,0.2335409336034679,0.2459768699380227,0.2438277227761069,0.2372283585436072,0.292102879020188,0.4625500696647684,0.3036216092264361,0.2655247247445587,0.2817838981658234,0.249947030901616,0.2412875201039526,0.3095111244799042,0.2426400677493418,0.248164071242293,0.237368353007227,0.2285275447137884,0.2484447891700156,0.2544647910874609,0.2330229960155527,0.2482791722780106,0.2284376594329558,0.2463844296005106,0.2709034404918888,0.2840658617389238,0.2511595802211701,0.2646425734587545,0.2492776614549043,0.2313553026103072,0.2507994859958629,0.2610997665971517,0.2760825606540926,0.2285192709133454,0.225903323079109,0.2210682977949147,0.2332059313840631,0.2278333405617054,0.2370278885150156,0.2347986660381877,0.213252726482132,0.3784450506350723,0.3556006640285005,0.2258065389105255,0.2213613619051742,0.226199763162473,0.2361822389200725,0.2186139513976606,0.2293414593202989,0.2436241865122461,0.2127809031124705,0.223390676162559,0.2310563543810566,0.3134261282477091,0.2821990377145695,0.2518168399105391,0.2201887929967121,0.2547495489276237,0.2288367719859501,0.2794391967449066,0.2452195134697348,0.2227796117470539,0.1986732868123155,0.2137408534666889,0.207274990371431,0.3151345681803867,0.2783512319110635,0.2439645192326018,0.2478545407997074,0.2653971172537588,0.2683968497238034,0.3033199133488224,0.2573511864040121,0.2714259633211355,0.2373873684676617,0.2612634664991695,0.2414218808685433,0.3165934564814314,0.2503079366984551,0.2655795314139908,0.2281354531460202,0.2476813225089635,0.2406505108520811,0.31587061867668,0.24541246877952,0.2830253548414276
326780_10_consensus.txt,0.2710086176454638,0.2648821227112847,0.2559334251346392,0.2588969789649979,0.2585480057963423,0.2842406442358971,0.27232338996766,0.2907050950277359,0.2702752170554099,0.2803246001376536,0.273321733421092,0.2879005595937798,0.3297915655336751,0.3161312490114696,0.2891995919237935,0.2574354787703719,0.2639881026441593,0.2791438319118775,0.2888261690344791,0.2819118152016706,0.2864612365275256,0.309903842636789,0.2828200087138377,0.2949090221596933,0.2773701018791428,0.2725605188890725,0.2816981357840689,0.3286928087135337,0.3020176657171802,0.293976915260135,0.2919723896914625,0.2783468240050908,0.2695340830130099,0.3093493393355615,0.2803242786339019,0.2883206364249595,0.41788363214091,0.423501779884436,0.4473274653443546,0.5157919013436789,0.4654862077802697,0.4754433467819794,0.4081891981702199,0.4111002230959428,0.4407201431360619,0.5287183368048076,0.4858287800959822,0.484315932995738,0.4551082635797172,0.4623668602364645,0.4746829458893096,0.5143831901709035,0.4798035779102463,0.4666502254390501,0.1656494443686611,0.1715753325472384,0.1552049605366825,0.1878922094080195,0.1901751876780615,0.1766413994373863,0.1622454714255887,0.1799193914391104,0.1670720414630793,0.1956569691218668,0.1974304304599492,0.1894717747815839,0.1583097136265863,0.1720058365633647,0.1543937170191718,0.1908322964443876,0.1902433915626353,0.1795441757079352,0.2373132650124532,0.2755502691689671,0.2288084524980504,0.2739644529256395,0.252490779868431,0.2380176320390319,0.2379408447859674,0.2525754466315177,0.2602651731215957,0.2520207128817979,0.2683059840955977,0.2375073613222156,0.2651343639254797,0.2739229131081302,0.2604608374950352,0.2379079452468531,0.2409734690971809,0.2398186749558775,0.0,0.0400709833676664,0.0402817478984189,0.0508687867274879,0.0483660775469374,0.0449544039013574,0.0382308304868672,0.0446962839708184,0.0436441212748626,0.0462409458278045,0.0610917764873839,0.1857577471589806,0.0683026502491799,0.0526895421434652,0.0551291900467987,0.0456628877949896,0.0407971941089151,0.0772078310711599,0.1986372815366976,0.2015459080672812,0.2037051153749729,0.1872749487087084,0.2039280528167637,0.2124829956862157,0.1896809084723472,0.2043005624049705,0.1992141064722972,0.1983543264613558,0.2224453666399384,0.2336476446773581,0.2009320527703622,0.2166693955802401,0.1934944267054241,0.1908145131514054,0.2111761012464406,0.2197969770397421,0.2791104191803022,0.2940861213150505,0.288992903360306,0.2550185069913588,0.28501079533142,0.2814358364788667,0.2606453137364397,0.2561778325920798,0.276046326016278,0.3665679216293789,0.3826006850377439,0.2750786428966556,0.2605670362084602,0.2910450929220509,0.3098927630527868,0.2850065312810876,0.2804822717035939,0.2901419293587821,0.2582511459287246,0.2742143065454776,0.2860316821863264,0.4331347087655359,0.3715097190195351,0.322333282482603,0.2728356197483563,0.338570202201673,0.2972145229243779,0.3791452341224932,0.3107842977912654,0.2768855121374898,0.223469721031229,0.2657843723003203,0.2504834724088098,0.4345977218161145,0.3672189534810535,0.3029338284103815,0.2760725122198089,0.2802849949149824,0.3030708492580451,0.3583070327718189,0.258699414607932,0.3092222490347787,0.2624504781418721,0.2791652182102169,0.2567957884100664,0.3765898862338481,0.248827933555102,0.3057491542180237,0.2506623807899473,0.2604201354113762,0.2656186291231606,0.3669684421432571,0.2575148480253304,0.3305867323368403
326780_11_consensus.txt,0.2676761241025467,0.2640399568277587,0.2577846677204007,0.2583316688608654,0.260132248089441,0.2847652547378168,0.270383672265666,0.2915133023280738,0.2734775583634956,0.2777017843035878,0.2759817327146407,0.2868061897249845,0.3307504692241103,0.3221379481047108,0.296102967413784,0.2558592721062922,0.2644610044334072,0.2791749824476319,0.2925106308954071,0.2825565274449104,0.2933504320514259,0.3053070619775297,0.2837331174803488,0.2998669518130548,0.2816163412007881,0.2752274734956685,0.2882141299596483,0.3218130532298353,0.3008498648554436,0.295107393879821,0.2956156882441831,0.2775432359984897,0.2715960046802763,0.3048208741200966,0.2808062775036255,0.2898600735613605,0.4178703008382882,0.4223228609176779,0.4458706250404525,0.5099652349892132,0.4635028088873447,0.4725433337283746,0.4085721652138652,0.4116807048193251,0.4400013959619535,0.5230138704171097,0.4821308340388981,0.4806275424945774,0.4538635325000726,0.4607183240177512,0.4715504216600124,0.5096365633455733,0.4786311088144508,0.4645164803303991,0.1598002923973034,0.1653557947321431,0.1496738704259392,0.1767062714443668,0.1808037651873135,0.1690194244723528,0.1565509211490336,0.1748204699118005,0.1640806915150605,0.1860770332997923,0.1892654060641412,0.1840401847148136,0.1523788808732149,0.1661513736229309,0.1488546253963427,0.1789796569448896,0.1816685758326066,0.1713693834082477,0.245475924052581,0.2861687579168226,0.2387976492608814,0.2775075743031223,0.2558661982547363,0.2466700165574238,0.2452052249924392,0.262932059490808,0.2713114629026307,0.2527260240362068,0.2708840562384154,0.2409141393330038,0.2743841480186724,0.2875178788297461,0.2720321150621316,0.2394230328108797,0.2396990480065639,0.2441300169525355,0.0400709833676664,0.0,0.0303257040055875,0.029196515306662,0.0282671199847008,0.0280183920979233,0.0287345148658033,0.0273426203760962,0.0267243766663654,0.0308413729442662,0.044655534903633,0.1672033902793543,0.058468988721227,0.0372693273735222,0.0421129785681557,0.0265981775885144,0.0260912323311472,0.0773263765935432,0.1848635247946646,0.1857021095735334,0.190881003970567,0.1766238607425663,0.1893813902159209,0.1966956809731996,0.1792277665339057,0.1907092803492744,0.1881879729993762,0.1841051706872782,0.2033578807130176,0.2146057316912468,0.1858127988551885,0.1994297836027172,0.1771661611416206,0.1802712067584515,0.1958505686438343,0.2029591916542088,0.2614389325559472,0.2841491066400223,0.2818594210493117,0.2435239348725453,0.2741853423509894,0.2722490077295703,0.2483536886515374,0.2444575727633555,0.2703569190384876,0.3498539098170958,0.3714956843285115,0.2642481667198098,0.2446013019845239,0.2819645667231363,0.3048960604426689,0.273535044363026,0.2681095596567395,0.2782725630980636,0.2538686581513012,0.2662360463789213,0.2805755662352531,0.4216497270434871,0.3613854408221293,0.3147490040037866,0.2702228193508595,0.3332818072814163,0.2924161461221928,0.3659108264498023,0.2978466843019447,0.2684476195552712,0.2178706494427231,0.2586217620315949,0.2441374501555557,0.4226974204137192,0.3567473992811933,0.2949184854416664,0.2578871227750099,0.2639331543600036,0.2845659085129668,0.3328957310148723,0.2450294171521996,0.2888094877090168,0.2490963222317468,0.2671404238419939,0.244819299449162,0.3536447032116392,0.2341991759917476,0.2866366320513194,0.2347250853036442,0.2484016096981562,0.2498128374010733,0.3416788059834807,0.2429703179884086,0.3107918138447658
326780_12_consensus.txt,0.2597769649036365,0.2571866459063727,0.2514216867631411,0.249659494237477,0.2537362095165818,0.2783931427713,0.2613798771334039,0.2832119665184009,0.26605035596085,0.2700020600427244,0.2659159535601709,0.2805476138394134,0.3144684543698517,0.3070008327543085,0.2826989902738255,0.2482982940028613,0.258523575140277,0.2729162381776504,0.2641954651311344,0.254225479075945,0.26382802955575,0.2742898502805211,0.2566776033523013,0.2690229457478743,0.2531417394599202,0.2459011517637144,0.2593140415171824,0.2895409229745809,0.2707561007985752,0.2651707164097168,0.2646775916181312,0.2488339919082491,0.2432262909345581,0.2741492336593012,0.2529020904143912,0.2608152904012542,0.3957201657043256,0.4016347171354795,0.423579151329136,0.4854659044229379,0.4395407835247447,0.4492431547958126,0.3860193030905847,0.3892411316256456,0.4161548839480531,0.4971364082988536,0.4584028956679518,0.4557491756941836,0.4301628175106629,0.437739749298764,0.4477917943831997,0.4848273092304467,0.4543386945429084,0.4417461455552285,0.1441880226361931,0.149196000537259,0.1360396703565136,0.1598725726804559,0.1635189123233438,0.1521995287845428,0.1411191576883972,0.1563463821313782,0.1471789265177783,0.1679988022753029,0.170517280187088,0.1647003593488492,0.1377063710533015,0.1488375459056996,0.1359173209201323,0.1626452978602017,0.1640526625395146,0.1549808064121869,0.2260225781470879,0.2631054225248235,0.222582201688958,0.2567553155620174,0.2353378998142368,0.2269321050843444,0.2257351401797436,0.2421384447800108,0.2498088291779616,0.2340034641300121,0.2490591326462023,0.2220410613653243,0.2524313975920194,0.267918230827501,0.2526753959214005,0.2206758903423988,0.2228607297469729,0.2261741582746488,0.0402817478984189,0.0303257040055875,0.0,0.0325122119271839,0.0318584388805121,0.0296198654864845,0.0296874061624912,0.0300971981189519,0.0296319989437279,0.0338683247795899,0.0557987250579934,0.185687959607506,0.0702656777894326,0.0441242384751845,0.0494716878421357,0.0300283290714418,0.0295113418640156,0.0841712833478212,0.1767862701742899,0.1781904946921528,0.1806270803817611,0.1668169129651566,0.1800361161897079,0.1864995191814245,0.1697535474348654,0.1801877358475607,0.1761788396671946,0.1766880901584997,0.195737078621466,0.2055890537151938,0.1771022477121846,0.1910945226986733,0.1707744075213924,0.170995712170388,0.1859291821094508,0.1939761186310065,0.2521437935794886,0.2649302997886309,0.2593058746524228,0.2291284614657698,0.2550764413937827,0.2513606890391457,0.2339493988982113,0.2314496487801527,0.2493891164104198,0.3438163701688808,0.3587136369409869,0.2473376989240918,0.2308440465050552,0.260979107788355,0.2805085545391677,0.2534609334887037,0.251269082162473,0.2623837557072725,0.2353756454451065,0.2489853202333662,0.2605604004949242,0.3936527619601158,0.3376081862046973,0.2931825921146789,0.249957076490169,0.3094735597016829,0.2691465394851136,0.3422093290218804,0.2790538785382566,0.2513756225725672,0.2035376500616799,0.2411006197328369,0.2278404794942474,0.3948719094131689,0.3333514221201028,0.2745758000398339,0.2349195121688083,0.242398547046303,0.2609988095618121,0.3053757054899293,0.2289210789221663,0.2645931910567967,0.2263294726278921,0.2456339770215265,0.223558053414596,0.3232229738100329,0.2179837342828676,0.261491454375836,0.2149853551289418,0.2284897551283649,0.2278125677000453,0.3126811945052381,0.2244668304915436,0.2855094204000252
326780_13_consensus.txt,0.2708368163810135,0.2690430535938013,0.2662512274466166,0.2618267739962121,0.2677759543439535,0.2911832058740593,0.2724117911411454,0.2972375743075979,0.2807344004576997,0.2811440375785992,0.2815203271075397,0.2936542539431315,0.3322498787539345,0.3262924428430196,0.3039919269161615,0.260856717990201,0.2702674363744961,0.2859525647923462,0.2976054611783603,0.2855228130150209,0.2992380327179518,0.301432604281544,0.2874765699461719,0.3034735241145654,0.2868117624401023,0.278486093717067,0.2941978829608871,0.3125174138056792,0.3002829738423287,0.2962844016824988,0.2973726916258741,0.2776098008570038,0.2737596285190591,0.301340341046032,0.2839341501152042,0.292752392913723,0.4151804908374927,0.4193483608313961,0.4409464871764434,0.5013461274358875,0.4585765145398817,0.465631088117675,0.4069118082139304,0.4088601711053776,0.4346193459630143,0.5141757239942102,0.4747879034981288,0.4726432980748569,0.4488374156612167,0.4550178917333518,0.4640458569802668,0.5014318102405859,0.4727870466908932,0.4588138881697681,0.1531949651793205,0.1588007511187683,0.1464776833766663,0.1661656403786402,0.1730960397737675,0.1625405716736949,0.1501597802182388,0.1680182755205521,0.1612460318450921,0.1760722448155363,0.1822642056601751,0.1775189748787653,0.1469949071591578,0.1593952123964612,0.1475628663766635,0.1686920965454881,0.1737541407103506,0.1654674723521481,0.2526710160097281,0.2931154706170567,0.2485562961619081,0.2806416577456616,0.2590308553954159,0.2536659008147239,0.2529149726838504,0.2701995184494379,0.2774344094056218,0.2560131390419577,0.2734121981113446,0.2462325288102924,0.2819463212066075,0.2995736220973732,0.2817298243743096,0.2416046263761124,0.2430789894456104,0.2506403527889489,0.0508687867274879,0.029196515306662,0.0325122119271839,0.0,0.0204655605042773,0.0209709916085074,0.0306208090170194,0.0236872916194172,0.0242798835564421,0.0244825461829272,0.0410224705992305,0.1660310565501532,0.0633017968813085,0.0311694065278942,0.0393789387899445,0.0208182877941922,0.0259145067141304,0.092692406523394,0.1878537724535753,0.1867541591353116,0.1936192826828922,0.181150450734286,0.1907568174594764,0.1969085147697207,0.1841457332177114,0.1917968261703961,0.190291678727398,0.1859781940444804,0.2008753156812801,0.2108929357359059,0.1867773291058085,0.1978274999564604,0.1784948656156402,0.1849559399363514,0.1961671873194639,0.2033358689935518,0.2518323576071424,0.2769662494573879,0.2727278019486867,0.2348464157501482,0.2639201574531569,0.2633653869934491,0.239518908422422,0.2367375996077889,0.2624028472351192,0.3437278834037762,0.3667974419563435,0.2564932411864475,0.2362025251168447,0.2745350330397862,0.2962231140871374,0.2637781548076141,0.2591864159381458,0.2700412942901025,0.2542057404643429,0.2643713370841887,0.2788856782562128,0.4107845309850795,0.3543833460877081,0.3116031622403596,0.2707693329444218,0.3295696304910613,0.2892627592263253,0.3572735308792083,0.2920607914273176,0.2673879525978293,0.2197429751320641,0.2585248925310957,0.2447448866846464,0.4123238401114442,0.3488866662339696,0.2911153547789951,0.2491144078122111,0.2583579115486394,0.2741210337732305,0.3188875461075895,0.2399921192598739,0.2797027472306901,0.2406521264902963,0.2620251187990376,0.23763689990421,0.3373762613753044,0.2302702603483268,0.276804760810986,0.2284758963834505,0.2432718488675007,0.2412836690264796,0.3258361584382356,0.2347241775165116,0.3007044575396698
326780_14_consensus.txt,0.2698831574183202,0.2676787713647641,0.264007878714203,0.2601648012615492,0.2653075531727999,0.2881411219254204,0.2720040998351436,0.2946812955838993,0.2784383754355239,0.2795481185369013,0.2798377806762957,0.2916756025050269,0.3313360925128386,0.3245775248302927,0.3018545407179687,0.2584571200454917,0.2681844312594599,0.282734348616863,0.2969531938241943,0.2841917967807283,0.2969154852895244,0.3017462951070087,0.2861651424861513,0.3023849615462097,0.2846420321248288,0.2769206999085511,0.2933317066265779,0.3138290676390483,0.2999477679032587,0.2955592399074973,0.2967857652215571,0.2771980254831589,0.2730841001583819,0.3014764732679076,0.2829865845523152,0.2919999965736366,0.4160591433584955,0.4202137182877656,0.4419029916629071,0.5027986520213794,0.4596793347857968,0.4669662236775949,0.4067160176687778,0.4094453451017763,0.4357959522000918,0.5151544385429219,0.4758280671068462,0.4740840962546606,0.4498274188133067,0.456462950312158,0.4651413549469332,0.5027029053880021,0.4743176353678642,0.4596127564939962,0.1534396310573598,0.1589769088410015,0.146168708269478,0.1676304754998838,0.1733364647745645,0.1628521370228632,0.1509086225235059,0.1678843848100548,0.1611742668410265,0.1772211916631185,0.1822055630220447,0.1775499476112685,0.1465400521895539,0.1594162692179601,0.1470953730327373,0.1698806694344874,0.1743549501380421,0.1657100548614742,0.250212682097537,0.2905067208615861,0.2456957465113731,0.2796285101591884,0.2578657435487912,0.2523064868780764,0.2506248786168363,0.2685931637594052,0.274683107135047,0.254185675243626,0.2722799026479237,0.2444798838832191,0.2791680585635667,0.2964931448599515,0.2796771732340062,0.2406039408080289,0.2417746730705232,0.248298637852951,0.0483660775469374,0.0282671199847008,0.0318584388805121,0.0204655605042773,0.0,0.0214840280140684,0.0299520681082263,0.0236852497155553,0.0242942139837047,0.0252419221429995,0.0398400558865148,0.1666174337239709,0.0618340734637143,0.0313277746742812,0.0395497574238454,0.0223566037926872,0.0248378674455764,0.0899010903134041,0.1869600518325249,0.1863148728639494,0.1928937119155591,0.1805413066776893,0.1906595442376577,0.1965918830690078,0.1832668776426835,0.1914512866883271,0.1898539363746039,0.1862022869203734,0.2011594272718326,0.2112894599905566,0.1862488797336468,0.1985206594136563,0.1779213925962253,0.1834447118243858,0.1966885783457179,0.2029897446237356,0.2513356188684383,0.2773641248488125,0.2730752260603992,0.2348693346465822,0.2649494343404583,0.2645039703094411,0.2394824800448489,0.2369209157368921,0.2625701391624773,0.3444908687404542,0.3646302329272366,0.2558922971477848,0.2363419250120912,0.2739048877763679,0.2956795743135458,0.2644716727891563,0.2602676816878819,0.2702498592383442,0.2538060284641616,0.2645244874223635,0.2784797487307315,0.4130302403192196,0.3555973240297057,0.3119088186514176,0.2700954875167731,0.3304554685234251,0.289338641184969,0.3588344906104623,0.2926908372450754,0.2676639822174564,0.2192035975171791,0.2575378652660873,0.2437539949191496,0.4139522747484463,0.350809983456287,0.2915743102901444,0.2486670963796768,0.2569815747797435,0.2736621042816729,0.3196864042748188,0.2386567821330558,0.2788953794645579,0.2403170546359518,0.2606966581034236,0.2373238264910355,0.3379799490469537,0.2281966884530604,0.2767587429522002,0.22725759421483,0.241842552239639,0.2406853016769474,0.3265296246786171,0.2342837079687321,0.30008035847586
326780_15_consensus.txt,0.2659712426418181,0.2635819731496305,0.2583204696302701,0.2551946052804723,0.2597771436286962,0.283724831615288,0.2666700587233492,0.2899228817762882,0.2728517702987147,0.2754956637514425,0.2738119241848764,0.2865740891701662,0.3258636658792149,0.3180912842814436,0.2940088105202463,0.2543713798727722,0.2630410153906446,0.2784382871389148,0.2935579119183416,0.2824252916834595,0.2933891400218726,0.3015830326391651,0.2845092061842251,0.2993402694213252,0.282509055094831,0.2740251423773294,0.2884746547318499,0.3130182221518218,0.2983068961596018,0.2935685180680636,0.2935805522541663,0.2752067407029948,0.2700983934362426,0.3013442922743401,0.2806959309422119,0.2890564755943856,0.4138251658272054,0.4185107264571996,0.4404730474478739,0.5032785779341964,0.4584504417221637,0.4661784019913781,0.4049960564314858,0.4073765892505427,0.4338797535367362,0.5160468750971177,0.475733398504353,0.4731778954223955,0.4482266183966814,0.4547119942110349,0.4644673621990982,0.5030635606714036,0.4729443656569891,0.4582677250587892,0.1504592839224621,0.1571067537832533,0.1450797912410877,0.1672573303444267,0.173241479275827,0.1615737081559913,0.1482761368975751,0.1659625651934746,0.1587395886920575,0.1766433864280117,0.1819519002095226,0.1760415354606053,0.1441847777101266,0.1576067173796644,0.1452640828924529,0.1703494921769994,0.174159356769195,0.1649460056880372,0.2438951700737668,0.2833174764599206,0.2365639308227933,0.2743594692219488,0.2523724232093549,0.2449791673400199,0.2434512963587316,0.261321168497254,0.2680371720576282,0.2501125439007126,0.2676368371923132,0.2389723938599637,0.2715224921242694,0.2893071531617011,0.2723757007109384,0.2365923159659217,0.2382583339778214,0.2424013224019319,0.0449544039013574,0.0280183920979233,0.0296198654864845,0.0209709916085074,0.0214840280140684,0.0,0.0277091342792559,0.0234389855743195,0.0235672049808108,0.0230330727934955,0.0384650216236011,0.1654184483519003,0.0581599946797588,0.029146598631339,0.036422255627027,0.0221157996343919,0.0242176622558609,0.0852224905138356,0.1864231087330843,0.185959763725215,0.1920085449470754,0.178876204219339,0.1901219474710203,0.196828539384569,0.1823188671267246,0.1905003489477863,0.1881888830270313,0.1848084548983379,0.20093857447862,0.2113991308008316,0.1856537351835108,0.1983969866055552,0.1781496512102904,0.1817968616998904,0.1964398193547865,0.2032153674769503,0.2505371874300124,0.2727857832580511,0.2673825721412903,0.2308229665770618,0.2607834379249816,0.2590410841370598,0.2360001604583921,0.2332022525811936,0.2569070943617646,0.3435093498699331,0.3632627506092163,0.2520196819124685,0.2336958866445329,0.2695325432968474,0.2900060364702455,0.259513864515398,0.2555239026560016,0.2658620139242913,0.2511961955120938,0.2634780987880205,0.277038022126252,0.4125826479840739,0.3545307813830689,0.3106072899131398,0.2672435405658149,0.3279645033416436,0.2873591367130146,0.3597584052752829,0.2933131049104958,0.2667988089390434,0.2170283801235797,0.2563296462815181,0.2421155180121132,0.4139300493773206,0.3500716662898036,0.2908305157492243,0.2500367640341139,0.2576739420848106,0.2769123960539552,0.3235860205731384,0.2396818433409819,0.2811438845899445,0.2404423075516959,0.2596252908904404,0.2355202381713041,0.3424832420717187,0.2281682254190009,0.2788569985564244,0.2273264953367046,0.2413701238192693,0.2407565848305282,0.3312887019046044,0.2350116808794489,0.3026219707778885
326780_16_consensus.txt,0.2602423027794316,0.2565480602133334,0.2498439709797288,0.249404306819553,0.251522892822166,0.2768221360028775,0.2624505226987601,0.2833573849257043,0.2650332258639984,0.2704058870287866,0.2667360623774755,0.2808067671707697,0.3195276042951178,0.3105501519445361,0.2849955607360606,0.2480416197398511,0.2569593237681431,0.2716680093191819,0.282720807592554,0.2735864631839817,0.2811802431320842,0.2966659606401833,0.2753797487259071,0.2883525493996437,0.271721901121893,0.2647364163895389,0.276583987547319,0.3128682660206401,0.2909175819268057,0.2850162063085477,0.2844338965051918,0.2679300879953672,0.2611593464911586,0.2967925005471201,0.2707986989006912,0.2795114237905522,0.405857102937567,0.4106278401855654,0.4337216754933664,0.4986992866402993,0.4519180397571638,0.46019348789169,0.3967324051722194,0.3992607848436478,0.4270056818765191,0.5116752664715278,0.4708401158754185,0.4679289085849198,0.4415744055805533,0.4488296509783751,0.4595835816719891,0.498777738587151,0.4663461472321089,0.4530811948166651,0.1509314290709937,0.1578338777655261,0.1429113764598,0.1702129705987864,0.1741902995036284,0.1619750618563671,0.1482695430290519,0.165491669836669,0.1559641449272,0.1786866270307783,0.1821847502296947,0.1751629930950216,0.1442312352854173,0.1579141224421505,0.142841283365037,0.173314112188919,0.1751276355413793,0.1644550108824525,0.2335702741232665,0.2721391040058627,0.2258043954448325,0.2667300130898837,0.2441236082738633,0.2339630533199361,0.2333799810535346,0.2500218890646977,0.2581454706771318,0.2432335199694293,0.2606495093126213,0.2309228684778261,0.2611160903053857,0.2747000023831312,0.2598496845529858,0.2298139926143214,0.2316715401614928,0.2335409336034679,0.0382308304868672,0.0287345148658033,0.0296874061624912,0.0306208090170194,0.0299520681082263,0.0277091342792559,0.0,0.0284760649220032,0.0274944501450349,0.0294648713997283,0.0453995146605343,0.1721643829171739,0.0578827651761457,0.0366586518388345,0.0418116990049242,0.0284221862788243,0.0278251282778967,0.0778872623879927,0.1841724882432629,0.1857803568102767,0.1892086141633839,0.1741440552319311,0.1883188269984863,0.1959438571734253,0.1777918902010569,0.189759577330367,0.1844882300320165,0.1824219240915603,0.2026321629892074,0.2139062427866207,0.1844757831857784,0.1989771783442542,0.1761944246923334,0.178094834043712,0.1951110389755896,0.2017192916925765,0.2561583754957688,0.2746399673697155,0.270275483256519,0.2346563862340502,0.2641872240891523,0.2615797335905867,0.2407459513973258,0.236585665847322,0.2591632976457063,0.3476093258254522,0.3643822575341744,0.2547565726167136,0.2378532219947828,0.2712479655285769,0.2915899995798625,0.2632721782804594,0.2594245921845797,0.2699454874461828,0.2471044941650255,0.2613975064580707,0.2734989784238664,0.4139811717712796,0.3550986789734729,0.3080153122496512,0.2618942515873321,0.3251367056445744,0.284172335141065,0.3607077917891033,0.2928055173104056,0.2627771879909346,0.2115524813329301,0.2524321739513659,0.2380322102637819,0.4149964207184169,0.350072606724332,0.2885934866594297,0.2512602991473329,0.2573409809108895,0.2778543689272936,0.3287820550363953,0.2383599399900156,0.2825306097433753,0.2398582732939154,0.2591974791936451,0.2350583183747829,0.3477993616136849,0.2283350649141837,0.2810101867598042,0.2277617132736153,0.2396736668386623,0.2424344327669523,0.3362535536511011,0.2354947859387515,0.3049856536479183
326780_17_consensus.txt,0.2679188003450115,0.2648965837393007,0.2611985214898311,0.2577328308039242,0.2627403897624525,0.2867362829749673,0.26899046501482,0.2925002600416988,0.2755418989800304,0.2777465427666215,0.2763108202319841,0.2892774090301415,0.3268941466023456,0.3200648296647763,0.2974079512903458,0.2565731842181122,0.2663188526595021,0.2808824070139621,0.291208357334888,0.2794238985005748,0.2916265461725942,0.2969788870531999,0.2806129381067173,0.2965978021383044,0.2800432598978837,0.2712195197801534,0.2862982982238335,0.3104579906832398,0.2949382155416273,0.2906102111427273,0.2913749452358836,0.272911109200983,0.2681344217570576,0.2971147336644826,0.2773715717921519,0.2865631652978706,0.4131970619212097,0.4178199573627807,0.4399343522963193,0.5016766310452603,0.4571345414204657,0.4650853072360164,0.4043963691507137,0.4068252219456774,0.4330073686878073,0.5141468922121675,0.4746978025485475,0.4725266007082211,0.4477278107770637,0.4541951498893617,0.4639710797709853,0.5013781646388935,0.4715803609864224,0.4578419861348735,0.153775892569044,0.1586229390215976,0.1450058004276613,0.1681109018647362,0.1721751536663909,0.1619301545291556,0.1508953202880327,0.1671124028215977,0.1583724344714419,0.1773419027870311,0.1807836375937803,0.1764245466340028,0.1474837004358846,0.158770099175932,0.1451682015307831,0.1703243649584216,0.1733220107728073,0.1646409571239431,0.2480264652029618,0.2872353766012843,0.2422438813399061,0.2770180475427111,0.2553933166563809,0.2489824288335498,0.2478638453314694,0.2646212340236396,0.2711277928491569,0.2530077731311593,0.2688474864402863,0.2413942884280473,0.2750814229607989,0.2910584194493708,0.2745956847118869,0.2391425135499503,0.2404498961380632,0.2459768699380227,0.0446962839708184,0.0273426203760962,0.0300971981189519,0.0236872916194172,0.0236852497155553,0.0234389855743195,0.0284760649220032,0.0,0.0242787335728351,0.0280182700916356,0.0450016159114454,0.1720135105432199,0.0657003749247593,0.0343375769414748,0.042567640705279,0.023242690784702,0.0248857715918653,0.086688949471906,0.1863789725986286,0.1857872948191179,0.1910925055777355,0.1785387253621735,0.1889918796124448,0.195820872117796,0.181663525774919,0.1894103777970599,0.188118986135489,0.1866651036584343,0.2017729997545529,0.2120095449546681,0.186141489443159,0.1980464655243707,0.1784428387829599,0.1830197082407743,0.1949632338437013,0.2020696137871809,0.2534807190834485,0.2784065651914957,0.2732272582705342,0.2359188601461852,0.264705686870279,0.2639822261882685,0.2392444981643144,0.2365977579219595,0.2617006912320718,0.3449371321469527,0.3675675697690224,0.2576666969711496,0.2381708469159917,0.2748552184663815,0.2954833147297009,0.2657134446277318,0.2611311263169753,0.2711619900040247,0.2504845049372548,0.2621267206384559,0.2759722922536518,0.4101617832937307,0.3529531991507184,0.3084947649218534,0.2667283671990006,0.3265362633600546,0.286176361127616,0.3567982028271466,0.2910135548604344,0.2650228851356893,0.2168748311810091,0.2551603139291352,0.2414546720772712,0.4112065268929186,0.347726929518334,0.288909615906487,0.2482767509523498,0.2565266883374306,0.2740320163174949,0.3191385793755508,0.2395783118714582,0.2780197567702522,0.239610088523964,0.2593475489123378,0.2376924708058645,0.3370924822341266,0.2298431496967126,0.2755231492310486,0.2278380009701628,0.2425011532283782,0.241239382868116,0.3254320547434126,0.2356281786480067,0.2984415716235702
326780_18_consensus.txt,0.26501425708107,0.261112599713698,0.2569600127306266,0.2543888723399234,0.2586527953905886,0.2815711162381831,0.2667544055299231,0.2894471806367988,0.2711367028367064,0.27426677717364,0.2734689026780934,0.2858073228755806,0.3266015186188404,0.3190896881205987,0.2946502518181759,0.2534923365366737,0.2624693316294184,0.2771283892391096,0.2924767731896658,0.2810171982627985,0.2931397064221315,0.30099489525875,0.2827929435129945,0.2983135346012879,0.2813084569474284,0.2725979715590547,0.2871785040917309,0.3145686027768803,0.2980915089129112,0.2927767492902227,0.2934488813139317,0.2743061042010808,0.2693070225108478,0.3007232232834056,0.2792604946424362,0.289008822337685,0.4125507018071985,0.416551943523757,0.4391115223594219,0.502671481742361,0.4571710899819727,0.4646653345020937,0.4034901663460424,0.4065444408000225,0.4325804686230476,0.5160733792337489,0.4750290001926345,0.4732846682249452,0.4475076784395568,0.4539671010682156,0.4642425849120926,0.502272784235597,0.4716776225068564,0.4581443830530034,0.15379103780581,0.1595634820423725,0.1447131095518337,0.1701091915401207,0.174780857067553,0.1639173822634774,0.1510882553811043,0.1685837589555561,0.1596473655731465,0.1796924518141445,0.1841328348021917,0.1785657498605104,0.1476691800735423,0.1599149433817785,0.1453129602047838,0.1730124819059604,0.1759008237802213,0.1666186331604962,0.2451487800013936,0.2844285451978088,0.237939644428252,0.276008190479267,0.2535618842578842,0.2454255359586348,0.245425626329478,0.2614039753107526,0.2690450212968365,0.2516943307817882,0.2686525461855105,0.2396921833926129,0.2742777978996074,0.287320394186878,0.2727997066421643,0.2375135608571312,0.2388720317530115,0.2438277227761069,0.0436441212748626,0.0267243766663654,0.0296319989437279,0.0242798835564421,0.0242942139837047,0.0235672049808108,0.0274944501450349,0.0242787335728351,0.0,0.0265463441979711,0.0403532071863992,0.1637302327700744,0.0576302898048339,0.0324564257838844,0.0374869000332367,0.0226256055228262,0.024818351215174,0.0828308747575512,0.1771826840534025,0.1774182463876208,0.1828405996095519,0.1697785783163112,0.1808766316355488,0.1874884315877061,0.1727579986476968,0.1822712607424321,0.1792316498242669,0.1747902143417121,0.1922332695127586,0.2025178446969135,0.1764177257661998,0.1892872108148964,0.1683232963441163,0.1730899853407486,0.1871553649059123,0.1935299916850219,0.2537650975840435,0.2792728348598494,0.2742209700719655,0.23557196547927,0.2656568912940251,0.2641714807255653,0.2399853677685541,0.2366053246765318,0.2628603533694047,0.3454703798711591,0.3669965556103207,0.2578771706661662,0.2381198073327226,0.2754664766478782,0.2962933912934815,0.2662606033777841,0.2612501313030755,0.2709495573596001,0.2520576926642661,0.2641237172693707,0.2779690124414493,0.4165010204461552,0.3573369061013451,0.3122012754332814,0.2682624619720855,0.3302826458184746,0.2890506277225455,0.3620685474981897,0.2943581475290457,0.2671713745739339,0.2168269644099467,0.2566711266047754,0.2431587879167338,0.4175863661558985,0.3525692052258407,0.2916161699976314,0.2529929168074041,0.2602156509177362,0.2784108475156372,0.3263705072844942,0.241128086410896,0.283280876705053,0.2429970085808079,0.2617174777703184,0.2385770580672108,0.3452286942146436,0.229393326771266,0.2816052193271545,0.231136158469333,0.243327928423394,0.243601771531253,0.3335157291582931,0.2379305862172103,0.3045417317705059
326780_1_consensus.txt,0.26649199696379,0.262242153804376,0.2554996372707698,0.2546482235510225,0.2577974317298555,0.2812598048172532,0.2675843174112984,0.2898153253436391,0.271591344665012,0.2755131181817916,0.273100397635325,0.2859452390978916,0.3273354953247747,0.3166871344050008,0.2906776473191215,0.252169157147641,0.2614243410505672,0.2765929318107041,0.3024504231472313,0.2938291153686201,0.3013395236123806,0.3183155673419513,0.2963989123722115,0.3091143373025851,0.2902102982322532,0.2853665617037606,0.2966796590341154,0.3302565097745287,0.311465950809243,0.3053232515037933,0.3036405359409393,0.2868624062119806,0.279004859867765,0.3186920856608815,0.2928114346056105,0.3005298576518882,0.4154469898211026,0.4195497142318203,0.443159230160532,0.5085380559285504,0.4627318369433872,0.4693550073362509,0.4064669221860839,0.4091375873022578,0.4361598157145039,0.5214624699110431,0.4796909548896693,0.4769702822797974,0.4505278025419663,0.4567843461076357,0.4673353132694267,0.5083330854305537,0.476891002441576,0.461076099427828,0.1513621243345255,0.1611180903295199,0.1495459905508269,0.1743062912691151,0.1809676670411164,0.1674135578419466,0.1482116433073486,0.1701515766228638,0.163115772805483,0.1834724593859569,0.1899416689338693,0.1817098397452916,0.1444619717182007,0.1619384978196549,0.14986518809825,0.1774432159432528,0.1820731158655775,0.17064439482062,0.237572002744077,0.2758133864935423,0.2278315027013064,0.2718811873610995,0.2490338860303502,0.2391871294748284,0.2375211809571489,0.2553070743893997,0.2637368130411559,0.248052749028389,0.2671887036200928,0.2371335791032578,0.2669214783337352,0.2850534552873469,0.2669245786605145,0.2347311818465591,0.2359603908991125,0.2372283585436072,0.0462409458278045,0.0308413729442662,0.0338683247795899,0.0244825461829272,0.0252419221429995,0.0230330727934955,0.0294648713997283,0.0280182700916356,0.0265463441979711,0.0,0.031222801357341,0.1573533393856792,0.0482401933176461,0.0238163661363017,0.0295307278260352,0.0256222659918812,0.0270715667347545,0.0799042020561557,0.1988685856573155,0.1993267493046531,0.2031516936624129,0.1895734380491873,0.2040863124339509,0.211028938177499,0.1947448696888685,0.2052901551644659,0.2004113320371878,0.1939439320303186,0.21440136021846,0.2247865067678844,0.1988378390072611,0.2124899357558547,0.189956993828833,0.1923218147213603,0.2104113665299181,0.2177524473684116,0.2529166225130232,0.2715244263980878,0.2669308373239865,0.2283065444571654,0.260726994883818,0.2586591956976711,0.2378769880061781,0.2330235943772756,0.2555343512963333,0.3472312896516776,0.3632530357253927,0.2513200336460279,0.2337769561544185,0.2678024543551878,0.2880096875639708,0.2582631576020127,0.2533740366989434,0.2650605409935096,0.2579603704649749,0.273356413275831,0.2857347839115505,0.4270973367281598,0.3677124693501987,0.3216916814629549,0.2740008519652512,0.3379906742374032,0.2968545182101501,0.3745955780047794,0.305454970041243,0.2759556630450852,0.2215977306220899,0.2644698257668487,0.2492951480474374,0.4299861181890243,0.3630798360126803,0.3015119653533915,0.2647101372330809,0.2715667706301801,0.2931840568952637,0.3481445837443786,0.2452939561865363,0.3000296929013402,0.2520592289029864,0.2702956662782796,0.2433978413271447,0.3672449415021006,0.2365307668211471,0.2977232989774343,0.2374986278860404,0.2495796465688933,0.2538469645094103,0.3569308730236393,0.2445348377114804,0.3239735246522741
326780_2_consensus.txt,0.2990308523809055,0.2874975682056231,0.2781921884302853,0.2856139985864487,0.2820197973261358,0.3058413437714193,0.3023570173718326,0.3185127752506922,0.2988523349676484,0.3059410380689407,0.3043136839505038,0.3103494825794115,0.3754351608177906,0.358430743093038,0.32630065302315,0.2823033629734155,0.2862715949383663,0.3030737841200093,0.3930983322997434,0.3855919573027222,0.3914224274996023,0.4191371778357577,0.3879871199454641,0.4038319871444358,0.3787845173004704,0.3758036182969775,0.3853593062650233,0.4347196397375867,0.4086803441622066,0.4000489918089123,0.3978182600231008,0.3796123653056611,0.3669815556348368,0.4195342779783289,0.3828658820929114,0.3928282851710243,0.4872803840907558,0.4913834293062074,0.5170163942123729,0.5924351277391118,0.5410610915051706,0.5461772917282346,0.4780687100432494,0.4805608733573194,0.5100775449392216,0.6085926051009594,0.5599910042966627,0.5585565565064812,0.5271775278338708,0.5335318133101978,0.546918478085967,0.591488298827997,0.5568169233264939,0.5384449125423885,0.1982326591354635,0.2119395817313147,0.1958728337434543,0.232159677294554,0.2382096775927955,0.2218999968360577,0.1935998805713588,0.2252507337926559,0.214717459120262,0.2438755100011249,0.2518619327068521,0.2402057833244555,0.1889806074287356,0.214560561521683,0.1961774826938835,0.2365193601040047,0.2413859317115374,0.2260659632081179,0.2897171795342679,0.3336257069305759,0.2688307480007772,0.3350462741037141,0.3091807459776312,0.2939056890765137,0.290653681279128,0.3089919454890335,0.3164877119321154,0.3066032750376664,0.3331258441376867,0.2938281844921704,0.3269201583312942,0.335105422795074,0.3199193134648972,0.2924249877529803,0.2945529843751195,0.292102879020188,0.0610917764873839,0.044655534903633,0.0557987250579934,0.0410224705992305,0.0398400558865148,0.0384650216236011,0.0453995146605343,0.0450016159114454,0.0403532071863992,0.031222801357341,0.0,0.1200870182111479,0.0299541078471499,0.0236524816924408,0.0215146238209058,0.0412537918172297,0.0411512128981996,0.0758434151157381,0.2519807813661501,0.251127004283731,0.2575904049687381,0.2408545277027372,0.2584316538030435,0.2690072418088682,0.2481536639675958,0.2619769756158874,0.2574829480440499,0.2408297220334283,0.2677754726468286,0.2783174196530353,0.2510525498560838,0.2670982715189289,0.2383152751642043,0.2429373725204868,0.2675017350481958,0.2743954006907856,0.3006775584511381,0.338347796179292,0.3334550243385479,0.2819403144998276,0.3236607770254345,0.3226940681703709,0.2921414373866966,0.2839988609651414,0.321708515797809,0.3894489066101982,0.417700608069822,0.311140695656487,0.2907531981606617,0.3343113052843591,0.3572808132436016,0.3233930848690463,0.3122312712056896,0.3250451376168648,0.3246785240163454,0.3438824758323164,0.3591331959880612,0.5268520309005709,0.4555237316465579,0.4007217352461367,0.3448261809846826,0.4210539724157165,0.3770313507548586,0.4668733188113876,0.3840194188996904,0.3475336110247085,0.2784659607659741,0.3338662975193394,0.3153753507713617,0.5301154883428687,0.4514630838881857,0.3777489904900051,0.3453311274310344,0.345907092616283,0.3789341395423697,0.4494717222302427,0.305081481633632,0.3893891747900149,0.3272999981442694,0.3426646817039511,0.3110122634351491,0.4736703580348766,0.2970520961071763,0.3883638828344331,0.3097867230626043,0.3171256945522493,0.33029562783463,0.460157517443605,0.3142218739142244,0.418301511224282
326780_3_consensus.txt,0.4459328710521824,0.4269514389318267,0.417017989443341,0.4316845546905234,0.4203251341419083,0.4477083987444246,0.4498815200320791,0.461873672660392,0.4395862711669522,0.4483215445164887,0.4502195715598525,0.4489372288799913,0.5385945752144146,0.5169079094565987,0.4804187226061529,0.4264760534911644,0.4288853251447229,0.445583994782794,0.5934114697987347,0.582966759945819,0.589441587183277,0.6238874273744912,0.5841873470307881,0.6045705134311206,0.5754079407951593,0.5728015259330022,0.5811844860583335,0.6448103262380052,0.6116725775933389,0.5999212746926972,0.5984766188969601,0.5784699830432487,0.5635035318449013,0.6223792468875793,0.5804149568742822,0.5913159049506191,0.6641828913805305,0.6678292461257804,0.696919239201943,0.7770993690820802,0.7226014066495203,0.7283938345743692,0.6541498047204541,0.6569571693186766,0.6887133749432941,0.7971289659207024,0.7421681930099808,0.7433697003268804,0.7064503028897526,0.7145574061099893,0.7315598820075664,0.7756687590867948,0.741091828559842,0.7218085561109824,0.3574457979473315,0.3746582230660991,0.3513864636829744,0.3988252343131542,0.4049729648816438,0.3867989706968906,0.3523892774554582,0.3931518140633692,0.3767655372889393,0.4137621822797754,0.4233096653018009,0.4098600234416203,0.3486175338691737,0.3791116514945258,0.3515864351421811,0.4045604234581041,0.4091342479864863,0.3924497217798972,0.4547091141505888,0.5051852025046202,0.4245111872521434,0.5085461474294313,0.4811567976515647,0.4593794373195763,0.4587360650700205,0.4740629852531661,0.4821068547196887,0.4751672353397964,0.5089743908841697,0.4609829712414743,0.5048509320612666,0.4929870584364231,0.4829007928842515,0.4605618848736128,0.461568658932741,0.4625500696647684,0.1857577471589806,0.1672033902793543,0.185687959607506,0.1660310565501532,0.1666174337239709,0.1654184483519003,0.1721643829171739,0.1720135105432199,0.1637302327700744,0.1573533393856792,0.1200870182111479,0.0,0.1264419072019222,0.1412454153751987,0.130066208342928,0.1637607931325888,0.1677970453950479,0.1796338186586936,0.4022866304515773,0.401805951601851,0.4115585693895696,0.3901353508502474,0.4096086917630295,0.4221475964910688,0.400499129341533,0.4159344773606719,0.4124237131885557,0.3879973295160539,0.4185475184700031,0.4273834005819914,0.4003414317564946,0.417386836687303,0.3835619023772558,0.3940452897673268,0.420881105683641,0.4272221593908085,0.4669908100612261,0.5262452853200266,0.5190707199353781,0.45823821839668,0.5073326235722107,0.5041802761002216,0.4666227540433425,0.458152588228053,0.5059979986991756,0.5406969678025746,0.5873109475592742,0.492932434415998,0.4679943378643258,0.5221043525831561,0.5485621444185647,0.5104738056789131,0.4931299682932071,0.5058354608023734,0.4941591878661739,0.5153704767912295,0.5339862997495786,0.7245182883607377,0.6427087524877919,0.5811231253089559,0.518060556649349,0.6057272434634484,0.5588089844496658,0.6557922034863637,0.5625581631780463,0.5190719791056679,0.4407715840439827,0.5062496116139776,0.484562222945172,0.7272729169708683,0.6390011471866401,0.5548861789222528,0.5283852006146361,0.5237585967400946,0.562806048094437,0.6462199219570053,0.470315534575505,0.5776022005299524,0.5038155193220462,0.5154886943418049,0.482388727595552,0.6740259600006127,0.4603872736806593,0.5771581076131191,0.4845254400045036,0.4889060134997258,0.5093510278272539,0.6564038288853808,0.487621147478265,0.6115173538181757
326780_4_consensus.txt,0.3134573596263088,0.2994875524691025,0.2869169297085214,0.300596834789534,0.2916868609781176,0.3173185513377632,0.3180249459581041,0.3310860819441608,0.3094164347635946,0.3198692745184139,0.3174976963964369,0.3206777833662286,0.394229142805294,0.3717136378590524,0.3346939153003774,0.2955287409490061,0.2979937036003228,0.3132618391595763,0.4163029753292733,0.4126311447369346,0.413262670056298,0.4534370718226057,0.4143990750215423,0.4286066147870109,0.401237409905427,0.4015706978067328,0.4072193407462592,0.4723018462146484,0.4386063536576365,0.4283336804548199,0.4233206707067936,0.4074733889339867,0.3907975313662106,0.4533241927183375,0.4093396042915636,0.4187181874879009,0.5100806021552273,0.5140620632927195,0.5420067074148172,0.6233034760074574,0.5671691762381634,0.5734267152921362,0.5000851441949443,0.5038328478783427,0.5346924114476401,0.6395828674262489,0.5881618278111453,0.5876411705360738,0.5525130202409727,0.5590352869601709,0.5752329338156876,0.6218489684876047,0.5836845310943062,0.5652032382963164,0.2200662349437223,0.2358153368296101,0.2184331996028206,0.2618251923715107,0.2666003841067947,0.2485543034433917,0.2158031447420221,0.2510779063751513,0.2376269503226886,0.2736082694562327,0.2813659617104633,0.26679941616867,0.2101439813183176,0.2388159727408734,0.2182137303197748,0.2667105253570803,0.2699373793517381,0.2526261189741206,0.2984351221026848,0.3439980090086081,0.2727593946951927,0.3509609630813202,0.3252177574515613,0.3037530889408799,0.3009027261261927,0.3201834653505564,0.327983278750203,0.3223374562955889,0.3513278452727739,0.3077739757517825,0.3373892874268485,0.3406858025192356,0.3292060573317457,0.3083847522701077,0.3106014656225184,0.3036216092264361,0.0683026502491799,0.058468988721227,0.0702656777894326,0.0633017968813085,0.0618340734637143,0.0581599946797588,0.0578827651761457,0.0657003749247593,0.0576302898048339,0.0482401933176461,0.0299541078471499,0.1264419072019222,0.0,0.0377271598504727,0.0305491922848268,0.0610495984829668,0.0590226445157853,0.078031101206605,0.2728532855831176,0.2745459893476401,0.2790380492268021,0.2596023362910351,0.2802523404652923,0.2933291596369045,0.2675962651403019,0.2857438295171235,0.2783693449434636,0.2593247607801885,0.2925655827443627,0.304394419213704,0.272670913846234,0.2920156395514901,0.2602446949371177,0.2613568259664589,0.2907075173800706,0.2986764560796651,0.3324491610453357,0.3666348101318277,0.3632729842079314,0.3095030086392611,0.3547395087496525,0.3517507196863931,0.3220764595675334,0.3126920640186057,0.3498941355463962,0.4169655679514044,0.4451404995788302,0.3382563055817016,0.3195431469918794,0.3614757858197563,0.385555119258445,0.3539418088188135,0.3395315702004744,0.3539510347692989,0.3475277783808508,0.3694821294574986,0.3848722522024523,0.562814528055327,0.4869885266192675,0.4293818708902179,0.367718300476703,0.4492413425902875,0.4039008416167213,0.5017946754333842,0.4149988828941069,0.3731290942687266,0.2989102216682404,0.3575403121911833,0.3382388447890108,0.5668275167690489,0.4842967468989769,0.4060252848438779,0.3798267148672565,0.3789317173048658,0.4165140433636765,0.4950813374385063,0.3315655562281918,0.427979554223878,0.3586040868384543,0.3719029824004956,0.3386167410745173,0.520999910911776,0.3221730500356869,0.4272772098698176,0.3393284574685857,0.3444794661831771,0.3629805219581783,0.5074952388677048,0.3442040713444285,0.4591808571618294
326780_5_consensus.txt,0.2822167492318641,0.2743058520637333,0.266483627832013,0.2704883228037076,0.2694071813141967,0.2933517482774412,0.2848838215871829,0.3038550824609984,0.2848702329887445,0.2909607909577794,0.2889278636825416,0.2981981766537664,0.3511833811129641,0.337046705055954,0.3076642111112271,0.2681934578302254,0.2740053204591248,0.2899025246855089,0.3491470264257756,0.3410313267825167,0.3471498543096345,0.3692605280947951,0.3430509854270234,0.3574974579634578,0.3356330220407493,0.3315471343666942,0.3412817034122213,0.3829728102924079,0.3607830842120414,0.353419106952817,0.3514740636639111,0.3342263768308271,0.3239915900637662,0.3699269032228791,0.3378152725639936,0.3478692032883224,0.4535360759768068,0.4576619263720118,0.4819040304153432,0.552808878495938,0.5041820107543487,0.5097089685739853,0.4444276518972145,0.4466179315854042,0.4748474513005227,0.5671407223483129,0.5222052101206742,0.5198457592577874,0.4911945877620169,0.4967347124161847,0.5087489160297629,0.5519624257527802,0.5185829280802032,0.5017488493749944,0.1747931109737699,0.1862949552639996,0.17255014805799,0.2030583647255852,0.2093775557560526,0.1947678018541694,0.1707252904950706,0.1977326008990232,0.188813907942702,0.2141891955793333,0.2209860714627041,0.2110314819838983,0.1664814830871215,0.1875720322923442,0.1733329230527331,0.2066502033766575,0.2115909395791035,0.1988445017502016,0.2638498418913073,0.3053162889880845,0.2477888256526128,0.3046650203622079,0.279881428967208,0.2677816382050011,0.2652423447437932,0.2840318273446343,0.2905491347978426,0.2781334675776605,0.3008322874469016,0.2660915251716531,0.2975184027466611,0.3103648525698972,0.2950158895057235,0.2646250829573802,0.2663200618505925,0.2655247247445587,0.0526895421434652,0.0372693273735222,0.0441242384751845,0.0311694065278942,0.0313277746742812,0.029146598631339,0.0366586518388345,0.0343375769414748,0.0324564257838844,0.0238163661363017,0.0236524816924408,0.1412454153751987,0.0377271598504727,0.0,0.0232605776196237,0.0321239325975923,0.0333362579659066,0.0784214601966724,0.2279203733268175,0.2266591486762124,0.2327556141285001,0.21714686214683,0.2334396508502791,0.2422902209376083,0.223873597485344,0.235606496649062,0.2306124861539409,0.219071174030816,0.2429897107614422,0.2541879848221882,0.2272098965069986,0.2417930823026779,0.2163561803109708,0.2199337812537543,0.2413234439279534,0.2481185788426323,0.2760487724679059,0.3049683397630325,0.2998524942665952,0.2547308468763916,0.2920593678534615,0.2907410337828402,0.2642871628774799,0.2582785853762672,0.289165712154098,0.3665768024045519,0.3910018977190681,0.2810454708818426,0.262419029826944,0.3010149422452883,0.3224575113434689,0.2910889153621099,0.2823488976771564,0.2954140287277411,0.2929642199261231,0.3106537958978492,0.3245933329878454,0.4791033692717938,0.4136433490464064,0.3631721351084707,0.3109787887183941,0.3816762287957793,0.3385437414947922,0.423354529374695,0.3468555869220537,0.3139388576985382,0.2520393152524818,0.3013283103700352,0.2846405597302812,0.4826318900082214,0.4093566982915213,0.3417383201153896,0.3086668301959498,0.3121398207112449,0.3400692096655078,0.4024214660275156,0.2792140394120039,0.3482257627636436,0.2938316313692368,0.3102784721721718,0.2804959971669802,0.424036823088386,0.2688837672824853,0.3470859212143686,0.2776426309028856,0.2872355163077742,0.2956482255814485,0.4121815254708778,0.2825556610015098,0.3749276712510578
326780_6_consensus.txt,0.2941841284722386,0.2823852391514272,0.272619827351253,0.2806412389635326,0.2769919968091869,0.3007554855461585,0.2963551880304678,0.3135049815034314,0.2932355276061891,0.3005251171270444,0.2982787446153487,0.3051759695888734,0.3677449119232996,0.3502103478590719,0.3192919987331386,0.2775816578679553,0.2821824849995096,0.2977705982050906,0.3796259882597717,0.3723907875155419,0.3768308212778812,0.4055410614623937,0.3745781351432349,0.3890243935584294,0.3655128666244991,0.3622997626903768,0.3708437710384764,0.4215997576603243,0.3952990257466915,0.3856642425523375,0.3832122534479119,0.3662190253872914,0.3537968107355809,0.4057705411634131,0.369410122859314,0.379276051354541,0.4791060059549537,0.4835976408364075,0.5093757885756247,0.5842309897078799,0.5320645495893039,0.5388486478882228,0.4690959105011956,0.4724845569847957,0.5019433309058066,0.5995298808000449,0.5515489454461502,0.5500203048433647,0.5186499159648008,0.5256698810117157,0.5386756630010225,0.5830031759345431,0.5476580313493322,0.5304702137301973,0.1907932258241622,0.2041148603030329,0.1887539307973327,0.224475985821833,0.2304043312673478,0.2140641029856915,0.1869204136893323,0.2173758663147609,0.206574279180792,0.2360469463969075,0.2431594422184098,0.2312602545988582,0.182083600100853,0.2066550739913388,0.1887026837037808,0.2291885462206941,0.2329635806345393,0.2180172540521958,0.2772501433107024,0.3206620281439676,0.2562703068123682,0.3232595047880515,0.2983201944767444,0.2827688517025066,0.2784509468459113,0.2975151661344029,0.3047040803636704,0.2956768019728315,0.320961914285121,0.2820142887845094,0.3148451283457234,0.3215540701277817,0.3071838003682536,0.2805795059921898,0.2830396632758081,0.2817838981658234,0.0551291900467987,0.0421129785681557,0.0494716878421357,0.0393789387899445,0.0395497574238454,0.036422255627027,0.0418116990049242,0.042567640705279,0.0374869000332367,0.0295307278260352,0.0215146238209058,0.130066208342928,0.0305491922848268,0.0232605776196237,0.0,0.0390892660641775,0.0394090313254587,0.0734397415770402,0.2456063976052576,0.2463621708660923,0.2510307256553545,0.2340507165055214,0.2520881318715702,0.262070903479831,0.2422516012000741,0.2552399339822351,0.2499827256907423,0.2352914577501081,0.2627638016211122,0.2738125455058657,0.2449801330142982,0.2614588224256593,0.2328542578515886,0.2364213492393503,0.2601848941644853,0.2684078836923618,0.2990960671446956,0.3326025870172167,0.3279418957131703,0.2791029096018143,0.3195568494508407,0.3174247196424922,0.2895634156299849,0.2812349751289495,0.316012776506426,0.3849268417337583,0.4152352988663423,0.3069800356062586,0.287085011919757,0.328464796424651,0.3511805954162348,0.319057516751883,0.3079848411189303,0.3210694736672863,0.3139805167888809,0.3333977609307084,0.3479123225962439,0.5132926774271382,0.4434418282701422,0.3897126545800802,0.3335120272396281,0.4088242096146857,0.3652463565618511,0.4545650803313315,0.3735997767784127,0.3370192454976006,0.2689050156320078,0.3235256907519925,0.3052988447949012,0.5171171793311231,0.4397957734860362,0.3667334924228846,0.3367113806061077,0.3374323861400299,0.3684989626918025,0.4391544045724487,0.2983362105155756,0.3796021745778404,0.3187202646214686,0.3339480405252963,0.3030614479367912,0.462831521243551,0.2890482650801189,0.3778392383570548,0.301296032375248,0.3083404025822922,0.3220039204749199,0.4490739878201069,0.3056482182657341,0.4084542769071646
326780_7_consensus.txt,0.269223577813257,0.2665457591047087,0.2630057638172935,0.259785627382314,0.2648384529924499,0.2889112758744296,0.2705697213142848,0.2948871831834907,0.2778080905684525,0.2787363018440842,0.2792464998882238,0.2911605220672122,0.3318927887085721,0.3257098135940275,0.3030746687749399,0.2584699183442325,0.2688389563198576,0.28311000612997,0.2974330367899398,0.2844978175923245,0.2976471675169314,0.3014714587627161,0.2859533849141087,0.3024697517910582,0.286145482826555,0.2765838266226517,0.292675758220934,0.3144366807973568,0.3001453576474162,0.2959524761080701,0.297058384791832,0.2772517640192653,0.2725634856471046,0.3013515130521966,0.2826646776168893,0.291629630534036,0.4158228196619546,0.4199824087101547,0.4426109581954485,0.5036183453125211,0.4596110959679045,0.4678734767626054,0.4072948732569301,0.4100405619668201,0.436274561180749,0.5169389014454353,0.4768016324168975,0.4753211701997628,0.4505240988522097,0.4570910806730239,0.4665230150013322,0.5031610215724456,0.473850220961296,0.4603185332511366,0.1557142479692288,0.1612514603120125,0.1467217695498135,0.1699069620338136,0.1756341703262549,0.1652207050075631,0.1531412735881474,0.1706385420426031,0.1623815225562204,0.1792335773044371,0.1851799906964899,0.1800082357072518,0.1495851918712496,0.1620667513529525,0.1475543328462976,0.1720313155967545,0.1763073562660864,0.1679404825868324,0.2522624223782443,0.2917292011078913,0.246822118591055,0.2808760323183108,0.2585041530527121,0.2522779759004727,0.2512896889262883,0.2676892950767815,0.2760317376804657,0.2562121133074768,0.2727244648433355,0.2452085675056281,0.2811220799375569,0.29626591806392,0.281357528201827,0.2416521311162398,0.2432206780190888,0.249947030901616,0.0456628877949896,0.0265981775885144,0.0300283290714418,0.0208182877941922,0.0223566037926872,0.0221157996343919,0.0284221862788243,0.023242690784702,0.0226256055228262,0.0256222659918812,0.0412537918172297,0.1637607931325888,0.0610495984829668,0.0321239325975923,0.0390892660641775,0.0,0.0242085321993315,0.0854006298856369,0.1838434334773282,0.1831145028113141,0.1893276021190644,0.1762686605408348,0.1860904141840293,0.1932207818848681,0.1790215308611635,0.1877528695890511,0.1863868662918193,0.1826366042138936,0.197346862158902,0.2079034498374454,0.1819273394273857,0.1940732926265838,0.1740545914086055,0.1802923503660771,0.1926483236174654,0.1994854837093171,0.2545013265855154,0.2822953827985444,0.2771651089238673,0.2387781800943322,0.2680986821416198,0.266650379260632,0.2423490188208923,0.2397603204287151,0.2657407524364572,0.3455094787076476,0.3687212146321137,0.2606772556456036,0.2400575427565634,0.2794204530116957,0.3004958741115793,0.2683538168155728,0.2642391898624829,0.2739324767067295,0.2528123285825785,0.2642837773967592,0.2784284435545388,0.4132375150204801,0.3553339746037736,0.3117074873831598,0.2688558973944666,0.3299282095926727,0.2892202184095609,0.3587610742766607,0.2926283866456778,0.2666086755307546,0.2180689357546761,0.2574445798810174,0.2441163309840455,0.4142526546117828,0.3498031680438132,0.2911135308307848,0.2529969979251589,0.2610244889282462,0.2786694693321578,0.3238064435071841,0.2430239713621063,0.2826503724188214,0.2444088387324576,0.2645210990067177,0.2410517939836722,0.3416497108841625,0.2326126013749849,0.2801001457799401,0.2322821732434121,0.2464469800339443,0.244220462908661,0.3294175332729239,0.2396942260979848,0.3032707068129667
326780_8_consensus.txt,0.2642659032693544,0.2609171329910182,0.2552038852669867,0.2542287406868269,0.2575893540200127,0.2816575245573069,0.2662878162711664,0.2886537291012345,0.2690703834506962,0.2749033064079675,0.2714052056851912,0.2854511270046451,0.3258930319139317,0.3175733493399342,0.2916393584703414,0.2535210930813427,0.2611460389245508,0.2759684639974615,0.2889635742379965,0.2774691729438885,0.2890671351111749,0.2983641054042962,0.2794194893362132,0.2943780102590949,0.2771786774857361,0.2691543062389314,0.2828877319553307,0.3121478988353701,0.2949270092705696,0.2890898475178964,0.2901045684735379,0.2716580924185408,0.2659895291882286,0.2981421943961138,0.2755075444025685,0.2855740664960819,0.413046814845039,0.4178831372137246,0.4406363947634766,0.5049712765210828,0.4588311823916129,0.4665186496845699,0.4043952234317203,0.4068227744957973,0.433772320830208,0.5183923361764506,0.4770603260725821,0.4751801459279221,0.4486783144529802,0.4555859796854413,0.4664281994376438,0.5045228410522675,0.4731638506186044,0.4589559522446969,0.151744395465375,0.157257927774264,0.1422258135961485,0.1692241427148566,0.1721924713180307,0.1610961664301236,0.1488893557865651,0.1666754901696805,0.1564179377879604,0.1779979708103312,0.1809895419512379,0.1753361523313685,0.1448057376232512,0.1576672934577985,0.142300810081128,0.1714511005987375,0.1734688393399146,0.1639264399770539,0.2429327669584751,0.2820969542638423,0.2352832919833005,0.2741369717953397,0.2515777055345545,0.2432248721632888,0.2419980337812148,0.2589176472017094,0.2655936748895016,0.2499838449813012,0.2664497546184492,0.2378944248940158,0.2704906415323655,0.2844696413872256,0.2686037197280413,0.2360649929301459,0.23782745720424,0.2412875201039526,0.0407971941089151,0.0260912323311472,0.0295113418640156,0.0259145067141304,0.0248378674455764,0.0242176622558609,0.0278251282778967,0.0248857715918653,0.024818351215174,0.0270715667347545,0.0411512128981996,0.1677970453950479,0.0590226445157853,0.0333362579659066,0.0394090313254587,0.0242085321993315,0.0,0.0768125201017966,0.1845268973720912,0.1842146643401498,0.1892611048806856,0.175268706273691,0.187149824649115,0.1948559682646653,0.1782951623276609,0.1882415171600229,0.1859606351823615,0.1829989899058652,0.1999910602212722,0.2110039229172855,0.1838367211449636,0.1966334558265998,0.1760992272493879,0.1789370924916937,0.1938075789834492,0.2011731096477582,0.2518789874952745,0.2769828142668444,0.2713738098389804,0.232960483722266,0.2629329535343814,0.2623304937766484,0.2365440958694442,0.233490307886921,0.2601347811895778,0.342613032269206,0.3649260139323402,0.2555835389495939,0.2375591775549352,0.2742157194722203,0.2935469229529985,0.2644186121961738,0.2590835405730551,0.2691070432891251,0.2495046335931263,0.2625595151432733,0.2761932961488327,0.4155249072102229,0.3562305753384542,0.310133497119299,0.2655028520979066,0.3275492845986996,0.286744014771223,0.3611530096805353,0.293670569590116,0.2651275322016069,0.214655224406016,0.2552752305639068,0.24067756444623,0.4164033346734328,0.3513864526948005,0.2898976833129474,0.2542065883451947,0.2613418533692986,0.2810158722021683,0.3290082098663482,0.2415745127813977,0.2853141312821137,0.2451118777661278,0.263741513335642,0.2392436849817478,0.3476492133946571,0.2314503748627672,0.2826321415029547,0.232015638821057,0.2457656462350783,0.2459281837383891,0.3359216767954507,0.2387025067883712,0.3066740357609312
326780_9_consensus.txt,0.325066789091732,0.3114603420283117,0.2998701734958899,0.3100382751981776,0.3041053288979896,0.3305014425250689,0.3281631868904888,0.3413979557575928,0.316347578056785,0.3315586759659226,0.3258857904874048,0.3330224659200951,0.3959263780831286,0.3757749565568424,0.3432556496702794,0.3094236752145249,0.3114927509856571,0.3264637561207451,0.3970769544550805,0.3913224029660398,0.3927650231953734,0.429380594235802,0.3930776933154014,0.4060396848919865,0.3824848131835026,0.3797728975490351,0.3849779336537686,0.4507386781279479,0.4173043567103711,0.4058227362722206,0.4031091245398741,0.3879996592617729,0.3740646783737062,0.4285961928108541,0.3883758646282231,0.3988061368663409,0.5043968607318376,0.5099296340563626,0.5375839576140145,0.6143990833381636,0.5586911907098937,0.5682800322610966,0.4942796403232492,0.4980962773922144,0.5296518465340441,0.6299026466234601,0.5805441539729976,0.5792067590142906,0.5463673192642631,0.5539318667395179,0.5691993313730421,0.6114581285814786,0.5753906278430243,0.5591655271579619,0.225195792090922,0.2363240230068832,0.2158295163995909,0.2588747367289343,0.2605358256873415,0.2448959058545377,0.2208093934125301,0.2486737369784144,0.232774373609395,0.2691357781642054,0.2722040744470071,0.2610097735951981,0.2163574406977417,0.2385452565292176,0.2150933624436639,0.2631198342070213,0.2638834095635438,0.2484088480292392,0.3050920154101995,0.3440313512465387,0.2829890554179286,0.3490913891976213,0.326607720068921,0.306403821712248,0.3029024503381166,0.3180531033637841,0.3284448282730707,0.3242811890936465,0.3475741210073657,0.3087013396182065,0.3380053395919802,0.3344769812347614,0.3264172270307455,0.3103208807529185,0.3129241831792626,0.3095111244799042,0.0772078310711599,0.0773263765935432,0.0841712833478212,0.092692406523394,0.0899010903134041,0.0852224905138356,0.0778872623879927,0.086688949471906,0.0828308747575512,0.0799042020561557,0.0758434151157381,0.1796338186586936,0.078031101206605,0.0784214601966724,0.0734397415770402,0.0854006298856369,0.0768125201017966,0.0,0.2759078411541367,0.2802375382583193,0.2805870159428565,0.2621003034463456,0.2839272790255194,0.2952360456635681,0.2689556746307673,0.2867196097669549,0.2802270386182535,0.2702940401113132,0.3008366831878923,0.3123389603886153,0.2783979637387759,0.298100844097803,0.2678691804464641,0.2664931598909703,0.2927087716565637,0.3021852895442052,0.3461661973805086,0.3750119839829438,0.3691991155834841,0.3255830316142862,0.3625158750847106,0.3591395119554441,0.3325463910911175,0.3253210541481834,0.3543870531075299,0.4271047885131516,0.4496073456689089,0.3523422188086762,0.3338187186205843,0.3706111474524221,0.390916339084459,0.364514397559919,0.3537984455202689,0.3662720645973074,0.3403023106276208,0.362660232084746,0.3748720026654872,0.5476635565477075,0.4743891930273278,0.4172636207932783,0.3579163229685953,0.4366489592665346,0.3928948013948528,0.4875654294547509,0.4076201768784635,0.3656999114846861,0.2970052212851861,0.3524770593620481,0.3346535404266859,0.5495182031901109,0.4708511091065297,0.395116319288153,0.3793189523663649,0.3791308610966482,0.4134662671796256,0.4860273503374728,0.3417090751023082,0.4229836528229924,0.3605993421897473,0.3732184641080849,0.3478298383502363,0.5079339879534466,0.3324687056216859,0.4206783700094973,0.3448229974328924,0.3510580564922669,0.3662745164792085,0.4955669978103501,0.3495176211756856,0.4503161179243484
326797_10_consensus.txt,0.3275550423843008,0.3373724059645937,0.3413176620485458,0.3257707176389601,0.3371099080866848,0.3636959888136992,0.3285174127504717,0.3634068196215452,0.3489969961453063,0.3467069820434147,0.3445099372041831,0.3688262765295995,0.3646191464773878,0.370434041477079,0.3553140962613028,0.3239706133444251,0.336784762520935,0.3561314843566592,0.2004601057959156,0.1844004402875541,0.2052369928956139,0.1909233369671668,0.1866649124032555,0.2013974051689615,0.1963741952534121,0.1811520098474659,0.2011488618211814,0.2010713372035297,0.191244343424664,0.1918308634616181,0.1946627506913429,0.1804525324770161,0.1827225642325061,0.1901270019097225,0.1866466657022449,0.1921455668838305,0.389442689885108,0.3950345474031707,0.4133333139266639,0.4598085284021884,0.4228675096229288,0.4338907378024359,0.3831471238290334,0.3851384428582882,0.4071549459514436,0.4691557745457153,0.4393768022494235,0.4368686047589705,0.4176480504628301,0.4252574050478372,0.4310148387794221,0.4615021277970115,0.4343519944664464,0.4269965490223129,0.2016326031179716,0.1982217815530944,0.1879480711884014,0.2006963692366916,0.2009055544183411,0.1946811148532319,0.2036769769817681,0.2011981410901704,0.1925275271734214,0.2033823319343284,0.2003991675380589,0.2024807527015149,0.1997871820787438,0.1946206686599296,0.1889202580561644,0.1990973536655147,0.1968656822220467,0.194273512877217,0.2503384205211851,0.2839161258814506,0.2745796708608878,0.2644548329964209,0.2476011019729398,0.2477797339327452,0.2507003316727854,0.2629925835044595,0.2790948080363975,0.243742875520212,0.2509806718998035,0.2374474455368407,0.2613555858766503,0.2978324907203671,0.278327044281685,0.2368033618919582,0.236183889115729,0.2426400677493418,0.1986372815366976,0.1848635247946646,0.1767862701742899,0.1878537724535753,0.1869600518325249,0.1864231087330843,0.1841724882432629,0.1863789725986286,0.1771826840534025,0.1988685856573155,0.2519807813661501,0.4022866304515773,0.2728532855831176,0.2279203733268175,0.2456063976052576,0.1838434334773282,0.1845268973720912,0.2759078411541367,0.0,0.0315637791612282,0.0358839757879039,0.036564201289579,0.0322527328599306,0.0340642644507518,0.0308155696781433,0.0335081137391135,0.0377921317409324,0.0351539890260745,0.0367302311814334,0.0394018074794964,0.028194110804165,0.0343453435639382,0.0324820812092099,0.0368722016925389,0.0332914979766698,0.0335609728982078,0.296856188633118,0.2893444723581417,0.2863170110491282,0.2677968188326005,0.283071102816482,0.2785879925393502,0.2681921707499199,0.2729269115604822,0.2746387056217187,0.4009204096883216,0.3894345993490162,0.2752328651032698,0.2602808876604889,0.2832503888250848,0.3044587819323183,0.2795148709383781,0.282461957928966,0.288716666594226,0.2498483810548322,0.2533903850973082,0.2629289956348515,0.3500630514382266,0.3132717488604655,0.2818844289578806,0.2589054955854948,0.2936781850654597,0.2628144219618704,0.3071540951471689,0.264112349252926,0.2499404944050951,0.2309219389665244,0.2435753689884485,0.2374162323324711,0.3511942350292472,0.3074448674340715,0.2717452273030609,0.2134087486037721,0.2353512550106451,0.2315574828898015,0.2440358043923005,0.2482277368934653,0.2300546734339121,0.2147645515788596,0.2430396472152658,0.2303186638019738,0.2564392874389867,0.2357251091465144,0.2239686347491911,0.2113918575270119,0.2320564621438379,0.2145008138855573,0.2486127575840129,0.2270825516596097,0.2354979580081853
326797_11_consensus.txt,0.3290449860313984,0.3392371815356938,0.3434387062666886,0.3273166526446154,0.3396329902611299,0.3665325184643997,0.3297800410529383,0.3647761751877461,0.3506601924157593,0.3480699332369141,0.3463436915435096,0.3702127076147974,0.3660047404518707,0.3730369049406441,0.3582099299939862,0.3242694404671908,0.3371430639225679,0.3588126976835895,0.2031998960823813,0.1869358718140077,0.2079381112590219,0.1914217441070036,0.1889096617354368,0.2036646361514549,0.1996896345233665,0.1842424268516111,0.204104139016696,0.2007529388259783,0.1930808194998263,0.1931651634367241,0.1964317289139074,0.1821763130543914,0.1846978466951832,0.1906251423041887,0.1880323702371029,0.1932144624782239,0.3979472421235144,0.4037653726379062,0.4204637748805311,0.4659248901327615,0.4306596572386993,0.4413695564758875,0.3919444145862485,0.3927274114090195,0.4144965053613312,0.4752310866687175,0.4458784320480937,0.4443174530547971,0.4252724602811746,0.4320998270437037,0.4376986688610103,0.4680508173446576,0.441243808828478,0.4343522199110268,0.2029315504126927,0.1992974208951565,0.1896752448732392,0.2012238662244314,0.2023095528993437,0.1957179924151475,0.2053526241072312,0.2035759284571341,0.19529756925278,0.2047477401275657,0.2026319736558584,0.2044367546710681,0.2017334249538933,0.1966542968172078,0.1908897920896812,0.2006129428135139,0.1981011764402644,0.1962998943596332,0.2562054090511942,0.292163976363625,0.2814298429429414,0.2695739425843797,0.2529851478445657,0.2542786243068349,0.2579354512966674,0.2714391334998858,0.2856485834989541,0.2483806449429799,0.2567168206898529,0.2425965933525837,0.270094980413667,0.305890009711355,0.2861683077712555,0.241896937841858,0.2420322043460956,0.248164071242293,0.2015459080672812,0.1857021095735334,0.1781904946921528,0.1867541591353116,0.1863148728639494,0.185959763725215,0.1857803568102767,0.1857872948191179,0.1774182463876208,0.1993267493046531,0.251127004283731,0.401805951601851,0.2745459893476401,0.2266591486762124,0.2463621708660923,0.1831145028113141,0.1842146643401498,0.2802375382583193,0.0315637791612282,0.0,0.034748053801394,0.0368368691351506,0.0297180942230319,0.0310338282672439,0.034350890354343,0.028356205980927,0.0381684350665061,0.0315744460056279,0.0299015337614889,0.0330079644565159,0.0287779685842437,0.0271290750877781,0.0295436661535077,0.0367450644694749,0.0296987508594313,0.0300258597508786,0.2951308971768398,0.2912487549933118,0.2893044489724019,0.2688096652871401,0.2850030888649364,0.2809542511395406,0.2682387325089053,0.2737094538798885,0.2778767235804125,0.4000264673853024,0.3932864157933835,0.276656550640439,0.2608920122538904,0.2857813225387637,0.3069986567355123,0.2809872987671546,0.2841935257932277,0.2890803129248027,0.255070761156329,0.2576973477364106,0.2683252170478596,0.3540988735036308,0.3180807867596869,0.2869821258180245,0.2645415211818864,0.2994990166926961,0.2681775980778411,0.311153436293246,0.2678774477784742,0.2541133155806783,0.2355885785313347,0.2488381563842594,0.2423361775852477,0.3559830275249211,0.3122255389337951,0.2766979659560711,0.2157821913614697,0.2359991749838172,0.2327489681554375,0.243683251669001,0.2501209329199056,0.2313997122708642,0.2167475622339765,0.2470293917634904,0.2323849262517754,0.256401538955167,0.2374629896588374,0.2256781218440693,0.2137489797845617,0.2359584148320515,0.2166482133414469,0.2477507003583419,0.2281788431106264,0.2371583076156334
326797_12_consensus.txt,0.3251907725580061,0.3356459521491324,0.3395524579722924,0.3239328671308392,0.3353409675121241,0.362570621123762,0.3267601499707986,0.3606887596801336,0.3470565814540407,0.3450332294765275,0.3416612390989897,0.3666997760014183,0.3600428752919065,0.3650224345471784,0.3493700632283385,0.3209582438019538,0.3340390776889066,0.3544702478145645,0.1933693158944507,0.1780425761361073,0.1977548783841882,0.1856742698579161,0.1803407548067781,0.1931543879102335,0.1891948110984564,0.1748638892038414,0.1930969124396853,0.1955094655969915,0.1849611249437686,0.1852322109276833,0.1876371140484103,0.1744986867705797,0.1758841662808379,0.1855094575605207,0.1798043419861947,0.1849653450958186,0.3896011492406259,0.3954409494391733,0.4132323063319099,0.4589894652237802,0.4229575030744676,0.4339242178449289,0.383008508245787,0.3840011030665131,0.4054830840249721,0.4683163915780142,0.4390614098444381,0.436082910662229,0.4167471936133253,0.4246973247131578,0.4299270446614898,0.4609087580965969,0.4340771687325713,0.4264817187397689,0.2003967691113786,0.197037415966971,0.1878458646127825,0.2010036133728476,0.2007800917578599,0.1939212103583116,0.2025845916417878,0.2002873348908416,0.1917072400058401,0.2024242343340283,0.1997191007110892,0.2011293465272032,0.1990816754757247,0.1939316296782749,0.1885159885520941,0.1996091407632825,0.1961756499515168,0.1937430266644959,0.2438212599154496,0.2778341364011396,0.2692006446191222,0.2576406001093687,0.2412330029688441,0.2424582115348457,0.2446311614602478,0.2572486263268274,0.274123748193503,0.2383325867042529,0.2447384437377273,0.2319209275801057,0.2547992861214894,0.2930058162343698,0.2727646752141908,0.2320229038078025,0.231482065942135,0.237368353007227,0.2037051153749729,0.190881003970567,0.1806270803817611,0.1936192826828922,0.1928937119155591,0.1920085449470754,0.1892086141633839,0.1910925055777355,0.1828405996095519,0.2031516936624129,0.2575904049687381,0.4115585693895696,0.2790380492268021,0.2327556141285001,0.2510307256553545,0.1893276021190644,0.1892611048806856,0.2805870159428565,0.0358839757879039,0.034748053801394,0.0,0.0374081071647509,0.0355311075782118,0.0379300906018116,0.0369961537987464,0.0366538128043956,0.0357475936637392,0.0370993625557325,0.040348351633515,0.0437962190805834,0.0350980447029627,0.0385872111998004,0.0325323749457524,0.0386642068142464,0.0350970021992793,0.0371972572377075,0.2967701804581111,0.2863590763542518,0.2846331940217901,0.2673054302754565,0.2820573903871448,0.2766526659762185,0.267977100736708,0.2721300661935686,0.2721788981593285,0.4041781963319302,0.3890509305901872,0.2731567797725418,0.2591541885513067,0.2802238601058242,0.2999520748746107,0.2768202665089951,0.2802921532963793,0.2868465853230475,0.2501021207691778,0.2539950248416005,0.2632596633650514,0.348350211744453,0.3127702084577208,0.2821612293515088,0.2584104767144453,0.2920445350156662,0.2621619048334409,0.3070814729873916,0.265588237312695,0.2501966284545709,0.2317328953988457,0.2444514337248691,0.238319596667381,0.3505700240190776,0.3069561772104627,0.2718043463311126,0.214790452584797,0.2364733774228113,0.2309423247835695,0.2455288169088199,0.2487184331952079,0.231112156868086,0.2146207819749435,0.2428550591982201,0.2295124414682732,0.2572735087205657,0.2375571561471332,0.2247738671659007,0.2123693517366192,0.2322271972727563,0.2150743891932762,0.2497860504024629,0.227822597393807,0.235219605001447
326797_13_consensus.txt,0.3167883336078247,0.3256668029985476,0.3278589445340181,0.3150135711202004,0.3242016227286726,0.3527526176036595,0.3177504862846341,0.3509593147577057,0.3358819905459711,0.3354912368496805,0.3315325022003428,0.3566373634329736,0.3534397879236444,0.3581992860830532,0.3414036461731307,0.3122371948853697,0.3240460291117166,0.34478943189999,0.1918872097314867,0.1770941086056332,0.1947698237900468,0.1874794091184064,0.1795315756547211,0.1919094532649126,0.1872320513792686,0.1732110786156901,0.190450577395655,0.1988147747574373,0.185713236790491,0.1845156032188306,0.1874664566330501,0.1740882218107344,0.1740172827011044,0.1857996720864392,0.1788941401617627,0.1846394136360274,0.3826744801276618,0.3886226549277189,0.4066488740186997,0.455620754246933,0.4165453398221181,0.4281913160599195,0.3752657786944908,0.3774488575874883,0.3998151125671718,0.4649169109715494,0.4341096974073686,0.4321053428727666,0.4117343289832149,0.4192773492322885,0.4253570479041499,0.4571240143185804,0.4281911255303221,0.4211774263857215,0.1897947932135935,0.1878396088187699,0.1764991910278759,0.1933268636308973,0.1924274906330332,0.1853936682678565,0.1921469275700218,0.1915626995725965,0.1818145301691807,0.1947162146689791,0.191920196884098,0.1924691514670513,0.1883009877277217,0.1846590516437238,0.1773921463247774,0.1926367088076936,0.1885404597933764,0.1849915052770647,0.2340774380294519,0.2676447415498657,0.2569150782665552,0.250444260752328,0.2345134763778134,0.2319925022972064,0.2349693733507578,0.2477905974241387,0.2625754585980253,0.2305542205490027,0.2383174351324974,0.2236617956323812,0.2472161160483779,0.2807438514092766,0.2628262210935119,0.2248676796901492,0.2239096929149298,0.2285275447137884,0.1872749487087084,0.1766238607425663,0.1668169129651566,0.181150450734286,0.1805413066776893,0.178876204219339,0.1741440552319311,0.1785387253621735,0.1697785783163112,0.1895734380491873,0.2408545277027372,0.3901353508502474,0.2596023362910351,0.21714686214683,0.2340507165055214,0.1762686605408348,0.175268706273691,0.2621003034463456,0.036564201289579,0.0368368691351506,0.0374081071647509,0.0,0.0357706507648281,0.0394824521983636,0.0366223020723808,0.0378476279989712,0.0396001150842124,0.0357515161328692,0.0444971307838777,0.0491388018712442,0.036936728845454,0.0419671203599456,0.0373484498093574,0.0345756672457895,0.0370044794114186,0.0400569127964942,0.2908346090874545,0.284119602614826,0.2812262529310061,0.2622114013256507,0.2785383980281537,0.2734542954440293,0.2629685061909832,0.2665277718532515,0.2689475099821194,0.3959501682888415,0.3857352926677535,0.2702861753547196,0.2559671538891876,0.2781661318823261,0.2970812454450566,0.2751401656267163,0.2780213752357738,0.283611061777826,0.2447230387796395,0.2513406055820013,0.2595088406145507,0.351869852867587,0.313331992885999,0.2805454709667927,0.2533322082103808,0.2908196065927413,0.2595974506495011,0.3093200998070209,0.264607192616765,0.2473888873903362,0.2251269184887085,0.2407840303521808,0.2340616900881968,0.3535216036038875,0.3081086269863391,0.2702030032556877,0.212969986006545,0.2339791154579273,0.2319863915439519,0.248776564447418,0.2431602875349092,0.2302062630699488,0.2117848841759588,0.2399367108228141,0.2252518386209097,0.260332027248527,0.2316972727339639,0.2246624401685366,0.2085030241256298,0.2280827940189205,0.2127433837105812,0.2525461169584417,0.2238328911007521,0.2366001061659872
326797_14_consensus.txt,0.3318995114612022,0.3419328230931064,0.3467379115796092,0.3299341059746723,0.3428650645639912,0.3698045577160762,0.3321306309964633,0.3679332724645228,0.3529772347938227,0.3508740602921634,0.3483255365458824,0.3739171092658786,0.3683568400301382,0.3752099238481783,0.3606222750620489,0.3288913825772681,0.3422249225025631,0.3618835201500587,0.2019767314976732,0.1850402597623137,0.2067022696641309,0.1892864471071114,0.1875463018129544,0.2018802286858765,0.1979426640839001,0.1810683054809843,0.2030182145795791,0.1993657755203379,0.1918367682836965,0.1912972421280905,0.1959820483204097,0.1810427587167993,0.1835628842026118,0.1882715238348069,0.1863319698342884,0.1923744970642609,0.3934590001241709,0.3987998972355342,0.4157985407849693,0.4613764043421078,0.4253881853497852,0.4363592634865654,0.3867059186768955,0.3889126452327538,0.410246911901698,0.4702849676603691,0.4415245334433493,0.4395249416836009,0.4211084554698452,0.4285341088499947,0.434309719703247,0.4636193006807971,0.4364477355921039,0.4299902032416831,0.204082589185468,0.1992366449479909,0.1887844790674471,0.2013410387881293,0.2008287426873707,0.1952223074979571,0.2064953744233477,0.2029742578172637,0.1938569587065721,0.203956971156515,0.2007471655894868,0.2028767354011833,0.2029565060548144,0.1960563213533177,0.1899865819912349,0.199687091204229,0.1964594340694603,0.1943680752978274,0.2551918784379765,0.2904180356900845,0.2817026164586238,0.2694513556468152,0.2528442970035058,0.2524926994163721,0.2574956480641823,0.268948469858838,0.282969777814035,0.2488702320204403,0.254462781394345,0.2416885789140792,0.2685756864719479,0.3022332100778868,0.2849793537635108,0.2413656323395123,0.2408957101579716,0.2484447891700156,0.2039280528167637,0.1893813902159209,0.1800361161897079,0.1907568174594764,0.1906595442376577,0.1901219474710203,0.1883188269984863,0.1889918796124448,0.1808766316355488,0.2040863124339509,0.2584316538030435,0.4096086917630295,0.2802523404652923,0.2334396508502791,0.2520881318715702,0.1860904141840293,0.187149824649115,0.2839272790255194,0.0322527328599306,0.0297180942230319,0.0355311075782118,0.0357706507648281,0.0,0.0316700275275749,0.0340589570435625,0.0306291778267606,0.0367644918293343,0.0346467245806252,0.030146007461564,0.0362106608744312,0.0308867197422983,0.0320628507459908,0.0310213448252199,0.0371300577473121,0.0270426744792366,0.0322273473654277,0.3010366748000344,0.2982295652116278,0.2946965027432426,0.2761476214492617,0.2900492026094383,0.2870867967232016,0.2742900610045815,0.2799046760647528,0.2832483397858034,0.4074036536418113,0.3983754878484937,0.2841294940492673,0.2685576387991162,0.2929934817219788,0.3127992075904799,0.2883221333707375,0.2911229976556413,0.2959219233573193,0.2552726467935464,0.2579500654077868,0.2680931165815252,0.3531359931105697,0.3170566118970868,0.2863583687371012,0.2640913143127932,0.2980512847545746,0.2669723288296524,0.3095818264210237,0.2676631853179358,0.2544075224909434,0.2363427171910466,0.2486565768279689,0.2430177102384867,0.3545651260866016,0.3106960996131498,0.2765550279556699,0.2139379320764085,0.2352836044190454,0.2298773727852037,0.2399153713399471,0.2510683530506696,0.2280130296440887,0.2146811213439328,0.2444214662880703,0.2306515472530605,0.2506748405599097,0.2366592696242762,0.221505889691258,0.212641074752085,0.2325007741585878,0.2142965365076534,0.2431883122346434,0.226783965033583,0.2324867365864484
326797_15_consensus.txt,0.3350795636137249,0.3460340681062632,0.3516039864614235,0.3332119883336624,0.3470283828979248,0.3741710576645225,0.3342732604382341,0.3710307034151725,0.3569449745335546,0.3529303566597512,0.3517449082710158,0.3771207896323112,0.3678181310323118,0.3771285590808233,0.3636203628791321,0.3309632273562322,0.3452436363487159,0.3651163739939065,0.2020207227958721,0.1838850206130295,0.2063766846318522,0.1862827925947314,0.1864810763522904,0.2006783851101694,0.1987622564029862,0.1810292779069371,0.2033837181856164,0.1941595612431186,0.1890290377386669,0.1896084495966441,0.1946009822131635,0.1789710204930585,0.1831418860237335,0.1846035270762556,0.1862365079679087,0.1920877321085754,0.3973418645907145,0.4021688053319288,0.4183789319413264,0.4623377960584385,0.427615601136857,0.4386797788412764,0.3908554155625268,0.3920297295430615,0.41244238049158,0.4713718515525471,0.4435858051965162,0.4411854155609411,0.4238962383003652,0.4310654557757978,0.4352114764131976,0.4645733591917711,0.43843897087811,0.4319927238886762,0.2075064665284891,0.2023451022572757,0.1929067070849512,0.2025597162832433,0.2032815255126649,0.1978645417707021,0.2104880343661825,0.2057073097778889,0.1979723607934467,0.2054573019991146,0.2022827459855563,0.2056687630873774,0.2075447976354176,0.1992408926354585,0.1945314194081149,0.2017797473497999,0.1988563274584898,0.1977680605924554,0.2616632701767472,0.2964346914392628,0.2911769162028648,0.2738373307371446,0.2574852421137912,0.2599849379672108,0.2638910029297392,0.2765395459077027,0.2901367901775629,0.2529531734913739,0.2591627736160689,0.2470276181341972,0.2745853676335841,0.3107611203962896,0.2913922885408375,0.2465958282468996,0.2457579495469311,0.2544647910874609,0.2124829956862157,0.1966956809731996,0.1864995191814245,0.1969085147697207,0.1965918830690078,0.196828539384569,0.1959438571734253,0.195820872117796,0.1874884315877061,0.211028938177499,0.2690072418088682,0.4221475964910688,0.2933291596369045,0.2422902209376083,0.262070903479831,0.1932207818848681,0.1948559682646653,0.2952360456635681,0.0340642644507518,0.0310338282672439,0.0379300906018116,0.0394824521983636,0.0316700275275749,0.0,0.0363868972891801,0.0307185852209315,0.039138144524017,0.0361419440740036,0.0328138767154229,0.031134019612125,0.0309722412952595,0.030060758789375,0.032828418309915,0.0394795715526505,0.0308004562131856,0.0269339665103629,0.3001334345286004,0.2957559736711843,0.2918063156994357,0.2755786309822667,0.288701910975103,0.2844829195249829,0.2729090731317498,0.279152288445271,0.2802692834923164,0.405449434827986,0.3967172495264108,0.28287495842644,0.266120727857615,0.2897733886880225,0.3108741838249074,0.2851969746522549,0.2894093809951883,0.2942280631838514,0.2534224417341875,0.2550853776841002,0.2651633451290074,0.3445652464155806,0.3109459984953346,0.2823366845636457,0.2627062107428841,0.2939556210987071,0.263692881421413,0.3031167200929303,0.2626634842742135,0.251354854083111,0.2366117241551784,0.2466663926412557,0.2408768968738783,0.3456125754934263,0.3045894724402274,0.2721474674399644,0.2125427587079364,0.2339621847699788,0.227788044753737,0.2349240336783715,0.2516850982544767,0.225145537723062,0.2151156003549381,0.2446311518854322,0.2328372312274069,0.2458754412839532,0.2385732703874836,0.2185410336138318,0.2130749344613889,0.2348334533657521,0.2134614524804341,0.2375272560421208,0.2278340379081243,0.229796774656922
326797_16_consensus.txt,0.3189041540644481,0.3280743234216388,0.3318059734433447,0.3169043611748954,0.3278240993690815,0.3554736230279083,0.3194902926250336,0.3537299748629721,0.3389204639449374,0.3379134135548156,0.3346768444982686,0.3595998075048072,0.3542451474279566,0.3608464448274446,0.3440102366635855,0.3144214953582356,0.3272720604697241,0.3469497037627924,0.1865237034480529,0.1711906792244519,0.1909116284024463,0.1795580879797782,0.1733032249607262,0.1872985583706281,0.182427286145284,0.1675813774899417,0.1864165506545703,0.1905590116696416,0.1784536907696221,0.1786173589257131,0.1818416975401717,0.1679718624697095,0.1693200190735915,0.1777870217857184,0.1728015249154602,0.178442298254744,0.3803207214780997,0.3860291115171144,0.4041943333089861,0.4515105633267637,0.414265442056223,0.4256047001659873,0.3737894867850002,0.3757578587769217,0.3979054572535965,0.4601723567968996,0.4305197284314346,0.4288523594379541,0.4089477922282114,0.4170643142940697,0.4224593820405466,0.4529557144326759,0.4247158792358156,0.4183396525631622,0.1945414010952362,0.1904588482654325,0.1799020250852372,0.1947165743378001,0.1944341789594297,0.1872690042233991,0.1972029963725816,0.1940636916872122,0.1840778447089874,0.1969069245929233,0.1928901890757686,0.19483170206205,0.1934009292132046,0.1876281382069393,0.1806867647812637,0.1933887765050421,0.1903250345153395,0.187200252204331,0.2394826194325254,0.2734588572949832,0.2641541142403198,0.254453432342963,0.2377576358307536,0.2365794590891639,0.2404801343672957,0.2520172691680002,0.2669608255316689,0.2343802599075104,0.2410891785450744,0.2270529900992564,0.2510512379512768,0.2850058370134611,0.2673840613424083,0.2274947471512689,0.2267397314821089,0.2330229960155527,0.1896809084723472,0.1792277665339057,0.1697535474348654,0.1841457332177114,0.1832668776426835,0.1823188671267246,0.1777918902010569,0.181663525774919,0.1727579986476968,0.1947448696888685,0.2481536639675958,0.400499129341533,0.2675962651403019,0.223873597485344,0.2422516012000741,0.1790215308611635,0.1782951623276609,0.2689556746307673,0.0308155696781433,0.034350890354343,0.0369961537987464,0.0366223020723808,0.0340589570435625,0.0363868972891801,0.0,0.033510018742902,0.0374221487444224,0.0391853779005444,0.0420095351654019,0.0463607732353672,0.0315193100217285,0.0385681583984123,0.0354128094937067,0.0371757690377592,0.03467631459905,0.0375083411795387,0.2924764169661387,0.2842651432854239,0.2827034018574004,0.2646272204851208,0.2793923231164186,0.2744393210167111,0.2641604474683774,0.2682125011626191,0.2691848991360075,0.3974847089782436,0.3858276756070324,0.271711262109072,0.2570194403290387,0.2785653818950671,0.2986086271071286,0.275678667678644,0.2790312975640816,0.2841855222904499,0.2415788923330097,0.2454723940936389,0.2549847661637727,0.3423644191887582,0.3059013348648491,0.2742478122021374,0.2498673913922076,0.2852962563135541,0.2540069355850995,0.2996662089197599,0.2570561045616806,0.2416491796804116,0.2233124946851141,0.2351394945224036,0.2290723874740692,0.3440631567144905,0.2996139363606218,0.2638107383143833,0.2085848307395679,0.2295078408581581,0.2261498725941351,0.2390223679876584,0.2431585305051271,0.2243486238557182,0.2093077432420287,0.2371822600584181,0.2238556517241896,0.2508162138034713,0.2314735859271195,0.2181136163085177,0.2069006512524609,0.2263690595050889,0.2092845211847063,0.2433498017191233,0.2221419702353344,0.2286281018879314
326797_17_consensus.txt,0.3273001445765118,0.3384272702527831,0.3429172595383392,0.3251926431796796,0.3379527789457306,0.365374800062014,0.3270530407015322,0.363282109906784,0.3481707189287348,0.3454533703961289,0.3435057576436549,0.3690200385087472,0.3607158984765952,0.3695278791555729,0.3549136438547791,0.3238891432368618,0.3370789739448199,0.3571936138889526,0.1952063942887498,0.1781050801708161,0.199559310312491,0.1801041810933625,0.1799536994149804,0.1945846097859629,0.1917277190491084,0.1738446846700405,0.1948981518940655,0.189213980747553,0.1834112114006956,0.1834692142204268,0.1880915832411958,0.1727881452066384,0.1771565843811942,0.1791847818871765,0.1796941494261155,0.1856201601468114,0.3856036186113698,0.3916822258655301,0.4076359807636933,0.4523921986049934,0.4173094443893319,0.4286565138580229,0.3794814975457008,0.3804884038544927,0.4020981604126277,0.4613991453986621,0.433552759725444,0.4311508727043254,0.413221307961809,0.4201065127267505,0.4255682134863114,0.4547224145017878,0.4280209186159034,0.4213030912907847,0.2007349293232181,0.1958174817441218,0.1863343412872531,0.1972143044560894,0.1976177958368872,0.190971437532184,0.2035939251156229,0.1986842887942579,0.1907561088283458,0.1998821342620331,0.1967245079600772,0.1989315954356776,0.1998168204613364,0.1927173621267925,0.1869876795265916,0.1962601576968055,0.1926117837578083,0.1914712365643609,0.2551098475772448,0.2885565032239547,0.2818379889426197,0.2670369503154717,0.2507431642102276,0.2515688425669289,0.255502879043572,0.2677855538990599,0.2802455115602811,0.2481525241506865,0.2522087023051007,0.2403614167231715,0.2675331262310045,0.3013139940878915,0.281625900359657,0.2403513551560934,0.240024511878385,0.2482791722780106,0.2043005624049705,0.1907092803492744,0.1801877358475607,0.1917968261703961,0.1914512866883271,0.1905003489477863,0.189759577330367,0.1894103777970599,0.1822712607424321,0.2052901551644659,0.2619769756158874,0.4159344773606719,0.2857438295171235,0.235606496649062,0.2552399339822351,0.1877528695890511,0.1882415171600229,0.2867196097669549,0.0335081137391135,0.028356205980927,0.0366538128043956,0.0378476279989712,0.0306291778267606,0.0307185852209315,0.033510018742902,0.0,0.0359226040770295,0.036598615381731,0.0340460640541451,0.0372650735846349,0.0313495368616045,0.0288744565873848,0.0329701147617882,0.0373827516817399,0.0307671164617993,0.0325881021851408,0.2944794746414345,0.2918337139824096,0.2856694604322527,0.2691400720111687,0.2819903583084908,0.2778455424843571,0.2664233395652644,0.2722596976845501,0.2743898932619153,0.3997642150520057,0.3920274200295246,0.2775846359173961,0.2629507246337361,0.2853586337679097,0.3039588807874622,0.2809084792956788,0.2858054080910293,0.2898547537420484,0.2460331743602104,0.2491524002758041,0.2584836045953196,0.3408038202327752,0.3061939154590263,0.2764571776063391,0.2555412618177435,0.2876252094479419,0.2573684946863608,0.2991015280099667,0.2582717394035683,0.2462310259845388,0.229950930179168,0.2407961715025877,0.2351192166051419,0.3419738701256634,0.2999591457742347,0.2664015079040815,0.2082978535710147,0.2296630295881208,0.2241676163655057,0.2338855384490124,0.2468295615167832,0.2217754543286005,0.2096137876329571,0.2398114834056954,0.2274686585342316,0.2421769224376504,0.2332901978049228,0.2154564087004402,0.2077309444310309,0.2298261128175092,0.2094405700148627,0.2351730708186536,0.2222771038458582,0.2264925696570294
326797_18_consensus.txt,0.3184731885618959,0.3284515368853036,0.3326784889453833,0.3151002264353373,0.3287202953144827,0.3557217917568387,0.3178770680636624,0.3525190662150663,0.3370504100704146,0.3359779437117751,0.3325141742573976,0.35993357931115,0.3489443201658879,0.3562783987219298,0.3411674680064074,0.3135652503925286,0.3284838282262114,0.3478214095551735,0.1820798526867904,0.1662759292292257,0.1854294580192039,0.1710159555244139,0.1685673329033328,0.1802246603196913,0.1772668502198513,0.1612178407241913,0.1799805104597069,0.180361423984916,0.1725432804982887,0.1719786248522083,0.1756105195708492,0.1607910534579417,0.1635447290301392,0.170502155402346,0.1679237396180894,0.1739004514096436,0.3690225419210939,0.3737475679126518,0.3912629077966301,0.4369841161398611,0.4006570741240445,0.4119418756123281,0.3623480476859022,0.3639867203626679,0.384475241549552,0.4454475019941206,0.4169303340268904,0.4145122910937573,0.3956372583050545,0.4032072411328258,0.4086437017187165,0.4388100556465915,0.4112723552796318,0.4052396438006624,0.1876938394601204,0.1848108314076597,0.17541053818492,0.187820625168662,0.1874010413046498,0.1807664665614652,0.1904146723838096,0.1868269037368861,0.1784800642437076,0.1894370751293905,0.1859266302847579,0.1867632088248854,0.1876429738527214,0.1811886552002057,0.1766609093907689,0.1869705669185357,0.1828271506320149,0.1805702527450421,0.2339753526004493,0.2664632420538488,0.2608398461163901,0.2476847730798681,0.2312258254668968,0.2315910241270273,0.2365433183154621,0.2465004294887691,0.2611004132104497,0.230606694790584,0.2338154239156153,0.2227871947670046,0.2458600532638613,0.2810486154650178,0.2621381178890729,0.22297209068509,0.2222697819737114,0.2284376594329558,0.1992141064722972,0.1881879729993762,0.1761788396671946,0.190291678727398,0.1898539363746039,0.1881888830270313,0.1844882300320165,0.188118986135489,0.1792316498242669,0.2004113320371878,0.2574829480440499,0.4124237131885557,0.2783693449434636,0.2306124861539409,0.2499827256907423,0.1863868662918193,0.1859606351823615,0.2802270386182535,0.0377921317409324,0.0381684350665061,0.0357475936637392,0.0396001150842124,0.0367644918293343,0.039138144524017,0.0374221487444224,0.0359226040770295,0.0,0.0405532334705363,0.0441306022375762,0.0473280317879911,0.0373592514373442,0.0411831483148077,0.0357630352690563,0.0402411201326664,0.0372251544885706,0.0393299481622584,0.2809825853268322,0.2693398983500543,0.2645208459421511,0.2497581267861086,0.2621981171995315,0.2575713316253498,0.250507062862674,0.254488782950709,0.2533310778105502,0.3882879922316782,0.3751681692355788,0.2574600836758947,0.2450642465526584,0.2630779713886504,0.280395107853284,0.2595350121590591,0.2653252953146818,0.2710489628305552,0.2375299188110133,0.2423850221963697,0.2500785147643611,0.3333212864346215,0.298896671393706,0.2687828811264694,0.2453248506708938,0.2786773163768252,0.2488395332621493,0.2933494077992087,0.2531671991766373,0.2389053126828244,0.2211984918899716,0.2332921648901873,0.2273416716721854,0.3348640990325613,0.293599344519869,0.259100913466554,0.204465355321382,0.2270049060524499,0.2212199542063118,0.2337856601345365,0.2399955022647866,0.2198432877949265,0.2056884601061703,0.233435644827356,0.2200585350792145,0.2438124010647158,0.2280857142306374,0.2132997046163076,0.2030006752899069,0.2214954288404911,0.2045300016507987,0.236591746000446,0.2181843197584534,0.2239911598696693
326797_1_consensus.txt,0.3277942047555555,0.3368346999793274,0.3391545096738042,0.3253494603041247,0.3350742581717227,0.3620477639167703,0.3298243025283582,0.3625985470035857,0.3461817415989827,0.3468825271525553,0.3439466528112334,0.3671229120579582,0.3672678749728923,0.3716821643917676,0.3528590997718304,0.3216429854614731,0.3341706444374424,0.3546520157517747,0.2150431087961273,0.2016523188398267,0.2195862394245225,0.2119129257504077,0.2030458749174251,0.2165078947563401,0.2099954346534076,0.1975839145836104,0.2146267670650452,0.2215951008241319,0.2090438547395017,0.2081427814585907,0.2102065825484587,0.1963900881004363,0.1967503367860708,0.2103208041577637,0.2031070568164636,0.2086831802269664,0.40423458010223,0.4086461652118203,0.4273841099231035,0.4761077665025084,0.4387894245702348,0.4488303859705311,0.3967845470747164,0.3982358677414623,0.4207492391479555,0.48645274758411,0.454964617863645,0.4533277654568053,0.4329301000807888,0.4393415971958099,0.4455952019226927,0.4788623355515256,0.4503125250991928,0.4417364730162454,0.2062029982289246,0.2046281806291823,0.1957136262950989,0.2112016238185035,0.212731040647796,0.2040762788622885,0.2082389672730116,0.2102001501623078,0.2016919652755966,0.2143047284868657,0.2129755345133368,0.2120739750771036,0.204299896137897,0.2028605481496441,0.1963672956713722,0.2104291866871506,0.2087100799756172,0.2041553055073137,0.2515934050759867,0.2879305839940862,0.2740732328217632,0.2704382868360184,0.252824304631865,0.2507414370212117,0.2535396310078646,0.2683632998646175,0.2827427945299092,0.2491615699094325,0.2590688995855998,0.2420389272272061,0.2667966221986368,0.3004847547244687,0.2823798749216948,0.2423632024142854,0.2423249165298742,0.2463844296005106,0.1983543264613558,0.1841051706872782,0.1766880901584997,0.1859781940444804,0.1862022869203734,0.1848084548983379,0.1824219240915603,0.1866651036584343,0.1747902143417121,0.1939439320303186,0.2408297220334283,0.3879973295160539,0.2593247607801885,0.219071174030816,0.2352914577501081,0.1826366042138936,0.1829989899058652,0.2702940401113132,0.0351539890260745,0.0315744460056279,0.0370993625557325,0.0357515161328692,0.0346467245806252,0.0361419440740036,0.0391853779005444,0.036598615381731,0.0405532334705363,0.0,0.0322389719488107,0.0340191595560526,0.0310956135076345,0.032840498007765,0.0301447622912043,0.0349179752186259,0.0350094613871974,0.0346576640864881,0.3030385651007137,0.2972578557799252,0.2950693482574458,0.272565237467667,0.2917693405179804,0.2861060026900119,0.2756218917500526,0.2791469422256796,0.2828415341700747,0.4084894490697763,0.3983093676051332,0.2815875807204051,0.2664819135011562,0.2915393067697458,0.3109046050343451,0.2863961327402684,0.2877510586754894,0.2958438782036054,0.2643963892243377,0.2696984959016397,0.2790370024214681,0.372537259860497,0.3341986190829331,0.3007790773369763,0.2736984900130537,0.3121352082001962,0.2804897387793126,0.3299240507832124,0.2830057157859151,0.2664798418703,0.242399015654886,0.2595709837816145,0.25163364037234,0.3761967059306528,0.3278894845012488,0.2898107425878073,0.2322325567383245,0.2523925181373769,0.2509626600502912,0.2705968495948596,0.2594227977111103,0.2519809542136073,0.2301213209841179,0.2585217884954218,0.2417143673947279,0.2842604596383964,0.2471176560029704,0.2460142762902926,0.2267093207098653,0.2449095835940369,0.2302555204918874,0.2760489498708836,0.2409991902719959,0.2593220734167119
326797_2_consensus.txt,0.343415963329285,0.3558498091860258,0.3609790194890863,0.3428133141984091,0.3560793879817154,0.3834066307388433,0.3445608649362448,0.3807433938174895,0.3672477024284397,0.3628631397990745,0.3623848027328016,0.3870247442275421,0.3801513602498794,0.3890491092706405,0.3747027725821112,0.339718550467051,0.3539644267146045,0.3742414764134594,0.2260844946598261,0.2080794835548296,0.231324263296031,0.2105516733674832,0.2102972331996433,0.2256302222018362,0.2220620772970463,0.204861737097012,0.2273884295943808,0.2180153011196495,0.2125808507468285,0.2136825792364973,0.2184399494720459,0.2026581926568162,0.2063980683797694,0.2088483878145979,0.2095230869431716,0.2150851789923002,0.4158814551710037,0.4205763673304332,0.4375363683153814,0.4813565961891335,0.4476888279410893,0.4571418216577996,0.4099638999465185,0.4105238074947017,0.4317162667078804,0.4913758771097249,0.4623037649447887,0.460044047805713,0.4426908410530465,0.4490296855538247,0.4539139503619793,0.4844301239097923,0.4584997168045674,0.4506586154085106,0.2179149506142828,0.2145080992723294,0.2049841319799163,0.2147381992575816,0.2166365391054618,0.2107286245738642,0.2214808380074444,0.2185285573470139,0.2117129109232749,0.2184679422722126,0.2167436980668888,0.219139855163835,0.2177664645286832,0.2115183322048679,0.2072337155163737,0.2136482695137793,0.2125151767309248,0.2105472068147023,0.2786408051219595,0.3136840530935139,0.3056611586697997,0.2909451259104401,0.2746091062266274,0.2776163757695293,0.2808245479427782,0.2934801504099482,0.3078862133884854,0.2701865694636147,0.2774888707497425,0.2639779364578274,0.2925595979565187,0.3293325917664056,0.3107256867556458,0.2628488032914227,0.2619212854853749,0.2709034404918888,0.2224453666399384,0.2033578807130176,0.195737078621466,0.2008753156812801,0.2011594272718326,0.20093857447862,0.2026321629892074,0.2017729997545529,0.1922332695127586,0.21440136021846,0.2677754726468286,0.4185475184700031,0.2925655827443627,0.2429897107614422,0.2627638016211122,0.197346862158902,0.1999910602212722,0.3008366831878923,0.0367302311814334,0.0299015337614889,0.040348351633515,0.0444971307838777,0.030146007461564,0.0328138767154229,0.0420095351654019,0.0340460640541451,0.0441306022375762,0.0322389719488107,0.0,0.0265546246177343,0.0303456140087448,0.0286123439217362,0.0311426328178718,0.0436088503974865,0.0304228478446262,0.0315458959557766,0.3052879409456572,0.3065750341028845,0.3034347388217568,0.2818632893748933,0.2980725405345872,0.294609586229857,0.2809492679021161,0.2865290201901658,0.2916884115550537,0.4146049948959316,0.4061471419004014,0.291044497930649,0.2737758198668913,0.3008802922019313,0.3213171476759413,0.2946620433356877,0.296904634288623,0.3023916164918319,0.2713777268700283,0.27342688861021,0.2839435727251747,0.36608302647344,0.3307896756412347,0.3016671036364755,0.2806414458650721,0.3137673224247166,0.2832620464825126,0.3233948481517288,0.2807457485278846,0.2695674391291831,0.2525549006719494,0.2642145940667895,0.2578395137633613,0.3675972634164957,0.324327555988706,0.2907973938331949,0.22788290400986,0.2497864732573731,0.2443256852121109,0.2535739080712389,0.2645374017069741,0.2413535807299425,0.2292144778736045,0.2596911793231555,0.2456973737260241,0.2643954733799099,0.250871500930554,0.2359734939693503,0.2268681911776191,0.2485523533698774,0.228242291626131,0.256273136561397,0.2407123597578646,0.2476436864874713
326797_3_consensus.txt,0.3569024557420235,0.3686831696402919,0.3747149175262656,0.3545580537792112,0.3691202740689263,0.3957000731783751,0.3569990368608415,0.3941233519621789,0.3801377266452128,0.3757576579474921,0.3745798097652901,0.399526829286021,0.3926436385460512,0.4013833456535067,0.3881637449630197,0.3519536426107734,0.3670663897087962,0.3871399504511537,0.2391790190882901,0.2201129881136907,0.2439619938205908,0.2210152384306667,0.2226929972903448,0.2380063762648845,0.234254674623564,0.2167395695073715,0.2395879141096308,0.2273093359674831,0.2240326529698926,0.2249943743620051,0.2304815897959216,0.2139910767816459,0.2180163280359615,0.2194105500622285,0.2220288874260561,0.2280874988095966,0.4273630599771998,0.4320956257948403,0.448658481450316,0.4918490261649282,0.4586404319287531,0.4681143037620039,0.4214027211820017,0.4217181896733351,0.4421950722350338,0.5012761696589969,0.4730017285078709,0.4712102261301893,0.4538768880670076,0.4602556730163414,0.4640357384439468,0.4949024878485915,0.4688946652004802,0.4615895231541032,0.2305887637721575,0.2262020226627292,0.2175716575016899,0.2265976011624708,0.2288743593557853,0.2230701018890286,0.2335526020256431,0.2310908252344674,0.2239481089910882,0.2308817742763693,0.2290272929936527,0.2316847867634734,0.2303056735444819,0.2239294780420166,0.2196107802257358,0.2256124786685731,0.2243301138462996,0.2230405546948759,0.2917252378406694,0.3271097507551275,0.320347916905856,0.3039584569368969,0.2872505381723584,0.2899609200758704,0.2938019026164369,0.3065640355813528,0.3203357830133342,0.2836627556174349,0.2898591268453501,0.2770640110185134,0.3063849385837507,0.3442021603001777,0.323361197109854,0.2751363779025908,0.2747919664762364,0.2840658617389238,0.2336476446773581,0.2146057316912468,0.2055890537151938,0.2108929357359059,0.2112894599905566,0.2113991308008316,0.2139062427866207,0.2120095449546681,0.2025178446969135,0.2247865067678844,0.2783174196530353,0.4273834005819914,0.304394419213704,0.2541879848221882,0.2738125455058657,0.2079034498374454,0.2110039229172855,0.3123389603886153,0.0394018074794964,0.0330079644565159,0.0437962190805834,0.0491388018712442,0.0362106608744312,0.031134019612125,0.0463607732353672,0.0372650735846349,0.0473280317879911,0.0340191595560526,0.0265546246177343,0.0,0.0326801783634032,0.02958156363729,0.0338030452348689,0.0482279690019353,0.035455378024011,0.0285232255821448,0.3169151248020121,0.3183228799837785,0.3133253538695122,0.2926591832230727,0.308002226819088,0.3046839433855055,0.2914390575072048,0.2977655536114021,0.3016546238851063,0.42454972545789,0.4180787323247017,0.3027239951780842,0.2851900243730583,0.3127210818822803,0.3324923314664438,0.3055654162781138,0.3081079749729021,0.3140214011646449,0.2827845000169837,0.2843060733250482,0.2947285434141342,0.375878747268132,0.3413708295971638,0.3123316690842976,0.2922715677006948,0.3245930129948249,0.294022268001175,0.3338934123882389,0.2915921952194757,0.2812966551232776,0.2644715623346592,0.2762182966381168,0.2698577446096308,0.3778053274496749,0.3346650409194858,0.3022356165968922,0.2383447264612925,0.2606258255090097,0.254113906703445,0.2632631680275494,0.2752071637786137,0.2536627204394754,0.24015763333297,0.2707368524519005,0.2565741313183771,0.2736096534726613,0.2621874221474947,0.2466974257418179,0.2387903276338221,0.2598328600247654,0.2388773541424314,0.2655051174564597,0.2522995085785595,0.2583659050633464
326797_4_consensus.txt,0.3301835473242462,0.341051850554539,0.3452271964656539,0.3284399206422534,0.3406488890396346,0.3676043239695161,0.3313520830216205,0.3662878336726081,0.3518226227425032,0.3490508488005233,0.3475292708276427,0.3710460699438727,0.3686042814220585,0.3754340032679586,0.3598797379585221,0.3262833776677034,0.3392795313792121,0.3603233406885238,0.2059862684545805,0.1893210702154846,0.2107874562674538,0.1944951880093057,0.1915751493625777,0.2058017858431142,0.2022082512263878,0.1864734125360527,0.2075270842184267,0.2037386572666406,0.1952098756169356,0.1956038626515734,0.199488943979059,0.1848436246412319,0.1876647446970736,0.1930133728724214,0.1909009132355805,0.1960578407543778,0.4018008300659055,0.4068668948892409,0.4243841330984921,0.470579235073167,0.4346498893572281,0.44527409144127,0.3949310150572493,0.3965955137226018,0.4182176219026594,0.4804677099504317,0.4507897051877059,0.4484422353135215,0.4297092643497464,0.4366161919990396,0.442766981519096,0.4726960661430901,0.4458153814371464,0.4390414620824856,0.2044068383563413,0.2010998689793623,0.1908086114027867,0.2035880579291742,0.2042729438387027,0.1983909562347783,0.2074509939850841,0.2052482480104274,0.1968468028512475,0.2070525793341211,0.204746553056772,0.2062784273667048,0.203243515045969,0.1979090330330279,0.1920106781372581,0.202853349359998,0.2003642914867782,0.1975494585338566,0.258371853525503,0.2925520076739261,0.2830888575170434,0.271783677330415,0.2558069706281571,0.2560018047182275,0.259416081770091,0.272075921255837,0.2875866589064841,0.2506378279108574,0.2588256216862277,0.2443306346065163,0.2705488807542089,0.3064803048371232,0.2869869299923451,0.2442507393814779,0.2433109976086314,0.2511595802211701,0.2009320527703622,0.1858127988551885,0.1771022477121846,0.1867773291058085,0.1862488797336468,0.1856537351835108,0.1844757831857784,0.186141489443159,0.1764177257661998,0.1988378390072611,0.2510525498560838,0.4003414317564946,0.272670913846234,0.2272098965069986,0.2449801330142982,0.1819273394273857,0.1838367211449636,0.2783979637387759,0.028194110804165,0.0287779685842437,0.0350980447029627,0.036936728845454,0.0308867197422983,0.0309722412952595,0.0315193100217285,0.0313495368616045,0.0373592514373442,0.0310956135076345,0.0303456140087448,0.0326801783634032,0.0,0.0290514174987031,0.0286025129818412,0.0371695348514151,0.0301551452796502,0.0303920263103911,0.295747120801682,0.2938852946478754,0.2908014266824352,0.2704933335450192,0.2865720700368968,0.2820279328959216,0.269683755907554,0.2744317964783889,0.2784480197952419,0.399500633162539,0.3929806044719335,0.2797344521483715,0.2621288495154843,0.2880126268278289,0.3085738126160962,0.2836104635984497,0.2854601632091764,0.2911122700295721,0.2540387875644292,0.2575399832034684,0.2676873570126474,0.3538520210896934,0.3171262014315203,0.2862744469216665,0.2629095622138351,0.2986137114421687,0.2670777010434797,0.3103364103017583,0.2667771526217954,0.2530110583556499,0.2349298159861845,0.2479248413300254,0.2416489796583398,0.355034014063122,0.3108056505576613,0.2754989383442421,0.2117365043330394,0.2333169171606002,0.2297235477766008,0.2419777614099452,0.2471917640335235,0.2275044895579938,0.2130196839195939,0.2420497163385775,0.2283204047647977,0.2528111343966159,0.2336738213475726,0.2218089072260909,0.2102773733077541,0.2301930085375829,0.2121873667420146,0.2441324910319338,0.2249951799136234,0.2336038286172339
326797_5_consensus.txt,0.3392911256148068,0.3507392032725391,0.3573997681882481,0.3378036464413689,0.3524813709591896,0.3794293459348452,0.3394174390941202,0.3773094548111437,0.3629276117084927,0.3581880018742396,0.3574322460379022,0.3818977254426734,0.3745033824416524,0.3838583475534953,0.3710597416071266,0.3353981835460899,0.3498543806870806,0.370123377180775,0.2124189826423013,0.1948188372960189,0.2181316296312552,0.196597927513352,0.1970839363994123,0.2122394063582504,0.209586988862128,0.191529353920842,0.2145318362716111,0.2031426234444957,0.1991238752095512,0.2005256409597891,0.2049457686549161,0.1893359010246627,0.1933563159708384,0.1943964197852068,0.1967143015841372,0.2027528261905011,0.405689995352489,0.4108776420549205,0.4276621196088399,0.4705190399668666,0.4372405020667287,0.4476589467598835,0.3998757533582378,0.4006809157122077,0.421288156656054,0.4799565522019264,0.4524537556245036,0.4503882774671126,0.4327299274234306,0.4392133184651321,0.443597276900924,0.4735495583869493,0.4471072318810307,0.4410765214246837,0.2134083814653422,0.2083096542791409,0.1992085302524628,0.2086165988437187,0.2098703190225883,0.204904805418252,0.2158995569586608,0.2124255209748859,0.2051625331409319,0.2124620430409756,0.2101011268011667,0.2132231854960018,0.2128334015022268,0.2055661075108759,0.2006958674741454,0.2081672056238979,0.2058142786583623,0.2047451800313986,0.2726662301634945,0.3076736246121072,0.2994986871493701,0.283796559279331,0.2673815063159708,0.269996042549991,0.2740761038182775,0.2863053086693767,0.3014227809523646,0.2635194469226078,0.2698382874889162,0.2577213705108789,0.2852788747421684,0.3223399168761318,0.302374174469854,0.2560667726785333,0.2556433553983339,0.2646425734587545,0.2166693955802401,0.1994297836027172,0.1910945226986733,0.1978274999564604,0.1985206594136563,0.1983969866055552,0.1989771783442542,0.1980464655243707,0.1892872108148964,0.2124899357558547,0.2670982715189289,0.417386836687303,0.2920156395514901,0.2417930823026779,0.2614588224256593,0.1940732926265838,0.1966334558265998,0.298100844097803,0.0343453435639382,0.0271290750877781,0.0385872111998004,0.0419671203599456,0.0320628507459908,0.030060758789375,0.0385681583984123,0.0288744565873848,0.0411831483148077,0.032840498007765,0.0286123439217362,0.02958156363729,0.0290514174987031,0.0,0.0303518676851375,0.0416287893528455,0.0311790375627118,0.0299833315692126,0.3022190009354375,0.3013348991051465,0.2965268117662489,0.2766616323742425,0.2908889169811175,0.2881238256153331,0.2751376965805328,0.2812120383254779,0.284295998740383,0.4078791735561289,0.4021496551535612,0.2863393807882985,0.2695866941177307,0.2947720833559799,0.3147901946706639,0.2887765906574984,0.2925537800811391,0.2975452992499825,0.2600109878409107,0.2619132853002099,0.2722892259553333,0.3527752433817994,0.3179742659684663,0.2891251955121454,0.2692373783651973,0.3017062092192617,0.271398980352874,0.3109227945844282,0.2692605015378788,0.2595036251401872,0.2431180294540915,0.2537116588173234,0.248267367111989,0.354279391367406,0.3111886894960136,0.2793171491830435,0.2221783555415761,0.24363248596649,0.237793239458572,0.2457849117117945,0.2599358866251933,0.2356026148757237,0.2236943095899235,0.2550842352161879,0.2412960426628352,0.2563017976759099,0.2464147092578521,0.2293692080091354,0.2219859547040599,0.2438493865031148,0.2218407029181612,0.2480113986220082,0.2355790826967165,0.2404291715233064
326797_6_consensus.txt,0.3249533770271497,0.334778318487281,0.339198561007052,0.3235854098357649,0.3342905478644731,0.3605859623199592,0.3264675410004258,0.3606833586371429,0.3464196158890935,0.3446830517167498,0.3423831996830984,0.3658028638875841,0.3662547563126601,0.3724923004852165,0.3555414271665995,0.3203665781780245,0.3336507106849922,0.3536830318500286,0.2136245305801161,0.1967892295175595,0.2183648166948764,0.2043449450975423,0.200266463607754,0.2144614122283918,0.2096793090711344,0.1940457530633033,0.2144782189601848,0.2145852628283115,0.2047971782112831,0.2040929882632838,0.2085466669598403,0.1928456174022557,0.1949662846271138,0.2033912661271983,0.1980196720752935,0.2039843464266653,0.4018016440260297,0.406670919825185,0.4243141811510504,0.4724909997116562,0.4357157214840654,0.4462901552712566,0.3952875973351162,0.3964837994005243,0.4186926517831715,0.4821450400951228,0.4516370592958765,0.4500469681477277,0.4303624218996376,0.4378694656194923,0.4434593320938518,0.4744083122385873,0.4472303854024986,0.439184345687714,0.20342219512845,0.2011882747206925,0.189463115875327,0.2045037869115447,0.2052496651971971,0.1979423661827439,0.2061223421864966,0.2058130061197083,0.1967095406961156,0.2081757067231464,0.2065829146339055,0.2068690821924548,0.2020445063136691,0.1984155006937626,0.191356700592987,0.2036289668931594,0.201133418529519,0.19781570225053,0.2561277922182192,0.2903889903713654,0.2793994842253688,0.2716557527990701,0.2547910949406748,0.2553005304760205,0.2575446378669284,0.269527983142023,0.2857427929785281,0.2497596879771535,0.2593904946817957,0.2434573829757127,0.271056877219749,0.3044641249478736,0.2866602289123001,0.2422647622491673,0.2423057461968945,0.2492776614549043,0.1934944267054241,0.1771661611416206,0.1707744075213924,0.1784948656156402,0.1779213925962253,0.1781496512102904,0.1761944246923334,0.1784428387829599,0.1683232963441163,0.189956993828833,0.2383152751642043,0.3835619023772558,0.2602446949371177,0.2163561803109708,0.2328542578515886,0.1740545914086055,0.1760992272493879,0.2678691804464641,0.0324820812092099,0.0295436661535077,0.0325323749457524,0.0373484498093574,0.0310213448252199,0.032828418309915,0.0354128094937067,0.0329701147617882,0.0357630352690563,0.0301447622912043,0.0311426328178718,0.0338030452348689,0.0286025129818412,0.0303518676851375,0.0,0.0364841835605886,0.0317545473179556,0.0318509308414221,0.2961462614939414,0.2973761007898474,0.2954189891249292,0.2718942328466909,0.2894218643418256,0.286010520879671,0.2717731162957122,0.2760918058017054,0.2831251735781031,0.4000593740942904,0.3945353896496719,0.2817293472310851,0.2644742201045886,0.2914631455583745,0.3140595600291007,0.2872160561598953,0.2879305356308848,0.2944199500969873,0.2583647671575271,0.2626316864424893,0.2730084304973381,0.3652675723855267,0.325850253314929,0.2931282910816826,0.2688186308305056,0.3061408411035557,0.2744215786733051,0.3198353356225638,0.2735518593186512,0.2590235313627573,0.2369799285013343,0.2528733970358559,0.2458994438429478,0.3669533605860486,0.3202600497072332,0.2816657728319711,0.2178180713572999,0.2391134189408283,0.236433052944136,0.2517293609180626,0.2489652079292383,0.2356596858706865,0.2185420065850856,0.2473270648741774,0.2324897489381001,0.2646374554579438,0.2362385768221528,0.2298183956397785,0.2145937283931509,0.2350183446268161,0.2183698567482821,0.2551899332511276,0.2289942152760602,0.2417885351983564
326797_7_consensus.txt,0.3199989305648358,0.3282069833216603,0.3305603488903692,0.317622650358075,0.3266716349192649,0.3549614678241894,0.3211159846828053,0.35286753467755,0.3382076584265014,0.3393028174596963,0.3342030012165082,0.3594300329656583,0.3571031390884052,0.3615635889218218,0.3423171496756083,0.3148489016722706,0.3271245853969482,0.3471974150519727,0.1955414217723969,0.181987314099242,0.1990673661395483,0.192247185648771,0.1845012694767156,0.1965181330736776,0.1919605109919295,0.17709584420367,0.194750795978063,0.2040362817381265,0.1913686461835908,0.189685038597986,0.1915482782412034,0.1781300671142816,0.1788158018004608,0.1914105756848627,0.1839274801556598,0.1891128083022728,0.3855133863220494,0.3911237797721583,0.4088239593632643,0.4580412048527904,0.419717296563622,0.4313331907863649,0.3775940835081997,0.3795392322901847,0.4025150524940279,0.4672133590873422,0.436662773841352,0.4348292795825088,0.4139714074614602,0.4223846608849086,0.4281430010874487,0.4596486653566991,0.4315503571156256,0.4231401302269262,0.195416077911382,0.1936794173978668,0.183639593260505,0.1997649007324682,0.1993744695442281,0.1907312002044463,0.197753881603738,0.1970120339278587,0.1879118494767127,0.2010666869098685,0.1989160546416108,0.1983509927818048,0.1940533460793609,0.1911202380986978,0.1843733592059315,0.1987298616017625,0.1953241268156738,0.1906561542792566,0.2364906478151489,0.2711919952309998,0.2586162265189422,0.254259372273399,0.2378862190762021,0.2346625759488319,0.2376994835829258,0.2506455175275235,0.2647909426532813,0.2339242904963399,0.2422426327603091,0.2264625386059471,0.2497145382251098,0.283719619484934,0.2660128511881403,0.2277907809874655,0.2273985459725693,0.2313553026103072,0.1908145131514054,0.1802712067584515,0.170995712170388,0.1849559399363514,0.1834447118243858,0.1817968616998904,0.178094834043712,0.1830197082407743,0.1730899853407486,0.1923218147213603,0.2429373725204868,0.3940452897673268,0.2613568259664589,0.2199337812537543,0.2364213492393503,0.1802923503660771,0.1789370924916937,0.2664931598909703,0.0368722016925389,0.0367450644694749,0.0386642068142464,0.0345756672457895,0.0371300577473121,0.0394795715526505,0.0371757690377592,0.0373827516817399,0.0402411201326664,0.0349179752186259,0.0436088503974865,0.0482279690019353,0.0371695348514151,0.0416287893528455,0.0364841835605886,0.0,0.0374633392624943,0.0397901931012114,0.2941097564882895,0.2864494752368323,0.2836670560603807,0.2643252077062001,0.2807873581378537,0.2760917177704627,0.266056406816439,0.2694793593395879,0.2718036768175906,0.3982942836197587,0.3879874696080172,0.2729522414278484,0.2585701210456719,0.2802491858053351,0.3001840475314665,0.2775796605621323,0.2800639339758604,0.2864249333867619,0.2487303464393981,0.2552237161258368,0.2644079027912731,0.3570020205666999,0.3187699253487395,0.2854361790345834,0.2585692003590267,0.2962488890982655,0.264417695650593,0.3137968797477768,0.2691081490358655,0.2511368356692927,0.2282104433334311,0.2450662131594256,0.237855745919191,0.3587633718179752,0.3128971732707271,0.274840489337727,0.2179117918868627,0.2389222571294844,0.2364148497482929,0.2549192129909627,0.2489051764756276,0.2358544792753178,0.2175978222915624,0.2453022406976046,0.2301742466242196,0.2675539601321652,0.2350098294121103,0.2303331715117949,0.2130812070697452,0.2311151632203341,0.2177084231314161,0.2596798960760687,0.2293522485120718,0.2436571863006484
326797_8_consensus.txt,0.3338824806187723,0.345009709016157,0.3498613940711514,0.3331821890832671,0.3462492187917547,0.3737907552782538,0.3337895320594839,0.3710336580766054,0.3561665587310223,0.3527680915585662,0.3508353985768195,0.3758259633015797,0.3683500459418454,0.3767321865886543,0.3626170613632133,0.3309907251858135,0.3438128184306208,0.365139339629934,0.1966281322481542,0.1793428051181322,0.2012869397875611,0.1818088720997721,0.1813797107480468,0.1950242956109811,0.1933160260204118,0.1759659380496039,0.1973910518619028,0.1909989314435556,0.1840734118484448,0.1844817824578832,0.1893920848349211,0.174045354800608,0.177884272962455,0.1805251892570787,0.1805343003956778,0.1867235171841379,0.3915491667699271,0.3965567168256214,0.4134874672236215,0.4587153351219655,0.4229646876910387,0.4343223044485782,0.3852788685051642,0.386213597733434,0.4079149918836755,0.4674910306461548,0.4389644381543789,0.4370665663420325,0.4188697575182374,0.4260405482356937,0.431181960995211,0.460653700628665,0.4336256873426585,0.4275252781367342,0.2046591748868742,0.200363343378811,0.1907631733558865,0.2013326725493094,0.2013946019406383,0.1957152936050796,0.2080654137308286,0.2042484878793615,0.1956724894658492,0.2035512197436517,0.2005830827114678,0.2033829782552842,0.2044948413060439,0.1967971546589204,0.1917172505476188,0.2001691469779274,0.1968066538715334,0.1953490956215304,0.2567625601823238,0.2909294402032465,0.2854189988218607,0.2689408270574525,0.2528493157872482,0.2546465431240783,0.2590528891591397,0.270931927563673,0.285021457158308,0.2492426206509783,0.253670231162026,0.2424744342399023,0.2690987559015489,0.3055894938522598,0.2856908232586619,0.241699414581177,0.2412472200585114,0.2507994859958629,0.2111761012464406,0.1958505686438343,0.1859291821094508,0.1961671873194639,0.1966885783457179,0.1964398193547865,0.1951110389755896,0.1949632338437013,0.1871553649059123,0.2104113665299181,0.2675017350481958,0.420881105683641,0.2907075173800706,0.2413234439279534,0.2601848941644853,0.1926483236174654,0.1938075789834492,0.2927087716565637,0.0332914979766698,0.0296987508594313,0.0350970021992793,0.0370044794114186,0.0270426744792366,0.0308004562131856,0.03467631459905,0.0307671164617993,0.0372251544885706,0.0350094613871974,0.0304228478446262,0.035455378024011,0.0301551452796502,0.0311790375627118,0.0317545473179556,0.0374633392624943,0.0,0.0304323005539188,0.2974450236970973,0.2937488748097436,0.2895887427504995,0.2723674654012775,0.2860940960413742,0.2813449273346009,0.2707943777102599,0.2766284039657982,0.2774717335421641,0.4024561364729209,0.3959068354014938,0.2803716261278275,0.264204551517853,0.2881057459206495,0.3069261636746674,0.2829205877166636,0.2872304268470813,0.291741227165037,0.2532396379421016,0.2548023731208708,0.2642775297248718,0.3449054522748014,0.3112729028662784,0.2818111588559837,0.2615085069149536,0.2937876169131321,0.2626202254034879,0.3035849292198342,0.2636351614667518,0.25040013018317,0.2358368750713211,0.246042346215578,0.2409662720874408,0.3467071868508036,0.3043456913689049,0.2722482842878619,0.2120255246338374,0.2339931892304321,0.2279873814344739,0.2357303948047828,0.2515540876853066,0.2256405267746188,0.2142451091246542,0.245230125579539,0.2313950453937359,0.24651891393842,0.2377425307275693,0.2189640362501208,0.2129551603004849,0.2341310058138219,0.2126864707082596,0.2383775748451917,0.2271647563170589,0.2297814959979227
326797_9_consensus.txt,0.3420190420377871,0.3537527869018433,0.3583099217037926,0.3402968760722586,0.3538125509247649,0.3813008893339074,0.3417552932898324,0.3791482448074639,0.3649167156762516,0.3604748097637156,0.3589517559321287,0.384719541649055,0.3748574561916271,0.3840308051241123,0.3709617107850924,0.3380537964645498,0.3527162530882108,0.3718106367787079,0.2079980477952823,0.190032649870286,0.212416827577357,0.1919356261533842,0.1918630016836182,0.2062362150375101,0.2045547262750382,0.185970651747148,0.208701317471089,0.1998492151801585,0.1944987683713854,0.1953253777732762,0.1999823800647497,0.1844560290596497,0.1887116926762218,0.189510466343826,0.1918313387921024,0.1968350314712346,0.4048300178438921,0.4097491467482363,0.426004445622187,0.4696179899217405,0.4353768665690189,0.446201595737655,0.3982018686132775,0.3989141322908978,0.4202140229157329,0.479040399470815,0.4512606309355575,0.4490024926671303,0.4311050626052832,0.4382767687506081,0.4427756929029236,0.4728918839352403,0.4461882190470163,0.4393062425672163,0.2141423843360677,0.2096451206116008,0.1997473017857345,0.2096992330669387,0.2106089194889406,0.2049235103818887,0.2176286366239104,0.2126588204696204,0.2049438499312224,0.2128184262817321,0.2091238359746903,0.21268439490294,0.2142392400242911,0.2061654161661685,0.2010860321212533,0.2091284221856035,0.2059495803183182,0.2042452998038157,0.2692131512979756,0.3033567682355631,0.2987166218309838,0.2800774761613027,0.2645251727306679,0.2668902431731759,0.2711033510746645,0.2834386527958656,0.2972733686520712,0.2603889764923472,0.2663937465004196,0.2542501934563503,0.2816282399145322,0.3187988809155158,0.2993804766370971,0.254545135781882,0.2528403151329321,0.2610997665971517,0.2197969770397421,0.2029591916542088,0.1939761186310065,0.2033358689935518,0.2029897446237356,0.2032153674769503,0.2017192916925765,0.2020696137871809,0.1935299916850219,0.2177524473684116,0.2743954006907856,0.4272221593908085,0.2986764560796651,0.2481185788426323,0.2684078836923618,0.1994854837093171,0.2011731096477582,0.3021852895442052,0.0335609728982078,0.0300258597508786,0.0371972572377075,0.0400569127964942,0.0322273473654277,0.0269339665103629,0.0375083411795387,0.0325881021851408,0.0393299481622584,0.0346576640864881,0.0315458959557766,0.0285232255821448,0.0303920263103911,0.0299833315692126,0.0318509308414221,0.0397901931012114,0.0304323005539188,0.0,0.3019297632929181,0.2992760831990964,0.2963698000031058,0.2776203754958608,0.2909452732246542,0.2876384631154778,0.2753388192025454,0.2815334106714005,0.2844217793618497,0.4091346144208643,0.4005791934287082,0.2856092000997634,0.2691227036217327,0.2934230173354173,0.3142141140747583,0.2882977610100496,0.2927321218688838,0.2980197467279666,0.2632818390453764,0.2650802322264205,0.2748173971327183,0.3546648594981647,0.321536624640359,0.2917172213222549,0.2718684535473414,0.3034968714442385,0.2737817532623694,0.3130905651690554,0.2725593873637599,0.2614837539473384,0.2457831854214092,0.2565155810249493,0.2507443238605944,0.3566859825011974,0.3147202486930709,0.2820748534636408,0.2177409917396637,0.2402327939520816,0.2332675556500447,0.2411919528091566,0.2581300049514787,0.2315899202537608,0.2209743962410399,0.2512627085215939,0.2387138531713333,0.252512258268375,0.2448513594478889,0.2249638235700573,0.2192963725587731,0.2403958099973557,0.2197573873022449,0.2441773564906242,0.2346735620947768,0.2352720282218285
326907_10_consensus.txt,0.3379230019740369,0.3509835939704615,0.3591455341520309,0.3318472295837225,0.3553523344279625,0.37394776344874,0.3344268137166253,0.3783457313933027,0.3656522744093351,0.352921209571619,0.3551471609660126,0.38331138539003,0.3629603653293323,0.3752726998465654,0.3668678435901249,0.3331631834380424,0.3455706460460916,0.3646303453696937,0.2897861046459731,0.2736572601406735,0.2902972185325154,0.2813184814582605,0.2800787656232337,0.2905744970676238,0.2864095527184602,0.2670873173899259,0.2842555403841196,0.2800759941986896,0.2792217793229667,0.2806872290697271,0.2836847458131544,0.2655277671894893,0.2666145612278647,0.2803584602432245,0.2752094361596988,0.2805946022070493,0.3689547052051445,0.3741080254767901,0.3890876684267539,0.4347835046426169,0.4037194379623301,0.4056481769555589,0.3664165035576303,0.3620823847058432,0.3805761264233354,0.4408684673845293,0.4154287035808082,0.4065757634911797,0.3927880779793753,0.3964173095675605,0.4024869885861157,0.4367034736287039,0.4113416552291795,0.4004258004753893,0.1858282475839878,0.1904899348662461,0.185784132868001,0.1923706979086645,0.1919699633422809,0.1880824528347631,0.1897903169570938,0.1903678011284952,0.1888797636311991,0.1963070443746772,0.1935660455030046,0.1933185187849773,0.1916251584934443,0.1879039909151671,0.1873097376675758,0.1944895366998871,0.1914724844844393,0.1869005306289146,0.2849573087715775,0.312678846347957,0.3107495683357335,0.2828343151785191,0.2713834798317478,0.2831967687366159,0.2820343554459725,0.2948477130220794,0.3107686789676975,0.2706241506503666,0.2734646063962316,0.265779855467656,0.2918909085109931,0.3376935056864205,0.3160322870262249,0.2702260901488422,0.266238362377095,0.2760825606540926,0.2791104191803022,0.2614389325559472,0.2521437935794886,0.2518323576071424,0.2513356188684383,0.2505371874300124,0.2561583754957688,0.2534807190834485,0.2537650975840435,0.2529166225130232,0.3006775584511381,0.4669908100612261,0.3324491610453357,0.2760487724679059,0.2990960671446956,0.2545013265855154,0.2518789874952745,0.3461661973805086,0.296856188633118,0.2951308971768398,0.2967701804581111,0.2908346090874545,0.3010366748000344,0.3001334345286004,0.2924764169661387,0.2944794746414345,0.2809825853268322,0.3030385651007137,0.3052879409456572,0.3169151248020121,0.295747120801682,0.3022190009354375,0.2961462614939414,0.2941097564882895,0.2974450236970973,0.3019297632929181,0.0,0.1052581653604249,0.0967490914539617,0.0820797447929457,0.0913181292667602,0.0975402818003594,0.0768246355365604,0.0784447805638812,0.0978747784401328,0.2427679536672649,0.2249177853929787,0.0953972066059876,0.0863519533116665,0.104937062772997,0.1141387493160195,0.0990805338954103,0.1006088804450691,0.1033363909576863,0.2695504783893376,0.2758218101216734,0.2836731034696491,0.3623381667789118,0.3302103077047569,0.3014273139049592,0.2782684362675844,0.3096130746664123,0.2800989773635436,0.3256397651249045,0.2845464941322859,0.2744298386362587,0.2547409972419707,0.2672363873516623,0.2605019099033114,0.3629884391795599,0.3212657050649206,0.2894192453812785,0.2560636464720289,0.2788433387305922,0.2724852841331611,0.2988371047203166,0.2721534182695677,0.2749275435527529,0.2547432027589131,0.2808963170311429,0.2590671616659463,0.3066083509328088,0.2639140682376251,0.271763755826484,0.2447434072412946,0.2670120844638219,0.2510968649957092,0.3031993522080682,0.2583309358900507,0.2874318608299333
326907_11_consensus.txt,0.3356057911884278,0.3552348773657243,0.3617452804964536,0.33188037954449,0.358929180625374,0.3743597005085242,0.3332450403727698,0.37974594879379,0.3661756090370147,0.3559554540327205,0.3527125670331195,0.3869577950132523,0.3450909213397786,0.354874117390846,0.3498922441439092,0.3292288198031521,0.3468508800507415,0.3644782241279358,0.2282282237210537,0.2200133827456873,0.2303327125135048,0.2318374533005496,0.2275220881968422,0.2306002313529305,0.226923690966764,0.2175314494920286,0.2282038510757189,0.2272091138375032,0.2224018587514571,0.2258007046254704,0.2220858264373149,0.2132124829271475,0.2126615602918278,0.2309063928334929,0.2248574517605774,0.2232201758288781,0.3358485468261669,0.3423706380400659,0.356051896361663,0.3972657355363296,0.3675283126974982,0.3712134754666607,0.3328806024681157,0.3282450586635974,0.3456148137765318,0.3976422271362558,0.3769045348926703,0.3661435380520466,0.3560050322163519,0.3599843358038228,0.3635787867538731,0.3990076360122216,0.3745994576718097,0.3643135868410674,0.1789438799995473,0.1844150329341047,0.1900975026693743,0.1866184529750043,0.1872906960799021,0.1824969978164539,0.182069089726685,0.1798278516022264,0.1826213814551174,0.1851536073856934,0.184133758155049,0.1818771437030513,0.1845286287044771,0.1814718133926263,0.1902504284628854,0.1878390873025459,0.1848676007794587,0.181851553910338,0.2415987249464777,0.2604678424536573,0.2738242865443716,0.2354833568138588,0.2250806279977162,0.2378080144245054,0.2373244491707957,0.2528921059495204,0.2739796757225647,0.226865760778395,0.229992982149561,0.2265869874825092,0.2357185064034439,0.3044584762510034,0.2742209164831628,0.2304285118356297,0.2272215210367321,0.2285192709133454,0.2940861213150505,0.2841491066400223,0.2649302997886309,0.2769662494573879,0.2773641248488125,0.2727857832580511,0.2746399673697155,0.2784065651914957,0.2792728348598494,0.2715244263980878,0.338347796179292,0.5262452853200266,0.3666348101318277,0.3049683397630325,0.3326025870172167,0.2822953827985444,0.2769828142668444,0.3750119839829438,0.2893444723581417,0.2912487549933118,0.2863590763542518,0.284119602614826,0.2982295652116278,0.2957559736711843,0.2842651432854239,0.2918337139824096,0.2693398983500543,0.2972578557799252,0.3065750341028845,0.3183228799837785,0.2938852946478754,0.3013348991051465,0.2973761007898474,0.2864494752368323,0.2937488748097436,0.2992760831990964,0.1052581653604249,0.0,0.0373153239153474,0.0427060437410915,0.0538763995329603,0.0417921135488121,0.0560549367608587,0.0562453119579764,0.0471848342271314,0.244477601115264,0.189340849565621,0.0458608919346517,0.0440098201081333,0.0376159561002431,0.0512853969708047,0.0365091396124306,0.0476130968214683,0.0636315976709518,0.2436075458154469,0.2522119943167631,0.2552219957830814,0.3142272799549381,0.2914383211674298,0.2683866189574075,0.2485266548263709,0.2704076651092251,0.2435071411330938,0.2881187415252135,0.2583884562958118,0.2481429703408508,0.234280083591944,0.2393957804676318,0.235876203558135,0.3163213791899686,0.2843421401173174,0.2617831640973449,0.2235983128717436,0.2493147351922573,0.2400527777431662,0.2614600483129514,0.2548095584276346,0.24257837444231,0.2225826391377126,0.2530033299000322,0.2317025034548798,0.2701347625777863,0.2452774392175207,0.237580597340461,0.2147574267990819,0.2392450686401552,0.219592125585482,0.2700080934141908,0.2345072108567869,0.2502254540846778
326907_12_consensus.txt,0.3275966512059582,0.3457912337467519,0.3529671830044449,0.3212422083745494,0.3493763543150514,0.3664644174857834,0.3219715505966789,0.368188476908081,0.3547001025849852,0.3443031716913367,0.3413810822574525,0.3766972247105791,0.3340732362381331,0.3452520818237516,0.3400292585897304,0.3221026122657164,0.3394993622158964,0.3565910255685232,0.2261005075019611,0.21611890959392,0.2264005112406693,0.2240488298781358,0.2234524169628713,0.2268520115410268,0.223445793696758,0.2105596435993959,0.2205682230795318,0.2203681048020698,0.2184473278324468,0.2203453037770586,0.2183130461598139,0.2075125054917137,0.2073791203366681,0.222595585753325,0.2202571038301748,0.2220640046675903,0.320745037985116,0.3278920180297433,0.3407860537553979,0.3825745788497983,0.3525288601402678,0.3552710137944714,0.3180098388092638,0.3131523253242179,0.3295307508345644,0.3839351483270441,0.3632900849541656,0.3523860999793093,0.3415236733878402,0.3455507037398746,0.3494148961907264,0.3841430348993029,0.358646851266041,0.3493004088759015,0.1647207268553501,0.1697648516475958,0.1742268239527717,0.1723166260752435,0.1722750995937616,0.1678799934653341,0.168184152624633,0.1650687151471679,0.1671572623679331,0.1711643068120416,0.1691139464389444,0.1671679253630067,0.1709290149943818,0.1672672971050843,0.1754516486794806,0.1744559208791756,0.1702155816526271,0.1673933138804848,0.2365447386418253,0.2556821233401756,0.2667168508374189,0.2306597976966529,0.2199947020886306,0.231323327648063,0.2309940536297752,0.2440130858456264,0.2613800259663534,0.2249780796876557,0.2224956309725705,0.2210014779477092,0.2326813682542372,0.2940699478703905,0.2651817260041547,0.2252762285980374,0.2229450563564228,0.225903323079109,0.288992903360306,0.2818594210493117,0.2593058746524228,0.2727278019486867,0.2730752260603992,0.2673825721412903,0.270275483256519,0.2732272582705342,0.2742209700719655,0.2669308373239865,0.3334550243385479,0.5190707199353781,0.3632729842079314,0.2998524942665952,0.3279418957131703,0.2771651089238673,0.2713738098389804,0.3691991155834841,0.2863170110491282,0.2893044489724019,0.2846331940217901,0.2812262529310061,0.2946965027432426,0.2918063156994357,0.2827034018574004,0.2856694604322527,0.2645208459421511,0.2950693482574458,0.3034347388217568,0.3133253538695122,0.2908014266824352,0.2965268117662489,0.2954189891249292,0.2836670560603807,0.2895887427504995,0.2963698000031058,0.0967490914539617,0.0373153239153474,0.0,0.0370962965009411,0.0446259161499718,0.0336594047677216,0.0471364426383473,0.0486344536022791,0.0368352334866628,0.236501120852747,0.1876040868949999,0.0464960226353241,0.0471507130586985,0.0400067347521009,0.0426457643258615,0.0359629612209211,0.0490508155245414,0.0639872093618016,0.2377753760469438,0.2468804913171851,0.2488389301217424,0.3086149439793075,0.2859987372091233,0.2620653293656083,0.2414322549969441,0.2637793196680107,0.2373020248308286,0.2841793191982766,0.2544074215605718,0.2437550729158317,0.2299413031701433,0.2365054956303431,0.2318360376495967,0.3102870803814355,0.2787377464226495,0.2550377725628046,0.22465554340787,0.2509698330331069,0.240376219642787,0.2628183697590813,0.2521114845255212,0.2414971788321906,0.2230599398495307,0.2509528450180127,0.2308799329460455,0.2671186068677009,0.2438079156680146,0.2369535951520021,0.2155955195973327,0.2396824909729957,0.218911440089446,0.2673683751541666,0.2333223565315805,0.2517189702122238
326907_13_consensus.txt,0.3110108431047393,0.3268517201359984,0.3313501369096272,0.3048053023114541,0.3286404999548296,0.346394615611068,0.3070415336860748,0.3520502628232336,0.3377773871967413,0.3282057331890158,0.3264318994802941,0.3588905295570122,0.3302920287108506,0.3387178404859554,0.3295476863174613,0.3043311206375421,0.3194304459025048,0.3381042465451997,0.2325288354386216,0.2218220807412869,0.234396231591873,0.2344891402736131,0.2291179822828333,0.2362176359791448,0.2296995503245895,0.2169403241477177,0.2280219523809989,0.2320545868855639,0.2277901041736143,0.2283745295790424,0.2271957534612951,0.2136161561691167,0.2121419476002408,0.2329622036860144,0.2262076891870705,0.2284410328787238,0.3225246973322555,0.3293245343077622,0.3441403527600108,0.3915954760557518,0.3589397368187974,0.3599897608183795,0.3199738101288361,0.316195805425739,0.3333513783831705,0.394620831927341,0.3703794055700058,0.3603759729441229,0.3463641354982734,0.3502760354610004,0.3559877116007932,0.3934819564103762,0.3657763505269962,0.3540785359309879,0.1493502366934826,0.1554004535151598,0.1566260983596272,0.1615589895007616,0.1611999106644219,0.154816479963145,0.1524394175816752,0.1538839978625041,0.153851777408331,0.1627163316511151,0.1613870752375206,0.157545416707542,0.1542231646081795,0.1538858831111795,0.1580216181832092,0.1641957916422534,0.1601378728666667,0.1551297424980333,0.2309387366036936,0.2560939497662531,0.2566339158364776,0.2312149290745822,0.2188352423863051,0.2278143117000155,0.2273367269186899,0.2408493028399974,0.2599234293816295,0.2217957330941118,0.224803968741508,0.217169824797363,0.2329349554199105,0.2908537154679145,0.2622841472303712,0.2222735997402054,0.2194432256082308,0.2210682977949147,0.2550185069913588,0.2435239348725453,0.2291284614657698,0.2348464157501482,0.2348693346465822,0.2308229665770618,0.2346563862340502,0.2359188601461852,0.23557196547927,0.2283065444571654,0.2819403144998276,0.45823821839668,0.3095030086392611,0.2547308468763916,0.2791029096018143,0.2387781800943322,0.232960483722266,0.3255830316142862,0.2677968188326005,0.2688096652871401,0.2673054302754565,0.2622114013256507,0.2761476214492617,0.2755786309822667,0.2646272204851208,0.2691400720111687,0.2497581267861086,0.272565237467667,0.2818632893748933,0.2926591832230727,0.2704933335450192,0.2766616323742425,0.2718942328466909,0.2643252077062001,0.2723674654012775,0.2776203754958608,0.0820797447929457,0.0427060437410915,0.0370962965009411,0.0,0.0385279283725488,0.0358299332089089,0.0334061758643287,0.0335906049513141,0.0387253202780897,0.2181459267433325,0.1770828438032161,0.0376417360226355,0.0359807245634087,0.0414549611111212,0.0482544274484446,0.0332068294900267,0.0401882408814842,0.0555868907130054,0.2316329905179337,0.2425138048976656,0.2470830536129895,0.3224255077521256,0.2922249013456621,0.2643828214586179,0.2391595071717454,0.2689187023825141,0.2399830922923769,0.291035036115808,0.2524576070727633,0.2394655851816161,0.2179183766562218,0.2304186054604855,0.2244417096800646,0.3245882842733465,0.2848849562885931,0.2542057490302376,0.2167064917970123,0.2405792941674107,0.2349167932235616,0.26462081129457,0.2333575625702622,0.2382068368350083,0.2130941992039261,0.2400131441301596,0.2183824109924543,0.2726475484761792,0.2255841660671436,0.2344043063239524,0.2027082121824825,0.2247831494945416,0.2100082053740806,0.2697469269717771,0.219405752631161,0.2498667821296045
326907_14_consensus.txt,0.3248320683878596,0.3432970887722391,0.3501483722885155,0.3178687123458914,0.3464234398557018,0.3628188771137566,0.3191066216094071,0.3665250978757299,0.353671213077618,0.34179520226348,0.3403674918109658,0.3751300745761057,0.3359796745503622,0.347879520240788,0.3431371397401683,0.3205650461580305,0.3369595738171362,0.3536494423109104,0.2307831173769088,0.2187401822340362,0.2319932564183311,0.2245834242534314,0.2253450104948591,0.2310704595772037,0.2280954540846806,0.2132741853316275,0.2257690449135161,0.2210692568952694,0.2208307903834026,0.2232916515002898,0.2228726915295595,0.209838606091651,0.2111698517270035,0.2229512422711579,0.2230738305384818,0.2256142781254055,0.3198609451710013,0.3269026309375107,0.3402688313239501,0.3835712812377778,0.3530845526802899,0.3550594180487003,0.3178506733549824,0.3135651018599787,0.3294427917856879,0.384490972507745,0.3639151810228043,0.3530144577137122,0.3414815706352385,0.34554332388727,0.3502039306403297,0.3842686848887595,0.3590999994656592,0.348514989028942,0.1625353797777222,0.1655933746270115,0.1683589265244123,0.1686071386795973,0.1666946797398978,0.1633022430371546,0.1659385260371237,0.1623541367784042,0.1641377176312879,0.1679235965761449,0.1649592400462545,0.1638865299936114,0.1681053632336855,0.1631221163167104,0.1697191615057747,0.1704002021311126,0.1649959627528794,0.1625646527585154,0.2436645075740493,0.2667486771088647,0.2751500944323695,0.2380551606823715,0.2266848414652464,0.2393583505003746,0.2388746778267005,0.2521235382001698,0.2702446328368282,0.2313586396691533,0.2287958923298596,0.2275896975898597,0.2428255208367922,0.3022396243678642,0.2744907324112269,0.232345656132864,0.2282131957934901,0.2332059313840631,0.28501079533142,0.2741853423509894,0.2550764413937827,0.2639201574531569,0.2649494343404583,0.2607834379249816,0.2641872240891523,0.264705686870279,0.2656568912940251,0.260726994883818,0.3236607770254345,0.5073326235722107,0.3547395087496525,0.2920593678534615,0.3195568494508407,0.2680986821416198,0.2629329535343814,0.3625158750847106,0.283071102816482,0.2850030888649364,0.2820573903871448,0.2785383980281537,0.2900492026094383,0.288701910975103,0.2793923231164186,0.2819903583084908,0.2621981171995315,0.2917693405179804,0.2980725405345872,0.308002226819088,0.2865720700368968,0.2908889169811175,0.2894218643418256,0.2807873581378537,0.2860940960413742,0.2909452732246542,0.0913181292667602,0.0538763995329603,0.0446259161499718,0.0385279283725488,0.0,0.0458494703357494,0.0421347906478715,0.0438652433540838,0.0448292445517353,0.2298447943400674,0.1904413728761831,0.0487722779466714,0.0481155126107779,0.0508390168793084,0.0544597016135171,0.0449731024335875,0.0507495039241021,0.0639952739201916,0.2339544042110155,0.2427314158275209,0.245679228865157,0.3082167574274415,0.2832664104446074,0.2591855642141745,0.238748977367404,0.2623957669542847,0.2362466301180177,0.2807094811770696,0.2481919152398291,0.2398967945584615,0.2259125887049151,0.2322439583547719,0.2285494939476677,0.3093789159269953,0.2758519446700518,0.2509667104786572,0.2238056244042425,0.24923281813453,0.2399378689239277,0.2604306098469386,0.2490380290279397,0.2400451089268145,0.2232581098534432,0.2505517116616076,0.2310789182017245,0.2649815221265399,0.2406925700372362,0.2359766552949622,0.2138677744261059,0.2370201107693041,0.2180466548609736,0.2647342153735188,0.2309201938878367,0.2498443381753432
326907_15_consensus.txt,0.3240682977552609,0.3417734264842913,0.3496470769311059,0.3182049442050818,0.345534933619021,0.3631697567985483,0.3191786337308642,0.3654303012008384,0.3522760330030934,0.3412627851238099,0.339601866663461,0.3743096569044901,0.3346121814837026,0.3463993228848707,0.3414008955519065,0.3195460932228258,0.3356559094748803,0.3533619712904858,0.230135333000284,0.2189024435303785,0.2311074262777168,0.2271947053201266,0.2256150197143789,0.2296863188632372,0.2271795874721576,0.2132929143582593,0.2238633852722671,0.2236497675750719,0.2212541668498673,0.2231883230938471,0.2224325248458463,0.2101946880308247,0.2103035334678402,0.2254891136740937,0.2234062053734398,0.2248522129202932,0.3192819836137133,0.3268682526417592,0.3403565380286117,0.3825521147032873,0.3522275450680823,0.35451192573192,0.3169852397508848,0.3126691307012379,0.3288651224478442,0.3848517990339211,0.3631286745744191,0.3530420180194866,0.3406718938121251,0.345580271349398,0.3494929203367682,0.3843539509427494,0.3590432701197343,0.3489779909499049,0.1647085914473862,0.1688436247092397,0.1718347647150722,0.1716964378787437,0.1714050743466124,0.166915567938382,0.1676622366672191,0.1655968813898596,0.1664473076869335,0.1716108965702432,0.1687714109688194,0.1678084626154614,0.1704658420668465,0.1667184696774768,0.1732850043117402,0.1737619304941695,0.1692337902503276,0.1667556850219789,0.2386153217742226,0.2600553632086715,0.2676183974620585,0.2324833994306487,0.2214134644739118,0.2328975693336588,0.2329120998953939,0.2456835199866418,0.263051688680683,0.2257589863508613,0.2245597919814272,0.2216342747240567,0.2362027597323361,0.2959162903354766,0.2662195843481143,0.2261962426844803,0.2238881032268977,0.2278333405617054,0.2814358364788667,0.2722490077295703,0.2513606890391457,0.2633653869934491,0.2645039703094411,0.2590410841370598,0.2615797335905867,0.2639822261882685,0.2641714807255653,0.2586591956976711,0.3226940681703709,0.5041802761002216,0.3517507196863931,0.2907410337828402,0.3174247196424922,0.266650379260632,0.2623304937766484,0.3591395119554441,0.2785879925393502,0.2809542511395406,0.2766526659762185,0.2734542954440293,0.2870867967232016,0.2844829195249829,0.2744393210167111,0.2778455424843571,0.2575713316253498,0.2861060026900119,0.294609586229857,0.3046839433855055,0.2820279328959216,0.2881238256153331,0.286010520879671,0.2760917177704627,0.2813449273346009,0.2876384631154778,0.0975402818003594,0.0417921135488121,0.0336594047677216,0.0358299332089089,0.0458494703357494,0.0,0.0455225522925459,0.0476827247788236,0.0407328958156902,0.2313401026306607,0.1838419912214206,0.044695624452359,0.0472963810036795,0.0429077544493381,0.0474802363310047,0.0372967906353238,0.0523694362087603,0.0673799313162923,0.2355421790567895,0.2445299994904743,0.2477110379773215,0.3099638398219362,0.2852430156118544,0.2613419802332828,0.2394652106285164,0.2641426379653246,0.2374975225138413,0.2838311051521103,0.2521155737217029,0.2413024597456399,0.2274820919062143,0.2345458778625584,0.2300372101594376,0.3117798512613348,0.2781736295252273,0.2539693080978615,0.2245588257832764,0.2492166875497474,0.2417536963467874,0.2641891388346913,0.2526821055732497,0.2420862784547139,0.2235194027170663,0.2513970010621982,0.2314675192702679,0.2692702943173515,0.2440399651750766,0.238153641015387,0.2162582460826883,0.2389036619563711,0.2193884611481387,0.2685257194671138,0.2332400596559836,0.2518303297309856
326907_16_consensus.txt,0.3123267652153103,0.328352181424755,0.3361873264442927,0.3057005482947801,0.3315516575744652,0.3491180699746259,0.3073853776082345,0.3535264717489141,0.3403141963567044,0.3284282999308558,0.3290493853141356,0.3609156040669106,0.3319865600607485,0.3425648421168041,0.3351793806720273,0.3084541596823449,0.3220467690857944,0.3401182712727433,0.2378912347783419,0.2239222992209164,0.2395698736682021,0.2325350609528982,0.231082777583012,0.2389659388062242,0.235336233529555,0.2179461961008257,0.232270257859934,0.2302264102278215,0.228472170614669,0.22922653223101,0.2312151820720416,0.2159586590769961,0.2164726680032274,0.2306614538628117,0.2275023630177202,0.2316215961630412,0.3228436597869155,0.3300487073178964,0.3436536639853251,0.3904564533897634,0.3586336106967742,0.3592437389271978,0.3216386296716713,0.3173439037161607,0.333791500495014,0.3941674998878,0.3700401449564943,0.3607270993268372,0.3471951444043526,0.3507091499122197,0.3569042606056278,0.3920560262727584,0.3655295134868268,0.353595853155344,0.1552953163735573,0.1579312366084835,0.1561422812799335,0.1622326137691345,0.1596176846815424,0.1561613473919187,0.1586438300965689,0.1562349627822001,0.1555622231175206,0.1639305520557599,0.1596815763958119,0.1592864566251179,0.1599907435408027,0.1555559743508787,0.158523149561109,0.1647203985956551,0.1590925377211505,0.1555055886795706,0.2469302409298812,0.2735109845299668,0.2750276292694522,0.2435962582380781,0.2328614537246807,0.2435030220881699,0.2428529653326521,0.2555334711531145,0.2716185208140622,0.2349613397744399,0.2356371102877794,0.2292949065822647,0.2497069306257806,0.3026240112536023,0.2752630268737164,0.2353430841191865,0.2323339576071639,0.2370278885150156,0.2606453137364397,0.2483536886515374,0.2339493988982113,0.239518908422422,0.2394824800448489,0.2360001604583921,0.2407459513973258,0.2392444981643144,0.2399853677685541,0.2378769880061781,0.2921414373866966,0.4666227540433425,0.3220764595675334,0.2642871628774799,0.2895634156299849,0.2423490188208923,0.2365440958694442,0.3325463910911175,0.2681921707499199,0.2682387325089053,0.267977100736708,0.2629685061909832,0.2742900610045815,0.2729090731317498,0.2641604474683774,0.2664233395652644,0.250507062862674,0.2756218917500526,0.2809492679021161,0.2914390575072048,0.269683755907554,0.2751376965805328,0.2717731162957122,0.266056406816439,0.2707943777102599,0.2753388192025454,0.0768246355365604,0.0560549367608587,0.0471364426383473,0.0334061758643287,0.0421347906478715,0.0455225522925459,0.0,0.0327331535824946,0.0461871704645062,0.2170117614106672,0.1844761164011252,0.0458927108915752,0.0410883117235272,0.0531844241235717,0.0589952273983698,0.0483993249573657,0.0515226679846385,0.0597500876756775,0.2328700107761534,0.2410249473886594,0.245614192784572,0.3192836513921762,0.2890557242424627,0.2621389551395303,0.2400275433860521,0.2674120482170501,0.2398173834880843,0.2863335734511949,0.2485985291298327,0.2383155766771452,0.2200746529769688,0.2303429491836617,0.2247682247955644,0.3202103075413518,0.2817012844010804,0.2517609901361695,0.219382006823114,0.2421008975205936,0.2363898840305793,0.2610736591801412,0.2390542673638904,0.2368336330796232,0.2177944118319175,0.2443157727537226,0.2253892213774442,0.2661536215133147,0.2317001931256115,0.2338959939556453,0.2090486262381539,0.2307287948875505,0.2132218265503311,0.2635697158374768,0.2238493060242632,0.2470350497914992
326907_17_consensus.txt,0.3095928904918423,0.3238794096103916,0.3306640109062826,0.3033584330114678,0.3265311032868965,0.3458443707654908,0.3056067410852492,0.3505243102774003,0.3364562974369356,0.3260865785319851,0.3256592714681154,0.3567320975755415,0.3314677398693497,0.3405278233395847,0.3309313017723774,0.3055396181290177,0.3182906579311613,0.3360510046261851,0.2431485217343301,0.2302374285520159,0.2448976715838036,0.2423580653598307,0.2379433201333363,0.2448211858004327,0.2409845658924823,0.2246477425827215,0.2368263997823945,0.2412367991280177,0.236882549921038,0.2373438110305095,0.2384857889322056,0.2230249576985983,0.222303938657717,0.2406957115357357,0.234577391846777,0.2391384732526233,0.330148115196927,0.3368001460247889,0.3519805246328538,0.4014185535785834,0.3671742247344518,0.3684472906289642,0.3284155012464005,0.3248976561393562,0.3413149726947324,0.4060804386945165,0.3798804052567419,0.3707877580928596,0.3558935651599739,0.3597850139880414,0.3664039955900406,0.402568796620919,0.3745990850979979,0.3623677274086248,0.1550615359861069,0.1598012299190756,0.1568722065106129,0.1663340044587649,0.1628554769968815,0.1589327790887971,0.159035012167557,0.1585226041073006,0.1568081506663894,0.1678807265800763,0.1635862976303954,0.1613539645016573,0.1604434291170662,0.1576718515813908,0.1586776850583788,0.1686672474764456,0.1626349078303377,0.158470871308836,0.2442269952261817,0.2705185113236581,0.2699692468944974,0.2440935582240868,0.2320050447820634,0.2399618137287689,0.2401822975638055,0.2521584109688035,0.2689104356073741,0.2339405005069679,0.2350812379520199,0.2279597164667279,0.2477467226802119,0.2983785270723018,0.2717860103320753,0.2351979046467889,0.2313082237062396,0.2347986660381877,0.2561778325920798,0.2444575727633555,0.2314496487801527,0.2367375996077889,0.2369209157368921,0.2332022525811936,0.236585665847322,0.2365977579219595,0.2366053246765318,0.2330235943772756,0.2839988609651414,0.458152588228053,0.3126920640186057,0.2582785853762672,0.2812349751289495,0.2397603204287151,0.233490307886921,0.3253210541481834,0.2729269115604822,0.2737094538798885,0.2721300661935686,0.2665277718532515,0.2799046760647528,0.279152288445271,0.2682125011626191,0.2722596976845501,0.254488782950709,0.2791469422256796,0.2865290201901658,0.2977655536114021,0.2744317964783889,0.2812120383254779,0.2760918058017054,0.2694793593395879,0.2766284039657982,0.2815334106714005,0.0784447805638812,0.0562453119579764,0.0486344536022791,0.0335906049513141,0.0438652433540838,0.0476827247788236,0.0327331535824946,0.0,0.045634055892112,0.2158868315595654,0.1854915780346182,0.0480652178305724,0.0448951400997081,0.0536897367859339,0.0602358424259321,0.0498718623452667,0.052040135435611,0.0617138518143924,0.2339810868793037,0.2441106644390238,0.249004190618475,0.3273608240148533,0.2952126432638984,0.2660922162751262,0.2412991944461602,0.2712471588868155,0.2437996045585144,0.2947995873657127,0.2537743061911683,0.2416337767013061,0.220377061914462,0.2328406136198175,0.227446401627148,0.3288290419045125,0.2879098040875192,0.2555424640591752,0.2276151525993839,0.2484502733592677,0.2457535327073685,0.2749752883294789,0.2432947144246,0.2468650816261544,0.224760428261753,0.2504070196431094,0.2292509730386918,0.2804077560711526,0.2368298419654237,0.2441404680899239,0.2143702092043078,0.2355323291824653,0.2207176063813918,0.2782379403698485,0.2312659329114694,0.2578507822803928
326907_18_consensus.txt,0.3134914436194123,0.3315433317695131,0.3386494917904556,0.3071941802850766,0.3345797195941955,0.3520974850027372,0.3078107045306062,0.3554842796769257,0.3409719250195451,0.3313531617122969,0.3277573517265892,0.3634818403938382,0.3219912505155236,0.3327622311515625,0.327374294954744,0.308224802821023,0.325915138709437,0.3424258144478393,0.2133321663299519,0.2031279590133721,0.2137200226301736,0.2130882515814889,0.2101416488120762,0.2147589339861717,0.2111155041285961,0.1983401209198163,0.2076970157211839,0.2088605491532789,0.2061567886175979,0.2080155841139799,0.2064826388731901,0.195161654392642,0.1947335293844858,0.211458241422406,0.2084969172920807,0.2097062135408869,0.3052672464572019,0.3121955244370369,0.325988769073863,0.3690897334232623,0.3385141781136909,0.3412471173517062,0.302857080335901,0.2985877633528737,0.3149951411179401,0.3703481948731593,0.3485269547270313,0.3390274713908709,0.3264429522799048,0.3308108427030056,0.3352518279279444,0.3703752337734904,0.3445318578395344,0.3348994222582249,0.151478360959544,0.1558431003208937,0.1592498378625428,0.1595416566801866,0.1585583239517092,0.1539107339947563,0.1555980469694091,0.1518521896252096,0.1527221349540859,0.1576251687349845,0.1551268343249781,0.1537735730657061,0.1570093746985748,0.1534086429604322,0.1602073555812779,0.1612699948721463,0.156502630100725,0.153682904975124,0.2241021965155347,0.2438030748612263,0.2542931670018653,0.2173256289932617,0.2068190443128124,0.2176612314904424,0.2174526481752394,0.2316264285743372,0.2493034589162306,0.2121300912887349,0.2093338205624704,0.2079059318369296,0.2192237658689464,0.2792796576622507,0.2516440553511359,0.2134307285459158,0.2100029194973132,0.213252726482132,0.276046326016278,0.2703569190384876,0.2493891164104198,0.2624028472351192,0.2625701391624773,0.2569070943617646,0.2591632976457063,0.2617006912320718,0.2628603533694047,0.2555343512963333,0.321708515797809,0.5059979986991756,0.3498941355463962,0.289165712154098,0.316012776506426,0.2657407524364572,0.2601347811895778,0.3543870531075299,0.2746387056217187,0.2778767235804125,0.2721788981593285,0.2689475099821194,0.2832483397858034,0.2802692834923164,0.2691848991360075,0.2743898932619153,0.2533310778105502,0.2828415341700747,0.2916884115550537,0.3016546238851063,0.2784480197952419,0.284295998740383,0.2831251735781031,0.2718036768175906,0.2774717335421641,0.2844217793618497,0.0978747784401328,0.0471848342271314,0.0368352334866628,0.0387253202780897,0.0448292445517353,0.0407328958156902,0.0461871704645062,0.045634055892112,0.0,0.2309085003823519,0.1885504844281378,0.046583331320825,0.0480021165882718,0.0443080685532564,0.0455138658260523,0.039757893932002,0.0506704485311075,0.0636153652834536,0.2078501143004025,0.2156597045643771,0.2171781078921846,0.2754224662184441,0.2529128165937528,0.2301818358224068,0.210226518162635,0.2315434364389403,0.2077582482294815,0.2520003935804809,0.2230532225583772,0.2124145665960526,0.2011301844472619,0.2052689224109336,0.2015335586568376,0.2772612504749361,0.2450982624232089,0.2233958430213078,0.2161287824444109,0.2401486758499764,0.2320267755983209,0.2553692986119458,0.2421142064120758,0.2334240877351234,0.2129361034911987,0.2414343702437413,0.2210561598188221,0.2590694910527595,0.2330207330628297,0.2278762709070676,0.2058099171375857,0.2293521356444081,0.2091375510897108,0.259424717010198,0.2228135545885443,0.2420225480876823
326907_1_consensus.txt,0.4301672075449581,0.4433284188408528,0.4488502473373685,0.4279382477611939,0.4435224418409866,0.4653121198462386,0.4284913302499404,0.4720916201121028,0.4570262817080106,0.4442645398972011,0.449064660879678,0.4740791209304831,0.4662626061705417,0.4715741908206858,0.4633857331703517,0.4278899094336204,0.4400663778030989,0.4556421167772839,0.4122304109080659,0.3970486275320226,0.4133748504223291,0.4036271752542504,0.4014989525167003,0.4118581166826907,0.4073529570193841,0.3900918062793366,0.4034352028377732,0.4058012111250058,0.4027227953753964,0.4032169044446938,0.4063377360368996,0.3862581940430694,0.3893606853916331,0.4022846883252065,0.3966862190151516,0.4063667229635292,0.4713999953154975,0.4777988306720075,0.4907195967350084,0.5396521805874706,0.5065954759102027,0.5101240349820308,0.4680558705396507,0.4646197444947759,0.4850355108086148,0.5478226514666744,0.5202199629834787,0.5123972256524745,0.4978365060447665,0.5017284446588732,0.5093871423180723,0.5406691358712195,0.5160559457965768,0.5046768379815596,0.2920430102614197,0.2964998628857564,0.2878311031478411,0.2978553817103311,0.2967993923579364,0.291890910873029,0.2959757700449508,0.2958214191244579,0.2934946164808707,0.3025166391713014,0.2992525947761173,0.2994709833903499,0.2955676504473565,0.2933586376064099,0.2883717729996249,0.2993302279302341,0.2974019215725079,0.2914253527914638,0.3869917494424371,0.4135768697485176,0.4083114795038085,0.3880178986073765,0.374810504331613,0.3833439185997633,0.3824824725720894,0.3951932704277752,0.4071767107488604,0.3720383314342825,0.3776781486503857,0.3668978754232554,0.3976868510080038,0.4340109815980923,0.4113600649076154,0.3710706423365693,0.3671191117988037,0.3784450506350723,0.3665679216293789,0.3498539098170958,0.3438163701688808,0.3437278834037762,0.3444908687404542,0.3435093498699331,0.3476093258254522,0.3449371321469527,0.3454703798711591,0.3472312896516776,0.3894489066101982,0.5406969678025746,0.4169655679514044,0.3665768024045519,0.3849268417337583,0.3455094787076476,0.342613032269206,0.4271047885131516,0.4009204096883216,0.4000264673853024,0.4041781963319302,0.3959501682888415,0.4074036536418113,0.405449434827986,0.3974847089782436,0.3997642150520057,0.3882879922316782,0.4084894490697763,0.4146049948959316,0.42454972545789,0.399500633162539,0.4078791735561289,0.4000593740942904,0.3982942836197587,0.4024561364729209,0.4091346144208643,0.2427679536672649,0.244477601115264,0.236501120852747,0.2181459267433325,0.2298447943400674,0.2313401026306607,0.2170117614106672,0.2158868315595654,0.2309085003823519,0.0,0.3465712195746881,0.2294444227953214,0.2227381048262344,0.2428140240772798,0.2536938550710772,0.2368016740385208,0.2363157666358688,0.2477062532575331,0.3432373126910981,0.3466070699997097,0.3554218773687481,0.4362856706494042,0.4005614116474376,0.371785646639907,0.3517419316873713,0.3823353008863819,0.3570152873576049,0.4002883207540151,0.3564287069527481,0.3458496592866247,0.3261819386739475,0.3411810426191337,0.3337606284346606,0.4372027656844253,0.3944511151206882,0.359826387650358,0.3746413132042043,0.3921215697856866,0.3917241035102421,0.4221387736627413,0.3840861919225347,0.3933705281852653,0.3751461277696606,0.3996832955133875,0.3731763509077481,0.431649018546441,0.3735385713319026,0.3913737275005005,0.3621946554948927,0.3809802542726572,0.3684475998653731,0.4272650162081177,0.3746733157769668,0.4082746341371539
326907_2_consensus.txt,0.4403653332086747,0.4582383092846704,0.4627955633178118,0.4354772073590638,0.458262078489092,0.4769488613336747,0.4380965287897744,0.4821905702563818,0.4667217395599365,0.4566698377836786,0.4577565117218789,0.4910197785240591,0.462888292268758,0.4703549731824665,0.4597918319876832,0.4371549942464909,0.4521044238919423,0.4688761192071737,0.3594740953482507,0.348426145418248,0.3628484600443187,0.3606088476446487,0.3535937408515863,0.3642591259509906,0.3577038400908421,0.3459874925274455,0.3564300712336745,0.3612401664516369,0.3544666868980997,0.3559666546041669,0.3554488794858947,0.3424070651459203,0.3436914956206038,0.3603531253764558,0.3496440682501429,0.35574578933252,0.4562358419883559,0.4625458916872453,0.4769104482976622,0.519325762717969,0.4878380443693828,0.4926373372574737,0.4527559948418833,0.4489219263628712,0.4671869306366218,0.5226783334307612,0.5018826588924625,0.4901663438998334,0.4775810640490476,0.4841656426137461,0.4888676451275167,0.5205607432519095,0.497256736319251,0.4859371660655043,0.2910041949266073,0.2934388306726525,0.2949574050446095,0.2981673404544267,0.2974713418566956,0.2915767366682971,0.2933083147700657,0.2931925272159716,0.292867105222534,0.2978891566239596,0.2969835547959363,0.295767741824573,0.2957298297636086,0.2932156663010552,0.2970402286152662,0.2992869947041434,0.2971440521429187,0.2926680920955675,0.3640363286911103,0.3891328957464033,0.391722799031811,0.3662127595533633,0.3558744888598752,0.3635366703772504,0.3601399931601428,0.3769395296987028,0.3975149172391958,0.3529510328519976,0.3582676954557051,0.3503428108667812,0.3657651570725235,0.4250806520004744,0.3973692756001341,0.3537038885005685,0.3509684136663296,0.3556006640285005,0.3826006850377439,0.3714956843285115,0.3587136369409869,0.3667974419563435,0.3646302329272366,0.3632627506092163,0.3643822575341744,0.3675675697690224,0.3669965556103207,0.3632530357253927,0.417700608069822,0.5873109475592742,0.4451404995788302,0.3910018977190681,0.4152352988663423,0.3687212146321137,0.3649260139323402,0.4496073456689089,0.3894345993490162,0.3932864157933835,0.3890509305901872,0.3857352926677535,0.3983754878484937,0.3967172495264108,0.3858276756070324,0.3920274200295246,0.3751681692355788,0.3983093676051332,0.4061471419004014,0.4180787323247017,0.3929806044719335,0.4021496551535612,0.3945353896496719,0.3879874696080172,0.3959068354014938,0.4005791934287082,0.2249177853929787,0.189340849565621,0.1876040868949999,0.1770828438032161,0.1904413728761831,0.1838419912214206,0.1844761164011252,0.1854915780346182,0.1885504844281378,0.3465712195746881,0.0,0.1633902321480604,0.1799181833692102,0.1885891817135991,0.1985032162566185,0.1825485173245979,0.1895333511536101,0.200781732381067,0.3592820941133503,0.3659145738487339,0.3726044744304317,0.4475063611497241,0.416594524622969,0.3897012081366533,0.366994118946554,0.3936624622108624,0.3661603747578859,0.4132827020999663,0.3744309999117128,0.3630946872243008,0.3451744497466542,0.3562067061182823,0.3502978152208378,0.4462391864592838,0.4102277959654472,0.3789990763378554,0.3473631080212307,0.3703828747916375,0.3634346839124056,0.3903165995039899,0.3663086404047639,0.3670633428414263,0.3463624411370318,0.3697246494554065,0.3533243040400897,0.3996002720013472,0.3641895357388094,0.3649904642112815,0.3368268215238892,0.3588461190677385,0.3410653362665314,0.3987861822568348,0.3519317197835292,0.3795401027264269
326907_3_consensus.txt,0.3225095063370276,0.3407252043492548,0.3473153837098124,0.318365565894787,0.3435164307445397,0.3607048079291424,0.3199033959612087,0.3657282447717591,0.3524274623190493,0.3416960477703199,0.3402475341637441,0.3733037669894514,0.3375878493458479,0.3457595242175557,0.3382625584765861,0.3163052465655482,0.3322444914146523,0.3511813195269155,0.2259078428406837,0.2166693511541311,0.2285150798256765,0.2285164265351653,0.2238343824218276,0.2288849785482867,0.2248687520134069,0.2133970770863804,0.2237271472219433,0.2257900264804675,0.2204489993701024,0.2220951428663191,0.2200542215220231,0.2096174086601543,0.2086201206612514,0.227404806678475,0.2207745850296554,0.2214290610286866,0.3221913973337678,0.3285881846312826,0.3421426876191802,0.3865266202188948,0.3552157845833186,0.3578411451510419,0.3193667276456082,0.3157594119517384,0.3324612923543384,0.3876413407207089,0.3661160001091872,0.355854892617625,0.34350983864541,0.3475504562883884,0.3522079302805281,0.3884783902690003,0.3627840650597136,0.3513021369694336,0.1634473269528911,0.1679570998035622,0.1718972178504501,0.1728209265327152,0.1720164417288607,0.1667478629716967,0.1663926551294672,0.1650335241911982,0.16671230398088,0.1718746791721699,0.1705720769070424,0.1686834693630672,0.168387739903757,0.166611533653004,0.1731480697409537,0.1739238273201202,0.1707644200735067,0.1670505174751184,0.2364435775949545,0.2598662800114866,0.2661851727908093,0.23370704440417,0.2224753300668069,0.2328962171334119,0.2330439091590754,0.2484021174067976,0.2690396510612451,0.2240146897931865,0.2279688536813111,0.2224035806466169,0.2342274235226291,0.2997769796284828,0.2694331676632231,0.2269541507136274,0.2231980671148399,0.2258065389105255,0.2750786428966556,0.2642481667198098,0.2473376989240918,0.2564932411864475,0.2558922971477848,0.2520196819124685,0.2547565726167136,0.2576666969711496,0.2578771706661662,0.2513200336460279,0.311140695656487,0.492932434415998,0.3382563055817016,0.2810454708818426,0.3069800356062586,0.2606772556456036,0.2555835389495939,0.3523422188086762,0.2752328651032698,0.276656550640439,0.2731567797725418,0.2702861753547196,0.2841294940492673,0.28287495842644,0.271711262109072,0.2775846359173961,0.2574600836758947,0.2815875807204051,0.291044497930649,0.3027239951780842,0.2797344521483715,0.2863393807882985,0.2817293472310851,0.2729522414278484,0.2803716261278275,0.2856092000997634,0.0953972066059876,0.0458608919346517,0.0464960226353241,0.0376417360226355,0.0487722779466714,0.044695624452359,0.0458927108915752,0.0480652178305724,0.046583331320825,0.2294444227953214,0.1633902321480604,0.0,0.0397674527694817,0.0443947834578573,0.0547867627855858,0.0395515447160335,0.0459835351702651,0.0578219470017842,0.2372292846626535,0.2459625995247947,0.2502625154643141,0.3164052819382661,0.2900396917948598,0.2651914033347466,0.2435438157503533,0.2676026096093373,0.2403992240057846,0.2866643968502878,0.2531493743388751,0.24248454444065,0.2261966708751934,0.2330785932371029,0.2287153358118026,0.3180301300330512,0.2831576497904784,0.2572855512503764,0.2163598946912301,0.2411230330282592,0.2337277739949357,0.2577271527831115,0.2421714550764164,0.2355449813205439,0.2161110597515794,0.2434861988131693,0.2226218256203154,0.2657147867696778,0.2323047179802344,0.2319281816541725,0.2060098894169719,0.2294697585809544,0.2116651477777189,0.2646892630491031,0.2242133887438129,0.2446170167309489
326907_4_consensus.txt,0.3084380091668706,0.3267560139619512,0.3331498683937219,0.3054543126033167,0.3304610528639493,0.3468820869474953,0.306529118834689,0.3532074490410011,0.3410344244795027,0.3279257562681508,0.3274590369738952,0.358285466124947,0.3282515175730083,0.3378998453971356,0.3317664684431314,0.3031933092585746,0.31884510686886,0.3375030549506519,0.227272901516514,0.2161786462055168,0.2313052547425371,0.2268229459160764,0.2239405248209891,0.2311682293475598,0.2261203482459599,0.2140339568962552,0.2272736564479203,0.2244281034329383,0.2205543278292658,0.223044563245871,0.2220514737973964,0.2097496688965066,0.2104294366642527,0.2263070755044829,0.2204645325593475,0.2214531312312146,0.3260956277221503,0.3320887052533479,0.3458274459998236,0.3883717843416434,0.3596626892973305,0.3609982472548587,0.3230980226359108,0.3196557198144667,0.3371610058883973,0.3907824346386697,0.3690234887949124,0.3587481840654476,0.3473057899751381,0.3521329741775219,0.3559485589230036,0.3906427596657664,0.3662810622632335,0.3551796246972358,0.1562837708657163,0.1608181562437778,0.1632935795855843,0.1632094605813741,0.1640193492041533,0.1595074271141925,0.1592278038406505,0.1590401713308118,0.161246739968913,0.1635139788910038,0.1636228866244273,0.162727269941346,0.1610021834370307,0.158978243546592,0.1644929107356603,0.1648260219676949,0.1625373223059298,0.1589726380640286,0.2334467037402916,0.2579463482553699,0.2638143132729098,0.2288289360325421,0.2181627063198306,0.2314053205371067,0.2311622669501858,0.245871405973741,0.26712871288791,0.2170054632381663,0.2232379868192282,0.215969360766465,0.2332566297356706,0.2964963873842947,0.2680500264950893,0.2196310407244688,0.215299084130887,0.2213613619051742,0.2605670362084602,0.2446013019845239,0.2308440465050552,0.2362025251168447,0.2363419250120912,0.2336958866445329,0.2378532219947828,0.2381708469159917,0.2381198073327226,0.2337769561544185,0.2907531981606617,0.4679943378643258,0.3195431469918794,0.262419029826944,0.287085011919757,0.2400575427565634,0.2375591775549352,0.3338187186205843,0.2602808876604889,0.2608920122538904,0.2591541885513067,0.2559671538891876,0.2685576387991162,0.266120727857615,0.2570194403290387,0.2629507246337361,0.2450642465526584,0.2664819135011562,0.2737758198668913,0.2851900243730583,0.2621288495154843,0.2695866941177307,0.2644742201045886,0.2585701210456719,0.264204551517853,0.2691227036217327,0.0863519533116665,0.0440098201081333,0.0471507130586985,0.0359807245634087,0.0481155126107779,0.0472963810036795,0.0410883117235272,0.0448951400997081,0.0480021165882718,0.2227381048262344,0.1799181833692102,0.0397674527694817,0.0,0.0436485074834074,0.0574302524411542,0.0392576835102183,0.0430203717797077,0.0562755734268627,0.2287240154783845,0.2348632952760709,0.2408151725295866,0.3091523393012423,0.2818026271220901,0.2566623668354744,0.2361564447752293,0.2617053069165855,0.2338004877944968,0.276711874129198,0.2416193829965429,0.2315248748831173,0.215277097897637,0.2234778263981134,0.2189084189868637,0.3105592635451621,0.274191937985762,0.2477518605011539,0.20758105836628,0.2321449296406434,0.2239830374151559,0.2473671393429768,0.2334258964553726,0.2265127727450462,0.2077542963761374,0.2354297987956286,0.215198265483842,0.257129966430508,0.2244363981632773,0.2226852944634814,0.1966998135003841,0.2217314939119639,0.2027063823655162,0.2547590290541635,0.2155049442592265,0.2363677782786304
326907_5_consensus.txt,0.3328873517199469,0.3533181655708013,0.3580235748508364,0.3281141349235561,0.3561519030726856,0.3717422654919886,0.3300814288741911,0.3759754604142458,0.3644312799116527,0.3524297330361605,0.3496532630601301,0.3841885002268448,0.3416151069332969,0.3528307743758567,0.3462988254577297,0.3264007672480353,0.3432569694166965,0.3612983024714786,0.2200021922038679,0.2114765763423349,0.2214398638607591,0.2226086165068466,0.2191092612628615,0.2221436159832102,0.2182270672898134,0.2087625313430336,0.2187770187509237,0.2194771859386932,0.214054025477548,0.2164765177482657,0.2132185491321436,0.204834748977408,0.2040131009463053,0.2217225669122626,0.2156462885346783,0.2154364767325738,0.3280787952412929,0.3349478882958863,0.3481494186915199,0.3903050117151387,0.3607531979863125,0.3635608777842591,0.3252247747567054,0.3212378962698885,0.3378349466000649,0.390570817483816,0.3707683754984536,0.3595239889137112,0.348451015117309,0.3525378195468036,0.3564685907096887,0.3919451115670327,0.36715757611341,0.3572723140830689,0.1732585407671081,0.1787095805729635,0.1844099429352255,0.1814829141223839,0.1816660782357395,0.1768634843973657,0.1761536574873652,0.1737735327412117,0.1768562225260517,0.1802963988809054,0.1791506070727173,0.1762135012799959,0.1788086684141738,0.175912036050132,0.1847023727218228,0.1833997622986771,0.1799632449820727,0.1764386046569512,0.2381533824496493,0.2583270067143637,0.2690597025480024,0.233027795998872,0.2227703482491705,0.2337899961151421,0.2329872561987152,0.2495333628877212,0.2704199815525641,0.2252282620659187,0.2274212004227038,0.2226391226194586,0.2328276717696837,0.3013224725806154,0.2702130749140679,0.2282145702279763,0.2245343700563467,0.226199763162473,0.2910450929220509,0.2819645667231363,0.260979107788355,0.2745350330397862,0.2739048877763679,0.2695325432968474,0.2712479655285769,0.2748552184663815,0.2754664766478782,0.2678024543551878,0.3343113052843591,0.5221043525831561,0.3614757858197563,0.3010149422452883,0.328464796424651,0.2794204530116957,0.2742157194722203,0.3706111474524221,0.2832503888250848,0.2857813225387637,0.2802238601058242,0.2781661318823261,0.2929934817219788,0.2897733886880225,0.2785653818950671,0.2853586337679097,0.2630779713886504,0.2915393067697458,0.3008802922019313,0.3127210818822803,0.2880126268278289,0.2947720833559799,0.2914631455583745,0.2802491858053351,0.2881057459206495,0.2934230173354173,0.104937062772997,0.0376159561002431,0.0400067347521009,0.0414549611111212,0.0508390168793084,0.0429077544493381,0.0531844241235717,0.0536897367859339,0.0443080685532564,0.2428140240772798,0.1885891817135991,0.0443947834578573,0.0436485074834074,0.0,0.0477846123038219,0.0369713572703886,0.0468118288482308,0.0630626673751777,0.2379542107757899,0.2475480085558814,0.2496244688909676,0.3094614820973902,0.2870609326792248,0.2632644393218228,0.2434931021518664,0.2647121460118775,0.238058479094839,0.2839906165550836,0.2535590790665232,0.2432838332122564,0.2294531954312226,0.2349581529468878,0.2308593385149464,0.3121193285999553,0.279888207396624,0.2560766896147051,0.2199709740755153,0.2458134419705011,0.2359768897477252,0.2581977961642181,0.2504830633028803,0.2386463578056421,0.2189984087284457,0.2485960385750942,0.2280071002911228,0.2665301414095538,0.2417489371936803,0.2343095497061256,0.2095457083708503,0.2354758251029984,0.2155591477611693,0.2664469328444454,0.2295909284421,0.2464766674835985
326907_6_consensus.txt,0.3461095959142106,0.3661264415838552,0.3706532095112962,0.3400200113194032,0.3676089095429624,0.3839228057374555,0.3406049051950361,0.3880426927145457,0.3734901372245787,0.3642134836514046,0.3598381848927054,0.3966941331430895,0.3505715699475118,0.3610289937545659,0.3559055533411097,0.3400871628736013,0.3572710708104054,0.3748387337468095,0.227436987307616,0.2192272406326978,0.2279984572139497,0.2283754492892491,0.2255223000529262,0.2284867160539363,0.2247520009297687,0.2138900197209494,0.2223425484763197,0.2237826509572862,0.220513841752858,0.2235133176886528,0.2198054622311183,0.2105877396602196,0.2100363435160552,0.2273946818882279,0.2225902689609462,0.2234412558990186,0.3285399977592078,0.336456180703216,0.3490732632518565,0.3904499574966422,0.361455107682449,0.3639442585251942,0.3261990624919164,0.3218267359323157,0.3372497874303732,0.3914451840785062,0.3714712691968884,0.3602644397598169,0.3492483069268353,0.353112780031406,0.3568513131959605,0.3929511586489944,0.367749582946999,0.3577053478667338,0.1779036640091789,0.1826920547617589,0.1886469534113324,0.1868297920027117,0.1863046719475924,0.1807836997244827,0.1806006237132784,0.1774842653707153,0.1805691767275377,0.1849689797533926,0.1823260940428674,0.1796379009729101,0.1837268140440606,0.1800621711575978,0.1900562502839022,0.1888882047314588,0.1846013526742318,0.1807046442896016,0.2469400640027537,0.2654036185008444,0.2766847373908341,0.2399168874204562,0.2298958799678807,0.2414648070331182,0.2403583123983885,0.2543577616779693,0.2737965832821984,0.2363840683885456,0.2341386182348266,0.2325879238740817,0.2398738247969269,0.3060235020343356,0.2752231894901911,0.2382002293224019,0.2359077154537843,0.2361822389200725,0.3098927630527868,0.3048960604426689,0.2805085545391677,0.2962231140871374,0.2956795743135458,0.2900060364702455,0.2915899995798625,0.2954833147297009,0.2962933912934815,0.2880096875639708,0.3572808132436016,0.5485621444185647,0.385555119258445,0.3224575113434689,0.3511805954162348,0.3004958741115793,0.2935469229529985,0.390916339084459,0.3044587819323183,0.3069986567355123,0.2999520748746107,0.2970812454450566,0.3127992075904799,0.3108741838249074,0.2986086271071286,0.3039588807874622,0.280395107853284,0.3109046050343451,0.3213171476759413,0.3324923314664438,0.3085738126160962,0.3147901946706639,0.3140595600291007,0.3001840475314665,0.3069261636746674,0.3142141140747583,0.1141387493160195,0.0512853969708047,0.0426457643258615,0.0482544274484446,0.0544597016135171,0.0474802363310047,0.0589952273983698,0.0602358424259321,0.0455138658260523,0.2536938550710772,0.1985032162566185,0.0547867627855858,0.0574302524411542,0.0477846123038219,0.0,0.0454032356215634,0.0590393620521645,0.0719525693069691,0.2475453701843619,0.2574291251144878,0.2583414546981863,0.3168022910197337,0.2950087451231091,0.2717960691476264,0.2501375747183729,0.2721697235503413,0.2449201097257791,0.2937020510292392,0.2650842973997065,0.2538287726712127,0.2409818388483948,0.2457975517912949,0.2406596854819866,0.3189718624256699,0.2878747390838718,0.265260161078892,0.2305920894196127,0.2569820955657711,0.2468858165699501,0.2695881085630169,0.2605110741988632,0.2480945619512766,0.2286082778801414,0.2571790459962457,0.2348910452710697,0.2735176474096619,0.2511945194518041,0.2441870407359196,0.2209491552217883,0.2444402500940938,0.2249967056031181,0.274960814247418,0.2407194520756732,0.2559110043185342
326907_7_consensus.txt,0.3224937323526653,0.343806490153149,0.3497288290717932,0.3190502073687042,0.346928485060296,0.3627623190514413,0.3195019467826512,0.3663412070940843,0.3540197773809197,0.3425238028619191,0.3404928330076444,0.3747403716971931,0.3327763134560726,0.3442417915930171,0.3387186668953816,0.3172465357769631,0.3355897740888878,0.3524487328084653,0.2202346461960509,0.2112653989368453,0.2228256100814789,0.2204942927343012,0.2180016136125004,0.2227250747958358,0.2197664850160876,0.208607274039867,0.2192281091895473,0.2150469010265929,0.2134038203032275,0.2162902608785089,0.2134722922418959,0.2031867868956922,0.2029020647366231,0.2195186756826856,0.2162541387829932,0.2163624350415176,0.3201668209652624,0.3266331546767205,0.3396590146430043,0.3803902409260473,0.3515726924017883,0.3539005463323406,0.3172590862671853,0.3135111218749529,0.3296493658445065,0.3803834931812631,0.3601689099499801,0.3491507912826144,0.3396303501408013,0.344101620650683,0.3472180308353856,0.3816209987689376,0.3576491878458441,0.3481678120001561,0.1627442078954679,0.1676361542076065,0.1747294329426303,0.1693472459246123,0.1705700846468509,0.166121725926132,0.1655003655806197,0.1633645377785697,0.1675401805797598,0.1681714380319725,0.1682841787581068,0.1663058498344547,0.1684222571721179,0.1658753863752053,0.1755436410303339,0.1710234249826818,0.1686911261569079,0.1666668200568359,0.2317256196189561,0.2528793007012453,0.2624798010840834,0.2251612736457922,0.2144826030013362,0.2275379700348025,0.2269705517993294,0.2420196343509815,0.2634867837867247,0.2167983177177781,0.2179536264472759,0.215731012598507,0.2268807103710131,0.2953124076571285,0.2650149542309741,0.2189877523453809,0.2157015668324895,0.2186139513976606,0.2850065312810876,0.273535044363026,0.2534609334887037,0.2637781548076141,0.2644716727891563,0.259513864515398,0.2632721782804594,0.2657134446277318,0.2662606033777841,0.2582631576020127,0.3233930848690463,0.5104738056789131,0.3539418088188135,0.2910889153621099,0.319057516751883,0.2683538168155728,0.2644186121961738,0.364514397559919,0.2795148709383781,0.2809872987671546,0.2768202665089951,0.2751401656267163,0.2883221333707375,0.2851969746522549,0.275678667678644,0.2809084792956788,0.2595350121590591,0.2863961327402684,0.2946620433356877,0.3055654162781138,0.2836104635984497,0.2887765906574984,0.2872160561598953,0.2775796605621323,0.2829205877166636,0.2882977610100496,0.0990805338954103,0.0365091396124306,0.0359629612209211,0.0332068294900267,0.0449731024335875,0.0372967906353238,0.0483993249573657,0.0498718623452667,0.039757893932002,0.2368016740385208,0.1825485173245979,0.0395515447160335,0.0392576835102183,0.0369713572703886,0.0454032356215634,0.0,0.0412774906318915,0.0592319203704363,0.2337110419922865,0.2419208131268817,0.2449390663251733,0.3026820375326551,0.2806132080315713,0.2585609727417797,0.2386578407612098,0.2603570997011459,0.2336032798456102,0.2773996292860232,0.2475765195804271,0.2391779764895929,0.2247888320435613,0.2302298705081895,0.226440819908074,0.3049522286933737,0.2732563810554893,0.2512436496084618,0.2144357729680663,0.2402324308817149,0.2303340248190579,0.2512930310608823,0.243662167085219,0.2315547947018856,0.2135889774664114,0.2430998883227673,0.2228180246264059,0.2588259627161164,0.2357190438949601,0.2274169211474799,0.2052995781803197,0.2301831368929328,0.2094406050714639,0.2575935094338,0.2240838644628802,0.2406273535589314
326907_8_consensus.txt,0.3290351820036576,0.3490131672513392,0.3549494798687433,0.3265494952111218,0.3519265477505691,0.3689517116607064,0.3275287916889766,0.3740769486292592,0.3628087415366963,0.3494836072515355,0.3480979224349525,0.3810345119885419,0.3469820957184417,0.355640744897741,0.3471571876814003,0.323508799208934,0.3396086774978037,0.35883829967295,0.2358779615892743,0.2264986481574205,0.2385993149962217,0.2393779868140626,0.2339509310570733,0.2390106856457379,0.2343313587484203,0.2246161218553339,0.2346913274279423,0.2357530968527399,0.2304297145690874,0.2325451620338725,0.2301266766449607,0.2195437113720366,0.2180439762322947,0.2379242098040066,0.2313106430278111,0.232214075525988,0.3364672942423254,0.3427882880040158,0.3564054345909291,0.4015055771978169,0.3706696287002984,0.3723985725078407,0.3336781782768767,0.3298256860049164,0.3460486299695766,0.4028204148178496,0.3800198903931644,0.3691387376655441,0.3579628840628217,0.361644749145011,0.3660516941196015,0.4022999673965657,0.3770933799166691,0.3660984152495601,0.1710238821338876,0.1772819481163061,0.1811762826615215,0.1808058223607673,0.1818464725391422,0.1768814726406944,0.1743562274463244,0.1740954869877029,0.1766891761641069,0.181492814906889,0.180574307675613,0.1778656992110967,0.1761512126504243,0.1751778890911133,0.1828022774865978,0.1825549587426422,0.1798306801378082,0.1759934245273484,0.2405197955090656,0.262098881584798,0.2698504743887184,0.237121004817034,0.2265117365529221,0.2378219297424877,0.2367103445683547,0.2527745375270136,0.2752944334263034,0.226518321386699,0.2321146724749425,0.2256669678906746,0.2380191775133582,0.3048957099023965,0.275681548825812,0.2311117445765802,0.2269247242009271,0.2293414593202989,0.2804822717035939,0.2681095596567395,0.251269082162473,0.2591864159381458,0.2602676816878819,0.2555239026560016,0.2594245921845797,0.2611311263169753,0.2612501313030755,0.2533740366989434,0.3122312712056896,0.4931299682932071,0.3395315702004744,0.2823488976771564,0.3079848411189303,0.2642391898624829,0.2590835405730551,0.3537984455202689,0.282461957928966,0.2841935257932277,0.2802921532963793,0.2780213752357738,0.2911229976556413,0.2894093809951883,0.2790312975640816,0.2858054080910293,0.2653252953146818,0.2877510586754894,0.296904634288623,0.3081079749729021,0.2854601632091764,0.2925537800811391,0.2879305356308848,0.2800639339758604,0.2872304268470813,0.2927321218688838,0.1006088804450691,0.0476130968214683,0.0490508155245414,0.0401882408814842,0.0507495039241021,0.0523694362087603,0.0515226679846385,0.052040135435611,0.0506704485311075,0.2363157666358688,0.1895333511536101,0.0459835351702651,0.0430203717797077,0.0468118288482308,0.0590393620521645,0.0412774906318915,0.0,0.0584010970077173,0.245346306996474,0.2545549894725916,0.2583686925816373,0.324139299860235,0.2981876282669233,0.2736601531934965,0.2522782185723891,0.2769394196075296,0.2486432221916565,0.2955729302061911,0.2614865357031668,0.2511409529777957,0.2335149677125869,0.2405476686697163,0.2370375252993142,0.3260322296399316,0.2904740009894517,0.2654557670285946,0.2272702275457767,0.2528770162638025,0.2451428935899109,0.2693091912661707,0.2523675423817799,0.2481403490959586,0.2266142070081862,0.2541303561340982,0.2322937063690702,0.2794365403624574,0.2424691666840104,0.2431945486124291,0.2150523881933672,0.2401875346860151,0.2217233509480536,0.2780272044780467,0.2346573651726693,0.2583087689642056
326907_9_consensus.txt,0.3374720850769712,0.3568709269217258,0.3621702834485134,0.3339494612273945,0.3603830682013829,0.3767207593347521,0.3350371249685366,0.3818372169471651,0.3704384405611023,0.3554709910402458,0.35605790969705,0.3886939962696303,0.353554742364242,0.3622446789653466,0.3558468225091324,0.3320112163894961,0.3475347273327003,0.366982892979351,0.2446730317130878,0.2352216068552977,0.2484972693343756,0.246018190227474,0.2413040991128383,0.2472479405328442,0.2437548828191182,0.231823603627479,0.2437787673377407,0.2420566190093964,0.2386700074799144,0.2403952551312542,0.2397718605127359,0.2278352542815653,0.2275078652718392,0.2449741259150002,0.2387524391492732,0.2398996202508705,0.3461793205124372,0.351875334972334,0.3659885755448329,0.4098774414158477,0.3801445796763865,0.3817409901305382,0.3445763870591598,0.3394309786461207,0.3555586144180225,0.4126113264057736,0.3898209666841161,0.3786001176285154,0.367993651845147,0.3706133461665928,0.3753812502170746,0.4122093408463279,0.3863295340796533,0.3754563467940066,0.1821858896242965,0.1875973261262089,0.1907072013510458,0.190211668489745,0.1903463928193147,0.1856048892837307,0.1857502070865706,0.1846129868174841,0.1854953823201945,0.1910663589042158,0.1887159428021085,0.187467138571499,0.1876500879360492,0.1852133638224096,0.1918176391559569,0.192313969561944,0.1894629306750062,0.1850781831231813,0.2563132776689478,0.2785530455689766,0.2866619636251748,0.2514836877258979,0.242048606640381,0.2526970813052465,0.2523546604382858,0.2681730586325166,0.2888947213118698,0.2421746689869479,0.2441104534275773,0.2404004598027853,0.2535042974875843,0.3201684604502368,0.2897509065308554,0.2460364976255995,0.240381011230653,0.2436241865122461,0.2901419293587821,0.2782725630980636,0.2623837557072725,0.2700412942901025,0.2702498592383442,0.2658620139242913,0.2699454874461828,0.2711619900040247,0.2709495573596001,0.2650605409935096,0.3250451376168648,0.5058354608023734,0.3539510347692989,0.2954140287277411,0.3210694736672863,0.2739324767067295,0.2691070432891251,0.3662720645973074,0.288716666594226,0.2890803129248027,0.2868465853230475,0.283611061777826,0.2959219233573193,0.2942280631838514,0.2841855222904499,0.2898547537420484,0.2710489628305552,0.2958438782036054,0.3023916164918319,0.3140214011646449,0.2911122700295721,0.2975452992499825,0.2944199500969873,0.2864249333867619,0.291741227165037,0.2980197467279666,0.1033363909576863,0.0636315976709518,0.0639872093618016,0.0555868907130054,0.0639952739201916,0.0673799313162923,0.0597500876756775,0.0617138518143924,0.0636153652834536,0.2477062532575331,0.200781732381067,0.0578219470017842,0.0562755734268627,0.0630626673751777,0.0719525693069691,0.0592319203704363,0.0584010970077173,0.0,0.2522477470072743,0.2604748066828755,0.2639695252061536,0.327576906625147,0.301622068862823,0.2785299132114431,0.2582839846380089,0.2815002615800175,0.2541690291172322,0.2992595507292215,0.2660671042553311,0.255844890572849,0.2393597100747584,0.2470015667059542,0.2432120062031657,0.3296387880268412,0.2946117038244367,0.2706736654822705,0.2340255174084688,0.2604589940535469,0.2527781105879008,0.2748619341527032,0.2623009706584049,0.2537436220683631,0.2344351286351695,0.2628102467685593,0.2407009156089685,0.2833484128314936,0.2504385888260003,0.2486586581605117,0.2249986782483546,0.249594180986044,0.2299330060996602,0.281927508673796,0.2434681194285204,0.263641219088246
327059_10_consensus.txt,0.2810145380698685,0.2962995025192398,0.3055415651035567,0.2800342472025221,0.301475433622862,0.323393228898869,0.2749774259754574,0.320724414543033,0.3095036735867396,0.2990631918414514,0.2944652989913692,0.3274866021809934,0.2949751596595718,0.3105181451930576,0.3049276925700681,0.2784348532142999,0.2984005757029138,0.3136937583023211,0.2199861025622418,0.2094061065971786,0.2209333489455751,0.2167182695098404,0.2133797702453392,0.2234622876479761,0.2155238204965464,0.2050264447831615,0.2170646202168953,0.2191875059832959,0.2146315415808999,0.2169938640346558,0.2163743079128721,0.205060665623769,0.2077746625065621,0.215486168207164,0.2113545197994071,0.2175428148779801,0.3048120949169011,0.3118644205291261,0.3257722137188281,0.3606099945570236,0.3311388658927825,0.3419929630359988,0.2997649686184331,0.3011727752967452,0.3185032180129283,0.3642965249928274,0.3443094781450746,0.3393408582952872,0.3260716502310998,0.3343001223266633,0.3360957670796907,0.3610518328779157,0.341535824931249,0.3363170290557384,0.1735502254986265,0.1654759539252523,0.1629652164733634,0.1647733400050128,0.1629726673839115,0.1620615103033529,0.1741425536805749,0.1650696679551799,0.1617696433586815,0.1643402299848304,0.1629713201686975,0.1632877516463473,0.1751796072435638,0.1644048255035706,0.1637613454140698,0.1628419081130552,0.1618125191527966,0.162754909886857,0.2236887013032316,0.2496279325134303,0.2512537324736392,0.2167301457785129,0.2053317543517856,0.2147779740154156,0.2174045316799642,0.2267334741380544,0.2452847721838935,0.2064151961548219,0.2005197858918812,0.1991362269969627,0.2241048285036768,0.2639647962196889,0.2431470379689599,0.1995171073244002,0.1985902462030502,0.2127809031124705,0.2582511459287246,0.2538686581513012,0.2353756454451065,0.2542057404643429,0.2538060284641616,0.2511961955120938,0.2471044941650255,0.2504845049372548,0.2520576926642661,0.2579603704649749,0.3246785240163454,0.4941591878661739,0.3475277783808508,0.2929642199261231,0.3139805167888809,0.2528123285825785,0.2495046335931263,0.3403023106276208,0.2498483810548322,0.255070761156329,0.2501021207691778,0.2447230387796395,0.2552726467935464,0.2534224417341875,0.2415788923330097,0.2460331743602104,0.2375299188110133,0.2643963892243377,0.2713777268700283,0.2827845000169837,0.2540387875644292,0.2600109878409107,0.2583647671575271,0.2487303464393981,0.2532396379421016,0.2632818390453764,0.2695504783893376,0.2436075458154469,0.2377753760469438,0.2316329905179337,0.2339544042110155,0.2355421790567895,0.2328700107761534,0.2339810868793037,0.2078501143004025,0.3432373126910981,0.3592820941133503,0.2372292846626535,0.2287240154783845,0.2379542107757899,0.2475453701843619,0.2337110419922865,0.245346306996474,0.2522477470072743,0.0,0.0304680996456738,0.0322440477945384,0.0765635092489489,0.0530931716941864,0.0388772436615063,0.0329655669982642,0.0424676192940651,0.0357051210544696,0.060661506971325,0.0395473327518978,0.0317165264078518,0.0357733861096889,0.0313754251364883,0.0317175480618523,0.0795781291186514,0.0524587461159136,0.034358513073684,0.2358968091347293,0.2558831639264411,0.2523681475990074,0.2675023148701463,0.26950938669302,0.2508029284624733,0.2345180748161297,0.2627795138545359,0.2499935014722254,0.2723072393677199,0.2593475168129835,0.244268504813661,0.2307073764483718,0.2543711434915394,0.2342107634168968,0.2708170502873948,0.2452977039034785,0.2588116294042955
327059_11_consensus.txt,0.2895947816189661,0.3074939744409874,0.3186311305884111,0.290392010454287,0.3148320481109969,0.3366047117568804,0.2841493255341945,0.3320535231219494,0.3219806848805326,0.308983883948656,0.3063223094742113,0.3392558022220378,0.3033526418747101,0.3212285813776923,0.3199889208424196,0.2889758231654973,0.3100436824245349,0.3259244259473846,0.2284852557315417,0.2148464972169499,0.2306518049038644,0.2172781154143983,0.2187035471013274,0.2310206763614672,0.2241958713716201,0.2118858288280627,0.2270418864278056,0.2182148339940681,0.218117827597652,0.2218623326323978,0.2232389439213271,0.2099580705440402,0.2158352744438652,0.2159797137457673,0.2168966798984257,0.222653943867396,0.3075769870519558,0.314218281650934,0.3264954365105623,0.3565573279589458,0.3308098779684272,0.3410124958353506,0.3031991644960712,0.3038415943752248,0.3205245579809599,0.3598257555820048,0.3422817748389981,0.3377635243513595,0.3268456224903531,0.3345631860890279,0.3356599107777889,0.3580365514270269,0.3410594597884362,0.3365446102846476,0.1833114697580313,0.172615097524428,0.1707793013254281,0.1676239028636885,0.1671130029773593,0.1676433076893673,0.1841723832037303,0.1728014971205524,0.1706132680071803,0.1674924241842319,0.1662963057227457,0.1696186268650592,0.1857058087544842,0.1715935026217643,0.1720318594956076,0.1652975598507566,0.1652902209438131,0.1684853808180051,0.2354758504524632,0.2617266193779528,0.2700640781870014,0.2230845112000459,0.2124563820689609,0.2265677409193927,0.2294876989964258,0.23932743266759,0.2570306420410233,0.2126854379951339,0.2057258856477979,0.2065424339189405,0.2364996775336507,0.2785743789097417,0.2562451709994384,0.2048317338506322,0.203623434937711,0.223390676162559,0.2742143065454776,0.2662360463789213,0.2489853202333662,0.2643713370841887,0.2645244874223635,0.2634780987880205,0.2613975064580707,0.2621267206384559,0.2641237172693707,0.273356413275831,0.3438824758323164,0.5153704767912295,0.3694821294574986,0.3106537958978492,0.3333977609307084,0.2642837773967592,0.2625595151432733,0.362660232084746,0.2533903850973082,0.2576973477364106,0.2539950248416005,0.2513406055820013,0.2579500654077868,0.2550853776841002,0.2454723940936389,0.2491524002758041,0.2423850221963697,0.2696984959016397,0.27342688861021,0.2843060733250482,0.2575399832034684,0.2619132853002099,0.2626316864424893,0.2552237161258368,0.2548023731208708,0.2650802322264205,0.2758218101216734,0.2522119943167631,0.2468804913171851,0.2425138048976656,0.2427314158275209,0.2445299994904743,0.2410249473886594,0.2441106644390238,0.2156597045643771,0.3466070699997097,0.3659145738487339,0.2459625995247947,0.2348632952760709,0.2475480085558814,0.2574291251144878,0.2419208131268817,0.2545549894725916,0.2604748066828755,0.0304680996456738,0.0,0.0263315424696592,0.059212489722654,0.0389979838054586,0.0295053543781875,0.0338697911808481,0.0334370107936159,0.0309129222433561,0.0441280072067904,0.0280948456961951,0.0251190015169058,0.0385035405941387,0.0261494418886805,0.0294099213220135,0.0606406119546782,0.0378144242581157,0.0268965546323336,0.2364888114418839,0.2567376337430325,0.2500101794134153,0.2579198920919197,0.2762016599310755,0.2470672609366282,0.2374992906901667,0.2682288963205437,0.2559115313127051,0.2631417340894089,0.264871382451485,0.2406743061596756,0.2347402715616944,0.2595210901208844,0.2369181044925454,0.261279520484873,0.2492159176957109,0.2536813417543726
327059_12_consensus.txt,0.3013750498249692,0.3201757206219398,0.3307345736239,0.3021495498606832,0.3270108978128689,0.3486532249759335,0.2955445612322833,0.3432717550009272,0.3330458372671252,0.3207284871326905,0.3172693722880169,0.3517913657928311,0.3118736051597501,0.3300503939345311,0.3284477126601572,0.3008139284399647,0.3225460401062108,0.3379480039570275,0.2280448283593372,0.2151242018930332,0.229374217374886,0.2176278165480383,0.2196198174212895,0.2292721054890307,0.2229029847921708,0.2119047507197606,0.2261520337888392,0.2185180155746806,0.217462309389063,0.2211874067635086,0.2223597669632475,0.2098792507880382,0.2156936129501794,0.217019512017444,0.2173946234212032,0.2232828886709619,0.3129043738104471,0.3197298777186219,0.3326927945693541,0.3629001926801898,0.3363470998301778,0.3465763734890643,0.3085938573088569,0.3090398542024672,0.3258515920905012,0.36590715177433,0.3477436041607049,0.3434387646028227,0.3323388722007934,0.3397688795441027,0.3410192600191806,0.3644716337002442,0.3465029989972308,0.3427715198219481,0.1906068828686535,0.1805935556744629,0.1796248142612313,0.1760445792779847,0.1760542828037294,0.175952158987819,0.1918661901917921,0.1799503952839956,0.1776279864710126,0.1758295094491693,0.1735685216403375,0.1765610348119075,0.1930916004158085,0.179380106364178,0.1813182898610215,0.1741128202802144,0.173894232323974,0.176729700889858,0.2422471907339662,0.2662854428376064,0.2764595540818497,0.2305477516193654,0.2206110463158239,0.2324063538526708,0.2355391292420741,0.2463647892645397,0.2637071144069018,0.2206926517507206,0.2123523874272486,0.2151988391021007,0.2411961319836066,0.2848400949795682,0.2621355570194019,0.2136272497432578,0.2132576572446787,0.2310563543810566,0.2860316821863264,0.2805755662352531,0.2605604004949242,0.2788856782562128,0.2784797487307315,0.277038022126252,0.2734989784238664,0.2759722922536518,0.2779690124414493,0.2857347839115505,0.3591331959880612,0.5339862997495786,0.3848722522024523,0.3245933329878454,0.3479123225962439,0.2784284435545388,0.2761932961488327,0.3748720026654872,0.2629289956348515,0.2683252170478596,0.2632596633650514,0.2595088406145507,0.2680931165815252,0.2651633451290074,0.2549847661637727,0.2584836045953196,0.2500785147643611,0.2790370024214681,0.2839435727251747,0.2947285434141342,0.2676873570126474,0.2722892259553333,0.2730084304973381,0.2644079027912731,0.2642775297248718,0.2748173971327183,0.2836731034696491,0.2552219957830814,0.2488389301217424,0.2470830536129895,0.245679228865157,0.2477110379773215,0.245614192784572,0.249004190618475,0.2171781078921846,0.3554218773687481,0.3726044744304317,0.2502625154643141,0.2408151725295866,0.2496244688909676,0.2583414546981863,0.2449390663251733,0.2583686925816373,0.2639695252061536,0.0322440477945384,0.0263315424696592,0.0,0.055615319108444,0.0374438133221772,0.0287615987388534,0.0324308260348544,0.0314654022454305,0.0282028427831129,0.0431494791929907,0.0297088159044029,0.0276912098199417,0.0410556809610938,0.0286260172633348,0.0307324608892898,0.0569960057320706,0.037291821748969,0.0273937811225124,0.2437608951384327,0.2643711209168238,0.2569686346928321,0.2661030842173133,0.2839719794761244,0.2547345452470573,0.2432863015464583,0.2743056949275768,0.2622124507313614,0.2692350286290974,0.2739498314988822,0.2473931714914883,0.242222679773171,0.2656389758649737,0.2435148301283973,0.2683685575357231,0.2551785460409093,0.2604442933090567
327059_13_consensus.txt,0.3987854701686082,0.4292356477762133,0.4475020136801291,0.4042387022088967,0.441067475161411,0.4612122695245482,0.3903707942303249,0.4491424676762356,0.4452834589748384,0.4215059046393783,0.4220906438144567,0.4621791790169709,0.3895287829517713,0.4208839748704704,0.4318285281883014,0.4023336262941015,0.4319543575475286,0.4468754653473752,0.278545341898134,0.2627308773677512,0.2827239005274471,0.2487950949245814,0.2663161681984221,0.2766071029783781,0.2771949699949942,0.2624291961415395,0.281416617848258,0.2413436153895602,0.2552496406372881,0.2645968789529931,0.2672770876393961,0.255234298018312,0.2675805483855029,0.2476549032701278,0.2666643564477979,0.2697833437837218,0.3642366405617849,0.3709025542011126,0.3788389804292222,0.3916577278610837,0.3762909272790224,0.3862522818371765,0.3617079122315907,0.3611171328106053,0.3720311945576355,0.3899554379378926,0.3830533110668206,0.3760377651600066,0.3754405607575357,0.3817552313310699,0.3765946127732675,0.3946053268648271,0.3836598015995918,0.3834549791948518,0.2836949752513966,0.268309675656539,0.2746820239702714,0.2506982284491599,0.2525753335996441,0.2583519514201562,0.2871001902101717,0.2624589871075393,0.2665087189787058,0.247736072971147,0.2456276231305594,0.2549596308001938,0.2902497331798663,0.2655341043202099,0.2766261859927397,0.2469333932714441,0.2484354625953777,0.2580141708818004,0.3324634541940483,0.3496662663585645,0.3843677355712493,0.2995354468425937,0.2933778900333301,0.3181117042166725,0.3235167482005607,0.3360648313961789,0.3540486249365422,0.2946343755754874,0.2768481954134465,0.2932673772465577,0.3194342059623025,0.3818793154195283,0.3532000089966871,0.2885389125227142,0.2867948895225218,0.3134261282477091,0.4331347087655359,0.4216497270434871,0.3936527619601158,0.4107845309850795,0.4130302403192196,0.4125826479840739,0.4139811717712796,0.4101617832937307,0.4165010204461552,0.4270973367281598,0.5268520309005709,0.7245182883607377,0.562814528055327,0.4791033692717938,0.5132926774271382,0.4132375150204801,0.4155249072102229,0.5476635565477075,0.3500630514382266,0.3540988735036308,0.348350211744453,0.351869852867587,0.3531359931105697,0.3445652464155806,0.3423644191887582,0.3408038202327752,0.3333212864346215,0.372537259860497,0.36608302647344,0.375878747268132,0.3538520210896934,0.3527752433817994,0.3652675723855267,0.3570020205666999,0.3449054522748014,0.3546648594981647,0.3623381667789118,0.3142272799549381,0.3086149439793075,0.3224255077521256,0.3082167574274415,0.3099638398219362,0.3192836513921762,0.3273608240148533,0.2754224662184441,0.4362856706494042,0.4475063611497241,0.3164052819382661,0.3091523393012423,0.3094614820973902,0.3168022910197337,0.3026820375326551,0.324139299860235,0.327576906625147,0.0765635092489489,0.059212489722654,0.055615319108444,0.0,0.0275311150563908,0.0409388215558585,0.0710133821055905,0.0394950811386678,0.0503501035634599,0.0244273862281687,0.0418444003512306,0.0592090241480853,0.103440912852033,0.0645634985712391,0.0752481658960526,0.0213210062725082,0.0280513876240178,0.047177910471305,0.2962016275737262,0.3273200515828023,0.3044600122431369,0.2869587342710069,0.3671074500093212,0.2964443842648592,0.3056786056478238,0.3423428538301749,0.3354409562930662,0.2846692376411717,0.3541210087984865,0.2875274634856808,0.3094933142006937,0.3417895693266217,0.3024751851122538,0.2864790589978554,0.3257393369930881,0.2937877558423309
327059_14_consensus.txt,0.3573514741086114,0.383342187605237,0.3998433892248982,0.3615655635115651,0.3935303539002746,0.4141942519009447,0.3511828414315303,0.4052750162822427,0.3991827821885927,0.3787594046299958,0.3789375631569527,0.4158623947694302,0.3584448014218537,0.3837272738811847,0.3901978278712121,0.3605971934012508,0.3859675482148716,0.401794297947653,0.2643390663912726,0.2489905108207288,0.2674684736289059,0.2419952434634957,0.2532722658750828,0.2640720466108988,0.2616123229203246,0.2475917663037847,0.2653434745622718,0.2379819726223502,0.2460509495189775,0.2534248187930394,0.2555317513320574,0.2428876820424577,0.2525447402302703,0.2408497982837758,0.2525367202431567,0.2566844107336727,0.3460184883352468,0.3521669677572348,0.3622156983984901,0.3821309442151914,0.3625394013878136,0.3720396658983276,0.3424708355559041,0.3430760620653004,0.3554550571196877,0.3824231800888888,0.3713843433341353,0.3653029406663322,0.3607776240673601,0.3675534170014067,0.3646071738439005,0.384101139867024,0.3711560641697318,0.3687665568663405,0.24951479329426,0.2358095273993541,0.2377788963453184,0.2230476588227148,0.2234429556417012,0.2276657263077517,0.2516787061279331,0.2322173976596424,0.2332875429044918,0.2218229969921807,0.2196505050805903,0.2264633731561254,0.2539684294924775,0.232931997444453,0.2400629775669394,0.2201623061885662,0.2207388296712302,0.2278613331433447,0.2993579758460711,0.3202628391037656,0.3432237626532597,0.2752213471013576,0.2667136996722483,0.2860938957660721,0.2909735260060344,0.3016964058078244,0.320223378701673,0.2670786383003687,0.2536429967934985,0.2638361965554949,0.2911595821471024,0.3450990586945508,0.3187198938436815,0.2609382336680959,0.2594673174265587,0.2821990377145695,0.3715097190195351,0.3613854408221293,0.3376081862046973,0.3543833460877081,0.3555973240297057,0.3545307813830689,0.3550986789734729,0.3529531991507184,0.3573369061013451,0.3677124693501987,0.4555237316465579,0.6427087524877919,0.4869885266192675,0.4136433490464064,0.4434418282701422,0.3553339746037736,0.3562305753384542,0.4743891930273278,0.3132717488604655,0.3180807867596869,0.3127702084577208,0.313331992885999,0.3170566118970868,0.3109459984953346,0.3059013348648491,0.3061939154590263,0.298896671393706,0.3341986190829331,0.3307896756412347,0.3413708295971638,0.3171262014315203,0.3179742659684663,0.325850253314929,0.3187699253487395,0.3112729028662784,0.321536624640359,0.3302103077047569,0.2914383211674298,0.2859987372091233,0.2922249013456621,0.2832664104446074,0.2852430156118544,0.2890557242424627,0.2952126432638984,0.2529128165937528,0.4005614116474376,0.416594524622969,0.2900396917948598,0.2818026271220901,0.2870609326792248,0.2950087451231091,0.2806132080315713,0.2981876282669233,0.301622068862823,0.0530931716941864,0.0389979838054586,0.0374438133221772,0.0275311150563908,0.0,0.0283595400783234,0.0492471675951513,0.0286941343255051,0.0361602832833689,0.0250019500860005,0.0283806780840798,0.0395236955079241,0.0720692837788732,0.0434034564292566,0.0516243220556518,0.0284036227700852,0.0220582586306221,0.0315025271436901,0.2757133478328981,0.3034072537540879,0.2863068901901044,0.2787642943938841,0.3346534460245536,0.2794489281574996,0.28125013326067,0.3147165820810009,0.3069388989435069,0.2790706393848587,0.3204817731285345,0.2724871337427359,0.2827038676402402,0.3122948171021953,0.2796703758323211,0.2793430890759296,0.298501742285282,0.2808062516220388
327059_15_consensus.txt,0.3248638630100338,0.3469230590984438,0.3597335742334344,0.3271506406914035,0.3557773602845699,0.3765953269406878,0.3188255244373934,0.3692608721093542,0.3608926443300184,0.3450823428547203,0.3430922220879289,0.3792655330080094,0.3307610980824549,0.3525554413636271,0.3536271583170283,0.3258203318734374,0.3484592713800509,0.364479945497365,0.2414066268358006,0.2282586971068561,0.2442355215503724,0.2267014279413892,0.2319775013455292,0.2425474476335978,0.2385290988659179,0.2255143318514072,0.2414414993701399,0.2259341911023042,0.2285117697258449,0.2334669036733814,0.2349046509836085,0.2229009198746716,0.2297756475459493,0.2254323957329091,0.2304017434163476,0.2358137738117136,0.3269887140959255,0.3339764052571858,0.3451125325729904,0.3711826804910707,0.3478249424373452,0.3575250639807805,0.3230922039182147,0.3232749001467994,0.3387655746075211,0.3732383417327085,0.3580869668647288,0.3528099298306735,0.3443439162081034,0.3515091934656205,0.3509733952648695,0.3726379784337013,0.3571491157294986,0.3537594516112818,0.2159744582915372,0.204416367961528,0.2046586052045,0.1971424966279968,0.1958728316372386,0.1979592228710416,0.2177499300705747,0.202356605118986,0.2009434426126546,0.1960779390449403,0.1934183093956107,0.1979769801275424,0.2193722000645976,0.2024094820283437,0.2053373309986526,0.194594696508723,0.1938295192995269,0.1979850779438656,0.2654194814757744,0.2878557243349284,0.3042804955799134,0.2481419292298063,0.2383205914349631,0.2539344652549928,0.2573190728899241,0.2686394418762283,0.2862817576821364,0.23961998979712,0.2279545414133252,0.2339261573675557,0.261390569340957,0.3093788562109587,0.2847922245931684,0.2329470374151618,0.2315936271224146,0.2518168399105391,0.322333282482603,0.3147490040037866,0.2931825921146789,0.3116031622403596,0.3119088186514176,0.3106072899131398,0.3080153122496512,0.3084947649218534,0.3122012754332814,0.3216916814629549,0.4007217352461367,0.5811231253089559,0.4293818708902179,0.3631721351084707,0.3897126545800802,0.3117074873831598,0.310133497119299,0.4172636207932783,0.2818844289578806,0.2869821258180245,0.2821612293515088,0.2805454709667927,0.2863583687371012,0.2823366845636457,0.2742478122021374,0.2764571776063391,0.2687828811264694,0.3007790773369763,0.3016671036364755,0.3123316690842976,0.2862744469216665,0.2891251955121454,0.2931282910816826,0.2854361790345834,0.2818111588559837,0.2917172213222549,0.3014273139049592,0.2683866189574075,0.2620653293656083,0.2643828214586179,0.2591855642141745,0.2613419802332828,0.2621389551395303,0.2660922162751262,0.2301818358224068,0.371785646639907,0.3897012081366533,0.2651914033347466,0.2566623668354744,0.2632644393218228,0.2717960691476264,0.2585609727417797,0.2736601531934965,0.2785299132114431,0.0388772436615063,0.0295053543781875,0.0287615987388534,0.0409388215558585,0.0283595400783234,0.0,0.0358776250749883,0.0270406990691043,0.0298902189834713,0.0338540465718821,0.0277035145867259,0.0293321353893105,0.0520447770484508,0.0328990451436688,0.0376205639117408,0.0425053914752417,0.0297818447744759,0.0246522256541936,0.256674827351631,0.2807923325146859,0.2703299769082967,0.2713259023750609,0.3054198702425879,0.2650143144836221,0.2597506467387376,0.2921943582873929,0.2819188402869841,0.2733065178535092,0.2949107172170251,0.2573055138576485,0.2599210981151962,0.286815635116195,0.2587883765795844,0.2726830257542723,0.2751607996702354,0.2686056515173867
327059_16_consensus.txt,0.2949024112590557,0.3107102664267778,0.3199637145130367,0.2943399426941937,0.3165074544669046,0.3386240005332439,0.2886388149368812,0.3339538549178158,0.3225955348105458,0.3134175591843409,0.3082601741445927,0.3429029560753562,0.3060273231485837,0.3210353688489675,0.3165177332418452,0.2923418757328662,0.312829159256939,0.3285988815480394,0.2210697731960174,0.2099169732635175,0.2206492326495848,0.2160129960446042,0.2139748762891073,0.2234304755094633,0.2156855602161869,0.2057040809652441,0.2178575512912033,0.2186020059484192,0.2136403355612941,0.2168891671154043,0.2159627014849263,0.2062299066497317,0.2085495173950455,0.2153010459443152,0.2118226912925997,0.2177010434026733,0.3104400439114663,0.3172848899996268,0.3315213579129334,0.3646560421841478,0.3360912644793785,0.3464733011384737,0.305471843909185,0.3066985679720062,0.323865044589585,0.3679991331127148,0.3493201575479858,0.344005468836059,0.331164029852129,0.3393811209884987,0.3409766788221553,0.3655575510966287,0.3463145107608874,0.3416730054966379,0.181287959037018,0.1735303345631322,0.1721347332176463,0.1724442336164955,0.1711468072805786,0.1705285727247485,0.1823254029827694,0.1732495360925909,0.1693913622952578,0.1715391666723107,0.1695410761483593,0.1701964090925294,0.183632553004589,0.1721951698317561,0.1721161900977463,0.1704352924067897,0.1694462932820037,0.1712109345456056,0.2304570760051021,0.2535613958459883,0.2606724832673635,0.2221603961059948,0.2112277500885291,0.2203632213368678,0.2229548228878499,0.2329242987287116,0.2504326522722948,0.2130877078609359,0.2056227009615838,0.2061495689767518,0.228986963638782,0.2706396073506454,0.2490759375463085,0.206049780714757,0.2046049936581511,0.2201887929967121,0.2728356197483563,0.2702228193508595,0.249957076490169,0.2707693329444218,0.2700954875167731,0.2672435405658149,0.2618942515873321,0.2667283671990006,0.2682624619720855,0.2740008519652512,0.3448261809846826,0.518060556649349,0.367718300476703,0.3109787887183941,0.3335120272396281,0.2688558973944666,0.2655028520979066,0.3579163229685953,0.2589054955854948,0.2645415211818864,0.2584104767144453,0.2533322082103808,0.2640913143127932,0.2627062107428841,0.2498673913922076,0.2555412618177435,0.2453248506708938,0.2736984900130537,0.2806414458650721,0.2922715677006948,0.2629095622138351,0.2692373783651973,0.2688186308305056,0.2585692003590267,0.2615085069149536,0.2718684535473414,0.2782684362675844,0.2485266548263709,0.2414322549969441,0.2391595071717454,0.238748977367404,0.2394652106285164,0.2400275433860521,0.2412991944461602,0.210226518162635,0.3517419316873713,0.366994118946554,0.2435438157503533,0.2361564447752293,0.2434931021518664,0.2501375747183729,0.2386578407612098,0.2522782185723891,0.2582839846380089,0.0329655669982642,0.0338697911808481,0.0324308260348544,0.0710133821055905,0.0492471675951513,0.0358776250749883,0.0,0.0387257917465717,0.0345937323467708,0.0571237901847112,0.0407634267987013,0.0334309786201174,0.0397433972984764,0.0340705842223059,0.0355335367854365,0.0726310363909483,0.049598760162695,0.0348687562604546,0.2427523280207495,0.2627761650861444,0.2579998244121171,0.2710057791845415,0.2765113370932823,0.2548790742410673,0.2405685036407341,0.2682883838393799,0.2554172715748493,0.2743152659505981,0.2670903365931423,0.2480456883715902,0.2384386986817013,0.2602111544334029,0.2404078193515104,0.2738210263889158,0.2520290732459394,0.2619130987143805
327059_17_consensus.txt,0.3349285743524639,0.3572128281510309,0.3698982289610271,0.3363821339636956,0.3648531005541358,0.386329321626043,0.327729256398662,0.378687781073296,0.3703611681594694,0.3546818809313379,0.3518309312196273,0.3894509174951501,0.3368644981234894,0.3585884655564442,0.3595334983023441,0.3350306299361349,0.3581751900425658,0.374594516047118,0.2394982240015153,0.2274282220073402,0.2426569695756271,0.2263147766707334,0.2323104454481779,0.2406785749926072,0.2373387910231557,0.224932983160091,0.2393630283567418,0.2251602047685921,0.2268506112513293,0.2323143906417648,0.2336797757127122,0.2223757824964423,0.2288621242666124,0.2249359710451521,0.2303081153672508,0.2355222809011721,0.3290161105554468,0.3359394821824004,0.3470893984811454,0.3726032775456502,0.3492740052261425,0.3587508527748611,0.3251673472632284,0.3256690421125192,0.3397432017255148,0.3737183876548968,0.3597412800610797,0.353598598661069,0.3455898573176483,0.3529886704705127,0.351933368623051,0.3741377976366955,0.3582595605486034,0.3553668538280732,0.2230591163676578,0.2119252782004679,0.2130278141579253,0.2047516634090413,0.2039666382476426,0.2056678057677814,0.2252891630796654,0.2091868054657233,0.2084159092091546,0.2032133208379321,0.1999015248017777,0.2044080222923412,0.2274179291849805,0.2097858863080404,0.214741568480413,0.202151405323562,0.2015888666717558,0.2061329522803454,0.2687654724407657,0.290641985859601,0.3077557825742651,0.2509290416571303,0.2418185042089895,0.2567686451718138,0.2613467635966415,0.2724376064480793,0.2895205469704116,0.2435469831651744,0.2311621964878867,0.2386855042484796,0.2630450369157486,0.3132311454243748,0.2873525403931474,0.2376197306606187,0.2362291516848031,0.2547495489276237,0.338570202201673,0.3332818072814163,0.3094735597016829,0.3295696304910613,0.3304554685234251,0.3279645033416436,0.3251367056445744,0.3265362633600546,0.3302826458184746,0.3379906742374032,0.4210539724157165,0.6057272434634484,0.4492413425902875,0.3816762287957793,0.4088242096146857,0.3299282095926727,0.3275492845986996,0.4366489592665346,0.2936781850654597,0.2994990166926961,0.2920445350156662,0.2908196065927413,0.2980512847545746,0.2939556210987071,0.2852962563135541,0.2876252094479419,0.2786773163768252,0.3121352082001962,0.3137673224247166,0.3245930129948249,0.2986137114421687,0.3017062092192617,0.3061408411035557,0.2962488890982655,0.2937876169131321,0.3034968714442385,0.3096130746664123,0.2704076651092251,0.2637793196680107,0.2689187023825141,0.2623957669542847,0.2641426379653246,0.2674120482170501,0.2712471588868155,0.2315434364389403,0.3823353008863819,0.3936624622108624,0.2676026096093373,0.2617053069165855,0.2647121460118775,0.2721697235503413,0.2603570997011459,0.2769394196075296,0.2815002615800175,0.0424676192940651,0.0334370107936159,0.0314654022454305,0.0394950811386678,0.0286941343255051,0.0270406990691043,0.0387257917465717,0.0,0.0305669459004036,0.033931112699264,0.0311688299516923,0.0339244688160178,0.058386275890097,0.0358142878854224,0.0428113870791406,0.0405015299074342,0.0291874887562464,0.0289443195175564,0.2619805615236288,0.2863396473879831,0.2743795260379329,0.2749245394277828,0.3123484142722077,0.2696169773397869,0.2643878289585792,0.2974310756929625,0.2860744324635718,0.275625830159008,0.3008400471442201,0.2615031239294296,0.2644333406700561,0.2913916486465133,0.2639220167498415,0.2762518732531269,0.2804532655502534,0.2721117481812243
327059_18_consensus.txt,0.3112283132500621,0.3322193873603396,0.3430775212605788,0.3126076894396838,0.3386119566398697,0.3609031565591323,0.3049759154403162,0.3543110510098586,0.3438345457990124,0.3320237928247351,0.3272787485931729,0.3640396003933475,0.3168925915931062,0.335857190949671,0.3347161119486905,0.3111512584865181,0.3327987725705199,0.3498480723729642,0.2124413937047755,0.200022473647266,0.2141424927538473,0.2008457322747219,0.2045109293058047,0.2137501267601038,0.2088329382670792,0.1973807320891651,0.2117093057728389,0.1998935064731348,0.2003937330833984,0.205692709101612,0.2059473507351477,0.1950540603281929,0.2015594989903242,0.1997945736388331,0.2022051199428176,0.2077262480428778,0.3108035009921259,0.3176763686510284,0.3288956527867448,0.357768117744996,0.3325598469097706,0.3424000503602435,0.3058276806679352,0.3067275314191491,0.3218386707695693,0.360230151887869,0.3439450272794033,0.3377804227327559,0.3279917802396213,0.3357741808203229,0.3356175578922844,0.3599061973817292,0.342019546682252,0.3384823769732996,0.1909475819957578,0.1811411404995766,0.1819927714665397,0.1762547002078278,0.1750189810126521,0.1756609093889736,0.1925301399743482,0.1784796692816463,0.1776488740725881,0.1741440202218385,0.1711613995972598,0.1751148542815173,0.1943413151047899,0.179159379479163,0.1834386616841108,0.1731296303278497,0.1722932438445568,0.1761648063192105,0.2414427555485012,0.2624703727591893,0.2769556201266532,0.226926279964541,0.2168690309894358,0.230628307375948,0.2333218259610454,0.2440746755308467,0.2631036109255511,0.2189664362409757,0.2088610209771815,0.2132910306686248,0.2367823522068022,0.2845075594275918,0.2612768976671908,0.2127852312002609,0.2119341246088097,0.2288367719859501,0.2972145229243779,0.2924161461221928,0.2691465394851136,0.2892627592263253,0.289338641184969,0.2873591367130146,0.284172335141065,0.286176361127616,0.2890506277225455,0.2968545182101501,0.3770313507548586,0.5588089844496658,0.4039008416167213,0.3385437414947922,0.3652463565618511,0.2892202184095609,0.286744014771223,0.3928948013948528,0.2628144219618704,0.2681775980778411,0.2621619048334409,0.2595974506495011,0.2669723288296524,0.263692881421413,0.2540069355850995,0.2573684946863608,0.2488395332621493,0.2804897387793126,0.2832620464825126,0.294022268001175,0.2670777010434797,0.271398980352874,0.2744215786733051,0.264417695650593,0.2626202254034879,0.2737817532623694,0.2800989773635436,0.2435071411330938,0.2373020248308286,0.2399830922923769,0.2362466301180177,0.2374975225138413,0.2398173834880843,0.2437996045585144,0.2077582482294815,0.3570152873576049,0.3661603747578859,0.2403992240057846,0.2338004877944968,0.238058479094839,0.2449201097257791,0.2336032798456102,0.2486432221916565,0.2541690291172322,0.0357051210544696,0.0309129222433561,0.0282028427831129,0.0503501035634599,0.0361602832833689,0.0298902189834713,0.0345937323467708,0.0305669459004036,0.0,0.0409351013656333,0.0309959152977512,0.0309794334516766,0.0476538780358701,0.0311962433136585,0.0337130048332987,0.0519898669391878,0.0352773875485397,0.0298070274209969,0.2266385286624554,0.2496657579066337,0.2389839708184027,0.2428551112319255,0.2736405462848772,0.2346479173000055,0.2277624808187646,0.2595118872275748,0.248324190579563,0.2439572955389835,0.2622306763250357,0.2280018772750587,0.2275775680367573,0.2530153281246328,0.227276968442581,0.2452561900589138,0.2430543018237791,0.238698091972882
327059_1_consensus.txt,0.3589102043451539,0.3868775323709172,0.4043367126513146,0.3638751423198698,0.3989088567585099,0.4190384483877132,0.3520464757955892,0.4087233550097693,0.4032536690146138,0.3809312134144562,0.3828512352968616,0.4208772685734558,0.3583808069609979,0.3865718690062252,0.3952440086770679,0.3626587250628716,0.3904932050235281,0.4060079694854401,0.253412365967236,0.2371282115080646,0.2576860913259438,0.2257139106413177,0.2414162890420002,0.2528294942329054,0.2517889112929872,0.2367296402550707,0.256537911650625,0.2210403355312813,0.2320665672855142,0.2402608689953602,0.2435980708239036,0.23021486099206,0.2421198932650519,0.224790151845152,0.2406432751527027,0.2442485758783519,0.3331986122308166,0.3400807404818273,0.3479671517993417,0.363166405904348,0.3471769034294141,0.3571254987689691,0.3300677245124532,0.3305719862045819,0.3432497485819255,0.3629356121615714,0.3538978031041928,0.3484088634555782,0.3456759968409244,0.3531787888631612,0.3493159838787356,0.366256220984507,0.3555469597344505,0.354270953291973,0.2451675717034405,0.2296740064995113,0.2329026717588327,0.2130026870015058,0.2139999719636236,0.2196991717045975,0.2472476519142681,0.2257120836945176,0.2277885384804534,0.2109400715561307,0.2094196183264358,0.218480961520413,0.2503141604449688,0.2272405225944211,0.2351748424907214,0.2090905646881893,0.2107678460630637,0.2197306030997978,0.2979156277926122,0.3181620807702359,0.3462916948461796,0.2687690772605577,0.2617224122578854,0.2848236722955022,0.2905815307035482,0.3007535126458656,0.3201308421442626,0.2611176187964474,0.2465180593554947,0.2586994966597018,0.2893637464552085,0.3449288628359674,0.3191412040897248,0.2546573499203255,0.2527630319689784,0.2794391967449066,0.3791452341224932,0.3659108264498023,0.3422093290218804,0.3572735308792083,0.3588344906104623,0.3597584052752829,0.3607077917891033,0.3567982028271466,0.3620685474981897,0.3745955780047794,0.4668733188113876,0.6557922034863637,0.5017946754333842,0.423354529374695,0.4545650803313315,0.3587610742766607,0.3611530096805353,0.4875654294547509,0.3071540951471689,0.311153436293246,0.3070814729873916,0.3093200998070209,0.3095818264210237,0.3031167200929303,0.2996662089197599,0.2991015280099667,0.2933494077992087,0.3299240507832124,0.3233948481517288,0.3338934123882389,0.3103364103017583,0.3109227945844282,0.3198353356225638,0.3137968797477768,0.3035849292198342,0.3130905651690554,0.3256397651249045,0.2881187415252135,0.2841793191982766,0.291035036115808,0.2807094811770696,0.2838311051521103,0.2863335734511949,0.2947995873657127,0.2520003935804809,0.4002883207540151,0.4132827020999663,0.2866643968502878,0.276711874129198,0.2839906165550836,0.2937020510292392,0.2773996292860232,0.2955729302061911,0.2992595507292215,0.060661506971325,0.0441280072067904,0.0431494791929907,0.0244273862281687,0.0250019500860005,0.0338540465718821,0.0571237901847112,0.033931112699264,0.0409351013656333,0.0,0.0296951594658665,0.0443838867268233,0.0810487908099766,0.048570155452289,0.0574269734337491,0.0234688375426692,0.0248343118256464,0.0364903535955463,0.258926271221263,0.2888867026158479,0.2685952786900714,0.2543295331553743,0.3247314614654719,0.2617190817400896,0.2681500202851516,0.3034337777197393,0.2964607764270042,0.2548315853581755,0.3110449610340282,0.2523867459846016,0.2693412152526591,0.3001976556113384,0.2654663081771886,0.2545998033000316,0.286319544593649,0.2596714533412161
327059_2_consensus.txt,0.3129226228498822,0.3359341635365922,0.3501987170106346,0.3165221957916451,0.345405630986594,0.3670942283092486,0.3075923838531729,0.3600251045949925,0.3526669541645333,0.3343029808116178,0.3347785883185779,0.3701265931469777,0.3228645495585063,0.3455456792474507,0.3484073683151507,0.3147101493940099,0.3388118339268686,0.3548334747005555,0.2328822433512201,0.2176407320962496,0.2365235915126504,0.2129843060861098,0.221183467979749,0.2341097145988691,0.2297085649337482,0.2157024426856182,0.2339810809619678,0.2116586528835355,0.2166943141518587,0.2225016967068533,0.225082150962308,0.2116307531460322,0.2207056747122813,0.2121238252043902,0.2190287138858018,0.225621618404606,0.3138795206604534,0.3204752156966535,0.3309562822419174,0.3552794637233418,0.3336176953641256,0.3428801662575651,0.3103956911688001,0.3110920468747551,0.3254741544709851,0.3575844486571249,0.3431967540462182,0.3378037672818337,0.3304132225768441,0.3385461090260548,0.3368388712820014,0.3574796760386149,0.3427414106050932,0.3392581490601714,0.2039075014884765,0.1916414247082905,0.1910586204695228,0.1816734145929359,0.1815540137854583,0.1845187059003912,0.2060609354163212,0.1900720323742355,0.189678132473432,0.1810871118049419,0.1793782660093725,0.1855056501471068,0.2081330711623188,0.1895439407955841,0.1932678082437533,0.1788326122557464,0.1791737709109888,0.1843258744960785,0.2604903848319679,0.2844522820080435,0.3017306514500504,0.2414692086355074,0.231585488882672,0.2496474917300339,0.2544426831983521,0.2648202695370187,0.2827795991874815,0.2311559533710081,0.2219352942846093,0.2270042415623514,0.2573138285543166,0.3064441403019202,0.2825644671494629,0.2245648364083976,0.2228063797224031,0.2452195134697348,0.3107842977912654,0.2978466843019447,0.2790538785382566,0.2920607914273176,0.2926908372450754,0.2933131049104958,0.2928055173104056,0.2910135548604344,0.2943581475290457,0.305454970041243,0.3840194188996904,0.5625581631780463,0.4149988828941069,0.3468555869220537,0.3735997767784127,0.2926283866456778,0.293670569590116,0.4076201768784635,0.264112349252926,0.2678774477784742,0.265588237312695,0.264607192616765,0.2676631853179358,0.2626634842742135,0.2570561045616806,0.2582717394035683,0.2531671991766373,0.2830057157859151,0.2807457485278846,0.2915921952194757,0.2667771526217954,0.2692605015378788,0.2735518593186512,0.2691081490358655,0.2636351614667518,0.2725593873637599,0.2845464941322859,0.2583884562958118,0.2544074215605718,0.2524576070727633,0.2481919152398291,0.2521155737217029,0.2485985291298327,0.2537743061911683,0.2230532225583772,0.3564287069527481,0.3744309999117128,0.2531493743388751,0.2416193829965429,0.2535590790665232,0.2650842973997065,0.2475765195804271,0.2614865357031668,0.2660671042553311,0.0395473327518978,0.0280948456961951,0.0297088159044029,0.0418444003512306,0.0283806780840798,0.0277035145867259,0.0407634267987013,0.0311688299516923,0.0309959152977512,0.0296951594658665,0.0,0.0277229506722846,0.0509678834777922,0.030042317687311,0.0354197094446391,0.0430598072772632,0.026717960260111,0.0265174247326989,0.2350546057962823,0.2598007711723582,0.2463333359449464,0.2438876263355993,0.2859352625096925,0.2413283871398377,0.2394452732003635,0.2719634695767645,0.2636741382661043,0.2472079107075018,0.274895597838583,0.2344619309504736,0.2388062517154097,0.2667216262651806,0.237832986829872,0.2458985770081554,0.2536605940827741,0.2449486694768765
327059_3_consensus.txt,0.2923683666698906,0.3116453431916,0.3217878957211191,0.2945622877598239,0.3178262473000544,0.3404336862105026,0.2879059972067708,0.3359137652682449,0.326046604145116,0.3125079061009508,0.310968673445771,0.3434817919870561,0.3071682350448448,0.3249524638321759,0.3224212989553656,0.2926424492765562,0.3127084414999359,0.3301380968568956,0.2213245093333391,0.2075488006034227,0.2229934483917475,0.2106899602028171,0.2118335973049596,0.2233673974927725,0.2167606909875274,0.2054224793171535,0.2205872733503078,0.2130732136827333,0.2109773950065481,0.2145832512345933,0.2155400348120899,0.2034638091037699,0.2091171722716289,0.2097822136618319,0.2097142037131618,0.2150965478931894,0.306589551389159,0.3137667159458672,0.326532860846811,0.3566149365723383,0.330597124178567,0.3404124548533609,0.302245815607371,0.3032439878300472,0.3201249893970228,0.3600938241770244,0.3423518306745698,0.3373198779386186,0.3259652822950478,0.334298123453614,0.3350681414069356,0.3580522798589314,0.3407542469178608,0.3359387257973694,0.1858725082642003,0.176136655619512,0.1740566036018798,0.171241711473602,0.1701556216334765,0.1706651127584422,0.1875030667002484,0.176002836705031,0.1725077512784523,0.1707400313750042,0.1691294033207881,0.1728425690671216,0.1887310798924666,0.1745588196418523,0.174252167452181,0.1689888775892782,0.1684583943925304,0.1711265858990884,0.234904605658027,0.2596945208976109,0.270087894811283,0.2231628418647204,0.2128930714758823,0.2258853910973179,0.2287956344530108,0.2396753119337233,0.2585462865921464,0.2122775414601569,0.2057707777255757,0.2064379467001131,0.2348904303754402,0.2776657793832875,0.255114241310352,0.2061176949669665,0.2039921286894781,0.2227796117470539,0.2768855121374898,0.2684476195552712,0.2513756225725672,0.2673879525978293,0.2676639822174564,0.2667988089390434,0.2627771879909346,0.2650228851356893,0.2671713745739339,0.2759556630450852,0.3475336110247085,0.5190719791056679,0.3731290942687266,0.3139388576985382,0.3370192454976006,0.2666086755307546,0.2651275322016069,0.3656999114846861,0.2499404944050951,0.2541133155806783,0.2501966284545709,0.2473888873903362,0.2544075224909434,0.251354854083111,0.2416491796804116,0.2462310259845388,0.2389053126828244,0.2664798418703,0.2695674391291831,0.2812966551232776,0.2530110583556499,0.2595036251401872,0.2590235313627573,0.2511368356692927,0.25040013018317,0.2614837539473384,0.2744298386362587,0.2481429703408508,0.2437550729158317,0.2394655851816161,0.2398967945584615,0.2413024597456399,0.2383155766771452,0.2416337767013061,0.2124145665960526,0.3458496592866247,0.3630946872243008,0.24248454444065,0.2315248748831173,0.2432838332122564,0.2538287726712127,0.2391779764895929,0.2511409529777957,0.255844890572849,0.0317165264078518,0.0251190015169058,0.0276912098199417,0.0592090241480853,0.0395236955079241,0.0293321353893105,0.0334309786201174,0.0339244688160178,0.0309794334516766,0.0443838867268233,0.0277229506722846,0.0,0.0374568025618771,0.0255181808749433,0.0280491120757417,0.0614422946081347,0.0380119230296038,0.0266976022425957,0.2299388913402289,0.2518139567592783,0.2441969338637726,0.2511178950385719,0.2725759235515461,0.2410610627093561,0.23160266773424,0.2619077282213204,0.2497099030208254,0.2561142196433756,0.2600710212334327,0.2345267284653758,0.2292724014431044,0.2536339212432068,0.2311723915931978,0.2544083280021283,0.2438520372227053,0.2479412665299385
327059_4_consensus.txt,0.2645246314304472,0.2763959617034146,0.2827138321167055,0.2627582572566318,0.2801116988756789,0.3041964187790285,0.2604219731782677,0.3026508807504235,0.2897784075214886,0.2817827234874812,0.2773230570813645,0.3084863950723679,0.28721828645795,0.2973524338406541,0.2891103055004613,0.2600282882815996,0.2774030481837037,0.2952195710032441,0.2186670592605075,0.2076533402723903,0.2195822527500759,0.2209173397454122,0.2126181714666017,0.2235502837404297,0.2126602862790925,0.2045314038213561,0.2157279216961143,0.2260986895463475,0.2168639733408639,0.217170040949405,0.2167543999359473,0.2052323167202914,0.2052323540498442,0.2202096850126409,0.2096033674233162,0.2158148089550131,0.3056553806527233,0.313197158824682,0.3283125311251957,0.3681588596736418,0.3358564586104648,0.3455909619507409,0.3003781348085574,0.3015992832193213,0.3209923816539017,0.3731065106109987,0.3498831053544755,0.3450326942479584,0.3294358556111731,0.3379332869738185,0.3415053660684677,0.3686283769671199,0.3469629322612242,0.3401527294813746,0.1567838470949532,0.1520288208563833,0.1473375303510131,0.1544025513129447,0.153261422079133,0.1502048888593385,0.1573792852740005,0.1541350457293617,0.148968885207104,0.1554010002345691,0.1549505460294753,0.1534790503892509,0.1577177992450842,0.1512282729246905,0.1475031974101206,0.1534563954873675,0.15268310464565,0.1515268736423607,0.2074527074266612,0.2360497724625645,0.2319209970590954,0.2073934874072094,0.1947987867650802,0.2007766448779548,0.2023996451618437,0.2125579602272438,0.2315342668125382,0.194034973993503,0.1926498196160828,0.1870789176521157,0.2126108842618208,0.248538882503631,0.2288674647621782,0.1862428638400999,0.1862162162417,0.1986732868123155,0.223469721031229,0.2178706494427231,0.2035376500616799,0.2197429751320641,0.2192035975171791,0.2170283801235797,0.2115524813329301,0.2168748311810091,0.2168269644099467,0.2215977306220899,0.2784659607659741,0.4407715840439827,0.2989102216682404,0.2520393152524818,0.2689050156320078,0.2180689357546761,0.214655224406016,0.2970052212851861,0.2309219389665244,0.2355885785313347,0.2317328953988457,0.2251269184887085,0.2363427171910466,0.2366117241551784,0.2233124946851141,0.229950930179168,0.2211984918899716,0.242399015654886,0.2525549006719494,0.2644715623346592,0.2349298159861845,0.2431180294540915,0.2369799285013343,0.2282104433334311,0.2358368750713211,0.2457831854214092,0.2547409972419707,0.234280083591944,0.2299413031701433,0.2179183766562218,0.2259125887049151,0.2274820919062143,0.2200746529769688,0.220377061914462,0.2011301844472619,0.3261819386739475,0.3451744497466542,0.2261966708751934,0.215277097897637,0.2294531954312226,0.2409818388483948,0.2247888320435613,0.2335149677125869,0.2393597100747584,0.0357733861096889,0.0385035405941387,0.0410556809610938,0.103440912852033,0.0720692837788732,0.0520447770484508,0.0397433972984764,0.058386275890097,0.0476538780358701,0.0810487908099766,0.0509678834777922,0.0374568025618771,0.0,0.0354820907723052,0.0340054885134222,0.1061599450494519,0.0726884923182495,0.0465329548333457,0.2262737084560555,0.2432545979087699,0.2438612545446687,0.2669643592761161,0.2520941309381648,0.2435750427650056,0.2221783718297025,0.2496258076885311,0.2341920883952148,0.2753168469964073,0.2412424034063924,0.2387032751012867,0.2177908490858442,0.2376509944787628,0.2241232560149448,0.2720633254111071,0.2302364557723635,0.2553338769041957
327059_5_consensus.txt,0.2877445404660648,0.3065551888969011,0.3157453528589471,0.289595696458381,0.3120618839535147,0.3342812987932255,0.2838782006001246,0.3314423978849774,0.3205763439089786,0.3081570274203322,0.3046193177521274,0.3382213878169082,0.3029962297231776,0.3200258022941966,0.316052265203318,0.2868854562613308,0.3068441667232555,0.3239779022181928,0.2158558707567088,0.2029730851908198,0.2174618306169833,0.2085459360120012,0.2073658760510213,0.219364826793786,0.2114046406384488,0.2004861851335988,0.2146929591091257,0.2105331200773008,0.2069713450563952,0.210263622900829,0.210106485930936,0.1991921681836927,0.2036011488674312,0.2077520146110103,0.2062947915655542,0.2108196227814787,0.3036531314812052,0.3101947168640784,0.3238337433433074,0.3564672427262181,0.3287348184238325,0.3388168425959996,0.298738368297613,0.3000151044013677,0.3172277392653555,0.3601262630050001,0.3405703946039473,0.3356589836558257,0.3240124491167435,0.3320597888509979,0.3332820572536654,0.3576064135691013,0.3390589831461241,0.3340690901931928,0.1766500820997372,0.168268837662918,0.1662725163594238,0.1658768361930676,0.1647435027200643,0.164276957046269,0.1787849905750036,0.1681779677112693,0.164949925565125,0.1655727774535549,0.1632242289548884,0.1655162950684285,0.1791343652903165,0.1666917208434029,0.1669584179919745,0.1633719528239687,0.1626128822176156,0.1644293252692428,0.2249320705772248,0.250698632995725,0.2587723624515021,0.2158559388625676,0.2047528345096942,0.2170986796513965,0.2200153564407792,0.2308686775747617,0.2498390093519766,0.2050240227411208,0.1994451631725624,0.1994284461903177,0.2249665169894328,0.2692110494969419,0.2466259684390408,0.1986756176481705,0.1974802165422424,0.2137408534666889,0.2657843723003203,0.2586217620315949,0.2411006197328369,0.2585248925310957,0.2575378652660873,0.2563296462815181,0.2524321739513659,0.2551603139291352,0.2566711266047754,0.2644698257668487,0.3338662975193394,0.5062496116139776,0.3575403121911833,0.3013283103700352,0.3235256907519925,0.2574445798810174,0.2552752305639068,0.3524770593620481,0.2435753689884485,0.2488381563842594,0.2444514337248691,0.2407840303521808,0.2486565768279689,0.2466663926412557,0.2351394945224036,0.2407961715025877,0.2332921648901873,0.2595709837816145,0.2642145940667895,0.2762182966381168,0.2479248413300254,0.2537116588173234,0.2528733970358559,0.2450662131594256,0.246042346215578,0.2565155810249493,0.2672363873516623,0.2393957804676318,0.2365054956303431,0.2304186054604855,0.2322439583547719,0.2345458778625584,0.2303429491836617,0.2328406136198175,0.2052689224109336,0.3411810426191337,0.3562067061182823,0.2330785932371029,0.2234778263981134,0.2349581529468878,0.2457975517912949,0.2302298705081895,0.2405476686697163,0.2470015667059542,0.0313754251364883,0.0261494418886805,0.0286260172633348,0.0645634985712391,0.0434034564292566,0.0328990451436688,0.0340705842223059,0.0358142878854224,0.0311962433136585,0.048570155452289,0.030042317687311,0.0255181808749433,0.0354820907723052,0.0,0.0278373887589324,0.0666534651799004,0.04223251150216,0.0298036240045433,0.2243295917337171,0.2461397662749433,0.2399459026692589,0.2496916817839292,0.2649300052452759,0.2368213086460109,0.2249795977157305,0.2543852794816814,0.2422586856283004,0.2551157656672131,0.2526411318087156,0.229838456711235,0.2214428837239346,0.2455321440321611,0.2248408390744884,0.2532115765357048,0.2366711558418224,0.2434151388711214
327059_6_consensus.txt,0.2805118321182505,0.2973219984241169,0.3040116517213818,0.281157283113437,0.3018420149719425,0.3237666006372706,0.2763285185703843,0.321550587360349,0.310455092293143,0.2991720343036199,0.2957487159546019,0.3285769934410041,0.2966526833255898,0.3109040024629763,0.3055110505789784,0.2779139460944684,0.2972420084444991,0.3141249833005162,0.2126606428815201,0.2012856746618396,0.2145529705326545,0.2090760349532416,0.2044833107770358,0.2164671916589071,0.2077952324369718,0.1974815595192183,0.2112224687121653,0.212085911010277,0.2061883684668508,0.2083362994618873,0.2083020508786504,0.1973319967413829,0.200672832171449,0.207675537400565,0.2033058202540054,0.208247416238283,0.3047970422339574,0.3117488700234574,0.325048041314826,0.3610851445920389,0.3315758755373501,0.3412992889657644,0.299379518556556,0.3006092041592012,0.3190437061075215,0.3646739732550905,0.3439577312798434,0.339399571001703,0.3254833242782595,0.3340291852696211,0.3362699595299396,0.3621137244342343,0.3423419209294778,0.3363543283838481,0.1679014975171284,0.1605584908581221,0.1586059874074123,0.1596442750378592,0.1586596508086657,0.1565474031969849,0.1692865112651773,0.16070364993924,0.1567967256509668,0.1592935945935281,0.1574875960844828,0.159022416195409,0.169449189598982,0.1590771186215818,0.1581926081329498,0.1577876046755015,0.1570512081628692,0.1570445838394931,0.2178004751041804,0.2433962479703666,0.2481186974031217,0.2120124515947736,0.200708491512227,0.209941656672342,0.2118187105591822,0.2239685423459505,0.2419746228852268,0.2005037860079426,0.1963952069082672,0.193883051409621,0.2190223963692084,0.2602428419963516,0.2391787917448269,0.1935115748625477,0.1927263844228406,0.207274990371431,0.2504834724088098,0.2441374501555557,0.2278404794942474,0.2447448866846464,0.2437539949191496,0.2421155180121132,0.2380322102637819,0.2414546720772712,0.2431587879167338,0.2492951480474374,0.3153753507713617,0.484562222945172,0.3382388447890108,0.2846405597302812,0.3052988447949012,0.2441163309840455,0.24067756444623,0.3346535404266859,0.2374162323324711,0.2423361775852477,0.238319596667381,0.2340616900881968,0.2430177102384867,0.2408768968738783,0.2290723874740692,0.2351192166051419,0.2273416716721854,0.25163364037234,0.2578395137633613,0.2698577446096308,0.2416489796583398,0.248267367111989,0.2458994438429478,0.237855745919191,0.2409662720874408,0.2507443238605944,0.2605019099033114,0.235876203558135,0.2318360376495967,0.2244417096800646,0.2285494939476677,0.2300372101594376,0.2247682247955644,0.227446401627148,0.2015335586568376,0.3337606284346606,0.3502978152208378,0.2287153358118026,0.2189084189868637,0.2308593385149464,0.2406596854819866,0.226440819908074,0.2370375252993142,0.2432120062031657,0.0317175480618523,0.0294099213220135,0.0307324608892898,0.0752481658960526,0.0516243220556518,0.0376205639117408,0.0355335367854365,0.0428113870791406,0.0337130048332987,0.0574269734337491,0.0354197094446391,0.0280491120757417,0.0340054885134222,0.0278373887589324,0.0,0.0778495915061014,0.0504420819913775,0.0346674285661663,0.2220192341245486,0.2413308843825312,0.2363615001177024,0.2514054657709685,0.2560231057566362,0.2347711721085872,0.2198841752160056,0.2492980853825877,0.2359207621925421,0.2575421330564929,0.2455659145580071,0.2286870484626995,0.2166084810647817,0.2394782856460935,0.2203800086258169,0.255898129622377,0.2311758528761913,0.243338555560868
327059_7_consensus.txt,0.4002578809194972,0.4318978745308612,0.4501011286330971,0.4052336601243915,0.4434005764283704,0.4629372838856582,0.3921554366070836,0.4503255766266392,0.4465634472997166,0.4226341872069454,0.4240294538352245,0.4640866048387551,0.3912381530415985,0.422850463708059,0.4327312859820793,0.404935097744449,0.4341727565974516,0.4488051829148176,0.2809596329447537,0.2648251524041711,0.2856743502691401,0.2498215357874862,0.2690160152449792,0.2793320937056194,0.280304821028615,0.2640660082221444,0.2842130610358602,0.2425333788831238,0.2571438428413017,0.2665539117588693,0.2705343889239771,0.257396938206238,0.2707330651984136,0.2492548078661904,0.2684932762344978,0.2726196551973707,0.3665811726564634,0.3731476331958667,0.3802703830840848,0.3918527651334109,0.3778921498600311,0.3878284462175223,0.3638127699474935,0.3634937787015104,0.3740905969559946,0.3903417915290035,0.3846225950368911,0.3772160260076234,0.377225451871066,0.384174267166145,0.3788049159804387,0.3949823332794366,0.3852526359980039,0.3852980076685171,0.2829499768365693,0.2673543454173774,0.2731716107829633,0.2490245919851403,0.2497464054869524,0.2568284444505728,0.2865284149843852,0.2613334153707924,0.2656353892503915,0.245929439750558,0.2435911404044191,0.2535534778932522,0.28995449955978,0.2642016514812475,0.2755829068701985,0.2450786224958285,0.2463144358630238,0.2566641217477077,0.3349893616967279,0.351637225368254,0.3864118563990431,0.3012290351497526,0.2949899757277023,0.3209999914415071,0.3253465623081375,0.3365721745136767,0.3555385585236124,0.2960327106656564,0.277372864163496,0.2945130540963596,0.3213935982056846,0.3828444305548437,0.3542718728541416,0.2895571957064149,0.2878547770852897,0.3151345681803867,0.4345977218161145,0.4226974204137192,0.3948719094131689,0.4123238401114442,0.4139522747484463,0.4139300493773206,0.4149964207184169,0.4112065268929186,0.4175863661558985,0.4299861181890243,0.5301154883428687,0.7272729169708683,0.5668275167690489,0.4826318900082214,0.5171171793311231,0.4142526546117828,0.4164033346734328,0.5495182031901109,0.3511942350292472,0.3559830275249211,0.3505700240190776,0.3535216036038875,0.3545651260866016,0.3456125754934263,0.3440631567144905,0.3419738701256634,0.3348640990325613,0.3761967059306528,0.3675972634164957,0.3778053274496749,0.355034014063122,0.354279391367406,0.3669533605860486,0.3587633718179752,0.3467071868508036,0.3566859825011974,0.3629884391795599,0.3163213791899686,0.3102870803814355,0.3245882842733465,0.3093789159269953,0.3117798512613348,0.3202103075413518,0.3288290419045125,0.2772612504749361,0.4372027656844253,0.4462391864592838,0.3180301300330512,0.3105592635451621,0.3121193285999553,0.3189718624256699,0.3049522286933737,0.3260322296399316,0.3296387880268412,0.0795781291186514,0.0606406119546782,0.0569960057320706,0.0213210062725082,0.0284036227700852,0.0425053914752417,0.0726310363909483,0.0405015299074342,0.0519898669391878,0.0234688375426692,0.0430598072772632,0.0614422946081347,0.1061599450494519,0.0666534651799004,0.0778495915061014,0.0,0.0291166591255489,0.0482441135979563,0.2922200445917369,0.3230588027939376,0.2999201538057043,0.2805780490361442,0.363568782053683,0.2904550774338048,0.3027670898976744,0.3396033362522814,0.3331398990601002,0.2785773728638396,0.3504697097077951,0.2829774598615238,0.3053242810352472,0.339122864904251,0.2996138937214461,0.2800884638247254,0.3228974974123524,0.2886074052704757
327059_8_consensus.txt,0.3540602141672941,0.3801825338633797,0.3965352920224809,0.3584764878610009,0.3908972027280946,0.4115691447177241,0.3474770989435249,0.4019976160451648,0.3956776028037012,0.3759905932784271,0.3769869670569399,0.4132616688728454,0.3548533036406738,0.3812836936292463,0.3865273174052746,0.3576102152708031,0.3833555239003452,0.3996562966266204,0.2555272849057211,0.2407497227778172,0.2593580401366715,0.2327031788078848,0.2444198841500018,0.2553961593250378,0.2540448052276538,0.239473593991029,0.2564426043911112,0.2284282932063845,0.2364473727952187,0.244351422051757,0.2467466940985048,0.2341102951243243,0.243919209835159,0.2308909923950857,0.2435715672231388,0.2478844893708824,0.3408644480688068,0.3471995190885621,0.3574080052822062,0.3767699999478182,0.3575294043092327,0.3670370660018065,0.3376823025469235,0.3377166015057824,0.3506054772577904,0.3772411195389473,0.366235161615311,0.3598494935487579,0.3554060452134067,0.3622235645153679,0.3591260965762721,0.3790955453133549,0.3657140359810285,0.3642051515366979,0.2417690751022263,0.2278886202935055,0.2305680044286724,0.2149856646899266,0.2156300928436714,0.2200267513495148,0.24418038579946,0.2243367700582794,0.22560286726533,0.2137474201166362,0.2115697272268306,0.2186246480295004,0.2463892422130982,0.2256213632941417,0.2321491825603558,0.2121684778244414,0.2125228865110315,0.2195970535183242,0.2953317079885877,0.3148671842000148,0.3404482035211202,0.270319907116388,0.262096123941987,0.282023668590007,0.2869075952913889,0.2973271965469592,0.3162550725192901,0.2626108341071784,0.2485998413913606,0.2594193142113923,0.2872909338218434,0.3423874038569678,0.3148507339442972,0.2569473516983933,0.2547816566746199,0.2783512319110635,0.3672189534810535,0.3567473992811933,0.3333514221201028,0.3488866662339696,0.350809983456287,0.3500716662898036,0.350072606724332,0.347726929518334,0.3525692052258407,0.3630798360126803,0.4514630838881857,0.6390011471866401,0.4842967468989769,0.4093566982915213,0.4397957734860362,0.3498031680438132,0.3513864526948005,0.4708511091065297,0.3074448674340715,0.3122255389337951,0.3069561772104627,0.3081086269863391,0.3106960996131498,0.3045894724402274,0.2996139363606218,0.2999591457742347,0.293599344519869,0.3278894845012488,0.324327555988706,0.3346650409194858,0.3108056505576613,0.3111886894960136,0.3202600497072332,0.3128971732707271,0.3043456913689049,0.3147202486930709,0.3212657050649206,0.2843421401173174,0.2787377464226495,0.2848849562885931,0.2758519446700518,0.2781736295252273,0.2817012844010804,0.2879098040875192,0.2450982624232089,0.3944511151206882,0.4102277959654472,0.2831576497904784,0.274191937985762,0.279888207396624,0.2878747390838718,0.2732563810554893,0.2904740009894517,0.2946117038244367,0.0524587461159136,0.0378144242581157,0.037291821748969,0.0280513876240178,0.0220582586306221,0.0297818447744759,0.049598760162695,0.0291874887562464,0.0352773875485397,0.0248343118256464,0.026717960260111,0.0380119230296038,0.0726884923182495,0.04223251150216,0.0504420819913775,0.0291166591255489,0.0,0.0310705609911536,0.2665722707349935,0.2942456893234286,0.2764052370975491,0.2681338189946736,0.3269997389450907,0.27013913806298,0.2722222110108205,0.307105520261647,0.2984397860601468,0.2678228251184578,0.3137210902994631,0.2621408636896269,0.2735187518868898,0.3028789916547332,0.2696834197469044,0.2687650772266643,0.289953945492865,0.2711719847735239
327059_9_consensus.txt,0.3126661330943676,0.3328345267544712,0.3459927856295124,0.3140028602057469,0.3410197588404529,0.3620560895195304,0.3064434544628263,0.3562389181064986,0.3471441685123828,0.3320877226953023,0.3306214190111696,0.3644818025945184,0.3217798863768912,0.3426722997783784,0.3417122508735808,0.3128869534012288,0.335379005250072,0.3514162544609576,0.2370490005743661,0.2234412674878463,0.2396492206372151,0.2228137837087835,0.2272925065565338,0.2391279421108372,0.2331654208834912,0.2210763220925571,0.2365441274638406,0.2230979846931724,0.2247074313106836,0.2294308508712674,0.2312612203390998,0.2180968852475793,0.2250947145044506,0.2219299786097899,0.2256701818534168,0.2319050323560745,0.3187810333856191,0.325683885261899,0.337911944190413,0.364560890226393,0.3410734492581504,0.3503895639593892,0.3154196552923096,0.3157007528196303,0.3306190505550326,0.3675936005971465,0.3512153292155489,0.3463923001177349,0.3369137935466746,0.3443508891069271,0.3445169045089962,0.3660818977553717,0.3501744496309449,0.3465974038589223,0.2022701652570475,0.1911471660960586,0.1898794147475939,0.1847718641393179,0.1837509433858173,0.1853500758916588,0.2037320826440165,0.1898692139517521,0.1876921327495111,0.1840530095481725,0.1820942414960917,0.1857054932924171,0.2057510902452364,0.1894268706770141,0.1910716186945187,0.1817699228136007,0.1816141884876003,0.1857229654766889,0.2583341804624979,0.2816963799560739,0.2946660050529175,0.24183192830791,0.2321095607840462,0.2471015055253893,0.2503934985770684,0.2611535855162117,0.2782521590719895,0.2334257374561517,0.2226594544614215,0.2271149977774555,0.2556121572641636,0.3005774184909846,0.2770608179021536,0.2251156582921289,0.2243138499916668,0.2439645192326018,0.3029338284103815,0.2949184854416664,0.2745758000398339,0.2911153547789951,0.2915743102901444,0.2908305157492243,0.2885934866594297,0.288909615906487,0.2916161699976314,0.3015119653533915,0.3777489904900051,0.5548861789222528,0.4060252848438779,0.3417383201153896,0.3667334924228846,0.2911135308307848,0.2898976833129474,0.395116319288153,0.2717452273030609,0.2766979659560711,0.2718043463311126,0.2702030032556877,0.2765550279556699,0.2721474674399644,0.2638107383143833,0.2664015079040815,0.259100913466554,0.2898107425878073,0.2907973938331949,0.3022356165968922,0.2754989383442421,0.2793171491830435,0.2816657728319711,0.274840489337727,0.2722482842878619,0.2820748534636408,0.2894192453812785,0.2617831640973449,0.2550377725628046,0.2542057490302376,0.2509667104786572,0.2539693080978615,0.2517609901361695,0.2555424640591752,0.2233958430213078,0.359826387650358,0.3789990763378554,0.2572855512503764,0.2477518605011539,0.2560766896147051,0.265260161078892,0.2512436496084618,0.2654557670285946,0.2706736654822705,0.034358513073684,0.0268965546323336,0.0273937811225124,0.047177910471305,0.0315025271436901,0.0246522256541936,0.0348687562604546,0.0289443195175564,0.0298070274209969,0.0364903535955463,0.0265174247326989,0.0266976022425957,0.0465329548333457,0.0298036240045433,0.0346674285661663,0.0482441135979563,0.0310705609911536,0.0,0.2457165390094715,0.2688906729697962,0.2593038588697141,0.2630737857251688,0.2914069713415301,0.2541555136591071,0.2479779861260134,0.2793299370121787,0.2692126482108783,0.2657249227550267,0.2806363546756749,0.2482656353980132,0.2479961006453948,0.2736689617434038,0.2476569076288335,0.2644608421461676,0.261829976604929,0.2594622750606241
D103_10_consensus.txt,0.3781713531181978,0.4008521562921103,0.4063465964008088,0.382020052998552,0.4023359265290978,0.4234462215556007,0.3776682321093183,0.4259956378859648,0.4115188367175761,0.4041393080202553,0.3974390630397018,0.4322363312301149,0.4016778264754492,0.4113036356962851,0.4066832405313683,0.3780667707625156,0.398294946336545,0.4174409071316276,0.1835404254080046,0.1645391897406547,0.1881910391686005,0.160075429252732,0.1721460616020564,0.1841010740347499,0.1825853290064714,0.1655221399129054,0.1915609166082887,0.160489277484757,0.1652844715573636,0.1703269589080029,0.1726863990845579,0.1590336424693603,0.1704419935724459,0.1607123671310937,0.1709400848890112,0.1720059879545949,0.3774490623328255,0.3840876474282524,0.395526959520275,0.4288231868296819,0.4025924578625108,0.4126120523179217,0.3696106900523936,0.3702900815219436,0.3896980105771988,0.4311332674560688,0.4147035587800971,0.406250412881068,0.395213646330415,0.4049054834999843,0.4054283989266665,0.432228721958829,0.4102026006245935,0.4061509309598925,0.1805270776113872,0.1767143830305855,0.1791414645685876,0.1700728217200016,0.1724539922187276,0.1693306975365871,0.1834470102519887,0.1736983999389707,0.1748812021567971,0.168991780812945,0.1674941264029286,0.1712194089292467,0.1826285569086678,0.1733521179984443,0.1794953444458791,0.168811662734047,0.1677777179413269,0.1681696058161179,0.2610453360750711,0.2850026307285134,0.2943610282900799,0.2565146821101223,0.244468148980232,0.2614569942798681,0.2577226301076969,0.2693006296967866,0.2966905820779963,0.2422162617975374,0.247557299095444,0.2419236031375504,0.2598451139067634,0.3145331756017988,0.290169048938516,0.2379359417071747,0.2358580468392546,0.2478545407997074,0.2760725122198089,0.2578871227750099,0.2349195121688083,0.2491144078122111,0.2486670963796768,0.2500367640341139,0.2512602991473329,0.2482767509523498,0.2529929168074041,0.2647101372330809,0.3453311274310344,0.5283852006146361,0.3798267148672565,0.3086668301959498,0.3367113806061077,0.2529969979251589,0.2542065883451947,0.3793189523663649,0.2134087486037721,0.2157821913614697,0.214790452584797,0.212969986006545,0.2139379320764085,0.2125427587079364,0.2085848307395679,0.2082978535710147,0.204465355321382,0.2322325567383245,0.22788290400986,0.2383447264612925,0.2117365043330394,0.2221783555415761,0.2178180713572999,0.2179117918868627,0.2120255246338374,0.2177409917396637,0.2560636464720289,0.2235983128717436,0.22465554340787,0.2167064917970123,0.2238056244042425,0.2245588257832764,0.219382006823114,0.2276151525993839,0.2161287824444109,0.3746413132042043,0.3473631080212307,0.2163598946912301,0.20758105836628,0.2199709740755153,0.2305920894196127,0.2144357729680663,0.2272702275457767,0.2340255174084688,0.2358968091347293,0.2364888114418839,0.2437608951384327,0.2962016275737262,0.2757133478328981,0.256674827351631,0.2427523280207495,0.2619805615236288,0.2266385286624554,0.258926271221263,0.2350546057962823,0.2299388913402289,0.2262737084560555,0.2243295917337171,0.2220192341245486,0.2922200445917369,0.2665722707349935,0.2457165390094715,0.0,0.0636681846060973,0.0546155174328468,0.055092358105842,0.1011148715742003,0.0537306044291696,0.0548578194092073,0.0807491148836803,0.0771506965459281,0.0592945567091405,0.0865055899502209,0.0482861553185181,0.0512166945262428,0.0715471352425858,0.0524925268576339,0.0581252145673865,0.0662777805481233,0.0543445076965127
D103_11_consensus.txt,0.3850308459100269,0.405534203089104,0.4099832929669524,0.3878817717412559,0.4044404605400835,0.4284648392110242,0.3848224243613636,0.4300654504999883,0.41568620678337,0.4095503403941016,0.4021768278360085,0.4355704274297203,0.4117041302148365,0.4199805205765443,0.4119959397416011,0.3830604013134682,0.4025034998964294,0.4218815886662028,0.2111406112153844,0.1933492037946322,0.2154676099235857,0.1917764610723864,0.2008558966561935,0.2123070841565066,0.2091509265579425,0.1931676933740966,0.2175634267588329,0.1934374330557666,0.1957487533666793,0.1980998571241201,0.2008392857832319,0.1883596309736681,0.1981802631602605,0.1921251707264559,0.1989076284734388,0.201616733858863,0.3983640679540876,0.4044678967861657,0.4167354740156384,0.4541807981083359,0.4247828007642802,0.4355809432443678,0.390746689220748,0.3904052883125217,0.4116872845905419,0.4583261939685457,0.4394933713262183,0.4313455915837991,0.4173132194141544,0.427603261264224,0.4299465233752784,0.457288331785314,0.4333339657602799,0.4295269662115544,0.1945424057127773,0.190477605827084,0.1924819233082928,0.1881634975745996,0.1886696832119341,0.1851536708773373,0.1974467790231528,0.188990597200803,0.1893014368068222,0.1885803856712655,0.1853296547775791,0.1873723894181722,0.1955495262275342,0.1883505259653333,0.192932942442912,0.1877262734123732,0.1857830870658645,0.1839097504313223,0.2754209766611808,0.3026289782913025,0.3028566806450961,0.2750915171756993,0.2621141903772255,0.2767502897736591,0.2735221428623333,0.2849382057170331,0.3080913045663607,0.2605240988418877,0.2680763409327369,0.2588805148948694,0.277586321298525,0.3275540668667958,0.3031615785754624,0.2545927710422084,0.2547845868979408,0.2653971172537588,0.2802849949149824,0.2639331543600036,0.242398547046303,0.2583579115486394,0.2569815747797435,0.2576739420848106,0.2573409809108895,0.2565266883374306,0.2602156509177362,0.2715667706301801,0.345907092616283,0.5237585967400946,0.3789317173048658,0.3121398207112449,0.3374323861400299,0.2610244889282462,0.2613418533692986,0.3791308610966482,0.2353512550106451,0.2359991749838172,0.2364733774228113,0.2339791154579273,0.2352836044190454,0.2339621847699788,0.2295078408581581,0.2296630295881208,0.2270049060524499,0.2523925181373769,0.2497864732573731,0.2606258255090097,0.2333169171606002,0.24363248596649,0.2391134189408283,0.2389222571294844,0.2339931892304321,0.2402327939520816,0.2788433387305922,0.2493147351922573,0.2509698330331069,0.2405792941674107,0.24923281813453,0.2492166875497474,0.2421008975205936,0.2484502733592677,0.2401486758499764,0.3921215697856866,0.3703828747916375,0.2411230330282592,0.2321449296406434,0.2458134419705011,0.2569820955657711,0.2402324308817149,0.2528770162638025,0.2604589940535469,0.2558831639264411,0.2567376337430325,0.2643711209168238,0.3273200515828023,0.3034072537540879,0.2807923325146859,0.2627761650861444,0.2863396473879831,0.2496657579066337,0.2888867026158479,0.2598007711723582,0.2518139567592783,0.2432545979087699,0.2461397662749433,0.2413308843825312,0.3230588027939376,0.2942456893234286,0.2688906729697962,0.0636681846060973,0.0,0.0730985662470224,0.0855900463105356,0.1131187454771911,0.077945694585896,0.0738627975797356,0.0951178087277071,0.0921949032310109,0.0888665372778092,0.1005233450393916,0.0718684895784491,0.0710656832221729,0.0868318683924052,0.0721529237923057,0.0886943428478943,0.0821277384078804,0.0821182131715545
D103_12_consensus.txt,0.3952515816452973,0.4212192012669327,0.4278944152119628,0.4006614843112572,0.4229208865135057,0.4440996878598966,0.3946901008196306,0.4450975170481683,0.4309275085893453,0.4222637478732238,0.4152853008535722,0.4520291862643866,0.4157447347611125,0.4279228675469682,0.4256444723331931,0.396094777719064,0.4177297690095116,0.4364053860035248,0.1909721524691257,0.1708245865943354,0.196506948000092,0.1620253518914651,0.1776237890365735,0.1912939556479429,0.190930033836679,0.1713685117398427,0.1993771304235707,0.1620201470057694,0.1694819175663227,0.1752780266554339,0.1785747546168785,0.1658112404072582,0.1785880267166533,0.1632343258983226,0.1769647734413872,0.1786542620153284,0.3962130487453237,0.4024594169063178,0.4130703675555125,0.4439301150225923,0.4194590788763861,0.4292367031254613,0.388027999424775,0.3887879119683681,0.4071272468025597,0.4452385304125137,0.4309832598923471,0.422520976399074,0.4125221921592761,0.4221626985493074,0.4216257859994741,0.448050885841706,0.4255050320339713,0.4231831229003262,0.1964232760535331,0.191187492917912,0.1942805928683455,0.1828261087128524,0.1847726562607974,0.182989552447232,0.1999350432219273,0.1871124267888078,0.1895323447673433,0.1813038740348282,0.1787245071898198,0.1833892094339262,0.1997703240312773,0.1875236632133621,0.1952184672649508,0.1809295250728482,0.1789960783485327,0.1806194443820494,0.2814530423232391,0.3059801703984881,0.3175216682145105,0.2733309443143277,0.2614479404616929,0.2811678573454763,0.2776714858465574,0.2885456450314052,0.3138365955810265,0.2608877316095039,0.2630287735954937,0.2604218071109052,0.2798866030516898,0.3350811295435321,0.3092083093048785,0.2552752814649217,0.2529960276676242,0.2683968497238034,0.3030708492580451,0.2845659085129668,0.2609988095618121,0.2741210337732305,0.2736621042816729,0.2769123960539552,0.2778543689272936,0.2740320163174949,0.2784108475156372,0.2931840568952637,0.3789341395423697,0.562806048094437,0.4165140433636765,0.3400692096655078,0.3684989626918025,0.2786694693321578,0.2810158722021683,0.4134662671796256,0.2315574828898015,0.2327489681554375,0.2309423247835695,0.2319863915439519,0.2298773727852037,0.227788044753737,0.2261498725941351,0.2241676163655057,0.2212199542063118,0.2509626600502912,0.2443256852121109,0.254113906703445,0.2297235477766008,0.237793239458572,0.236433052944136,0.2364148497482929,0.2279873814344739,0.2332675556500447,0.2724852841331611,0.2400527777431662,0.240376219642787,0.2349167932235616,0.2399378689239277,0.2417536963467874,0.2363898840305793,0.2457535327073685,0.2320267755983209,0.3917241035102421,0.3634346839124056,0.2337277739949357,0.2239830374151559,0.2359768897477252,0.2468858165699501,0.2303340248190579,0.2451428935899109,0.2527781105879008,0.2523681475990074,0.2500101794134153,0.2569686346928321,0.3044600122431369,0.2863068901901044,0.2703299769082967,0.2579998244121171,0.2743795260379329,0.2389839708184027,0.2685952786900714,0.2463333359449464,0.2441969338637726,0.2438612545446687,0.2399459026692589,0.2363615001177024,0.2999201538057043,0.2764052370975491,0.2593038588697141,0.0546155174328468,0.0730985662470224,0.0,0.0539369631350084,0.1144155279726426,0.0564332005101171,0.0636138501197436,0.0890726157280639,0.086683328848764,0.0567866328735533,0.0974463101002136,0.0515935844474491,0.0611471008644457,0.0825691005036048,0.0586636872361907,0.0569700284929943,0.0761089212301229,0.0584147361333187
D103_13_consensus.txt,0.4393613112369792,0.471547943976077,0.4843790632064184,0.4479897130840378,0.4777309150952256,0.499243680919875,0.4379270310721423,0.4939432576494162,0.4830358240786552,0.4698415490658334,0.466166518745247,0.504014008235611,0.4525179171931413,0.4725670818662557,0.4769807405083561,0.4444235045043427,0.4703016984466508,0.4889690263234136,0.1941396713931524,0.1695063548971873,0.2017124069600839,0.1482783911575893,0.1760772909189008,0.1904602444202723,0.1960148784404047,0.1722384755786166,0.20670721525493,0.1447099463891703,0.1625085337039706,0.1721857280992189,0.17883371212843,0.1629528601530054,0.1829115168530393,0.1490156762042005,0.1767877835127933,0.1778300276513604,0.4088570304662333,0.4152304935137785,0.4230241183400451,0.4425415258633194,0.4248147527830035,0.4353751421494962,0.4023479967054904,0.4026119024125592,0.4176075113271409,0.4424844957838232,0.4343347278111622,0.4250861671660004,0.4206933633573833,0.4310557494573572,0.4268244858885879,0.4469795715934808,0.4305356360206858,0.4307223986226525,0.2314352060796807,0.2210320322641621,0.2270775360996637,0.2025655852250203,0.2054668901214427,0.2085973123054287,0.236334296382612,0.2148101412752296,0.2204578341119152,0.2002067414385528,0.1975600590552808,0.2080607235093907,0.2364783033077913,0.2156932826246063,0.2279922721769907,0.199827075652756,0.1990470639709087,0.2065606345335737,0.3207689721608773,0.3428548753619118,0.3699791843022773,0.3000409790360621,0.2902098514272424,0.3177541281262606,0.3173440654755168,0.3283321799921488,0.354140758761897,0.2886951843217566,0.2857851269316676,0.2916075601683516,0.314923308506625,0.3782472844888502,0.3509727505761013,0.2838204633369479,0.2811666536851938,0.3033199133488224,0.3583070327718189,0.3328957310148723,0.3053757054899293,0.3188875461075895,0.3196864042748188,0.3235860205731384,0.3287820550363953,0.3191385793755508,0.3263705072844942,0.3481445837443786,0.4494717222302427,0.6462199219570053,0.4950813374385063,0.4024214660275156,0.4391544045724487,0.3238064435071841,0.3290082098663482,0.4860273503374728,0.2440358043923005,0.243683251669001,0.2455288169088199,0.248776564447418,0.2399153713399471,0.2349240336783715,0.2390223679876584,0.2338855384490124,0.2337856601345365,0.2705968495948596,0.2535739080712389,0.2632631680275494,0.2419777614099452,0.2457849117117945,0.2517293609180626,0.2549192129909627,0.2357303948047828,0.2411919528091566,0.2988371047203166,0.2614600483129514,0.2628183697590813,0.26462081129457,0.2604306098469386,0.2641891388346913,0.2610736591801412,0.2749752883294789,0.2553692986119458,0.4221387736627413,0.3903165995039899,0.2577271527831115,0.2473671393429768,0.2581977961642181,0.2695881085630169,0.2512930310608823,0.2693091912661707,0.2748619341527032,0.2675023148701463,0.2579198920919197,0.2661030842173133,0.2869587342710069,0.2787642943938841,0.2713259023750609,0.2710057791845415,0.2749245394277828,0.2428551112319255,0.2543295331553743,0.2438876263355993,0.2511178950385719,0.2669643592761161,0.2496916817839292,0.2514054657709685,0.2805780490361442,0.2681338189946736,0.2630737857251688,0.055092358105842,0.0855900463105356,0.0539369631350084,0.0,0.1302068422663964,0.0473530893687765,0.0740761002090195,0.1027611875705609,0.1063191570922548,0.0284734915743491,0.1198227814283399,0.0427479718078096,0.0743069549674508,0.1024514292387053,0.0677369837282952,0.0282830228772894,0.0920746104812515,0.0446886451818819
D103_14_consensus.txt,0.3757346453726278,0.3927037947610685,0.3927516383958824,0.3764794731921199,0.3897714725717485,0.4115981895877851,0.3758299481995735,0.4183372980301207,0.3988320598547723,0.398959839252619,0.3903992128943727,0.420871409802011,0.4099270189573794,0.4133344942041823,0.4009786298897673,0.372254639541552,0.3876463887593715,0.4066102602878167,0.2384593894719557,0.2219108174094159,0.2398580679508377,0.2306927869505806,0.2299226204183106,0.2418596830178998,0.2345381138464972,0.220078043850286,0.2412115178990355,0.2350953498396677,0.2304091773545131,0.2310321967092754,0.2320690160020717,0.2183193451759066,0.2234894497009385,0.2311954895465433,0.2275055780400237,0.2318571806822156,0.4098692810976558,0.4165063719096515,0.4314345233873276,0.4770212760324988,0.4427252682300917,0.4522192336227917,0.4003701153412322,0.4028250298793807,0.4247001961524574,0.4814986639434693,0.4580526675905432,0.4521922428844043,0.4325051325790454,0.4427182635164151,0.4471449972171051,0.4788383495698127,0.451276561404601,0.4444520496619901,0.1810629481254864,0.1833993685220036,0.1839558094393965,0.187014434266338,0.1898320691496877,0.1826462571868248,0.1829507990626879,0.1848311915395051,0.1844390217354856,0.1875716144633834,0.1872405767417007,0.1866075705432628,0.1811842301541943,0.1817784348904325,0.1841230167859997,0.1871358732621253,0.1864765685780653,0.1823118160845496,0.2644490691826391,0.2942846565576111,0.2849693134535975,0.2726152825958792,0.2584868559778641,0.2674315987595363,0.2633465646485824,0.2726269814931861,0.2991290352485123,0.2581275270961178,0.2688127972951015,0.2545826421028643,0.2723127843533852,0.3119666179411915,0.2922537312770856,0.2506103534082626,0.2513191682322677,0.2573511864040121,0.258699414607932,0.2450294171521996,0.2289210789221663,0.2399921192598739,0.2386567821330558,0.2396818433409819,0.2383599399900156,0.2395783118714582,0.241128086410896,0.2452939561865363,0.305081481633632,0.470315534575505,0.3315655562281918,0.2792140394120039,0.2983362105155756,0.2430239713621063,0.2415745127813977,0.3417090751023082,0.2482277368934653,0.2501209329199056,0.2487184331952079,0.2431602875349092,0.2510683530506696,0.2516850982544767,0.2431585305051271,0.2468295615167832,0.2399955022647866,0.2594227977111103,0.2645374017069741,0.2752071637786137,0.2471917640335235,0.2599358866251933,0.2489652079292383,0.2489051764756276,0.2515540876853066,0.2581300049514787,0.2721534182695677,0.2548095584276346,0.2521114845255212,0.2333575625702622,0.2490380290279397,0.2526821055732497,0.2390542673638904,0.2432947144246,0.2421142064120758,0.3840861919225347,0.3663086404047639,0.2421714550764164,0.2334258964553726,0.2504830633028803,0.2605110741988632,0.243662167085219,0.2523675423817799,0.2623009706584049,0.26950938669302,0.2762016599310755,0.2839719794761244,0.3671074500093212,0.3346534460245536,0.3054198702425879,0.2765113370932823,0.3123484142722077,0.2736405462848772,0.3247314614654719,0.2859352625096925,0.2725759235515461,0.2520941309381648,0.2649300052452759,0.2560231057566362,0.363568782053683,0.3269997389450907,0.2914069713415301,0.1011148715742003,0.1131187454771911,0.1144155279726426,0.1302068422663964,0.0,0.1138773448931793,0.099920110295983,0.1202940166823722,0.1102011271697982,0.1442837723629182,0.107416195837164,0.1128944302956966,0.0921836699107849,0.1050545813411929,0.1003489109411255,0.1423467104010924,0.0984719291231321,0.128390575209913
D103_15_consensus.txt,0.4010200255587612,0.4292274336123185,0.4362231086663186,0.4066091781313226,0.431126199531235,0.452393710393224,0.3993438900896926,0.4516096759374122,0.4380556164940543,0.4301345958807303,0.42349083043311,0.4589166804329636,0.4204286018267282,0.434043971109304,0.431927740513764,0.4030905071441424,0.4258782554793257,0.4447090131136626,0.1877364483686889,0.1662697909565231,0.1943281452933796,0.155711789462142,0.1738310798584379,0.187352204829601,0.1884600813609864,0.167402743419526,0.1969712459288288,0.1559029519034567,0.1650422930269215,0.1706267865354576,0.1757236440030318,0.1611335823928783,0.1751804898699624,0.1556022268937908,0.1734001047515221,0.1754442525375452,0.3927465344649263,0.3986018125280743,0.4084412763289542,0.4378489771255438,0.4138663656343482,0.4241405718150375,0.3847788163009653,0.385711531750708,0.4026810103690295,0.4393495160358327,0.4258031325432263,0.4171177634753427,0.4082783310064535,0.4182071966840546,0.4170650111412719,0.4416511853113043,0.4202965930885689,0.4187023596407151,0.2006008603574081,0.1941076659016829,0.1968244040684368,0.1838821888012738,0.184937672882345,0.1845083515022487,0.2047051738979313,0.1886839043310431,0.1918193666481187,0.1818387455309711,0.178702575921239,0.184548794255825,0.2042373353524418,0.1898397509470832,0.1972986662477325,0.1818123432767713,0.1799184712172348,0.1823873930844648,0.2867204200056967,0.3099500577302656,0.3222876237141676,0.2747364887284256,0.2636856973179142,0.2848682066979862,0.2828703695041739,0.2934581613387514,0.3183311455119799,0.2635118788394734,0.2640254389654046,0.2631986778706938,0.2835243276126888,0.3388568903725932,0.3145416869514363,0.2580465900133042,0.2556293094263324,0.2714259633211355,0.3092222490347787,0.2888094877090168,0.2645931910567967,0.2797027472306901,0.2788953794645579,0.2811438845899445,0.2825306097433753,0.2780197567702522,0.283280876705053,0.3000296929013402,0.3893891747900149,0.5776022005299524,0.427979554223878,0.3482257627636436,0.3796021745778404,0.2826503724188214,0.2853141312821137,0.4229836528229924,0.2300546734339121,0.2313997122708642,0.231112156868086,0.2302062630699488,0.2280130296440887,0.225145537723062,0.2243486238557182,0.2217754543286005,0.2198432877949265,0.2519809542136073,0.2413535807299425,0.2536627204394754,0.2275044895579938,0.2356026148757237,0.2356596858706865,0.2358544792753178,0.2256405267746188,0.2315899202537608,0.2749275435527529,0.24257837444231,0.2414971788321906,0.2382068368350083,0.2400451089268145,0.2420862784547139,0.2368336330796232,0.2468650816261544,0.2334240877351234,0.3933705281852653,0.3670633428414263,0.2355449813205439,0.2265127727450462,0.2386463578056421,0.2480945619512766,0.2315547947018856,0.2481403490959586,0.2537436220683631,0.2508029284624733,0.2470672609366282,0.2547345452470573,0.2964443842648592,0.2794489281574996,0.2650143144836221,0.2548790742410673,0.2696169773397869,0.2346479173000055,0.2617190817400896,0.2413283871398377,0.2410610627093561,0.2435750427650056,0.2368213086460109,0.2347711721085872,0.2904550774338048,0.27013913806298,0.2541555136591071,0.0537306044291696,0.077945694585896,0.0564332005101171,0.0473530893687765,0.1138773448931793,0.0,0.0621727459294696,0.092520708781425,0.0915471312482409,0.0498616225846859,0.1012990747034265,0.0482962887810991,0.0625317441132509,0.0861512201715584,0.0614359976316869,0.0497942757511467,0.0781246364489867,0.0528723002531421
D103_16_consensus.txt,0.368282819673734,0.3889888629451157,0.393710070848325,0.371532221739681,0.3890779700897582,0.4114893604669447,0.3669932088236649,0.4143446783953308,0.3966500029213549,0.3940032433301965,0.385029013439869,0.4205616928286133,0.3941972888880691,0.4007160607139468,0.3937744280672817,0.3659326050262521,0.3854931819650176,0.4058593325312642,0.1836376327256772,0.1677525830221178,0.1869879884144403,0.1676998927567154,0.1743285982492466,0.1865334693973395,0.1814455478021912,0.1665534062261962,0.1894722046905812,0.1696750750200912,0.1698996953419289,0.1735270046728843,0.1739839746343747,0.1621515724449409,0.1704966306128206,0.1686557507338477,0.1734476389571426,0.1736298837736143,0.3742572141268994,0.38075663597062,0.3936257971088572,0.4316247154299688,0.402389139028724,0.4119273816952251,0.3665417848405568,0.3677370763301333,0.3873704763621255,0.4346301151450262,0.4154368067551566,0.4073705935563865,0.3942911956144002,0.4034045221086941,0.4054075937878707,0.4348179786418278,0.410270992377395,0.4063481009370591,0.1703137416158959,0.168281998786405,0.1716263069417927,0.1667733264721747,0.168412289282859,0.164333388954482,0.1729233581377904,0.1666357592147491,0.167660611939894,0.1653798695004553,0.1647874939298717,0.165072254841796,0.1720157682307821,0.1659987746174032,0.1710893299003508,0.1661676585585176,0.1632665265683179,0.1627900350610716,0.2484441495051292,0.2743821021660046,0.2772941168557601,0.2469037239483569,0.2343339433302489,0.24783886577233,0.2457229741600599,0.2563845215837936,0.28349605577624,0.234590945296631,0.2402001043812234,0.2326966289349172,0.2487395021073908,0.299886197186364,0.2766992439698299,0.2294582229417159,0.2283110180379743,0.2373873684676617,0.2624504781418721,0.2490963222317468,0.2263294726278921,0.2406521264902963,0.2403170546359518,0.2404423075516959,0.2398582732939154,0.239610088523964,0.2429970085808079,0.2520592289029864,0.3272999981442694,0.5038155193220462,0.3586040868384543,0.2938316313692368,0.3187202646214686,0.2444088387324576,0.2451118777661278,0.3605993421897473,0.2147645515788596,0.2167475622339765,0.2146207819749435,0.2117848841759588,0.2146811213439328,0.2151156003549381,0.2093077432420287,0.2096137876329571,0.2056884601061703,0.2301213209841179,0.2292144778736045,0.24015763333297,0.2130196839195939,0.2236943095899235,0.2185420065850856,0.2175978222915624,0.2142451091246542,0.2209743962410399,0.2547432027589131,0.2225826391377126,0.2230599398495307,0.2130941992039261,0.2232581098534432,0.2235194027170663,0.2177944118319175,0.224760428261753,0.2129361034911987,0.3751461277696606,0.3463624411370318,0.2161110597515794,0.2077542963761374,0.2189984087284457,0.2286082778801414,0.2135889774664114,0.2266142070081862,0.2344351286351695,0.2345180748161297,0.2374992906901667,0.2432863015464583,0.3056786056478238,0.28125013326067,0.2597506467387376,0.2405685036407341,0.2643878289585792,0.2277624808187646,0.2681500202851516,0.2394452732003635,0.23160266773424,0.2221783718297025,0.2249795977157305,0.2198841752160056,0.3027670898976744,0.2722222110108205,0.2479779861260134,0.0548578194092073,0.0738627975797356,0.0636138501197436,0.0740761002090195,0.099920110295983,0.0621727459294696,0.0,0.0769852711403835,0.0763683066792779,0.0774433505717304,0.0866486612497432,0.0603344882261396,0.0542138234004738,0.0722551154397166,0.0578096160525163,0.0774564635791961,0.0667214111407226,0.0690525731794267
D103_17_consensus.txt,0.3849293821766864,0.4037649445416491,0.4090007100781072,0.3887759086881353,0.4035802713391199,0.4252656876381593,0.3845537374456569,0.4279874111063151,0.4127196571846134,0.4101339773065291,0.4010362885680152,0.4340037010177404,0.413609869061279,0.418089099573276,0.4086433031426253,0.3826311244353029,0.4014464186463939,0.4207613889416315,0.2159294055589313,0.1982986824635517,0.2173612420410755,0.2022558849616089,0.2068213128356006,0.2185330076798237,0.2131999444366314,0.1967345646059399,0.2192939290557873,0.204874403678744,0.2036458542957646,0.2060189532610294,0.2062906821219066,0.1950355193658488,0.2025431872378646,0.202539179995,0.2049486555731263,0.2074349148782914,0.4024046327509616,0.4090458245456609,0.4227034519190198,0.4632042344510587,0.4323361528216658,0.4419659983143944,0.3942837550830589,0.3967402564658933,0.4162405022616191,0.467335471589859,0.4468208620483267,0.437749717711128,0.4236803823129023,0.4344839870320953,0.4365540917839574,0.4661590800428605,0.4406722073384479,0.4349667215166199,0.1931078364739633,0.1920018161299808,0.1930073909269545,0.1925836608847397,0.1925540572895983,0.1879185294277832,0.1956903511948056,0.1907050744908716,0.1895250583291492,0.1915359400077534,0.1894416147883362,0.1897238638887337,0.1940135423266937,0.1897141484677504,0.1923893830744241,0.1912960047739424,0.1892551656948811,0.1873703312809276,0.2703573875618339,0.294572379670587,0.2951516115037904,0.2728754004123388,0.2592741633199686,0.2701784841583006,0.2674400502579139,0.2777326640285764,0.3006032049647729,0.2598639917216232,0.267108738231947,0.2562081253958332,0.2723994214850727,0.3188777639301392,0.2976006288053447,0.2537485269265609,0.2517586872422583,0.2612634664991695,0.2791652182102169,0.2671404238419939,0.2456339770215265,0.2620251187990376,0.2606966581034236,0.2596252908904404,0.2591974791936451,0.2593475489123378,0.2617174777703184,0.2702956662782796,0.3426646817039511,0.5154886943418049,0.3719029824004956,0.3102784721721718,0.3339480405252963,0.2645210990067177,0.263741513335642,0.3732184641080849,0.2430396472152658,0.2470293917634904,0.2428550591982201,0.2399367108228141,0.2444214662880703,0.2446311518854322,0.2371822600584181,0.2398114834056954,0.233435644827356,0.2585217884954218,0.2596911793231555,0.2707368524519005,0.2420497163385775,0.2550842352161879,0.2473270648741774,0.2453022406976046,0.245230125579539,0.2512627085215939,0.2808963170311429,0.2530033299000322,0.2509528450180127,0.2400131441301596,0.2505517116616076,0.2513970010621982,0.2443157727537226,0.2504070196431094,0.2414343702437413,0.3996832955133875,0.3697246494554065,0.2434861988131693,0.2354297987956286,0.2485960385750942,0.2571790459962457,0.2430998883227673,0.2541303561340982,0.2628102467685593,0.2627795138545359,0.2682288963205437,0.2743056949275768,0.3423428538301749,0.3147165820810009,0.2921943582873929,0.2682883838393799,0.2974310756929625,0.2595118872275748,0.3034337777197393,0.2719634695767645,0.2619077282213204,0.2496258076885311,0.2543852794816814,0.2492980853825877,0.3396033362522814,0.307105520261647,0.2793299370121787,0.0807491148836803,0.0951178087277071,0.0890726157280639,0.1027611875705609,0.1202940166823722,0.092520708781425,0.0769852711403835,0.0,0.0906516110119639,0.1062342342030291,0.1065525599509911,0.0860719760266839,0.0781945237113461,0.0908151055047739,0.0823411094117254,0.1056504940124654,0.0915949733104461,0.0964437365926684
D103_18_consensus.txt,0.368452186959832,0.3846951718844131,0.3894298176926689,0.3699533324054691,0.3839514402090209,0.4069825369940467,0.3678778459367038,0.4114031538155061,0.394852783210716,0.3926509410730112,0.3832179560664173,0.4150349473445516,0.3975063075676672,0.4012783994774409,0.3907201067176551,0.3634091935028429,0.3818366103112005,0.4015076753607118,0.2111734981086606,0.1952776710542849,0.2111026927866071,0.2000356640733507,0.2017249123261706,0.2125017359124257,0.2071779170890337,0.1932325933123451,0.213848866336388,0.2026568492431195,0.2004653065126334,0.2016478671530208,0.2020578518010509,0.1910036053826935,0.1954470430089401,0.2008017054545732,0.199206497370227,0.2028129939611886,0.3869025781648361,0.3932434799311366,0.4068675525116774,0.4498825749061055,0.4179074302340275,0.4273678734629484,0.3775762483098503,0.3791067966658943,0.4000538152699278,0.4536738443595851,0.4327457928513745,0.4244995260098712,0.4084715382926625,0.4179124656940445,0.4205437958735629,0.4521264373548597,0.4258067577527953,0.4203007761769584,0.1724459339279676,0.1745732290119832,0.1761031734866129,0.1769829117506312,0.1790918486878041,0.1724449572228508,0.176087542637763,0.1744159107226117,0.1740509902414686,0.1763530886966293,0.1755621569133012,0.174518294570543,0.1738265159332606,0.1725981294254239,0.1765290384732338,0.1766877727522136,0.175664080960832,0.1712674726679033,0.2490766623460345,0.2741989285049868,0.2707449583641903,0.2545535016966127,0.2392285271308587,0.251504465592486,0.247163244662147,0.2574959013384053,0.2815971617379631,0.240016963540711,0.2481516309884917,0.2386679295908322,0.2523113544005753,0.3013449017690561,0.2789351034226683,0.2353649795952463,0.233988151329008,0.2414218808685433,0.2567957884100664,0.244819299449162,0.223558053414596,0.23763689990421,0.2373238264910355,0.2355202381713041,0.2350583183747829,0.2376924708058645,0.2385770580672108,0.2433978413271447,0.3110122634351491,0.482388727595552,0.3386167410745173,0.2804959971669802,0.3030614479367912,0.2410517939836722,0.2392436849817478,0.3478298383502363,0.2303186638019738,0.2323849262517754,0.2295124414682732,0.2252518386209097,0.2306515472530605,0.2328372312274069,0.2238556517241896,0.2274686585342316,0.2200585350792145,0.2417143673947279,0.2456973737260241,0.2565741313183771,0.2283204047647977,0.2412960426628352,0.2324897489381001,0.2301742466242196,0.2313950453937359,0.2387138531713333,0.2590671616659463,0.2317025034548798,0.2308799329460455,0.2183824109924543,0.2310789182017245,0.2314675192702679,0.2253892213774442,0.2292509730386918,0.2210561598188221,0.3731763509077481,0.3533243040400897,0.2226218256203154,0.215198265483842,0.2280071002911228,0.2348910452710697,0.2228180246264059,0.2322937063690702,0.2407009156089685,0.2499935014722254,0.2559115313127051,0.2622124507313614,0.3354409562930662,0.3069388989435069,0.2819188402869841,0.2554172715748493,0.2860744324635718,0.248324190579563,0.2964607764270042,0.2636741382661043,0.2497099030208254,0.2341920883952148,0.2422586856283004,0.2359207621925421,0.3331398990601002,0.2984397860601468,0.2692126482108783,0.0771506965459281,0.0921949032310109,0.086683328848764,0.1063191570922548,0.1102011271697982,0.0915471312482409,0.0763683066792779,0.0906516110119639,0.0,0.1114141076670947,0.0959984227407488,0.0861875241117573,0.0712135452832569,0.0848658408451008,0.0741549947540711,0.1115339058569127,0.0833444109029422,0.0988121093005709
D103_1_consensus.txt,0.4508776280553164,0.4838177213481103,0.4984806400848995,0.4591544985341222,0.4901359993409286,0.5112500164801048,0.4482553161799458,0.5050021007309731,0.4949060029547212,0.4804869878371285,0.4764320794795154,0.5162272745516603,0.4598240883846927,0.481174520605176,0.4879873208475622,0.4572126615681355,0.4838895437613573,0.5023574546504861,0.1986664331283059,0.1736893888622077,0.2066690132458966,0.1479227965449148,0.1802565443812085,0.1944457605041769,0.2013402945347557,0.1752935413698324,0.2101188505075448,0.1435119800202855,0.1640118415144478,0.1746568644869413,0.1820075979221194,0.1661011305788164,0.1866794928222788,0.1488924255691266,0.1811886758485243,0.1829108168242683,0.410337288084829,0.4171434141317114,0.4239594553640096,0.443053533116565,0.4255138398226883,0.4364193623341172,0.4046314494213519,0.4048555875374511,0.418668542797878,0.442323228867842,0.4351477570459181,0.4257874199125879,0.4228574002391241,0.4320706617862981,0.4271494152600361,0.4475855973922762,0.4306747955305283,0.4316962035316898,0.2412074350274053,0.2291073653465716,0.2350374899497538,0.210276474574595,0.2121940305724692,0.2158421887630197,0.2461610500513487,0.2218708164734408,0.2280701713822601,0.2071684496556898,0.2036617473157811,0.2146849998908919,0.2463841377094375,0.2237687313229628,0.2368551639865153,0.2070503337209999,0.2052926212778238,0.2134647913479703,0.3349433064275011,0.354828643542497,0.3835954291726153,0.3107146566987744,0.3014568117520291,0.3298449888382606,0.3299933275071538,0.339388996731909,0.3638215064371977,0.3022313455951071,0.2950111073092145,0.3034353416482815,0.3263645447841696,0.3894491957748016,0.3620820614473174,0.2967289451788772,0.2934470660944157,0.3165934564814314,0.3765898862338481,0.3536447032116392,0.3232229738100329,0.3373762613753044,0.3379799490469537,0.3424832420717187,0.3477993616136849,0.3370924822341266,0.3452286942146436,0.3672449415021006,0.4736703580348766,0.6740259600006127,0.520999910911776,0.424036823088386,0.462831521243551,0.3416497108841625,0.3476492133946571,0.5079339879534466,0.2564392874389867,0.256401538955167,0.2572735087205657,0.260332027248527,0.2506748405599097,0.2458754412839532,0.2508162138034713,0.2421769224376504,0.2438124010647158,0.2842604596383964,0.2643954733799099,0.2736096534726613,0.2528111343966159,0.2563017976759099,0.2646374554579438,0.2675539601321652,0.24651891393842,0.252512258268375,0.3066083509328088,0.2701347625777863,0.2671186068677009,0.2726475484761792,0.2649815221265399,0.2692702943173515,0.2661536215133147,0.2804077560711526,0.2590694910527595,0.431649018546441,0.3996002720013472,0.2657147867696778,0.257129966430508,0.2665301414095538,0.2735176474096619,0.2588259627161164,0.2794365403624574,0.2833484128314936,0.2723072393677199,0.2631417340894089,0.2692350286290974,0.2846692376411717,0.2790706393848587,0.2733065178535092,0.2743152659505981,0.275625830159008,0.2439572955389835,0.2548315853581755,0.2472079107075018,0.2561142196433756,0.2753168469964073,0.2551157656672131,0.2575421330564929,0.2785773728638396,0.2678228251184578,0.2657249227550267,0.0592945567091405,0.0888665372778092,0.0567866328735533,0.0284734915743491,0.1442837723629182,0.0498616225846859,0.0774433505717304,0.1062342342030291,0.1114141076670947,0.0,0.1226421078803667,0.0434085589756243,0.0802112875488241,0.1076579657434315,0.0703546601420725,0.0251109776548297,0.095934489747087,0.0444196140145862
D103_2_consensus.txt,0.3671614377172538,0.3831135849754545,0.3843200867972633,0.3684847332685024,0.3800692571339823,0.4032190809854867,0.367617167384008,0.4100198101602714,0.3879541524675751,0.3891587585902698,0.3820908327650372,0.4109981190856118,0.4006209602142547,0.4039512300881291,0.3909510857601823,0.3620865582976194,0.3773404724147298,0.3978306136240377,0.2280594209231026,0.2117609374491635,0.2272361910884299,0.2186972154310424,0.2188457106051906,0.2311184645203674,0.223778398442505,0.2097644623437915,0.2306813342602716,0.2225211065473047,0.2190883007611255,0.2188776558730403,0.2197600596421196,0.2062986181102708,0.211512459619378,0.2197324505932449,0.2169626803979625,0.2194184716799299,0.398658437101151,0.4045460321132381,0.4199004303888785,0.4638234305838296,0.4310309123295681,0.4408653655397287,0.3889704444156834,0.3912501790542464,0.4120109116531196,0.4694187375802094,0.4461145754315794,0.438914725325624,0.4215314208581588,0.4298315456176347,0.4354072122425165,0.4676039392200302,0.4394133596060214,0.4328198282343685,0.1758212785743111,0.1765009075467816,0.1773073793497026,0.1802271070318326,0.1827486001430358,0.1760730778677199,0.1777893590440911,0.1787163866230372,0.1768020690963574,0.1810812046430712,0.1810279827063006,0.179274407393926,0.1746614115236262,0.1753584510532029,0.1764453876372371,0.1798235343697598,0.178179231927551,0.1737964966881549,0.2569389919441249,0.2861238560381345,0.2763966565813156,0.2655630137118123,0.2495544813584089,0.2605487425151906,0.2560829932989286,0.2678697301563844,0.2926399560521346,0.2496205530635364,0.2607884960482849,0.2474042176227691,0.264330289273559,0.3056199421773051,0.2851848705165096,0.2443017216273659,0.2430967730832876,0.2503079366984551,0.248827933555102,0.2341991759917476,0.2179837342828676,0.2302702603483268,0.2281966884530604,0.2281682254190009,0.2283350649141837,0.2298431496967126,0.229393326771266,0.2365307668211471,0.2970520961071763,0.4603872736806593,0.3221730500356869,0.2688837672824853,0.2890482650801189,0.2326126013749849,0.2314503748627672,0.3324687056216859,0.2357251091465144,0.2374629896588374,0.2375571561471332,0.2316972727339639,0.2366592696242762,0.2385732703874836,0.2314735859271195,0.2332901978049228,0.2280857142306374,0.2471176560029704,0.250871500930554,0.2621874221474947,0.2336738213475726,0.2464147092578521,0.2362385768221528,0.2350098294121103,0.2377425307275693,0.2448513594478889,0.2639140682376251,0.2452774392175207,0.2438079156680146,0.2255841660671436,0.2406925700372362,0.2440399651750766,0.2317001931256115,0.2368298419654237,0.2330207330628297,0.3735385713319026,0.3641895357388094,0.2323047179802344,0.2244363981632773,0.2417489371936803,0.2511945194518041,0.2357190438949601,0.2424691666840104,0.2504385888260003,0.2593475168129835,0.264871382451485,0.2739498314988822,0.3541210087984865,0.3204817731285345,0.2949107172170251,0.2670903365931423,0.3008400471442201,0.2622306763250357,0.3110449610340282,0.274895597838583,0.2600710212334327,0.2412424034063924,0.2526411318087156,0.2455659145580071,0.3504697097077951,0.3137210902994631,0.2806363546756749,0.0865055899502209,0.1005233450393916,0.0974463101002136,0.1198227814283399,0.107416195837164,0.1012990747034265,0.0866486612497432,0.1065525599509911,0.0959984227407488,0.1226421078803667,0.0,0.0950771194972155,0.0764823172238848,0.0931400525063885,0.0843363341064709,0.1252552877005399,0.0839363227566423,0.1126810374653857
D103_3_consensus.txt,0.4007887356583914,0.4269143494423915,0.4357306333454716,0.4066792568409241,0.4292992083667748,0.4523715874602061,0.398755886659103,0.4501237822448622,0.4363466175143635,0.4280616982632992,0.4220083220150776,0.4587203148655661,0.41828295381098,0.4319448675164885,0.4311868531850997,0.4013678312812772,0.4247792725416168,0.4437647807880438,0.1792541970954495,0.1582853784490865,0.1849170901377341,0.1471337695621208,0.1664039439446369,0.1788722779359233,0.1800649066504291,0.1602196111034679,0.1887134086381792,0.14669012266652,0.1564020678425564,0.1624920587919049,0.1670979589634882,0.1538924144250302,0.1670540755199461,0.1480312259997269,0.1660734338045486,0.1665167959684339,0.3864173046153141,0.3922365226235769,0.4029108471139544,0.431160034650567,0.4079809003420607,0.4185323177386131,0.3787383354884852,0.3797537128049093,0.3967611247668188,0.4329715934328817,0.418785874613949,0.4106840106939096,0.4018129895705407,0.4118561724444198,0.4109409966667314,0.4352257845092886,0.4144455468411614,0.4124070156915635,0.1953323526985251,0.188640919255782,0.1924472416937419,0.1778697109552141,0.1797078045925317,0.1792792246262422,0.1996589293918091,0.183930471086164,0.1864375910155153,0.1758697099055162,0.1731141199977486,0.1800351257902441,0.1990237057266455,0.1842172152123566,0.1923871194142457,0.1760128571749533,0.1741084037800675,0.1769278491217321,0.2804339377028562,0.3029642136819888,0.3186799025542157,0.2691411043446621,0.2576209721694802,0.2778301397192209,0.2771426449722227,0.286615893257661,0.3130489456844785,0.2576230495348923,0.2569702790249089,0.256359317668192,0.2771140478586602,0.3322977695172433,0.3085047235227058,0.2513845343339511,0.2491534916034332,0.2655795314139908,0.3057491542180237,0.2866366320513194,0.261491454375836,0.276804760810986,0.2767587429522002,0.2788569985564244,0.2810101867598042,0.2755231492310486,0.2816052193271545,0.2977232989774343,0.3883638828344331,0.5771581076131191,0.4272772098698176,0.3470859212143686,0.3778392383570548,0.2801001457799401,0.2826321415029547,0.4206783700094973,0.2239686347491911,0.2256781218440693,0.2247738671659007,0.2246624401685366,0.221505889691258,0.2185410336138318,0.2181136163085177,0.2154564087004402,0.2132997046163076,0.2460142762902926,0.2359734939693503,0.2466974257418179,0.2218089072260909,0.2293692080091354,0.2298183956397785,0.2303331715117949,0.2189640362501208,0.2249638235700573,0.271763755826484,0.237580597340461,0.2369535951520021,0.2344043063239524,0.2359766552949622,0.238153641015387,0.2338959939556453,0.2441404680899239,0.2278762709070676,0.3913737275005005,0.3649904642112815,0.2319281816541725,0.2226852944634814,0.2343095497061256,0.2441870407359196,0.2274169211474799,0.2431945486124291,0.2486586581605117,0.244268504813661,0.2406743061596756,0.2473931714914883,0.2875274634856808,0.2724871337427359,0.2573055138576485,0.2480456883715902,0.2615031239294296,0.2280018772750587,0.2523867459846016,0.2344619309504736,0.2345267284653758,0.2387032751012867,0.229838456711235,0.2286870484626995,0.2829774598615238,0.2621408636896269,0.2482656353980132,0.0482861553185181,0.0718684895784491,0.0515935844474491,0.0427479718078096,0.1128944302956966,0.0482962887810991,0.0603344882261396,0.0860719760266839,0.0861875241117573,0.0434085589756243,0.0950771194972155,0.0,0.0560220178434889,0.0813270286305574,0.0558096040571598,0.0435379436022813,0.0742367799021579,0.046479816708981
D103_4_consensus.txt,0.3558363437934382,0.3748261109767092,0.3778374547968219,0.358272895966234,0.3751337183811927,0.3966644478819745,0.3558948876857926,0.4010153024936045,0.383515119082233,0.3801388787440949,0.3713262320143826,0.4055247422404271,0.3832690533807295,0.3881767747207192,0.3804277604004475,0.3524072407381418,0.3714875155712036,0.3908239071875137,0.1845935315373843,0.1692860944445051,0.1887311563206282,0.1715309114474479,0.1761038971406527,0.1880420683185164,0.1832942651120639,0.1679623472173688,0.1898932092699148,0.174522027551145,0.172974944689475,0.1745469937584722,0.1760573409812273,0.1633274894687311,0.1721527234318287,0.1724116979726027,0.1751466601996938,0.1761419333423219,0.3691191096156778,0.3747119455050018,0.3883776742430598,0.4287458317052461,0.3984175293611471,0.4073664684101921,0.3600640472377527,0.3619426313003622,0.3819704414157172,0.4321140454331704,0.4116466474120983,0.4032778463334381,0.3887629789171711,0.3990538330228403,0.4015736338396394,0.4311489535873001,0.4063090385845953,0.4007809135218281,0.1599734414898783,0.1592409955059466,0.1629119434120731,0.1585085500281025,0.1606035158997834,0.1560395846339162,0.1625548952419464,0.1572527775032632,0.1589523733790372,0.157634521058938,0.1571164718180924,0.1575171702486457,0.1616758598746841,0.1569006477814412,0.1620619462088157,0.1582743863937779,0.1566348466588962,0.1540066211574142,0.2382243210342629,0.2643565348845769,0.2634947023502789,0.2411936773657501,0.2262747742229827,0.2406613698461726,0.236409799926978,0.2480170605436455,0.2740584928433094,0.2269882785867416,0.2344017245202074,0.2241576709034198,0.2410098026039229,0.2906660835934644,0.2663036709619639,0.2214156082362528,0.2197821449797743,0.2281354531460202,0.2506623807899473,0.2347250853036442,0.2149853551289418,0.2284758963834505,0.22725759421483,0.2273264953367046,0.2277617132736153,0.2278380009701628,0.231136158469333,0.2374986278860404,0.3097867230626043,0.4845254400045036,0.3393284574685857,0.2776426309028856,0.301296032375248,0.2322821732434121,0.232015638821057,0.3448229974328924,0.2113918575270119,0.2137489797845617,0.2123693517366192,0.2085030241256298,0.212641074752085,0.2130749344613889,0.2069006512524609,0.2077309444310309,0.2030006752899069,0.2267093207098653,0.2268681911776191,0.2387903276338221,0.2102773733077541,0.2219859547040599,0.2145937283931509,0.2130812070697452,0.2129551603004849,0.2192963725587731,0.2447434072412946,0.2147574267990819,0.2155955195973327,0.2027082121824825,0.2138677744261059,0.2162582460826883,0.2090486262381539,0.2143702092043078,0.2058099171375857,0.3621946554948927,0.3368268215238892,0.2060098894169719,0.1966998135003841,0.2095457083708503,0.2209491552217883,0.2052995781803197,0.2150523881933672,0.2249986782483546,0.2307073764483718,0.2347402715616944,0.242222679773171,0.3094933142006937,0.2827038676402402,0.2599210981151962,0.2384386986817013,0.2644333406700561,0.2275775680367573,0.2693412152526591,0.2388062517154097,0.2292724014431044,0.2177908490858442,0.2214428837239346,0.2166084810647817,0.3053242810352472,0.2735187518868898,0.2479961006453948,0.0512166945262428,0.0710656832221729,0.0611471008644457,0.0743069549674508,0.0921836699107849,0.0625317441132509,0.0542138234004738,0.0781945237113461,0.0712135452832569,0.0802112875488241,0.0764823172238848,0.0560220178434889,0.0,0.0635730441875495,0.0537886545266417,0.0797968038966772,0.0622399949908576,0.0696136693291897
D103_5_consensus.txt,0.3730216199045628,0.389506503992564,0.3906114403342755,0.3741931405096999,0.3869549759450734,0.4097635913902167,0.3728144267014563,0.414548163263877,0.3976206201093291,0.396216380218739,0.3874256252101027,0.4201628496191674,0.4032902192733765,0.4053732037236202,0.3946013282518379,0.3675195633641266,0.3865331984398494,0.4051506791725998,0.2094259933845847,0.1951627189165279,0.2119341396522678,0.2006335936394521,0.2023402785676786,0.2121510709675789,0.2061626031920234,0.1920897629355238,0.2144113643472422,0.2036410847650742,0.2006443299608165,0.2022035878133259,0.2014461156578093,0.189987744112571,0.1954557095977023,0.2013883524446775,0.2001746421599044,0.2011805285059225,0.3886207094603549,0.3950890720004771,0.4087634002995308,0.4515743148672939,0.419062263519212,0.4293139267290229,0.379301246637457,0.3811603354368031,0.4017296516502924,0.4555210183837488,0.4331943479493674,0.4267428097374548,0.4096531029456187,0.4204360363178523,0.4231719014293524,0.4540888876479627,0.4275278203335304,0.4222238907932443,0.1796463061779007,0.1800587381120024,0.181450568990062,0.1817899967806511,0.1838797574081958,0.1769070917176343,0.1822689412978952,0.1790790384611185,0.1784827425885922,0.181447587313638,0.1800595978227086,0.1793888841515531,0.1804567298460568,0.1774431192138763,0.1810076617407503,0.1822083416280264,0.1795948825059774,0.175862058717044,0.2533697732270816,0.2815542236192137,0.2775707003244534,0.261048534842125,0.2472447227313665,0.2577338062009779,0.2542875008031231,0.2624649498172289,0.2893116105454609,0.2471204124332153,0.2578774772213101,0.2443590812288008,0.2606069258224259,0.305591286542473,0.2839192375211041,0.2416321545288795,0.2402656253103856,0.2476813225089635,0.2604201354113762,0.2484016096981562,0.2284897551283649,0.2432718488675007,0.241842552239639,0.2413701238192693,0.2396736668386623,0.2425011532283782,0.243327928423394,0.2495796465688933,0.3171256945522493,0.4889060134997258,0.3444794661831771,0.2872355163077742,0.3083404025822922,0.2464469800339443,0.2457656462350783,0.3510580564922669,0.2320564621438379,0.2359584148320515,0.2322271972727563,0.2280827940189205,0.2325007741585878,0.2348334533657521,0.2263690595050889,0.2298261128175092,0.2214954288404911,0.2449095835940369,0.2485523533698774,0.2598328600247654,0.2301930085375829,0.2438493865031148,0.2350183446268161,0.2311151632203341,0.2341310058138219,0.2403958099973557,0.2670120844638219,0.2392450686401552,0.2396824909729957,0.2247831494945416,0.2370201107693041,0.2389036619563711,0.2307287948875505,0.2355323291824653,0.2293521356444081,0.3809802542726572,0.3588461190677385,0.2294697585809544,0.2217314939119639,0.2354758251029984,0.2444402500940938,0.2301831368929328,0.2401875346860151,0.249594180986044,0.2543711434915394,0.2595210901208844,0.2656389758649737,0.3417895693266217,0.3122948171021953,0.286815635116195,0.2602111544334029,0.2913916486465133,0.2530153281246328,0.3001976556113384,0.2667216262651806,0.2536339212432068,0.2376509944787628,0.2455321440321611,0.2394782856460935,0.339122864904251,0.3028789916547332,0.2736689617434038,0.0715471352425858,0.0868318683924052,0.0825691005036048,0.1024514292387053,0.1050545813411929,0.0861512201715584,0.0722551154397166,0.0908151055047739,0.0848658408451008,0.1076579657434315,0.0931400525063885,0.0813270286305574,0.0635730441875495,0.0,0.0684047039469213,0.1074170531383345,0.0787309735885806,0.09403981086054
D103_6_consensus.txt,0.3677439637223223,0.3891329922208335,0.3934303407167903,0.3703733583620874,0.3897312258155914,0.4114779564997342,0.3669438346764764,0.4140227646990766,0.397531258018919,0.3929192281657272,0.3866769223901016,0.4204437235076099,0.3917809275341177,0.3998824149164832,0.3945698054367383,0.3662595594084727,0.3853487525134476,0.40547464434594,0.18104156277494,0.1642850048718145,0.1852932299202194,0.1613126249653085,0.1706274363055939,0.1825561786389045,0.1799181974512897,0.1635876682368611,0.1874235063799574,0.1626144214334246,0.1646681181949247,0.1694488081855532,0.170709068310888,0.1579983508939229,0.1675534774532217,0.1620813921422019,0.1700527227699311,0.1721071551534159,0.3725343003974117,0.3784572267549073,0.3910763682661553,0.429138159272302,0.3994465410277392,0.4096862824859713,0.3645296183984783,0.3659410166891028,0.3846757084859646,0.4314584975815769,0.412544768501629,0.4047448644047016,0.3918910251665615,0.4007725049865769,0.4024423358515072,0.4307197653843104,0.4072376349539652,0.4036682009640131,0.1694758670953042,0.167542673808434,0.1703973363149273,0.163956086652977,0.1658504084486338,0.162146586697002,0.1735076515000493,0.1655906725915272,0.1664896558917767,0.1633024077334894,0.1621655688732737,0.1639549728262856,0.1716306486989189,0.164799349902271,0.1705459553159301,0.1636358537401037,0.161984229917131,0.1607236851426776,0.2511712441729798,0.2761984622016129,0.2807409231818099,0.2502307420796974,0.2371365347558587,0.2508457856890551,0.2481452786100497,0.2586768915451642,0.2854418347203875,0.2367678079603266,0.240966076258374,0.2352070528829273,0.2523905828777621,0.3051936392103762,0.2803127959904721,0.2312746171949946,0.2295496086255397,0.2406505108520811,0.2656186291231606,0.2498128374010733,0.2278125677000453,0.2412836690264796,0.2406853016769474,0.2407565848305282,0.2424344327669523,0.241239382868116,0.243601771531253,0.2538469645094103,0.33029562783463,0.5093510278272539,0.3629805219581783,0.2956482255814485,0.3220039204749199,0.244220462908661,0.2459281837383891,0.3662745164792085,0.2145008138855573,0.2166482133414469,0.2150743891932762,0.2127433837105812,0.2142965365076534,0.2134614524804341,0.2092845211847063,0.2094405700148627,0.2045300016507987,0.2302555204918874,0.228242291626131,0.2388773541424314,0.2121873667420146,0.2218407029181612,0.2183698567482821,0.2177084231314161,0.2126864707082596,0.2197573873022449,0.2510968649957092,0.219592125585482,0.218911440089446,0.2100082053740806,0.2180466548609736,0.2193884611481387,0.2132218265503311,0.2207176063813918,0.2091375510897108,0.3684475998653731,0.3410653362665314,0.2116651477777189,0.2027063823655162,0.2155591477611693,0.2249967056031181,0.2094406050714639,0.2217233509480536,0.2299330060996602,0.2342107634168968,0.2369181044925454,0.2435148301283973,0.3024751851122538,0.2796703758323211,0.2587883765795844,0.2404078193515104,0.2639220167498415,0.227276968442581,0.2654663081771886,0.237832986829872,0.2311723915931978,0.2241232560149448,0.2248408390744884,0.2203800086258169,0.2996138937214461,0.2696834197469044,0.2476569076288335,0.0524925268576339,0.0721529237923057,0.0586636872361907,0.0677369837282952,0.1003489109411255,0.0614359976316869,0.0578096160525163,0.0823411094117254,0.0741549947540711,0.0703546601420725,0.0843363341064709,0.0558096040571598,0.0537886545266417,0.0684047039469213,0.0,0.0699610638363132,0.067015006365608,0.0658285970123948
D103_7_consensus.txt,0.4463299978623922,0.4776922329700426,0.4926146534199844,0.454386544004528,0.4853198559282994,0.5064371868511159,0.4438675280062156,0.5003527825451819,0.4900305590087299,0.4758135741566249,0.4720271085198035,0.5108578612552641,0.4582223833121581,0.478695485474951,0.4858810316478426,0.452657495452506,0.4790814211330705,0.4971030972671677,0.1991996425607247,0.1721988953472575,0.2062852682798457,0.148164944312569,0.1798786966014169,0.1952192446163181,0.2008349017140247,0.174571300891273,0.2104996633672193,0.1436748146321704,0.1648346540671106,0.1741178699437853,0.1828915515533324,0.1653379368370302,0.1859250297536618,0.1483771046565394,0.1802167227401092,0.1822009651017957,0.4102347584690733,0.4165364579321426,0.4235651936546531,0.4426916941300973,0.4251147648751363,0.4355387798487342,0.4039275971959952,0.404204033514226,0.4183750147115646,0.4424999789418962,0.4344617758667866,0.4255989981388808,0.422304117105849,0.4319970759708553,0.4279599534901628,0.4472213518058332,0.4306687843418721,0.4313532919335294,0.2369223545683034,0.2251469169905711,0.2291047330486399,0.2056327582477237,0.2079455166634751,0.2112541958833169,0.24173327834934,0.2183067739216646,0.2231583733311097,0.2031592249653897,0.1994889103669805,0.21065523638498,0.2421388160242052,0.2196750994022593,0.2311852708566135,0.2029663773698935,0.201423472897801,0.2088003004362093,0.3330235760031677,0.3546988947738434,0.3818721864569419,0.3107301887952793,0.3005860069747825,0.3289869822395665,0.3287367599516173,0.3383667990181642,0.3620553456886171,0.300492357399186,0.295107578635033,0.3017605578304376,0.3266167141168488,0.3871005294379088,0.3616022650243451,0.2939209349339329,0.2914303350279645,0.31587061867668,0.3669684421432571,0.3416788059834807,0.3126811945052381,0.3258361584382356,0.3265296246786171,0.3312887019046044,0.3362535536511011,0.3254320547434126,0.3335157291582931,0.3569308730236393,0.460157517443605,0.6564038288853808,0.5074952388677048,0.4121815254708778,0.4490739878201069,0.3294175332729239,0.3359216767954507,0.4955669978103501,0.2486127575840129,0.2477507003583419,0.2497860504024629,0.2525461169584417,0.2431883122346434,0.2375272560421208,0.2433498017191233,0.2351730708186536,0.236591746000446,0.2760489498708836,0.256273136561397,0.2655051174564597,0.2441324910319338,0.2480113986220082,0.2551899332511276,0.2596798960760687,0.2383775748451917,0.2441773564906242,0.3031993522080682,0.2700080934141908,0.2673683751541666,0.2697469269717771,0.2647342153735188,0.2685257194671138,0.2635697158374768,0.2782379403698485,0.259424717010198,0.4272650162081177,0.3987861822568348,0.2646892630491031,0.2547590290541635,0.2664469328444454,0.274960814247418,0.2575935094338,0.2780272044780467,0.281927508673796,0.2708170502873948,0.261279520484873,0.2683685575357231,0.2864790589978554,0.2793430890759296,0.2726830257542723,0.2738210263889158,0.2762518732531269,0.2452561900589138,0.2545998033000316,0.2458985770081554,0.2544083280021283,0.2720633254111071,0.2532115765357048,0.255898129622377,0.2800884638247254,0.2687650772266643,0.2644608421461676,0.0581252145673865,0.0886943428478943,0.0569700284929943,0.0282830228772894,0.1423467104010924,0.0497942757511467,0.0774564635791961,0.1056504940124654,0.1115339058569127,0.0251109776548297,0.1252552877005399,0.0435379436022813,0.0797968038966772,0.1074170531383345,0.0699610638363132,0.0,0.0926535357553035,0.0441458069326685
D103_8_consensus.txt,0.3667295992234614,0.3853212329233031,0.3895274528665773,0.3686558095697769,0.384931477117977,0.4068134540187316,0.3652754116049124,0.4122058847839263,0.3938743257860366,0.3906287905119541,0.3836049675011637,0.4151854703707229,0.3959403533207428,0.4002010425930962,0.3934629397709379,0.363525031264043,0.3817482849337565,0.4014397787860346,0.2056924187771329,0.1889543525329102,0.2077145433206517,0.1909426085461945,0.1966177438587024,0.2071762200958247,0.2017942875578136,0.1876939332730032,0.2093834840484909,0.1922402026430099,0.1924872336217653,0.1943050651722444,0.1954387655143783,0.1839228606826282,0.1907789589508937,0.191372908050166,0.1944810757029706,0.1947692680365236,0.3878761856024297,0.3928398627072873,0.4064261981288126,0.4478755181651479,0.4164028300952722,0.4251880470421731,0.3778094539545122,0.3791541539062919,0.4003338936231166,0.4515474149013769,0.4305910364817933,0.4221527018051603,0.4074463145041918,0.4167470331974741,0.4194387901074634,0.4498925977702797,0.424187787562758,0.4193922572894841,0.172660776764367,0.1714181726462662,0.1736558902597877,0.170282818625143,0.1739132024255809,0.1685843861082716,0.1743163657061828,0.1707380284241821,0.1712833354410321,0.1717555839843356,0.1700761136969966,0.17166633340263,0.1729612459749887,0.1697470246793813,0.1739588872323416,0.1710674145075046,0.1698664931846849,0.1665753243362502,0.2536752674416682,0.2792800176510823,0.2785174132704355,0.2573477162737383,0.2428328916561355,0.2571276299653,0.2522731823363386,0.2642922121803153,0.2876339541570409,0.2425592185704346,0.2511904990165163,0.2404117687093823,0.2579694974917217,0.3028889539613715,0.2814332934009655,0.236410768809069,0.2354611609764774,0.24541246877952,0.2575148480253304,0.2429703179884086,0.2244668304915436,0.2347241775165116,0.2342837079687321,0.2350116808794489,0.2354947859387515,0.2356281786480067,0.2379305862172103,0.2445348377114804,0.3142218739142244,0.487621147478265,0.3442040713444285,0.2825556610015098,0.3056482182657341,0.2396942260979848,0.2387025067883712,0.3495176211756856,0.2270825516596097,0.2281788431106264,0.227822597393807,0.2238328911007521,0.226783965033583,0.2278340379081243,0.2221419702353344,0.2222771038458582,0.2181843197584534,0.2409991902719959,0.2407123597578646,0.2522995085785595,0.2249951799136234,0.2355790826967165,0.2289942152760602,0.2293522485120718,0.2271647563170589,0.2346735620947768,0.2583309358900507,0.2345072108567869,0.2333223565315805,0.219405752631161,0.2309201938878367,0.2332400596559836,0.2238493060242632,0.2312659329114694,0.2228135545885443,0.3746733157769668,0.3519317197835292,0.2242133887438129,0.2155049442592265,0.2295909284421,0.2407194520756732,0.2240838644628802,0.2346573651726693,0.2434681194285204,0.2452977039034785,0.2492159176957109,0.2551785460409093,0.3257393369930881,0.298501742285282,0.2751607996702354,0.2520290732459394,0.2804532655502534,0.2430543018237791,0.286319544593649,0.2536605940827741,0.2438520372227053,0.2302364557723635,0.2366711558418224,0.2311758528761913,0.3228974974123524,0.289953945492865,0.261829976604929,0.0662777805481233,0.0821277384078804,0.0761089212301229,0.0920746104812515,0.0984719291231321,0.0781246364489867,0.0667214111407226,0.0915949733104461,0.0833444109029422,0.095934489747087,0.0839363227566423,0.0742367799021579,0.0622399949908576,0.0787309735885806,0.067015006365608,0.0926535357553035,0.0,0.0857427357650095
D103_9_consensus.txt,0.4168461087473325,0.4440906437805196,0.4542690233550459,0.4233709703285129,0.4491061867253556,0.4703384751878765,0.415513198413219,0.4674605371326947,0.4546949826101176,0.4451942795335029,0.4392734216740663,0.4772860735374813,0.4333341414116134,0.447587033854063,0.4488218127814143,0.4194339375046318,0.4437633551944202,0.4622427850474295,0.1867133065976745,0.1650044266532653,0.1938713423097482,0.1506426768679674,0.1709269026929121,0.1855178387957892,0.1881902122560497,0.1659174150471791,0.1959576470012756,0.1487029718618124,0.1611995857833434,0.168071823105091,0.1743933790466982,0.1594307832121551,0.1754461429123708,0.1514105131124949,0.1716398031550845,0.1733124601167546,0.3968637543923172,0.4028212821441457,0.4125673699475705,0.4392263786503321,0.4166358018527027,0.4270407827185352,0.390484592178673,0.3907963119027293,0.4070429907832853,0.4397285357154565,0.4271829270417484,0.4189748872208483,0.4118280570824169,0.4219750288994319,0.4195917123616048,0.4430483986782647,0.4230060922165108,0.4217664147025104,0.2150382939353718,0.2061560805779194,0.2097390862956167,0.1934741899769889,0.1949012246585013,0.1960945516889687,0.2185199092655949,0.2001091554253449,0.2033863488639262,0.1906450004848281,0.187890148539541,0.1952550926109175,0.2187740283191281,0.2013286393073663,0.2099650379589874,0.1907677048932079,0.1887546315301804,0.1934453775670057,0.3002712570828549,0.3228732039585686,0.3422027695825065,0.2850467498293305,0.2736352676286877,0.2972094256041231,0.2951182478590546,0.3058580322040285,0.3324411424953197,0.2743747664290623,0.2719502033030281,0.2740227084146944,0.2932613840375353,0.3506478170132325,0.327631461786396,0.268005932799646,0.2655958430173406,0.2830253548414276,0.3305867323368403,0.3107918138447658,0.2855094204000252,0.3007044575396698,0.30008035847586,0.3026219707778885,0.3049856536479183,0.2984415716235702,0.3045417317705059,0.3239735246522741,0.418301511224282,0.6115173538181757,0.4591808571618294,0.3749276712510578,0.4084542769071646,0.3032707068129667,0.3066740357609312,0.4503161179243484,0.2354979580081853,0.2371583076156334,0.235219605001447,0.2366001061659872,0.2324867365864484,0.229796774656922,0.2286281018879314,0.2264925696570294,0.2239911598696693,0.2593220734167119,0.2476436864874713,0.2583659050633464,0.2336038286172339,0.2404291715233064,0.2417885351983564,0.2436571863006484,0.2297814959979227,0.2352720282218285,0.2874318608299333,0.2502254540846778,0.2517189702122238,0.2498667821296045,0.2498443381753432,0.2518303297309856,0.2470350497914992,0.2578507822803928,0.2420225480876823,0.4082746341371539,0.3795401027264269,0.2446170167309489,0.2363677782786304,0.2464766674835985,0.2559110043185342,0.2406273535589314,0.2583087689642056,0.263641219088246,0.2588116294042955,0.2536813417543726,0.2604442933090567,0.2937877558423309,0.2808062516220388,0.2686056515173867,0.2619130987143805,0.2721117481812243,0.238698091972882,0.2596714533412161,0.2449486694768765,0.2479412665299385,0.2553338769041957,0.2434151388711214,0.243338555560868,0.2886074052704757,0.2711719847735239,0.2594622750606241,0.0543445076965127,0.0821182131715545,0.0584147361333187,0.0446886451818819,0.128390575209913,0.0528723002531421,0.0690525731794267,0.0964437365926684,0.0988121093005709,0.0444196140145862,0.1126810374653857,0.046479816708981,0.0696136693291897,0.09403981086054,0.0658285970123948,0.0441458069326685,0.0857427357650095,0.0
