Sample1,316188_10_consensus,316188_16_consensus,316188_4_consensus,316188_6_consensus,316188_7_consensus,326650_10_consensus,326650_11_consensus,326650_12_consensus,326650_13_consensus,326650_14_consensus,326650_15_consensus,326650_16_consensus,326650_17_consensus,326650_18_consensus,326650_1_consensus,326650_2_consensus,326650_3_consensus,326650_4_consensus,326650_5_consensus,326650_6_consensus,326650_7_consensus,326650_8_consensus,326650_9_consensus,326651_14_consensus,326651_2_consensus,326651_5_consensus,326651_7_consensus,326651_8_consensus,326651_9_consensus,326713_2_consensus,326713_5_consensus,326713_9_consensus,326737_10_consensus,326737_13_consensus,326737_14_consensus,326737_16_consensus,326737_1_consensus,326737_2_consensus,326737_3_consensus,326737_4_consensus,326737_7_consensus,326737_8_consensus,326737_9_consensus,326780_10_consensus,326780_11_consensus,326780_12_consensus,326780_13_consensus,326780_14_consensus,326780_15_consensus,326780_16_consensus,326780_17_consensus,326780_18_consensus,326780_1_consensus,326780_2_consensus,326780_4_consensus,326780_5_consensus,326780_6_consensus,326780_7_consensus,326780_8_consensus,326797_10_consensus,326797_11_consensus,326797_12_consensus,326797_13_consensus,326797_14_consensus,326797_15_consensus,326797_16_consensus,326797_17_consensus,326797_18_consensus,326797_1_consensus,326797_2_consensus,326797_3_consensus,326797_4_consensus,326797_5_consensus,326797_6_consensus,326797_7_consensus,326797_8_consensus,326797_9_consensus,326907_11_consensus,326907_13_consensus,326907_15_consensus,326907_16_consensus,326907_17_consensus,326907_3_consensus,326907_4_consensus,326907_5_consensus,326907_6_consensus,326907_7_consensus,326907_8_consensus,326907_9_consensus,327059_10_consensus,327059_11_consensus,327059_12_consensus,327059_13_consensus,327059_14_consensus,327059_15_consensus,327059_16_consensus,327059_17_consensus,327059_18_consensus,327059_1_consensus,327059_2_consensus,327059_3_consensus,327059_4_consensus,327059_5_consensus,327059_6_consensus,327059_7_consensus,327059_8_consensus,327059_9_consensus,D103_10_consensus,D103_12_consensus,D103_13_consensus,D103_15_consensus,D103_16_consensus,D103_1_consensus,D103_3_consensus,D103_4_consensus,D103_7_consensus,D103_9_consensus
316188_10_consensus,0.0,0.0757839035253091,0.0483445404163589,0.0574094806852478,0.0387490393494509,0.215841250701164,0.2280930086675425,0.2176895871244184,0.3266631959473507,0.2161563237767865,0.2427487536521333,0.2198542172013518,0.2633377896775677,0.2249028832072355,0.3547317920189883,0.2291787253195139,0.2534330454067586,0.2366787902470051,0.2576442325543304,0.2536551297752503,0.3266540599373009,0.221563764670261,0.2014084657581492,0.272602538863314,0.1827913564151444,0.1898423876119999,0.2141425657901727,0.2096102967639943,0.1875931390961547,0.168944515550141,0.1694640928704203,0.2299628970906155,0.132110468992618,0.1331876865588235,0.0872660392490871,0.1398754310383339,0.1364496702893944,0.0706085416808868,0.0866715181391555,0.1985520284409716,0.0818625360731282,0.0836564933456003,0.1459194553706133,0.2279282756966054,0.245423751401713,0.170614661333353,0.1784516111756495,0.1735705875504791,0.1700085442482901,0.2137462423729417,0.1714782018243212,0.1723617855888974,0.1690476550929531,0.227183557072081,0.2881323030642413,0.1879383946298745,0.184909854549538,0.1735881497267151,0.171367067880503,0.1785811873540019,0.199519022649838,0.1921644919585325,0.1793787143807819,0.1896070203085713,0.2066112235302384,0.1907070301332467,0.2081123243926299,0.1799632122099446,0.1724878566349552,0.1800103928838012,0.2309311997307688,0.1916741654928984,0.1955867939283351,0.1891428805340105,0.1704769376420145,0.1947116738970251,0.1820439122513661,0.2746025442007394,0.2676593853566444,0.264046925647186,0.275204173754247,0.294899309522723,0.2127273098792592,0.2282069132485702,0.2494367930393437,0.2359833355420839,0.2104748875781084,0.2592389460070698,0.3233161454422983,0.2152372520232219,0.2324917431012423,0.2452233534320349,0.3577846639090261,0.2323798918187023,0.2444266894420472,0.2105414141657959,0.2781953647053967,0.2466160935860699,0.3089941099638515,0.2269196514550024,0.1799087896192723,0.1345758704958335,0.1657869474926947,0.1307682865375703,0.2989493075851328,0.3127872442685451,0.2652894441646154,0.2048512019595669,0.2260632614748914,0.2890062096816628,0.2503111879635291,0.2223663075013924,0.3896712105536579,0.261393261676428,0.2202375802780132,0.3895247723051049,0.2809809195332704
316188_16_consensus,0.0757839035253091,0.0,0.0762595462541249,0.097185528294041,0.1059931780302534,0.2978344018872931,0.2832374066988983,0.2800940352136081,0.2884130369710078,0.2650183554493779,0.3221831027516586,0.3030691302014361,0.2532421575657011,0.2530076604240037,0.3024006251909306,0.2360962068933396,0.2604086423401242,0.2693204415516277,0.2433405962525014,0.2557617555199272,0.2774961230382189,0.256321468480909,0.2763431147222839,0.1925379342643118,0.114166850924132,0.1225814743112465,0.1382454507797916,0.132177043330028,0.1177978157980419,0.1171676971679005,0.1256527269541507,0.1806853442158065,0.254453380739978,0.2652042938861072,0.172988879625759,0.2685079869628097,0.2798830814374469,0.1212552438581049,0.1765936340163882,0.3722525453270791,0.139471226080559,0.1614168749825637,0.2917293315073621,0.3672066998279284,0.4072231173549063,0.2369096800697399,0.1962741787709347,0.2271770354261661,0.2012003517582385,0.3489945039531648,0.2140862515680446,0.2229142610804544,0.2054602867885648,0.2949930258814888,0.4433098070219898,0.2259583105914124,0.254608058979759,0.20092067119527,0.2354642737717824,0.2855846073321579,0.3049691586205192,0.3119219878682173,0.2808844148454454,0.2636530976485858,0.2970255692199046,0.307489587444465,0.2359745774632387,0.2326597277596889,0.2569447099350199,0.2457446905299427,0.2486169729127993,0.258704890070657,0.2344733602774447,0.2879632189397689,0.2659618652671511,0.2307167811674091,0.2627855483146746,0.4356186639653607,0.247588663690621,0.2200973430766204,0.2378412957494191,0.2581528735903333,0.2823176158400393,0.3442626575312921,0.3762881522223793,0.2190588174178955,0.2745122453811568,0.3941582048569998,0.5179505003485048,0.1546863976226049,0.1751954724370179,0.1804033998729899,0.2705571017900858,0.1635164107381719,0.1734868446854385,0.148234827164682,0.2023353844176085,0.175288570638699,0.2348114248191386,0.1987709864230105,0.1496053547280667,0.1558122512009063,0.1688324686119813,0.1371462125943559,0.2198504700697867,0.2337911645973385,0.1970508145727265,0.2687931192871673,0.2841994975094728,0.3418919344983528,0.3597359475057153,0.3107539896590481,0.3464008280576962,0.2984709699606185,0.3178020099451046,0.358505172579818,0.3831206137993774
316188_4_consensus,0.0483445404163589,0.0762595462541249,0.0,0.0766279254873687,0.0642150851414413,0.2305916615033609,0.2339715267568927,0.2281112695347751,0.3087032078517815,0.2232465814651654,0.2492275065555063,0.2344180094721863,0.2566334067877029,0.2276756602659588,0.334062564357751,0.2277831604946527,0.2486283203716688,0.2370804860339532,0.2526130854650681,0.2491794282947026,0.3083966312545421,0.2247382231538424,0.2163009698114031,0.2602890002754066,0.1759279556242639,0.1814077940768399,0.2054513283044592,0.1978926236013833,0.1758394530779696,0.1725506739388507,0.1772494636887494,0.2331090358583978,0.1705024107442412,0.1704337650216061,0.1180523845793644,0.1773219359043629,0.18043544479114,0.0923592748448527,0.1159292192887804,0.2453942197347416,0.1054004720216745,0.1115093579086412,0.192709716207311,0.2889383889771721,0.3091218080871947,0.2084532933471976,0.1978765149423367,0.2051573399940665,0.1922636989830337,0.2702428602738251,0.1980621261923119,0.2049312208152613,0.1951375909517274,0.277368160561025,0.3588043255127822,0.2229941715253645,0.226243502764909,0.2002110040703897,0.2100072376553292,0.2148103805001895,0.2305320973647049,0.2301666255560164,0.2138274479105533,0.2150444544863248,0.2321538466649642,0.2290577254411765,0.2210298597044619,0.2003670457910935,0.2022641252503731,0.2042055171926975,0.2384139831931442,0.2140875235559036,0.2117978094843877,0.2210427643350314,0.2047919393280928,0.2101948270388227,0.2086282102654557,0.3056742390650164,0.2591962693704275,0.2546518600565477,0.2681881400509027,0.2892553030063745,0.2237454135957861,0.2504314763381998,0.270248733711977,0.2291606193869206,0.2184008618693091,0.2830708185159523,0.3624004983432769,0.2061784377281981,0.2179367276184045,0.2277372443040874,0.3309597750450876,0.2171173194545339,0.2287553261438226,0.2019162640546241,0.2574318623831573,0.2317262368098624,0.2887987298069916,0.2138964633702471,0.1746663224311042,0.1402067058216829,0.1646193416502015,0.1360680266381848,0.2797450318833405,0.2891226468783827,0.2464786567545083,0.2304998398778259,0.2467799884747066,0.3043097096797993,0.2775712015292804,0.2505589348585744,0.3836595818353494,0.2724385146722952,0.2503552095426826,0.3843267040868703,0.3020117963467683
316188_6_consensus,0.0574094806852478,0.097185528294041,0.0766279254873687,0.0,0.054717977435434,0.2361871782350846,0.2576655075881859,0.2343450276990495,0.3670412888210919,0.2398016918107544,0.2770577019068483,0.2421660698907004,0.2857309579823237,0.2364790878568072,0.3970964601986395,0.2503082834547783,0.2814202941031283,0.2613198529329317,0.2788318885858309,0.2737219142922278,0.361213589073067,0.2435993464942356,0.2211282894320696,0.3518147890340515,0.2351191272395318,0.2423172204829029,0.2842682428288832,0.2740785797989424,0.2410870698666016,0.1817446337610491,0.1661953212062847,0.2313816322847053,0.142226448169854,0.1655484574278887,0.1154324766140497,0.1562534846923249,0.1701558223507504,0.1005768484012108,0.1173103918043558,0.2220174754277408,0.1117933663708434,0.1152018506864038,0.1586736808956601,0.1981796953314756,0.2310654314367255,0.1524273225669858,0.1727422171623125,0.1620697740283034,0.1600921175265668,0.1949014514769587,0.1640514047499621,0.1574594052709734,0.147269662464673,0.165746586840072,0.2362031079603355,0.1432709780635903,0.1440392083923889,0.1611507228848552,0.1508883519575654,0.2087313928124956,0.2412104369790739,0.2241609854469501,0.2080038608780476,0.2252460923271968,0.2540665010851057,0.2194900837999398,0.2429041320364184,0.2094928631406105,0.1974356662188761,0.2078645586759364,0.2745631857224779,0.2269144352926488,0.2290739543566999,0.2213756759576099,0.1921439480934808,0.2282515760160173,0.2181010858327106,0.3118099903572897,0.2960152133964406,0.284639009668453,0.2966124793417393,0.3113048468815691,0.2404914037749073,0.2656807062448187,0.2861891949868216,0.2477467177526051,0.2453868945059554,0.2961094721919259,0.3563606916806314,0.2575549427796666,0.2934991935196152,0.3032352880195148,0.4521995390889017,0.2917022569383434,0.3044314006439634,0.2483583516855461,0.3426236691078017,0.2995642866824468,0.396930077981235,0.3104636935796279,0.2379120450782288,0.1798282341151029,0.2313532044688315,0.1758119687909243,0.3817814112581104,0.3952059152812666,0.3343622190011714,0.2233173459993693,0.2529566922913027,0.351038262109558,0.2913099351740449,0.2441383252507662,0.4495657844614555,0.306514667452042,0.2427547938683609,0.4552219791722258,0.3362909492445496
316188_7_consensus,0.0387490393494509,0.1059931780302534,0.0642150851414413,0.054717977435434,0.0,0.2098242417985858,0.234017781029074,0.2158879513339506,0.3621818297198551,0.221812147756065,0.2430899373903585,0.2148052435363183,0.2844147466100253,0.2321364232424976,0.3944861845441529,0.245286184972258,0.2723606931929794,0.2465671396436448,0.2803080461605667,0.2699590209691571,0.3626347815139752,0.2305911602771999,0.1983148425340104,0.3354287036373691,0.2297983774680716,0.2381438736828194,0.2702734040512524,0.263322138794237,0.2364925184658552,0.2005295697457612,0.1915987034774531,0.2587587685473806,0.1111706390060547,0.117565591831493,0.0841410171941845,0.1206499453006593,0.1187042175745176,0.0787478848659333,0.0831618203382049,0.1684018455544915,0.0870713567102363,0.083956624816583,0.1192949377439482,0.1900972779596514,0.2070600149967845,0.1571160069723056,0.1820503930870742,0.1657297386226304,0.1681659291109376,0.1807077828118686,0.1686882816759443,0.1648994138651716,0.1613741258359127,0.1967481836014997,0.2370450327702791,0.1713956997255579,0.1614268046818736,0.1733763129822207,0.1580009891913292,0.1725749391120068,0.1964016446553778,0.1821945645882259,0.1733443370659841,0.1945253698707496,0.2106481117565479,0.1807904230574308,0.2259236811470835,0.1880657263659557,0.1695085241395304,0.1840593055845403,0.2537360008879687,0.1973189910106967,0.2091728780118167,0.1850371646075785,0.163610492721645,0.2089240554872482,0.1846612168582844,0.2505090104697842,0.2909224538983395,0.2907827815976311,0.3014082578279335,0.3184394236179493,0.2107882296715608,0.216689213519782,0.2337267567291974,0.2534085145750779,0.2130655083118497,0.2418557838394619,0.2888986441666503,0.2558851684079535,0.2797233725770383,0.293199282740499,0.425104389417811,0.2823342236340984,0.2948805493176678,0.2498477034137849,0.3307848123076624,0.2937383342624784,0.3703503668719392,0.2738829827605613,0.2186670141308013,0.1539556537432957,0.1982133632160092,0.1543414437323171,0.3591166504002956,0.3731377786471057,0.3179846889584148,0.2037703445791834,0.2297131934425564,0.3078564083551853,0.2457653286839694,0.2156565017169072,0.4333675714197866,0.2780788436042023,0.2105327719702643,0.4322968701664607,0.283876674895275
326650_10_consensus,0.215841250701164,0.2978344018872931,0.2305916615033609,0.2361871782350846,0.2098242417985858,0.0,0.0333176202839595,0.0299783598695668,0.1410423735533648,0.0352652821964127,0.0343795104112381,0.0275036726625792,0.0833898013905525,0.0474682974289599,0.171592922108374,0.0654780119601454,0.0677430789797028,0.0442777712110782,0.0891356394929019,0.068393840187884,0.1520766704004081,0.0427903364333523,0.0287152852534156,0.4468964848504626,0.3386616033683971,0.3267192496437907,0.3863423614389738,0.3653508252959376,0.3383968844435578,0.2371646981765316,0.2285097073771709,0.3057852086158696,0.1631072925692578,0.1687720855773378,0.1583929604683263,0.1631876043416866,0.1867969388628871,0.1681005547456955,0.1526900770316004,0.199280184862296,0.165215019864334,0.165561900617849,0.1827451212493116,0.2352851577954453,0.2435455276511007,0.170796809984612,0.1702812973078273,0.1750914106433576,0.1564453580255786,0.2071159470254322,0.1626573695378894,0.1752758214569922,0.1625185896643373,0.2883862714168721,0.3226035371800009,0.2232773813784412,0.1999019904102468,0.1834603587563457,0.1835029879295433,0.0915170729018868,0.0908684438219324,0.0933024377221265,0.0860440939228865,0.0904107135740801,0.0921261956266228,0.0919472227638529,0.1024555760708167,0.0859012330463926,0.0759219549054464,0.0954364958772124,0.119440643124637,0.0854777598837941,0.1016111060417515,0.0853623186516898,0.0852511240456301,0.0997949548563852,0.089082634342855,0.1759511359301058,0.2118274131094288,0.2391744473229806,0.2481669953115357,0.2585898424983845,0.145286163945066,0.1509737918760194,0.1536852143852591,0.2062833247017117,0.1443855084155423,0.1650119378938157,0.229196026598867,0.2335066650665851,0.2421571956542578,0.2488140113911505,0.3642773272479402,0.272554439968026,0.2645597715801457,0.233473216286864,0.278865969838904,0.2549356730087417,0.326127721078798,0.2321539697182331,0.2004618976418761,0.1271735010761858,0.1631237785458701,0.1446159598529526,0.3273238097076962,0.3192909759608611,0.2711151253062809,0.1474300263274521,0.1566441956384423,0.1948659451015082,0.1594248561073925,0.1395868896447218,0.3063771665150341,0.1690221228835824,0.1311146028445335,0.2981739073896889,0.1661781774567217
326650_11_consensus,0.2280930086675425,0.2832374066988983,0.2339715267568927,0.2576655075881859,0.234017781029074,0.0333176202839595,0.0,0.0299276773585077,0.090555571669384,0.0266901914025972,0.0328441358438773,0.0343400951958905,0.0525035433383678,0.0363879898655028,0.1142948289185703,0.0422902340884547,0.0406370540082114,0.0281075949613338,0.0565782462938244,0.0432029772435029,0.1009100282346615,0.0290886762939059,0.0323042962788804,0.4020101769217916,0.3059416745486381,0.2927458269296252,0.3443514325827514,0.3249739041769359,0.3029510379879347,0.2074142980699918,0.2060434345811401,0.2798666550273054,0.2075706081018822,0.2093508467779798,0.183786461486509,0.2067143182699951,0.2314687801363533,0.1810218235884733,0.1780133046259635,0.2568228685153677,0.1797595638275844,0.1870154595960613,0.2342223947458102,0.2880091076257294,0.2970698396786275,0.189355937518421,0.1643520612913356,0.1852210143253891,0.156611538893479,0.2517399436117351,0.1656695892398048,0.1854671557646376,0.1705479500887143,0.326926575263176,0.3910045033963207,0.2419521505479807,0.2293233925964237,0.1840916569090609,0.2017990665563402,0.1057849645946333,0.0990726241945409,0.1123141732323205,0.0992416725652134,0.0887225221419214,0.0915632354999544,0.1117961995530016,0.0841305538968129,0.0798426758345876,0.0836525354321011,0.0927121423331769,0.091532760844462,0.0803629171886548,0.0867583542059371,0.0943797707159994,0.0991953085387997,0.0851518938499538,0.0898688685435402,0.2068900457650393,0.1788270065464487,0.2020286990160897,0.2121432649066541,0.2232462637351702,0.1443129863596226,0.1635570887784148,0.1707499112372517,0.1813300122287593,0.1388339077131632,0.1853733757397684,0.2731899726233706,0.1894454131160081,0.1913432640362558,0.1964749304683763,0.2900073404362828,0.2186086648840408,0.2105712779963333,0.1909101677015492,0.2207320124080531,0.2033344338250131,0.2597396512168473,0.1839153800883117,0.1615913536072959,0.1114012056529745,0.1337681603432337,0.1238682615079938,0.2617107987862255,0.2523042966893101,0.2138878122958516,0.1454255401648758,0.1490020461301711,0.1691637353636714,0.1641298041137915,0.1457488678766303,0.2460192199414947,0.1445072897996695,0.1396185505520506,0.2393864763112319,0.1601777011549181
326650_12_consensus,0.2176895871244184,0.2800940352136081,0.2281112695347751,0.2343450276990495,0.2158879513339506,0.0299783598695668,0.0299276773585077,0.0,0.1167849135003784,0.0305221293757824,0.0368694204045105,0.0309111545286562,0.0648718568734203,0.0369457673277082,0.1442730997067016,0.0518320362101398,0.0530375804769924,0.0347842694885791,0.0693598332751435,0.0517921103078471,0.1254394221855861,0.0344018983297509,0.029852016080845,0.4196097313104943,0.3132371438804746,0.2999212210676489,0.3593414903059724,0.3371008102053352,0.3128629760977865,0.2102376599508062,0.2018821408909552,0.2782595761266648,0.1775807891054057,0.1872997674569276,0.1654987572266257,0.179096347921071,0.2077133393557417,0.1677218820818495,0.1606940833418413,0.2264979874063399,0.1654012638128534,0.1711154051438725,0.202943138193433,0.2542722076378254,0.2694570199494279,0.1727303457653981,0.1623901081638656,0.1761523657557262,0.1507493255418239,0.2258138843576773,0.1597759672093204,0.1741731807828586,0.1581216087892443,0.290193060774726,0.3439445685306737,0.2181998715957114,0.201482938225169,0.1772372250910656,0.1859335374449813,0.104962095564975,0.103625067635285,0.1104319921559984,0.0979894095855691,0.096690344936217,0.1025107199809447,0.1077941111831499,0.0977678795251648,0.0865025294986594,0.0839539775567921,0.0993696330577478,0.1121024478892707,0.0891492318680136,0.0994453424987789,0.0967525710805183,0.0953769897902887,0.0966150651673878,0.0964468238712967,0.1961415619424542,0.1881825586083181,0.2104048707596568,0.2206293400946783,0.2292765689855684,0.1428027784607799,0.1604192159472504,0.1642659617254089,0.1833314833870361,0.1405730665776623,0.1779593694034353,0.2575582225235635,0.2032928669204921,0.2126404941558064,0.2176124036125593,0.3304634364597874,0.2426688574595097,0.2335022861086493,0.2027315801337295,0.2458617388491362,0.2228964834717501,0.295013333814758,0.2122761854999382,0.1786747915087865,0.116526451056675,0.1484586140276249,0.1307964626349012,0.2951575777237138,0.2863467419575798,0.239867800579276,0.1459301029200013,0.1544310707720768,0.1932852984034454,0.1702365152382512,0.1433732872344464,0.2821204249229687,0.1611723979149353,0.1369036325913093,0.2771162748433866,0.1746261276752605
326650_13_consensus,0.3266631959473507,0.2884130369710078,0.3087032078517815,0.3670412888210919,0.3621818297198551,0.1410423735533648,0.090555571669384,0.1167849135003784,0.0,0.0870436506210801,0.1265457132407093,0.1440097455620943,0.0400689366994129,0.0827898413891929,0.0274132439166976,0.0490556223617559,0.0443710548704068,0.0693347242139239,0.0365285274125284,0.0481393263448133,0.0251501162331031,0.0716789685424821,0.1299367269107882,0.3257711148979965,0.2598381479721787,0.2476959357548764,0.2796700869844528,0.2626828345748819,0.2540003547630718,0.1720528578952098,0.1916160158352191,0.2485372230076592,0.4059219204608837,0.4085757196059383,0.3276446877501442,0.4093091278541543,0.4419649991798913,0.2808989100296308,0.3267881970139008,0.5111101742835444,0.2882953102047736,0.31920414958795,0.4575249806719199,0.4946552153983958,0.5181495722657381,0.2944394449974616,0.1998865483553444,0.2671459344845388,0.2127956461776321,0.4422118759012079,0.2294675599220106,0.2644838424992777,0.2448635148842832,0.465049658535861,0.6339367746787303,0.3324201431230378,0.3595090404514565,0.234796047299028,0.302221394922288,0.2287781951646188,0.2105353143600901,0.2502812325814858,0.2180800961751572,0.1635072565334177,0.1788865043347556,0.2481530874823754,0.1005467488390792,0.1359626369173376,0.182279246451408,0.1595806255652405,0.0864412836070513,0.1467302617255441,0.1172203914231175,0.2032672324163371,0.2160387561852239,0.113632673290354,0.173453834197268,0.4171570820403119,0.1689506848260862,0.1699340373707265,0.1810828192391156,0.1979986745038147,0.2457058760865536,0.3142262753879166,0.3390765131478019,0.1859919484461656,0.2297942381710775,0.3625155806722766,0.523862222965576,0.1274630939096184,0.1205641212907444,0.1193191693695538,0.1591327370171669,0.1317338471335318,0.123454495404264,0.1301578241728904,0.1250930282999114,0.1228976991948371,0.1491899261328271,0.1347491187043807,0.1251841386478211,0.1484083978768033,0.1358210321981339,0.1421700219914576,0.1491875652766161,0.1400696997703434,0.1244635362873296,0.2202761252996907,0.2112001457816319,0.1952951256665187,0.2807862523183537,0.2533070562567161,0.1534737956209042,0.1672234297302068,0.2594091611191942,0.1568991026643686,0.255509962338575
326650_14_consensus,0.2161563237767865,0.2650183554493779,0.2232465814651654,0.2398016918107544,0.221812147756065,0.0352652821964127,0.0266901914025972,0.0305221293757824,0.0870436506210801,0.0,0.0383634981558316,0.036751341212998,0.0487214186550275,0.0335592450307338,0.1102684929638115,0.0368893022486567,0.0381670940753906,0.028441509849145,0.0509755612327147,0.0401220534314425,0.0943614129895102,0.0272004774501724,0.0317228925700838,0.3903668519033481,0.2924266902710535,0.2809466510810345,0.3320912193110672,0.3129148462039843,0.2900648938830983,0.1881097655766446,0.1871407713701351,0.2594931797242452,0.2062504622375662,0.2122049807132278,0.1808895189949737,0.2073257341354768,0.2323498771000487,0.173535439647793,0.175381236097337,0.2620905013061687,0.1742335096451306,0.1832921576750479,0.2330520754129885,0.2717192673466257,0.284784764441639,0.1709719750018692,0.1468031228952284,0.1676854911156127,0.1406077816040678,0.2385794560267129,0.1487496754598538,0.1662514196838138,0.1540229610035766,0.3006400283387336,0.3740413818947097,0.2191780892982251,0.2108446826505918,0.1640087115662787,0.1815106012466749,0.1008067898608047,0.0965245143238071,0.1085488200446391,0.0947095702807772,0.0825234562504348,0.0890938323001933,0.1075407048434939,0.0749898258764147,0.0719570532721505,0.0783518059984196,0.0839876144832665,0.0843887691522375,0.0752396810526363,0.0782911773162098,0.0903681801446083,0.0924290125719338,0.0759388510225704,0.0838057138531667,0.2173397113389299,0.1738283820712176,0.1932857456148653,0.2005095187019279,0.2119363784993098,0.1454518412551948,0.1692686925187168,0.1794978557821878,0.1727240999231831,0.1418964265916642,0.1940067665394984,0.2840572704257376,0.1779988437810296,0.1836790405911337,0.1885307447171236,0.2856308772504121,0.2071845988168981,0.1997922967239169,0.1784294690058772,0.2132530583947023,0.193788149833491,0.2535853981605029,0.1815380217191737,0.1532318756452504,0.1072952377811873,0.1308643809901255,0.1166041362267371,0.2541327865975873,0.2466305545633069,0.2060144492863926,0.1359154154097339,0.1409816432157811,0.1658231785258479,0.1628862581738808,0.1410593774679895,0.2356320251533432,0.1391523360508344,0.1373198799967312,0.2309513011651631,0.1620350173543556
326650_15_consensus,0.2427487536521333,0.3221831027516586,0.2492275065555063,0.2770577019068483,0.2430899373903585,0.0343795104112381,0.0328441358438773,0.0368694204045105,0.1265457132407093,0.0383634981558316,0.0,0.0334254183956872,0.0804152833093212,0.0528844857426733,0.1559823506969095,0.0667847801423988,0.0630463530130995,0.0432027685593041,0.0880337651851732,0.0679307835283644,0.1417530317140745,0.0442557036004629,0.0365351769838717,0.4504666566863697,0.3515320758114555,0.3370582684191916,0.391977331351601,0.3708177849550083,0.3476143212894484,0.2566972556384677,0.2541227592429642,0.3333197246306376,0.2007702757300435,0.1994800644783438,0.1883826727818274,0.1983153363123904,0.2196481641481042,0.1956279992439462,0.1811259944451109,0.2341073028731486,0.1939808800212752,0.1956099893268224,0.2227785452972845,0.2880049638135418,0.2933563554489815,0.209331853874005,0.197321006637928,0.2098673663449268,0.1846629211973294,0.2536812497552247,0.1914803188710507,0.2112325569703159,0.1977916924651808,0.3529946169541453,0.3922057578535884,0.2727845930796491,0.2505757659407486,0.2159451797277967,0.2242023446896546,0.1092671564309881,0.1012559337684209,0.1116964976557532,0.1046118750603959,0.1016014992050031,0.0974572538037286,0.1116317363976939,0.1088798634579149,0.0969099059156199,0.0933527050185532,0.1092779161691979,0.1188700904404918,0.0948399416715695,0.1095682234889672,0.0998786397248565,0.1059446713808007,0.1074582033118289,0.1007867325423212,0.1857816089239534,0.211248886711008,0.2421840045985241,0.2513431957269603,0.2636685977032513,0.150823402297302,0.1573766045152744,0.1589844473907931,0.2134499806114647,0.1474277201671405,0.1711524958317412,0.2438044121404523,0.2349580541673042,0.2328992738546418,0.2393144085536143,0.3382149174184192,0.2644275888103458,0.2564667232622213,0.2359290953024988,0.2662890506622375,0.2496508915487325,0.3060677012951345,0.216089302870845,0.196845998827527,0.1309345157135837,0.1575791855384309,0.1494897876545877,0.3099933333850302,0.2983542839161899,0.2578096086185013,0.1626034342183544,0.1666221953723905,0.1867278018373994,0.1645052221883887,0.1536330418717568,0.2912939442200404,0.1663207056086619,0.1446821087967329,0.2809781494435022,0.160538320179846
326650_16_consensus,0.2198542172013518,0.3030691302014361,0.2344180094721863,0.2421660698907004,0.2148052435363183,0.0275036726625792,0.0343400951958905,0.0309111545286562,0.1440097455620943,0.036751341212998,0.0334254183956872,0.0,0.0858325121508229,0.0487472931514787,0.1745610920514622,0.0695728350620648,0.0692120541740166,0.0449993925742262,0.092164492867802,0.0702765269665945,0.1564962431215555,0.0444187210344182,0.0298811103375093,0.4484954624334669,0.3413216023223597,0.3281885706473346,0.3877152313738214,0.3663624668866099,0.33997502368765,0.2416113945059734,0.2321879821812267,0.3120087707984211,0.1657306169569565,0.1707855430722737,0.1611197691498063,0.1653109371924905,0.1879958146979277,0.1730100839485473,0.1551418659172689,0.1992785041424341,0.1687862893815115,0.1683491995449486,0.1847702678756277,0.2400150021626679,0.2474375540358302,0.1756096651236554,0.1755888916385863,0.1808369768944864,0.1606952634823528,0.2119730235988726,0.167739147816448,0.1810735604767188,0.1679048183617091,0.2970125781156447,0.3289977854579504,0.2301602549592587,0.2059015806637276,0.1892396512013086,0.1897371345468563,0.0931954776847803,0.0920649808813713,0.0952546367674216,0.0880344172004115,0.0937311219481848,0.093713427426632,0.0942900483247015,0.1064220894648819,0.0882526164042722,0.0786023288430861,0.0994087919259953,0.1222318189044706,0.087864310206875,0.1058906722876678,0.0874289507564185,0.0879802674786489,0.1032655048516808,0.0912676790295812,0.172215864173701,0.2117236288042221,0.2397909063059735,0.249985607563179,0.2596330711471104,0.1442403278879354,0.1489504163682049,0.1505910740607454,0.2071609893454606,0.1428098809976532,0.1620137670290447,0.2257202011226304,0.2363267461649982,0.2432704920601125,0.2494543122696271,0.364408844580204,0.2746210683178454,0.2661094420284513,0.2354161404094128,0.2804707030769648,0.257343734851382,0.326777045764711,0.2323484718948485,0.2017073392402792,0.1279152806184313,0.1633605164211786,0.1459674455119035,0.328680106121368,0.3199439289665697,0.2720519882572461,0.149697855843339,0.159169509876893,0.1953578615740703,0.1595232725034847,0.1408868061528387,0.3083099521867325,0.1695281377316781,0.1313089933696645,0.300045055212486,0.1646827764338567
326650_17_consensus,0.2633377896775677,0.2532421575657011,0.2566334067877029,0.2857309579823237,0.2844147466100253,0.0833898013905525,0.0525035433383678,0.0648718568734203,0.0400689366994129,0.0487214186550275,0.0804152833093212,0.0858325121508229,0.0,0.0419118481358751,0.0535257063164706,0.0293990764789491,0.0278122100481468,0.0386940571401801,0.0260952781332406,0.0275479913381389,0.0425245766041655,0.0385857636465232,0.0768111197856669,0.3389461857188927,0.252991834552148,0.2404754805332061,0.2855637349925075,0.2645298961198392,0.248250511922965,0.1590896044658833,0.1647446773266665,0.2341296685153437,0.3026351123176631,0.314510706493909,0.2502148625439275,0.3071011902279963,0.3446580146953053,0.2185644765119363,0.2476613017585656,0.39458941498631,0.2238390820462754,0.2473265536074897,0.3476197025257121,0.3840125956290769,0.4121399493658906,0.2270519127822154,0.1659906945195395,0.2132925239832381,0.1679597008743591,0.3455520688026254,0.18418557077905,0.2098501754510273,0.1876851691647161,0.3682333242178295,0.5017904666493891,0.2608766765350836,0.2739178020294588,0.1913502431430984,0.2372196379938422,0.1721290106194075,0.1646833463252655,0.1898768987092225,0.1618668913447898,0.1272306849883016,0.1444249834562256,0.1855337042014788,0.0845004197817047,0.1021985499243527,0.1326654993858866,0.125821250064277,0.0843910330569031,0.1141807094087532,0.0973240773245542,0.1540521720313954,0.156992665584049,0.0925388865034726,0.1345894485487306,0.3354944873131238,0.1580341262906053,0.1623436712699693,0.1747227185659667,0.1865229356718281,0.1965205732659889,0.2537567073626121,0.2717038813087313,0.1639805147836135,0.1883282732611988,0.2916450599146287,0.4295716951616981,0.1332732524577409,0.1391260798639422,0.1380346615667989,0.213684070095379,0.156815762044097,0.1464036438638132,0.133720927972945,0.1528970328248924,0.1395571776622048,0.1940769532882669,0.1559873474662403,0.1304099082311545,0.1215651583638539,0.1306851119588898,0.121813200593678,0.192275382970152,0.1829158667233983,0.1524590799631688,0.1834217901803825,0.182148652320734,0.1964228213831234,0.2401365111313964,0.2049904835691478,0.1944911191693705,0.1598431979330357,0.2067638839751957,0.1969939680945174,0.2285371519265808
326650_18_consensus,0.2249028832072355,0.2530076604240037,0.2276756602659588,0.2364790878568072,0.2321364232424976,0.0474682974289599,0.0363879898655028,0.0369457673277082,0.0827898413891929,0.0335592450307338,0.0528844857426733,0.0487472931514787,0.0419118481358751,0.0,0.1051854056331897,0.0375200244471756,0.0382288586052332,0.0322206575251442,0.044793396133727,0.0347533496871399,0.0880272667841985,0.0309264885739182,0.0444570296034356,0.3780581831752307,0.2763218712605315,0.264039053931107,0.3195359245288927,0.2967719384631202,0.2740956714980918,0.1758361623337379,0.1698670542110782,0.2450680607289079,0.2185100433275693,0.2337285202323471,0.1910671834245789,0.2233610651254203,0.2583445046176251,0.1777233873059103,0.1875999351479507,0.2897409570106504,0.1794622516784869,0.1932317178076665,0.2537153681910737,0.2958112119840095,0.320390697622674,0.183115228625958,0.1540443161797604,0.1819459621899604,0.1467242361412957,0.2660756316000494,0.1607634843460559,0.1780841746145682,0.1572183580210655,0.3022450641870868,0.3928341350130893,0.217931699701559,0.214245065009667,0.172620187100783,0.1955827792036117,0.1305092704326114,0.130320612085967,0.1423315171347354,0.1214390160084732,0.1080812823262853,0.1218297197682751,0.1378009339774806,0.0899154690002497,0.0894021481022306,0.1011104831262592,0.1083146062605813,0.1004933711371052,0.0982491945018999,0.0968927224924591,0.1195784582072327,0.1170543104193555,0.0922473223782347,0.1120304286384907,0.2570369100567866,0.1712664790625133,0.1829897550823815,0.1962049681778488,0.2054486518078988,0.1640326731971626,0.2015932514439278,0.211873917047896,0.1682274977997622,0.1600158730605549,0.2281260837160097,0.3330530151322755,0.169965661241406,0.1815690834675614,0.1830561596879789,0.2874761572489959,0.2063010540962473,0.1959759216253402,0.168555614180434,0.2070416235469281,0.1854106004312257,0.2576586575942059,0.1937186214307686,0.1579093793474655,0.1167067091856637,0.1424942794590364,0.1246183667441975,0.2561437366026737,0.2473101784309435,0.2044118331480824,0.1611498421046988,0.1673380605357763,0.2040056961635024,0.2052770340540348,0.1698773673779925,0.2525283663918749,0.165696741158797,0.1668786107412074,0.2527576847615869,0.2058715726096558
326650_1_consensus,0.3547317920189883,0.3024006251909306,0.334062564357751,0.3970964601986395,0.3944861845441529,0.171592922108374,0.1142948289185703,0.1442730997067016,0.0274132439166976,0.1102684929638115,0.1559823506969095,0.1745610920514622,0.0535257063164706,0.1051854056331897,0.0,0.0632322383768695,0.0598540207457425,0.0888175311120456,0.046937998957766,0.0624169020663494,0.027204333394124,0.0926882111920761,0.1588547440781091,0.3272491932656614,0.2622977211727075,0.2515781866567117,0.280914169485527,0.2645291790456561,0.2584316332544674,0.1753513275085723,0.1993856261363618,0.251521190385624,0.4444640519596881,0.4453172701097756,0.3573782131916445,0.4476613933789757,0.4804574179092711,0.3062968713099252,0.3593897495872085,0.5553190909444083,0.3122770242316157,0.3469530398574783,0.4982016837158625,0.5370706468004229,0.5609213395376997,0.3221313269535955,0.2134130012937731,0.2871429231129134,0.2293292707462946,0.481375454003988,0.2502405282627116,0.287325875569735,0.2622319118866905,0.4913169331444393,0.6764452041252902,0.3524386602291827,0.3856328379706504,0.2511410919242181,0.3285202823961732,0.2624427914826555,0.2418819232086946,0.286096807668784,0.2508702485248903,0.1912861418181037,0.2080914914758338,0.2844143119967022,0.1198291813139817,0.1606819017184833,0.2105623722258869,0.1832789516788047,0.1003791968884826,0.1721531571657131,0.1372174430128687,0.2338923488263233,0.248904526621267,0.1343919278703644,0.2011720837171253,0.4506857041462133,0.1716861685536024,0.1702466460778211,0.1836044705635089,0.2003621734035725,0.2649620649426225,0.3405953761970082,0.3669346766604171,0.1921355028999194,0.2460708827279774,0.3905405414082317,0.5630228370480452,0.1342395028304892,0.1259692146625362,0.123142539661849,0.1541020572108671,0.1330993209895723,0.1261546486039364,0.1370096445283586,0.1258047776049977,0.1252581603214011,0.1470612210762212,0.1421118781191488,0.1355961650948813,0.1699000160228116,0.1519304335895981,0.1595669561609298,0.1462502233865414,0.1380496580564703,0.126617186737274,0.2422797718545766,0.231789529647429,0.2097578322195836,0.3088089221055625,0.2789342355311461,0.1501361052309278,0.1823442241629358,0.2860107970410226,0.1557025816914325,0.2807897301891096
326650_2_consensus,0.2291787253195139,0.2360962068933396,0.2277831604946527,0.2503082834547783,0.245286184972258,0.0654780119601454,0.0422902340884547,0.0518320362101398,0.0490556223617559,0.0368893022486567,0.0667847801423988,0.0695728350620648,0.0293990764789491,0.0375200244471756,0.0632322383768695,0.0,0.0276108588796049,0.0323104339662556,0.0274276282214636,0.0276954208746431,0.0510955212383024,0.0304289075040706,0.0575920803079341,0.3444487564996379,0.2504677654195149,0.2413358083346501,0.2878176767399871,0.2688388748887149,0.249282174399962,0.1508702172168412,0.1557613880550761,0.2211349331548504,0.2625797190244903,0.272281812827817,0.2162077875423484,0.2663212971162458,0.2974089535323649,0.1913978390423061,0.2155874621029951,0.3455172262959252,0.1955953501471867,0.2147501484443879,0.2994517339680342,0.3237964986210073,0.3449745699053252,0.1852099654534029,0.1343043853399059,0.1713566450494212,0.1350989693025823,0.285889520521664,0.1475629082918637,0.1690713688919878,0.1525088398158587,0.3133560212174657,0.4313826665928424,0.2176384030927778,0.2273613081126839,0.1551170375717774,0.1920897395533529,0.1349439368664526,0.1285392832553711,0.1498065044276408,0.1264315049474511,0.0986236558340536,0.1136197164450436,0.1473490217863471,0.0675216336746054,0.0790689727887929,0.0999787205518067,0.0938483196197168,0.0686225724619262,0.086918396206375,0.0743267659156821,0.1187714094771372,0.1222561480694572,0.0720042046061948,0.1027104769922004,0.2860183796180351,0.1498793022175988,0.1569874936982955,0.1664376123365656,0.1799204007442973,0.1666744076000696,0.2134046779472953,0.231367439659877,0.150880551949001,0.1604843828117843,0.2485183605810128,0.369275194961741,0.1357959181274424,0.1416342125604046,0.1438247710064217,0.2247579343087409,0.15644167540637,0.1506435946080202,0.1349041058465836,0.1621277197222213,0.145784111587762,0.1998820013272109,0.1525612145722341,0.1233443480991702,0.1065387990132933,0.1193805085447969,0.1067475214621467,0.1974170143589546,0.1912985393456452,0.1585407590737553,0.1471594774399633,0.1497540576806528,0.1681229884103494,0.1983951951285334,0.1680218029788136,0.1879191680489818,0.1369517916474087,0.1683730736287465,0.1892590702671803,0.1923732770765731
326650_3_consensus,0.2534330454067586,0.2604086423401242,0.2486283203716688,0.2814202941031283,0.2723606931929794,0.0677430789797028,0.0406370540082114,0.0530375804769924,0.0443710548704068,0.0381670940753906,0.0630463530130995,0.0692120541740166,0.0278122100481468,0.0382288586052332,0.0598540207457425,0.0276108588796049,0.0,0.0312550967759719,0.0290104322267588,0.0268287947300898,0.0494377957074547,0.0317698405421396,0.0618241273383119,0.3491640917394534,0.2623621447768087,0.2496120039372868,0.2949813231570992,0.2748460112905775,0.2581545824325566,0.1664060396839808,0.1732156713463197,0.2415449885065754,0.2787001061756946,0.2856877109545124,0.2313444196256355,0.2819940292936032,0.3133725177152691,0.2072788480960703,0.2289329851405313,0.3588369640240927,0.210111746087712,0.2297781943210459,0.3192491970956439,0.3636446223796525,0.3845848781763621,0.2178026337475529,0.1623489460936156,0.2050689976273538,0.1635003340249241,0.3234977910616976,0.1778761673513855,0.2026607131083651,0.1835653565254418,0.3624324869582871,0.4799993960507009,0.2576178176550172,0.2644994136550593,0.1879392132073363,0.2280018243368253,0.1513831347400973,0.1419840556980141,0.1655589107462844,0.1422570375550442,0.112276066486352,0.1242733353830694,0.1630408647748353,0.0781883412001533,0.0912884423405344,0.1161616253309283,0.1115247647707207,0.0779654427265903,0.0994695717326763,0.0884315249792635,0.1343166433356906,0.1393930151686611,0.084683497102425,0.1179110608824736,0.2958484918237225,0.1560642755452761,0.1662499202438603,0.1768190034562486,0.1892136703228963,0.1768497818589303,0.2233816556917496,0.2389635440622441,0.1630625796154703,0.1682990209061152,0.2577066414405138,0.3835266990516714,0.1414778495628503,0.1432631420621213,0.1447278121780684,0.2200299137352672,0.1633151130398715,0.153703977770764,0.1423128024025501,0.1611254505856649,0.1485874914283371,0.1981148675143558,0.1520917126694776,0.1299595575299292,0.1131603895927426,0.1223225400513108,0.116476733322397,0.1983090542231451,0.1886722901969655,0.1583176663386361,0.1663685516481869,0.1652594430556426,0.1760997413122993,0.210542221580944,0.1832232404005118,0.1935446917772019,0.1449128763151321,0.1831931885216526,0.1931104405469419,0.1997060607503726
326650_4_consensus,0.2366787902470051,0.2693204415516277,0.2370804860339532,0.2613198529329317,0.2465671396436448,0.0442777712110782,0.0281075949613338,0.0347842694885791,0.0693347242139239,0.028441509849145,0.0432027685593041,0.0449993925742262,0.0386940571401801,0.0322206575251442,0.0888175311120456,0.0323104339662556,0.0312550967759719,0.0,0.0407629484604541,0.0315886034494141,0.0767831472902571,0.0268540615080503,0.0412767677459413,0.3789211718721397,0.2835956133659394,0.2702721129137302,0.3219322136381386,0.3007001622658194,0.2812527533521063,0.1861113371930578,0.1859018514143713,0.2570263559267012,0.2310637299929894,0.2380957775868211,0.1990858211256032,0.2321550216029635,0.2630465572614824,0.1880869225695391,0.1951790031599465,0.2951485117080352,0.1878571313615822,0.2009259968935559,0.2643482191105804,0.3150542072707409,0.3305554998970983,0.1965442282431873,0.1587242611567916,0.1892874632137555,0.1544490947462335,0.2775651129396053,0.1673323959015178,0.1886194404440964,0.1683699555062077,0.3308710759176563,0.4183265569261039,0.2386700560557813,0.2350152523172646,0.1811401155450305,0.2089943936660603,0.1266476400403995,0.1199068943649983,0.1371535424162715,0.1191626461392409,0.1010310681180328,0.1092815120623882,0.1356825831309223,0.0832389636140433,0.0861373950420265,0.0969041659312779,0.1021420783368398,0.0881214491431023,0.0899829152170852,0.0893709225361192,0.1132790348389605,0.1172133402815234,0.0867718732074536,0.1046537686271058,0.2386334078724417,0.1598837551457634,0.1768294471293785,0.189377472177707,0.2001279280580163,0.151043657039871,0.1832921017108191,0.1926566631295401,0.162474151687995,0.1436597301114162,0.2084302135870643,0.3150676350239898,0.1652664498933731,0.1693912852674373,0.171534429792878,0.2610622123049637,0.1935754280969952,0.183928442219468,0.1662486163615142,0.1928302847592533,0.176639157818645,0.2348489626841683,0.1710268559315295,0.1467105912179249,0.1087106684797163,0.1270817799137162,0.1174187224150884,0.2356628194952357,0.2254185064991354,0.1886025522394874,0.153014767932337,0.1556190315314722,0.1771884751123522,0.1858706830523111,0.1590083526702344,0.2270950047312467,0.1461231524399728,0.1557572991361198,0.2244257178210063,0.1807073411314341
326650_5_consensus,0.2576442325543304,0.2433405962525014,0.2526130854650681,0.2788318885858309,0.2803080461605667,0.0891356394929019,0.0565782462938244,0.0693598332751435,0.0365285274125284,0.0509755612327147,0.0880337651851732,0.092164492867802,0.0260952781332406,0.044793396133727,0.046937998957766,0.0274276282214636,0.0290104322267588,0.0407629484604541,0.0,0.0277382331644027,0.0370549447436445,0.0406847195435737,0.0802233595257924,0.3296155405023526,0.2420509555896117,0.2310474867093361,0.2756717778199338,0.2554641516852847,0.240115583871578,0.1453184477531337,0.1528416395221192,0.2165041399880252,0.3053105079955216,0.3167575201183759,0.2481921835668501,0.3095741558417444,0.3456945098335211,0.2145975990018662,0.2479700648154406,0.400192970088213,0.2196681419844495,0.2449355813372342,0.3491713674810128,0.3768203163146033,0.4042047379151903,0.2161284275002977,0.1513202869663814,0.199985413035467,0.1554784786843868,0.3374479761468123,0.1714588402008452,0.1964637822214214,0.1748105130831625,0.3518211937788678,0.4920368286933509,0.2445228142820994,0.2609274982602585,0.1758938363601672,0.2239488651012671,0.1700234781138441,0.1622541348917039,0.1884718490105612,0.1602137793125919,0.1238674641976516,0.1422743331363953,0.1848249133235562,0.0787353814516507,0.0981531782742521,0.1287942499507579,0.1183758133902017,0.0766556618830307,0.1096419405199284,0.0905526918029053,0.1512993839927716,0.1543633805339332,0.0864733293478927,0.1306405356466768,0.3355107316779389,0.1472100226813282,0.1498392785210676,0.1616609121536179,0.1746715228246991,0.1912141722780092,0.2503677598408131,0.2710274379921422,0.1521560053750228,0.1822489722971028,0.2907604371939669,0.4290316496931012,0.1249575297271938,0.1307596190460671,0.1304244206407077,0.2028404591958832,0.1446842807284625,0.1368137941425686,0.1242441897090316,0.1446177972933249,0.131188645738792,0.1827069329186841,0.1492968780259573,0.1220539859772849,0.1193240614425938,0.1258035894725786,0.1163416691907031,0.1804100866559537,0.1730685973355932,0.1442197971050092,0.1726475183053075,0.1726245783261575,0.1861970699448143,0.2343121921590167,0.1975997150267225,0.1782439652249898,0.150676203126082,0.2008904365733741,0.1821000728988835,0.2237965408463083
326650_6_consensus,0.2536551297752503,0.2557617555199272,0.2491794282947026,0.2737219142922278,0.2699590209691571,0.068393840187884,0.0432029772435029,0.0517921103078471,0.0481393263448133,0.0401220534314425,0.0679307835283644,0.0702765269665945,0.0275479913381389,0.0347533496871399,0.0624169020663494,0.0276954208746431,0.0268287947300898,0.0315886034494141,0.0277382331644027,0.0,0.0519489996240665,0.0330773678328668,0.063386749654164,0.3476843215911565,0.2572638109953082,0.2443520650690054,0.2939837109979315,0.2723919647182597,0.2545819229514059,0.1637325201468016,0.1659649174931843,0.2330423937499119,0.2728237669703262,0.2845391708497224,0.2279750186340585,0.2765963926673755,0.3126171840078093,0.2032368567638585,0.2258652481558698,0.3576030271588166,0.2059068071226484,0.2269368632830364,0.3150283246351968,0.3590678118067103,0.3851326233819172,0.2162727452641277,0.1632513241866995,0.2052518079446983,0.1626252967090025,0.3222027483227663,0.1789024356569228,0.2023385632594099,0.1793939286460855,0.3497444398458249,0.4676040958811498,0.2488133470462123,0.2556645149108867,0.1875052105568038,0.2271030767831554,0.1590070608173519,0.1519764217340622,0.1746201311497159,0.1494461792363672,0.1213646143547855,0.1360259388818931,0.1702363625638412,0.0859177574669161,0.0981776810732171,0.120911292919466,0.1191343408105964,0.0869955744716541,0.1078485271520079,0.0967385348858158,0.1418089286796799,0.1447457007704109,0.0917992711095188,0.1275641427827025,0.303383509341721,0.1547781643658403,0.1636449597959277,0.1762273351932535,0.187395767560865,0.1802483331391258,0.2302136814898432,0.2444342280322047,0.1597550448995051,0.1716146260290898,0.2631109599325185,0.3911786987358994,0.1414985924062044,0.1481323642198617,0.1474817444121221,0.2310651348662276,0.1697260456042144,0.1586679182151336,0.1419278245877322,0.1651225423274063,0.150014539220642,0.208739792732743,0.1629662664952604,0.1358984331244457,0.1170438651222731,0.1293021850452653,0.1200356130729645,0.2077276007846222,0.1978397170405124,0.1640807961574637,0.1756537031788845,0.1765205699761303,0.1974025473910003,0.2272715783657055,0.1916835710694755,0.211873656578728,0.1604754802821446,0.1915023251948575,0.2136210970039265,0.2202058662648554
326650_7_consensus,0.3266540599373009,0.2774961230382189,0.3083966312545421,0.361213589073067,0.3626347815139752,0.1520766704004081,0.1009100282346615,0.1254394221855861,0.0251501162331031,0.0943614129895102,0.1417530317140745,0.1564962431215555,0.0425245766041655,0.0880272667841985,0.027204333394124,0.0510955212383024,0.0494377957074547,0.0767831472902571,0.0370549447436445,0.0519489996240665,0.0,0.0779732806986075,0.1395312563096737,0.3203003147555847,0.2501604424990162,0.2399231340374719,0.272456592620852,0.2556871512966943,0.2461151968054551,0.1607273377580469,0.1810800642797545,0.2371239562942619,0.4164861474074044,0.4215310753235428,0.3345889064344796,0.4207243166014791,0.4550953726403648,0.2841403330671603,0.3354589589030823,0.5276781403217043,0.2928804772264897,0.3257990746529344,0.4686601382930178,0.4963223388040276,0.5225818353667151,0.2906413576227571,0.193442108809883,0.2618297697882674,0.2077357366832295,0.4450476378145147,0.2254813915040614,0.2592963048951411,0.2384779757803237,0.4530197302934553,0.6327523620108373,0.321727184709605,0.3537486030603318,0.2269757831002401,0.2967324810272664,0.2385617117130891,0.2218621198484029,0.2609593408622501,0.2268854428142006,0.1706515088645375,0.1906836905707436,0.2585274669047166,0.1037128232281858,0.140694193055836,0.1894213514905978,0.1637152153168983,0.0901904421612584,0.1538944247296712,0.1198845885205948,0.2120912505785313,0.222514660648045,0.1162788973536876,0.1805823035451084,0.4338882237765915,0.1658588364324131,0.1623552480522718,0.1727996872386263,0.1896140348307895,0.2509711782662371,0.3249388491951919,0.3526011732847216,0.1795268176638238,0.2362926669720124,0.3756845523586882,0.5421703520706416,0.1197123674343316,0.116577120174341,0.1142165143293638,0.1560416544490905,0.1247019777200186,0.1168037605566816,0.1212058801262543,0.1191029075385223,0.1153428202802331,0.1450693415128832,0.1364112232037797,0.1220156174749576,0.150696351283976,0.1395591020078228,0.1412587188378324,0.1438944736459362,0.1363418156457214,0.1200031535411945,0.2206604304137656,0.2118171316275905,0.2006326230604784,0.2901172750933654,0.2583138828775198,0.1483656901839936,0.1704093544329481,0.2659240671237377,0.1540209440614646,0.2672062346678139
326650_8_consensus,0.221563764670261,0.256321468480909,0.2247382231538424,0.2435993464942356,0.2305911602771999,0.0427903364333523,0.0290886762939059,0.0344018983297509,0.0716789685424821,0.0272004774501724,0.0442557036004629,0.0444187210344182,0.0385857636465232,0.0309264885739182,0.0926882111920761,0.0304289075040706,0.0317698405421396,0.0268540615080503,0.0406847195435737,0.0330773678328668,0.0779732806986075,0.0,0.0380657666532364,0.3772031585943516,0.2799992126261585,0.2678046318012121,0.3190922424754525,0.2989237158658149,0.276914852514853,0.1761147292059917,0.1760569900012001,0.2477008656989845,0.223822016966011,0.2321626126033429,0.1928935397427515,0.2267635638199294,0.2553722028713423,0.1800877522737067,0.1888619163003753,0.2894173242609845,0.1820377013108647,0.1942413081405192,0.2554265626893333,0.2938269343184707,0.3112146335356414,0.1797040195179775,0.1464417205440504,0.1736821001164976,0.1417300754242454,0.2588201639469218,0.1522964339284982,0.1712822129258455,0.1564581621885992,0.3098291212060431,0.3977113459683892,0.2222353363506712,0.2197265028980837,0.1657065941959032,0.1894041808557176,0.1150151650361763,0.1103483505709697,0.125340373512607,0.1076095590634764,0.0903626195200288,0.0997145225761109,0.122914381985737,0.0736112883744226,0.0756252888044635,0.0877887649356523,0.0911682345931197,0.0808629906795204,0.0807259984976553,0.0792921061771778,0.1024941221629234,0.1048679010565187,0.0763276940715336,0.0931336221036076,0.2397827281968432,0.163460283321573,0.1795465120205186,0.1875160829574049,0.1990137137966137,0.1511249908704606,0.1838262647198938,0.1951124107061979,0.1627787623268517,0.146903892984163,0.2112495963527152,0.3130712440602714,0.1631089111663044,0.1691700666160862,0.1727917164938972,0.265379812207545,0.1916133865317526,0.1837013421412514,0.163381888521819,0.1952337337091414,0.1773438677129135,0.2369661632821404,0.1728500685005265,0.144307813640875,0.1069901673598536,0.1279351415745608,0.1144585460657126,0.2368451449448159,0.2281286641670306,0.1903377039594858,0.1429503588864662,0.1459436919044208,0.1700340276386498,0.177313873218921,0.1520459393500637,0.2221758032924903,0.1407921423183893,0.1497180996032803,0.2194148872665238,0.1738876978063643
326650_9_consensus,0.2014084657581492,0.2763431147222839,0.2163009698114031,0.2211282894320696,0.1983148425340104,0.0287152852534156,0.0323042962788804,0.029852016080845,0.1299367269107882,0.0317228925700838,0.0365351769838717,0.0298811103375093,0.0768111197856669,0.0444570296034356,0.1588547440781091,0.0575920803079341,0.0618241273383119,0.0412767677459413,0.0802233595257924,0.063386749654164,0.1395312563096737,0.0380657666532364,0.0,0.4274097657606255,0.3209337340304294,0.3105784478152316,0.3668607413898499,0.3474025367001161,0.3210089105996125,0.2139008696585023,0.2070753688768221,0.2813979848172572,0.1650113313082819,0.1717712075645252,0.1555216093601252,0.1666230772323729,0.187222333795983,0.161108853047029,0.1498199869634469,0.2064151294058049,0.1596480986205364,0.1612476499418527,0.1836644484043077,0.2215313673501882,0.2304712090623688,0.1508493853831716,0.1474501803884109,0.1538284033429633,0.1357084698519912,0.1925334980179336,0.1401754471243705,0.1536168937738331,0.1438922880908535,0.2672455993627238,0.3107761733802796,0.201099910688665,0.1831034549133221,0.1590049261561787,0.1615858047054921,0.0812261845656792,0.0808604519185856,0.0845924991009425,0.077205314549225,0.0777680232248236,0.0810911454260363,0.0844317020224352,0.088113845511085,0.0733398569610948,0.0661839596365041,0.0801382215435531,0.102902734647408,0.0728758388191508,0.0854963429663442,0.0749505439635775,0.075041411802939,0.0843241268274184,0.0757728187396047,0.1747498357643699,0.1960817321669843,0.219253902721082,0.2270036150155725,0.2382824514085157,0.1354304899529594,0.1446280993940938,0.1495231290621141,0.1888843088153748,0.1344956859393704,0.1620491231691154,0.2280522040875929,0.2115384800530044,0.2209774580019257,0.2275857524904978,0.3400230551939849,0.2468546250308989,0.2411782292226441,0.2114940355406496,0.2578200870059888,0.2337292281538801,0.3014410982885174,0.2134025250311921,0.1792387739957632,0.1132414049877823,0.1469118598375445,0.1269689371614113,0.3014081277259706,0.2957148280089186,0.2490315584659903,0.1265094923702072,0.1355059544119079,0.1722432422887045,0.1435758026088969,0.1236538552894046,0.2764274417787504,0.1477990847847934,0.1169924669261099,0.2694019275767445,0.1503871588196972
326651_14_consensus,0.272602538863314,0.1925379342643118,0.2602890002754066,0.3518147890340515,0.3354287036373691,0.4468964848504626,0.4020101769217916,0.4196097313104943,0.3257711148979965,0.3903668519033481,0.4504666566863697,0.4484954624334669,0.3389461857188927,0.3780581831752307,0.3272491932656614,0.3444487564996379,0.3491640917394534,0.3789211718721397,0.3296155405023526,0.3476843215911565,0.3203003147555847,0.3772031585943516,0.4274097657606255,0.0,0.0696645688099657,0.0726010315300378,0.0552119555954959,0.0631219942389407,0.0752374750019058,0.2100087510778721,0.2499093763190671,0.2324388385092248,0.4558713379942283,0.4434467601918506,0.3273530906951158,0.4654359976309727,0.4660898239774553,0.258092856769764,0.335045019350165,0.5855517371020724,0.2732961578231716,0.3100534955931593,0.511504486681055,0.6649795180387983,0.6985743257377948,0.458882897149877,0.3665645277154965,0.4334415269240175,0.3832127488784635,0.6210148533945521,0.3997539382254587,0.430147473332422,0.4170825078180904,0.6086288909927546,0.782055791513919,0.4841236479624129,0.5213208437320809,0.3921820388480768,0.4705637952656083,0.4342432134016469,0.4341013346341142,0.4662276013124149,0.4242066015058974,0.3800914161507123,0.4050700465792651,0.4582749703842843,0.3158727257100295,0.3424717901415128,0.3968072817798145,0.3789811557024336,0.3155132886161951,0.3701711882291754,0.3377970512248964,0.4249709863805044,0.4198803797972772,0.3257561019647532,0.3924156717655869,0.6171374397896017,0.3096033348506068,0.282134139140183,0.311333322092068,0.3377424119557446,0.4270858029923374,0.4991099869675963,0.5360887900406794,0.3227620251795713,0.3935284636002905,0.5635760085479937,0.7297945922190152,0.1778226658086943,0.1672173949889384,0.1689837212350049,0.1837771494789564,0.1633556377034253,0.1610646970605849,0.1757026528003287,0.1711213338004,0.1681093976959253,0.171523413295592,0.1785676244760949,0.177229751859631,0.2321728714132831,0.2004712522823233,0.2131209135675824,0.1646347243934371,0.1739590553238343,0.1680894557860988,0.4125399363082707,0.4130074074339696,0.4063941618283664,0.4964363424968212,0.4575078396889935,0.3445671780794797,0.3769338800654687,0.4644015771664342,0.3564486616699369,0.4890720718844079
326651_2_consensus,0.1827913564151444,0.114166850924132,0.1759279556242639,0.2351191272395318,0.2297983774680716,0.3386616033683971,0.3059416745486381,0.3132371438804746,0.2598381479721787,0.2924266902710535,0.3515320758114555,0.3413216023223597,0.252991834552148,0.2763218712605315,0.2622977211727075,0.2504677654195149,0.2623621447768087,0.2835956133659394,0.2420509555896117,0.2572638109953082,0.2501604424990162,0.2799992126261585,0.3209337340304294,0.0696645688099657,0.0,0.0266143743941285,0.0326054242844797,0.0292770629372753,0.0296885477549189,0.1438430642244803,0.1690755131342598,0.2142015663182768,0.3488731172352963,0.3476492187527995,0.2400076979149403,0.3601695382535297,0.3679061334623483,0.1799515364610755,0.2496206290891578,0.475281614790255,0.1933403761694592,0.2259886041857655,0.3989728660971643,0.5188496692864035,0.5587598648109875,0.3419616021991487,0.2659500887192898,0.321600478164278,0.2778938373642639,0.4890305257363501,0.2969716496687944,0.3194908068768924,0.2946498985712473,0.4479596235669163,0.6164076259629496,0.3435263780588826,0.377729930207888,0.2832772244452783,0.3488153560447529,0.3543669852855871,0.3635335565555309,0.3846878776444811,0.3459923476539259,0.3127736735308808,0.3438209861102734,0.3778671303055638,0.2600893135067252,0.2745674060359278,0.3154969524979449,0.3040326620158637,0.2630686285004309,0.3036278595138881,0.2739900599959952,0.3503509655033738,0.335304872323519,0.2634882202656179,0.3201920601698873,0.4866952712702783,0.2086202761671529,0.1853055843825757,0.2081598685897745,0.2298983823882139,0.3037983099629855,0.3786784198521289,0.4119296509531267,0.2129705484917465,0.2808637213648666,0.4322066369844748,0.5918945867763235,0.1294753321199344,0.1343520126048467,0.1346456999017249,0.1828391134155467,0.1292207616190666,0.1282650390524047,0.1241512430267093,0.1453887046755895,0.1289511459871448,0.1627591654226066,0.156534361734419,0.1330463786867,0.1674920469815894,0.1558088645932862,0.1498578295691501,0.1524783049104172,0.1633844533300923,0.1435767949140292,0.3338299545408283,0.3420802564579155,0.3652897156540504,0.4277026983429266,0.3770680394944605,0.3220926892837781,0.3247370275941179,0.3843397806145745,0.3359331231432563,0.4324008380000776
326651_5_consensus,0.1898423876119999,0.1225814743112465,0.1814077940768399,0.2423172204829029,0.2381438736828194,0.3267192496437907,0.2927458269296252,0.2999212210676489,0.2476959357548764,0.2809466510810345,0.3370582684191916,0.3281885706473346,0.2404754805332061,0.264039053931107,0.2515781866567117,0.2413358083346501,0.2496120039372868,0.2702721129137302,0.2310474867093361,0.2443520650690054,0.2399231340374719,0.2678046318012121,0.3105784478152316,0.0726010315300378,0.0266143743941285,0.0,0.0333618315483619,0.0288043448183863,0.0288796545133571,0.1413879408083893,0.1653082195156727,0.2140272722665166,0.3498162379697369,0.3492889767701932,0.2453232138084189,0.3618547454375047,0.3731831371342657,0.18525417484949,0.2528371467314088,0.4753837193532177,0.1992300562024809,0.2320847229886382,0.4031214453350813,0.5317795568718857,0.5734484595150384,0.3520157282595768,0.2743638475531611,0.3330882590002524,0.2853053710012965,0.5012481228517061,0.3061991562741113,0.3304708697790879,0.302861064358737,0.4643803409330971,0.6320055604586052,0.3561145334732671,0.387790525433374,0.2946584758970978,0.3594601306706124,0.3564530018944012,0.3652663156071156,0.3866123597342437,0.3475051408791287,0.3145974758341268,0.3444590027765315,0.379478595135609,0.2600044668630268,0.2745707539217328,0.3168993192489253,0.307436205744878,0.2633751494028651,0.3046807499550539,0.2758226608130876,0.351800949837127,0.3369836284856546,0.2647181240117398,0.3226300162789961,0.4781343255504815,0.1977604316279411,0.1795548143677052,0.1987811615416959,0.217966932463927,0.2931989439462761,0.3697756695770344,0.4006147423335804,0.2051989442076056,0.2717644800725622,0.4210541907446696,0.5841621162168593,0.125817865900224,0.1288094604989353,0.1280271688689715,0.1774226726909091,0.1277954788086575,0.1238899064071503,0.1199506715586906,0.138987338942286,0.1242424771763452,0.1582124482741669,0.151506317496544,0.1303340848699719,0.1617268179194937,0.1501775398757416,0.1467479835668896,0.150153732883254,0.1573936957061477,0.1377089920808565,0.3342940582550113,0.3403399904286317,0.3629694514673574,0.424432312764285,0.3738135378457947,0.3193819766935348,0.3198930615473117,0.3797389228512102,0.3319101041603645,0.4260436971103019
326651_7_consensus,0.2141425657901727,0.1382454507797916,0.2054513283044592,0.2842682428288832,0.2702734040512524,0.3863423614389738,0.3443514325827514,0.3593414903059724,0.2796700869844528,0.3320912193110672,0.391977331351601,0.3877152313738214,0.2855637349925075,0.3195359245288927,0.280914169485527,0.2878176767399871,0.2949813231570992,0.3219322136381386,0.2756717778199338,0.2939837109979315,0.272456592620852,0.3190922424754525,0.3668607413898499,0.0552119555954959,0.0326054242844797,0.0333618315483619,0.0,0.0266856403741542,0.0324429583388905,0.1653587210003486,0.1980921087251275,0.2370203007843656,0.4031537823894844,0.3936543590276642,0.2819198797120528,0.4141607581309614,0.4159640065184966,0.2153823394085492,0.2894557344256689,0.5308938484717309,0.2302209310998719,0.2642523641241645,0.4561879404242468,0.5948184125202971,0.6318946729261938,0.4018498320701056,0.3133565171673567,0.3773584937090213,0.3299178498199389,0.5594083769772489,0.3475747826499535,0.3757005528994313,0.3543536935112286,0.531824835800947,0.7077775862458324,0.4138212015242608,0.4514490152069328,0.3365480103745319,0.4082121187051974,0.3945922960240295,0.3998998469681076,0.4267558132569249,0.3869189876165784,0.3460555754725831,0.3740003160979732,0.4209696021122227,0.2876466629102872,0.3083308231101185,0.3583273494854211,0.3415598538802697,0.2865979212301361,0.3372574512559687,0.3047785209268703,0.3897546314699696,0.3794379867989335,0.2930547317865759,0.3549319847395367,0.53470625752324,0.233850229805288,0.2129751786758511,0.2313745420314035,0.2550295183843261,0.3403714019476744,0.4166688902098201,0.453259792446584,0.2471384511200227,0.31492219678168,0.4756692089210688,0.645034241505229,0.14288291348754,0.1387129107299323,0.1399243450786542,0.1662124772845814,0.1318040916388412,0.1311823496741837,0.1391321736541719,0.1458719318610235,0.1365966084697909,0.1502608436284376,0.1531097592397188,0.1426708922445101,0.1900992634266103,0.1666793110228042,0.1716174761655828,0.1418736671155471,0.1530625595830592,0.1423094725432534,0.3706765620867607,0.3738159172177902,0.3775599239848262,0.4583429892361224,0.4175187378104361,0.3231877246755417,0.344858789211564,0.424355851395358,0.3343787924263672,0.453880937374862
326651_8_consensus,0.2096102967639943,0.132177043330028,0.1978926236013833,0.2740785797989424,0.263322138794237,0.3653508252959376,0.3249739041769359,0.3371008102053352,0.2626828345748819,0.3129148462039843,0.3708177849550083,0.3663624668866099,0.2645298961198392,0.2967719384631202,0.2645291790456561,0.2688388748887149,0.2748460112905775,0.3007001622658194,0.2554641516852847,0.2723919647182597,0.2556871512966943,0.2989237158658149,0.3474025367001161,0.0631219942389407,0.0292770629372753,0.0288043448183863,0.0266856403741542,0.0,0.0303595148856246,0.1624738418144673,0.193546834258548,0.2404781500328816,0.3888145838231231,0.3808923672387507,0.2700202759028975,0.3982663245597102,0.404780067976823,0.2048525164998267,0.2770969866056205,0.5169285849591674,0.2187634999114607,0.2536064468991519,0.4431341366540309,0.5840565554361845,0.6253792155683406,0.3914894372723267,0.305105376479144,0.3695849433951323,0.3194849113128697,0.5510332956954613,0.3398638046407249,0.3673214944466352,0.3418796376503579,0.5201821754302429,0.6975302975223876,0.4019809370290375,0.4373130126680813,0.3279642716112789,0.4005246413691345,0.3877360413298376,0.3932481056430568,0.420085478854947,0.3790431951709045,0.3390079808721786,0.3679284002296477,0.4136859502086629,0.2795346951752826,0.2995142464022677,0.3486218881811851,0.3350128908609555,0.278679970489069,0.3288933831958154,0.2972913509564208,0.3824349004159053,0.3707859857139759,0.2849100895746623,0.3484639599926851,0.5231466607635937,0.2211403530413065,0.2000833672040798,0.2231333594134419,0.2455884912052717,0.3298811488131647,0.4086528457612211,0.4418100938351728,0.2330124411676095,0.3035609956025453,0.4650238210102309,0.6369688183129263,0.1291433089203302,0.1269213871985854,0.12705082929876,0.1597802853409753,0.1246000089109529,0.1210001594183758,0.1260106843972117,0.1327213179787172,0.1231927748773031,0.1446098200960222,0.1461271439208857,0.1330672806294224,0.1770663294541705,0.1559126355360689,0.1598785984009438,0.1376765020190014,0.1451174424266454,0.1316837713814891,0.3679256384791891,0.3698352683482078,0.3795619230875502,0.4560348347754939,0.4110845394618891,0.3240937832352131,0.3411350703383959,0.4181995715303941,0.3354253096513453,0.451468488493397
326651_9_consensus,0.1875931390961547,0.1177978157980419,0.1758394530779696,0.2410870698666016,0.2364925184658552,0.3383968844435578,0.3029510379879347,0.3128629760977865,0.2540003547630718,0.2900648938830983,0.3476143212894484,0.33997502368765,0.248250511922965,0.2740956714980918,0.2584316332544674,0.249282174399962,0.2581545824325566,0.2812527533521063,0.240115583871578,0.2545819229514059,0.2461151968054551,0.276914852514853,0.3210089105996125,0.0752374750019058,0.0296885477549189,0.0288796545133571,0.0324429583388905,0.0303595148856246,0.0,0.1451613471556072,0.1700501392398408,0.2182589885396098,0.3652969826039651,0.3632128646638719,0.2572858624766283,0.3767986910094194,0.3869361268424178,0.1936696244884217,0.2634914910130668,0.4921417501068816,0.2103367714067232,0.2422456207893226,0.4178976598056891,0.5390342419738658,0.5801933161500266,0.3589521961272908,0.2782362851107933,0.3363814041496127,0.2904379497380667,0.5097052412905576,0.3101844377005882,0.3349827085542927,0.3102345167952443,0.4727216424734237,0.644345890992696,0.3622555131152047,0.3981376640748131,0.2986068502070154,0.3632429624553381,0.3625918516063464,0.3711644524240398,0.3930755056255641,0.3546264339444533,0.3184877393773639,0.3487157252931538,0.3866886689854603,0.2641569483608528,0.2800333666810317,0.3246128452071133,0.3107225170878429,0.2671363621671823,0.3097857769857342,0.2795224586320692,0.358281529768135,0.3435217935064365,0.2671452517428463,0.3259665674414904,0.4855363672605932,0.1988264511426081,0.1808201997334038,0.1966139258307642,0.2177183067625918,0.2934625152777599,0.3728568769203448,0.406449995915306,0.2054354466636141,0.2745975678608232,0.4263244754760613,0.5922628607750795,0.1301768999458268,0.1325918475643064,0.1326511354618986,0.1778807173351353,0.1280277118671975,0.126801225233315,0.12575630097826,0.1430220011977674,0.1294950005515822,0.1594077084524343,0.1532996702392779,0.1329675272027835,0.1678616238653667,0.1554461224909786,0.1513535416894385,0.1510831410454969,0.1585807099337692,0.1407829462199679,0.3412146023715152,0.3474662933679688,0.3662958346637168,0.4303814759249782,0.3851014190058137,0.3217125977095847,0.3268876086104235,0.3918210160702458,0.3329810561071546,0.4314132754457738
326713_2_consensus,0.168944515550141,0.1171676971679005,0.1725506739388507,0.1817446337610491,0.2005295697457612,0.2371646981765316,0.2074142980699918,0.2102376599508062,0.1720528578952098,0.1881097655766446,0.2566972556384677,0.2416113945059734,0.1590896044658833,0.1758361623337379,0.1753513275085723,0.1508702172168412,0.1664060396839808,0.1861113371930578,0.1453184477531337,0.1637325201468016,0.1607273377580469,0.1761147292059917,0.2139008696585023,0.2100087510778721,0.1438430642244803,0.1413879408083893,0.1653587210003486,0.1624738418144673,0.1451613471556072,0.0,0.0295394440885381,0.0674222686365553,0.2896912087749577,0.3073498452858487,0.2098971428322329,0.3061581942273044,0.3278142307260872,0.1569739971808452,0.2162916759047597,0.4138752304959894,0.1703333998380181,0.1965044915641698,0.3330753754604068,0.3627505670723892,0.4014760430388513,0.1942275849006378,0.1273857962803894,0.1773628456949048,0.1405896904938046,0.3328057521646741,0.1563140828126776,0.1728891105353867,0.1550481735328936,0.2771567747656007,0.4509514351269068,0.1874779892340683,0.2226683534498121,0.1427205867517926,0.1918181380540033,0.2475779031106917,0.2594036402796078,0.2767826248705241,0.2392615338305219,0.2080769809902491,0.243826898083924,0.2713269869234693,0.1626697626289655,0.1768078844528204,0.2121280172089754,0.1903335668004402,0.1657215454220733,0.2013126311368154,0.1676273397239498,0.2426350156932244,0.2283833662919718,0.1662425530181011,0.2118861518452206,0.4017009168808378,0.152386883481153,0.1333204704046267,0.1383535640814948,0.15164567762341,0.2232647155235945,0.2945946320337143,0.3334237034536293,0.1415266386301539,0.2120012215066573,0.352230853598428,0.4939928365952255,0.1029815377612379,0.1252449507105382,0.1255732573084849,0.2051535854533348,0.1146119122712718,0.1202219168332234,0.0982491146033481,0.1430333125125358,0.1185157293064804,0.1733987138749135,0.1584706849549597,0.1126074511068928,0.1316697368896342,0.1397283709343924,0.1113071069083062,0.159593276270602,0.170339835083233,0.1401983670834781,0.1791350340132425,0.188540597598859,0.2284655976223426,0.2788187133331981,0.2243132936590086,0.1944537624176128,0.1856539309196563,0.2340313297314438,0.2080101488015167,0.291206055281183
326713_5_consensus,0.1694640928704203,0.1256527269541507,0.1772494636887494,0.1661953212062847,0.1915987034774531,0.2285097073771709,0.2060434345811401,0.2018821408909552,0.1916160158352191,0.1871407713701351,0.2541227592429642,0.2321879821812267,0.1647446773266665,0.1698670542110782,0.1993856261363618,0.1557613880550761,0.1732156713463197,0.1859018514143713,0.1528416395221192,0.1659649174931843,0.1810800642797545,0.1760569900012001,0.2070753688768221,0.2499093763190671,0.1690755131342598,0.1653082195156727,0.1980921087251275,0.193546834258548,0.1700501392398408,0.0295394440885381,0.0,0.0667363426198974,0.2646929790728372,0.292167264613564,0.1997923250641982,0.2834991202214034,0.3124636167898558,0.1542636025378456,0.2061460708513181,0.3890281794225672,0.1653986999342827,0.1891047298526942,0.3080136953910539,0.3333795830488526,0.3754381896796417,0.1815982887986997,0.1256706064599662,0.1703693703038098,0.1342715520366226,0.3075582743961931,0.1527997942888248,0.1655556463181717,0.1414265857843837,0.2411891096161653,0.4032050898564527,0.1635582865552756,0.1929454484537771,0.1385514570158861,0.1791926569772961,0.2496922722979988,0.2673337564065399,0.2780908744781776,0.2409046130189196,0.219068185140717,0.2562815906318292,0.2710261622272512,0.1791732627377911,0.1863935646054386,0.2131786191957196,0.1998439027162604,0.1885855501930997,0.2118222481442657,0.1831062781383643,0.2456811481819194,0.2285277104619467,0.1813213427210911,0.2218786342380241,0.3798856630747806,0.1526553925179286,0.1342606766379113,0.141568774102744,0.1493443249912864,0.2114566561776172,0.2805979079867775,0.3153914356785989,0.1360651797148051,0.2040032684710553,0.3337744410883729,0.4687481536399858,0.1271780518910681,0.1575771155104846,0.1573025301596153,0.2582959472235941,0.1518862485678873,0.1557940831970796,0.1212980046157525,0.1804958872476412,0.1485743914427999,0.2230965857757674,0.1984320695757517,0.1419638896190775,0.1437512431429972,0.1641387648509464,0.1268802080850619,0.2070605550963051,0.2168711381340813,0.1787173743426819,0.1786367531101049,0.1932328905954534,0.2515228056665677,0.2814897609118141,0.218859908799633,0.2305720514231453,0.2009650919788761,0.22663977874344,0.245934032889334,0.3043967413507218
326713_9_consensus,0.2299628970906155,0.1806853442158065,0.2331090358583978,0.2313816322847053,0.2587587685473806,0.3057852086158696,0.2798666550273054,0.2782595761266648,0.2485372230076592,0.2594931797242452,0.3333197246306376,0.3120087707984211,0.2341296685153437,0.2450680607289079,0.251521190385624,0.2211349331548504,0.2415449885065754,0.2570263559267012,0.2165041399880252,0.2330423937499119,0.2371239562942619,0.2477008656989845,0.2813979848172572,0.2324388385092248,0.2142015663182768,0.2140272722665166,0.2370203007843656,0.2404781500328816,0.2182589885396098,0.0674222686365553,0.0667363426198974,0.0,0.3253390914391794,0.3495180632599357,0.2517702900672134,0.3433232784516598,0.3670614823062443,0.1990565870229801,0.25759627740225,0.4531867247151382,0.2113195544171731,0.2373983143699298,0.3680066427930306,0.4025921541795938,0.436140675859864,0.2410657420158379,0.1749852561659644,0.2211171930809676,0.186471947352544,0.3698272807825162,0.2024264759197507,0.2157834966844234,0.2000803464201759,0.3019125592839593,0.4643967429855529,0.2201715094418297,0.2545786400002114,0.1899626344317049,0.2349403037846542,0.2972652684092765,0.3105630582957026,0.3253735008814971,0.287097223595719,0.2620606281155631,0.2973754054065516,0.318683257334353,0.2157989558762949,0.2300791301088445,0.2571143947814676,0.2388106825825069,0.2220930431172298,0.2522455141026469,0.2201666271027988,0.287102945731327,0.2770479602487299,0.2208407187923811,0.2648228918395503,0.4553161495268227,0.213310507709636,0.189974510918045,0.2001233554893318,0.20942040804767,0.2832961058162482,0.3474193539327572,0.3882503636087477,0.1962046701365025,0.2691506265047287,0.4095158860175694,0.5417407998999124,0.1696209974522347,0.1945685138900295,0.1955515847638942,0.2848973012949187,0.1878623111453841,0.1917916455081361,0.1642589851475122,0.2146586207486471,0.1891526262308502,0.2513453538918675,0.2331950689477189,0.1837793764905626,0.1954304685119616,0.2067915920200178,0.1763039404638213,0.234391624215462,0.2451584455315298,0.2130372039194732,0.2196076963600752,0.2328904148342978,0.2862039274543626,0.3235168446614942,0.2636809859367375,0.2541330932430057,0.2391580952584533,0.271813025336133,0.2715552385045292,0.3477866779900793
326737_10_consensus,0.132110468992618,0.254453380739978,0.1705024107442412,0.142226448169854,0.1111706390060547,0.1631072925692578,0.2075706081018822,0.1775807891054057,0.4059219204608837,0.2062504622375662,0.2007702757300435,0.1657306169569565,0.3026351123176631,0.2185100433275693,0.4444640519596881,0.2625797190244903,0.2787001061756946,0.2310637299929894,0.3053105079955216,0.2728237669703262,0.4164861474074044,0.223822016966011,0.1650113313082819,0.4558713379942283,0.3488731172352963,0.3498162379697369,0.4031537823894844,0.3888145838231231,0.3652969826039651,0.2896912087749577,0.2646929790728372,0.3253390914391794,0.0,0.0433845183870715,0.0475371935625617,0.0385170817089211,0.0428256420158987,0.0753996610282285,0.0464874630277449,0.0530851880664151,0.0674781206594516,0.0533892018008756,0.034534934525638,0.17450027851228,0.1818961263912726,0.1909154185011701,0.2471868600023725,0.2139900217911012,0.2209802154027826,0.1691409645860453,0.2223024573769834,0.2151900983630668,0.2049061458931298,0.2302333558856872,0.2016980302474706,0.2208829794372668,0.1772758993555498,0.2386720136417572,0.2042706914524004,0.1601313473692265,0.1825638301801113,0.1576466800489413,0.1577977340307264,0.2042711984878522,0.2088193250484522,0.1569678707686002,0.2591475079730827,0.2064245117669685,0.1622702321062306,0.2045521890320785,0.2964009031681378,0.2069711671178957,0.2440450449989768,0.1740518817979079,0.1538818151495533,0.2425064078855783,0.1949973097463129,0.1818759921056241,0.3458597286086693,0.365723167406184,0.3878283975742747,0.3956641650509773,0.2194075457707853,0.1929048773664909,0.1920954579959257,0.3156408006512983,0.2157163504223405,0.1959971424966333,0.2046439476163684,0.3666860084701966,0.3912190803215836,0.404519975064602,0.5650231842602658,0.4178355210900442,0.4189714363119563,0.3609517562940922,0.4495159361846816,0.4076805305841944,0.5040662605622117,0.3774468337126535,0.323263937432614,0.2099164927411472,0.2698100204945888,0.2306183466639808,0.4974287613724399,0.5034608802937335,0.4375066824722182,0.2235925799879119,0.2513744735143177,0.343859572858328,0.2351599986070951,0.2015868210716327,0.53004150952437,0.3117367220375726,0.1895260455740057,0.5225201827811681,0.2806424584116129
326737_13_consensus,0.1331876865588235,0.2652042938861072,0.1704337650216061,0.1655484574278887,0.117565591831493,0.1687720855773378,0.2093508467779798,0.1872997674569276,0.4085757196059383,0.2122049807132278,0.1994800644783438,0.1707855430722737,0.314510706493909,0.2337285202323471,0.4453172701097756,0.272281812827817,0.2856877109545124,0.2380957775868211,0.3167575201183759,0.2845391708497224,0.4215310753235428,0.2321626126033429,0.1717712075645252,0.4434467601918506,0.3476492187527995,0.3492889767701932,0.3936543590276642,0.3808923672387507,0.3632128646638719,0.3073498452858487,0.292167264613564,0.3495180632599357,0.0433845183870715,0.0,0.0471646604734203,0.04375717063715,0.0358107855736662,0.0775898725355972,0.0444488202525477,0.0491573828170714,0.0681759884992949,0.0514128588729434,0.0406244354835649,0.2064211960780859,0.2023526765788403,0.2196493845648071,0.2699849934719722,0.2377420963434389,0.2455755465508815,0.1937873462887509,0.2446216484121848,0.2416599338764733,0.2355181053452852,0.2834296375545371,0.2450079809080172,0.2641835445722904,0.2176432725248922,0.2651438520075189,0.2332111027686423,0.1607446116961171,0.176738129600011,0.1563924149764091,0.1601348569418128,0.204896590104834,0.2010512642146977,0.1584074286552734,0.2625835027863061,0.2113636015983289,0.1678862377944412,0.2081754530060422,0.2939402367346311,0.206901825245005,0.2468226305318808,0.1736897260019816,0.1609331883046643,0.2466288461293295,0.1925669431954197,0.1661522199570377,0.348966618373435,0.3750793746361758,0.396721655400583,0.4068084598150712,0.2159853953745241,0.1799606909326812,0.1793494092485126,0.3263112735694875,0.2078863493998852,0.1822990513839464,0.1890978959956335,0.3659862183389037,0.3792894396783879,0.3940010184650546,0.535270386206733,0.4067088713975764,0.4090891249066501,0.3628465282778528,0.4354954197347851,0.401383498025595,0.4771199315760981,0.3499962744565792,0.3109937350850842,0.2022490523298366,0.2517887227263955,0.2244094342331273,0.4738548791617738,0.4808088297674615,0.421479578868805,0.2286563008538387,0.2523559939027109,0.3240519729891957,0.2216848721290851,0.2037709903984357,0.5186286192800651,0.3035403557112914,0.1897637349883645,0.5064035684374879,0.2595553846282392
326737_14_consensus,0.0872660392490871,0.172988879625759,0.1180523845793644,0.1154324766140497,0.0841410171941845,0.1583929604683263,0.183786461486509,0.1654987572266257,0.3276446877501442,0.1808895189949737,0.1883826727818274,0.1611197691498063,0.2502148625439275,0.1910671834245789,0.3573782131916445,0.2162077875423484,0.2313444196256355,0.1990858211256032,0.2481921835668501,0.2279750186340585,0.3345889064344796,0.1928935397427515,0.1555216093601252,0.3273530906951158,0.2400076979149403,0.2453232138084189,0.2819198797120528,0.2700202759028975,0.2572858624766283,0.2098971428322329,0.1997923250641982,0.2517702900672134,0.0475371935625617,0.0471646604734203,0.0,0.050991671279192,0.049218438779139,0.0357811261617833,0.0277109696632429,0.0858688387161876,0.0313283824537649,0.0260058016812898,0.0567143484430161,0.2085610747846189,0.2178472451899153,0.1816492488150238,0.2091048664742629,0.1938583276221699,0.1914443471175744,0.194354836677995,0.1960110624362059,0.1953003713115002,0.1852730821814106,0.2437892497100406,0.2549081558890513,0.2116265754608441,0.183524420671187,0.2064580452620354,0.1938956428092737,0.1515266348155144,0.1682449567762098,0.1558851228587841,0.148685770418929,0.176834356487582,0.1844015860946939,0.1548913597283743,0.2091403588352243,0.173046455824199,0.1472940450840738,0.1759234913849496,0.2364178899973055,0.1760148245025625,0.2002137631782403,0.1611758896832462,0.1455642172734634,0.1983140487217234,0.1696057313507388,0.203030569562518,0.2792764857006382,0.2905080906892081,0.3150456057349586,0.3263614095812599,0.1982917181891537,0.1882643071829477,0.1973775853788382,0.2575302398488723,0.1870191970139281,0.2039345998223467,0.2449924175491311,0.2666360842814725,0.2830876194737755,0.2948578493078955,0.4234748774696228,0.3021391240677857,0.3040625625618389,0.2625266817087492,0.3300941985208432,0.2971052046199673,0.371070669243803,0.2709681703069861,0.2286075054277354,0.1489820307540625,0.1896933501703905,0.1623324049582066,0.3646848520063805,0.373315888162363,0.3195555135180754,0.1967644591810362,0.218037194037592,0.2871411560646848,0.2200685152691548,0.1888656340856442,0.4277349874470424,0.2587464015390814,0.1803635245323036,0.4229271367714169,0.2534792796304614
326737_16_consensus,0.1398754310383339,0.2685079869628097,0.1773219359043629,0.1562534846923249,0.1206499453006593,0.1631876043416866,0.2067143182699951,0.179096347921071,0.4093091278541543,0.2073257341354768,0.1983153363123904,0.1653109371924905,0.3071011902279963,0.2233610651254203,0.4476613933789757,0.2663212971162458,0.2819940292936032,0.2321550216029635,0.3095741558417444,0.2765963926673755,0.4207243166014791,0.2267635638199294,0.1666230772323729,0.4654359976309727,0.3601695382535297,0.3618547454375047,0.4141607581309614,0.3982663245597102,0.3767986910094194,0.3061581942273044,0.2834991202214034,0.3433232784516598,0.0385170817089211,0.04375717063715,0.050991671279192,0.0,0.0413480420253904,0.081116146201289,0.048620912503452,0.0511586089373565,0.0729539162629997,0.0572784331069797,0.0374224879340339,0.1838598670838571,0.1868747321134094,0.2022091597660456,0.2582958772076935,0.2241898240399074,0.2312919617237803,0.1763841924778333,0.2325494441849613,0.2267885780467438,0.2168508054747313,0.2481973214876518,0.213474097596034,0.2376564076529916,0.190710996620691,0.2505851682843563,0.216425520263165,0.1597603084504051,0.1802367883333993,0.1559533817043856,0.1584758587887904,0.2050952738080766,0.206815944586129,0.1567259522074309,0.2620854927845357,0.2095921725120462,0.1631588941912021,0.2071950588775664,0.2976401272910678,0.2064721855859339,0.2467879126538008,0.1735414090401832,0.1568395805718552,0.2459630462946016,0.194010165426377,0.1753676922923333,0.3508958965184092,0.3738227091949113,0.3965617941258443,0.4058269786675197,0.2202929948419054,0.1896088307299734,0.1872478353784643,0.3230933775889362,0.2145897419223708,0.1901334697736096,0.1982221710597187,0.373528571855374,0.3943117418859145,0.4081139077523055,0.5635419283637546,0.422510987028545,0.4232595374501571,0.3681854823200652,0.4518450277509771,0.4120150886553304,0.5037856385345236,0.3753284600082764,0.3259429360590644,0.2107052701455032,0.2692086890546505,0.2326884897298633,0.4981876232546263,0.5042344819744784,0.4393598102460672,0.227831839449486,0.2545497576910733,0.3418812225215504,0.2328041009062929,0.2039862535835013,0.5319791064304731,0.3119187709217712,0.1910218206607759,0.5236785602739111,0.2750330234737141
326737_1_consensus,0.1364496702893944,0.2798830814374469,0.18043544479114,0.1701558223507504,0.1187042175745176,0.1867969388628871,0.2314687801363533,0.2077133393557417,0.4419649991798913,0.2323498771000487,0.2196481641481042,0.1879958146979277,0.3446580146953053,0.2583445046176251,0.4804574179092711,0.2974089535323649,0.3133725177152691,0.2630465572614824,0.3456945098335211,0.3126171840078093,0.4550953726403648,0.2553722028713423,0.187222333795983,0.4660898239774553,0.3679061334623483,0.3731831371342657,0.4159640065184966,0.404780067976823,0.3869361268424178,0.3278142307260872,0.3124636167898558,0.3670614823062443,0.0428256420158987,0.0358107855736662,0.049218438779139,0.0413480420253904,0.0,0.0829023044910464,0.0465512678336246,0.0430099607085097,0.0734929547829956,0.0533552669399171,0.0339933449580485,0.1861403739295681,0.1779850534818123,0.2149130150186522,0.2762314158508587,0.2349093050731028,0.2505494524011524,0.1758827035846089,0.2454948712887628,0.2398632407419079,0.2402944876739781,0.2719113597460989,0.2209865226573946,0.2621893294994919,0.2126009109160165,0.266603116660967,0.2265172373365445,0.1575440563255128,0.1749403874685491,0.1527131369308634,0.1587443150519121,0.2076223817652973,0.2022520514093457,0.1548538241225827,0.2743653198285614,0.2196034538932529,0.1694452712538918,0.2110309247984858,0.3079482443990322,0.2115257397255021,0.2551903179682995,0.173436372243799,0.1595033515935284,0.2548220322311039,0.1940639488417588,0.1691699665471588,0.3774321944600771,0.4038277504659397,0.4234507015733975,0.4339153917357521,0.2323547966528103,0.1881047865902019,0.1893344826678635,0.3527779768411392,0.2251606081376884,0.1901546689287663,0.1838367418530637,0.3924188449737009,0.407821231736392,0.4246691113615171,0.5696728375794748,0.4333648524650684,0.4369463129364561,0.389056493040858,0.4686183080756549,0.4313919254738323,0.507695940662245,0.3751565770305305,0.3332801530262657,0.2185844704839148,0.2717509329788043,0.2413436249858591,0.5028386031740055,0.5129927857042063,0.4521178451241603,0.2351393606400194,0.2621003966170967,0.3357007135939618,0.2269446425379584,0.2110090431251876,0.5439416631638885,0.3204116395875758,0.1976595997922743,0.5319349566700389,0.2686941101945237
326737_2_consensus,0.0706085416808868,0.1212552438581049,0.0923592748448527,0.1005768484012108,0.0787478848659333,0.1681005547456955,0.1810218235884733,0.1677218820818495,0.2808989100296308,0.173535439647793,0.1956279992439462,0.1730100839485473,0.2185644765119363,0.1777233873059103,0.3062968713099252,0.1913978390423061,0.2072788480960703,0.1880869225695391,0.2145975990018662,0.2032368567638585,0.2841403330671603,0.1800877522737067,0.161108853047029,0.258092856769764,0.1799515364610755,0.18525417484949,0.2153823394085492,0.2048525164998267,0.1936696244884217,0.1569739971808452,0.1542636025378456,0.1990565870229801,0.0753996610282285,0.0775898725355972,0.0357811261617833,0.081116146201289,0.0829023044910464,0.0,0.0362584347942913,0.1358317838405476,0.0271766422579666,0.0301764981497534,0.0928800135728877,0.2419192400307501,0.2587866409257913,0.1847262043753517,0.1916203046464488,0.1904048758831003,0.180902200539915,0.2268141879222476,0.1860769883378275,0.189973414460681,0.1796014220807364,0.2515290662896596,0.3010888191514596,0.2062784285314052,0.1944789687456634,0.1916640443531676,0.1927817436997401,0.165238959110674,0.1806364186317068,0.1752171365980146,0.1605459639617379,0.1735927791188629,0.1883265693786313,0.1732901360585934,0.1876857934106333,0.1629433226281698,0.153019246012505,0.1704480513150024,0.2104994975751353,0.1716349020117462,0.1826063509780411,0.1714357429390496,0.1541462820069838,0.1780747253316832,0.1696372029016899,0.25126986048042,0.2482328557119579,0.2504162344958942,0.2724342628337091,0.2869683841822947,0.2046492420362717,0.2145294684672762,0.2312373603598878,0.2286029127650408,0.1918377894508438,0.2397645181522243,0.3057414491853478,0.2126238250354575,0.2286380182922087,0.2379200991452101,0.3524260179747749,0.2404929120879231,0.2429251988638476,0.2079947178992256,0.2686144646685022,0.2393927385784273,0.3054999557525661,0.2258655926706971,0.1837565827944693,0.1310697712595327,0.1613915362946407,0.1357632537030468,0.2970639429048916,0.3072197118618867,0.2598886708293548,0.2000575744435835,0.2191325718678527,0.2814904494238988,0.242878588932708,0.2067404585078236,0.3808810506069306,0.2489684365252458,0.2027476975673749,0.3808597674637717,0.2715620365831661
326737_3_consensus,0.0866715181391555,0.1765936340163882,0.1159292192887804,0.1173103918043558,0.0831618203382049,0.1526900770316004,0.1780133046259635,0.1606940833418413,0.3267881970139008,0.175381236097337,0.1811259944451109,0.1551418659172689,0.2476613017585656,0.1875999351479507,0.3593897495872085,0.2155874621029951,0.2289329851405313,0.1951790031599465,0.2479700648154406,0.2258652481558698,0.3354589589030823,0.1888619163003753,0.1498199869634469,0.335045019350165,0.2496206290891578,0.2528371467314088,0.2894557344256689,0.2770969866056205,0.2634914910130668,0.2162916759047597,0.2061460708513181,0.25759627740225,0.0464874630277449,0.0444488202525477,0.0277109696632429,0.048620912503452,0.0465512678336246,0.0362584347942913,0.0,0.0805402922132536,0.0331495065726343,0.0273055820113796,0.0549922134287363,0.2112205846294728,0.2194195322733847,0.1882295904925008,0.2175868263795166,0.2022294436714418,0.2001632930346133,0.1975468405423939,0.2026636944060165,0.2033645415459872,0.1948821478967346,0.2561729065292866,0.2618991446438166,0.2239938040244382,0.1935107872753612,0.2159053356789755,0.200874387510666,0.1481616549557642,0.1638523159280467,0.1514220390360279,0.145578334718003,0.1737814283202574,0.17910747280132,0.150801833998333,0.2086983687964334,0.1717161197800827,0.1453966073287311,0.1748873299193931,0.2362998587910318,0.1734225034181662,0.198910175168109,0.1574874091542852,0.1424847174653294,0.1965127323301843,0.1660878928591884,0.1980139229210138,0.2836489587418214,0.2975131358390328,0.3192990180159754,0.330728950171725,0.1969309286702945,0.1844165527407,0.192418901484384,0.2625254154724494,0.186649114246169,0.1993608556814052,0.2375459970472206,0.267299237946915,0.2825178380351261,0.2949635948995421,0.4232651563225147,0.3041974567073566,0.3049911329889596,0.2644821220483919,0.3302129583960109,0.2986618348879553,0.3716960599046324,0.2678675190552795,0.2276438932511304,0.1464653963451567,0.1861162929982285,0.1605653347959972,0.3661380932465619,0.3728276450364554,0.3196363715987758,0.1992998536131054,0.2204850412273593,0.2885149691164628,0.21809723350745,0.1903327559261427,0.4329258596069323,0.2600218351478673,0.1815350291531992,0.4270443124526188,0.250544192626787
326737_4_consensus,0.1985520284409716,0.3722525453270791,0.2453942197347416,0.2220174754277408,0.1684018455544915,0.199280184862296,0.2568228685153677,0.2264979874063399,0.5111101742835444,0.2620905013061687,0.2341073028731486,0.1992785041424341,0.39458941498631,0.2897409570106504,0.5553190909444083,0.3455172262959252,0.3588369640240927,0.2951485117080352,0.400192970088213,0.3576030271588166,0.5276781403217043,0.2894173242609845,0.2064151294058049,0.5855517371020724,0.475281614790255,0.4753837193532177,0.5308938484717309,0.5169285849591674,0.4921417501068816,0.4138752304959894,0.3890281794225672,0.4531867247151382,0.0530851880664151,0.0491573828170714,0.0858688387161876,0.0511586089373565,0.0430099607085097,0.1358317838405476,0.0805402922132536,0.0,0.1220149644649168,0.0958205282016848,0.0394218995320088,0.1990806806122371,0.1888099182895111,0.2558877820501877,0.3357984930850435,0.2838566631990815,0.3025227308094358,0.1934393653025417,0.2986377112010956,0.2896879545328232,0.2848987074284537,0.3072013873358905,0.2249372919238084,0.3080260097879055,0.2445983303540302,0.3252798185948364,0.2720710767869398,0.1871854435668574,0.2070278019805584,0.1762447651808862,0.1882499518209002,0.2505245107985772,0.2410222346189705,0.1783346035330169,0.3333655265780564,0.2670666373688704,0.2045549432333224,0.2584697583819384,0.3733692179711347,0.2563522978084371,0.3121192745984125,0.2051884499836234,0.1895786918479665,0.312722611441405,0.2350194367845333,0.1622233188316961,0.4399583555373176,0.4768177359052217,0.4971688840036492,0.5053908315674995,0.2607322889682315,0.20333107043216,0.1949164175616431,0.4123323692238294,0.257957314733833,0.1936379842950053,0.1670503310000235,0.487520204669547,0.5051961049968448,0.5225091136942481,0.6875251601834194,0.5385742310804567,0.541093642331365,0.4834998536653465,0.5718071771175488,0.5307914205201634,0.6212183158789735,0.4680100796252588,0.4228596352019949,0.279998422045395,0.3470141995451214,0.3119831209591268,0.6190954251643142,0.6236526596388607,0.5546181473901939,0.277735324062256,0.3064494378247318,0.3935777309338775,0.2538923426130459,0.2396355493313215,0.6368872324451011,0.373905927121541,0.220367384883918,0.6206415066061446,0.2984489771961662
326737_7_consensus,0.0818625360731282,0.139471226080559,0.1054004720216745,0.1117933663708434,0.0870713567102363,0.165215019864334,0.1797595638275844,0.1654012638128534,0.2882953102047736,0.1742335096451306,0.1939808800212752,0.1687862893815115,0.2238390820462754,0.1794622516784869,0.3122770242316157,0.1955953501471867,0.210111746087712,0.1878571313615822,0.2196681419844495,0.2059068071226484,0.2928804772264897,0.1820377013108647,0.1596480986205364,0.2732961578231716,0.1933403761694592,0.1992300562024809,0.2302209310998719,0.2187634999114607,0.2103367714067232,0.1703333998380181,0.1653986999342827,0.2113195544171731,0.0674781206594516,0.0681759884992949,0.0313283824537649,0.0729539162629997,0.0734929547829956,0.0271766422579666,0.0331495065726343,0.1220149644649168,0.0,0.0254146542523265,0.0845153892664178,0.2416038129729401,0.2554739980365532,0.1877616569385267,0.1964737505238503,0.1938386580378299,0.183586993665159,0.2243130002393059,0.1918352569943948,0.1955269210199404,0.1815221696897282,0.2536138273916712,0.2944544880609321,0.2103525583423646,0.1923278601588407,0.1973474819341589,0.1989758325550248,0.165498095298652,0.1801942297140293,0.1743729677254748,0.160906372587732,0.1782516281866613,0.1906128522820793,0.1730566099923329,0.1946761562884731,0.1680233485956996,0.1529329929758063,0.1745072755480592,0.2160685206971635,0.1750186259496828,0.1890376266716273,0.1713586384591359,0.1567707440634009,0.1865593665487743,0.1731632394468079,0.2392324881733394,0.2530644124751333,0.2566576679911847,0.2844981291456925,0.2968602882987383,0.2039872149132158,0.2087125036956649,0.2223905425522332,0.2343225839755049,0.1884619824165092,0.2319442564907454,0.2930769880695507,0.2240674362697525,0.2388363929024208,0.2491719232299445,0.3654924445320979,0.2550965522165285,0.2562329189076884,0.2206726931690887,0.279638073670764,0.2503228325738718,0.318377628734968,0.2343416006672392,0.1948034071044482,0.1353079388815885,0.1670305838654044,0.1430813709645839,0.3107374068638329,0.3193865571933969,0.2715842864555569,0.2010557656706311,0.2197096316983291,0.2826580759953785,0.2393173544549043,0.2030675527487453,0.3897579384552259,0.2506776786849833,0.1969322586855355,0.3890561541945345,0.2679128219965498
326737_8_consensus,0.0836564933456003,0.1614168749825637,0.1115093579086412,0.1152018506864038,0.083956624816583,0.165561900617849,0.1870154595960613,0.1711154051438725,0.31920414958795,0.1832921576750479,0.1956099893268224,0.1683491995449486,0.2473265536074897,0.1932317178076665,0.3469530398574783,0.2147501484443879,0.2297781943210459,0.2009259968935559,0.2449355813372342,0.2269368632830364,0.3257990746529344,0.1942413081405192,0.1612476499418527,0.3100534955931593,0.2259886041857655,0.2320847229886382,0.2642523641241645,0.2536064468991519,0.2422456207893226,0.1965044915641698,0.1891047298526942,0.2373983143699298,0.0533892018008756,0.0514128588729434,0.0260058016812898,0.0572784331069797,0.0533552669399171,0.0301764981497534,0.0273055820113796,0.0958205282016848,0.0254146542523265,0.0,0.0635434691498986,0.2200295194479977,0.227547797310482,0.1850183598895824,0.2058395005751805,0.1941882096543068,0.1908749287513487,0.2042147258429665,0.1951607446695185,0.1962345981809541,0.1861827683504628,0.2485600742718112,0.2693580661552346,0.2135088382467174,0.188757310650022,0.2043881356342787,0.1958268930961928,0.1556962229981238,0.1716788629145149,0.1615101076406411,0.1525298082527939,0.1772167426877615,0.1850701489997099,0.1612305511359792,0.2057669031424716,0.1723827175553083,0.1499447137010889,0.1751231314893502,0.2301954489570548,0.1761503549545722,0.1968932436529584,0.164513829227495,0.1496140866973334,0.1947643682958677,0.1696571615457642,0.2150845728498183,0.2748254474078493,0.2839243927457424,0.3084732330582262,0.3209670711901005,0.2028906283037734,0.1956297318915112,0.2070501968085523,0.2547556193600115,0.1888474686794445,0.2140130581112664,0.2592407907626253,0.2571760789518578,0.2718704588358704,0.2840579581192806,0.4061451742445641,0.2887535475206384,0.2918877071826316,0.2526754273748537,0.3175755993577454,0.2861086596476809,0.3548957606214102,0.2598178572250909,0.2197706192417712,0.1481586571934485,0.1846669600822572,0.1589142767536238,0.3480132560853661,0.3578023824388054,0.3068057897581795,0.1985913594461053,0.2192753029592573,0.2844149658281836,0.2254330219925648,0.1951168150894133,0.4153868001513103,0.2574966383115118,0.1877176196196011,0.4119710540062158,0.2578451625656548
326737_9_consensus,0.1459194553706133,0.2917293315073621,0.192709716207311,0.1586736808956601,0.1192949377439482,0.1827451212493116,0.2342223947458102,0.202943138193433,0.4575249806719199,0.2330520754129885,0.2227785452972845,0.1847702678756277,0.3476197025257121,0.2537153681910737,0.4982016837158625,0.2994517339680342,0.3192491970956439,0.2643482191105804,0.3491713674810128,0.3150283246351968,0.4686601382930178,0.2554265626893333,0.1836644484043077,0.511504486681055,0.3989728660971643,0.4031214453350813,0.4561879404242468,0.4431341366540309,0.4178976598056891,0.3330753754604068,0.3080136953910539,0.3680066427930306,0.034534934525638,0.0406244354835649,0.0567143484430161,0.0374224879340339,0.0339933449580485,0.0928800135728877,0.0549922134287363,0.0394218995320088,0.0845153892664178,0.0635434691498986,0.0,0.1564388366851901,0.1542635106777261,0.1950359433427202,0.2661097892884143,0.2197468419856818,0.2368492831237887,0.1523866801623867,0.2336750068028301,0.2228880258973369,0.2187652448472228,0.2294286822204512,0.1773366247120478,0.2305458042569128,0.1809288456560835,0.2525931028792243,0.2064756273983832,0.1584637423011194,0.1816760997393167,0.1527330537109961,0.1589955097240434,0.2129774550494048,0.2133759289781167,0.1537280451192302,0.2821638907127877,0.2228119701929856,0.1681882661835061,0.2134164902997639,0.3219174373484215,0.2171871883792917,0.2621018270124047,0.1750090616295061,0.1561777679467475,0.2630894652227553,0.1995388152778083,0.1700742555416248,0.3863155077105915,0.4111430408025178,0.4300024391741139,0.4386756172495261,0.2339369390032821,0.1930535955459618,0.1919845280543164,0.3536151233978657,0.2319898719898461,0.1922269943300492,0.1818501076871896,0.4149336190788553,0.4404436359546579,0.4566852874915561,0.6205541963060774,0.4657292224857983,0.4701356621805885,0.40961408481391,0.5042010120771252,0.4600332239086953,0.5551270467445164,0.4172999031261355,0.361773567832909,0.2366621248855267,0.3021920387081458,0.2594743069215219,0.5487210197082817,0.5576769997738822,0.4899820163182689,0.2314743787066575,0.2635456663243367,0.3556580382515761,0.2328488031110431,0.207350340639639,0.5688938664988505,0.3317671252855412,0.1929458261955048,0.558293433748613,0.2816944235789407
326780_10_consensus,0.2279282756966054,0.3672066998279284,0.2889383889771721,0.1981796953314756,0.1900972779596514,0.2352851577954453,0.2880091076257294,0.2542722076378254,0.4946552153983958,0.2717192673466257,0.2880049638135418,0.2400150021626679,0.3840125956290769,0.2958112119840095,0.5370706468004229,0.3237964986210073,0.3636446223796525,0.3150542072707409,0.3768203163146033,0.3590678118067103,0.4963223388040276,0.2938269343184707,0.2215313673501882,0.6649795180387983,0.5188496692864035,0.5317795568718857,0.5948184125202971,0.5840565554361845,0.5390342419738658,0.3627505670723892,0.3333795830488526,0.4025921541795938,0.17450027851228,0.2064211960780859,0.2085610747846189,0.1838598670838571,0.1861403739295681,0.2419192400307501,0.2112205846294728,0.1990806806122371,0.2416038129729401,0.2200295194479977,0.1564388366851901,0.0,0.036934905488394,0.0736579990518393,0.1591903323806534,0.0992167038323827,0.1334758244727432,0.0341869888442687,0.1174064104864101,0.097252572406802,0.1160778919304945,0.079889477903027,0.0552853622625555,0.1017701214499773,0.0700927465098644,0.1296789507809848,0.0750345974763746,0.135972733126394,0.1698296231788347,0.1366425346264499,0.140704772386762,0.1863074717755211,0.2008447030558677,0.1330116251680664,0.2610697324891191,0.2044281857554786,0.1523994275209474,0.1765990500768097,0.3025861382230417,0.196837793399041,0.2296555296160392,0.1553075722040375,0.133688154074349,0.2348292480546412,0.173588403484338,0.2416124190140003,0.4326937528087988,0.4410493418093892,0.4436974545150676,0.4577668721750285,0.279453273817726,0.2498250108014339,0.2632457775107539,0.3781059488287539,0.2934433229186126,0.2656761698193897,0.2424303320179923,0.4641124095387816,0.5097688401495724,0.5293770731761498,0.713785366362071,0.5137374791492917,0.5291655483632454,0.4538678789563413,0.5812903169473991,0.5230847673374512,0.6392444773717365,0.5043170778874959,0.414982122484691,0.2973207720672732,0.3793568845978967,0.3029817539726203,0.6237456164760857,0.6421391416004987,0.5635969655563073,0.1856341768777802,0.2277343547573771,0.3297496564655446,0.2141741833145545,0.188856390645224,0.5277593555242035,0.3099595343125259,0.1823099557779706,0.5240220660185955,0.2783987041814875
326780_11_consensus,0.245423751401713,0.4072231173549063,0.3091218080871947,0.2310654314367255,0.2070600149967845,0.2435455276511007,0.2970698396786275,0.2694570199494279,0.5181495722657381,0.284784764441639,0.2933563554489815,0.2474375540358302,0.4121399493658906,0.320390697622674,0.5609213395376997,0.3449745699053252,0.3845848781763621,0.3305554998970983,0.4042047379151903,0.3851326233819172,0.5225818353667151,0.3112146335356414,0.2304712090623688,0.6985743257377948,0.5587598648109875,0.5734484595150384,0.6318946729261938,0.6253792155683406,0.5801933161500266,0.4014760430388513,0.3754381896796417,0.436140675859864,0.1818961263912726,0.2023526765788403,0.2178472451899153,0.1868747321134094,0.1779850534818123,0.2587866409257913,0.2194195322733847,0.1888099182895111,0.2554739980365532,0.227547797310482,0.1542635106777261,0.036934905488394,0.0,0.088321362635547,0.1763890193890489,0.1086059326939228,0.1509906929080884,0.030893650443911,0.1303120706294187,0.1111169141043504,0.1359483962086365,0.1050712750584708,0.0577687948714142,0.1286221411311388,0.0900402562788862,0.1478346363877918,0.0891944187855955,0.1294292085907429,0.1562270815672306,0.1245191766621509,0.1361887229251621,0.1837760202120826,0.1893961559527639,0.125134518317548,0.2695269064927252,0.2116102512161362,0.1506264830711963,0.1740106352410357,0.3074140961435354,0.1945390554462278,0.2339832075161325,0.1468773573685702,0.1329676668189883,0.2419811404120437,0.1680940119355334,0.2146367448756478,0.453753582968325,0.4701558059087602,0.4713751841126878,0.4875005848894105,0.2784570186440049,0.2328315646812733,0.2457176993795791,0.4034647038398056,0.2921135437197719,0.2448222766113694,0.2069838810834525,0.499526666999273,0.5361698730066777,0.559377344739687,0.7336658473328157,0.5403362182387923,0.558029205720068,0.4912555156857472,0.6117146044986903,0.5567843350411508,0.6580993125249464,0.5146850661640556,0.4357055845825677,0.3123448548853424,0.3911036750657608,0.3208923802119479,0.6452929120291664,0.6642229107017492,0.5900793201958265,0.1850101097741507,0.2273359943174568,0.3151281975503721,0.1956040396785141,0.1841687549203534,0.5356481472511305,0.3083228047580277,0.1752825364797701,0.526944787909656,0.2570620381940927
326780_12_consensus,0.170614661333353,0.2369096800697399,0.2084532933471976,0.1524273225669858,0.1571160069723056,0.170796809984612,0.189355937518421,0.1727303457653981,0.2944394449974616,0.1709719750018692,0.209331853874005,0.1756096651236554,0.2270519127822154,0.183115228625958,0.3221313269535955,0.1852099654534029,0.2178026337475529,0.1965442282431873,0.2161284275002977,0.2162727452641277,0.2906413576227571,0.1797040195179775,0.1508493853831716,0.458882897149877,0.3419616021991487,0.3520157282595768,0.4018498320701056,0.3914894372723267,0.3589521961272908,0.1942275849006378,0.1815982887986997,0.2410657420158379,0.1909154185011701,0.2196493845648071,0.1816492488150238,0.2022091597660456,0.2149130150186522,0.1847262043753517,0.1882295904925008,0.2558877820501877,0.1877616569385267,0.1850183598895824,0.1950359433427202,0.0736579990518393,0.088321362635547,0.0,0.047993227289858,0.0302005925271124,0.0389656854521547,0.0572890736314519,0.0331227537991587,0.0282141062412293,0.0372001401680286,0.0680277698810201,0.1280764745089833,0.0455345132216287,0.0413930986664397,0.0361437531064687,0.026183686483808,0.09662503861448,0.1193138126220532,0.1082826456698775,0.0967272663373819,0.108350427809043,0.1303644616675079,0.1036892722120086,0.1358742813150044,0.110049251626151,0.0926060343018235,0.0950529296116968,0.1589706836343865,0.1114093760037668,0.1172212256596871,0.1043258383232448,0.0907098455373152,0.1218088267081611,0.1030107894512752,0.2554446085092721,0.2785160041295569,0.2712905065088584,0.2800020295807854,0.2976084553792226,0.211746112103242,0.2206534343958353,0.2434534192988451,0.2375489923640579,0.2151278349030079,0.2553390925612326,0.2938793280445395,0.2690598236668435,0.303821301142186,0.3172031304634437,0.458133888638585,0.2992457266052213,0.3132029145442629,0.2611432434192906,0.3555013705046939,0.3106947902874992,0.4014571289615141,0.3130954366187808,0.2389437331214843,0.1766512539410492,0.2305221198261122,0.1706717804397612,0.3866049936855376,0.4016258644303505,0.3419627168885171,0.0977575472745968,0.1272390688514235,0.1964190521777666,0.1543036176329693,0.1221657072865625,0.3020360059567153,0.1726622699328039,0.1230521732228311,0.3057571065517948,0.1961260637304001
326780_13_consensus,0.1784516111756495,0.1962741787709347,0.1978765149423367,0.1727422171623125,0.1820503930870742,0.1702812973078273,0.1643520612913356,0.1623901081638656,0.1998865483553444,0.1468031228952284,0.197321006637928,0.1755888916385863,0.1659906945195395,0.1540443161797604,0.2134130012937731,0.1343043853399059,0.1623489460936156,0.1587242611567916,0.1513202869663814,0.1632513241866995,0.193442108809883,0.1464417205440504,0.1474501803884109,0.3665645277154965,0.2659500887192898,0.2743638475531611,0.3133565171673567,0.305105376479144,0.2782362851107933,0.1273857962803894,0.1256706064599662,0.1749852561659644,0.2471868600023725,0.2699849934719722,0.2091048664742629,0.2582958772076935,0.2762314158508587,0.1916203046464488,0.2175868263795166,0.3357984930850435,0.1964737505238503,0.2058395005751805,0.2661097892884143,0.1591903323806534,0.1763890193890489,0.047993227289858,0.0,0.0349934871648898,0.0253763824406973,0.1282693331343161,0.0290558797862239,0.0351377365510998,0.0335136430155529,0.1149450006892465,0.2319389216664582,0.0589142944050635,0.0753013244912139,0.0255730264242615,0.0471209536007464,0.1212249903374775,0.1331970639249213,0.1390119362568,0.1188395891847342,0.106026395037162,0.1306892903844208,0.1362351456150783,0.1019971867934295,0.0974609513565738,0.1021590152403923,0.0875369196738304,0.1095239197230206,0.1034334325415144,0.089882546294671,0.1184740235374981,0.1128347597862422,0.095439189616826,0.1043997327083019,0.2903846425454048,0.2015991828793772,0.18935002885204,0.1995686714662063,0.2192510512648589,0.1923877637262308,0.2262147631970847,0.2555314387969112,0.1737307128812801,0.1876269088227999,0.271167372540507,0.3525538134053221,0.1854124186710066,0.2101524808447621,0.2198327994334405,0.3246564082640084,0.1988257600533458,0.213286218113275,0.1799505405842083,0.2464595967056375,0.2131585319571485,0.282345185384198,0.2245220773875971,0.1671501113009803,0.1421138603638283,0.1743501975761106,0.1280737658425828,0.2673261291362223,0.2808379432252152,0.2379508029759875,0.0867505443340235,0.1055582874948832,0.148317690508243,0.1571254590809729,0.1236080696107357,0.1933412223880708,0.1245712158540683,0.1281992119547723,0.2004975811989595,0.1830160094573862
326780_14_consensus,0.1735705875504791,0.2271770354261661,0.2051573399940665,0.1620697740283034,0.1657297386226304,0.1750914106433576,0.1852210143253891,0.1761523657557262,0.2671459344845388,0.1676854911156127,0.2098673663449268,0.1808369768944864,0.2132925239832381,0.1819459621899604,0.2871429231129134,0.1713566450494212,0.2050689976273538,0.1892874632137555,0.199985413035467,0.2052518079446983,0.2618297697882674,0.1736821001164976,0.1538284033429633,0.4334415269240175,0.321600478164278,0.3330882590002524,0.3773584937090213,0.3695849433951323,0.3363814041496127,0.1773628456949048,0.1703693703038098,0.2211171930809676,0.2139900217911012,0.2377420963434389,0.1938583276221699,0.2241898240399074,0.2349093050731028,0.1904048758831003,0.2022294436714418,0.2838566631990815,0.1938386580378299,0.1941882096543068,0.2197468419856818,0.0992167038323827,0.1086059326939228,0.0302005925271124,0.0349934871648898,0.0,0.0302793336912543,0.0752426910004508,0.0273332085565094,0.0255569884549231,0.0321658303149092,0.0785185545382347,0.1568724559522962,0.0466148578569445,0.0498349036219067,0.0278090818551568,0.0287173364204171,0.1020623174962338,0.1186714806973299,0.1146268950374533,0.1022794149412789,0.1039388324859871,0.1262704821047258,0.1125615643311377,0.1237781293986763,0.1058549075813886,0.092531546739174,0.0868610236364624,0.1393217332007097,0.1057623321155922,0.1046745792070424,0.1046960522647033,0.095872400105641,0.1108506709767773,0.0993869887646781,0.2596498471620201,0.2525616139102133,0.2456924639318956,0.2538570985580861,0.2727088284285912,0.2003388993187265,0.2150088880426608,0.2419446665652316,0.2161264605738608,0.2012054257788094,0.2527720962978783,0.3033147522723567,0.2492081083218842,0.2786229537016815,0.2923231439107638,0.4167797704580245,0.2687691843173319,0.286125820577368,0.2422912930655982,0.3257808523566439,0.2856836811579271,0.3646210094752433,0.2847170348311003,0.219542411335297,0.1697186402898118,0.2160786057301287,0.1592938006879691,0.3498094311562276,0.3655768360052107,0.3135062853712824,0.0908769234709794,0.1177715436365325,0.1736756720952534,0.1494166372651406,0.1207279588821492,0.2633756459992966,0.1548304573234773,0.1222083515312846,0.2671699375926408,0.1867139348996964
326780_15_consensus,0.1700085442482901,0.2012003517582385,0.1922636989830337,0.1600921175265668,0.1681659291109376,0.1564453580255786,0.156611538893479,0.1507493255418239,0.2127956461776321,0.1406077816040678,0.1846629211973294,0.1606952634823528,0.1679597008743591,0.1467242361412957,0.2293292707462946,0.1350989693025823,0.1635003340249241,0.1544490947462335,0.1554784786843868,0.1626252967090025,0.2077357366832295,0.1417300754242454,0.1357084698519912,0.3832127488784635,0.2778938373642639,0.2853053710012965,0.3299178498199389,0.3194849113128697,0.2904379497380667,0.1405896904938046,0.1342715520366226,0.186471947352544,0.2209802154027826,0.2455755465508815,0.1914443471175744,0.2312919617237803,0.2505494524011524,0.180902200539915,0.2001632930346133,0.3025227308094358,0.183586993665159,0.1908749287513487,0.2368492831237887,0.1334758244727432,0.1509906929080884,0.0389656854521547,0.0253763824406973,0.0302793336912543,0.0,0.1062259891060186,0.026577445406648,0.0305869723256293,0.0269498808306742,0.0984826113390262,0.1991436975431888,0.0504221322729563,0.0595350755971253,0.0256159064709606,0.0399650330721641,0.1101909823182047,0.1246153232776521,0.1259013771947827,0.1078143237608664,0.1022594864058099,0.1257489637755746,0.1231845810054643,0.1056173039751655,0.0952129522726572,0.0926728679753203,0.0849520491388595,0.1170124743407576,0.1000170934236805,0.0919243901430846,0.1096070937939295,0.1022522123774365,0.097792868942566,0.0996115787375799,0.2668225795924428,0.2069393465814357,0.1973731596155445,0.209507387099439,0.2277628460270691,0.1829636146240965,0.2113630527666536,0.2369421038873547,0.1766289708161323,0.179905159232085,0.251537717374795,0.3236696062968818,0.2018711319015658,0.2277514037243904,0.238201718446664,0.3548888820408749,0.220968279141438,0.2340961714601164,0.1952934733782108,0.2683030362363645,0.2321704926851708,0.3098420941337707,0.2418683129786316,0.1814510282739121,0.1430738969321936,0.1829433014386836,0.1324811737778581,0.295193110257312,0.3071544705817643,0.2589559121815199,0.0856819424522683,0.1080777433626707,0.1593296646940203,0.1510916566423787,0.1171666459778286,0.221343761959563,0.1334697887927767,0.1200423304954156,0.2272251621908516,0.181717575651632
326780_16_consensus,0.2137462423729417,0.3489945039531648,0.2702428602738251,0.1949014514769587,0.1807077828118686,0.2071159470254322,0.2517399436117351,0.2258138843576773,0.4422118759012079,0.2385794560267129,0.2536812497552247,0.2119730235988726,0.3455520688026254,0.2660756316000494,0.481375454003988,0.285889520521664,0.3234977910616976,0.2775651129396053,0.3374479761468123,0.3222027483227663,0.4450476378145147,0.2588201639469218,0.1925334980179336,0.6210148533945521,0.4890305257363501,0.5012481228517061,0.5594083769772489,0.5510332956954613,0.5097052412905576,0.3328057521646741,0.3075582743961931,0.3698272807825162,0.1691409645860453,0.1937873462887509,0.194354836677995,0.1763841924778333,0.1758827035846089,0.2268141879222476,0.1975468405423939,0.1934393653025417,0.2243130002393059,0.2042147258429665,0.1523866801623867,0.0341869888442687,0.030893650443911,0.0572890736314519,0.1282693331343161,0.0752426910004508,0.1062259891060186,0.0,0.0912500180778543,0.0757829297076853,0.0942222228411715,0.081323240107519,0.0624909743578712,0.0925673395604818,0.0613073544241373,0.1046055258226452,0.0597479760003025,0.1093895169849652,0.1355509588919758,0.1093157427095512,0.1141276064290544,0.1515728958567379,0.1617710663935661,0.1071641365345819,0.2210262193088183,0.1712578112305891,0.1225591606416465,0.1420837032240811,0.2557390203679333,0.1605494459089342,0.1914076429974116,0.1233031965205242,0.1096753030054884,0.1978912422514653,0.1399048669155007,0.2160923817455682,0.3957323398966643,0.4060464282704181,0.4102499527900818,0.4260307724164853,0.2498651796297117,0.2204280180607796,0.2344092347950379,0.3474938078449909,0.2609385635737276,0.2381339513954046,0.2216218468798771,0.4232285465470369,0.4610220976390238,0.4804792804032693,0.6487441121517108,0.4646213035165161,0.4802930451730134,0.4150497850033012,0.52891892306085,0.4764583791271377,0.5783997580344575,0.4491458463871218,0.3714449867537581,0.2619779535227309,0.3351933634691519,0.2673367367893782,0.5652065950833354,0.5822184081520874,0.5111412854538884,0.1493133316365771,0.1881102264018146,0.2726068927267917,0.1721425252492707,0.1529802239132678,0.4612814935025753,0.2587232929767289,0.1467081363462021,0.4570964561942467,0.2288531324894798
326780_17_consensus,0.1714782018243212,0.2140862515680446,0.1980621261923119,0.1640514047499621,0.1686882816759443,0.1626573695378894,0.1656695892398048,0.1597759672093204,0.2294675599220106,0.1487496754598538,0.1914803188710507,0.167739147816448,0.18418557077905,0.1607634843460559,0.2502405282627116,0.1475629082918637,0.1778761673513855,0.1673323959015178,0.1714588402008452,0.1789024356569228,0.2254813915040614,0.1522964339284982,0.1401754471243705,0.3997539382254587,0.2969716496687944,0.3061991562741113,0.3475747826499535,0.3398638046407249,0.3101844377005882,0.1563140828126776,0.1527997942888248,0.2024264759197507,0.2223024573769834,0.2446216484121848,0.1960110624362059,0.2325494441849613,0.2454948712887628,0.1860769883378275,0.2026636944060165,0.2986377112010956,0.1918352569943948,0.1951607446695185,0.2336750068028301,0.1174064104864101,0.1303120706294187,0.0331227537991587,0.0290558797862239,0.0273332085565094,0.026577445406648,0.0912500180778543,0.0,0.0262999891524629,0.0338590660213817,0.0982353780611262,0.1872488489804205,0.054971735432904,0.0621651721932323,0.0256436220033933,0.0326828993690355,0.0963487600224723,0.1110995965489713,0.1114070864132266,0.0954814016580414,0.0917284925726988,0.1134917282836767,0.1088365875529469,0.1021227803008741,0.0900021661136989,0.0860769741019815,0.0760756413725189,0.1152702753186503,0.0924026783547695,0.086936212106373,0.0973329757593823,0.0909832079867811,0.0918242529002917,0.0881668277941081,0.2687748929917752,0.2332959739875058,0.2247909145155588,0.2316516438787168,0.2523273604033491,0.1961362459598703,0.2168254844903572,0.2438346886257782,0.2009140616489269,0.1957493067860092,0.2577683813435811,0.3186713681592579,0.2169292560160869,0.2423259506155588,0.2550935516135766,0.3700531608283128,0.2336738319779883,0.2488441733003554,0.2106658690075349,0.2855457771406762,0.2496210848823778,0.322546331718307,0.2500288335383303,0.188840087126568,0.1497063643543015,0.1891542693633425,0.1390521287749173,0.3076587990877613,0.3222186422876056,0.2735352207197863,0.0819309877119494,0.1045851586206723,0.1532583545324257,0.1425033668291746,0.1143543795752783,0.2264543170440234,0.1330368857868364,0.117981103290166,0.2302907862519951,0.1724796565187354
326780_18_consensus,0.1723617855888974,0.2229142610804544,0.2049312208152613,0.1574594052709734,0.1648994138651716,0.1752758214569922,0.1854671557646376,0.1741731807828586,0.2644838424992777,0.1662514196838138,0.2112325569703159,0.1810735604767188,0.2098501754510273,0.1780841746145682,0.287325875569735,0.1690713688919878,0.2026607131083651,0.1886194404440964,0.1964637822214214,0.2023385632594099,0.2592963048951411,0.1712822129258455,0.1536168937738331,0.430147473332422,0.3194908068768924,0.3304708697790879,0.3757005528994313,0.3673214944466352,0.3349827085542927,0.1728891105353867,0.1655556463181717,0.2157834966844234,0.2151900983630668,0.2416599338764733,0.1953003713115002,0.2267885780467438,0.2398632407419079,0.189973414460681,0.2033645415459872,0.2896879545328232,0.1955269210199404,0.1962345981809541,0.2228880258973369,0.097252572406802,0.1111169141043504,0.0282141062412293,0.0351377365510998,0.0255569884549231,0.0305869723256293,0.0757829297076853,0.0262999891524629,0.0,0.0325926201095043,0.0762577191214859,0.1560577575432233,0.0440404079585725,0.049055968983076,0.0269841146678722,0.0268465189145175,0.1026114734468883,0.1213314551908908,0.1163862459099718,0.1019981113929588,0.1043735926757598,0.128089067613299,0.1129053171985177,0.1213281241132477,0.1038980670132012,0.0937155173949726,0.0870930236856288,0.1392700259526229,0.1056932594319874,0.1038276483251436,0.1057075448757949,0.0954348474125517,0.1091032862657357,0.099529572479927,0.2733396123291776,0.2569113315984133,0.2480293872476551,0.2543086068276281,0.2732178268695264,0.2085685007334667,0.2257877686605738,0.2532257035714877,0.2188095369300278,0.210857374015589,0.2662725723370336,0.3169062703890439,0.2436685865048424,0.2750303148773483,0.2885392752529228,0.4158667326889471,0.2666341324209469,0.2817713733754274,0.2365013555043731,0.3220110861040126,0.2814584885895037,0.3635012268558135,0.2859001198093089,0.2167071368501432,0.1676269990212411,0.215283457009459,0.158317985509111,0.3483814191936929,0.3638552326594997,0.3101808045114218,0.0927075579931333,0.1196356787971275,0.1798145421899732,0.1551383082384205,0.124789966006098,0.264570872094346,0.1571599114867794,0.1273754622087004,0.2691101677698206,0.1927853843040381
326780_1_consensus,0.1690476550929531,0.2054602867885648,0.1951375909517274,0.147269662464673,0.1613741258359127,0.1625185896643373,0.1705479500887143,0.1581216087892443,0.2448635148842832,0.1540229610035766,0.1977916924651808,0.1679048183617091,0.1876851691647161,0.1572183580210655,0.2622319118866905,0.1525088398158587,0.1835653565254418,0.1683699555062077,0.1748105130831625,0.1793939286460855,0.2384779757803237,0.1564581621885992,0.1438922880908535,0.4170825078180904,0.2946498985712473,0.302861064358737,0.3543536935112286,0.3418796376503579,0.3102345167952443,0.1550481735328936,0.1414265857843837,0.2000803464201759,0.2049061458931298,0.2355181053452852,0.1852730821814106,0.2168508054747313,0.2402944876739781,0.1796014220807364,0.1948821478967346,0.2848987074284537,0.1815221696897282,0.1861827683504628,0.2187652448472228,0.1160778919304945,0.1359483962086365,0.0372001401680286,0.0335136430155529,0.0321658303149092,0.0269498808306742,0.0942222228411715,0.0338590660213817,0.0325926201095043,0.0,0.0726192218707382,0.165106740331467,0.0355546101091448,0.041695621866399,0.0297495864455861,0.0382724428962006,0.1225947645031411,0.1423591445323495,0.1376301580650007,0.1208646228412,0.1229351510334808,0.1495156978038281,0.1340239889203545,0.1322111550910421,0.1152494812281403,0.104722820350446,0.1035780132651673,0.1476681007153715,0.1203299805172761,0.1168942077442629,0.1248254471070069,0.1112840084402151,0.1222823418179999,0.1193181130553497,0.2608271008037093,0.2188001810083761,0.2089168639733003,0.2233338185734368,0.2396753360395003,0.1846727393271976,0.212885165928828,0.2350995452033508,0.1827975178538423,0.1842969334433846,0.2479261415285201,0.3136350635852345,0.2307864443847691,0.2633807087375466,0.272768877993105,0.4056386361995017,0.2574456567331324,0.2701898584063116,0.2218844801419131,0.306515878067735,0.2645547689080096,0.3567740222700735,0.2814405794529335,0.21307720335367,0.1630645437193898,0.2112388393974313,0.153778043272819,0.3406482750152797,0.35334416853755,0.2988001458343774,0.1029208156478205,0.1303362829459153,0.1980884049222169,0.1728102714922847,0.1316663523370138,0.2699869744852421,0.1652161291966472,0.1320020011235456,0.2776331769915359,0.2107686886019451
326780_2_consensus,0.227183557072081,0.2949930258814888,0.277368160561025,0.165746586840072,0.1967481836014997,0.2883862714168721,0.326926575263176,0.290193060774726,0.465049658535861,0.3006400283387336,0.3529946169541453,0.2970125781156447,0.3682333242178295,0.3022450641870868,0.4913169331444393,0.3133560212174657,0.3624324869582871,0.3308710759176563,0.3518211937788678,0.3497444398458249,0.4530197302934553,0.3098291212060431,0.2672455993627238,0.6086288909927546,0.4479596235669163,0.4643803409330971,0.531824835800947,0.5201821754302429,0.4727216424734237,0.2771567747656007,0.2411891096161653,0.3019125592839593,0.2302333558856872,0.2834296375545371,0.2437892497100406,0.2481973214876518,0.2719113597460989,0.2515290662896596,0.2561729065292866,0.3072013873358905,0.2536138273916712,0.2485600742718112,0.2294286822204512,0.079889477903027,0.1050712750584708,0.0680277698810201,0.1149450006892465,0.0785185545382347,0.0984826113390262,0.081323240107519,0.0982353780611262,0.0762577191214859,0.0726192218707382,0.0,0.0762776768556605,0.037063052558306,0.0353814785332993,0.0886210338322861,0.0609558659185864,0.210648446827161,0.2503495049387254,0.2218719761358798,0.2108789440469465,0.2399356392122165,0.2773289732713984,0.2164187009355309,0.2781727595678624,0.2381071527756759,0.2001998085733127,0.2112273205807966,0.3131006779054175,0.2435101289022476,0.2506850283783528,0.2232851423511022,0.1929537010728701,0.2576094594582585,0.2307053779964007,0.33800744365724,0.3795572072170188,0.3637528917818642,0.3738205185295626,0.3836749183308363,0.2972037885117231,0.3103268081457955,0.3339136444850226,0.3166127761263055,0.3094050444769713,0.3386638421420258,0.3630016381088765,0.4112028649264729,0.4724606329039815,0.4850525759418396,0.6746781243454336,0.4621412554877793,0.4796538589958601,0.3976705704605763,0.5336282207639584,0.468986635400924,0.6044331909549747,0.5030909470144849,0.3956473230671697,0.3103754395212803,0.3915902400444047,0.3003055011274824,0.5804633494226188,0.6022112816305807,0.5242103852865725,0.2029648297078345,0.249189733329235,0.3728841339589088,0.2886140742515977,0.2302269385631277,0.4939645512321071,0.3303548791633766,0.2289348912425275,0.5061212853125028,0.3607492588798919
326780_4_consensus,0.2881323030642413,0.4433098070219898,0.3588043255127822,0.2362031079603355,0.2370450327702791,0.3226035371800009,0.3910045033963207,0.3439445685306737,0.6339367746787303,0.3740413818947097,0.3922057578535884,0.3289977854579504,0.5017904666493891,0.3928341350130893,0.6764452041252902,0.4313826665928424,0.4799993960507009,0.4183265569261039,0.4920368286933509,0.4676040958811498,0.6327523620108373,0.3977113459683892,0.3107761733802796,0.782055791513919,0.6164076259629496,0.6320055604586052,0.7077775862458324,0.6975302975223876,0.644345890992696,0.4509514351269068,0.4032050898564527,0.4643967429855529,0.2016980302474706,0.2450079809080172,0.2549081558890513,0.213474097596034,0.2209865226573946,0.3010888191514596,0.2618991446438166,0.2249372919238084,0.2944544880609321,0.2693580661552346,0.1773366247120478,0.0552853622625555,0.0577687948714142,0.1280764745089833,0.2319389216664582,0.1568724559522962,0.1991436975431888,0.0624909743578712,0.1872488489804205,0.1560577575432233,0.165106740331467,0.0762776768556605,0.0,0.1258702657947523,0.0849428003942378,0.1951524647215876,0.1270888778125645,0.2245380480714907,0.2663880179996809,0.2213883357522093,0.2287902438441982,0.2916161312462577,0.3109225302507141,0.2171518282926214,0.3798495536387953,0.3106621096906607,0.2353927340090145,0.2731037571917305,0.4274922583540146,0.3002009277242052,0.3416647040097871,0.2443777546645265,0.2175638522002891,0.3497214432291855,0.2760485758718296,0.2845071728807795,0.5157226398944132,0.5241009010035214,0.5303178243947606,0.5378645902040446,0.3403841113346679,0.3036438897210232,0.3148959349189901,0.4502634164332093,0.359471224952717,0.3116245764806109,0.2722411118396373,0.5867266039213845,0.6461452724180958,0.6648491276551596,0.8817499731504768,0.6527182489030849,0.6681852091822869,0.5742326155523507,0.7252263432543664,0.6559109902375688,0.7982380135967553,0.6483969613132352,0.5435229026108779,0.399948712621395,0.4998921820268087,0.4090515288521814,0.7793820813075278,0.7990021363102748,0.7096861915066981,0.2696573207897543,0.3247436413571769,0.4610926643545561,0.308893997586857,0.2666129619894306,0.6829492668044672,0.4305500397948982,0.2560295435783182,0.6836003125677372,0.3940875593614983
326780_5_consensus,0.1879383946298745,0.2259583105914124,0.2229941715253645,0.1432709780635903,0.1713956997255579,0.2232773813784412,0.2419521505479807,0.2181998715957114,0.3324201431230378,0.2191780892982251,0.2727845930796491,0.2301602549592587,0.2608766765350836,0.217931699701559,0.3524386602291827,0.2176384030927778,0.2576178176550172,0.2386700560557813,0.2445228142820994,0.2488133470462123,0.321727184709605,0.2222353363506712,0.201099910688665,0.4841236479624129,0.3435263780588826,0.3561145334732671,0.4138212015242608,0.4019809370290375,0.3622555131152047,0.1874779892340683,0.1635582865552756,0.2201715094418297,0.2208829794372668,0.2641835445722904,0.2116265754608441,0.2376564076529916,0.2621893294994919,0.2062784285314052,0.2239938040244382,0.3080260097879055,0.2103525583423646,0.2135088382467174,0.2305458042569128,0.1017701214499773,0.1286221411311388,0.0455345132216287,0.0589142944050635,0.0466148578569445,0.0504221322729563,0.0925673395604818,0.054971735432904,0.0440404079585725,0.0355546101091448,0.037063052558306,0.1258702657947523,0.0,0.030364290827773,0.044941162474192,0.0404406685009703,0.1677519214537959,0.1973956309019193,0.1832933199335009,0.1658490209683343,0.1777097502908979,0.2121768259482834,0.1783292565496026,0.1936700857005178,0.1685973476905076,0.1495327150307268,0.1506458060569144,0.2177991863503159,0.1765860119154396,0.1735585915087725,0.173881181160187,0.1515653384398021,0.1794500442396369,0.1716555788341125,0.3029436600844875,0.2710617140908553,0.2546177046704194,0.2659427357575765,0.2791789730300422,0.2283402797196458,0.2558684339797992,0.281748163363531,0.2220130028510638,0.233592213650386,0.2915016700482162,0.3470182564322606,0.293388135562914,0.3416139310258259,0.3512523967268599,0.509038397907382,0.3306989998862804,0.3458099528196605,0.2817431753929647,0.3912331932464354,0.338026416504757,0.4521382087278027,0.3719358115518574,0.2821219262039491,0.2228558329385066,0.2849872626323488,0.2104951653078259,0.4307690053176927,0.4482673291786128,0.3839239268358518,0.1440286119389142,0.1803926082881375,0.2766120062612813,0.231123708620597,0.176810049821757,0.3575759678296677,0.236620626038345,0.1785147617750517,0.3691994638240388,0.2850556560654311
326780_6_consensus,0.184909854549538,0.254608058979759,0.226243502764909,0.1440392083923889,0.1614268046818736,0.1999019904102468,0.2293233925964237,0.201482938225169,0.3595090404514565,0.2108446826505918,0.2505757659407486,0.2059015806637276,0.2739178020294588,0.214245065009667,0.3856328379706504,0.2273613081126839,0.2644994136550593,0.2350152523172646,0.2609274982602585,0.2556645149108867,0.3537486030603318,0.2197265028980837,0.1831034549133221,0.5213208437320809,0.377729930207888,0.387790525433374,0.4514490152069328,0.4373130126680813,0.3981376640748131,0.2226683534498121,0.1929454484537771,0.2545786400002114,0.1772758993555498,0.2176432725248922,0.183524420671187,0.190710996620691,0.2126009109160165,0.1944789687456634,0.1935107872753612,0.2445983303540302,0.1923278601588407,0.188757310650022,0.1809288456560835,0.0700927465098644,0.0900402562788862,0.0413930986664397,0.0753013244912139,0.0498349036219067,0.0595350755971253,0.0613073544241373,0.0621651721932323,0.049055968983076,0.041695621866399,0.0353814785332993,0.0849428003942378,0.030364290827773,0.0,0.0595802877039908,0.0415428748346045,0.1454178417868163,0.176227214830142,0.1555616753862168,0.1443494118311292,0.168971288770841,0.1963386480298155,0.15100394990964,0.2021248921779097,0.1672091331582947,0.1346887839778467,0.1477132103722205,0.2302299782273813,0.1697119647717002,0.1798155532583827,0.1543258851577036,0.133325757692905,0.1853315334497161,0.1615199489574372,0.2567496977509869,0.294507501534003,0.2875793980072245,0.3006222516144596,0.3113575996053654,0.2182453871439946,0.229036332598433,0.248331605120434,0.2457292515605331,0.2249203262639341,0.2557500108460218,0.2895796026666737,0.3270932601507539,0.3744359951503071,0.385885637052521,0.5558221173855209,0.3732186080498643,0.3860536134689454,0.3165840111159603,0.4299931808442849,0.3753660912080896,0.494332940776431,0.3952293985939654,0.3070879471707037,0.2242521357557869,0.2936310312686068,0.2208895344100199,0.4756596216465425,0.4906254094007849,0.4206683071748571,0.1414229173682066,0.1800296718562855,0.2813875539490205,0.2103929877402492,0.1609205152538528,0.3989593495540049,0.2429534299555449,0.1586469336148823,0.4067273020473578,0.2682562826732066
326780_7_consensus,0.1735881497267151,0.20092067119527,0.2002110040703897,0.1611507228848552,0.1733763129822207,0.1834603587563457,0.1840916569090609,0.1772372250910656,0.234796047299028,0.1640087115662787,0.2159451797277967,0.1892396512013086,0.1913502431430984,0.172620187100783,0.2511410919242181,0.1551170375717774,0.1879392132073363,0.1811401155450305,0.1758938363601672,0.1875052105568038,0.2269757831002401,0.1657065941959032,0.1590049261561787,0.3921820388480768,0.2832772244452783,0.2946584758970978,0.3365480103745319,0.3279642716112789,0.2986068502070154,0.1427205867517926,0.1385514570158861,0.1899626344317049,0.2386720136417572,0.2651438520075189,0.2064580452620354,0.2505851682843563,0.266603116660967,0.1916640443531676,0.2159053356789755,0.3252798185948364,0.1973474819341589,0.2043881356342787,0.2525931028792243,0.1296789507809848,0.1478346363877918,0.0361437531064687,0.0255730264242615,0.0278090818551568,0.0256159064709606,0.1046055258226452,0.0256436220033933,0.0269841146678722,0.0297495864455861,0.0886210338322861,0.1951524647215876,0.044941162474192,0.0595802877039908,0.0,0.0343359918735828,0.1187951662984829,0.1356396281908765,0.1362730119139392,0.117870973562109,0.1108246190220683,0.1378546632404003,0.1328559414680512,0.1147351677177468,0.1044884842503179,0.1033543594659356,0.0914938570452434,0.1271580253556408,0.1103468853304612,0.0998553662187475,0.1199188274131834,0.1101183757007469,0.1050936635842205,0.1076617131018835,0.2942912032370834,0.2262122232046302,0.2119151717442484,0.2208416941038891,0.2402236320817223,0.204289414411388,0.2342775006510002,0.2642392228609544,0.1917361028739321,0.2032316122088708,0.2787616237568606,0.3488091574153529,0.2111725710523231,0.2410807650825077,0.2521710721685686,0.3686171993368958,0.2281825836864044,0.2437653084598636,0.2035611014918039,0.281785194490439,0.2440079187019819,0.3206728366641869,0.2571173014436283,0.1911615352069233,0.1582748370252531,0.198717132669028,0.1440542251022059,0.304490764747495,0.3202438356355408,0.2717520426280337,0.0931179206512027,0.1175262331600741,0.1699773773860116,0.165665756271359,0.1306104643606644,0.2275122736928594,0.145745197091994,0.1354460061778724,0.2349371696756819,0.1985982680218327
326780_8_consensus,0.171367067880503,0.2354642737717824,0.2100072376553292,0.1508883519575654,0.1580009891913292,0.1835029879295433,0.2017990665563402,0.1859335374449813,0.302221394922288,0.1815106012466749,0.2242023446896546,0.1897371345468563,0.2372196379938422,0.1955827792036117,0.3285202823961732,0.1920897395533529,0.2280018243368253,0.2089943936660603,0.2239488651012671,0.2271030767831554,0.2967324810272664,0.1894041808557176,0.1615858047054921,0.4705637952656083,0.3488153560447529,0.3594601306706124,0.4082121187051974,0.4005246413691345,0.3632429624553381,0.1918181380540033,0.1791926569772961,0.2349403037846542,0.2042706914524004,0.2332111027686423,0.1938956428092737,0.216425520263165,0.2265172373365445,0.1927817436997401,0.200874387510666,0.2720710767869398,0.1989758325550248,0.1958268930961928,0.2064756273983832,0.0750345974763746,0.0891944187855955,0.026183686483808,0.0471209536007464,0.0287173364204171,0.0399650330721641,0.0597479760003025,0.0326828993690355,0.0268465189145175,0.0382724428962006,0.0609558659185864,0.1270888778125645,0.0404406685009703,0.0415428748346045,0.0343359918735828,0.0,0.1033190108771684,0.1261709745069197,0.1154691992317182,0.1045454392508453,0.1138601967412107,0.137355406600399,0.1115230144408414,0.1407217269763059,0.1158877105162012,0.0989073283818946,0.0963237403688452,0.163947308522097,0.1176590667867429,0.1197687915722234,0.1104919511344455,0.0964098611863697,0.1256091845933653,0.1074905741372269,0.261901593181836,0.2771974787092937,0.2706894532010508,0.2726652623011212,0.2913614625998875,0.2109663007448965,0.2214156721364375,0.2481849061023773,0.2345249745079556,0.2167177215086191,0.2581877603597249,0.2967053010827918,0.2767242166177865,0.3132962551942313,0.327451334915775,0.4675624580182074,0.3039780928414259,0.3206327048824846,0.2682545558219686,0.3655033370825471,0.3202442376094581,0.4092984290485653,0.3232969876776899,0.2464560725100533,0.1876531131440657,0.2417778427150629,0.1791131163173709,0.3936751567496088,0.4113424350156052,0.3523303058112681,0.0997783387033131,0.1308845096514588,0.2004522149779575,0.1602923590767773,0.1294563909118444,0.3039473425369579,0.1785572084093516,0.1307186553256762,0.3078193298662697,0.2036707261501646
326797_10_consensus,0.1785811873540019,0.2855846073321579,0.2148103805001895,0.2087313928124956,0.1725749391120068,0.0915170729018868,0.1057849645946333,0.104962095564975,0.2287781951646188,0.1008067898608047,0.1092671564309881,0.0931954776847803,0.1721290106194075,0.1305092704326114,0.2624427914826555,0.1349439368664526,0.1513831347400973,0.1266476400403995,0.1700234781138441,0.1590070608173519,0.2385617117130891,0.1150151650361763,0.0812261845656792,0.4342432134016469,0.3543669852855871,0.3564530018944012,0.3945922960240295,0.3877360413298376,0.3625918516063464,0.2475779031106917,0.2496922722979988,0.2972652684092765,0.1601313473692265,0.1607446116961171,0.1515266348155144,0.1597603084504051,0.1575440563255128,0.165238959110674,0.1481616549557642,0.1871854435668574,0.165498095298652,0.1556962229981238,0.1584637423011194,0.135972733126394,0.1294292085907429,0.09662503861448,0.1212249903374775,0.1020623174962338,0.1101909823182047,0.1093895169849652,0.0963487600224723,0.1026114734468883,0.1225947645031411,0.210648446827161,0.2245380480714907,0.1677519214537959,0.1454178417868163,0.1187951662984829,0.1033190108771684,0.0,0.0276234639514818,0.0269266403650441,0.025938180325113,0.0346052253271409,0.0347849069457559,0.0263577763296503,0.070803758626301,0.0460572221953192,0.0303303231666802,0.0388491295728172,0.0908172648710206,0.0380877385952445,0.0585651730278158,0.0272821844035604,0.0279922993562422,0.0607064307739051,0.0310256447045311,0.1924574984674762,0.2898524523925978,0.3071527825219817,0.310222891207772,0.3316865304944656,0.1918452242219253,0.1734733606098046,0.1882112610954465,0.2711515336710093,0.1923522801713488,0.1998175365207863,0.2237168461273455,0.263143741197279,0.2718935886130431,0.2890133996445563,0.3959093498213519,0.2828289820888301,0.2892286566044291,0.2605612264032118,0.3208154790580337,0.2934116167357032,0.3455145133928248,0.2456207673099655,0.2075265706850366,0.1371961044921406,0.17427499368004,0.1452349092799281,0.3423679295784048,0.351217385188491,0.3041138737977746,0.0911537459046272,0.1096953239922378,0.1361110336027664,0.0964584818663105,0.097037077881442,0.2778418210059854,0.1357606169162117,0.0924443367932106,0.2669518567887401,0.1153675087731471
326797_11_consensus,0.199519022649838,0.3049691586205192,0.2305320973647049,0.2412104369790739,0.1964016446553778,0.0908684438219324,0.0990726241945409,0.103625067635285,0.2105353143600901,0.0965245143238071,0.1012559337684209,0.0920649808813713,0.1646833463252655,0.130320612085967,0.2418819232086946,0.1285392832553711,0.1419840556980141,0.1199068943649983,0.1622541348917039,0.1519764217340622,0.2218621198484029,0.1103483505709697,0.0808604519185856,0.4341013346341142,0.3635335565555309,0.3652663156071156,0.3998998469681076,0.3932481056430568,0.3711644524240398,0.2594036402796078,0.2673337564065399,0.3105630582957026,0.1825638301801113,0.176738129600011,0.1682449567762098,0.1802367883333993,0.1749403874685491,0.1806364186317068,0.1638523159280467,0.2070278019805584,0.1801942297140293,0.1716788629145149,0.1816760997393167,0.1698296231788347,0.1562270815672306,0.1193138126220532,0.1331970639249213,0.1186714806973299,0.1246153232776521,0.1355509588919758,0.1110995965489713,0.1213314551908908,0.1423591445323495,0.2503495049387254,0.2663880179996809,0.1973956309019193,0.176227214830142,0.1356396281908765,0.1261709745069197,0.0276234639514818,0.0,0.0292040908252566,0.0293187434728743,0.0323737079440391,0.0275377691357832,0.0298014243726534,0.0645345112600921,0.0449692839730779,0.0322205857473605,0.0372993843617948,0.0786028117231012,0.0342909136357789,0.0527094471020923,0.0266443533399787,0.0335093566319883,0.0558762785584363,0.028782548018249,0.1956349090763076,0.2875162332068619,0.3076741655641584,0.3116263831317383,0.3341988131353481,0.1942624442041207,0.1746587759128886,0.1894099118572469,0.2750092701796838,0.1918661857908148,0.2015300560200401,0.2302630221421786,0.2593659186258463,0.2602180121447013,0.2777165103167007,0.3704709254853213,0.2722131385856627,0.2789509431873185,0.2590911730127772,0.3065040711993418,0.2847676737657174,0.3246535492236226,0.2277960645364203,0.1993146340414711,0.1358806477236775,0.1649117326146587,0.1446255466407144,0.3233914811355305,0.3299676155296716,0.2887969083041071,0.0941774632804843,0.1077498808227801,0.1201105832296427,0.091672641041427,0.0989277211177395,0.2569590289853778,0.1250912371256483,0.0941694851891306,0.2442186347073338,0.1034042933091576
326797_12_consensus,0.1921644919585325,0.3119219878682173,0.2301666255560164,0.2241609854469501,0.1821945645882259,0.0933024377221265,0.1123141732323205,0.1104319921559984,0.2502812325814858,0.1085488200446391,0.1116964976557532,0.0952546367674216,0.1898768987092225,0.1423315171347354,0.286096807668784,0.1498065044276408,0.1655589107462844,0.1371535424162715,0.1884718490105612,0.1746201311497159,0.2609593408622501,0.125340373512607,0.0845924991009425,0.4662276013124149,0.3846878776444811,0.3866123597342437,0.4267558132569249,0.420085478854947,0.3930755056255641,0.2767826248705241,0.2780908744781776,0.3253735008814971,0.1576466800489413,0.1563924149764091,0.1558851228587841,0.1559533817043856,0.1527131369308634,0.1752171365980146,0.1514220390360279,0.1762447651808862,0.1743729677254748,0.1615101076406411,0.1527330537109961,0.1366425346264499,0.1245191766621509,0.1082826456698775,0.1390119362568,0.1146268950374533,0.1259013771947827,0.1093157427095512,0.1114070864132266,0.1163862459099718,0.1376301580650007,0.2218719761358798,0.2213883357522093,0.1832933199335009,0.1555616753862168,0.1362730119139392,0.1154691992317182,0.0269266403650441,0.0292040908252566,0.0,0.0288187766946244,0.041654112064517,0.0386463646284944,0.0263992095974359,0.0849392371708006,0.0570179169660818,0.0347587522454233,0.0465826620528133,0.1064474596908695,0.0458225489668393,0.0710396156249721,0.029079216059948,0.0317222917433852,0.0737432844430863,0.0371838589367818,0.1828343383644224,0.3109616487177007,0.3324391548147254,0.3354447074287883,0.3562444767590804,0.1981666864885873,0.1720775633030307,0.184557581529944,0.2923354674631717,0.199207880894729,0.1940528470456861,0.2084486422332716,0.2904720878576512,0.2983468166351706,0.3167267822390691,0.4262179645564714,0.3108366554986332,0.3181704109652266,0.2886924962177488,0.3501619965019635,0.3220436509848348,0.3743141547900492,0.2673723006305621,0.2298183343094777,0.1511472427040274,0.1907791933365281,0.1624724837134437,0.3719718543952659,0.3801651700732158,0.3323359243664576,0.1025079820943162,0.1201741254111432,0.1487606040618523,0.0991825235656698,0.1025505937437181,0.3052205500274212,0.1501520217625795,0.0975197801963361,0.2927295065400628,0.1185477683114832
326797_13_consensus,0.1793787143807819,0.2808844148454454,0.2138274479105533,0.2080038608780476,0.1733443370659841,0.0860440939228865,0.0992416725652134,0.0979894095855691,0.2180800961751572,0.0947095702807772,0.1046118750603959,0.0880344172004115,0.1618668913447898,0.1214390160084732,0.2508702485248903,0.1264315049474511,0.1422570375550442,0.1191626461392409,0.1602137793125919,0.1494461792363672,0.2268854428142006,0.1076095590634764,0.077205314549225,0.4242066015058974,0.3459923476539259,0.3475051408791287,0.3869189876165784,0.3790431951709045,0.3546264339444533,0.2392615338305219,0.2409046130189196,0.287097223595719,0.1577977340307264,0.1601348569418128,0.148685770418929,0.1584758587887904,0.1587443150519121,0.1605459639617379,0.145578334718003,0.1882499518209002,0.160906372587732,0.1525298082527939,0.1589955097240434,0.140704772386762,0.1361887229251621,0.0967272663373819,0.1188395891847342,0.1022794149412789,0.1078143237608664,0.1141276064290544,0.0954814016580414,0.1019981113929588,0.1208646228412,0.2108789440469465,0.2287902438441982,0.1658490209683343,0.1443494118311292,0.117870973562109,0.1045454392508453,0.025938180325113,0.0293187434728743,0.0288187766946244,0.0,0.0339903404407451,0.0353010608602559,0.02745052107187,0.0666530390069723,0.0434951121962861,0.029342661543918,0.0385372370446646,0.0871561141034256,0.0369025242524685,0.0556551122816522,0.0274919076882724,0.0281467021868984,0.0577190423849458,0.031485478540393,0.1973498455141573,0.2830978177458831,0.299007652276412,0.3044876441216999,0.3246180521800994,0.1917929323334561,0.1760596384416608,0.1905044838445633,0.2656686016403498,0.1909314260721544,0.2033433591167934,0.2319379269611019,0.2520829160710889,0.2626214024332611,0.2787350350179167,0.3859935301808548,0.274439747561324,0.2800124355165962,0.2500145028634577,0.3098103640281024,0.2824323856943849,0.3363716677972981,0.239064916948692,0.2000729501346896,0.1317171510135431,0.167662338158582,0.1394280585434515,0.333205109320982,0.340913287656079,0.2940320353338208,0.0922472288561735,0.1099666060352859,0.1377317869331946,0.1006755215128265,0.0978049744208746,0.273331107244573,0.1351874839895472,0.0938517504063369,0.2638799396577873,0.1184571407282248
326797_14_consensus,0.1896070203085713,0.2636530976485858,0.2150444544863248,0.2252460923271968,0.1945253698707496,0.0904107135740801,0.0887225221419214,0.096690344936217,0.1635072565334177,0.0825234562504348,0.1016014992050031,0.0937311219481848,0.1272306849883016,0.1080812823262853,0.1912861418181037,0.0986236558340536,0.112276066486352,0.1010310681180328,0.1238674641976516,0.1213646143547855,0.1706515088645375,0.0903626195200288,0.0777680232248236,0.3800914161507123,0.3127736735308808,0.3145974758341268,0.3460555754725831,0.3390079808721786,0.3184877393773639,0.2080769809902491,0.219068185140717,0.2620606281155631,0.2042711984878522,0.204896590104834,0.176834356487582,0.2050952738080766,0.2076223817652973,0.1735927791188629,0.1737814283202574,0.2505245107985772,0.1782516281866613,0.1772167426877615,0.2129774550494048,0.1863074717755211,0.1837760202120826,0.108350427809043,0.106026395037162,0.1039388324859871,0.1022594864058099,0.1515728958567379,0.0917284925726988,0.1043735926757598,0.1229351510334808,0.2399356392122165,0.2916161312462577,0.1777097502908979,0.168971288770841,0.1108246190220683,0.1138601967412107,0.0346052253271409,0.0323737079440391,0.041654112064517,0.0339903404407451,0.0,0.0291014248564351,0.0406729288620049,0.0392981292635283,0.0304559526989898,0.0313884229379652,0.0278239594545084,0.051681443474024,0.0255037271685196,0.0328700395116285,0.03116430782757,0.0361092816803605,0.0344324086723872,0.0256771555682711,0.2358502676416733,0.2544852409928992,0.2663290771044018,0.2700633875381406,0.2929753133152566,0.195324017348156,0.1957843075382754,0.2155185940115949,0.2426169108687332,0.1924420636738943,0.2309907404340556,0.2834332375627184,0.2084299385306458,0.2128348383258185,0.2274989264147677,0.3131873126702942,0.2191483220383467,0.2249428670373419,0.2074922140828192,0.2521348995633481,0.2309742663521525,0.2714999813426715,0.192201141637593,0.1611500304628776,0.1169159415102747,0.1402867226573967,0.1191832514034381,0.2688826808994449,0.2760402815690383,0.2374876708022952,0.0880108711358644,0.0996542084318328,0.1109025173725797,0.1046703754671263,0.1038051202783627,0.2100652294069007,0.109363954201779,0.1032815974620859,0.2016656420560458,0.1132890337132934
326797_15_consensus,0.2066112235302384,0.2970255692199046,0.2321538466649642,0.2540665010851057,0.2106481117565479,0.0921261956266228,0.0915632354999544,0.1025107199809447,0.1788865043347556,0.0890938323001933,0.0974572538037286,0.093713427426632,0.1444249834562256,0.1218297197682751,0.2080914914758338,0.1136197164450436,0.1242733353830694,0.1092815120623882,0.1422743331363953,0.1360259388818931,0.1906836905707436,0.0997145225761109,0.0810911454260363,0.4050700465792651,0.3438209861102734,0.3444590027765315,0.3740003160979732,0.3679284002296477,0.3487157252931538,0.243826898083924,0.2562815906318292,0.2973754054065516,0.2088193250484522,0.2010512642146977,0.1844015860946939,0.206815944586129,0.2022520514093457,0.1883265693786313,0.17910747280132,0.2410222346189705,0.1906128522820793,0.1850701489997099,0.2133759289781167,0.2008447030558677,0.1893961559527639,0.1303644616675079,0.1306892903844208,0.1262704821047258,0.1257489637755746,0.1617710663935661,0.1134917282836767,0.128089067613299,0.1495156978038281,0.2773289732713984,0.3109225302507141,0.2121768259482834,0.1963386480298155,0.1378546632404003,0.137355406600399,0.0347849069457559,0.0275377691357832,0.0386463646284944,0.0353010608602559,0.0291014248564351,0.0,0.039703524124441,0.0508655959728727,0.0397327067856316,0.036394017979731,0.0354765470888374,0.0614812445131534,0.0301625530004372,0.0430451211187019,0.0305953886268923,0.0410232837957842,0.0452673464712241,0.0278509131671782,0.2193787707076815,0.2734796040398386,0.2924411324881575,0.2950888182090381,0.3197661348711875,0.1990857602728084,0.187813397330693,0.2051480551342166,0.2667685144994109,0.1946224448877771,0.2191688069483177,0.2607839587746028,0.2348366156377821,0.2320683739714795,0.2487388497709588,0.327988899543925,0.2423043971428207,0.2479982847477728,0.2358573984399541,0.2734794185848734,0.2557495376480574,0.2866481897759563,0.2003187065123199,0.1777218498281918,0.1273422847818466,0.1481824034670253,0.1339802937195777,0.2865767355910478,0.2920931778259401,0.2569449368065761,0.0963916785014262,0.1060640118898952,0.1068767093706384,0.096387634955338,0.1054822471507215,0.2236497986700811,0.1132005534673581,0.1032308921179137,0.2105054260519843,0.1012046752419806
326797_16_consensus,0.1907070301332467,0.307489587444465,0.2290577254411765,0.2194900837999398,0.1807904230574308,0.0919472227638529,0.1117961995530016,0.1077941111831499,0.2481530874823754,0.1075407048434939,0.1116317363976939,0.0942900483247015,0.1855337042014788,0.1378009339774806,0.2844143119967022,0.1473490217863471,0.1630408647748353,0.1356825831309223,0.1848249133235562,0.1702363625638412,0.2585274669047166,0.122914381985737,0.0844317020224352,0.4582749703842843,0.3778671303055638,0.379478595135609,0.4209696021122227,0.4136859502086629,0.3866886689854603,0.2713269869234693,0.2710261622272512,0.318683257334353,0.1569678707686002,0.1584074286552734,0.1548913597283743,0.1567259522074309,0.1548538241225827,0.1732901360585934,0.150801833998333,0.1783346035330169,0.1730566099923329,0.1612305511359792,0.1537280451192302,0.1330116251680664,0.125134518317548,0.1036892722120086,0.1362351456150783,0.1125615643311377,0.1231845810054643,0.1071641365345819,0.1088365875529469,0.1129053171985177,0.1340239889203545,0.2164187009355309,0.2171518282926214,0.1783292565496026,0.15100394990964,0.1328559414680512,0.1115230144408414,0.0263577763296503,0.0298014243726534,0.0263992095974359,0.02745052107187,0.0406729288620049,0.039703524124441,0.0,0.0820266181739484,0.0537661750469347,0.0341698922973847,0.0465777350718248,0.1044656560505821,0.0445677636738892,0.069551337826418,0.0291513561594776,0.0300959914448561,0.0713143180803719,0.0376357844393666,0.1907834369067167,0.3109516227372246,0.3314569607399917,0.3347595413040878,0.3547570683465686,0.2020775490918502,0.1786703447903832,0.1911612652412166,0.2919570697769629,0.2035522235590718,0.2022704511174886,0.2182280846352569,0.28576102790608,0.2955417157905415,0.3130559395627728,0.4259211312272128,0.3090496866095726,0.3147256752180389,0.2825023282349441,0.3463703516288596,0.3177005304069418,0.3736895402999174,0.267280026251175,0.2276588801161274,0.1494252673857836,0.1896531438026265,0.160288454761762,0.3712932543809621,0.3790080619892073,0.3295912739742093,0.1027964935957328,0.1212867986389092,0.1526765352487693,0.1034793125659625,0.1037316125510088,0.3058624416864859,0.151634666270894,0.0979909050051155,0.2937853455392982,0.1228385601130241
326797_17_consensus,0.2081123243926299,0.2359745774632387,0.2210298597044619,0.2429041320364184,0.2259236811470835,0.1024555760708167,0.0841305538968129,0.0977678795251648,0.1005467488390792,0.0749898258764147,0.1088798634579149,0.1064220894648819,0.0845004197817047,0.0899154690002497,0.1198291813139817,0.0675216336746054,0.0781883412001533,0.0832389636140433,0.0787353814516507,0.0859177574669161,0.1037128232281858,0.0736112883744226,0.088113845511085,0.3158727257100295,0.2600893135067252,0.2600044668630268,0.2876466629102872,0.2795346951752826,0.2641569483608528,0.1626697626289655,0.1791732627377911,0.2157989558762949,0.2591475079730827,0.2625835027863061,0.2091403588352243,0.2620854927845357,0.2743653198285614,0.1876857934106333,0.2086983687964334,0.3333655265780564,0.1946761562884731,0.2057669031424716,0.2821638907127877,0.2610697324891191,0.2695269064927252,0.1358742813150044,0.1019971867934295,0.1237781293986763,0.1056173039751655,0.2210262193088183,0.1021227803008741,0.1213281241132477,0.1322111550910421,0.2781727595678624,0.3798495536387953,0.1936700857005178,0.2021248921779097,0.1147351677177468,0.1407217269763059,0.070803758626301,0.0645345112600921,0.0849392371708006,0.0666530390069723,0.0392981292635283,0.0508655959728727,0.0820266181739484,0.0,0.0318491111996976,0.0528632115194973,0.0391055271016682,0.0283341865266351,0.0346994124615491,0.02593657473939,0.0598294075413825,0.0672073819207099,0.0259582076458784,0.0450830764962049,0.304482559750511,0.217172981886776,0.2184092859545998,0.2252725291543562,0.2484166888174108,0.2116902942407179,0.2379129079493154,0.263382606540457,0.2109971257772542,0.2041681820642651,0.2834267218630941,0.3734460752219419,0.1492660576085036,0.1515656243030712,0.1623368912484153,0.2302828870090429,0.1549630542982996,0.157644798912198,0.148441977671748,0.1787511043891783,0.1635399954188336,0.197962144533033,0.1458910699475026,0.118194357278007,0.1048933562802787,0.1146042206598139,0.0998162484006108,0.1947234668737962,0.1992493056275748,0.1690845237088716,0.0997658279007218,0.104783214424259,0.1069482302869815,0.1388080411450403,0.1273512525500351,0.1488209394802169,0.0973944808367512,0.1321054108558286,0.1463713502346344,0.1376079469060194
326797_18_consensus,0.1799632122099446,0.2326597277596889,0.2003670457910935,0.2094928631406105,0.1880657263659557,0.0859012330463926,0.0798426758345876,0.0865025294986594,0.1359626369173376,0.0719570532721505,0.0969099059156199,0.0882526164042722,0.1021985499243527,0.0894021481022306,0.1606819017184833,0.0790689727887929,0.0912884423405344,0.0861373950420265,0.0981531782742521,0.0981776810732171,0.140694193055836,0.0756252888044635,0.0733398569610948,0.3424717901415128,0.2745674060359278,0.2745707539217328,0.3083308231101185,0.2995142464022677,0.2800333666810317,0.1768078844528204,0.1863935646054386,0.2300791301088445,0.2064245117669685,0.2113636015983289,0.173046455824199,0.2095921725120462,0.2196034538932529,0.1629433226281698,0.1717161197800827,0.2670666373688704,0.1680233485956996,0.1723827175553083,0.2228119701929856,0.2044281857554786,0.2116102512161362,0.110049251626151,0.0974609513565738,0.1058549075813886,0.0952129522726572,0.1712578112305891,0.0900021661136989,0.1038980670132012,0.1152494812281403,0.2381071527756759,0.3106621096906607,0.1685973476905076,0.1672091331582947,0.1044884842503179,0.1158877105162012,0.0460572221953192,0.0449692839730779,0.0570179169660818,0.0434951121962861,0.0304559526989898,0.0397327067856316,0.0537661750469347,0.0318491111996976,0.0,0.0357573679649831,0.0316011228956369,0.0438652243886679,0.028740021487831,0.0303472421665134,0.0408532768850982,0.0437096015271905,0.0307190267444603,0.0332670336503326,0.2541438550379595,0.2279143808468688,0.2336936613804958,0.2407644321140125,0.2620922300484736,0.1910044928780507,0.2040874722135193,0.2250546984942438,0.2158103979388101,0.1868001499694429,0.2430687239813949,0.3124254758174238,0.175635137504031,0.1822225463950353,0.1947501723121618,0.2797724010526714,0.188694221010742,0.1923384682301794,0.1736109001662953,0.2176178558148649,0.196988759061945,0.2414373909624387,0.1725740185254132,0.1379258527360249,0.1032810647444115,0.1250847592717328,0.1032746471502328,0.2380652999085271,0.2435013395525445,0.2058838579978577,0.0883082598965963,0.0989427823358362,0.1148031625316008,0.1185786139997162,0.1083049124570116,0.1912016568023631,0.1049887954229404,0.1089913718866704,0.1862155682370776,0.1252655880652575
326797_1_consensus,0.1724878566349552,0.2569447099350199,0.2022641252503731,0.1974356662188761,0.1695085241395304,0.0759219549054464,0.0836525354321011,0.0839539775567921,0.182279246451408,0.0783518059984196,0.0933527050185532,0.0786023288430861,0.1326654993858866,0.1011104831262592,0.2105623722258869,0.0999787205518067,0.1161616253309283,0.0969041659312779,0.1287942499507579,0.120911292919466,0.1894213514905978,0.0877887649356523,0.0661839596365041,0.3968072817798145,0.3154969524979449,0.3168993192489253,0.3583273494854211,0.3486218881811851,0.3246128452071133,0.2121280172089754,0.2131786191957196,0.2571143947814676,0.1622702321062306,0.1678862377944412,0.1472940450840738,0.1631588941912021,0.1694452712538918,0.153019246012505,0.1453966073287311,0.2045549432333224,0.1529329929758063,0.1499447137010889,0.1681882661835061,0.1523994275209474,0.1506264830711963,0.0926060343018235,0.1021590152403923,0.092531546739174,0.0926728679753203,0.1225591606416465,0.0860769741019815,0.0937155173949726,0.104722820350446,0.2001998085733127,0.2353927340090145,0.1495327150307268,0.1346887839778467,0.1033543594659356,0.0989073283818946,0.0303303231666802,0.0322205857473605,0.0347587522454233,0.029342661543918,0.0313884229379652,0.036394017979731,0.0341698922973847,0.0528632115194973,0.0357573679649831,0.0,0.0311082796403709,0.0690725020812905,0.0307185134089387,0.0440130676242489,0.0276063078822339,0.029337567938235,0.0460718663957848,0.0300883548795276,0.1992044323053718,0.2467295851799207,0.2595883568482904,0.2672827905582728,0.2866477255761559,0.1736469976193113,0.1685362319511121,0.1842134319851922,0.2304479267202488,0.1717004119683132,0.1974516049562424,0.2410623428305491,0.2218820918714712,0.2317833802026641,0.2464514454655457,0.350308764466277,0.2426076863646749,0.2472817285136592,0.2194404841294144,0.2757268266357968,0.2487314993232559,0.3044164652709114,0.2149443424770751,0.1768133911499241,0.1168342048514254,0.1500400339315675,0.122296431770529,0.3008047827090792,0.3065272684083808,0.2619802619173939,0.0856098507724745,0.1023437149275281,0.1323008991328151,0.1050789978384898,0.0946935979093517,0.2470196046673223,0.1237119728524476,0.0922063866554339,0.2407679779162244,0.1222023701304912
326797_2_consensus,0.1800103928838012,0.2457446905299427,0.2042055171926975,0.2078645586759364,0.1840593055845403,0.0954364958772124,0.0927121423331769,0.0993696330577478,0.1595806255652405,0.0839876144832665,0.1092779161691979,0.0994087919259953,0.125821250064277,0.1083146062605813,0.1832789516788047,0.0938483196197168,0.1115247647707207,0.1021420783368398,0.1183758133902017,0.1191343408105964,0.1637152153168983,0.0911682345931197,0.0801382215435531,0.3789811557024336,0.3040326620158637,0.307436205744878,0.3415598538802697,0.3350128908609555,0.3107225170878429,0.1903335668004402,0.1998439027162604,0.2388106825825069,0.2045521890320785,0.2081754530060422,0.1759234913849496,0.2071950588775664,0.2110309247984858,0.1704480513150024,0.1748873299193931,0.2584697583819384,0.1745072755480592,0.1751231314893502,0.2134164902997639,0.1765990500768097,0.1740106352410357,0.0950529296116968,0.0875369196738304,0.0868610236364624,0.0849520491388595,0.1420837032240811,0.0760756413725189,0.0870930236856288,0.1035780132651673,0.2112273205807966,0.2731037571917305,0.1506458060569144,0.1477132103722205,0.0914938570452434,0.0963237403688452,0.0388491295728172,0.0372993843617948,0.0465826620528133,0.0385372370446646,0.0278239594545084,0.0354765470888374,0.0465777350718248,0.0391055271016682,0.0316011228956369,0.0311082796403709,0.0,0.0491508037178611,0.0272721411221681,0.0301162125767646,0.033683281087768,0.0385301802540851,0.0334773895571736,0.0274091941246794,0.2364124005672643,0.240633732228563,0.248092231235276,0.2515361522096988,0.2744761341060133,0.1869595786393532,0.191239145769547,0.2137850799863763,0.2245294454854018,0.1845302945326956,0.2283450231496644,0.2834407906320706,0.1996799825061437,0.2066796792538099,0.2211292170628489,0.3094763031050469,0.2093046687164736,0.2178732108086407,0.1978632021379027,0.2461717086952362,0.2230128430358,0.2670928126919847,0.1908855930279926,0.1553431929209168,0.1157510940018262,0.1395702412917039,0.1138128898001511,0.262616691110864,0.271034525202694,0.232519728995058,0.0789639605863854,0.0920607142024216,0.1091125391716865,0.1047043553101652,0.0997192598235798,0.2006663965060511,0.1054937727958353,0.1000755207155243,0.1947848399424465,0.1166625308786777
326797_3_consensus,0.2309311997307688,0.2486169729127993,0.2384139831931442,0.2745631857224779,0.2537360008879687,0.119440643124637,0.091532760844462,0.1121024478892707,0.0864412836070513,0.0843887691522375,0.1188700904404918,0.1222318189044706,0.0843910330569031,0.1004933711371052,0.1003791968884826,0.0686225724619262,0.0779654427265903,0.0881214491431023,0.0766556618830307,0.0869955744716541,0.0901904421612584,0.0808629906795204,0.102902734647408,0.3155132886161951,0.2630686285004309,0.2633751494028651,0.2865979212301361,0.278679970489069,0.2671363621671823,0.1657215454220733,0.1885855501930997,0.2220930431172298,0.2964009031681378,0.2939402367346311,0.2364178899973055,0.2976401272910678,0.3079482443990322,0.2104994975751353,0.2362998587910318,0.3733692179711347,0.2160685206971635,0.2301954489570548,0.3219174373484215,0.3025861382230417,0.3074140961435354,0.1589706836343865,0.1095239197230206,0.1393217332007097,0.1170124743407576,0.2557390203679333,0.1152702753186503,0.1392700259526229,0.1476681007153715,0.3131006779054175,0.4274922583540146,0.2177991863503159,0.2302299782273813,0.1271580253556408,0.163947308522097,0.0908172648710206,0.0786028117231012,0.1064474596908695,0.0871561141034256,0.051681443474024,0.0614812445131534,0.1044656560505821,0.0283341865266351,0.0438652243886679,0.0690725020812905,0.0491508037178611,0.0,0.0449463139780164,0.0310161094524588,0.0763541241853325,0.0884229422980418,0.0324349439371829,0.0567066383950987,0.3213448864013841,0.2097426022131223,0.2108062723867547,0.2186134826384425,0.2427277321236793,0.21807507482416,0.247766942536856,0.2754496102795229,0.2091232767632043,0.2067112701353188,0.2958324224215296,0.3959709955889963,0.1441228600640514,0.1400401838262546,0.1500115028481694,0.2024183823655896,0.1408346862239113,0.1450107616878959,0.1441552574930931,0.1626985272781844,0.1523627262538802,0.1751096564847571,0.1314303667219185,0.1127147766806828,0.1104967340538394,0.1120249525137033,0.1036994011528271,0.1726817754315384,0.176906616538897,0.1534575282798975,0.1091944952721313,0.1106588627622784,0.0995070372101913,0.1484457196968485,0.1402918522339149,0.1260537698216168,0.0933048336594204,0.1454924912152435,0.1240220177546191,0.1405424404757091
326797_4_consensus,0.1916741654928984,0.258704890070657,0.2140875235559036,0.2269144352926488,0.1973189910106967,0.0854777598837941,0.0803629171886548,0.0891492318680136,0.1467302617255441,0.0752396810526363,0.0948399416715695,0.087864310206875,0.1141807094087532,0.0982491945018999,0.1721531571657131,0.086918396206375,0.0994695717326763,0.0899829152170852,0.1096419405199284,0.1078485271520079,0.1538944247296712,0.0807259984976553,0.0728758388191508,0.3701711882291754,0.3036278595138881,0.3046807499550539,0.3372574512559687,0.3288933831958154,0.3097857769857342,0.2013126311368154,0.2118222481442657,0.2522455141026469,0.2069711671178957,0.206901825245005,0.1760148245025625,0.2064721855859339,0.2115257397255021,0.1716349020117462,0.1734225034181662,0.2563522978084371,0.1750186259496828,0.1761503549545722,0.2171871883792917,0.196837793399041,0.1945390554462278,0.1114093760037668,0.1034334325415144,0.1057623321155922,0.1000170934236805,0.1605494459089342,0.0924026783547695,0.1056932594319874,0.1203299805172761,0.2435101289022476,0.3002009277242052,0.1765860119154396,0.1697119647717002,0.1103468853304612,0.1176590667867429,0.0380877385952445,0.0342909136357789,0.0458225489668393,0.0369025242524685,0.0255037271685196,0.0301625530004372,0.0445677636738892,0.0346994124615491,0.028740021487831,0.0307185134089387,0.0272721411221681,0.0449463139780164,0.0,0.0301058592438678,0.0320564628805186,0.0390015676797297,0.0315121395391777,0.0269502453344756,0.2365372800277505,0.2407144467869599,0.2512362500319263,0.2574294302068978,0.2795117239898026,0.1894315663396888,0.1926814799076694,0.2129700695421945,0.2298862770690988,0.1846242328238325,0.228708083533327,0.2873830141144573,0.1956589686620056,0.1990928155066313,0.2128834641800416,0.296162276164658,0.2067706322172675,0.211390265778121,0.1951442814005979,0.2362940502751485,0.2163231122065489,0.2561865281305415,0.1811118593996248,0.1514572300640253,0.1106194203553059,0.1311019727172109,0.1127908239762334,0.2543140714420033,0.2597951743113107,0.2233174762065637,0.0875501277431354,0.0979700064665927,0.1087455901038367,0.107474535483778,0.1036056886431069,0.1991511132076802,0.1048926272571755,0.1034404470808887,0.192280255327585,0.1136872697436537
326797_5_consensus,0.1955867939283351,0.2344733602774447,0.2117978094843877,0.2290739543566999,0.2091728780118167,0.1016111060417515,0.0867583542059371,0.0994453424987789,0.1172203914231175,0.0782911773162098,0.1095682234889672,0.1058906722876678,0.0973240773245542,0.0968927224924591,0.1372174430128687,0.0743267659156821,0.0884315249792635,0.0893709225361192,0.0905526918029053,0.0967385348858158,0.1198845885205948,0.0792921061771778,0.0854963429663442,0.3377970512248964,0.2739900599959952,0.2758226608130876,0.3047785209268703,0.2972913509564208,0.2795224586320692,0.1676273397239498,0.1831062781383643,0.2201666271027988,0.2440450449989768,0.2468226305318808,0.2002137631782403,0.2467879126538008,0.2551903179682995,0.1826063509780411,0.198910175168109,0.3121192745984125,0.1890376266716273,0.1968932436529584,0.2621018270124047,0.2296555296160392,0.2339832075161325,0.1172212256596871,0.089882546294671,0.1046745792070424,0.0919243901430846,0.1914076429974116,0.086936212106373,0.1038276483251436,0.1168942077442629,0.2506850283783528,0.3416647040097871,0.1735585915087725,0.1798155532583827,0.0998553662187475,0.1197687915722234,0.0585651730278158,0.0527094471020923,0.0710396156249721,0.0556551122816522,0.0328700395116285,0.0430451211187019,0.069551337826418,0.02593657473939,0.0303472421665134,0.0440130676242489,0.0301162125767646,0.0310161094524588,0.0301058592438678,0.0,0.0495956905218974,0.0558260647344361,0.0252896548525498,0.0357272926241343,0.2795011486849716,0.219437955346617,0.2220276975998416,0.2273759971160949,0.250991999485155,0.1990770243229711,0.2181190121674703,0.2436916163263198,0.2097711269305371,0.1924402195225347,0.2612612499430788,0.3400154212270649,0.1613195626325634,0.1655572054371639,0.1776220362420382,0.2503223893486037,0.1668519776978385,0.1727735770897354,0.1607511331262969,0.1965977815133541,0.179232714938891,0.2147674654618647,0.1559378505836015,0.1259327355659323,0.1057749377373902,0.1195569403613987,0.1011862155431124,0.2106981973333042,0.2174649403179671,0.1853787281817318,0.0877390514422344,0.0947994413184503,0.1006901043946086,0.1221632631002904,0.1142003695912166,0.1576044920901687,0.0943402360265324,0.1178688253727244,0.1547233011417823,0.1257032772450408
326797_6_consensus,0.1891428805340105,0.2879632189397689,0.2210427643350314,0.2213756759576099,0.1850371646075785,0.0853623186516898,0.0943797707159994,0.0967525710805183,0.2032672324163371,0.0903681801446083,0.0998786397248565,0.0874289507564185,0.1540521720313954,0.1195784582072327,0.2338923488263233,0.1187714094771372,0.1343166433356906,0.1132790348389605,0.1512993839927716,0.1418089286796799,0.2120912505785313,0.1024941221629234,0.0749505439635775,0.4249709863805044,0.3503509655033738,0.351800949837127,0.3897546314699696,0.3824349004159053,0.358281529768135,0.2426350156932244,0.2456811481819194,0.287102945731327,0.1740518817979079,0.1736897260019816,0.1611758896832462,0.1735414090401832,0.173436372243799,0.1714357429390496,0.1574874091542852,0.2051884499836234,0.1713586384591359,0.164513829227495,0.1750090616295061,0.1553075722040375,0.1468773573685702,0.1043258383232448,0.1184740235374981,0.1046960522647033,0.1096070937939295,0.1233031965205242,0.0973329757593823,0.1057075448757949,0.1248254471070069,0.2232851423511022,0.2443777546645265,0.173881181160187,0.1543258851577036,0.1199188274131834,0.1104919511344455,0.0272821844035604,0.0266443533399787,0.029079216059948,0.0274919076882724,0.03116430782757,0.0305953886268923,0.0291513561594776,0.0598294075413825,0.0408532768850982,0.0276063078822339,0.033683281087768,0.0763541241853325,0.0320564628805186,0.0495956905218974,0.0,0.0297511632405509,0.0521038938451638,0.0284751553745117,0.1977379004466222,0.2755307379315148,0.2930009186601943,0.2970814384767095,0.3178230268934499,0.1877587819701922,0.173171521157883,0.1884609693912082,0.2604214898948953,0.1865015933921405,0.2012557736460678,0.2330360316415252,0.2479187653358323,0.2537849695428846,0.2702708624158205,0.3699936548223306,0.2652127984658214,0.2713832732832415,0.2467684202619366,0.299741005783698,0.275120193403584,0.3229516423384879,0.2284881873863398,0.1942270518432636,0.1301459834258267,0.162146231655381,0.1377796228352288,0.320811723043537,0.3272527195680332,0.2839964776239867,0.0906702598408593,0.1057182086960892,0.12764505255074,0.0977841586507111,0.0969262885857986,0.257534791688105,0.1269641901070315,0.0937111198128697,0.2476028840312452,0.1125225327958929
326797_7_consensus,0.1704769376420145,0.2659618652671511,0.2047919393280928,0.1921439480934808,0.163610492721645,0.0852511240456301,0.0991953085387997,0.0953769897902887,0.2160387561852239,0.0924290125719338,0.1059446713808007,0.0879802674786489,0.156992665584049,0.1170543104193555,0.248904526621267,0.1222561480694572,0.1393930151686611,0.1172133402815234,0.1543633805339332,0.1447457007704109,0.222514660648045,0.1048679010565187,0.075041411802939,0.4198803797972772,0.335304872323519,0.3369836284856546,0.3794379867989335,0.3707859857139759,0.3435217935064365,0.2283833662919718,0.2285277104619467,0.2770479602487299,0.1538818151495533,0.1609331883046643,0.1455642172734634,0.1568395805718552,0.1595033515935284,0.1541462820069838,0.1424847174653294,0.1895786918479665,0.1567707440634009,0.1496140866973334,0.1561777679467475,0.133688154074349,0.1329676668189883,0.0907098455373152,0.1128347597862422,0.095872400105641,0.1022522123774365,0.1096753030054884,0.0909832079867811,0.0954348474125517,0.1112840084402151,0.1929537010728701,0.2175638522002891,0.1515653384398021,0.133325757692905,0.1101183757007469,0.0964098611863697,0.0279922993562422,0.0335093566319883,0.0317222917433852,0.0281467021868984,0.0361092816803605,0.0410232837957842,0.0300959914448561,0.0672073819207099,0.0437096015271905,0.029337567938235,0.0385301802540851,0.0884229422980418,0.0390015676797297,0.0558260647344361,0.0297511632405509,0.0,0.0570064579695781,0.0341012250075536,0.2003587253688366,0.2755983855718504,0.2899479296896352,0.2930015235427348,0.313089136720464,0.1868913172602653,0.1765487318012972,0.1926557640565995,0.2549148066011923,0.1888527924565295,0.2041375624248829,0.2352785733067079,0.2479736422978504,0.2617706591290414,0.2775172158058829,0.3904647541749142,0.2721156977699834,0.2777468918839716,0.2450318705807213,0.3097854495469541,0.279974052019579,0.3397487321904471,0.243694521601153,0.2000257112508627,0.132064417465795,0.1709246394458432,0.1389401782064006,0.3355718745216549,0.3438861735262861,0.2950773406526714,0.0927656729087473,0.1122292764626635,0.1466011243344311,0.1073690571874053,0.1006426044622479,0.2779136854501729,0.1397062436865113,0.0973042703601301,0.2698707795071193,0.1292269895021682
326797_8_consensus,0.1947116738970251,0.2307167811674091,0.2101948270388227,0.2282515760160173,0.2089240554872482,0.0997949548563852,0.0851518938499538,0.0966150651673878,0.113632673290354,0.0759388510225704,0.1074582033118289,0.1032655048516808,0.0925388865034726,0.0922473223782347,0.1343919278703644,0.0720042046061948,0.084683497102425,0.0867718732074536,0.0864733293478927,0.0917992711095188,0.1162788973536876,0.0763276940715336,0.0843241268274184,0.3257561019647532,0.2634882202656179,0.2647181240117398,0.2930547317865759,0.2849100895746623,0.2671452517428463,0.1662425530181011,0.1813213427210911,0.2208407187923811,0.2425064078855783,0.2466288461293295,0.1983140487217234,0.2459630462946016,0.2548220322311039,0.1780747253316832,0.1965127323301843,0.312722611441405,0.1865593665487743,0.1947643682958677,0.2630894652227553,0.2348292480546412,0.2419811404120437,0.1218088267081611,0.095439189616826,0.1108506709767773,0.097792868942566,0.1978912422514653,0.0918242529002917,0.1091032862657357,0.1222823418179999,0.2576094594582585,0.3497214432291855,0.1794500442396369,0.1853315334497161,0.1050936635842205,0.1256091845933653,0.0607064307739051,0.0558762785584363,0.0737432844430863,0.0577190423849458,0.0344324086723872,0.0452673464712241,0.0713143180803719,0.0259582076458784,0.0307190267444603,0.0460718663957848,0.0334773895571736,0.0324349439371829,0.0315121395391777,0.0252896548525498,0.0521038938451638,0.0570064579695781,0.0,0.0384162852820253,0.2856462787779641,0.2187498675666574,0.221038750911994,0.2258049905872425,0.2490825066325648,0.2021733980987257,0.2232764517473313,0.2487648398019821,0.2106440312255735,0.1965618903196251,0.2673183967214072,0.3483599145864318,0.1572274708169949,0.1613099658422072,0.172535911994359,0.2454677873852588,0.1634842698177294,0.1681913628188667,0.1555105748849499,0.1919256720870592,0.1739631149640708,0.2100462077244351,0.1541226567179876,0.1227059339193843,0.1041454890583786,0.1175145278810916,0.0995058031391771,0.2068320646136072,0.2125087929555178,0.1806832344417479,0.0953199017348325,0.1029989816109626,0.1088938323740364,0.1322946969666389,0.1227340873972728,0.1624528771690769,0.1012348696184304,0.1272218644049658,0.1595622587065435,0.1346562780152282
326797_9_consensus,0.1820439122513661,0.2627855483146746,0.2086282102654557,0.2181010858327106,0.1846612168582844,0.089082634342855,0.0898688685435402,0.0964468238712967,0.173453834197268,0.0838057138531667,0.1007867325423212,0.0912676790295812,0.1345894485487306,0.1120304286384907,0.2011720837171253,0.1027104769922004,0.1179110608824736,0.1046537686271058,0.1306405356466768,0.1275641427827025,0.1805823035451084,0.0931336221036076,0.0757728187396047,0.3924156717655869,0.3201920601698873,0.3226300162789961,0.3549319847395367,0.3484639599926851,0.3259665674414904,0.2118861518452206,0.2218786342380241,0.2648228918395503,0.1949973097463129,0.1925669431954197,0.1696057313507388,0.194010165426377,0.1940639488417588,0.1696372029016899,0.1660878928591884,0.2350194367845333,0.1731632394468079,0.1696571615457642,0.1995388152778083,0.173588403484338,0.1680940119355334,0.1030107894512752,0.1043997327083019,0.0993869887646781,0.0996115787375799,0.1399048669155007,0.0881668277941081,0.099529572479927,0.1193181130553497,0.2307053779964007,0.2760485758718296,0.1716555788341125,0.1615199489574372,0.1076617131018835,0.1074905741372269,0.0310256447045311,0.028782548018249,0.0371838589367818,0.031485478540393,0.0256771555682711,0.0278509131671782,0.0376357844393666,0.0450830764962049,0.0332670336503326,0.0300883548795276,0.0274091941246794,0.0567066383950987,0.0269502453344756,0.0357272926241343,0.0284751553745117,0.0341012250075536,0.0384162852820253,0.0,0.2177736782324899,0.254606208827095,0.2676080110516246,0.2703618174792872,0.2932279964445676,0.1860087059895008,0.181322376074231,0.201210048642114,0.2416915594465578,0.1837157822685746,0.2153335004432044,0.261191908183207,0.2156189640827008,0.2197237765116355,0.2356582823777913,0.3234802218021571,0.2258332875311062,0.2334046229349944,0.2142592693065772,0.2616679656994485,0.240104605512851,0.2799965633192123,0.1967488667280399,0.1645517477846603,0.1173819332359791,0.1425414861565954,0.1196212010484707,0.2769995693949383,0.2850480705263756,0.2457037158080197,0.0821129504559579,0.0945589439607417,0.1074752873607458,0.0957412255312633,0.0965764108262732,0.2155156510347637,0.1079779629914661,0.095784656966785,0.2064993161435708,0.105193293232574
326907_11_consensus,0.2746025442007394,0.4356186639653607,0.3056742390650164,0.3118099903572897,0.2505090104697842,0.1759511359301058,0.2068900457650393,0.1961415619424542,0.4171570820403119,0.2173397113389299,0.1857816089239534,0.172215864173701,0.3354944873131238,0.2570369100567866,0.4506857041462133,0.2860183796180351,0.2958484918237225,0.2386334078724417,0.3355107316779389,0.303383509341721,0.4338882237765915,0.2397827281968432,0.1747498357643699,0.6171374397896017,0.4866952712702783,0.4781343255504815,0.53470625752324,0.5231466607635937,0.4855363672605932,0.4017009168808378,0.3798856630747806,0.4553161495268227,0.1818759921056241,0.1661522199570377,0.203030569562518,0.1753676922923333,0.1691699665471588,0.25126986048042,0.1980139229210138,0.1622233188316961,0.2392324881733394,0.2150845728498183,0.1700742555416248,0.2416124190140003,0.2146367448756478,0.2554446085092721,0.2903846425454048,0.2596498471620201,0.2668225795924428,0.2160923817455682,0.2687748929917752,0.2733396123291776,0.2608271008037093,0.33800744365724,0.2845071728807795,0.3029436600844875,0.2567496977509869,0.2942912032370834,0.261901593181836,0.1924574984674762,0.1956349090763076,0.1828343383644224,0.1973498455141573,0.2358502676416733,0.2193787707076815,0.1907834369067167,0.304482559750511,0.2541438550379595,0.1992044323053718,0.2364124005672643,0.3213448864013841,0.2365372800277505,0.2795011486849716,0.1977379004466222,0.2003587253688366,0.2856462787779641,0.2177736782324899,0.0,0.2421038312737202,0.2971261139827135,0.2950505718447509,0.3009772338799159,0.0872612683946947,0.0453670058741337,0.0376068504114535,0.2368850160420663,0.0895899625706313,0.0385608268813832,0.0462072105256723,0.4327433966287195,0.4348001569355624,0.4493992658744261,0.5809519697412959,0.4649589254100092,0.4696857188338299,0.4341384075094439,0.4935382571317177,0.4616984360305132,0.5298347489622408,0.3903215035822569,0.3659276799455355,0.2423822564547357,0.2928921508521149,0.269303156553061,0.5315875298501389,0.5277454093054246,0.4757511780255861,0.2011558370893986,0.2209606362905027,0.2695439606662404,0.1661514958708707,0.1683745460825889,0.4779677887920002,0.2610628771908416,0.1494559847763952,0.4587152943401698,0.1923620495824884
326907_13_consensus,0.2676593853566444,0.247588663690621,0.2591962693704275,0.2960152133964406,0.2909224538983395,0.2118274131094288,0.1788270065464487,0.1881825586083181,0.1689506848260862,0.1738283820712176,0.211248886711008,0.2117236288042221,0.1580341262906053,0.1712664790625133,0.1716861685536024,0.1498793022175988,0.1560642755452761,0.1598837551457634,0.1472100226813282,0.1547781643658403,0.1658588364324131,0.163460283321573,0.1960817321669843,0.3096033348506068,0.2086202761671529,0.1977604316279411,0.233850229805288,0.2211403530413065,0.1988264511426081,0.152386883481153,0.1526553925179286,0.213310507709636,0.3458597286086693,0.348966618373435,0.2792764857006382,0.3508958965184092,0.3774321944600771,0.2482328557119579,0.2836489587418214,0.4399583555373176,0.2530644124751333,0.2748254474078493,0.3863155077105915,0.4326937528087988,0.453753582968325,0.2785160041295569,0.2015991828793772,0.2525616139102133,0.2069393465814357,0.3957323398966643,0.2332959739875058,0.2569113315984133,0.2188001810083761,0.3795572072170188,0.5157226398944132,0.2710617140908553,0.294507501534003,0.2262122232046302,0.2771974787092937,0.2898524523925978,0.2875162332068619,0.3109616487177007,0.2830978177458831,0.2544852409928992,0.2734796040398386,0.3109516227372246,0.217172981886776,0.2279143808468688,0.2467295851799207,0.240633732228563,0.2097426022131223,0.2407144467869599,0.219437955346617,0.2755307379315148,0.2755983855718504,0.2187498675666574,0.254606208827095,0.2421038312737202,0.0,0.0352841195794262,0.0361785737296109,0.0430031486862603,0.0807473660927335,0.1467050078962799,0.1694255158703086,0.0394431406874957,0.0718212656465873,0.1849709445596943,0.339951865562373,0.1558460719836851,0.1614290036474592,0.1602017071409562,0.2311772089512302,0.1710875610741382,0.1669093068450244,0.1567990657364149,0.1772448609355308,0.15957933557954,0.2121609632873173,0.1791091282289834,0.155514538970177,0.1513089202326831,0.1564374868522122,0.1451419008457506,0.2075509945902176,0.2009401012258962,0.1758900308268103,0.1989875315520919,0.2032733475455259,0.2276138775207314,0.2642628842548618,0.2220236009214247,0.2155598720469775,0.1863309578434311,0.2227921260404883,0.2211831413133431,0.2653161039077574
326907_15_consensus,0.264046925647186,0.2200973430766204,0.2546518600565477,0.284639009668453,0.2907827815976311,0.2391744473229806,0.2020286990160897,0.2104048707596568,0.1699340373707265,0.1932857456148653,0.2421840045985241,0.2397909063059735,0.1623436712699693,0.1829897550823815,0.1702466460778211,0.1569874936982955,0.1662499202438603,0.1768294471293785,0.1498392785210676,0.1636449597959277,0.1623552480522718,0.1795465120205186,0.219253902721082,0.282134139140183,0.1853055843825757,0.1795548143677052,0.2129751786758511,0.2000833672040798,0.1808201997334038,0.1333204704046267,0.1342606766379113,0.189974510918045,0.365723167406184,0.3750793746361758,0.2905080906892081,0.3738227091949113,0.4038277504659397,0.2504162344958942,0.2975131358390328,0.4768177359052217,0.2566576679911847,0.2839243927457424,0.4111430408025178,0.4410493418093892,0.4701558059087602,0.2712905065088584,0.18935002885204,0.2456924639318956,0.1973731596155445,0.4060464282704181,0.2247909145155588,0.2480293872476551,0.2089168639733003,0.3637528917818642,0.5241009010035214,0.2546177046704194,0.2875793980072245,0.2119151717442484,0.2706894532010508,0.3071527825219817,0.3076741655641584,0.3324391548147254,0.299007652276412,0.2663290771044018,0.2924411324881575,0.3314569607399917,0.2184092859545998,0.2336936613804958,0.2595883568482904,0.248092231235276,0.2108062723867547,0.2512362500319263,0.2220276975998416,0.2930009186601943,0.2899479296896352,0.221038750911994,0.2676080110516246,0.2971261139827135,0.0352841195794262,0.0,0.0408505179474225,0.048216065850287,0.1152352456588552,0.1919747327119623,0.2181857368050046,0.0448669297805182,0.1036616509166847,0.2371258549021853,0.4031265569019382,0.138962107311066,0.1501181070023953,0.1474370918624572,0.218109841775739,0.1539037500232289,0.1501381010980083,0.1379394721626354,0.1625682976049276,0.1429600458201321,0.1999765431852758,0.1788377066668687,0.1479586207803507,0.157020624569153,0.1605446307045674,0.1452463734242712,0.1916682561182199,0.1876228149215322,0.1628396426444425,0.2099848651902327,0.2158141167230702,0.2451659906303973,0.2946753518716321,0.243404116001912,0.2087208681292942,0.1975182920540596,0.2475651039375748,0.2203707608856326,0.2975865662722547
326907_16_consensus,0.275204173754247,0.2378412957494191,0.2681881400509027,0.2966124793417393,0.3014082578279335,0.2481669953115357,0.2121432649066541,0.2206293400946783,0.1810828192391156,0.2005095187019279,0.2513431957269603,0.249985607563179,0.1747227185659667,0.1962049681778488,0.1836044705635089,0.1664376123365656,0.1768190034562486,0.189377472177707,0.1616609121536179,0.1762273351932535,0.1727996872386263,0.1875160829574049,0.2270036150155725,0.311333322092068,0.2081598685897745,0.1987811615416959,0.2313745420314035,0.2231333594134419,0.1966139258307642,0.1383535640814948,0.141568774102744,0.2001233554893318,0.3878283975742747,0.396721655400583,0.3150456057349586,0.3965617941258443,0.4234507015733975,0.2724342628337091,0.3192990180159754,0.4971688840036492,0.2844981291456925,0.3084732330582262,0.4300024391741139,0.4436974545150676,0.4713751841126878,0.2800020295807854,0.1995686714662063,0.2538570985580861,0.209507387099439,0.4102499527900818,0.2316516438787168,0.2543086068276281,0.2233338185734368,0.3738205185295626,0.5303178243947606,0.2659427357575765,0.3006222516144596,0.2208416941038891,0.2726652623011212,0.310222891207772,0.3116263831317383,0.3354447074287883,0.3044876441216999,0.2700633875381406,0.2950888182090381,0.3347595413040878,0.2252725291543562,0.2407644321140125,0.2672827905582728,0.2515361522096988,0.2186134826384425,0.2574294302068978,0.2273759971160949,0.2970814384767095,0.2930015235427348,0.2258049905872425,0.2703618174792872,0.2950505718447509,0.0361785737296109,0.0408505179474225,0.0,0.0386686594770395,0.108167975328115,0.1842231045473212,0.2151202248281016,0.0471508627970465,0.1045838960674387,0.2312174050999047,0.3927506515749357,0.1515911645682663,0.1635399787753577,0.1615091875863576,0.2317496715459057,0.1643959221657454,0.1629531660941765,0.1510744616482995,0.1782834779107815,0.1585971521470099,0.211323513015138,0.1902165457075852,0.1573861293887795,0.1674922296792367,0.1710084381308299,0.1538326708720205,0.2039530808128127,0.2012661169764342,0.1764252050642767,0.2076709522877351,0.2134757672475586,0.2411639140234598,0.2893641114563365,0.2432917043321723,0.2084224645694306,0.1983056583314031,0.2486009212305084,0.2178930747134977,0.2920335810562093
326907_17_consensus,0.294899309522723,0.2581528735903333,0.2892553030063745,0.3113048468815691,0.3184394236179493,0.2585898424983845,0.2232462637351702,0.2292765689855684,0.1979986745038147,0.2119363784993098,0.2636685977032513,0.2596330711471104,0.1865229356718281,0.2054486518078988,0.2003621734035725,0.1799204007442973,0.1892136703228963,0.2001279280580163,0.1746715228246991,0.187395767560865,0.1896140348307895,0.1990137137966137,0.2382824514085157,0.3377424119557446,0.2298983823882139,0.217966932463927,0.2550295183843261,0.2455884912052717,0.2177183067625918,0.15164567762341,0.1493443249912864,0.20942040804767,0.3956641650509773,0.4068084598150712,0.3263614095812599,0.4058269786675197,0.4339153917357521,0.2869683841822947,0.330728950171725,0.5053908315674995,0.2968602882987383,0.3209670711901005,0.4386756172495261,0.4577668721750285,0.4875005848894105,0.2976084553792226,0.2192510512648589,0.2727088284285912,0.2277628460270691,0.4260307724164853,0.2523273604033491,0.2732178268695264,0.2396753360395003,0.3836749183308363,0.5378645902040446,0.2791789730300422,0.3113575996053654,0.2402236320817223,0.2913614625998875,0.3316865304944656,0.3341988131353481,0.3562444767590804,0.3246180521800994,0.2929753133152566,0.3197661348711875,0.3547570683465686,0.2484166888174108,0.2620922300484736,0.2866477255761559,0.2744761341060133,0.2427277321236793,0.2795117239898026,0.250991999485155,0.3178230268934499,0.313089136720464,0.2490825066325648,0.2932279964445676,0.3009772338799159,0.0430031486862603,0.048216065850287,0.0386686594770395,0.0,0.1141930189397406,0.1902753215131554,0.2208391825580058,0.0541483562685307,0.1111093404728791,0.2364624594052564,0.3986840143847416,0.1690846832103503,0.1845891554378163,0.1812418620635227,0.2594091822292235,0.1896413970057224,0.1848848423519413,0.1684118597666284,0.1997149170264762,0.1774250740715999,0.2377638372155353,0.2150851837393972,0.1799282665859252,0.1840229056778248,0.19161441067682,0.1723393950503648,0.2296203360198916,0.2258480259973083,0.1990052841401173,0.2237645199346403,0.2300219306689186,0.2654497572186045,0.3074041842252946,0.2569998773876669,0.2333954706711871,0.2182554498724833,0.2609967810652946,0.2430022298493703,0.3131885724302066
326907_3_consensus,0.2127273098792592,0.2823176158400393,0.2237454135957861,0.2404914037749073,0.2107882296715608,0.145286163945066,0.1443129863596226,0.1428027784607799,0.2457058760865536,0.1454518412551948,0.150823402297302,0.1442403278879354,0.1965205732659889,0.1640326731971626,0.2649620649426225,0.1666744076000696,0.1768497818589303,0.151043657039871,0.1912141722780092,0.1802483331391258,0.2509711782662371,0.1511249908704606,0.1354304899529594,0.4270858029923374,0.3037983099629855,0.2931989439462761,0.3403714019476744,0.3298811488131647,0.2934625152777599,0.2232647155235945,0.2114566561776172,0.2832961058162482,0.2194075457707853,0.2159853953745241,0.1982917181891537,0.2202929948419054,0.2323547966528103,0.2046492420362717,0.1969309286702945,0.2607322889682315,0.2039872149132158,0.2028906283037734,0.2339369390032821,0.279453273817726,0.2784570186440049,0.211746112103242,0.1923877637262308,0.2003388993187265,0.1829636146240965,0.2498651796297117,0.1961362459598703,0.2085685007334667,0.1846727393271976,0.2972037885117231,0.3403841113346679,0.2283402797196458,0.2182453871439946,0.204289414411388,0.2109663007448965,0.1918452242219253,0.1942624442041207,0.1981666864885873,0.1917929323334561,0.195324017348156,0.1990857602728084,0.2020775490918502,0.2116902942407179,0.1910044928780507,0.1736469976193113,0.1869595786393532,0.21807507482416,0.1894315663396888,0.1990770243229711,0.1877587819701922,0.1868913172602653,0.2021733980987257,0.1860087059895008,0.0872612683946947,0.0807473660927335,0.1152352456588552,0.108167975328115,0.1141930189397406,0.0,0.043424147090846,0.0534763532343589,0.0833557841413181,0.0305556771466974,0.060488411717074,0.1437333238066287,0.2449315990545777,0.2509489689255737,0.2586697020050721,0.3636701018776236,0.2694026880779852,0.2708407140021549,0.2457180244870755,0.2904745045944068,0.264038681430776,0.3265302162104646,0.2394010873571268,0.211676066298228,0.1476345072420208,0.1776979560659342,0.1561095893029787,0.325181736288016,0.3205027033172918,0.2806483968699353,0.1475817632768858,0.1610759950104352,0.2017910955906572,0.166731434404781,0.1460612566520929,0.3005481487839638,0.1763037555223476,0.1378715683731428,0.2937434128559744,0.1815549787256216
326907_4_consensus,0.2282069132485702,0.3442626575312921,0.2504314763381998,0.2656807062448187,0.216689213519782,0.1509737918760194,0.1635570887784148,0.1604192159472504,0.3142262753879166,0.1692686925187168,0.1573766045152744,0.1489504163682049,0.2537567073626121,0.2015932514439278,0.3405953761970082,0.2134046779472953,0.2233816556917496,0.1832921017108191,0.2503677598408131,0.2302136814898432,0.3249388491951919,0.1838262647198938,0.1446280993940938,0.4991099869675963,0.3786784198521289,0.3697756695770344,0.4166688902098201,0.4086528457612211,0.3728568769203448,0.2945946320337143,0.2805979079867775,0.3474193539327572,0.1929048773664909,0.1799606909326812,0.1882643071829477,0.1896088307299734,0.1881047865902019,0.2145294684672762,0.1844165527407,0.20333107043216,0.2087125036956649,0.1956297318915112,0.1930535955459618,0.2498250108014339,0.2328315646812733,0.2206534343958353,0.2262147631970847,0.2150088880426608,0.2113630527666536,0.2204280180607796,0.2168254844903572,0.2257877686605738,0.212885165928828,0.3103268081457955,0.3036438897210232,0.2558684339797992,0.229036332598433,0.2342775006510002,0.2214156721364375,0.1734733606098046,0.1746587759128886,0.1720775633030307,0.1760596384416608,0.1957843075382754,0.187813397330693,0.1786703447903832,0.2379129079493154,0.2040874722135193,0.1685362319511121,0.191239145769547,0.247766942536856,0.1926814799076694,0.2181190121674703,0.173171521157883,0.1765487318012972,0.2232764517473313,0.181322376074231,0.0453670058741337,0.1467050078962799,0.1919747327119623,0.1842231045473212,0.1902753215131554,0.043424147090846,0.0,0.0323626340032063,0.1467423822656286,0.0453679742540771,0.0352779648436403,0.0811580998715619,0.3178089362522485,0.3195878178731632,0.3313362556410197,0.4438910345824496,0.3423385548900057,0.3461177288590953,0.3194816994119662,0.368565703125256,0.3413511361613821,0.399123868072909,0.2885630938630079,0.2650953347976355,0.1747067801930839,0.2121293434056284,0.1922250403953924,0.3994641669511551,0.3969801062318012,0.3533334743510963,0.1534492574500774,0.1691904368825234,0.2081779409769133,0.1438645935790461,0.1385590168127741,0.360903118068137,0.1954981950099323,0.1256644875301518,0.3471736250032222,0.1626348131652015
326907_5_consensus,0.2494367930393437,0.3762881522223793,0.270248733711977,0.2861891949868216,0.2337267567291974,0.1536852143852591,0.1707499112372517,0.1642659617254089,0.3390765131478019,0.1794978557821878,0.1589844473907931,0.1505910740607454,0.2717038813087313,0.211873917047896,0.3669346766604171,0.231367439659877,0.2389635440622441,0.1926566631295401,0.2710274379921422,0.2444342280322047,0.3526011732847216,0.1951124107061979,0.1495231290621141,0.5360887900406794,0.4119296509531267,0.4006147423335804,0.453259792446584,0.4418100938351728,0.406449995915306,0.3334237034536293,0.3153914356785989,0.3882503636087477,0.1920954579959257,0.1793494092485126,0.1973775853788382,0.1872478353784643,0.1893344826678635,0.2312373603598878,0.192418901484384,0.1949164175616431,0.2223905425522332,0.2070501968085523,0.1919845280543164,0.2632457775107539,0.2457176993795791,0.2434534192988451,0.2555314387969112,0.2419446665652316,0.2369421038873547,0.2344092347950379,0.2438346886257782,0.2532257035714877,0.2350995452033508,0.3339136444850226,0.3148959349189901,0.281748163363531,0.248331605120434,0.2642392228609544,0.2481849061023773,0.1882112610954465,0.1894099118572469,0.184557581529944,0.1905044838445633,0.2155185940115949,0.2051480551342166,0.1911612652412166,0.263382606540457,0.2250546984942438,0.1842134319851922,0.2137850799863763,0.2754496102795229,0.2129700695421945,0.2436916163263198,0.1884609693912082,0.1926557640565995,0.2487648398019821,0.201210048642114,0.0376068504114535,0.1694255158703086,0.2181857368050046,0.2151202248281016,0.2208391825580058,0.0534763532343589,0.0323626340032063,0.0,0.1687045857873315,0.0544679225018072,0.0323970749289443,0.0722592468237337,0.3492374373642413,0.3506160436134351,0.3626792241483088,0.4814160995382224,0.37932649811329,0.3813828055394381,0.3517216387170698,0.4010367230135472,0.3736557543573653,0.4366823848030385,0.3167991955763369,0.2954753330752204,0.1946930712295689,0.2342018762004549,0.2154272228611695,0.4387196428827415,0.432922446328476,0.385635163548514,0.1756058097124047,0.1915324029846772,0.2348169289359098,0.1578836238072085,0.152709654859894,0.4016236625732077,0.2199538808085535,0.1368798789195153,0.3865059797316768,0.1767546953167311
326907_6_consensus,0.2359833355420839,0.2190588174178955,0.2291606193869206,0.2477467177526051,0.2534085145750779,0.2062833247017117,0.1813300122287593,0.1833314833870361,0.1859919484461656,0.1727240999231831,0.2134499806114647,0.2071609893454606,0.1639805147836135,0.1682274977997622,0.1921355028999194,0.150880551949001,0.1630625796154703,0.162474151687995,0.1521560053750228,0.1597550448995051,0.1795268176638238,0.1627787623268517,0.1888843088153748,0.3227620251795713,0.2129705484917465,0.2051989442076056,0.2471384511200227,0.2330124411676095,0.2054354466636141,0.1415266386301539,0.1360651797148051,0.1962046701365025,0.3156408006512983,0.3263112735694875,0.2575302398488723,0.3230933775889362,0.3527779768411392,0.2286029127650408,0.2625254154724494,0.4123323692238294,0.2343225839755049,0.2547556193600115,0.3536151233978657,0.3781059488287539,0.4034647038398056,0.2375489923640579,0.1737307128812801,0.2161264605738608,0.1766289708161323,0.3474938078449909,0.2009140616489269,0.2188095369300278,0.1827975178538423,0.3166127761263055,0.4502634164332093,0.2220130028510638,0.2457292515605331,0.1917361028739321,0.2345249745079556,0.2711515336710093,0.2750092701796838,0.2923354674631717,0.2656686016403498,0.2426169108687332,0.2667685144994109,0.2919570697769629,0.2109971257772542,0.2158103979388101,0.2304479267202488,0.2245294454854018,0.2091232767632043,0.2298862770690988,0.2097711269305371,0.2604214898948953,0.2549148066011923,0.2106440312255735,0.2416915594465578,0.2368850160420663,0.0394431406874957,0.0448669297805182,0.0471508627970465,0.0541483562685307,0.0833557841413181,0.1467423822656286,0.1687045857873315,0.0,0.0771448350306585,0.1848695589365121,0.3280707549849353,0.1573555763285128,0.1704800623521478,0.1698992062521185,0.259560917722073,0.1773021890840525,0.1766389101338639,0.1559995054942504,0.1913842993971961,0.1684685797038199,0.2344225991829276,0.1943492788581835,0.1583589602311477,0.14632456023757,0.1606643670515453,0.1381840737140223,0.227388606661723,0.2224118425006409,0.1902493599069927,0.1807467405210658,0.1903922712608015,0.2318698553738016,0.2530101773789575,0.2061942523389355,0.2307766064624985,0.1859718783077895,0.2072081294555303,0.2382732285255642,0.2634912038891386
326907_7_consensus,0.2104748875781084,0.2745122453811568,0.2184008618693091,0.2453868945059554,0.2130655083118497,0.1443855084155423,0.1388339077131632,0.1405730665776623,0.2297942381710775,0.1418964265916642,0.1474277201671405,0.1428098809976532,0.1883282732611988,0.1600158730605549,0.2460708827279774,0.1604843828117843,0.1682990209061152,0.1436597301114162,0.1822489722971028,0.1716146260290898,0.2362926669720124,0.146903892984163,0.1344956859393704,0.3935284636002905,0.2808637213648666,0.2717644800725622,0.31492219678168,0.3035609956025453,0.2745975678608232,0.2120012215066573,0.2040032684710553,0.2691506265047287,0.2157163504223405,0.2078863493998852,0.1870191970139281,0.2145897419223708,0.2251606081376884,0.1918377894508438,0.186649114246169,0.257957314733833,0.1884619824165092,0.1888474686794445,0.2319898719898461,0.2934433229186126,0.2921135437197719,0.2151278349030079,0.1876269088227999,0.2012054257788094,0.179905159232085,0.2609385635737276,0.1957493067860092,0.210857374015589,0.1842969334433846,0.3094050444769713,0.359471224952717,0.233592213650386,0.2249203262639341,0.2032316122088708,0.2167177215086191,0.1923522801713488,0.1918661857908148,0.199207880894729,0.1909314260721544,0.1924420636738943,0.1946224448877771,0.2035522235590718,0.2041681820642651,0.1868001499694429,0.1717004119683132,0.1845302945326956,0.2067112701353188,0.1846242328238325,0.1924402195225347,0.1865015933921405,0.1888527924565295,0.1965618903196251,0.1837157822685746,0.0895899625706313,0.0718212656465873,0.1036616509166847,0.1045838960674387,0.1111093404728791,0.0305556771466974,0.0453679742540771,0.0544679225018072,0.0771448350306585,0.0,0.0634467259106443,0.1519615559762712,0.2279616335832912,0.2297018271113735,0.2368225369518164,0.3330435200422919,0.2487904984436575,0.2497425231868177,0.2299460977150715,0.2662097177550819,0.2433048107471691,0.299231174658324,0.2167526553154708,0.1953910862921724,0.1370654172532326,0.1610478589085886,0.145403055658285,0.2978844340489956,0.2926041665689212,0.2566660331905943,0.1461459713813511,0.156780304380991,0.1911450068313129,0.1643511717302779,0.1437092552568657,0.2821827726307759,0.1664627892390946,0.1362134280660463,0.2755289508551115,0.1764414484031213
326907_8_consensus,0.2592389460070698,0.3941582048569998,0.2830708185159523,0.2961094721919259,0.2418557838394619,0.1650119378938157,0.1853733757397684,0.1779593694034353,0.3625155806722766,0.1940067665394984,0.1711524958317412,0.1620137670290447,0.2916450599146287,0.2281260837160097,0.3905405414082317,0.2485183605810128,0.2577066414405138,0.2084302135870643,0.2907604371939669,0.2631109599325185,0.3756845523586882,0.2112495963527152,0.1620491231691154,0.5635760085479937,0.4322066369844748,0.4210541907446696,0.4756692089210688,0.4650238210102309,0.4263244754760613,0.352230853598428,0.3337744410883729,0.4095158860175694,0.1959971424966333,0.1822990513839464,0.2039345998223467,0.1901334697736096,0.1901546689287663,0.2397645181522243,0.1993608556814052,0.1936379842950053,0.2319442564907454,0.2140130581112664,0.1922269943300492,0.2656761698193897,0.2448222766113694,0.2553390925612326,0.271167372540507,0.2527720962978783,0.251537717374795,0.2381339513954046,0.2577683813435811,0.2662725723370336,0.2479261415285201,0.3386638421420258,0.3116245764806109,0.2915016700482162,0.2557500108460218,0.2787616237568606,0.2581877603597249,0.1998175365207863,0.2015300560200401,0.1940528470456861,0.2033433591167934,0.2309907404340556,0.2191688069483177,0.2022704511174886,0.2834267218630941,0.2430687239813949,0.1974516049562424,0.2283450231496644,0.2958324224215296,0.228708083533327,0.2612612499430788,0.2012557736460678,0.2041375624248829,0.2673183967214072,0.2153335004432044,0.0385608268813832,0.1849709445596943,0.2371258549021853,0.2312174050999047,0.2364624594052564,0.060488411717074,0.0352779648436403,0.0323970749289443,0.1848695589365121,0.0634467259106443,0.0,0.0677721585366413,0.3759652143250598,0.3777216409287405,0.3904720742097822,0.5124321706738968,0.4061423818678662,0.4088336411057653,0.3787794373601727,0.4307855572130208,0.4013804836314882,0.4664578061789974,0.3421678623779058,0.3189786277717239,0.2140787511593558,0.2564156932987487,0.2357165450303036,0.4675313891722013,0.4620574127367547,0.4150215652532765,0.1920520956865488,0.2097021949813076,0.2556131765580645,0.1722080884125745,0.1672099077354936,0.4311206965525542,0.2412482864485809,0.1505114185935312,0.4146328137627364,0.1940360752070447
326907_9_consensus,0.3233161454422983,0.5179505003485048,0.3624004983432769,0.3563606916806314,0.2888986441666503,0.229196026598867,0.2731899726233706,0.2575582225235635,0.523862222965576,0.2840572704257376,0.2438044121404523,0.2257202011226304,0.4295716951616981,0.3330530151322755,0.5630228370480452,0.369275194961741,0.3835266990516714,0.3150676350239898,0.4290316496931012,0.3911786987358994,0.5421703520706416,0.3130712440602714,0.2280522040875929,0.7297945922190152,0.5918945867763235,0.5841621162168593,0.645034241505229,0.6369688183129263,0.5922628607750795,0.4939928365952255,0.4687481536399858,0.5417407998999124,0.2046439476163684,0.1890978959956335,0.2449924175491311,0.1982221710597187,0.1838367418530637,0.3057414491853478,0.2375459970472206,0.1670503310000235,0.2930769880695507,0.2592407907626253,0.1818501076871896,0.2424303320179923,0.2069838810834525,0.2938793280445395,0.3525538134053221,0.3033147522723567,0.3236696062968818,0.2216218468798771,0.3186713681592579,0.3169062703890439,0.3136350635852345,0.3630016381088765,0.2722411118396373,0.3470182564322606,0.2895796026666737,0.3488091574153529,0.2967053010827918,0.2237168461273455,0.2302630221421786,0.2084486422332716,0.2319379269611019,0.2834332375627184,0.2607839587746028,0.2182280846352569,0.3734460752219419,0.3124254758174238,0.2410623428305491,0.2834407906320706,0.3959709955889963,0.2873830141144573,0.3400154212270649,0.2330360316415252,0.2352785733067079,0.3483599145864318,0.261191908183207,0.0462072105256723,0.339951865562373,0.4031265569019382,0.3927506515749357,0.3986840143847416,0.1437333238066287,0.0811580998715619,0.0722592468237337,0.3280707549849353,0.1519615559762712,0.0677721585366413,0.0,0.5386215559926804,0.5438751807633508,0.562223365666739,0.7076863267820421,0.5743212901576236,0.5819360437485273,0.5389735900188022,0.6123114827083214,0.5756611031413676,0.6479074701673326,0.4892672239132061,0.460168536769526,0.3155034246381376,0.3761767289382582,0.3466019461100238,0.64929521662566,0.6490432660375269,0.5899689751292811,0.247120113297619,0.2725755283166151,0.3311935541292676,0.1984166784192638,0.2072456018508788,0.5808139787973658,0.3284093620888946,0.1869788050226191,0.5577893090733248,0.2339669642131951
327059_10_consensus,0.2152372520232219,0.1546863976226049,0.2061784377281981,0.2575549427796666,0.2558851684079535,0.2335066650665851,0.1894454131160081,0.2032928669204921,0.1274630939096184,0.1779988437810296,0.2349580541673042,0.2363267461649982,0.1332732524577409,0.169965661241406,0.1342395028304892,0.1357959181274424,0.1414778495628503,0.1652664498933731,0.1249575297271938,0.1414985924062044,0.1197123674343316,0.1631089111663044,0.2115384800530044,0.1778226658086943,0.1294753321199344,0.125817865900224,0.14288291348754,0.1291433089203302,0.1301768999458268,0.1029815377612379,0.1271780518910681,0.1696209974522347,0.3666860084701966,0.3659862183389037,0.2666360842814725,0.373528571855374,0.3924188449737009,0.2126238250354575,0.267299237946915,0.487520204669547,0.2240674362697525,0.2571760789518578,0.4149336190788553,0.4641124095387816,0.499526666999273,0.2690598236668435,0.1854124186710066,0.2492081083218842,0.2018711319015658,0.4232285465470369,0.2169292560160869,0.2436685865048424,0.2307864443847691,0.4112028649264729,0.5867266039213845,0.293388135562914,0.3270932601507539,0.2111725710523231,0.2767242166177865,0.263143741197279,0.2593659186258463,0.2904720878576512,0.2520829160710889,0.2084299385306458,0.2348366156377821,0.28576102790608,0.1492660576085036,0.175635137504031,0.2218820918714712,0.1996799825061437,0.1441228600640514,0.1956589686620056,0.1613195626325634,0.2479187653358323,0.2479736422978504,0.1572274708169949,0.2156189640827008,0.4327433966287195,0.1558460719836851,0.138962107311066,0.1515911645682663,0.1690846832103503,0.2449315990545777,0.3178089362522485,0.3492374373642413,0.1573555763285128,0.2279616335832912,0.3759652143250598,0.5386215559926804,0.0,0.0334671592326643,0.0338336025589995,0.0789503595986431,0.0388867800677239,0.0336243559310815,0.0327791377165951,0.039556219447931,0.0311816934465269,0.0621986678880475,0.0579019997181262,0.037442790107768,0.0737586892513206,0.058269891025013,0.0588790089988648,0.0574944494059082,0.0576157780693513,0.0401715041177475,0.2047449466080309,0.200312920738547,0.2065473497161249,0.28735917033773,0.246648804372171,0.1544898597586055,0.170430957520324,0.255215531369771,0.1645578911288971,0.2776647893001076
327059_11_consensus,0.2324917431012423,0.1751954724370179,0.2179367276184045,0.2934991935196152,0.2797233725770383,0.2421571956542578,0.1913432640362558,0.2126404941558064,0.1205641212907444,0.1836790405911337,0.2328992738546418,0.2432704920601125,0.1391260798639422,0.1815690834675614,0.1259692146625362,0.1416342125604046,0.1432631420621213,0.1693912852674373,0.1307596190460671,0.1481323642198617,0.116577120174341,0.1691700666160862,0.2209774580019257,0.1672173949889384,0.1343520126048467,0.1288094604989353,0.1387129107299323,0.1269213871985854,0.1325918475643064,0.1252449507105382,0.1575771155104846,0.1945685138900295,0.3912190803215836,0.3792894396783879,0.2830876194737755,0.3943117418859145,0.407821231736392,0.2286380182922087,0.2825178380351261,0.5051961049968448,0.2388363929024208,0.2718704588358704,0.4404436359546579,0.5097688401495724,0.5361698730066777,0.303821301142186,0.2101524808447621,0.2786229537016815,0.2277514037243904,0.4610220976390238,0.2423259506155588,0.2750303148773483,0.2633807087375466,0.4724606329039815,0.6461452724180958,0.3416139310258259,0.3744359951503071,0.2410807650825077,0.3132962551942313,0.2718935886130431,0.2602180121447013,0.2983468166351706,0.2626214024332611,0.2128348383258185,0.2320683739714795,0.2955417157905415,0.1515656243030712,0.1822225463950353,0.2317833802026641,0.2066796792538099,0.1400401838262546,0.1990928155066313,0.1655572054371639,0.2537849695428846,0.2617706591290414,0.1613099658422072,0.2197237765116355,0.4348001569355624,0.1614290036474592,0.1501181070023953,0.1635399787753577,0.1845891554378163,0.2509489689255737,0.3195878178731632,0.3506160436134351,0.1704800623521478,0.2297018271113735,0.3777216409287405,0.5438751807633508,0.0334671592326643,0.0,0.0254684553546695,0.0507614452337676,0.0301184035527697,0.0260636348781453,0.0386588465333233,0.0277522885915999,0.0277657291020574,0.0387183815901686,0.0364079221966022,0.0316339761834605,0.0745504321356236,0.0479644773978513,0.0609184026496407,0.0377997145504167,0.0354879810539401,0.0262810507818187,0.2166543885698928,0.2065208075917901,0.1924468251256144,0.284960431036815,0.2561250795595029,0.1403504686682666,0.1639750583099051,0.2649875304750608,0.146681813860539,0.2648946228304005
327059_12_consensus,0.2452233534320349,0.1804033998729899,0.2277372443040874,0.3032352880195148,0.293199282740499,0.2488140113911505,0.1964749304683763,0.2176124036125593,0.1193191693695538,0.1885307447171236,0.2393144085536143,0.2494543122696271,0.1380346615667989,0.1830561596879789,0.123142539661849,0.1438247710064217,0.1447278121780684,0.171534429792878,0.1304244206407077,0.1474817444121221,0.1142165143293638,0.1727917164938972,0.2275857524904978,0.1689837212350049,0.1346456999017249,0.1280271688689715,0.1399243450786542,0.12705082929876,0.1326511354618986,0.1255732573084849,0.1573025301596153,0.1955515847638942,0.404519975064602,0.3940010184650546,0.2948578493078955,0.4081139077523055,0.4246691113615171,0.2379200991452101,0.2949635948995421,0.5225091136942481,0.2491719232299445,0.2840579581192806,0.4566852874915561,0.5293770731761498,0.559377344739687,0.3172031304634437,0.2198327994334405,0.2923231439107638,0.238201718446664,0.4804792804032693,0.2550935516135766,0.2885392752529228,0.272768877993105,0.4850525759418396,0.6648491276551596,0.3512523967268599,0.385885637052521,0.2521710721685686,0.327451334915775,0.2890133996445563,0.2777165103167007,0.3167267822390691,0.2787350350179167,0.2274989264147677,0.2487388497709588,0.3130559395627728,0.1623368912484153,0.1947501723121618,0.2464514454655457,0.2211292170628489,0.1500115028481694,0.2128834641800416,0.1776220362420382,0.2702708624158205,0.2775172158058829,0.172535911994359,0.2356582823777913,0.4493992658744261,0.1602017071409562,0.1474370918624572,0.1615091875863576,0.1812418620635227,0.2586697020050721,0.3313362556410197,0.3626792241483088,0.1698992062521185,0.2368225369518164,0.3904720742097822,0.562223365666739,0.0338336025589995,0.0254684553546695,0.0,0.0509129913387127,0.0320781173268791,0.0265492319162419,0.0377072394152584,0.0267517337041809,0.0266052091280108,0.0408856176878629,0.0420847566527129,0.0361642796981769,0.0810095020728169,0.0547517296792214,0.0676136272227232,0.0393321235327945,0.0366426403804744,0.026783634153837,0.2305082580028958,0.2203194860474049,0.207918989445794,0.3032397890044578,0.2698670344309519,0.1469654034470444,0.1760529480652231,0.2793202571957636,0.1546127592160147,0.2828557008904084
327059_13_consensus,0.3577846639090261,0.2705571017900858,0.3309597750450876,0.4521995390889017,0.425104389417811,0.3642773272479402,0.2900073404362828,0.3304634364597874,0.1591327370171669,0.2856308772504121,0.3382149174184192,0.364408844580204,0.213684070095379,0.2874761572489959,0.1541020572108671,0.2247579343087409,0.2200299137352672,0.2610622123049637,0.2028404591958832,0.2310651348662276,0.1560416544490905,0.265379812207545,0.3400230551939849,0.1837771494789564,0.1828391134155467,0.1774226726909091,0.1662124772845814,0.1597802853409753,0.1778807173351353,0.2051535854533348,0.2582959472235941,0.2848973012949187,0.5650231842602658,0.535270386206733,0.4234748774696228,0.5635419283637546,0.5696728375794748,0.3524260179747749,0.4232651563225147,0.6875251601834194,0.3654924445320979,0.4061451742445641,0.6205541963060774,0.713785366362071,0.7336658473328157,0.458133888638585,0.3246564082640084,0.4167797704580245,0.3548888820408749,0.6487441121517108,0.3700531608283128,0.4158667326889471,0.4056386361995017,0.6746781243454336,0.8817499731504768,0.509038397907382,0.5558221173855209,0.3686171993368958,0.4675624580182074,0.3959093498213519,0.3704709254853213,0.4262179645564714,0.3859935301808548,0.3131873126702942,0.327988899543925,0.4259211312272128,0.2302828870090429,0.2797724010526714,0.350308764466277,0.3094763031050469,0.2024183823655896,0.296162276164658,0.2503223893486037,0.3699936548223306,0.3904647541749142,0.2454677873852588,0.3234802218021571,0.5809519697412959,0.2311772089512302,0.218109841775739,0.2317496715459057,0.2594091822292235,0.3636701018776236,0.4438910345824496,0.4814160995382224,0.259560917722073,0.3330435200422919,0.5124321706738968,0.7076863267820421,0.0789503595986431,0.0507614452337676,0.0509129913387127,0.0,0.0498021037023583,0.0468558242674106,0.0871784803408672,0.0404164921213165,0.0564758767253472,0.026565909289232,0.0525490043952103,0.0744959416726267,0.155230676409225,0.10092206152121,0.1362077095381551,0.0289903123053711,0.0271725057427651,0.0392747746462518,0.3253877448989009,0.3044634187954997,0.2472060063250261,0.3920863799057166,0.3756247801095149,0.1498462912230209,0.2315009707796278,0.3871217430164009,0.1542473240547757,0.3505796363260032
327059_14_consensus,0.2323798918187023,0.1635164107381719,0.2171173194545339,0.2917022569383434,0.2823342236340984,0.272554439968026,0.2186086648840408,0.2426688574595097,0.1317338471335318,0.2071845988168981,0.2644275888103458,0.2746210683178454,0.156815762044097,0.2063010540962473,0.1330993209895723,0.15644167540637,0.1633151130398715,0.1935754280969952,0.1446842807284625,0.1697260456042144,0.1247019777200186,0.1916133865317526,0.2468546250308989,0.1633556377034253,0.1292207616190666,0.1277954788086575,0.1318040916388412,0.1246000089109529,0.1280277118671975,0.1146119122712718,0.1518862485678873,0.1878623111453841,0.4178355210900442,0.4067088713975764,0.3021391240677857,0.422510987028545,0.4333648524650684,0.2404929120879231,0.3041974567073566,0.5385742310804567,0.2550965522165285,0.2887535475206384,0.4657292224857983,0.5137374791492917,0.5403362182387923,0.2992457266052213,0.1988257600533458,0.2687691843173319,0.220968279141438,0.4646213035165161,0.2336738319779883,0.2666341324209469,0.2574456567331324,0.4621412554877793,0.6527182489030849,0.3306989998862804,0.3732186080498643,0.2281825836864044,0.3039780928414259,0.2828289820888301,0.2722131385856627,0.3108366554986332,0.274439747561324,0.2191483220383467,0.2423043971428207,0.3090496866095726,0.1549630542982996,0.188694221010742,0.2426076863646749,0.2093046687164736,0.1408346862239113,0.2067706322172675,0.1668519776978385,0.2652127984658214,0.2721156977699834,0.1634842698177294,0.2258332875311062,0.4649589254100092,0.1710875610741382,0.1539037500232289,0.1643959221657454,0.1896413970057224,0.2694026880779852,0.3423385548900057,0.37932649811329,0.1773021890840525,0.2487904984436575,0.4061423818678662,0.5743212901576236,0.0388867800677239,0.0301184035527697,0.0320781173268791,0.0498021037023583,0.0,0.0272057346564338,0.0409419530196473,0.033857207001354,0.0323686061898556,0.0372733276287,0.0430417619054672,0.0351173880419679,0.0899449570077024,0.0613459952243999,0.069381470069409,0.0338195070282445,0.0371340072659336,0.0305510382306195,0.217080301409684,0.2089362272959647,0.1902777482418471,0.2944809204925214,0.2653411766852969,0.1267945937510148,0.1664880907193122,0.2777993500637272,0.1347868059861099,0.2746604947489857
327059_15_consensus,0.2444266894420472,0.1734868446854385,0.2287553261438226,0.3044314006439634,0.2948805493176678,0.2645597715801457,0.2105712779963333,0.2335022861086493,0.123454495404264,0.1997922967239169,0.2564667232622213,0.2661094420284513,0.1464036438638132,0.1959759216253402,0.1261546486039364,0.1506435946080202,0.153703977770764,0.183928442219468,0.1368137941425686,0.1586679182151336,0.1168037605566816,0.1837013421412514,0.2411782292226441,0.1610646970605849,0.1282650390524047,0.1238899064071503,0.1311823496741837,0.1210001594183758,0.126801225233315,0.1202219168332234,0.1557940831970796,0.1917916455081361,0.4189714363119563,0.4090891249066501,0.3040625625618389,0.4232595374501571,0.4369463129364561,0.2429251988638476,0.3049911329889596,0.541093642331365,0.2562329189076884,0.2918877071826316,0.4701356621805885,0.5291655483632454,0.558029205720068,0.3132029145442629,0.213286218113275,0.286125820577368,0.2340961714601164,0.4802930451730134,0.2488441733003554,0.2817713733754274,0.2701898584063116,0.4796538589958601,0.6681852091822869,0.3458099528196605,0.3860536134689454,0.2437653084598636,0.3206327048824846,0.2892286566044291,0.2789509431873185,0.3181704109652266,0.2800124355165962,0.2249428670373419,0.2479982847477728,0.3147256752180389,0.157644798912198,0.1923384682301794,0.2472817285136592,0.2178732108086407,0.1450107616878959,0.211390265778121,0.1727735770897354,0.2713832732832415,0.2777468918839716,0.1681913628188667,0.2334046229349944,0.4696857188338299,0.1669093068450244,0.1501381010980083,0.1629531660941765,0.1848848423519413,0.2708407140021549,0.3461177288590953,0.3813828055394381,0.1766389101338639,0.2497425231868177,0.4088336411057653,0.5819360437485273,0.0336243559310815,0.0260636348781453,0.0265492319162419,0.0468558242674106,0.0272057346564338,0.0,0.0367212023448431,0.0270705578083294,0.0270020910894075,0.0359550288801493,0.0423820551654685,0.0351648805064535,0.0880525951675252,0.0594814552176004,0.0704896135608095,0.0335164712215672,0.03392813496108,0.025894282083243,0.2294843876442662,0.2203068903935587,0.2040355124034043,0.3065469586359128,0.2756860812260235,0.1360075996086749,0.1753494380787934,0.2859363828222712,0.1445275389910598,0.286724831749833
327059_16_consensus,0.2105414141657959,0.148234827164682,0.2019162640546241,0.2483583516855461,0.2498477034137849,0.233473216286864,0.1909101677015492,0.2027315801337295,0.1301578241728904,0.1784294690058772,0.2359290953024988,0.2354161404094128,0.133720927972945,0.168555614180434,0.1370096445283586,0.1349041058465836,0.1423128024025501,0.1662486163615142,0.1242441897090316,0.1419278245877322,0.1212058801262543,0.163381888521819,0.2114940355406496,0.1757026528003287,0.1241512430267093,0.1199506715586906,0.1391321736541719,0.1260106843972117,0.12575630097826,0.0982491146033481,0.1212980046157525,0.1642589851475122,0.3609517562940922,0.3628465282778528,0.2625266817087492,0.3681854823200652,0.389056493040858,0.2079947178992256,0.2644821220483919,0.4834998536653465,0.2206726931690887,0.2526754273748537,0.40961408481391,0.4538678789563413,0.4912555156857472,0.2611432434192906,0.1799505405842083,0.2422912930655982,0.1952934733782108,0.4150497850033012,0.2106658690075349,0.2365013555043731,0.2218844801419131,0.3976705704605763,0.5742326155523507,0.2817431753929647,0.3165840111159603,0.2035611014918039,0.2682545558219686,0.2605612264032118,0.2590911730127772,0.2886924962177488,0.2500145028634577,0.2074922140828192,0.2358573984399541,0.2825023282349441,0.148441977671748,0.1736109001662953,0.2194404841294144,0.1978632021379027,0.1441552574930931,0.1951442814005979,0.1607511331262969,0.2467684202619366,0.2450318705807213,0.1555105748849499,0.2142592693065772,0.4341384075094439,0.1567990657364149,0.1379394721626354,0.1510744616482995,0.1684118597666284,0.2457180244870755,0.3194816994119662,0.3517216387170698,0.1559995054942504,0.2299460977150715,0.3787794373601727,0.5389735900188022,0.0327791377165951,0.0386588465333233,0.0377072394152584,0.0871784803408672,0.0409419530196473,0.0367212023448431,0.0,0.0448805444127167,0.0350806111181363,0.0685041633441905,0.0648453035669689,0.040181935516216,0.0764259254604127,0.063250830790885,0.0605060397763885,0.0631245989937028,0.0643573612699697,0.0454214980962284,0.2036789938562222,0.2010483434373711,0.211897703861517,0.2902275404973728,0.2456606949814919,0.1591720035633024,0.173644934819432,0.2557857594261215,0.1705753833417809,0.2822002895077844
327059_17_consensus,0.2781953647053967,0.2023353844176085,0.2574318623831573,0.3426236691078017,0.3307848123076624,0.278865969838904,0.2207320124080531,0.2458617388491362,0.1250930282999114,0.2132530583947023,0.2662890506622375,0.2804707030769648,0.1528970328248924,0.2070416235469281,0.1258047776049977,0.1621277197222213,0.1611254505856649,0.1928302847592533,0.1446177972933249,0.1651225423274063,0.1191029075385223,0.1952337337091414,0.2578200870059888,0.1711213338004,0.1453887046755895,0.138987338942286,0.1458719318610235,0.1327213179787172,0.1430220011977674,0.1430333125125358,0.1804958872476412,0.2146586207486471,0.4495159361846816,0.4354954197347851,0.3300941985208432,0.4518450277509771,0.4686183080756549,0.2686144646685022,0.3302129583960109,0.5718071771175488,0.279638073670764,0.3175755993577454,0.5042010120771252,0.5812903169473991,0.6117146044986903,0.3555013705046939,0.2464595967056375,0.3257808523566439,0.2683030362363645,0.52891892306085,0.2855457771406762,0.3220110861040126,0.306515878067735,0.5336282207639584,0.7252263432543664,0.3912331932464354,0.4299931808442849,0.281785194490439,0.3655033370825471,0.3208154790580337,0.3065040711993418,0.3501619965019635,0.3098103640281024,0.2521348995633481,0.2734794185848734,0.3463703516288596,0.1787511043891783,0.2176178558148649,0.2757268266357968,0.2461717086952362,0.1626985272781844,0.2362940502751485,0.1965977815133541,0.299741005783698,0.3097854495469541,0.1919256720870592,0.2616679656994485,0.4935382571317177,0.1772448609355308,0.1625682976049276,0.1782834779107815,0.1997149170264762,0.2904745045944068,0.368565703125256,0.4010367230135472,0.1913842993971961,0.2662097177550819,0.4307855572130208,0.6123114827083214,0.039556219447931,0.0277522885915999,0.0267517337041809,0.0404164921213165,0.033857207001354,0.0270705578083294,0.0448805444127167,0.0,0.0282631821281782,0.033815937730818,0.0438872753318122,0.0438861379133186,0.1001870096507708,0.0660744599498599,0.084596725682271,0.0331203454944564,0.0300449652780976,0.0253122774833869,0.2582279421194187,0.2444815241328441,0.2225673575682378,0.3324067967210098,0.3009022566069319,0.146110511546933,0.1918707150577887,0.3108970755179356,0.1540407347672108,0.3066732748162657
327059_18_consensus,0.2466160935860699,0.175288570638699,0.2317262368098624,0.2995642866824468,0.2937383342624784,0.2549356730087417,0.2033344338250131,0.2228964834717501,0.1228976991948371,0.193788149833491,0.2496508915487325,0.257343734851382,0.1395571776622048,0.1854106004312257,0.1252581603214011,0.145784111587762,0.1485874914283371,0.176639157818645,0.131188645738792,0.150014539220642,0.1153428202802331,0.1773438677129135,0.2337292281538801,0.1681093976959253,0.1289511459871448,0.1242424771763452,0.1365966084697909,0.1231927748773031,0.1294950005515822,0.1185157293064804,0.1485743914427999,0.1891526262308502,0.4076805305841944,0.401383498025595,0.2971052046199673,0.4120150886553304,0.4313919254738323,0.2393927385784273,0.2986618348879553,0.5307914205201634,0.2503228325738718,0.2861086596476809,0.4600332239086953,0.5230847673374512,0.5567843350411508,0.3106947902874992,0.2131585319571485,0.2856836811579271,0.2321704926851708,0.4764583791271377,0.2496210848823778,0.2814584885895037,0.2645547689080096,0.468986635400924,0.6559109902375688,0.338026416504757,0.3753660912080896,0.2440079187019819,0.3202442376094581,0.2934116167357032,0.2847676737657174,0.3220436509848348,0.2824323856943849,0.2309742663521525,0.2557495376480574,0.3177005304069418,0.1635399954188336,0.196988759061945,0.2487314993232559,0.2230128430358,0.1523627262538802,0.2163231122065489,0.179232714938891,0.275120193403584,0.279974052019579,0.1739631149640708,0.240104605512851,0.4616984360305132,0.15957933557954,0.1429600458201321,0.1585971521470099,0.1774250740715999,0.264038681430776,0.3413511361613821,0.3736557543573653,0.1684685797038199,0.2433048107471691,0.4013804836314882,0.5756611031413676,0.0311816934465269,0.0277657291020574,0.0266052091280108,0.0564758767253472,0.0323686061898556,0.0270020910894075,0.0350806111181363,0.0282631821281782,0.0,0.0450559878859877,0.0488600672213692,0.0387506208759091,0.0860231675137512,0.0607026053602979,0.0694803730258968,0.0419135834154396,0.0403691717446719,0.0298472056357788,0.2310465797730749,0.2216393110654699,0.214868038812579,0.3116035318570027,0.2734424442043739,0.1473303175173832,0.179944564625984,0.2828497909602774,0.1564398330023166,0.2940619262166102
327059_1_consensus,0.3089941099638515,0.2348114248191386,0.2887987298069916,0.396930077981235,0.3703503668719392,0.326127721078798,0.2597396512168473,0.295013333814758,0.1491899261328271,0.2535853981605029,0.3060677012951345,0.326777045764711,0.1940769532882669,0.2576586575942059,0.1470612210762212,0.1998820013272109,0.1981148675143558,0.2348489626841683,0.1827069329186841,0.208739792732743,0.1450693415128832,0.2369661632821404,0.3014410982885174,0.171523413295592,0.1627591654226066,0.1582124482741669,0.1502608436284376,0.1446098200960222,0.1594077084524343,0.1733987138749135,0.2230965857757674,0.2513453538918675,0.5040662605622117,0.4771199315760981,0.371070669243803,0.5037856385345236,0.507695940662245,0.3054999557525661,0.3716960599046324,0.6212183158789735,0.318377628734968,0.3548957606214102,0.5551270467445164,0.6392444773717365,0.6580993125249464,0.4014571289615141,0.282345185384198,0.3646210094752433,0.3098420941337707,0.5783997580344575,0.322546331718307,0.3635012268558135,0.3567740222700735,0.6044331909549747,0.7982380135967553,0.4521382087278027,0.494332940776431,0.3206728366641869,0.4092984290485653,0.3455145133928248,0.3246535492236226,0.3743141547900492,0.3363716677972981,0.2714999813426715,0.2866481897759563,0.3736895402999174,0.197962144533033,0.2414373909624387,0.3044164652709114,0.2670928126919847,0.1751096564847571,0.2561865281305415,0.2147674654618647,0.3229516423384879,0.3397487321904471,0.2100462077244351,0.2799965633192123,0.5298347489622408,0.2121609632873173,0.1999765431852758,0.211323513015138,0.2377638372155353,0.3265302162104646,0.399123868072909,0.4366823848030385,0.2344225991829276,0.299231174658324,0.4664578061789974,0.6479074701673326,0.0621986678880475,0.0387183815901686,0.0408856176878629,0.026565909289232,0.0372733276287,0.0359550288801493,0.0685041633441905,0.033815937730818,0.0450559878859877,0.0,0.0401062009227501,0.0545466752281882,0.1251052194566355,0.0781779355474228,0.1063894244570136,0.023680826896566,0.0246308271439374,0.0311372284490545,0.2810820223745409,0.263409036740363,0.2159473813459413,0.3460756259855699,0.3272703969840833,0.1365573576198357,0.200704723967501,0.3397542016481409,0.1413146994677241,0.3108169452691633
327059_2_consensus,0.2269196514550024,0.1987709864230105,0.2138964633702471,0.3104636935796279,0.2738829827605613,0.2321539697182331,0.1839153800883117,0.2122761854999382,0.1347491187043807,0.1815380217191737,0.216089302870845,0.2323484718948485,0.1559873474662403,0.1937186214307686,0.1421118781191488,0.1525612145722341,0.1520917126694776,0.1710268559315295,0.1492968780259573,0.1629662664952604,0.1364112232037797,0.1728500685005265,0.2134025250311921,0.1785676244760949,0.156534361734419,0.151506317496544,0.1531097592397188,0.1461271439208857,0.1532996702392779,0.1584706849549597,0.1984320695757517,0.2331950689477189,0.3774468337126535,0.3499962744565792,0.2709681703069861,0.3753284600082764,0.3751565770305305,0.2258655926706971,0.2678675190552795,0.4680100796252588,0.2343416006672392,0.2598178572250909,0.4172999031261355,0.5043170778874959,0.5146850661640556,0.3130954366187808,0.2245220773875971,0.2847170348311003,0.2418683129786316,0.4491458463871218,0.2500288335383303,0.2859001198093089,0.2814405794529335,0.5030909470144849,0.6483969613132352,0.3719358115518574,0.3952293985939654,0.2571173014436283,0.3232969876776899,0.2456207673099655,0.2277960645364203,0.2673723006305621,0.239064916948692,0.192201141637593,0.2003187065123199,0.267280026251175,0.1458910699475026,0.1725740185254132,0.2149443424770751,0.1908855930279926,0.1314303667219185,0.1811118593996248,0.1559378505836015,0.2284881873863398,0.243694521601153,0.1541226567179876,0.1967488667280399,0.3903215035822569,0.1791091282289834,0.1788377066668687,0.1902165457075852,0.2150851837393972,0.2394010873571268,0.2885630938630079,0.3167991955763369,0.1943492788581835,0.2167526553154708,0.3421678623779058,0.4892672239132061,0.0579019997181262,0.0364079221966022,0.0420847566527129,0.0525490043952103,0.0430417619054672,0.0423820551654685,0.0648453035669689,0.0438872753318122,0.0488600672213692,0.0401062009227501,0.0,0.0358429115008362,0.0699846667301216,0.0394301668886925,0.060983851807812,0.0427531775415559,0.0416015988708267,0.0373889851621456,0.2064410783468737,0.1942872307464611,0.1607207864170021,0.2474976746454729,0.2380866236522862,0.1400249231470773,0.148770139182524,0.2431145424802565,0.1386690070020719,0.2218705798572031
327059_3_consensus,0.1799087896192723,0.1496053547280667,0.1746663224311042,0.2379120450782288,0.2186670141308013,0.2004618976418761,0.1615913536072959,0.1786747915087865,0.1251841386478211,0.1532318756452504,0.196845998827527,0.2017073392402792,0.1304099082311545,0.1579093793474655,0.1355961650948813,0.1233443480991702,0.1299595575299292,0.1467105912179249,0.1220539859772849,0.1358984331244457,0.1220156174749576,0.144307813640875,0.1792387739957632,0.177229751859631,0.1330463786867,0.1303340848699719,0.1426708922445101,0.1330672806294224,0.1329675272027835,0.1126074511068928,0.1419638896190775,0.1837793764905626,0.323263937432614,0.3109937350850842,0.2286075054277354,0.3259429360590644,0.3332801530262657,0.1837565827944693,0.2276438932511304,0.4228596352019949,0.1948034071044482,0.2197706192417712,0.361773567832909,0.414982122484691,0.4357055845825677,0.2389437331214843,0.1671501113009803,0.219542411335297,0.1814510282739121,0.3714449867537581,0.188840087126568,0.2167071368501432,0.21307720335367,0.3956473230671697,0.5435229026108779,0.2821219262039491,0.3070879471707037,0.1911615352069233,0.2464560725100533,0.2075265706850366,0.1993146340414711,0.2298183343094777,0.2000729501346896,0.1611500304628776,0.1777218498281918,0.2276588801161274,0.118194357278007,0.1379258527360249,0.1768133911499241,0.1553431929209168,0.1127147766806828,0.1514572300640253,0.1259327355659323,0.1942270518432636,0.2000257112508627,0.1227059339193843,0.1645517477846603,0.3659276799455355,0.155514538970177,0.1479586207803507,0.1573861293887795,0.1799282665859252,0.211676066298228,0.2650953347976355,0.2954753330752204,0.1583589602311477,0.1953910862921724,0.3189786277717239,0.460168536769526,0.037442790107768,0.0316339761834605,0.0361642796981769,0.0744959416726267,0.0351173880419679,0.0351648805064535,0.040181935516216,0.0438861379133186,0.0387506208759091,0.0545466752281882,0.0358429115008362,0.0,0.0505399722929027,0.033393347517503,0.037910321841732,0.0527392335433347,0.054369094252948,0.0387968006142713,0.1670618196800468,0.1625759189462812,0.1556862484031604,0.2263308258732479,0.2022790278592765,0.1376863955543754,0.1333568133076461,0.2100179131046395,0.1409205949824219,0.2142957082512531
327059_4_consensus,0.1345758704958335,0.1558122512009063,0.1402067058216829,0.1798282341151029,0.1539556537432957,0.1271735010761858,0.1114012056529745,0.116526451056675,0.1484083978768033,0.1072952377811873,0.1309345157135837,0.1279152806184313,0.1215651583638539,0.1167067091856637,0.1699000160228116,0.1065387990132933,0.1131603895927426,0.1087106684797163,0.1193240614425938,0.1170438651222731,0.150696351283976,0.1069901673598536,0.1132414049877823,0.2321728714132831,0.1674920469815894,0.1617268179194937,0.1900992634266103,0.1770663294541705,0.1678616238653667,0.1316697368896342,0.1437512431429972,0.1954304685119616,0.2099164927411472,0.2022490523298366,0.1489820307540625,0.2107052701455032,0.2185844704839148,0.1310697712595327,0.1464653963451567,0.279998422045395,0.1353079388815885,0.1481586571934485,0.2366621248855267,0.2973207720672732,0.3123448548853424,0.1766512539410492,0.1421138603638283,0.1697186402898118,0.1430738969321936,0.2619779535227309,0.1497063643543015,0.1676269990212411,0.1630645437193898,0.3103754395212803,0.399948712621395,0.2228558329385066,0.2242521357557869,0.1582748370252531,0.1876531131440657,0.1371961044921406,0.1358806477236775,0.1511472427040274,0.1317171510135431,0.1169159415102747,0.1273422847818466,0.1494252673857836,0.1048933562802787,0.1032810647444115,0.1168342048514254,0.1157510940018262,0.1104967340538394,0.1106194203553059,0.1057749377373902,0.1301459834258267,0.132064417465795,0.1041454890583786,0.1173819332359791,0.2423822564547357,0.1513089202326831,0.157020624569153,0.1674922296792367,0.1840229056778248,0.1476345072420208,0.1747067801930839,0.1946930712295689,0.14632456023757,0.1370654172532326,0.2140787511593558,0.3155034246381376,0.0737586892513206,0.0745504321356236,0.0810095020728169,0.155230676409225,0.0899449570077024,0.0880525951675252,0.0764259254604127,0.1001870096507708,0.0860231675137512,0.1251052194566355,0.0699846667301216,0.0505399722929027,0.0,0.036558765504985,0.0309902969332718,0.1244376918104634,0.1236983899215538,0.0933256794201931,0.1218968878614212,0.1251424475710898,0.142949311151554,0.159036016384114,0.1378608475190361,0.1897572052221079,0.1191161968341383,0.1374601278962472,0.1885479268218155,0.1609016694544038
327059_5_consensus,0.1657869474926947,0.1688324686119813,0.1646193416502015,0.2313532044688315,0.1982133632160092,0.1631237785458701,0.1337681603432337,0.1484586140276249,0.1358210321981339,0.1308643809901255,0.1575791855384309,0.1633605164211786,0.1306851119588898,0.1424942794590364,0.1519304335895981,0.1193805085447969,0.1223225400513108,0.1270817799137162,0.1258035894725786,0.1293021850452653,0.1395591020078228,0.1279351415745608,0.1469118598375445,0.2004712522823233,0.1558088645932862,0.1501775398757416,0.1666793110228042,0.1559126355360689,0.1554461224909786,0.1397283709343924,0.1641387648509464,0.2067915920200178,0.2698100204945888,0.2517887227263955,0.1896933501703905,0.2692086890546505,0.2717509329788043,0.1613915362946407,0.1861162929982285,0.3470141995451214,0.1670305838654044,0.1846669600822572,0.3021920387081458,0.3793568845978967,0.3911036750657608,0.2305221198261122,0.1743501975761106,0.2160786057301287,0.1829433014386836,0.3351933634691519,0.1891542693633425,0.215283457009459,0.2112388393974313,0.3915902400444047,0.4998921820268087,0.2849872626323488,0.2936310312686068,0.198717132669028,0.2417778427150629,0.17427499368004,0.1649117326146587,0.1907791933365281,0.167662338158582,0.1402867226573967,0.1481824034670253,0.1896531438026265,0.1146042206598139,0.1250847592717328,0.1500400339315675,0.1395702412917039,0.1120249525137033,0.1311019727172109,0.1195569403613987,0.162146231655381,0.1709246394458432,0.1175145278810916,0.1425414861565954,0.2928921508521149,0.1564374868522122,0.1605446307045674,0.1710084381308299,0.19161441067682,0.1776979560659342,0.2121293434056284,0.2342018762004549,0.1606643670515453,0.1610478589085886,0.2564156932987487,0.3761767289382582,0.058269891025013,0.0479644773978513,0.0547517296792214,0.10092206152121,0.0613459952243999,0.0594814552176004,0.063250830790885,0.0660744599498599,0.0607026053602979,0.0781779355474228,0.0394301668886925,0.033393347517503,0.036558765504985,0.0,0.0336717030071653,0.0798663988574226,0.0782740138384952,0.0592182011169271,0.1503965083205294,0.1469087793362966,0.1421395562592629,0.186713129004115,0.1718858948667971,0.1627824867944767,0.1236304380300126,0.1740800699956359,0.1603182139307577,0.1765659045209986
327059_6_consensus,0.1307682865375703,0.1371462125943559,0.1360680266381848,0.1758119687909243,0.1543414437323171,0.1446159598529526,0.1238682615079938,0.1307964626349012,0.1421700219914576,0.1166041362267371,0.1494897876545877,0.1459674455119035,0.121813200593678,0.1246183667441975,0.1595669561609298,0.1067475214621467,0.116476733322397,0.1174187224150884,0.1163416691907031,0.1200356130729645,0.1412587188378324,0.1144585460657126,0.1269689371614113,0.2131209135675824,0.1498578295691501,0.1467479835668896,0.1716174761655828,0.1598785984009438,0.1513535416894385,0.1113071069083062,0.1268802080850619,0.1763039404638213,0.2306183466639808,0.2244094342331273,0.1623324049582066,0.2326884897298633,0.2413436249858591,0.1357632537030468,0.1605653347959972,0.3119831209591268,0.1430813709645839,0.1589142767536238,0.2594743069215219,0.3029817539726203,0.3208923802119479,0.1706717804397612,0.1280737658425828,0.1592938006879691,0.1324811737778581,0.2673367367893782,0.1390521287749173,0.158317985509111,0.153778043272819,0.3003055011274824,0.4090515288521814,0.2104951653078259,0.2208895344100199,0.1440542251022059,0.1791131163173709,0.1452349092799281,0.1446255466407144,0.1624724837134437,0.1394280585434515,0.1191832514034381,0.1339802937195777,0.160288454761762,0.0998162484006108,0.1032746471502328,0.122296431770529,0.1138128898001511,0.1036994011528271,0.1127908239762334,0.1011862155431124,0.1377796228352288,0.1389401782064006,0.0995058031391771,0.1196212010484707,0.269303156553061,0.1451419008457506,0.1452463734242712,0.1538326708720205,0.1723393950503648,0.1561095893029787,0.1922250403953924,0.2154272228611695,0.1381840737140223,0.145403055658285,0.2357165450303036,0.3466019461100238,0.0588790089988648,0.0609184026496407,0.0676136272227232,0.1362077095381551,0.069381470069409,0.0704896135608095,0.0605060397763885,0.084596725682271,0.0694803730258968,0.1063894244570136,0.060983851807812,0.037910321841732,0.0309902969332718,0.0336717030071653,0.0,0.1037983815496765,0.105769957390887,0.0780815777993808,0.1203980803267441,0.1242172847303741,0.1394553160314799,0.1682153171871334,0.1438019093783538,0.1684999035596774,0.1148423362272339,0.1464041770585318,0.1694475620703102,0.1690671995343535
327059_7_consensus,0.2989493075851328,0.2198504700697867,0.2797450318833405,0.3817814112581104,0.3591166504002956,0.3273238097076962,0.2617107987862255,0.2951575777237138,0.1491875652766161,0.2541327865975873,0.3099933333850302,0.328680106121368,0.192275382970152,0.2561437366026737,0.1462502233865414,0.1974170143589546,0.1983090542231451,0.2356628194952357,0.1804100866559537,0.2077276007846222,0.1438944736459362,0.2368451449448159,0.3014081277259706,0.1646347243934371,0.1524783049104172,0.150153732883254,0.1418736671155471,0.1376765020190014,0.1510831410454969,0.159593276270602,0.2070605550963051,0.234391624215462,0.4974287613724399,0.4738548791617738,0.3646848520063805,0.4981876232546263,0.5028386031740055,0.2970639429048916,0.3661380932465619,0.6190954251643142,0.3107374068638329,0.3480132560853661,0.5487210197082817,0.6237456164760857,0.6452929120291664,0.3866049936855376,0.2673261291362223,0.3498094311562276,0.295193110257312,0.5652065950833354,0.3076587990877613,0.3483814191936929,0.3406482750152797,0.5804633494226188,0.7793820813075278,0.4307690053176927,0.4756596216465425,0.304490764747495,0.3936751567496088,0.3423679295784048,0.3233914811355305,0.3719718543952659,0.333205109320982,0.2688826808994449,0.2865767355910478,0.3712932543809621,0.1947234668737962,0.2380652999085271,0.3008047827090792,0.262616691110864,0.1726817754315384,0.2543140714420033,0.2106981973333042,0.320811723043537,0.3355718745216549,0.2068320646136072,0.2769995693949383,0.5315875298501389,0.2075509945902176,0.1916682561182199,0.2039530808128127,0.2296203360198916,0.325181736288016,0.3994641669511551,0.4387196428827415,0.227388606661723,0.2978844340489956,0.4675313891722013,0.64929521662566,0.0574944494059082,0.0377997145504167,0.0393321235327945,0.0289903123053711,0.0338195070282445,0.0335164712215672,0.0631245989937028,0.0331203454944564,0.0419135834154396,0.023680826896566,0.0427531775415559,0.0527392335433347,0.1244376918104634,0.0798663988574226,0.1037983815496765,0.0,0.0256813215916267,0.0306647193736289,0.2741682237486671,0.259255929567626,0.215956964131287,0.3456034247415402,0.3242942928827084,0.1326881984217891,0.1994691906041872,0.3361622949766705,0.1395200674085472,0.3141958767026871
327059_8_consensus,0.3127872442685451,0.2337911645973385,0.2891226468783827,0.3952059152812666,0.3731377786471057,0.3192909759608611,0.2523042966893101,0.2863467419575798,0.1400696997703434,0.2466305545633069,0.2983542839161899,0.3199439289665697,0.1829158667233983,0.2473101784309435,0.1380496580564703,0.1912985393456452,0.1886722901969655,0.2254185064991354,0.1730685973355932,0.1978397170405124,0.1363418156457214,0.2281286641670306,0.2957148280089186,0.1739590553238343,0.1633844533300923,0.1573936957061477,0.1530625595830592,0.1451174424266454,0.1585807099337692,0.170339835083233,0.2168711381340813,0.2451584455315298,0.5034608802937335,0.4808088297674615,0.373315888162363,0.5042344819744784,0.5129927857042063,0.3072197118618867,0.3728276450364554,0.6236526596388607,0.3193865571933969,0.3578023824388054,0.5576769997738822,0.6421391416004987,0.6642229107017492,0.4016258644303505,0.2808379432252152,0.3655768360052107,0.3071544705817643,0.5822184081520874,0.3222186422876056,0.3638552326594997,0.35334416853755,0.6022112816305807,0.7990021363102748,0.4482673291786128,0.4906254094007849,0.3202438356355408,0.4113424350156052,0.351217385188491,0.3299676155296716,0.3801651700732158,0.340913287656079,0.2760402815690383,0.2920931778259401,0.3790080619892073,0.1992493056275748,0.2435013395525445,0.3065272684083808,0.271034525202694,0.176906616538897,0.2597951743113107,0.2174649403179671,0.3272527195680332,0.3438861735262861,0.2125087929555178,0.2850480705263756,0.5277454093054246,0.2009401012258962,0.1876228149215322,0.2012661169764342,0.2258480259973083,0.3205027033172918,0.3969801062318012,0.432922446328476,0.2224118425006409,0.2926041665689212,0.4620574127367547,0.6490432660375269,0.0576157780693513,0.0354879810539401,0.0366426403804744,0.0271725057427651,0.0371340072659336,0.03392813496108,0.0643573612699697,0.0300449652780976,0.0403691717446719,0.0246308271439374,0.0416015988708267,0.054369094252948,0.1236983899215538,0.0782740138384952,0.105769957390887,0.0256813215916267,0.0,0.0282263866570176,0.2828927274268125,0.2657029161364193,0.2221059559410072,0.3506251964873783,0.329558612335763,0.1382049914933816,0.2026673859090237,0.3409527266169618,0.1441205231492901,0.3164270635296766
327059_9_consensus,0.2652894441646154,0.1970508145727265,0.2464786567545083,0.3343622190011714,0.3179846889584148,0.2711151253062809,0.2138878122958516,0.239867800579276,0.1244635362873296,0.2060144492863926,0.2578096086185013,0.2720519882572461,0.1524590799631688,0.2044118331480824,0.126617186737274,0.1585407590737553,0.1583176663386361,0.1886025522394874,0.1442197971050092,0.1640807961574637,0.1200031535411945,0.1903377039594858,0.2490315584659903,0.1680894557860988,0.1435767949140292,0.1377089920808565,0.1423094725432534,0.1316837713814891,0.1407829462199679,0.1401983670834781,0.1787173743426819,0.2130372039194732,0.4375066824722182,0.421479578868805,0.3195555135180754,0.4393598102460672,0.4521178451241603,0.2598886708293548,0.3196363715987758,0.5546181473901939,0.2715842864555569,0.3068057897581795,0.4899820163182689,0.5635969655563073,0.5900793201958265,0.3419627168885171,0.2379508029759875,0.3135062853712824,0.2589559121815199,0.5111412854538884,0.2735352207197863,0.3101808045114218,0.2988001458343774,0.5242103852865725,0.7096861915066981,0.3839239268358518,0.4206683071748571,0.2717520426280337,0.3523303058112681,0.3041138737977746,0.2887969083041071,0.3323359243664576,0.2940320353338208,0.2374876708022952,0.2569449368065761,0.3295912739742093,0.1690845237088716,0.2058838579978577,0.2619802619173939,0.232519728995058,0.1534575282798975,0.2233174762065637,0.1853787281817318,0.2839964776239867,0.2950773406526714,0.1806832344417479,0.2457037158080197,0.4757511780255861,0.1758900308268103,0.1628396426444425,0.1764252050642767,0.1990052841401173,0.2806483968699353,0.3533334743510963,0.385635163548514,0.1902493599069927,0.2566660331905943,0.4150215652532765,0.5899689751292811,0.0401715041177475,0.0262810507818187,0.026783634153837,0.0392747746462518,0.0305510382306195,0.025894282083243,0.0454214980962284,0.0253122774833869,0.0298472056357788,0.0311372284490545,0.0373889851621456,0.0387968006142713,0.0933256794201931,0.0592182011169271,0.0780815777993808,0.0306647193736289,0.0282263866570176,0.0,0.2428787723068808,0.2300104013777115,0.2049419095090954,0.3127617760102019,0.2859031372954703,0.1376259537016864,0.1785098826735875,0.2958951625298773,0.1437387382141004,0.2870820873722763
D103_10_consensus,0.2048512019595669,0.2687931192871673,0.2304998398778259,0.2233173459993693,0.2037703445791834,0.1474300263274521,0.1454255401648758,0.1459301029200013,0.2202761252996907,0.1359154154097339,0.1626034342183544,0.149697855843339,0.1834217901803825,0.1611498421046988,0.2422797718545766,0.1471594774399633,0.1663685516481869,0.153014767932337,0.1726475183053075,0.1756537031788845,0.2206604304137656,0.1429503588864662,0.1265094923702072,0.4125399363082707,0.3338299545408283,0.3342940582550113,0.3706765620867607,0.3679256384791891,0.3412146023715152,0.1791350340132425,0.1786367531101049,0.2196076963600752,0.2235925799879119,0.2286563008538387,0.1967644591810362,0.227831839449486,0.2351393606400194,0.2000575744435835,0.1992998536131054,0.277735324062256,0.2010557656706311,0.1985913594461053,0.2314743787066575,0.1856341768777802,0.1850101097741507,0.0977575472745968,0.0867505443340235,0.0908769234709794,0.0856819424522683,0.1493133316365771,0.0819309877119494,0.0927075579931333,0.1029208156478205,0.2029648297078345,0.2696573207897543,0.1440286119389142,0.1414229173682066,0.0931179206512027,0.0997783387033131,0.0911537459046272,0.0941774632804843,0.1025079820943162,0.0922472288561735,0.0880108711358644,0.0963916785014262,0.1027964935957328,0.0997658279007218,0.0883082598965963,0.0856098507724745,0.0789639605863854,0.1091944952721313,0.0875501277431354,0.0877390514422344,0.0906702598408593,0.0927656729087473,0.0953199017348325,0.0821129504559579,0.2011558370893986,0.1989875315520919,0.2099848651902327,0.2076709522877351,0.2237645199346403,0.1475817632768858,0.1534492574500774,0.1756058097124047,0.1807467405210658,0.1461459713813511,0.1920520956865488,0.247120113297619,0.2047449466080309,0.2166543885698928,0.2305082580028958,0.3253877448989009,0.217080301409684,0.2294843876442662,0.2036789938562222,0.2582279421194187,0.2310465797730749,0.2810820223745409,0.2064410783468737,0.1670618196800468,0.1218968878614212,0.1503965083205294,0.1203980803267441,0.2741682237486671,0.2828927274268125,0.2428787723068808,0.0,0.0378238962156594,0.0619278281286099,0.0565639968252185,0.04303017053833,0.1498569703283578,0.0535474871521017,0.044861033478071,0.144899332859147,0.0715643479522825
D103_12_consensus,0.2260632614748914,0.2841994975094728,0.2467799884747066,0.2529566922913027,0.2297131934425564,0.1566441956384423,0.1490020461301711,0.1544310707720768,0.2112001457816319,0.1409816432157811,0.1666221953723905,0.159169509876893,0.182148652320734,0.1673380605357763,0.231789529647429,0.1497540576806528,0.1652594430556426,0.1556190315314722,0.1726245783261575,0.1765205699761303,0.2118171316275905,0.1459436919044208,0.1355059544119079,0.4130074074339696,0.3420802564579155,0.3403399904286317,0.3738159172177902,0.3698352683482078,0.3474662933679688,0.188540597598859,0.1932328905954534,0.2328904148342978,0.2513744735143177,0.2523559939027109,0.218037194037592,0.2545497576910733,0.2621003966170967,0.2191325718678527,0.2204850412273593,0.3064494378247318,0.2197096316983291,0.2192753029592573,0.2635456663243367,0.2277343547573771,0.2273359943174568,0.1272390688514235,0.1055582874948832,0.1177715436365325,0.1080777433626707,0.1881102264018146,0.1045851586206723,0.1196356787971275,0.1303362829459153,0.249189733329235,0.3247436413571769,0.1803926082881375,0.1800296718562855,0.1175262331600741,0.1308845096514588,0.1096953239922378,0.1077498808227801,0.1201741254111432,0.1099666060352859,0.0996542084318328,0.1060640118898952,0.1212867986389092,0.104783214424259,0.0989427823358362,0.1023437149275281,0.0920607142024216,0.1106588627622784,0.0979700064665927,0.0947994413184503,0.1057182086960892,0.1122292764626635,0.1029989816109626,0.0945589439607417,0.2209606362905027,0.2032733475455259,0.2158141167230702,0.2134757672475586,0.2300219306689186,0.1610759950104352,0.1691904368825234,0.1915324029846772,0.1903922712608015,0.156780304380991,0.2097021949813076,0.2725755283166151,0.200312920738547,0.2065208075917901,0.2203194860474049,0.3044634187954997,0.2089362272959647,0.2203068903935587,0.2010483434373711,0.2444815241328441,0.2216393110654699,0.263409036740363,0.1942872307464611,0.1625759189462812,0.1251424475710898,0.1469087793362966,0.1242172847303741,0.259255929567626,0.2657029161364193,0.2300104013777115,0.0378238962156594,0.0,0.0573471779645977,0.063405222672781,0.0536249757639133,0.1354838678244938,0.0504804108101453,0.0558026167520147,0.1290660368471634,0.0702927420510945
D103_13_consensus,0.2890062096816628,0.3418919344983528,0.3043097096797993,0.351038262109558,0.3078564083551853,0.1948659451015082,0.1691637353636714,0.1932852984034454,0.1952951256665187,0.1658231785258479,0.1867278018373994,0.1953578615740703,0.1964228213831234,0.2040056961635024,0.2097578322195836,0.1681229884103494,0.1760997413122993,0.1771884751123522,0.1861970699448143,0.1974025473910003,0.2006326230604784,0.1700340276386498,0.1722432422887045,0.4063941618283664,0.3652897156540504,0.3629694514673574,0.3775599239848262,0.3795619230875502,0.3662958346637168,0.2284655976223426,0.2515228056665677,0.2862039274543626,0.343859572858328,0.3240519729891957,0.2871411560646848,0.3418812225215504,0.3357007135939618,0.2814904494238988,0.2885149691164628,0.3935777309338775,0.2826580759953785,0.2844149658281836,0.3556580382515761,0.3297496564655446,0.3151281975503721,0.1964190521777666,0.148317690508243,0.1736756720952534,0.1593296646940203,0.2726068927267917,0.1532583545324257,0.1798145421899732,0.1980884049222169,0.3728841339589088,0.4610926643545561,0.2766120062612813,0.2813875539490205,0.1699773773860116,0.2004522149779575,0.1361110336027664,0.1201105832296427,0.1487606040618523,0.1377317869331946,0.1109025173725797,0.1068767093706384,0.1526765352487693,0.1069482302869815,0.1148031625316008,0.1323008991328151,0.1091125391716865,0.0995070372101913,0.1087455901038367,0.1006901043946086,0.12764505255074,0.1466011243344311,0.1088938323740364,0.1074752873607458,0.2695439606662404,0.2276138775207314,0.2451659906303973,0.2411639140234598,0.2654497572186045,0.2017910955906572,0.2081779409769133,0.2348169289359098,0.2318698553738016,0.1911450068313129,0.2556131765580645,0.3311935541292676,0.2065473497161249,0.1924468251256144,0.207918989445794,0.2472060063250261,0.1902777482418471,0.2040355124034043,0.211897703861517,0.2225673575682378,0.214868038812579,0.2159473813459413,0.1607207864170021,0.1556862484031604,0.142949311151554,0.1421395562592629,0.1394553160314799,0.215956964131287,0.2221059559410072,0.2049419095090954,0.0619278281286099,0.0573471779645977,0.0,0.0697522661077272,0.0822695892409584,0.083594544395023,0.0366737566540287,0.0867362487477052,0.0719891301567514,0.0569124195219679
D103_15_consensus,0.2503111879635291,0.3597359475057153,0.2775712015292804,0.2913099351740449,0.2457653286839694,0.1594248561073925,0.1641298041137915,0.1702365152382512,0.2807862523183537,0.1628862581738808,0.1645052221883887,0.1595232725034847,0.2401365111313964,0.2052770340540348,0.3088089221055625,0.1983951951285334,0.210542221580944,0.1858706830523111,0.2343121921590167,0.2272715783657055,0.2901172750933654,0.177313873218921,0.1435758026088969,0.4964363424968212,0.4277026983429266,0.424432312764285,0.4583429892361224,0.4560348347754939,0.4303814759249782,0.2788187133331981,0.2814897609118141,0.3235168446614942,0.2351599986070951,0.2216848721290851,0.2200685152691548,0.2328041009062929,0.2269446425379584,0.242878588932708,0.21809723350745,0.2538923426130459,0.2393173544549043,0.2254330219925648,0.2328488031110431,0.2141741833145545,0.1956040396785141,0.1543036176329693,0.1571254590809729,0.1494166372651406,0.1510916566423787,0.1721425252492707,0.1425033668291746,0.1551383082384205,0.1728102714922847,0.2886140742515977,0.308893997586857,0.231123708620597,0.2103929877402492,0.165665756271359,0.1602923590767773,0.0964584818663105,0.091672641041427,0.0991825235656698,0.1006755215128265,0.1046703754671263,0.096387634955338,0.1034793125659625,0.1388080411450403,0.1185786139997162,0.1050789978384898,0.1047043553101652,0.1484457196968485,0.107474535483778,0.1221632631002904,0.0977841586507111,0.1073690571874053,0.1322946969666389,0.0957412255312633,0.1661514958708707,0.2642628842548618,0.2946753518716321,0.2893641114563365,0.3074041842252946,0.166731434404781,0.1438645935790461,0.1578836238072085,0.2530101773789575,0.1643511717302779,0.1722080884125745,0.1984166784192638,0.28735917033773,0.284960431036815,0.3032397890044578,0.3920863799057166,0.2944809204925214,0.3065469586359128,0.2902275404973728,0.3324067967210098,0.3116035318570027,0.3460756259855699,0.2474976746454729,0.2263308258732479,0.159036016384114,0.186713129004115,0.1682153171871334,0.3456034247415402,0.3506251964873783,0.3127617760102019,0.0565639968252185,0.063405222672781,0.0697522661077272,0.0,0.0547939652753903,0.2090727977741053,0.0782537285166995,0.0514320350361749,0.1935296428264621,0.0524856974703382
D103_16_consensus,0.2223663075013924,0.3107539896590481,0.2505589348585744,0.2441383252507662,0.2156565017169072,0.1395868896447218,0.1457488678766303,0.1433732872344464,0.2533070562567161,0.1410593774679895,0.1536330418717568,0.1408868061528387,0.2049904835691478,0.1698773673779925,0.2789342355311461,0.1680218029788136,0.1832232404005118,0.1590083526702344,0.1975997150267225,0.1916835710694755,0.2583138828775198,0.1520459393500637,0.1236538552894046,0.4575078396889935,0.3770680394944605,0.3738135378457947,0.4175187378104361,0.4110845394618891,0.3851014190058137,0.2243132936590086,0.218859908799633,0.2636809859367375,0.2015868210716327,0.2037709903984357,0.1888656340856442,0.2039862535835013,0.2110090431251876,0.2067404585078236,0.1903327559261427,0.2396355493313215,0.2030675527487453,0.1951168150894133,0.207350340639639,0.188856390645224,0.1841687549203534,0.1221657072865625,0.1236080696107357,0.1207279588821492,0.1171666459778286,0.1529802239132678,0.1143543795752783,0.124789966006098,0.1316663523370138,0.2302269385631277,0.2666129619894306,0.176810049821757,0.1609205152538528,0.1306104643606644,0.1294563909118444,0.097037077881442,0.0989277211177395,0.1025505937437181,0.0978049744208746,0.1038051202783627,0.1054822471507215,0.1037316125510088,0.1273512525500351,0.1083049124570116,0.0946935979093517,0.0997192598235798,0.1402918522339149,0.1036056886431069,0.1142003695912166,0.0969262885857986,0.1006426044622479,0.1227340873972728,0.0965764108262732,0.1683745460825889,0.2220236009214247,0.243404116001912,0.2432917043321723,0.2569998773876669,0.1460612566520929,0.1385590168127741,0.152709654859894,0.2061942523389355,0.1437092552568657,0.1672099077354936,0.2072456018508788,0.246648804372171,0.2561250795595029,0.2698670344309519,0.3756247801095149,0.2653411766852969,0.2756860812260235,0.2456606949814919,0.3009022566069319,0.2734424442043739,0.3272703969840833,0.2380866236522862,0.2022790278592765,0.1378608475190361,0.1718858948667971,0.1438019093783538,0.3242942928827084,0.329558612335763,0.2859031372954703,0.04303017053833,0.0536249757639133,0.0822695892409584,0.0547939652753903,0.0,0.1990475710420938,0.0732800286017152,0.0417128168571636,0.1911158343355552,0.0713711266945154
D103_1_consensus,0.3896712105536579,0.3464008280576962,0.3836595818353494,0.4495657844614555,0.4333675714197866,0.3063771665150341,0.2460192199414947,0.2821204249229687,0.1534737956209042,0.2356320251533432,0.2912939442200404,0.3083099521867325,0.1944911191693705,0.2525283663918749,0.1501361052309278,0.1879191680489818,0.1935446917772019,0.2270950047312467,0.1782439652249898,0.211873656578728,0.1483656901839936,0.2221758032924903,0.2764274417787504,0.3445671780794797,0.3220926892837781,0.3193819766935348,0.3231877246755417,0.3240937832352131,0.3217125977095847,0.1944537624176128,0.2305720514231453,0.2541330932430057,0.53004150952437,0.5186286192800651,0.4277349874470424,0.5319791064304731,0.5439416631638885,0.3808810506069306,0.4329258596069323,0.6368872324451011,0.3897579384552259,0.4153868001513103,0.5688938664988505,0.5277593555242035,0.5356481472511305,0.3020360059567153,0.1933412223880708,0.2633756459992966,0.221343761959563,0.4612814935025753,0.2264543170440234,0.264570872094346,0.2699869744852421,0.4939645512321071,0.6829492668044672,0.3575759678296677,0.3989593495540049,0.2275122736928594,0.3039473425369579,0.2778418210059854,0.2569590289853778,0.3052205500274212,0.273331107244573,0.2100652294069007,0.2236497986700811,0.3058624416864859,0.1488209394802169,0.1912016568023631,0.2470196046673223,0.2006663965060511,0.1260537698216168,0.1991511132076802,0.1576044920901687,0.257534791688105,0.2779136854501729,0.1624528771690769,0.2155156510347637,0.4779677887920002,0.2155598720469775,0.2087208681292942,0.2084224645694306,0.2333954706711871,0.3005481487839638,0.360903118068137,0.4016236625732077,0.2307766064624985,0.2821827726307759,0.4311206965525542,0.5808139787973658,0.1544898597586055,0.1403504686682666,0.1469654034470444,0.1498462912230209,0.1267945937510148,0.1360075996086749,0.1591720035633024,0.146110511546933,0.1473303175173832,0.1365573576198357,0.1400249231470773,0.1376863955543754,0.1897572052221079,0.1627824867944767,0.1684999035596774,0.1326881984217891,0.1382049914933816,0.1376259537016864,0.1498569703283578,0.1354838678244938,0.083594544395023,0.2090727977741053,0.1990475710420938,0.0,0.0812277960093261,0.2143424778082305,0.0256609707121313,0.1801161877896113
D103_3_consensus,0.261393261676428,0.2984709699606185,0.2724385146722952,0.306514667452042,0.2780788436042023,0.1690221228835824,0.1445072897996695,0.1611723979149353,0.1672234297302068,0.1391523360508344,0.1663207056086619,0.1695281377316781,0.1598431979330357,0.165696741158797,0.1823442241629358,0.1369517916474087,0.1449128763151321,0.1461231524399728,0.150676203126082,0.1604754802821446,0.1704093544329481,0.1407921423183893,0.1477990847847934,0.3769338800654687,0.3247370275941179,0.3198930615473117,0.344858789211564,0.3411350703383959,0.3268876086104235,0.1856539309196563,0.2009650919788761,0.2391580952584533,0.3117367220375726,0.3035403557112914,0.2587464015390814,0.3119187709217712,0.3204116395875758,0.2489684365252458,0.2600218351478673,0.373905927121541,0.2506776786849833,0.2574966383115118,0.3317671252855412,0.3099595343125259,0.3083228047580277,0.1726622699328039,0.1245712158540683,0.1548304573234773,0.1334697887927767,0.2587232929767289,0.1330368857868364,0.1571599114867794,0.1652161291966472,0.3303548791633766,0.4305500397948982,0.236620626038345,0.2429534299555449,0.145745197091994,0.1785572084093516,0.1357606169162117,0.1250912371256483,0.1501520217625795,0.1351874839895472,0.109363954201779,0.1132005534673581,0.151634666270894,0.0973944808367512,0.1049887954229404,0.1237119728524476,0.1054937727958353,0.0933048336594204,0.1048926272571755,0.0943402360265324,0.1269641901070315,0.1397062436865113,0.1012348696184304,0.1079779629914661,0.2610628771908416,0.1863309578434311,0.1975182920540596,0.1983056583314031,0.2182554498724833,0.1763037555223476,0.1954981950099323,0.2199538808085535,0.1859718783077895,0.1664627892390946,0.2412482864485809,0.3284093620888946,0.170430957520324,0.1639750583099051,0.1760529480652231,0.2315009707796278,0.1664880907193122,0.1753494380787934,0.173644934819432,0.1918707150577887,0.179944564625984,0.200704723967501,0.148770139182524,0.1333568133076461,0.1191161968341383,0.1236304380300126,0.1148423362272339,0.1994691906041872,0.2026673859090237,0.1785098826735875,0.0535474871521017,0.0504804108101453,0.0366737566540287,0.0782537285166995,0.0732800286017152,0.0812277960093261,0.0,0.0774566860284835,0.0753417984154474,0.069021101945939
D103_4_consensus,0.2202375802780132,0.3178020099451046,0.2503552095426826,0.2427547938683609,0.2105327719702643,0.1311146028445335,0.1396185505520506,0.1369036325913093,0.2594091611191942,0.1373198799967312,0.1446821087967329,0.1313089933696645,0.2067638839751957,0.1668786107412074,0.2860107970410226,0.1683730736287465,0.1831931885216526,0.1557572991361198,0.2008904365733741,0.1915023251948575,0.2659240671237377,0.1497180996032803,0.1169924669261099,0.4644015771664342,0.3843397806145745,0.3797389228512102,0.424355851395358,0.4181995715303941,0.3918210160702458,0.2340313297314438,0.22663977874344,0.271813025336133,0.1895260455740057,0.1897637349883645,0.1803635245323036,0.1910218206607759,0.1976595997922743,0.2027476975673749,0.1815350291531992,0.220367384883918,0.1969322586855355,0.1877176196196011,0.1929458261955048,0.1823099557779706,0.1752825364797701,0.1230521732228311,0.1281992119547723,0.1222083515312846,0.1200423304954156,0.1467081363462021,0.117981103290166,0.1273754622087004,0.1320020011235456,0.2289348912425275,0.2560295435783182,0.1785147617750517,0.1586469336148823,0.1354460061778724,0.1307186553256762,0.0924443367932106,0.0941694851891306,0.0975197801963361,0.0938517504063369,0.1032815974620859,0.1032308921179137,0.0979909050051155,0.1321054108558286,0.1089913718866704,0.0922063866554339,0.1000755207155243,0.1454924912152435,0.1034404470808887,0.1178688253727244,0.0937111198128697,0.0973042703601301,0.1272218644049658,0.095784656966785,0.1494559847763952,0.2227921260404883,0.2475651039375748,0.2486009212305084,0.2609967810652946,0.1378715683731428,0.1256644875301518,0.1368798789195153,0.2072081294555303,0.1362134280660463,0.1505114185935312,0.1869788050226191,0.255215531369771,0.2649875304750608,0.2793202571957636,0.3871217430164009,0.2777993500637272,0.2859363828222712,0.2557857594261215,0.3108970755179356,0.2828497909602774,0.3397542016481409,0.2431145424802565,0.2100179131046395,0.1374601278962472,0.1740800699956359,0.1464041770585318,0.3361622949766705,0.3409527266169618,0.2958951625298773,0.044861033478071,0.0558026167520147,0.0867362487477052,0.0514320350361749,0.0417128168571636,0.2143424778082305,0.0774566860284835,0.0,0.2043064373947523,0.0690795122525571
D103_7_consensus,0.3895247723051049,0.358505172579818,0.3843267040868703,0.4552219791722258,0.4322968701664607,0.2981739073896889,0.2393864763112319,0.2771162748433866,0.1568991026643686,0.2309513011651631,0.2809781494435022,0.300045055212486,0.1969939680945174,0.2527576847615869,0.1557025816914325,0.1892590702671803,0.1931104405469419,0.2244257178210063,0.1821000728988835,0.2136210970039265,0.1540209440614646,0.2194148872665238,0.2694019275767445,0.3564486616699369,0.3359331231432563,0.3319101041603645,0.3343787924263672,0.3354253096513453,0.3329810561071546,0.2080101488015167,0.245934032889334,0.2715552385045292,0.5225201827811681,0.5064035684374879,0.4229271367714169,0.5236785602739111,0.5319349566700389,0.3808597674637717,0.4270443124526188,0.6206415066061446,0.3890561541945345,0.4119710540062158,0.558293433748613,0.5240220660185955,0.526944787909656,0.3057571065517948,0.2004975811989595,0.2671699375926408,0.2272251621908516,0.4570964561942467,0.2302907862519951,0.2691101677698206,0.2776331769915359,0.5061212853125028,0.6836003125677372,0.3691994638240388,0.4067273020473578,0.2349371696756819,0.3078193298662697,0.2669518567887401,0.2442186347073338,0.2927295065400628,0.2638799396577873,0.2016656420560458,0.2105054260519843,0.2937853455392982,0.1463713502346344,0.1862155682370776,0.2407679779162244,0.1947848399424465,0.1240220177546191,0.192280255327585,0.1547233011417823,0.2476028840312452,0.2698707795071193,0.1595622587065435,0.2064993161435708,0.4587152943401698,0.2211831413133431,0.2203707608856326,0.2178930747134977,0.2430022298493703,0.2937434128559744,0.3471736250032222,0.3865059797316768,0.2382732285255642,0.2755289508551115,0.4146328137627364,0.5577893090733248,0.1645578911288971,0.146681813860539,0.1546127592160147,0.1542473240547757,0.1347868059861099,0.1445275389910598,0.1705753833417809,0.1540407347672108,0.1564398330023166,0.1413146994677241,0.1386690070020719,0.1409205949824219,0.1885479268218155,0.1603182139307577,0.1694475620703102,0.1395200674085472,0.1441205231492901,0.1437387382141004,0.144899332859147,0.1290660368471634,0.0719891301567514,0.1935296428264621,0.1911158343355552,0.0256609707121313,0.0753417984154474,0.2043064373947523,0.0,0.1610422439857117
D103_9_consensus,0.2809809195332704,0.3831206137993774,0.3020117963467683,0.3362909492445496,0.283876674895275,0.1661781774567217,0.1601777011549181,0.1746261276752605,0.255509962338575,0.1620350173543556,0.160538320179846,0.1646827764338567,0.2285371519265808,0.2058715726096558,0.2807897301891096,0.1923732770765731,0.1997060607503726,0.1807073411314341,0.2237965408463083,0.2202058662648554,0.2672062346678139,0.1738876978063643,0.1503871588196972,0.4890720718844079,0.4324008380000776,0.4260436971103019,0.453880937374862,0.451468488493397,0.4314132754457738,0.291206055281183,0.3043967413507218,0.3477866779900793,0.2806424584116129,0.2595553846282392,0.2534792796304614,0.2750330234737141,0.2686941101945237,0.2715620365831661,0.250544192626787,0.2984489771961662,0.2679128219965498,0.2578451625656548,0.2816944235789407,0.2783987041814875,0.2570620381940927,0.1961260637304001,0.1830160094573862,0.1867139348996964,0.181717575651632,0.2288531324894798,0.1724796565187354,0.1927853843040381,0.2107686886019451,0.3607492588798919,0.3940875593614983,0.2850556560654311,0.2682562826732066,0.1985982680218327,0.2036707261501646,0.1153675087731471,0.1034042933091576,0.1185477683114832,0.1184571407282248,0.1132890337132934,0.1012046752419806,0.1228385601130241,0.1376079469060194,0.1252655880652575,0.1222023701304912,0.1166625308786777,0.1405424404757091,0.1136872697436537,0.1257032772450408,0.1125225327958929,0.1292269895021682,0.1346562780152282,0.105193293232574,0.1923620495824884,0.2653161039077574,0.2975865662722547,0.2920335810562093,0.3131885724302066,0.1815549787256216,0.1626348131652015,0.1767546953167311,0.2634912038891386,0.1764414484031213,0.1940360752070447,0.2339669642131951,0.2776647893001076,0.2648946228304005,0.2828557008904084,0.3505796363260032,0.2746604947489857,0.286724831749833,0.2822002895077844,0.3066732748162657,0.2940619262166102,0.3108169452691633,0.2218705798572031,0.2142957082512531,0.1609016694544038,0.1765659045209986,0.1690671995343535,0.3141958767026871,0.3164270635296766,0.2870820873722763,0.0715643479522825,0.0702927420510945,0.0569124195219679,0.0524856974703382,0.0713711266945154,0.1801161877896113,0.069021101945939,0.0690795122525571,0.1610422439857117,0.0
