Sample1,316188_10_consensus.txt,316188_11_consensus.txt,316188_12_consensus.txt,316188_13_consensus.txt,316188_14_consensus.txt,316188_15_consensus.txt,316188_16_consensus.txt,316188_17_consensus.txt,316188_18_consensus.txt,316188_1_consensus.txt,316188_2_consensus.txt,316188_3_consensus.txt,316188_4_consensus.txt,316188_5_consensus.txt,316188_6_consensus.txt,316188_7_consensus.txt,316188_8_consensus.txt,316188_9_consensus.txt,326650_10_consensus.txt,326650_11_consensus.txt,326650_12_consensus.txt,326650_13_consensus.txt,326650_14_consensus.txt,326650_15_consensus.txt,326650_16_consensus.txt,326650_17_consensus.txt,326650_18_consensus.txt,326650_1_consensus.txt,326650_2_consensus.txt,326650_3_consensus.txt,326650_4_consensus.txt,326650_5_consensus.txt,326650_6_consensus.txt,326650_7_consensus.txt,326650_8_consensus.txt,326650_9_consensus.txt,326651_10_consensus.txt,326651_11_consensus.txt,326651_12_consensus.txt,326651_13_consensus.txt,326651_14_consensus.txt,326651_15_consensus.txt,326651_16_consensus.txt,326651_17_consensus.txt,326651_18_consensus.txt,326651_1_consensus.txt,326651_2_consensus.txt,326651_3_consensus.txt,326651_4_consensus.txt,326651_5_consensus.txt,326651_6_consensus.txt,326651_7_consensus.txt,326651_8_consensus.txt,326651_9_consensus.txt,326713_10_consensus.txt,326713_11_consensus.txt,326713_12_consensus.txt,326713_13_consensus.txt,326713_14_consensus.txt,326713_15_consensus.txt,326713_16_consensus.txt,326713_17_consensus.txt,326713_18_consensus.txt,326713_1_consensus.txt,326713_2_consensus.txt,326713_3_consensus.txt,326713_4_consensus.txt,326713_5_consensus.txt,326713_6_consensus.txt,326713_7_consensus.txt,326713_8_consensus.txt,326713_9_consensus.txt,326737_10_consensus.txt,326737_11_consensus.txt,326737_12_consensus.txt,326737_13_consensus.txt,326737_14_consensus.txt,326737_15_consensus.txt,326737_16_consensus.txt,326737_17_consensus.txt,326737_18_consensus.txt,326737_1_consensus.txt,326737_2_consensus.txt,326737_3_consensus.txt,326737_4_consensus.txt,326737_5_consensus.txt,326737_6_consensus.txt,326737_7_consensus.txt,326737_8_consensus.txt,326737_9_consensus.txt,326780_10_consensus.txt,326780_11_consensus.txt,326780_12_consensus.txt,326780_13_consensus.txt,326780_14_consensus.txt,326780_15_consensus.txt,326780_16_consensus.txt,326780_17_consensus.txt,326780_18_consensus.txt,326780_1_consensus.txt,326780_2_consensus.txt,326780_3_consensus.txt,326780_4_consensus.txt,326780_5_consensus.txt,326780_6_consensus.txt,326780_7_consensus.txt,326780_8_consensus.txt,326780_9_consensus.txt,326797_10_consensus.txt,326797_11_consensus.txt,326797_12_consensus.txt,326797_13_consensus.txt,326797_14_consensus.txt,326797_15_consensus.txt,326797_16_consensus.txt,326797_17_consensus.txt,326797_18_consensus.txt,326797_1_consensus.txt,326797_2_consensus.txt,326797_3_consensus.txt,326797_4_consensus.txt,326797_5_consensus.txt,326797_6_consensus.txt,326797_7_consensus.txt,326797_8_consensus.txt,326797_9_consensus.txt,326907_10_consensus.txt,326907_11_consensus.txt,326907_12_consensus.txt,326907_13_consensus.txt,326907_14_consensus.txt,326907_15_consensus.txt,326907_16_consensus.txt,326907_17_consensus.txt,326907_18_consensus.txt,326907_1_consensus.txt,326907_2_consensus.txt,326907_3_consensus.txt,326907_4_consensus.txt,326907_5_consensus.txt,326907_6_consensus.txt,326907_7_consensus.txt,326907_8_consensus.txt,326907_9_consensus.txt,327059_10_consensus.txt,327059_11_consensus.txt,327059_12_consensus.txt,327059_13_consensus.txt,327059_14_consensus.txt,327059_15_consensus.txt,327059_16_consensus.txt,327059_17_consensus.txt,327059_18_consensus.txt,327059_1_consensus.txt,327059_2_consensus.txt,327059_3_consensus.txt,327059_4_consensus.txt,327059_5_consensus.txt,327059_6_consensus.txt,327059_7_consensus.txt,327059_8_consensus.txt,327059_9_consensus.txt,D103_10_consensus.txt,D103_11_consensus.txt,D103_12_consensus.txt,D103_13_consensus.txt,D103_14_consensus.txt,D103_15_consensus.txt,D103_16_consensus.txt,D103_17_consensus.txt,D103_18_consensus.txt,D103_1_consensus.txt,D103_2_consensus.txt,D103_3_consensus.txt,D103_4_consensus.txt,D103_5_consensus.txt,D103_6_consensus.txt,D103_7_consensus.txt,D103_8_consensus.txt,D103_9_consensus.txt
316188_10_consensus.txt,0.0,0.0507963440326122,0.0638192581610468,0.0451906361439391,0.0548969675314268,0.0590051259542718,0.0368050858148336,0.0612577623785206,0.0695648028231339,0.0540229909407194,0.0574380311331452,0.0641727483957481,0.0559205853793258,0.0639143681420684,0.0672638512339958,0.0463899870076645,0.0553227035599555,0.0580532056216505,0.4244132934827576,0.4197521938543858,0.4308338821044408,0.4366653490172396,0.4215479850549783,0.4297044447285003,0.4210012018151232,0.4104589222156853,0.4172010951511424,0.4402174389909632,0.4268689850115592,0.4255828583993342,0.4283240599527467,0.4129257047930963,0.4074053559284714,0.4391970355660604,0.4175825183379942,0.4220417621262591,0.429725876658523,0.4356358535119469,0.4495036628728712,0.4989253877266044,0.4625103883624568,0.4707484395648009,0.4232141365385082,0.4194536770724433,0.4458616856313924,0.506721565863792,0.4823924867038798,0.4690600924930272,0.4564618248934238,0.4640478666650409,0.467168563888837,0.5014306930955001,0.4758050815889802,0.4657506483790037,0.277694322784864,0.2701084681290098,0.2684004784193519,0.2822585447672381,0.2787035450607291,0.2723373299782707,0.2774902393846936,0.2697787671136176,0.2673103191686508,0.2896343232272933,0.2842805024816215,0.276662743620033,0.2775132075228654,0.270849130378032,0.2717765841650532,0.2870009001122184,0.2809816573094039,0.2760344989484373,0.2936909898445314,0.3310351404516289,0.3248971586034983,0.3032514712360346,0.2863932965332516,0.2938479340768296,0.2976145143564714,0.3101537405549948,0.3235919653784975,0.288072444248808,0.2873414121663025,0.2777586368421936,0.3089540077598158,0.350731055621992,0.3285139355998794,0.2783618733905584,0.2757380722856979,0.283109551640738,0.3024073309900359,0.2967572183167064,0.2889592854537355,0.3018101755111857,0.2981587995391805,0.2949277234033189,0.2885042770905599,0.2980594907487877,0.2954328670615886,0.2945075748785335,0.3259338902364419,0.4936766250819495,0.343721546836278,0.3106448646702056,0.3219761393156481,0.2986298250460457,0.2924598755020255,0.3638938988537212,0.3709736744175664,0.372484686262144,0.3665178419028407,0.3601076452703964,0.3765240872008668,0.3793390791890978,0.3613721576714965,0.3715353184270888,0.3636836006849151,0.3702642381249568,0.3889339791048307,0.4043578821038807,0.3752908369500645,0.381585520648187,0.3701178486620655,0.3621516004752081,0.3784541351256649,0.3864894467801818,0.3957958869476385,0.3886128870738226,0.3846058641978054,0.3650023500867476,0.3813758544518464,0.3835134400454265,0.3694094661481131,0.3658585075002882,0.3721452982881921,0.5233112395625668,0.4767968760896011,0.3757917935977168,0.3571546060998543,0.383187749405387,0.4017431049103592,0.3763654835626688,0.3794405175991002,0.3850560839284789,0.3158665472616668,0.3263574487275811,0.3359849817713325,0.4408262063416757,0.3945543741421282,0.3594801738427264,0.3325677551502721,0.3709617973715424,0.3469429268164425,0.39942703187603,0.3488832477111501,0.3293475115055173,0.3006934068853795,0.3227175407455682,0.314069180641507,0.4392984550151304,0.3918307175531872,0.3495170730188732,0.427247817205064,0.4370011900972415,0.4459586390765615,0.4974040335637077,0.4277365680528504,0.4540964499209394,0.4168134216114652,0.4370248102867933,0.4172421456518265,0.5129663537806302,0.4187309228500133,0.4534925570741386,0.4038270818857015,0.4232904705922458,0.4173538884436247,0.5068213971266964,0.4148869622482962,0.4701358701936229
316188_11_consensus.txt,0.0507963440326122,0.0,0.0646675979923792,0.0542145504286892,0.0578584681907941,0.064968939997442,0.0511346238062131,0.0653536144272628,0.0694644526164154,0.0608174150119431,0.0618849490077089,0.0691286268586601,0.0731658598560827,0.0689508966692038,0.0735310254525529,0.0556288089367527,0.0616087539148502,0.0632753193045339,0.4455288268597144,0.4399952071411448,0.4487783943460073,0.4613720213731014,0.4436499338476984,0.4507562986897859,0.4409985100365929,0.4300329284839321,0.4351153798383649,0.4675068134695372,0.4509940463695052,0.4472454444239027,0.4499346816365026,0.4333869210262335,0.4250359536943691,0.4638599243083234,0.4386066739936254,0.4437911746627669,0.4524294134522009,0.457996347170841,0.4736912142853349,0.5281532461805512,0.4888307605341389,0.4969321961417812,0.4449937571889641,0.4421617389299079,0.4693576779874782,0.5371802070284772,0.5097063610992585,0.4975062450862637,0.4810449220515735,0.4891318697014384,0.4940365668028974,0.53014700947557,0.5021519768295271,0.4914226034226345,0.2879780733830266,0.2832189316984355,0.278721053805512,0.2991860110240161,0.2960644586778151,0.2871736543393552,0.2879236771499265,0.2840359024441703,0.2795501939177214,0.3074094811678094,0.3018074426641526,0.2931375833824674,0.2875125091587662,0.2842304684344761,0.2820149625995469,0.3044408355585162,0.2982768655970957,0.2915637306045759,0.3075062977451992,0.3465674135947552,0.3325320046917035,0.3252304330204758,0.3067638612243897,0.3086443654826851,0.3131799381540823,0.3256518692480554,0.3357472985941818,0.3093533510621462,0.3095044722986877,0.2968423783438432,0.3265594872210684,0.3601363956360899,0.3427686600653601,0.2984239418938479,0.2962115767226194,0.3008853766954757,0.297660238538544,0.2946734124288106,0.2880187411842705,0.3021955376977097,0.2984413535675188,0.2944896718667991,0.2861592967453781,0.2972790201423549,0.292975140437413,0.2921085334578315,0.315841598751934,0.4746391656632376,0.3297145216009092,0.3040306324770014,0.3115112354947342,0.2980147460360314,0.2908161089759709,0.3520608690414448,0.3812513350540918,0.3835082972865642,0.3778016807141497,0.3686605590774547,0.3868089542206157,0.3913250577766902,0.3708551130954873,0.3832895463722039,0.373724167720475,0.3790156608617039,0.4020552643243533,0.4168734225100721,0.3870639380278007,0.3938058228433796,0.3804360282889973,0.3701954533517728,0.3898145175844583,0.399004096354151,0.4093340625517925,0.4090558276169034,0.4035348124372078,0.3812127574300099,0.4007618530108949,0.4017054547186873,0.3854443108867613,0.3805427267511625,0.3902250840070707,0.5401275482968941,0.4954473222111062,0.3940961153935873,0.3762107826904994,0.4045526081777026,0.4225861297476498,0.3980599274183483,0.3994202803227793,0.405237031169591,0.3340085117149129,0.3471716150196826,0.3579131063569889,0.475654838790529,0.4241582741181702,0.3851273499355088,0.3512876107808935,0.3963786539869005,0.3710821764077927,0.4311935706487055,0.3752554915617736,0.3517962504594933,0.3148733122574967,0.3449536516040545,0.3336892159900095,0.4748620994115313,0.4215930170202817,0.3732752415803162,0.4529312120406032,0.4592162370406853,0.4750770620577498,0.5338417812092899,0.4467083806878023,0.4853097167863325,0.4409138948141553,0.4576100952728623,0.4352899268806851,0.5499765391248559,0.4369705234458223,0.4829479152415565,0.4256263727309601,0.4421841203205048,0.441111217145135,0.5416067713417156,0.4364161965245472,0.5001321522433848
316188_12_consensus.txt,0.0638192581610468,0.0646675979923792,0.0,0.0632649427016112,0.0632070443280099,0.0697274603224755,0.0641759901149434,0.0788087585311743,0.0733432643470664,0.0742044908752141,0.0696992936675755,0.0779136315236002,0.0883070430513797,0.083599986332036,0.0736144129356937,0.0654273778542773,0.0679456709161669,0.0722250167829727,0.436558077493931,0.4344458708744767,0.4404736119902424,0.4628703532757967,0.4374629934526268,0.4420676489244464,0.4303565924819068,0.4235309378101313,0.4261530072932444,0.4719513258739525,0.4474612697445934,0.4422513114444975,0.4423728087023768,0.4295024023879428,0.4182635438050148,0.4653656446356145,0.4308413621409954,0.4373103909689178,0.4594941483381376,0.4652499208012841,0.4821660798953076,0.5443953569516466,0.5002919246964339,0.5081740682373095,0.4509742555941898,0.4483114978967641,0.4783762326478395,0.55326804354765,0.5230984332685438,0.5105136159804466,0.4903071139720865,0.498266937896453,0.5062745484393396,0.5451937006554992,0.5126659139598289,0.5019116914688482,0.2875098578492618,0.2846633062028836,0.2792422028581001,0.306726575171254,0.3018797071327164,0.2905841666704418,0.2869220028789705,0.286969576235748,0.2802044111338766,0.3137264561813921,0.3082664405733375,0.2966900296820114,0.2845278867146419,0.2870746062882396,0.2819590045135633,0.3124887657048845,0.3047901913993307,0.2944638230837739,0.2954096138433968,0.3360760280427435,0.316956801241723,0.3203436243467301,0.3017754789649061,0.2980036458156121,0.300785341670327,0.3148099202839418,0.3248065038116934,0.3057642208581725,0.3080077537370584,0.2911959646412931,0.3165289004745091,0.350174469890252,0.3306418093482008,0.2940425820405181,0.2926639402935613,0.2934784348865342,0.2865332125638282,0.2875748056853382,0.2799575387776691,0.2999433868870085,0.2950238655986013,0.2896510538731398,0.2779599811589897,0.2936712363453679,0.2883475999207192,0.2849280277926098,0.3054661894112804,0.4618109607722935,0.3144605402868023,0.2960427858474652,0.3005367783557524,0.2944660601267657,0.2851343071528305,0.336834689800952,0.3835707242225155,0.3862655758201008,0.3804781996587323,0.3693476157870279,0.3908525483264995,0.3956288862026547,0.3722301340853065,0.3869269595467557,0.3767539502202481,0.3793822068930481,0.406297311353736,0.4224829124894071,0.3890804117950779,0.3995155807514514,0.3836268311863939,0.3713635530597834,0.3939266148850038,0.4027521342127755,0.4133403442733581,0.4099498395685081,0.4054608923075626,0.3799184626726415,0.4023619565999752,0.4034490403980157,0.3875266312849419,0.3815224996557163,0.3906948993744024,0.5404568301201209,0.4956887527609765,0.394333213248732,0.3769929949777406,0.4031433149098191,0.4203227269123566,0.3983676987051225,0.3996585174480493,0.4049926860291108,0.3397931546671699,0.3564914879315921,0.3651244459471456,0.4937855712547403,0.4397353296640531,0.3960452912569145,0.3567190064670029,0.4068735656769107,0.3787516176409298,0.4477666274090346,0.3875893608917948,0.3586735076751211,0.3177063191178924,0.350480326042895,0.3360466489371063,0.4928629174278214,0.4370709757661686,0.3839493411205161,0.4557438863398104,0.460100124509438,0.478824796777328,0.5450386157208627,0.4412254705854224,0.4895908840614495,0.4409023796044877,0.4581717184879252,0.436153127748728,0.5632608268882002,0.4342770414606463,0.4890901746099096,0.4243614934438717,0.4387520036764805,0.441981271607986,0.5554585860205741,0.4365080666377139,0.5081570852291151
316188_13_consensus.txt,0.0451906361439391,0.0542145504286892,0.0632649427016112,0.0,0.0573694065588092,0.0585493854950343,0.0426149425711841,0.0603871231197423,0.0666844014847178,0.049499170551023,0.0583563926002312,0.0621474163206556,0.0586054468306684,0.0641619209046844,0.0665379520887299,0.0449239793341931,0.0589343281665506,0.0600145009448809,0.423082710112066,0.4186207484569344,0.4278832136013015,0.4360010425448273,0.4201299200551887,0.4276463304438813,0.418326959527576,0.4082647978402747,0.4145356317312227,0.439927729940301,0.42693710709597,0.4250611760997387,0.4262082012281922,0.4105373064869333,0.4043238094232499,0.4387137192557517,0.4158037483042065,0.4209004094516508,0.4264653382303791,0.4323449629698963,0.4460962283691607,0.498293195766557,0.4606333524127173,0.4682173695856662,0.4198577269288464,0.4155947412701835,0.4429894012105215,0.5059250592601465,0.4814609737347766,0.4682052840686559,0.4536247161277664,0.4607419583840908,0.4652068412957781,0.4996861730033153,0.4733611431206448,0.4633988425250521,0.2695390875358576,0.2635479417805122,0.2619180245281853,0.276815958522107,0.2743550834385786,0.2665601924129603,0.2690663052031716,0.263232036665741,0.2616110594709369,0.2849792898045855,0.2793327707421511,0.2715878572732464,0.2693065168048676,0.2646790891252664,0.2660243359192336,0.2822045054319808,0.2776659169828406,0.2708025821254942,0.2883164566666636,0.3268681840141205,0.3183492064852729,0.301534195395611,0.2846624934229496,0.2895096978084304,0.2928460415604448,0.3055878897167758,0.3174332555077335,0.2885098248921203,0.2854901721713574,0.2756762421199994,0.3051142163987421,0.3446740780414075,0.3209936289071464,0.2764756907353138,0.2746249705435559,0.2816569885178026,0.2909339773991952,0.2884461243765344,0.2797989991499428,0.293253932846504,0.2892890665517242,0.284772215675332,0.2789520200191155,0.2887252598420353,0.2859367488086306,0.2834536109893975,0.3130798189209969,0.4800517086015894,0.331650419751675,0.2995074274051319,0.3092129728126593,0.2902710767649878,0.2832088460192636,0.3484865123530305,0.3724935624348831,0.3735235776804764,0.3687195667826906,0.3617455381018466,0.3777973815388336,0.3807936493889663,0.3623505166397329,0.3723391911334772,0.3634615465695354,0.370776218089901,0.3912862221061139,0.4052300668687678,0.3766136417691825,0.3832426329365752,0.3718243721947836,0.3631954922053815,0.3810869084509889,0.387740978898023,0.3889396034391907,0.3842609201061293,0.3772835869180753,0.3589764802281614,0.3732312311517631,0.3771857210419327,0.3624074628765683,0.359393711467483,0.3650983240388825,0.517087414826058,0.4742628856337383,0.3714640980801782,0.3541612708296924,0.378406084741151,0.3947129769749651,0.37197186789151,0.3762186347243954,0.3819865624336316,0.3174272252445931,0.3297771328111203,0.3388827593574213,0.4489614707287543,0.4012437149193708,0.3643343196332154,0.3341662402409611,0.3748683256340683,0.3503374005703321,0.4068351164537134,0.3556860828223058,0.3344727896891655,0.3023142162640688,0.3277701733015128,0.3172461675121347,0.4465685949229723,0.3988142888676194,0.3533834598022025,0.4345177257576722,0.4430381433443529,0.4544461731403473,0.5095347365682024,0.4295867579299539,0.4631415646780823,0.4234811445417321,0.4440648367592068,0.4213086274070186,0.5245875561468658,0.4230925631650706,0.4626022258293787,0.4091011257308459,0.4276105368338214,0.4227265126494082,0.5186656474746485,0.4198898962589759,0.4798702437157551
316188_14_consensus.txt,0.0548969675314268,0.0578584681907941,0.0632070443280099,0.0573694065588092,0.0,0.064696157728008,0.0559068103685334,0.0699917877168516,0.0701774529864742,0.0674527864067755,0.0610634377230354,0.0705851013125347,0.080563639047142,0.0745402938428974,0.0714364379701635,0.0593548871956102,0.0582984428132355,0.0653136694977618,0.4350459229835195,0.4320081102294466,0.4387512942999301,0.4584438472957046,0.4350891891201023,0.4406530285488372,0.4297886190858797,0.4214837043157367,0.4240776557275723,0.4672635145267598,0.4446922543277551,0.440081141987541,0.4410773014423554,0.4273712001579497,0.417035346658146,0.4606891580920305,0.4295632275012266,0.4359297087034335,0.4512167503408797,0.4568605852252467,0.4727831444804558,0.5324768063703118,0.4895455503650865,0.4974654047295743,0.4432311123525885,0.4402342023424666,0.4688976814241528,0.5424359644056373,0.5124192462615795,0.5006455313486278,0.4818243583668682,0.4896494121355914,0.496511277475431,0.5339522348137784,0.5034890773344358,0.4920602600035231,0.285327458997461,0.2817095993920127,0.2756553556695849,0.3021363183577641,0.2968719851677477,0.2859211584698826,0.2852255794797855,0.2830287894307517,0.2765459254932345,0.3090526040939529,0.3033865645896547,0.2924996178133305,0.2835834160392352,0.2826624268240465,0.2785877803481611,0.3078126202215117,0.3000772077273304,0.2897779065763473,0.2970187410113034,0.3345890142784569,0.3171772801635981,0.3176596035141052,0.2996134674210999,0.299046605290286,0.3010976616858158,0.3124786584626449,0.3255286526222996,0.3027248482688982,0.3050109436188144,0.2891581856089615,0.3158693996781494,0.3486236189592873,0.3289809626951658,0.2925179018046364,0.290955976229263,0.2925480601897874,0.2871857524346879,0.2884243882808697,0.2816024804276757,0.2996338044842233,0.2943965501603323,0.2893946344868787,0.2781424530016885,0.2936786626972534,0.2883373586553901,0.2855095187042451,0.3076820429172748,0.4634438989280269,0.3180191870746895,0.2969187387203646,0.3035381091771612,0.2945296357097504,0.2856720544027737,0.3404291150795266,0.3784215987696342,0.3812987880482943,0.3752884919367503,0.3645218630782239,0.385782072460799,0.3904402170511751,0.3673226124660402,0.3808118101407309,0.3714764386581386,0.3754212905985561,0.4008445351388445,0.4163933818296215,0.3832104787320673,0.3938148380138919,0.3777893311049425,0.3664098864053819,0.3886057543013805,0.3974762789569332,0.4079611683672155,0.406120596588611,0.4004983509149546,0.3761277045331894,0.3971489495810587,0.3984700074948506,0.3815702361707487,0.3760978036514011,0.3859843685012336,0.5341009038828908,0.4905877577531754,0.3895233863973359,0.3730724697848337,0.400446177476752,0.4160317065902816,0.395181920476201,0.3961496932493347,0.4023530504413202,0.3355161462774667,0.3523149756765029,0.3615790079625789,0.4868910015680825,0.4334209494578935,0.3918278716834678,0.3535212875020903,0.4013926472445988,0.3747976986556445,0.4416607371404879,0.3824281973235202,0.3545858997751558,0.3150958080590058,0.3468787632687728,0.3347060265953843,0.4854990241903927,0.4313159186521567,0.3791485434974291,0.4492048384527614,0.4527098381105077,0.4715800311158666,0.5357004012982429,0.4374876885819994,0.4821244911505573,0.4347922370214832,0.4518718111597479,0.4286702171445711,0.5517593782970849,0.427708392140925,0.4799717803540773,0.4197286817489001,0.4325359677504892,0.4359041453364689,0.5454059326631118,0.4297970262726167,0.5004987273167636
316188_15_consensus.txt,0.0590051259542718,0.064968939997442,0.0697274603224755,0.0585493854950343,0.064696157728008,0.0,0.0590635703450459,0.0705543762154761,0.0755592834754139,0.0690612076574588,0.0715513463927308,0.0657478652528382,0.0800017642626045,0.0754144973220967,0.0753586133808603,0.0619732389177727,0.0672758654667085,0.0624606683208668,0.4700710248389121,0.4672689790183781,0.4742595077722349,0.4907871818935732,0.4705698515033667,0.4755954968885518,0.4648532955949704,0.4572394039209264,0.4605382192080292,0.4976193899335754,0.4783385505277238,0.4754790183680271,0.475699856258835,0.4618439595545709,0.451579771800084,0.4938471434312852,0.4657979992354661,0.4692379237295938,0.4837887608981113,0.488787392075924,0.5051024192248477,0.5637294480052333,0.5216688782315657,0.5291189489545367,0.4763352475706881,0.4718927328205993,0.5008590350744839,0.5712312629985448,0.5447971053546645,0.5307076201106362,0.513344756013133,0.5206402223647473,0.526570496605963,0.5645767949552507,0.5353149591324353,0.5233922228109442,0.3149501020468541,0.3106429661929368,0.3081888197507538,0.3285011008799046,0.3260890190408823,0.3155140502125064,0.3139035568804793,0.3122506816295676,0.3080254305676106,0.337066895650274,0.3320571483885999,0.3215393852153561,0.3128767832376127,0.3118267551038585,0.3113941481700415,0.3346462321542702,0.329040879194082,0.3203248789907498,0.3301007265764148,0.3680765666633441,0.3507111611056572,0.3505713721942634,0.331679785517835,0.3318842782538489,0.3343996019654724,0.3480058175470013,0.3609453402527194,0.333964563074602,0.336494818778732,0.3216831825723076,0.3479824013663446,0.385928029568845,0.3644851675992875,0.3240674980166886,0.3224206171259673,0.3244583727319607,0.3197261733883785,0.3191749050233419,0.3120489552169943,0.3277062219381648,0.3219675017203016,0.3176489026925893,0.3095901293440626,0.3221598895679953,0.3169214022822046,0.3136749028892325,0.3368120207805418,0.4981405442154667,0.3502635734081067,0.3256916856886676,0.332416164088837,0.3233281310566447,0.3153024205929711,0.3736647902812144,0.4126007732156651,0.4159636402108617,0.4094900510432779,0.401343564738962,0.4206886503795388,0.4251796277443418,0.4033644375615743,0.4160253379942773,0.407104177886616,0.4094241929069753,0.4352416134635675,0.449526971147975,0.418603148513597,0.4276375023103078,0.4119855398963672,0.4024724142084253,0.4243420342342254,0.4322198114507714,0.4345518028718409,0.4289091351251493,0.4256168187618172,0.4024667552546042,0.4216104922835875,0.4242659354256339,0.4080992423993876,0.4039940891708546,0.4117141791068661,0.5648969253164502,0.5196390497837982,0.4152885779501503,0.3977708740685202,0.4237451843569175,0.440708843687549,0.4181795317087129,0.4210305026133483,0.4267475978789719,0.3626970360056489,0.3788656961132517,0.3877763902406883,0.5092443664991926,0.456929749395119,0.4165134752580854,0.3799160322195511,0.4270502379694676,0.4012073347600342,0.4656927499508434,0.4085193987922118,0.3825903441572578,0.3445990641680616,0.3744508644077591,0.3616757107231692,0.5077423517804398,0.4549942387604417,0.4043581340746875,0.4793538525934018,0.4853086935915698,0.5017125237176963,0.5651774065901982,0.4682208667145779,0.5124036573293829,0.4661595084655197,0.4825123684682353,0.4610330911059463,0.581065725396158,0.4597357446591452,0.5119804250726716,0.450171123341029,0.4652869139218438,0.4666613859042776,0.5749842908474818,0.4608560495004994,0.5298604034432657
316188_16_consensus.txt,0.0368050858148336,0.0511346238062131,0.0641759901149434,0.0426149425711841,0.0559068103685334,0.0590635703450459,0.0,0.0584003981204084,0.0665801100962468,0.0503151090333702,0.0566063881099019,0.0633575902342364,0.0499793265759045,0.0595514484866583,0.0656299846089822,0.0455249432846045,0.0565080271210405,0.0576452613849198,0.4214284849753191,0.4159035963669666,0.4272580314149223,0.4304023885922738,0.4183129034592738,0.4255589013022991,0.4179403287751455,0.4057876537416902,0.4130950862379308,0.4324008828427281,0.4221745987638741,0.4208813771781585,0.4237455880765033,0.4077522207942721,0.4027322846224592,0.4324779420288394,0.4136190602672158,0.4190579715758105,0.4223935575693041,0.428476591261937,0.441144830873899,0.49001523622481,0.4536627402268394,0.4617044981700573,0.4160401657703154,0.4117478060928938,0.4377752325268531,0.4965995994795378,0.4739128148654181,0.4606101085542846,0.4482574487047444,0.4554117205907815,0.4579294970854306,0.4913063472386056,0.4662093350136942,0.4572177096282743,0.2699197974795524,0.262023199680236,0.2615935959730251,0.2726521607178007,0.2700456762689818,0.2641232525111263,0.2701081303318062,0.2611118500733909,0.2607659455128228,0.2801662566853196,0.2752233608803323,0.2687886714477656,0.2705929962401328,0.26277212750011,0.2651093677186438,0.2787283319132108,0.272910023706217,0.268064632859172,0.2920570540202298,0.3275419711165597,0.32276238815545,0.2989094834718813,0.2831523678823622,0.2915795399727514,0.2949898683451764,0.3066289955378494,0.3189332462954972,0.2860079304404941,0.2828187327953202,0.2749396062760922,0.3056345824387065,0.3463859137164604,0.3244165782518138,0.275833019563855,0.2732796324929687,0.281591743724185,0.3046128033438258,0.2998954832635867,0.2907037043978278,0.3026313325390646,0.2998893017673048,0.2952984398333171,0.2913178136475665,0.2988887414161674,0.297250341652397,0.295036135977444,0.3293730502036993,0.4986486923787865,0.3494215167811489,0.3130246391138165,0.3242072857650022,0.2998945645858342,0.2945718015839738,0.3674396569925413,0.3749481723948449,0.3761314068060812,0.3712951862735707,0.3641564309447673,0.3794980580487248,0.3810306457132739,0.3652741881883727,0.3740621037381189,0.3659593536524781,0.3750770042747788,0.3927361500184219,0.4068362537224423,0.3793426909424404,0.384540843127084,0.3743760616879648,0.3667166160109865,0.3812228514003806,0.388587809215057,0.3912013204156537,0.3862750259303311,0.3785980100245005,0.3612820174317512,0.3748800965001102,0.3785031437685831,0.3641389782242861,0.3618058737720204,0.3659165829315292,0.5176424635776193,0.4767484484344422,0.3734365830358328,0.3555061686739371,0.3806412034212236,0.3960491706167026,0.3725610429697994,0.3775238476536522,0.3830315503393677,0.3113296945737573,0.3219279564154291,0.331014231423989,0.4334419086756398,0.3894089879264406,0.3547542501748992,0.3272557895307244,0.3648732620939654,0.3420248896194771,0.393268266813223,0.3450183706031247,0.3264518149780109,0.2982575731164445,0.3208011954597687,0.3118066726283182,0.4316004360514576,0.3860054261510051,0.3442403923841155,0.4279360031855432,0.4383882956728904,0.4461980720292615,0.4968542066431141,0.4289960056225474,0.4532981840361749,0.4174474035810789,0.4380322645503725,0.4182855175318991,0.5106615485681871,0.4214451919508413,0.4526002648294884,0.4052072763884595,0.4249628249294019,0.4179790729778965,0.505058277723414,0.4150521033010506,0.4696018529075516
316188_17_consensus.txt,0.0612577623785206,0.0653536144272628,0.0788087585311743,0.0603871231197423,0.0699917877168516,0.0705543762154761,0.0584003981204084,0.0,0.0778193753349079,0.0678821954270638,0.0753848674383235,0.0725609242443212,0.0734137636410388,0.0721789713844707,0.0804520991087862,0.0655935795478086,0.0736393123844934,0.0720526132598706,0.4753469326923607,0.4721348311697255,0.4802002992028917,0.4899083522803806,0.473239605741341,0.4798767843084377,0.4711553249891551,0.4605580860929095,0.4653268329621909,0.4945786455957943,0.4798954078246851,0.4767047494661867,0.4802205826177079,0.4636983346029844,0.4568445652649089,0.4931656042635488,0.4694145294632221,0.4740140962530752,0.4786828981476319,0.4846210698375657,0.4996771165408091,0.5529210425377364,0.5130627170420787,0.5214373243569383,0.4715245632679874,0.4678362141993517,0.4954915855026698,0.5606435918547596,0.5352924858441632,0.5213511481590736,0.5065176049705684,0.5149524191794228,0.5182365477330038,0.554029720250373,0.5272011486724679,0.5162197785798313,0.3170761940436897,0.3117379088498921,0.3111432641693383,0.3258793780821776,0.3225865493215565,0.3149740656104782,0.3164888802387402,0.3118056808443015,0.309968454801151,0.3336535483270673,0.3284377327728336,0.3206486846701963,0.3161669469694672,0.3121971127671763,0.3137448622204388,0.3309626267369836,0.3268980119450653,0.3196015504283416,0.3351071990101033,0.3732009837540886,0.3607615657788905,0.3496233167801073,0.3324853699641927,0.3352450835142804,0.3366174812749243,0.3496131697719136,0.3620636451865167,0.3344551269235118,0.3326539043320125,0.3220396540720429,0.3519089606452183,0.3883053326666328,0.3656811254098606,0.3229226311302469,0.3204315816011807,0.3275407895520636,0.3279749918328569,0.3262772306156485,0.3179280759584486,0.332494167484878,0.3274245768214712,0.3232089808455889,0.3172047756848322,0.3275564358781366,0.3252841573572169,0.3220910466498914,0.3491297535937754,0.5137755856707571,0.3663212504021267,0.3360410482917757,0.3451367761989168,0.3292864742881534,0.3220876324680262,0.3851116608805611,0.4170111386308974,0.4177501089929869,0.4115316011883756,0.4041697133006039,0.4222373514907502,0.4254940690903801,0.4062096784174329,0.4172685995382679,0.4069382425710515,0.4143782975772225,0.4363159230427875,0.4509114081719119,0.4215674134224159,0.429168948097093,0.4157103546985361,0.4047111363726756,0.4251584456953843,0.4331992195965526,0.4411988905310267,0.4392633181043521,0.4306069219336166,0.4126828327273095,0.428083181476822,0.4305923174067025,0.4173708614250273,0.4133423495512076,0.4197649194356501,0.5704431756374859,0.5271303287042386,0.4260542754527527,0.4087425116043945,0.4327721882077853,0.449422865702374,0.4256108937500578,0.430579003037888,0.4364517121944118,0.3634087484119774,0.3765061778785359,0.3853924425323143,0.4988669586981942,0.449905861498749,0.4114041272871382,0.3782031907320444,0.4223972539820551,0.3972598698421095,0.4579716138113845,0.4050086461376558,0.3814210987073139,0.3471939207549575,0.3750880812409747,0.3633566089439348,0.496944055004846,0.4477227694774157,0.4008014685023227,0.4848234642536191,0.4918765728045962,0.5054550771545117,0.5621222788712146,0.4779963201763095,0.5147902837312444,0.4736079089822027,0.4897317531627863,0.4697971091985593,0.5776352244037213,0.4704145316637209,0.5130418316818535,0.4588253983235546,0.4743329295339293,0.4728410620799508,0.5715431571491933,0.4697358874465465,0.5305095113302087
316188_18_consensus.txt,0.0695648028231339,0.0694644526164154,0.0733432643470664,0.0666844014847178,0.0701774529864742,0.0755592834754139,0.0665801100962468,0.0778193753349079,0.0,0.0768233049356865,0.073994296311632,0.0808015597856908,0.0855075957330413,0.0836081326022188,0.0776346541035799,0.0699981670689133,0.0746796588513269,0.076823435784604,0.4438118366616024,0.441062395126707,0.4466202529483816,0.46592464617936,0.4431310323018138,0.4501214011734902,0.4376815795636304,0.430563954504052,0.4321133654512117,0.4730722832558456,0.4527142615456689,0.4477473678987138,0.4492192830855757,0.4354170484758519,0.4250553765140239,0.4675991079734984,0.4393462444829943,0.4446954089156278,0.4601003395934384,0.4667113374147682,0.4826137423716226,0.5403322841444158,0.497563629994417,0.5057934794851384,0.451562393455184,0.4495791853855415,0.4779808833773202,0.54855675284319,0.5195690738071121,0.5073797076257236,0.4895902633170159,0.4970619728160059,0.5043286252026888,0.5410870263790102,0.5107799381503284,0.5013278810354684,0.2962520293527007,0.2922006643465948,0.2892638436872303,0.3127303035570747,0.3078730247153807,0.2980456873323618,0.2959848163936698,0.2950396009107834,0.2897984490280905,0.3187810029974471,0.3138385720508481,0.30290392237643,0.2945618036085911,0.2939309342853065,0.2918036324771051,0.318222513713458,0.3114413384012451,0.302975488092553,0.3103449103284212,0.3495352728686391,0.3315091483338115,0.3298649132471851,0.3124818410940833,0.31129031690363,0.3143652683950435,0.3269417746313614,0.3367982962688387,0.3172615024518173,0.3164443250816937,0.3024215496444,0.3297725211763875,0.3596416228315142,0.3393729266674654,0.3053054999361677,0.3036165967266626,0.3063717419137148,0.3049351992690781,0.3069466560081864,0.2992014375703533,0.3165773256535189,0.3121780797399296,0.3065646067584531,0.2973305721766728,0.3112121480078613,0.3056442702897257,0.3038637159231747,0.3279607655223771,0.4866288311689324,0.3404580559745369,0.3165928488715934,0.3229682660404762,0.3121185918536717,0.3020467603064176,0.3571989302703713,0.399081360170836,0.4007369629081196,0.3946487765427982,0.3847814494175807,0.4046427733373647,0.4088978058765917,0.3873932663631123,0.399579758905439,0.3884337179869632,0.3942543700833525,0.4200015855918728,0.4348915563469724,0.4033153154206559,0.4124073732478948,0.3980541022994117,0.3865364708826568,0.407539302888658,0.4166467852111317,0.4244851502140392,0.4208354935679388,0.4125228197140487,0.3918674158069031,0.410497209025408,0.4123960483044726,0.3974986695595888,0.3928496492528666,0.3989497221662788,0.5519959885020747,0.5069948834578497,0.4059697536324123,0.3908514500978484,0.4162634773598554,0.4290909433776271,0.4082413378196712,0.4137679771039551,0.4195077764354167,0.3492977959991101,0.3650318451256957,0.3733918565824652,0.4962055353628827,0.4445337914103433,0.4024033152607309,0.3647174462121612,0.4130301637581226,0.3856709008185959,0.4518148396671364,0.3957295212005292,0.3694237045903499,0.3303841812771892,0.3621457965888233,0.3490508318261156,0.494448142356461,0.4414654537325404,0.3908449361574568,0.467511048094984,0.4733352586822192,0.4885389079580946,0.5508686146063226,0.4535333674244839,0.4989138717070389,0.450747158136231,0.4697197520995146,0.4487369118511566,0.5658812503364565,0.443508434284201,0.4966634376300796,0.4364231809945913,0.4527723225864122,0.4523029881982019,0.559740661967183,0.447572353709436,0.5156562523422892
316188_1_consensus.txt,0.0540229909407194,0.0608174150119431,0.0742044908752141,0.049499170551023,0.0674527864067755,0.0690612076574588,0.0503151090333702,0.0678821954270638,0.0768233049356865,0.0,0.0667106232044538,0.072749321361595,0.0660408626541375,0.0727121128283947,0.0784841706796761,0.053633957553675,0.0675258456612297,0.068940948284407,0.4529398185558158,0.4479551412426232,0.4588768369969358,0.4638453807427858,0.4499503290960298,0.4572474982760646,0.4493532803893103,0.4377164610086304,0.4445886640189513,0.4662417487942747,0.4553228898565322,0.4534226940903494,0.4564881001482135,0.4393667969242685,0.4335446400323661,0.4662867275824744,0.4458300016449605,0.4505018987542044,0.4490997297947885,0.4541494879472729,0.4678726421120061,0.5177681281462689,0.4812777199883697,0.4894758663330947,0.4415281113383535,0.4377176264243552,0.4637068450970218,0.5259017153374685,0.5009942513018828,0.488715575792412,0.4756123280094648,0.4816858623170681,0.4850676489530379,0.5192943943288739,0.4944002632095845,0.4842899216301823,0.2957966280242878,0.2892570746504148,0.2884055887640464,0.3005760921982201,0.2984430918479077,0.2919740079065747,0.2955220116610277,0.2884347975355723,0.2881509745882873,0.3092953008379524,0.304554885335655,0.2971884077536977,0.2958290066177937,0.2901732816886131,0.2913720680798732,0.3069136703601671,0.3022514177013065,0.2965306874931634,0.3165910219330854,0.3543576354021844,0.3465042772512596,0.328752529209801,0.3112213641620549,0.3171385944150415,0.3206283216705117,0.3327778298193173,0.3435408755697935,0.312819042169103,0.3108337936266636,0.3016276111547995,0.3334453617668131,0.371129551586268,0.3492109179829867,0.301547604216978,0.2992752000422278,0.3070984137522572,0.3154401415328856,0.3098691899336359,0.3020871941066723,0.3142623825194377,0.3098600845100776,0.3067476045429274,0.3019184065979559,0.3104395237345621,0.3076686152072376,0.3057559347063403,0.3358551680982522,0.4993949112585234,0.3539841725744921,0.3217146874571313,0.3312610873199375,0.3104180482240828,0.3059132012329115,0.3737344518955652,0.3960606672012901,0.3971639426019102,0.3923687371030198,0.3849756796126939,0.4016082299802654,0.4028937314904581,0.3864350591827339,0.3957091719224834,0.3868195096798956,0.395049652426767,0.4139695361623197,0.4286506771971297,0.3998884059870242,0.4057990129429143,0.395987053473064,0.3874535490711359,0.4030190070388997,0.4100215973887984,0.4129770984807699,0.412149031403878,0.4036601762319591,0.385481877449596,0.3999789553407318,0.4035299265119541,0.3884512751333773,0.3850992749074109,0.3923814387230706,0.5401179893769807,0.4953852941318182,0.3984580432742675,0.3801062795588805,0.4061190504492984,0.4224888942921225,0.3987035155642573,0.4027488669096115,0.4063462166960718,0.3390227440986741,0.350411908808546,0.3596939062669726,0.4675166898750902,0.4198292589268,0.3841226402186386,0.3550232340441397,0.3948416317893404,0.3717524096603029,0.425657561184984,0.3752576847790578,0.3545725722745061,0.3232373205875767,0.3490120930005709,0.3380682884550623,0.4651666789885098,0.4177977602478542,0.3732167803276773,0.4583569092794732,0.4660346320189319,0.4782539976981113,0.5322075240507367,0.455327736327721,0.4876526242359773,0.4475644828637826,0.4675078472089211,0.4458575163079992,0.5468562385106921,0.4457548209277995,0.4859915746545056,0.4333761810143812,0.4521861119257906,0.4474453820184152,0.5407360909761181,0.4435656963190979,0.5022430252357601
316188_2_consensus.txt,0.0574380311331452,0.0618849490077089,0.0696992936675755,0.0583563926002312,0.0610634377230354,0.0715513463927308,0.0566063881099019,0.0753848674383235,0.073994296311632,0.0667106232044538,0.0,0.0756804193714444,0.0714950654544708,0.0732725952947319,0.0716248390475797,0.0607728526557664,0.064594380075782,0.0702758981729374,0.427621744468766,0.4240877960725449,0.4318506348196251,0.4453802517625931,0.426598039156012,0.4324910572815135,0.4223081750476218,0.4130871566261263,0.4170900551250369,0.4512952344561256,0.4337355567337404,0.4300250436808213,0.4315289300456939,0.4181989297953237,0.4093930176670248,0.4475776332525498,0.421803214026724,0.4270659679357926,0.4391392264991083,0.4455015397145558,0.4597399898184093,0.5141440949212921,0.4739337179315654,0.4832995423349473,0.4306885701979759,0.4274881590661792,0.4556648293321075,0.5214064867368684,0.495226595722265,0.4830847257299595,0.4666981847872833,0.4750207719106782,0.4794445746510263,0.5161154383688391,0.4868476478611612,0.4768810060123805,0.2822692019340209,0.2765499020913537,0.2749553561766369,0.2931226492800576,0.289565332930799,0.2807656488408376,0.2814972722832678,0.2767131309438611,0.273530622357967,0.2994761861941342,0.2945343030263494,0.2846758875302946,0.2814422768539479,0.2781582737481329,0.2777106338652544,0.2984784667642692,0.2919296521495695,0.2846134584198658,0.2955693614467023,0.3331584452771849,0.3219679271968836,0.3102004491569978,0.2925510202601771,0.295920241982806,0.2989612870220988,0.3109124712458673,0.3217927362311243,0.2970397689399284,0.2955030231683189,0.2847266207261256,0.3104029841141127,0.3466448782504905,0.3284725426774102,0.2858770536208084,0.2846516541308048,0.287662802166011,0.3032907897166303,0.3044315088751759,0.2940903446846121,0.3125165353077079,0.308415297255955,0.302780333924332,0.2941321919710695,0.3065703222897795,0.3033387919077484,0.300306791244548,0.3304862765696441,0.4957029977290439,0.3459075058924554,0.3167287585409752,0.325186417024927,0.3081913588241853,0.2989677493250049,0.3633745690442147,0.3871668757689832,0.3894522350726532,0.3824691497409347,0.3737138546893845,0.3922580044981387,0.395740596545167,0.3763523326929032,0.3878849924996217,0.3774133090129439,0.3853079589957708,0.4075478932650966,0.4215359870514206,0.3920641319197102,0.3992796039839099,0.3870825723663351,0.3762949845219694,0.3951057936357998,0.4030587274924464,0.4086360858602198,0.4013778869053759,0.3938436580361397,0.3756056890325716,0.3922243952270925,0.3942567779003632,0.3808500242255093,0.376765795803287,0.3805793425185229,0.5368801240251635,0.4907306466694123,0.3881962077416929,0.3717129634652494,0.395426494394389,0.410256679098552,0.3891388668287021,0.3935812264393235,0.3995255847598002,0.3291687980556688,0.3440395790662336,0.3520228482989651,0.4661102208237722,0.4177990660811659,0.378986568009612,0.3455734975440805,0.3881434095118052,0.363574930339265,0.4244168358072073,0.3718728358147807,0.3481628601758331,0.3135283584950912,0.3402331790896191,0.3296253433122658,0.4647094256223916,0.4160038389267733,0.3681747390853758,0.4456218070526816,0.4527016971727349,0.4646022568635928,0.5244214729349963,0.4397240930754016,0.4755461874255289,0.4325786300859526,0.451501985078611,0.4296281389703829,0.5381522485341321,0.4321203905636075,0.4736843293468098,0.4175459701596153,0.4355820598246396,0.435160508725513,0.5323601719682074,0.4302563109032569,0.4915935687548938
316188_3_consensus.txt,0.0641727483957481,0.0691286268586601,0.0779136315236002,0.0621474163206556,0.0705851013125347,0.0657478652528382,0.0633575902342364,0.0725609242443212,0.0808015597856908,0.072749321361595,0.0756804193714444,0.0,0.0813626174026502,0.08175254840312,0.0824423751455185,0.0670969254179603,0.072604845655853,0.0696867875730689,0.4841042176684489,0.4796507467906963,0.4889531125124335,0.5009041768694082,0.4824973323799355,0.4889821011015343,0.4796756740732419,0.4698399944791518,0.4741110904083285,0.5060575145742483,0.489185705843699,0.4863509422944645,0.489133089542932,0.4732074439841014,0.4644833738352325,0.5041863057180862,0.4786724950826553,0.4818075946990987,0.491660555284497,0.4971570812251258,0.5131439150014359,0.5695584427355769,0.5278879728721932,0.5367828422455041,0.483323556473664,0.4796021886836072,0.5084840747756161,0.5784559029166942,0.5509291951982647,0.537221943501013,0.5213031615498913,0.5274640907837806,0.5337524830426652,0.5706994549044566,0.5413085944462246,0.530876920717688,0.3211308943450248,0.3164029784280373,0.3138236472463696,0.3323637768174556,0.3297476015047991,0.3214069579339984,0.320918334504686,0.3177866131611395,0.3143042254026156,0.3411233793146309,0.3361135742562808,0.3277177093436734,0.3196940440356606,0.3170321678404342,0.3169555103743988,0.3382846927022918,0.3342532108119158,0.3263746843213795,0.3388278379304594,0.3756625275993421,0.3613479143233711,0.3549113929361986,0.3384677653331778,0.339814471883713,0.3421533349254915,0.3541215805244384,0.3661037203292352,0.3413319242331489,0.341103575720254,0.3277353796610747,0.3563422732292913,0.3915854448095004,0.3709166950423288,0.3292043043710748,0.3271660480361831,0.3317614369519752,0.3247325963468448,0.3218787180431093,0.3152817377381609,0.329731942312172,0.3255934010585513,0.3205958311441179,0.3145262471877608,0.3248997936917668,0.3216195576116156,0.3186746759628782,0.3420046228943505,0.5008565669260747,0.3556041753382502,0.3313723566518511,0.3377387858753948,0.3257217218266781,0.3194200287843252,0.3762128714968149,0.4207549920266409,0.4220859789283011,0.416622563282317,0.4080742329418143,0.4273247527392954,0.4300976874112123,0.4103025971078509,0.421696049464991,0.4135625633009887,0.4176434470563173,0.4408574526983742,0.4555176931903091,0.4246829326250889,0.4328052841752452,0.4196268643103593,0.4102106723649257,0.4294624233166715,0.4374916734813041,0.445494211124295,0.4448138929192957,0.4381804790423835,0.4180552480338377,0.4361967026681199,0.438302553074287,0.4228436457066422,0.4175366212272031,0.4259732155997007,0.5738276704655121,0.5342855852441701,0.4321431251496079,0.4122211411143794,0.4397503794082844,0.4568461430982609,0.4330229165775066,0.4362151460383927,0.4423765578603138,0.3688251871231287,0.3827142471521441,0.3928044972995828,0.5112168672219326,0.4599401888542829,0.4206129186532834,0.3866499011924098,0.4322990058959028,0.4057586508777504,0.4685926385315113,0.4138305047209769,0.3876772608047858,0.3513876059483003,0.3808420190334125,0.3688471865738734,0.5098548608258575,0.4580113178263936,0.4085031695714534,0.4895939955788506,0.4948587916261679,0.5105811644054334,0.5712517515039437,0.4783159554893359,0.5204341508350687,0.4774832659455335,0.4927385570748903,0.4713382119548654,0.586840346688291,0.4700612515871825,0.519761690113846,0.4611632089027679,0.4777120929203491,0.4769773990354338,0.5798364410458561,0.4708121832995786,0.5387612504475499
316188_4_consensus.txt,0.0559205853793258,0.0731658598560827,0.0883070430513797,0.0586054468306684,0.080563639047142,0.0800017642626045,0.0499793265759045,0.0734137636410388,0.0855075957330413,0.0660408626541375,0.0714950654544708,0.0813626174026502,0.0,0.0614469005200177,0.0751984325428587,0.0649133262642962,0.079622426627445,0.0740077427593988,0.441730016609462,0.4381437043622505,0.4481672056265111,0.447274934436539,0.4403186971468749,0.4437269606275933,0.4407965690618134,0.4282457702855176,0.4347401688088439,0.4435435959541465,0.4400372817094151,0.4395946375443742,0.4434704153154563,0.4288953991855635,0.4253348085994375,0.449490100143791,0.4368769544740587,0.438802226793701,0.447300166367814,0.451683238436928,0.4631699498424666,0.5049855003579324,0.4723635955224807,0.4808241069919319,0.4399386892807833,0.4335429411901756,0.4580013865215875,0.5077728379773205,0.491898201354207,0.4762619461574324,0.4682779954929792,0.4745330521127222,0.4742884686777913,0.5071015140775224,0.4844813690510996,0.4756460500775326,0.307078542942822,0.2984498375991684,0.3055349762093549,0.3050900334734514,0.3033009166478777,0.2997627900456976,0.3089027341347794,0.2935621127199646,0.2978218097242902,0.3106556630810395,0.304770768235084,0.2998080446827842,0.309990848935918,0.298862720164788,0.3093590487041169,0.3099351536838703,0.30669815849269,0.303013703824277,0.3235112848968775,0.3531404638139612,0.3637302031035148,0.3228278778569624,0.3102796100258871,0.3218392532776839,0.3258498732186474,0.3405866901615688,0.3486180784954484,0.3149738285086023,0.3057023196748503,0.3061052160102733,0.3295686005843308,0.3841075489511745,0.3560068591000558,0.3069784712808214,0.3023989148661528,0.3115620036674507,0.3704948525101343,0.3675487630597409,0.3512519859129313,0.3670591100310503,0.36385774964128,0.3587666980787425,0.3558292477500835,0.3623372126045225,0.3638348502974402,0.3596468311118244,0.407522374418459,0.5973255969255256,0.4333398372036967,0.3840081360826559,0.4012328717500324,0.3670574958724373,0.35994677037203,0.4423357151009384,0.4222944705409013,0.4223344002957816,0.4140271313029409,0.4116371975229143,0.4263032078357938,0.4244328859504733,0.4111668908767534,0.4178706446996223,0.4080712483195583,0.4231048908395571,0.4378707486585433,0.4512365769467372,0.4281964266995288,0.428601110453215,0.4243295961863467,0.4139903524060209,0.4263825532141219,0.4307493846622066,0.4287375059616281,0.4072869312768219,0.3991138761001949,0.3954609427512068,0.400312500621574,0.4042816540948308,0.4000869133818945,0.3990817260247929,0.3902234748813207,0.560109921047907,0.5147259483550215,0.4021932662697374,0.3876211673704155,0.4020532769699905,0.4159607764297135,0.3944804953053342,0.4071288059843212,0.4106563442958446,0.3397871439503142,0.3482643815595097,0.3552726638099202,0.4368245867500597,0.4016651781098304,0.372927970813059,0.3525995760548106,0.3805680827224691,0.3610571898296157,0.4064917207098197,0.3677821355978956,0.3548799870608228,0.3345813215994795,0.3484628767602054,0.3408273949122531,0.4357196139311909,0.398728641489086,0.3666746485401475,0.4634579507757337,0.4789928080439622,0.4796068431562297,0.5225182173443059,0.4752520877800279,0.485790365556582,0.4567927841628822,0.4802970977446534,0.4602623597224351,0.5339813235148121,0.4663594249310989,0.4841838408716654,0.4450361108074894,0.4683317368412147,0.4552343351776464,0.5316106068851809,0.4577959596501486,0.4990605602999132
316188_5_consensus.txt,0.0639143681420684,0.0689508966692038,0.083599986332036,0.0641619209046844,0.0745402938428974,0.0754144973220967,0.0595514484866583,0.0721789713844707,0.0836081326022188,0.0727121128283947,0.0732725952947319,0.08175254840312,0.0614469005200177,0.0,0.0709789434112657,0.0665157540879519,0.0779708094729443,0.0755262782537968,0.4523324357592031,0.4507274277330602,0.4575779357979286,0.4684356905163689,0.4531047429187858,0.4555809240282791,0.4491610896818407,0.4412306221953201,0.443167765062288,0.4692191167674302,0.4564487352895234,0.4550284242391029,0.4556254960833463,0.4436638840545335,0.4364261382752872,0.4718355182041769,0.4494750191209782,0.4508832402626233,0.4701545518124845,0.4749037714212107,0.4873164346961616,0.539039991264314,0.5013461468439644,0.5088341906156231,0.4622231033180384,0.4564184041396864,0.482385783412063,0.543718978815086,0.5219709325837272,0.5063998264374305,0.4942014392511602,0.5011889231806386,0.5033100469293927,0.5400286264100735,0.5136915015406629,0.5030770483764471,0.3182943332790096,0.3121876852507519,0.3174490688640432,0.3264791828854783,0.3234712153367773,0.3160971728173685,0.3196321671735163,0.3084909431943501,0.3110578668969843,0.331597439081829,0.3257793176456687,0.3165187217298069,0.319722043052117,0.3131238435879808,0.3210794118764681,0.3318720637893158,0.3265503194182741,0.3197790191166447,0.3255851582454667,0.3580505984213751,0.3577542233517015,0.3370147063894748,0.3213353204482949,0.3277037523060961,0.3306040245991539,0.343678851213312,0.3554074445570769,0.3264342969452585,0.3226710843453411,0.3155767664794098,0.334219147652675,0.3858151779477623,0.3597006060339538,0.3198634441346044,0.3156511866332536,0.3168631275798503,0.3569357388608978,0.3605150870704712,0.3448215557159102,0.3656137574605402,0.3608552005931216,0.3542541287219123,0.3474394474630742,0.3586837317878633,0.3583522817261624,0.3511247743689623,0.3920166068034767,0.5738711001225987,0.4086737212812821,0.3717036066373644,0.3847857036542059,0.3643052126969515,0.3547447080578934,0.4226099045681302,0.4267401673929214,0.4287184982211833,0.418504556873966,0.4145806365632722,0.4326685161903327,0.433786432170578,0.4161210061735154,0.426669311177406,0.413938521584253,0.4257576332732817,0.4468188101003534,0.4607863793798579,0.4335737919310425,0.4384100095242011,0.4297387698312391,0.4158993252312939,0.434745905381547,0.4401786767211,0.4429436874113577,0.416012662480167,0.4110237010889577,0.4032870386252973,0.4136747044348929,0.4161192146942873,0.4109010535158219,0.4083858515611993,0.4003588315668906,0.5742435965568902,0.5234181015893213,0.4091185052721435,0.3969481891464603,0.4123022240598004,0.4260276649342316,0.4063603167020204,0.4144996452066678,0.4191624681194419,0.3554788579935319,0.3682798169115315,0.3749731748091385,0.4718058297201217,0.4301216949599897,0.3968975513535717,0.3685419641436702,0.4037451087487653,0.3810110502694783,0.43824950899387,0.3921813773047908,0.3730297666998368,0.3442367546381497,0.3655660113166803,0.3553535963180216,0.4712946476745578,0.4285596209968574,0.3896002360885404,0.4749545720545853,0.4869458583717296,0.4940731066465922,0.5462027406953389,0.4791481777022817,0.502324898651775,0.4634407757097207,0.4848520841103934,0.4634306507992853,0.5599649472458026,0.469471983932717,0.500606200262645,0.4502262663388947,0.4698266088216734,0.4637949598603725,0.5560849555375178,0.4627064194002592,0.5161827644952801
316188_6_consensus.txt,0.0672638512339958,0.0735310254525529,0.0736144129356937,0.0665379520887299,0.0714364379701635,0.0753586133808603,0.0656299846089822,0.0804520991087862,0.0776346541035799,0.0784841706796761,0.0716248390475797,0.0824423751455185,0.0751984325428587,0.0709789434112657,0.0,0.0678327329868011,0.0732600300270789,0.0763734402392906,0.4305654275575001,0.4315112793348703,0.4349399011624442,0.4570088755822183,0.4346399732597668,0.4358590961551698,0.4262037590717575,0.4208968150856371,0.4206598445782425,0.4623474499311228,0.4417536518084262,0.4368497627333276,0.436352976299915,0.4257019382826854,0.4152290933523943,0.4598395148192225,0.4295793627545166,0.4332219216503326,0.4613918550138258,0.4665359333221843,0.4825891581379302,0.5394823425445381,0.4977639223613721,0.5054040840803182,0.4525256212528923,0.449309157998023,0.4760957830779695,0.5459082638323522,0.52030907896809,0.5050518882748314,0.4888217843452551,0.4960990048340008,0.5016507991697843,0.5411322268406984,0.5099422795736288,0.4987900656960597,0.3015925753772563,0.2992233855631419,0.3011870456466781,0.3203841154836482,0.3148369215928959,0.3047636018416071,0.3019802933562445,0.2974706619023912,0.2946001904983752,0.324912033803745,0.3185706707388647,0.3065701586826606,0.3009633280595274,0.2998380109577709,0.3032341123673667,0.3254731960389136,0.3182515819284397,0.3087157151737045,0.3024453082972158,0.3374118892905962,0.3307191330026278,0.3237584935168733,0.3068042854611938,0.3062773670267269,0.3075964062622205,0.3219159086050815,0.3317442384755189,0.3119375570639526,0.3110535209835348,0.3002595657120821,0.3149359483911738,0.3611319052636332,0.3372508204523505,0.3044937598808666,0.3017085387504501,0.2997604912123606,0.3246027063273473,0.3308465310185724,0.3159916835470575,0.3401321475440824,0.3354875617850545,0.3279679143518805,0.3175750386812837,0.3331346961617498,0.3300825980849353,0.3218895845169847,0.3555762392802641,0.5312242985043625,0.365586722299021,0.3390533366610597,0.3489577485613893,0.3386200803011405,0.3250013099957272,0.385549994262778,0.406433271245902,0.4100304040258002,0.3983008528390286,0.3925508512601112,0.4134163661764845,0.4164862253207531,0.3942144236355034,0.4072822944242418,0.3941633821897667,0.4021186282631745,0.428738917482498,0.444140508418716,0.4133125213853788,0.4220212643402838,0.4088781471758587,0.3919031372913153,0.4158662331298615,0.4235388370713657,0.4288370111915114,0.4044590334859741,0.3983212503510316,0.3859075280707387,0.4019637223277073,0.4029876505924008,0.3959205110005221,0.3903924126920621,0.3863619702899967,0.5577519616311122,0.5075966340082942,0.3929457742734712,0.3833361849470194,0.3982129682635325,0.4125484290574661,0.3936392350791315,0.3986319264712499,0.405343006395924,0.3446347923420809,0.3626112276176236,0.3684158868484104,0.4812530976091409,0.4341650229256402,0.3943216284941755,0.3586679792121359,0.400903195494287,0.3754713618741476,0.4437178181138392,0.3908680341317634,0.3655036453347797,0.3299742544996107,0.3561587700455106,0.3439362252014781,0.4793668322511983,0.4310989192011547,0.3849695642440665,0.4636339441872437,0.4715300322679496,0.4846183098717134,0.5456664023879476,0.4587358534730441,0.4938319317604538,0.4492268680861606,0.4663979430523142,0.444998220888138,0.560882377248813,0.4482887459141551,0.4927408718257524,0.4350363916179027,0.4509793957485044,0.4507175690897327,0.5575841202891638,0.4479046621409601,0.5123367824675782
316188_7_consensus.txt,0.0463899870076645,0.0556288089367527,0.0654273778542773,0.0449239793341931,0.0593548871956102,0.0619732389177727,0.0455249432846045,0.0655935795478086,0.0699981670689133,0.053633957553675,0.0607728526557664,0.0670969254179603,0.0649133262642962,0.0665157540879519,0.0678327329868011,0.0,0.057502596430087,0.0617933756606134,0.4191122135049916,0.4167308153380311,0.4254922186635816,0.4377750158386959,0.4192166476292343,0.4253058509086074,0.4159182117327411,0.4081341883450804,0.4122331444194991,0.4420136163315433,0.4258064723510841,0.4227409559682513,0.4241434007318219,0.4099712945501004,0.4020641088006051,0.4401227647471941,0.414914303966448,0.4181992233559057,0.4313932989440872,0.4362252647962812,0.4516504221358097,0.5040307159056958,0.4659250362657161,0.4737888830782779,0.4235446783009742,0.4201913147009399,0.4479437370278596,0.5113606114607947,0.485842360579273,0.4731891347410411,0.4582042284910628,0.4653450434465185,0.4695490970334148,0.5059179659362698,0.4787375600763113,0.4683681736526282,0.2730782176875301,0.2690019257787526,0.26773687763027,0.2827240072010291,0.2813705893965732,0.2722493391924665,0.2732158268207314,0.2687383275494959,0.2671302498103571,0.2911398908572238,0.2867179164724653,0.277942464788623,0.2720961858107245,0.2700582075735411,0.2704451884681731,0.288436754700843,0.2840451469508274,0.2773680317171774,0.2856062605006002,0.3231011853654451,0.3123353306839007,0.2985264270335257,0.2818786737980723,0.286399269142187,0.2892646516510879,0.3049047215974667,0.3176322842831141,0.2850258509554138,0.2860719517228709,0.2739047374955952,0.3016468309706468,0.3433846709565884,0.3209975351655352,0.2748612963963381,0.272607357644496,0.2771860487670317,0.2893990924140794,0.2860803551106841,0.278698192714085,0.293722665950419,0.2886905807558655,0.2847546745964351,0.2776616126035804,0.2887230375402723,0.2854313542017408,0.2813119261447241,0.3099594694003009,0.4737459277604472,0.3253373295655777,0.2973841032814768,0.3057677077523735,0.290029506482405,0.2834046179457985,0.3488336751287733,0.3691787634951922,0.3697051889195144,0.3643817967693188,0.3574742261449231,0.3759669356211859,0.3776446269759468,0.3584077590619436,0.3704039635638452,0.3609192467298108,0.365479060775435,0.3875908118320943,0.4016620751900639,0.3733731093952137,0.3801117690336113,0.3674263809932263,0.358769296345919,0.3775884896678967,0.384601978468531,0.3909533182760505,0.3817253534593696,0.3792134085757368,0.3580562168957328,0.3769820392677587,0.3794189071688798,0.3650614884705412,0.3619057899418152,0.3659528031428678,0.5188907732773593,0.4764763159047831,0.3690031712028485,0.3517655936055952,0.3765240036495925,0.3954285993350943,0.3701559940698118,0.3727676485494413,0.3792633889362697,0.3144725715771912,0.3269828594614274,0.3363033986956445,0.4468045939995306,0.3995665558984953,0.3618675640751903,0.3305423315731559,0.3722643814415143,0.3480189272109264,0.404984843801536,0.3524728832715986,0.3308304151913503,0.2966889087423467,0.3228654679220888,0.3120347330159561,0.4462237368002633,0.3974370026670293,0.3511043065042223,0.4301045656353679,0.4368463841763663,0.4489168637672627,0.5060610882727055,0.4261690923623149,0.459107965606421,0.4167902739875089,0.4356529493929351,0.4139355111891625,0.5230202986344885,0.4154142100180458,0.4568523778302022,0.4022689915966424,0.419298263911994,0.4174716604014818,0.5172099479465899,0.4138025466822626,0.4751452816004331
316188_8_consensus.txt,0.0553227035599555,0.0616087539148502,0.0679456709161669,0.0589343281665506,0.0582984428132355,0.0672758654667085,0.0565080271210405,0.0736393123844934,0.0746796588513269,0.0675258456612297,0.064594380075782,0.072604845655853,0.079622426627445,0.0779708094729443,0.0732600300270789,0.057502596430087,0.0,0.0690971589453326,0.4335322765792355,0.4304922693550956,0.4378449295298452,0.4563506493531868,0.433165243740472,0.439915397648722,0.4288785907353869,0.4214629544403969,0.42520551434378,0.4638475344482593,0.4412790039665459,0.437755103946408,0.4391759073002106,0.4269228467008794,0.4153872389370932,0.4592555686810406,0.4287256986655166,0.4331671547745159,0.453014506623834,0.4592804189918453,0.4748127012647565,0.5323227398280501,0.491582721757414,0.4981400385115755,0.445768404274915,0.442452220281865,0.4709988224579895,0.5422806558482804,0.5134975249498375,0.5006126564705902,0.4827041863591681,0.4899409472098917,0.4965209104572423,0.5352181111446477,0.5052660814235814,0.4929676117649322,0.2858811819803293,0.2824787696527728,0.2784880284122764,0.3018681984109079,0.2972880604042593,0.2871110467110398,0.2863191510953982,0.2842886639030126,0.2789170583508458,0.3092025211973777,0.30299057679429,0.2937158929828314,0.284898743501742,0.2830651155935015,0.2807608213446357,0.3081362971276178,0.2992748562398404,0.2913385537179707,0.298693715888124,0.3378899226101168,0.3230983498733693,0.3178174573117651,0.299807780809207,0.3001804842226825,0.3029361943103446,0.3165774683546019,0.3280979704653752,0.3023221430179461,0.3045240017199759,0.2894479170194515,0.316222390648381,0.3527194421655863,0.3305814313647772,0.2926182453542623,0.2905256214108078,0.2919262292835292,0.2941580547695714,0.2936779259401731,0.2876084655454214,0.3026506206184578,0.2979035478969294,0.2934254279022354,0.2847087738310847,0.2980800257314939,0.2933343723408654,0.2896939050376517,0.3120605612418323,0.4724483767164713,0.3249028145748234,0.3023593013005197,0.3092400300934983,0.2991803971109803,0.2901109040274576,0.3483390354003077,0.3807576774112213,0.3820831771580479,0.3763832117942236,0.3676294860206965,0.3882436921394401,0.3912631158751374,0.3697236471347764,0.3829236045601654,0.3743575989288388,0.3771243090700906,0.4012632169991974,0.4165084702449206,0.3854049240925903,0.3941451395014681,0.3799762763626617,0.3697304909839936,0.3894135916594408,0.3990754159694205,0.4006735512579631,0.397372999503883,0.3943327177561109,0.3704708624910715,0.3912674778824154,0.3922244765590328,0.3759890295964503,0.371679251542055,0.3808415047933842,0.5334804060963876,0.4891217660678357,0.3818817775113672,0.3650356461434754,0.3909399751448887,0.4097147507333147,0.3869137593045302,0.3867010055561231,0.3924199571072932,0.3347339489276493,0.349665401763783,0.3592059417861009,0.4797060736315117,0.4274314823381822,0.3865721910371889,0.3515540276219937,0.3972044869031421,0.3705605486985526,0.4354989875127053,0.3781748435712444,0.3517280115744086,0.3142256125101212,0.3439633454323463,0.3316549984359191,0.4784706668132585,0.4255157096358601,0.3755111954218222,0.4501400161493372,0.4560822699600066,0.4710977505099336,0.5332576443234771,0.4398787496167031,0.4817220139994056,0.4362388406161592,0.4550123796552867,0.4315067680470648,0.5511080607150518,0.4295842816500652,0.4804043628737169,0.4202658920176603,0.4372047901209797,0.43659973987792,0.5445328411294241,0.4313043157285925,0.5004361237243344
316188_9_consensus.txt,0.0580532056216505,0.0632753193045339,0.0722250167829727,0.0600145009448809,0.0653136694977618,0.0624606683208668,0.0576452613849198,0.0720526132598706,0.076823435784604,0.068940948284407,0.0702758981729374,0.0696867875730689,0.0740077427593988,0.0755262782537968,0.0763734402392906,0.0617933756606134,0.0690971589453326,0.0,0.4596300183222119,0.4562591921947465,0.4634286263133482,0.4783758881062567,0.4589280274816971,0.4645672917944452,0.4549974598654351,0.4459867053135653,0.4503234030941598,0.4828141070908103,0.466165799098956,0.4630966808781913,0.4649493993569429,0.4501676373209555,0.4416206655810804,0.4811441683711059,0.4544620106226915,0.4590090243440308,0.4695932284988444,0.4752732630959428,0.4903707573740519,0.5462076158103173,0.5055695943357676,0.5133189300387357,0.4620499295514975,0.458115133519108,0.4859579919425201,0.5542896021908206,0.5278609182569127,0.5143912940285666,0.4977884953208402,0.5051918995273894,0.5103195317357283,0.5471263540093787,0.5188151352112946,0.5073079580439668,0.3041235691372463,0.2995490971072385,0.2974358948112545,0.3161773617796655,0.3127468909996409,0.3033773871383438,0.3039455114436507,0.2997770680075753,0.2976246553450075,0.3237063639329811,0.3182327766205688,0.3095249821861827,0.3029560513318294,0.3010714812244721,0.300674699770326,0.3227319948766656,0.3162491941744818,0.3084376268573514,0.3200600604817829,0.357633866826994,0.3434314617892049,0.3374571315682431,0.3194895615926469,0.3226251351200631,0.3243540340363253,0.3381532011058183,0.3486849638558951,0.3222233113586128,0.3231018051280934,0.3111753187636239,0.3362729258315085,0.3747439502019425,0.3537254661135733,0.3129588757202945,0.3097545345598256,0.3136275120057448,0.3157450354831503,0.3138117563642169,0.307083481096214,0.3222761896817658,0.3166356384936613,0.3124771299733346,0.3051605783634166,0.3165692083791001,0.3127087161868296,0.3096347089916378,0.3346925305626733,0.497864917120701,0.3479152576341739,0.3230189344073366,0.3301208667305566,0.3175564050936259,0.3098188604333316,0.3699448598568757,0.4061544985838985,0.4087307134645783,0.4021215850799393,0.3944587299953674,0.4131286315822429,0.4161569382023842,0.3961407559350398,0.4080575862503508,0.3990319586973392,0.4029761137503946,0.4261047504304756,0.4407254919085517,0.4121298146386536,0.4185696821367486,0.4056371145228823,0.3960289525139338,0.416391556436718,0.4226634649732936,0.4242477393284289,0.4185339759283408,0.414811333345618,0.3940381422486823,0.4112343086964429,0.41382157200416,0.3994351896260113,0.3943285575682367,0.4017862138291583,0.5542205114978138,0.5095900310171935,0.406580713715531,0.3887207063687405,0.4133692627023073,0.4315171227589935,0.4072472840998564,0.4106555775235812,0.4167149322068013,0.3544585347890319,0.3686532788060788,0.3781303941892133,0.4950074539565392,0.4446622252667183,0.4049405473809599,0.3707822746111056,0.4156882547529008,0.3909060913281834,0.453197724297361,0.397338585693717,0.3731863455222211,0.3371667982190978,0.3654919109873376,0.3535368764496915,0.4929577440397921,0.4429874709060115,0.3944232441343445,0.4737568761287285,0.4802374836330969,0.4947391415083544,0.5549849833897973,0.4639627325548048,0.5044261967639692,0.4617378237592717,0.4796089138328696,0.4566806043281914,0.5724419461121819,0.4557177350296157,0.5041838419175484,0.445676167504935,0.4620808987148663,0.4620886258791721,0.5655102475189366,0.4568087683017126,0.5226330797420289
326650_10_consensus.txt,0.4244132934827576,0.4455288268597144,0.436558077493931,0.423082710112066,0.4350459229835195,0.4700710248389121,0.4214284849753191,0.4753469326923607,0.4438118366616024,0.4529398185558158,0.427621744468766,0.4841042176684489,0.441730016609462,0.4523324357592031,0.4305654275575001,0.4191122135049916,0.4335322765792355,0.4596300183222119,0.0,0.0387131786677379,0.0465352025693022,0.0516618172160505,0.0409114807270469,0.0440984099674253,0.0420960030816388,0.0402594978617791,0.0464745618342696,0.064332528173864,0.0423654461161717,0.0419861809040291,0.0386011071050056,0.0417193725244864,0.0377656336949172,0.0523930233968812,0.041404569818809,0.0433548257488283,0.3525381697331085,0.3621357899247321,0.3780619454403258,0.4262067854185254,0.3831886237008071,0.3998926409067351,0.3450795727196052,0.3479124906168067,0.3720159702704251,0.4240051348169871,0.4031741337322501,0.3952684378264877,0.3763210563360353,0.3876091541419875,0.3928840194430876,0.4240522412598508,0.3929893539674651,0.3905658231020723,0.2017597274936697,0.1983507022058894,0.1965968637302282,0.2116928451510666,0.2026480519895734,0.1929012787359454,0.206872397470498,0.1959224133225596,0.1860757756999724,0.2019756505939618,0.1929314251472789,0.188600704817599,0.2048896226863412,0.1936855620693265,0.1950624580752062,0.2077335791592816,0.1934108504798999,0.192711626311425,0.2093716812162398,0.2362467216972135,0.2618673777673805,0.2136891315523179,0.2037200353056434,0.2059803170515337,0.2115446961346769,0.2215618313938279,0.2486323857771708,0.2055408998473282,0.2011320187447687,0.2021454403194376,0.2017633368630953,0.2613643214962877,0.2421367333409065,0.2047176483859409,0.2048871643869283,0.205279755062655,0.3234145111243798,0.325929683270779,0.2966895821129895,0.3379201565243228,0.3391021779034346,0.3378953749210858,0.3180448297035028,0.3342313996423272,0.3341126978453701,0.3417317323926774,0.4317993867429699,0.6416671699480219,0.4531926906010959,0.3930087238731801,0.419866470567154,0.3344742340644089,0.3244697643793728,0.4343716937456605,0.2414030385646413,0.2451518572231741,0.2354156062903278,0.2304625614959619,0.2446841613925769,0.2466060319243936,0.2247041347049325,0.2390221405170365,0.2255657882266497,0.2585388645805935,0.2745973269003592,0.2900113803057884,0.2472684106195473,0.2596635624208225,0.2575758528854805,0.237685079976444,0.2391104182104015,0.2539986157063687,0.3218289163480605,0.2570061871359606,0.2572209221585879,0.2530837493253131,0.2569002568444887,0.2596868539168397,0.2569315503754801,0.2633856877338161,0.2409278991336272,0.454536712092235,0.382338131284083,0.2456084856650591,0.2483788836513838,0.2443118797131021,0.2512890532651965,0.2462193490926623,0.2580649609114545,0.2670789737634962,0.2570970448219078,0.2736448008692704,0.2686069634580406,0.337838671745807,0.3165143594995285,0.2867521141663687,0.2610476692811971,0.2835710161871638,0.2605254701648398,0.3014658404927246,0.2749312498809111,0.2605602665433508,0.2554093030192632,0.2542893640184935,0.249968242641259,0.3359276071031978,0.3061949055013322,0.281436577582653,0.2103072948034778,0.2415431480158325,0.2204685666592496,0.2301336554423869,0.2689000440725166,0.2194313787722563,0.2098274807347309,0.2481028264049207,0.2371660118618272,0.234729200352973,0.2578974849811573,0.207572641760052,0.2098224106231221,0.2378555907680954,0.2092022126248345,0.2356609786036472,0.23188477642082,0.2180630183621232
326650_11_consensus.txt,0.4197521938543858,0.4399952071411448,0.4344458708744767,0.4186207484569344,0.4320081102294466,0.4672689790183781,0.4159035963669666,0.4721348311697255,0.441062395126707,0.4479551412426232,0.4240877960725449,0.4796507467906963,0.4381437043622505,0.4507274277330602,0.4315112793348703,0.4167308153380311,0.4304922693550956,0.4562591921947465,0.0387131786677379,0.0,0.0414454384914577,0.0368451162443186,0.0333306549397143,0.0392186161566172,0.038923733916814,0.0308384235374958,0.0422105551755507,0.0484598502469779,0.0320587346090768,0.0337053854623832,0.0326651085347506,0.0306299929077198,0.0312971144244329,0.0375997375845571,0.0343115498563015,0.0372099212554282,0.3416016056894229,0.3513524183093039,0.3668153847652036,0.4119809775746539,0.3706328084697112,0.38753589307316,0.3344774602961884,0.3375314916894432,0.3607541496072421,0.4095590585578001,0.3899188630783854,0.3823750448003018,0.3653579638102187,0.3764633681113025,0.381571543294644,0.410311042265107,0.3798504692789421,0.3785598476954668,0.1887391298749925,0.1834703818335015,0.1794649178182048,0.192901225875083,0.1839308477514691,0.1757057580043337,0.1937672171557949,0.180966258714335,0.1704663841142775,0.1839914277767107,0.1741718146855468,0.1733551148066112,0.1919342104743542,0.1777123302713228,0.1784861369350459,0.1883552291836423,0.1745622346616642,0.1756508074061216,0.2075832788851528,0.2346739342410586,0.2623611955967462,0.2083797992419249,0.1975415966623295,0.2041390248607086,0.2092486519113379,0.217677799904461,0.2434974548011439,0.1994757011474739,0.1936527801882555,0.1956119998207945,0.2005481070521781,0.2589119118434908,0.2393228357225609,0.1976696920525675,0.1976166810579123,0.2023034637792093,0.3161566519840697,0.3148904101303955,0.2858456465615866,0.3246202344826727,0.3252089302644663,0.3259649735788379,0.3085050022657967,0.3214742226284031,0.3217488473882142,0.3331158418651334,0.4246688412057331,0.6303402315726885,0.4507844035916974,0.3849315993178877,0.4129688387115031,0.3199928396387719,0.3119172766763434,0.4284013602016578,0.2248772725102839,0.2282481291238518,0.2198577489291224,0.2154139243836823,0.2269242943354967,0.2279938631625526,0.2091052300083404,0.2213887450054166,0.2096815587016713,0.2452391435110499,0.2556148284036048,0.2706030400214061,0.2300902361077028,0.2414981372770519,0.2403804282840163,0.2238573607032421,0.2210846989188439,0.2354884668100361,0.3040307910178157,0.2495077469036353,0.2472068978904396,0.241862819830807,0.2440617981477011,0.2485469029119364,0.2415371493599956,0.2487745788853033,0.230612296476373,0.437329750295234,0.3691860033671794,0.2362277993264996,0.2367082312691479,0.2360938589185082,0.243259402871125,0.2371580287344699,0.2487607565248382,0.2575818395148914,0.2461741000067476,0.2592971082292763,0.2548377217135176,0.3210022399135468,0.2999895995537365,0.2724556444970503,0.2497642905136352,0.2711513007895156,0.2474290822250218,0.2833033487410858,0.2587037452042864,0.2458536301791802,0.2441097924413853,0.2409170559189561,0.238524770122698,0.3182754651079982,0.2905491306066778,0.266729448651791,0.1889598266643659,0.2204306400759037,0.198010676908396,0.2018645463591859,0.2515907514886777,0.195051853113263,0.1922519316659467,0.2278978878710766,0.2198060431460256,0.2057203483948555,0.2400076276337444,0.1832614869366224,0.1926936242357904,0.2218917271839657,0.1909042094207116,0.2041977413178912,0.2139922172154662,0.1930527385274629
326650_12_consensus.txt,0.4308338821044408,0.4487783943460073,0.4404736119902424,0.4278832136013015,0.4387512942999301,0.4742595077722349,0.4272580314149223,0.4802002992028917,0.4466202529483816,0.4588768369969358,0.4318506348196251,0.4889531125124335,0.4481672056265111,0.4575779357979286,0.4349399011624442,0.4254922186635816,0.4378449295298452,0.4634286263133482,0.0465352025693022,0.0414454384914577,0.0,0.0552558851371678,0.0443682692514535,0.0467005419108943,0.0440179632615489,0.041414092118476,0.0467457273815981,0.0680160006536709,0.044676198948764,0.0444906663855917,0.0412046700580006,0.044156295415874,0.037870510468366,0.0559145563822802,0.0442513639968709,0.0458406387015024,0.3550565380255612,0.3642064742976387,0.3812552495346928,0.4305211765716699,0.3861022079920282,0.4036936285923715,0.3462399732322154,0.3498551788211088,0.374779188540689,0.427947541502153,0.4070027296338523,0.3987016270190615,0.3791408643677911,0.3901470699486751,0.396700057279034,0.4288742637554676,0.3951869137501873,0.393740047520172,0.1987355078431427,0.1965366893066544,0.1938671745216957,0.2116371158949022,0.2022442457407862,0.1918121690700047,0.2033239652061489,0.1944750359293614,0.1836313270941545,0.2009076655245607,0.1922203295733773,0.1875928477730752,0.201139566330319,0.1920350053904513,0.1922046008770692,0.2074526896824942,0.192739262469928,0.1918654057398043,0.2070208365521786,0.2321667781792342,0.2554786321407079,0.2123009129164046,0.2018723264392328,0.204985887837644,0.2092656242982258,0.2169321780479585,0.2423015856623109,0.2053242658003036,0.2002822529748726,0.2014694199874931,0.1991109149006789,0.2566915256733928,0.2379557783516475,0.204292925052254,0.2042481102946141,0.2047251919310184,0.3234294471778867,0.3294512443779318,0.2986419877241921,0.3421597538077492,0.3417812974595193,0.3403961075201707,0.3191019217156103,0.337414623170293,0.3373059397592435,0.3432254517767035,0.4322370332047498,0.6395863941091804,0.4523252112468441,0.3931199366682811,0.4194386611871223,0.3371016439916516,0.3269529081689022,0.4317026548044964,0.2488093140155669,0.2526182930139029,0.2424381103742128,0.2359017776015406,0.2518491302141115,0.2539812336891778,0.2314746910808871,0.2460615675050306,0.2310213046021694,0.2653296764974797,0.282077387562488,0.2976264712338334,0.2544361533676884,0.2679160046149533,0.2652415761990951,0.2434345246100484,0.2462381420021557,0.2609494936705445,0.3236554021294076,0.2602693716505015,0.2582408464483414,0.2555000723576164,0.2586780306142486,0.26142167287842,0.2591310403396392,0.2656743631850276,0.2415594531908844,0.4566095866337711,0.3865914172506528,0.2488223420307385,0.2532071492674248,0.2469285553805171,0.2521423493667249,0.2488562021053084,0.2617867418246824,0.2717164850437008,0.2599893498475651,0.2781214659138911,0.2722140928376575,0.3452102710015836,0.3221671098261431,0.2919255006826944,0.2633161812591353,0.2896148207366309,0.2640146832422729,0.3083022103954924,0.2812241225389371,0.2646542307227193,0.2581578835012479,0.2585507134941665,0.2541744333025022,0.3432123748132554,0.3128923101024838,0.2866754821840338,0.2169687396935771,0.2467641045890474,0.2283322949005573,0.2402884031673053,0.2722836376638007,0.2280012448550223,0.2149042207288758,0.2510078659390018,0.2386490299712207,0.245261353087713,0.2588260038677958,0.2147910988902595,0.2159020566314993,0.2422556175801453,0.2151875163087382,0.2449816808114384,0.2365656875857631,0.2270051400573578
326650_13_consensus.txt,0.4366653490172396,0.4613720213731014,0.4628703532757967,0.4360010425448273,0.4584438472957046,0.4907871818935732,0.4304023885922738,0.4899083522803806,0.46592464617936,0.4638453807427858,0.4453802517625931,0.5009041768694082,0.447274934436539,0.4684356905163689,0.4570088755822183,0.4377750158386959,0.4563506493531868,0.4783758881062567,0.0516618172160505,0.0368451162443186,0.0552558851371678,0.0,0.0385419518123235,0.0465174454551018,0.0522466908741705,0.0355140768184156,0.0559616926140087,0.0273635288549307,0.0302344874240709,0.0355066835073216,0.0391892818610806,0.0309418427506216,0.0400897466185554,0.0247649068627744,0.0396915698169308,0.0441999725555142,0.346395393899904,0.3560501280955392,0.3687147450512356,0.4028584518145131,0.3683108758785103,0.3855187866145009,0.3403179435144032,0.3425652342158898,0.3628567323141354,0.3996034124831844,0.3854273586231684,0.3776889307543385,0.3662792116835263,0.3760901141587212,0.3775078347964005,0.4023936888355024,0.3775112189282801,0.3772015741500958,0.1971009702062076,0.1877607765080498,0.1880314817269308,0.18673986624216,0.1805310870962024,0.176827491622852,0.2023616436133224,0.182578583658433,0.1786440027347033,0.1787462368500563,0.1698937680347683,0.1732490289475166,0.2018201708955089,0.1815049566271973,0.1883677197246065,0.1813510194039551,0.1712812083624548,0.1759013479696101,0.2374952492433486,0.263165188433863,0.2999004019600093,0.2268737885685254,0.2177086178638276,0.2332592110197673,0.2381689394606461,0.2460718421236478,0.2703010331907798,0.2196273739409342,0.2068362485995472,0.2183074132133846,0.2282340454481399,0.2915259924662372,0.2679563914735645,0.2154237673772918,0.2147401982286645,0.2291069998721262,0.3441004146654691,0.3347760704155647,0.3033609654187685,0.3342687506688051,0.3367236471047903,0.3392721049589866,0.3297820772187734,0.3334091371274539,0.3375077402529953,0.3524758873442515,0.4553777131645766,0.6736331855150546,0.4933437474399049,0.4091660038127642,0.4438130916603313,0.3317502576950559,0.3285192335871159,0.466524615409515,0.2308892684439669,0.2309874561586262,0.2259120784143782,0.225955073784398,0.2297842719120097,0.2275148830513913,0.217408781681911,0.2210706526247001,0.2126884507261657,0.2550118482246049,0.2552679250188987,0.2678521820221817,0.2340487283421168,0.2400540198584231,0.246369806929394,0.2341703736472666,0.2217047767519062,0.2346975896562746,0.3086183915506453,0.2598598709249273,0.2520516473968399,0.25446373677687,0.2463870006403752,0.2546123434397493,0.249334666705792,0.2606478875044473,0.2395864409230164,0.4413765333298762,0.3755458211156437,0.249144365224474,0.2469524504290561,0.2468246190914449,0.2516029310027186,0.2441957205104756,0.261752121989943,0.2678516135762194,0.250891267148198,0.2575206356622068,0.2538298057605281,0.2980817403457081,0.2860186021029349,0.2657241581127572,0.2529633865332705,0.2653479571170507,0.244303660621572,0.2648915453587968,0.2493829231264648,0.2462121258920682,0.2562815732504084,0.2444095665985379,0.244896834644912,0.2942714632740291,0.2755041432349294,0.2609727115272839,0.1797986118569952,0.2167714577863719,0.1844897760463482,0.1721494847328131,0.2586212462742274,0.1786909826688116,0.189274167887369,0.230543887081307,0.2226052369456823,0.1709090565246036,0.2450013210299744,0.1671385249658001,0.1921471257109317,0.2264740636203583,0.18471987520061,0.1717643527496264,0.2136934357930329,0.1727949521944509
326650_14_consensus.txt,0.4215479850549783,0.4436499338476984,0.4374629934526268,0.4201299200551887,0.4350891891201023,0.4705698515033667,0.4183129034592738,0.473239605741341,0.4431310323018138,0.4499503290960298,0.426598039156012,0.4824973323799355,0.4403186971468749,0.4531047429187858,0.4346399732597668,0.4192166476292343,0.433165243740472,0.4589280274816971,0.0409114807270469,0.0333306549397143,0.0443682692514535,0.0385419518123235,0.0,0.0399001529621223,0.0412555000271019,0.0332935641968887,0.0447923398016314,0.0494253127959325,0.0329227174250164,0.035785321698512,0.0349480619417548,0.0330292039165733,0.0338959949409272,0.0392196500618453,0.0347601667152019,0.0384932324453757,0.3470844947639229,0.3561648115683411,0.372485148355409,0.4176415253525221,0.3757806808554917,0.3928430801755453,0.3400137699965988,0.342478216741032,0.3663763714954271,0.4153746584027757,0.3960866933035305,0.3885140006847791,0.369965036002057,0.3813374941873526,0.3858447979384536,0.4160448659761293,0.3851460138208828,0.3834679850973579,0.1953829905613062,0.1889037727679579,0.1855555112924491,0.1988391379890721,0.1903306162917459,0.1823687424977933,0.199968906876073,0.1867124740803056,0.1775314206590827,0.1897020037704493,0.1801008447276721,0.1791190887184868,0.1982941308259427,0.1835705214520544,0.1844402209896714,0.1944025910495916,0.1804039944601427,0.1810811482451626,0.2143434515104445,0.2414396350711918,0.2678102533602562,0.2139365642962793,0.2034256746598899,0.2110117368415522,0.214701004943187,0.2243034892308237,0.2497973428231823,0.2058130670554696,0.1986586187292971,0.2020867857902466,0.206692839763054,0.2652049057501706,0.2440487763159282,0.2029719186590064,0.2034546625789666,0.2091365047159996,0.3171734683221068,0.3158541665263676,0.2883966471179917,0.3259536453191067,0.3266644547683803,0.327122197398527,0.3100717087045233,0.3220303038406804,0.3229065004919711,0.3350248620976472,0.4265106392155324,0.6330946620970934,0.4527184835412186,0.3862641109884279,0.4146375790866834,0.3209014776870518,0.3132735138012847,0.4301987916402794,0.2278254297291795,0.2308011126823501,0.2226341972254033,0.2186720242045652,0.2300647177563419,0.23082237702274,0.2116941887515082,0.2235434963324074,0.2124331531545387,0.2471422627734263,0.2579216501607639,0.2731087066811319,0.2327857317738626,0.2434300186003781,0.2443610087609045,0.2271219940019122,0.2235110072497086,0.2378082097168565,0.310447435462045,0.257456906203096,0.2547469962665403,0.2499586856747271,0.2510595455747584,0.2551264952706553,0.2496925992258702,0.2578165168603199,0.2383857433989717,0.4426133082762433,0.3744949119706291,0.2444125770547067,0.2452693639626559,0.2444001802871938,0.249652790577727,0.2442115573915515,0.2575030322054061,0.2639239472765808,0.2494532200979407,0.2626376815867814,0.2590600698502499,0.3236376240957135,0.303484894293927,0.2758816036994034,0.25340123047188,0.2754645502416046,0.2513914596855002,0.2871825278816473,0.2619181525306224,0.2502971875046995,0.2490343203404528,0.2453293918855763,0.2414737787516152,0.3215890761991105,0.2933993588481591,0.2704040005582513,0.1967739489303461,0.2285646573411597,0.2049265952470911,0.2082080753379287,0.2593151285856514,0.2022236147434313,0.198998333123356,0.2374150196658107,0.2265978547260871,0.2121241384842882,0.2469284036789574,0.1916944387005053,0.1995665085651587,0.2299548140475664,0.1974911038762279,0.2120822863674547,0.2218633675326629,0.1989798680530938
326650_15_consensus.txt,0.4297044447285003,0.4507562986897859,0.4420676489244464,0.4276463304438813,0.4406530285488372,0.4755954968885518,0.4255589013022991,0.4798767843084377,0.4501214011734902,0.4572474982760646,0.4324910572815135,0.4889821011015343,0.4437269606275933,0.4555809240282791,0.4358590961551698,0.4253058509086074,0.439915397648722,0.4645672917944452,0.0440984099674253,0.0392186161566172,0.0467005419108943,0.0465174454551018,0.0399001529621223,0.0,0.0437424275628473,0.0378995218707345,0.0475943034155861,0.057685925657946,0.0391848272182784,0.0397555024862548,0.0390473930093548,0.0386934953972897,0.0385788999239018,0.0465399183321366,0.0403048010882152,0.0437093937683457,0.3556365939133528,0.3646225618870069,0.3802998607303607,0.4267117615360547,0.3837774474401563,0.4018572291355049,0.3471366693460105,0.3498524027981027,0.3744263199448348,0.4241937696069158,0.4047494545029622,0.3966456195916237,0.3786581117002434,0.3893670333018661,0.3948297559998401,0.4256317236361226,0.3938718297868462,0.3920230468926604,0.2029665533349032,0.1977407911705597,0.1964124693847644,0.209444832442152,0.2004674709152389,0.1912234421287522,0.2079561953422413,0.1946646356085146,0.1859455030031789,0.1997540913713607,0.1899516661027114,0.1872493403466499,0.2060518101807602,0.1925626510103377,0.1948196694104105,0.205675461756666,0.1908164017270301,0.1905447375249132,0.2146455684856114,0.2402475795205383,0.2702235750883872,0.2175654494833629,0.2084832199017086,0.2130139599584026,0.2177425760297993,0.2276959030686214,0.2504259108195157,0.2111075608963482,0.2033021216040147,0.2074869544667734,0.2077323371433905,0.2682323544997054,0.2475500521392959,0.2105594738491554,0.2100501390212166,0.2115136179082668,0.3285284414190705,0.331568536488156,0.2999894577978175,0.3414140736610029,0.3421534972734044,0.3414131306947467,0.3224361530123936,0.3375532490608037,0.3382719779124663,0.3467557453296024,0.4413201592282227,0.6523075436265451,0.4652564254229041,0.3997108458665259,0.427865921170639,0.3375033518365242,0.3279696196651969,0.4418974774919704,0.2426594651338298,0.2457095209617357,0.2355091537285432,0.2309851945519909,0.2445515440632064,0.245296653939782,0.2257902737913681,0.2381262246572895,0.2238182408731077,0.2603868271858438,0.2737399117589234,0.2890055588291318,0.2471576980594747,0.2595048133622626,0.2589582919098774,0.2389510001146497,0.2376188561613119,0.252254081718732,0.3198245613786596,0.2587256765878898,0.256706499677179,0.2556991241597259,0.2556910605468729,0.2583556383447316,0.2566807258527426,0.2639163276460827,0.2413521861871501,0.4523130870073792,0.3852758893702024,0.248273974208903,0.251104510852862,0.2456849345104572,0.2513484221493272,0.2474848154967937,0.2605237699253919,0.2684951828967605,0.2591919046872384,0.2744783009277149,0.2680579100774771,0.3336036240073312,0.3140409844203802,0.2856980711526056,0.2623176078663256,0.2831509385933906,0.2598586830514477,0.2982900041095213,0.2743212801649903,0.2611127601407759,0.2587238517700321,0.2563889089410764,0.2527801936219376,0.3315365264426084,0.3039544449549893,0.2814946923814965,0.2090555432178895,0.2406037817414272,0.2194192010564286,0.2241211430263519,0.2714516467916859,0.21757879356635,0.2117798897661202,0.2490884437918268,0.2372111154171179,0.2279136944767543,0.2596134766043718,0.2051181885927668,0.2118768714663126,0.2395248753349896,0.2093481572180913,0.2292766650948436,0.2326142605110881,0.2149064167072083
326650_16_consensus.txt,0.4210012018151232,0.4409985100365929,0.4303565924819068,0.418326959527576,0.4297886190858797,0.4648532955949704,0.4179403287751455,0.4711553249891551,0.4376815795636304,0.4493532803893103,0.4223081750476218,0.4796756740732419,0.4407965690618134,0.4491610896818407,0.4262037590717575,0.4159182117327411,0.4288785907353869,0.4549974598654351,0.0420960030816388,0.038923733916814,0.0440179632615489,0.0522466908741705,0.0412555000271019,0.0437424275628473,0.0,0.0398155907464676,0.0453863785454693,0.0657035338249798,0.0423738397658084,0.0420189925774465,0.0379846729577835,0.0410817547520103,0.0373126909454981,0.0532341908428648,0.0414182691290392,0.044114297483965,0.3484918071958205,0.356911909589126,0.3744466691046284,0.4238308346909818,0.3795542537243648,0.3963012573522668,0.3400240993278629,0.3433957158708161,0.3677548653650397,0.4220478514403005,0.3999212281939357,0.3925929585996321,0.3727324482862002,0.383775414358336,0.3897074788454944,0.4220000580467875,0.3892240300498635,0.3864124401661932,0.1945641869412142,0.1917878657570497,0.1884911961844224,0.2062624292672374,0.1973431598000274,0.1867382314004864,0.1983103916093256,0.1898196507972542,0.179048297759337,0.1964490293326264,0.1874086921111626,0.1833440665623804,0.1966862480463653,0.1868812749879964,0.1872475539756415,0.2019148780438371,0.1875860872405752,0.18641142781577,0.2025976115163139,0.2299516348825143,0.2534076526656683,0.2096230396924596,0.197941160958976,0.2008941953162484,0.2050516561621371,0.2154041824180375,0.2404051211889495,0.2013596407882047,0.1963274898561948,0.1975047724976733,0.19714499837076,0.2542909656441381,0.2346228650449262,0.200519998289046,0.1999746324707914,0.2001922658779946,0.3121302626676794,0.3161002801134458,0.2866076446508998,0.3281968146261036,0.3280362422348091,0.3277346374142595,0.307859000370378,0.3244764149703343,0.3239201918924514,0.3306791652515244,0.4179857500538659,0.6235351326143785,0.4383371901525699,0.380275274621475,0.4063182720618812,0.3239147146884527,0.3137779661596696,0.4190301104745444,0.2394442405800063,0.2439023643233326,0.2339019780856865,0.227828678424327,0.2430851665155557,0.246174106583723,0.2226125677909145,0.2373851217418483,0.2232185694739747,0.2555290498921145,0.2727646190091377,0.2877736862375535,0.2456706764487464,0.2591164373132244,0.2565458888392022,0.2359527523600277,0.2380929082118186,0.2534207299523672,0.3174304894653055,0.2553056516509535,0.2541467989458823,0.2493720124135841,0.2536581689989958,0.2559350962722391,0.2532253843096477,0.2603506258000436,0.2374894853836977,0.4481101803429759,0.3798197341869986,0.2437682857763796,0.2463127725183476,0.2418056138403272,0.24786032929034,0.2451268788484526,0.2561091740299872,0.2655662980434456,0.2535189801179101,0.2703586325669178,0.2644397205757229,0.3387733463906386,0.3153133631566831,0.2851779038785373,0.2567272213628513,0.2828536328138078,0.2576644339501541,0.3012501787635351,0.2735188554620222,0.2570063201912624,0.2502606756013286,0.2509272093570658,0.2459458129929821,0.3371580245167322,0.306576469049542,0.2787620181720811,0.2110222938671633,0.2403239793766758,0.2223694080158047,0.2346849471095922,0.2662484157014688,0.2221335875955716,0.20922446950307,0.2469017087694176,0.2343568741488049,0.2400406351009962,0.2542838643330434,0.209867365168094,0.2099770902666726,0.2363991943839067,0.2097215072278828,0.2399114465103018,0.2297446913586966,0.2215650688862851
326650_17_consensus.txt,0.4104589222156853,0.4300329284839321,0.4235309378101313,0.4082647978402747,0.4214837043157367,0.4572394039209264,0.4057876537416902,0.4605580860929095,0.430563954504052,0.4377164610086304,0.4130871566261263,0.4698399944791518,0.4282457702855176,0.4412306221953201,0.4208968150856371,0.4081341883450804,0.4214629544403969,0.4459867053135653,0.0402594978617791,0.0308384235374958,0.041414092118476,0.0355140768184156,0.0332935641968887,0.0378995218707345,0.0398155907464676,0.0,0.040146432505967,0.0459945814684772,0.0322538215893573,0.0326579092358336,0.0329648770895438,0.0284207009397796,0.0304386209264109,0.0352917865717969,0.0337171254064756,0.0388707781220425,0.3347959808483765,0.3444712379692802,0.3604610532885779,0.4063500935373447,0.3646310466769691,0.381790186246711,0.3277179246432489,0.3301459127241273,0.353604312120872,0.405286434983708,0.3849502210507864,0.3770251768050912,0.3591198273012495,0.370167428730273,0.3756264790465202,0.4057485415453286,0.3742602707820879,0.3722239987432054,0.1803872758876608,0.1750016250589929,0.1713230555274734,0.1864232865640893,0.1765166298192184,0.1680671392171646,0.1854263316515307,0.1719290810562199,0.1623552387604974,0.1770984082268221,0.1669178519341301,0.1646950625464498,0.1835376529361667,0.1696321176924833,0.1700934916815946,0.1824425591120189,0.1677216060586701,0.1675251931490464,0.2008725205039958,0.2287583302210336,0.2542281704332119,0.2042556675824656,0.1921761231164538,0.1980507944112588,0.2028507709241616,0.2104489014306132,0.2341495267635309,0.1967887009518847,0.1880423140347282,0.1912848843094927,0.1960672094147817,0.2508365706251148,0.231273370581988,0.1938867706933251,0.193063005364749,0.198145875005153,0.3057249666258457,0.3063495986767677,0.27616834856466,0.3152080473046723,0.3159308040291044,0.3151826978058771,0.2981460519624157,0.3109604013825269,0.3111733096172528,0.3222575540642758,0.4125218498898064,0.6188650164354748,0.4381609615650426,0.3728441638245066,0.4004999985200612,0.3102271555260074,0.302147718568321,0.4158989184315764,0.2208173868172771,0.2254047055314529,0.2160396848505144,0.2110515041927243,0.2225056880974492,0.2244046412462133,0.2049099121764399,0.2163555544408062,0.2033436837170867,0.2403773583913064,0.2518309962363787,0.2660360360705702,0.2263845549758691,0.237348247398863,0.2369988696792262,0.2184919326540821,0.2172697353862034,0.2307153093188851,0.2955432265344591,0.2459985547946956,0.2400086592710373,0.2358437296714868,0.2370213246452728,0.2408737956035125,0.2347818046682803,0.242225086716278,0.2241384629344089,0.4307573679042775,0.3645529719853222,0.2327765912170605,0.234128767107645,0.23232441733618,0.2366564736286065,0.2331773411381021,0.2462291508699898,0.2540831294133632,0.2412847758491381,0.255637874391752,0.2515007609275947,0.3199221256391773,0.2981834455771128,0.2695981916550707,0.2451390054596451,0.2682668052388592,0.2443768818540448,0.2826739778585825,0.2563520916461215,0.2437169958214653,0.2406057453543688,0.2381640965342413,0.234657153968925,0.3167724353259871,0.2883017886003749,0.2644011092154734,0.1875139867673887,0.2187099471916056,0.1964055465803262,0.2025587906541588,0.2475130557382776,0.1942010238729246,0.1891779834021036,0.2251936804573304,0.2153274116508718,0.2046985554955327,0.2355730728775995,0.1833854677556345,0.1898353407646524,0.2168701759260507,0.1878341715870988,0.2047074161113649,0.2108227179810349,0.1919485456422549
326650_18_consensus.txt,0.4172010951511424,0.4351153798383649,0.4261530072932444,0.4145356317312227,0.4240776557275723,0.4605382192080292,0.4130950862379308,0.4653268329621909,0.4321133654512117,0.4445886640189513,0.4170900551250369,0.4741110904083285,0.4347401688088439,0.443167765062288,0.4206598445782425,0.4122331444194991,0.42520551434378,0.4503234030941598,0.0464745618342696,0.0422105551755507,0.0467457273815981,0.0559616926140087,0.0447923398016314,0.0475943034155861,0.0453863785454693,0.040146432505967,0.0,0.0696554584078796,0.0457981006963095,0.0455070704499682,0.0429022786898762,0.0437361830339213,0.0390398378819227,0.0561520148377603,0.0447208435531329,0.0488380618426909,0.3388850099923601,0.3487552828058788,0.3657360328931851,0.4156587667832525,0.3702172161827874,0.3875680499358793,0.3314204698209018,0.3343868375524685,0.3587177752843473,0.4142099973336393,0.3916349306662994,0.3836597134595365,0.3636119562036697,0.3744821355326273,0.3815937251811583,0.4138705674914291,0.3809496542580817,0.3778562857933671,0.1905975597850258,0.1880808301260081,0.1844742664777889,0.203835182320855,0.1940450212244826,0.1826598528920087,0.195841374383157,0.1856525458175433,0.174342502874552,0.1936346056707307,0.1836176668698783,0.1794589240908486,0.1930313278631104,0.1827714328732277,0.1826987867779088,0.2000789077005862,0.1844699411538499,0.1831747928521068,0.2014595033934156,0.2282154782152936,0.2494921280293383,0.2086864556033703,0.1979043294301199,0.1985920861941217,0.2034915373160544,0.2095559592625981,0.2352669951406412,0.2020429210786716,0.1953432596621098,0.1960676218400365,0.1950722403898446,0.2489533529454171,0.2292958150383235,0.1995754521586583,0.2002472149529381,0.2001447150198139,0.3140965962842479,0.3200532575290751,0.2900082179593539,0.3327652721415255,0.3337535537226408,0.3307935745811612,0.3102446367580427,0.327560501360395,0.3268473841980395,0.3341009736801368,0.4216036819343713,0.6260952669359732,0.4414297236357853,0.3828606306732673,0.4083848706972048,0.3279522535452486,0.3167650270836049,0.419843298606164,0.2424796258205503,0.2466520114560388,0.2358140666352888,0.2293563311291109,0.2456695512952471,0.2487090198410229,0.225024829442141,0.2388218817066487,0.2236388457570015,0.2586116379284249,0.276032716549544,0.2908739134254183,0.2490573941898866,0.2624014451531593,0.2588693560474553,0.2373029760775367,0.2401940732217831,0.255218041804838,0.3150745992857793,0.2569261107447858,0.2508466194784198,0.2476006807187616,0.2508765108912243,0.2527277315976377,0.2499631664165669,0.255574923379477,0.2340206214147997,0.4456804329855508,0.376368212652018,0.2427617333780141,0.247791212356212,0.242902443038826,0.2450492908414787,0.2449870626795025,0.256169921513397,0.2658692770671678,0.2553897917120764,0.2740183938466707,0.2684647043560275,0.3441804300469648,0.3202013925620264,0.289070566511608,0.2598312833592047,0.2856316810485246,0.2612681185764955,0.3072686982674355,0.2784705641063851,0.2620141993224187,0.253645443980794,0.2550614531500592,0.2504979929998185,0.3422500005753548,0.3101686665633529,0.2833700437407387,0.2178940217452591,0.2469782442478951,0.2290740660426102,0.2440222671517915,0.2705478752461019,0.2293037422487565,0.2157117290542487,0.2509815892262175,0.2390569071796733,0.2467353759813875,0.2595594580089226,0.2168850903439612,0.2149508272601679,0.2421318341733567,0.2153733113174425,0.2477003931694454,0.23578437839722,0.2281746850636565
326650_1_consensus.txt,0.4402174389909632,0.4675068134695372,0.4719513258739525,0.439927729940301,0.4672635145267598,0.4976193899335754,0.4324008828427281,0.4945786455957943,0.4730722832558456,0.4662417487942747,0.4512952344561256,0.5060575145742483,0.4435435959541465,0.4692191167674302,0.4623474499311228,0.4420136163315433,0.4638475344482593,0.4828141070908103,0.064332528173864,0.0484598502469779,0.0680160006536709,0.0273635288549307,0.0494253127959325,0.057685925657946,0.0657035338249798,0.0459945814684772,0.0696554584078796,0.0,0.0369886166131507,0.0441845997581822,0.0496421324042017,0.0382177445020346,0.0507637927584809,0.0287978729184175,0.0505924108963711,0.0551394314572526,0.3538318614295974,0.3627808975126996,0.374633362370627,0.4033459997753184,0.3726968186765838,0.3892417423861865,0.3487962842853136,0.3491321879453934,0.3673238125220628,0.3989036372266028,0.3872711093642351,0.378422268172784,0.3706349360372343,0.3788394806821742,0.3781323884195871,0.4042296401297633,0.3815771629825164,0.3803069354245494,0.1982954952262368,0.1877252260574593,0.1943101340030928,0.1829064482291258,0.1801294059797129,0.1777179155718258,0.2042275121857848,0.1819196180200464,0.1841089364829677,0.1752039967794729,0.1683402328938683,0.1739334840707549,0.2042103622112243,0.1823994017218773,0.1956397304618207,0.1776640343672539,0.1703501427906033,0.1766494328478884,0.2478836472476757,0.2709256854010888,0.3138800445782408,0.2319636659367354,0.2229934606419981,0.2433959207969849,0.2489000801338647,0.2575365996429113,0.2790658149072342,0.225271440767905,0.2115436466761302,0.2266415149013667,0.2365072239433168,0.3084631393021197,0.2800359228336049,0.2221903842853798,0.2206087498797231,0.2366098050992349,0.3594702886772012,0.3468328683747153,0.3143812754996524,0.3381764998774237,0.341893126318034,0.3434153168070359,0.3421545114483209,0.3403014423223069,0.345769404667827,0.3578902680762326,0.46579699966491,0.6934348298170683,0.5098601019843265,0.4164078784520768,0.4543919296491268,0.3390672317507253,0.3366696190542981,0.4849597166147994,0.2400000776488511,0.2387862270398066,0.2337137616046476,0.2364541779434787,0.238109419646495,0.2329255494346469,0.2276988852302537,0.2282469985540558,0.2205434801152002,0.2632534115114922,0.2599663212258036,0.2710065157409076,0.2425050203498955,0.2442938618378676,0.2547914403377511,0.2445458386099872,0.2296509166807503,0.2401280724137429,0.3044394866316366,0.2538038775085205,0.2459986241057166,0.2518684912765181,0.2409910976105891,0.2501640034287575,0.2474827659995675,0.2595451320461599,0.2343341137717018,0.4388220960287121,0.3766416292755039,0.2470328555311454,0.2443265137709218,0.2427737648627896,0.2461960560878289,0.2370373150166678,0.2573160419563471,0.2628911478249627,0.2492909053109961,0.2527305626588543,0.249899749396004,0.2823832084391995,0.2745563105135673,0.2586975522703163,0.2508913689412217,0.2581984293221886,0.2378325526212492,0.2537996728257568,0.2430654933423888,0.2445930852042863,0.258193613382101,0.2419851676993616,0.244107242174266,0.2793666067259828,0.2640701285954172,0.2557674318495238,0.1770989049241649,0.2163299209966211,0.1812917651087318,0.1636313811768452,0.2610491186058574,0.1755310938576748,0.188521310859393,0.2312600250285577,0.2229376629947062,0.161688828410341,0.2465442824899035,0.163402055610156,0.1929631651189218,0.2274584996469357,0.1835826379550909,0.1628926166658502,0.2120987530896059,0.1676690229829844
326650_2_consensus.txt,0.4268689850115592,0.4509940463695052,0.4474612697445934,0.42693710709597,0.4446922543277551,0.4783385505277238,0.4221745987638741,0.4798954078246851,0.4527142615456689,0.4553228898565322,0.4337355567337404,0.489185705843699,0.4400372817094151,0.4564487352895234,0.4417536518084262,0.4258064723510841,0.4412790039665459,0.466165799098956,0.0423654461161717,0.0320587346090768,0.044676198948764,0.0302344874240709,0.0329227174250164,0.0391848272182784,0.0423738397658084,0.0322538215893573,0.0457981006963095,0.0369886166131507,0.0,0.0319188488575008,0.0324467963653631,0.0293600522630157,0.0327394615588758,0.0305342495013896,0.0338638381543461,0.0380207660563272,0.3459160197492679,0.3558577937670222,0.3697838236523694,0.4109115508869365,0.3721639833048265,0.3889504130975112,0.3399014356126457,0.3420713312045613,0.3638026843225148,0.4076400861684632,0.3906818877927662,0.3821311474963664,0.3672886896392242,0.3772563634059338,0.3809535400245991,0.4103705228805268,0.3817739176441641,0.3804485725897386,0.197589789842123,0.1905173870678567,0.190275126502204,0.196663054077117,0.1893919261000434,0.1822845477697932,0.202823937722659,0.1866557819009955,0.1806315832675054,0.1880154347483582,0.1780407527720271,0.1790005408615407,0.2017723983073942,0.1849931701065124,0.1899578462943942,0.1919978923599714,0.1790283118178663,0.1814172669953038,0.2215700865811385,0.2475494032960057,0.2798622294609281,0.2164134604919283,0.2076936925946455,0.2182197352176516,0.2227534809922211,0.2317744290824137,0.2559122319931752,0.2099901950335514,0.2008975050246917,0.2074722736316623,0.2123917871924874,0.2777120469449876,0.252754802169548,0.2081416968257521,0.2074880339636635,0.215213160111773,0.3340653030288614,0.3299889338865824,0.299380318124367,0.3344920699713682,0.3362087915470546,0.3368608311689165,0.3229224850736258,0.3324729372971582,0.3352402346928365,0.3461816038990477,0.4438481260698026,0.6577984754846824,0.4743065728702405,0.4002747818507686,0.4323757349260226,0.3316236151158627,0.3257397905777388,0.4521023448563674,0.2302109335171422,0.2325582340144834,0.2250012835650494,0.2229850965934261,0.2324268690802995,0.2309574226476414,0.215145137650488,0.2244746695719826,0.214000261639832,0.2506878385151978,0.2578012514320775,0.2714922039999834,0.2342020671088889,0.24342967081121,0.2464539640672427,0.2319769563880207,0.2243559298408044,0.2373856311721098,0.3077899384562776,0.2498700164354517,0.2475864603461275,0.2469861848394927,0.2439754383523329,0.2491581179138187,0.2458476977759964,0.2555440809407514,0.2324193966797061,0.4401777495946639,0.373403643381728,0.2398831318849907,0.2402457527954347,0.2372454563448052,0.242971637199389,0.2374992971291121,0.251890530319379,0.2600649218679827,0.2484695497824809,0.2586203622363747,0.2540111178123254,0.3080029472414409,0.2922891581378586,0.2686880827915914,0.250185400745714,0.2666043065724679,0.2442053569512836,0.2738684563253706,0.2539102484715485,0.2462349919880253,0.2508620119222904,0.2416376306441634,0.2405551220103845,0.3051052295451413,0.2813228696658818,0.2641948992299276,0.1865352793836798,0.2208818272721657,0.1939826535326574,0.1907100939530686,0.2579649698839255,0.1910139135031379,0.1918042811805662,0.2318774316549614,0.2228211675365408,0.1917769607679744,0.2455260629799447,0.1784656079558289,0.1941810367521448,0.2253820163325031,0.1887542663130013,0.1933015279715277,0.215199834260769,0.1861236591774897
326650_3_consensus.txt,0.4255828583993342,0.4472454444239027,0.4422513114444975,0.4250611760997387,0.440081141987541,0.4754790183680271,0.4208813771781585,0.4767047494661867,0.4477473678987138,0.4534226940903494,0.4300250436808213,0.4863509422944645,0.4395946375443742,0.4550284242391029,0.4368497627333276,0.4227409559682513,0.437755103946408,0.4630966808781913,0.0419861809040291,0.0337053854623832,0.0444906663855917,0.0355066835073216,0.035785321698512,0.0397555024862548,0.0420189925774465,0.0326579092358336,0.0455070704499682,0.0441845997581822,0.0319188488575008,0.0,0.0341593401397091,0.0319506525872483,0.0334952417642249,0.0357870882692523,0.0352368697073792,0.03948126532228,0.3469747911347411,0.3565555110386853,0.3712672960189813,0.4148835093559775,0.3746372089752725,0.3915234604187922,0.3397119085801634,0.3426292143965135,0.3656260022913038,0.4123382216775795,0.3939626891735344,0.3854861750812084,0.3694972823423974,0.3797885598277801,0.3848662505295017,0.4139831838220829,0.3840225148817033,0.3822764112975996,0.19621739364581,0.1895800487060164,0.1888004768371658,0.1984733075434377,0.1901264181850557,0.1822915640681621,0.2009187923514659,0.18614827778622,0.1788443587574022,0.1893349675679303,0.1798918939199829,0.1787604468302177,0.199463212788391,0.184655276952796,0.1873997212527243,0.1943518819343808,0.1803153957440493,0.181390458522987,0.2165354765741476,0.2424418695317634,0.2724043008705479,0.2152411530807256,0.2055090631211058,0.2138225413302699,0.2187617143095366,0.2276648800389225,0.251176561673919,0.2082400457717419,0.2001863555980456,0.2051211624778908,0.2091428813390621,0.2696033907213753,0.2484842147467958,0.2059450252272547,0.2052454717283183,0.212081766158434,0.328086667782447,0.327161613570432,0.2959678975438891,0.3333614523771722,0.3349100622942558,0.3350610003876006,0.319426455765992,0.3305022106809119,0.3323394955760008,0.3426530933018696,0.4377304167357181,0.6480053883547114,0.4661132487308705,0.3955260071967927,0.4249144559636519,0.330396800947895,0.322313879577127,0.4430205645189744,0.2321934590746259,0.2340280154097982,0.226215823914508,0.2227198152165712,0.2329207374859798,0.2328348865183827,0.2167272966019702,0.2257193945272924,0.2146685568415911,0.2512508392225925,0.2603599842411199,0.274059987357667,0.2359054098010098,0.2462205826940291,0.2471975721668435,0.2314842980850713,0.2259489385317401,0.2397840337619854,0.3105230179948073,0.2550307482163632,0.2504630716900173,0.2487022700934495,0.2481546206374645,0.2521475980060224,0.2474501034327652,0.2566352000754293,0.2351314952099521,0.4434149637348774,0.3764471079708542,0.2428325057125988,0.2442016807211544,0.2407319643563639,0.2472045026152933,0.2417255643913058,0.2553726296037624,0.2626547394705696,0.2517797114501476,0.2639227392834797,0.259099370625993,0.3195160420512444,0.3016604421183224,0.2752473072181765,0.2544895977676269,0.2734807196370958,0.2508750132298019,0.2839111059652595,0.2614497266110334,0.2511223270400577,0.2522360481348649,0.2464162499337838,0.243891678657846,0.3168444995488713,0.291338753434907,0.2706169650571901,0.1930072028656333,0.2245049876353881,0.2007864373959904,0.2021566107623194,0.2597870400135029,0.1977394828450336,0.1964633814245076,0.2350833932408633,0.2246463009374011,0.2042074319230487,0.2458346627544472,0.1862323392131841,0.1963864924855052,0.2278381640832805,0.1941595432098282,0.2041999996278463,0.2179511623701309,0.1948534661803869
326650_4_consensus.txt,0.4283240599527467,0.4499346816365026,0.4423728087023768,0.4262082012281922,0.4410773014423554,0.475699856258835,0.4237455880765033,0.4802205826177079,0.4492192830855757,0.4564881001482135,0.4315289300456939,0.489133089542932,0.4434704153154563,0.4556254960833463,0.436352976299915,0.4241434007318219,0.4391759073002106,0.4649493993569429,0.0386011071050056,0.0326651085347506,0.0412046700580006,0.0391892818610806,0.0349480619417548,0.0390473930093548,0.0379846729577835,0.0329648770895438,0.0429022786898762,0.0496421324042017,0.0324467963653631,0.0341593401397091,0.0,0.0320260860347936,0.032046016721388,0.0402338964381705,0.0357575538278602,0.0376840317886006,0.3447970413820265,0.3544236447468485,0.3700308393731752,0.4154514087814256,0.3741184930045662,0.3911806420286972,0.3379551837760601,0.3406711757174676,0.3642051088295019,0.4129679669623662,0.3932474274776254,0.3854700766671683,0.3677617542645244,0.3785369597483949,0.3833948819614399,0.4144582374229877,0.3831809984999736,0.3818718490024118,0.1957225440451644,0.1911195056115886,0.1903040195103251,0.2021555817796212,0.1943094894009931,0.1851552406037946,0.2003812210309483,0.1880457796922776,0.1800030385569542,0.1921187325670708,0.1841515132196498,0.1811704212819904,0.1987413974506502,0.1862378419472001,0.1891183566534025,0.1974112806738759,0.1840280980308435,0.1842311925828497,0.2090848851385907,0.2340392427096418,0.262418941645727,0.2102110047979515,0.1993212760227898,0.2056264385086308,0.2100246295085419,0.2199129444888719,0.2451934390200492,0.2035009985711688,0.196353957623927,0.1996529259874044,0.2000895641518347,0.2623677005545239,0.2406151488965306,0.2013386331760358,0.2017230210148213,0.2034030921299816,0.3274462073757149,0.3298380812464536,0.2979515628137967,0.3377880648711411,0.3392279864824594,0.3379270636179754,0.3206487082106157,0.3351119171113694,0.3357908775567289,0.3435459346727292,0.4374816994412285,0.6479847784194313,0.4620776555876986,0.3959160486077522,0.4243825900057132,0.3341819165069992,0.3259447673630617,0.4415785751492294,0.2365641118474855,0.2390965560186764,0.2305522434121201,0.2271599582510859,0.2392052548226573,0.2399351263395104,0.2210067347950755,0.2322582985588042,0.219820923649074,0.2545882860344477,0.2672466643141931,0.2819698231742755,0.2413014144299623,0.2527702154526956,0.2533552865444406,0.235010560427149,0.2325294401179718,0.2466752973565995,0.3151972496684188,0.2513937670314519,0.249146522544791,0.2479478599751878,0.2481070307110613,0.2518906987318665,0.2499021332742295,0.2584224512157469,0.2337691521276035,0.4474756062191787,0.3770973664021682,0.2399892215234587,0.2433273412500192,0.2375127191467605,0.2434469680706641,0.2390776605001363,0.2525085086180496,0.2621489593486181,0.2521444100464691,0.2669433768298574,0.2613755966376097,0.3244854519151161,0.3056891945227633,0.2785776766561518,0.2550997632566805,0.2762996085270757,0.2525490853497523,0.289253098268734,0.2655275683202376,0.2532745431160492,0.2524777130332793,0.2473005652507041,0.2446743774185051,0.3233674134659452,0.2957316557963949,0.2741901182766924,0.1972655265774463,0.2284967417912042,0.2060356348642784,0.2118998540338772,0.2622009797639109,0.205057500229433,0.198088716869428,0.2363656316023537,0.2268298727903648,0.2149741530152233,0.248879196006559,0.1925470280623784,0.1997986937176143,0.2286947580247584,0.1973987656977911,0.2160488717543423,0.2203450448533708,0.2032054230836131
326650_5_consensus.txt,0.4129257047930963,0.4333869210262335,0.4295024023879428,0.4105373064869333,0.4273712001579497,0.4618439595545709,0.4077522207942721,0.4636983346029844,0.4354170484758519,0.4393667969242685,0.4181989297953237,0.4732074439841014,0.4288953991855635,0.4436638840545335,0.4257019382826854,0.4099712945501004,0.4269228467008794,0.4501676373209555,0.0417193725244864,0.0306299929077198,0.044156295415874,0.0309418427506216,0.0330292039165733,0.0386934953972897,0.0410817547520103,0.0284207009397796,0.0437361830339213,0.0382177445020346,0.0293600522630157,0.0319506525872483,0.0320260860347936,0.0,0.0300583617645848,0.0313502378872101,0.0339815886372285,0.0380389935334228,0.3316366847357841,0.3405419086887811,0.355739428051578,0.3989640617064118,0.3592375048564875,0.3755137525333332,0.3244867870508692,0.3272070630245132,0.3501136316992195,0.3964763382425822,0.3771988834413413,0.3697096105166153,0.3538786085487118,0.3638092127609766,0.3684532185651044,0.3978752266046399,0.3686167546936261,0.3663670946491457,0.1782369325528918,0.172741726165114,0.1723576868401402,0.1805678718659429,0.1733044485872099,0.165570957937863,0.1832923422062791,0.1695615800780068,0.1632025539555961,0.1717781764825083,0.1634308368713455,0.1624272880373958,0.1816880089802524,0.1678452162985735,0.1714212411585371,0.1764788536885184,0.1638248879190555,0.1650237012105897,0.2029858151797654,0.2304769698407085,0.2587343576177296,0.2029963148668692,0.1915867285578443,0.1998407751700313,0.2045497485092902,0.213523659298815,0.2383017742210782,0.1948878281887971,0.186358157247259,0.1914726585852122,0.1968903389205394,0.2567140223952364,0.2350139806228206,0.1917553278961996,0.1917241375847709,0.1978862460968677,0.3114968830548292,0.3079602760315083,0.2782550672150243,0.3128336189326752,0.3146828828553722,0.3148683764613338,0.3010124818905808,0.311182631982696,0.3120568346653449,0.3222994302276802,0.4157951599397584,0.6256853018371409,0.4448942697896179,0.37456419731215,0.4038590158610695,0.3096768290461611,0.3034045453531533,0.424387417108008,0.2197935438756957,0.2220463493417845,0.2149143313191004,0.2116563922866063,0.221636700582426,0.2212188063459912,0.2047718866279773,0.2139657719940189,0.202536182703966,0.2385177187774481,0.2480217068872079,0.2618802734020349,0.223974609204081,0.233814778540804,0.2349904813191017,0.2191073072261211,0.2143385191908535,0.2279088045862671,0.2938757902113664,0.2413287685866478,0.2360626357579818,0.2325268654414714,0.2327073046772838,0.2378545906346758,0.2328447481204563,0.2408511637294488,0.2205818492866562,0.4247852239076266,0.3604682948548969,0.2294144590449462,0.229834809628592,0.2284503808351665,0.2327521644554799,0.2271512576825287,0.240957608376565,0.249441826429269,0.2399386324901691,0.2516446781460004,0.2473315161695559,0.30916630845309,0.2901592422979533,0.264143837947536,0.2439262160804247,0.2630598114269489,0.2397648064564244,0.2729303369441034,0.2501027003088296,0.2402316276398011,0.2402247207221037,0.2353387395959814,0.2329413242684168,0.3064644936647376,0.280005465694817,0.258846850943808,0.1804538213102482,0.2134093570534148,0.1901015438876925,0.1911430236523408,0.2453005674792443,0.1868602660866045,0.1837855597021516,0.2226236809514787,0.2128103518455191,0.1935924993753168,0.2320424767344135,0.1756800158327678,0.1842576238327957,0.2149456621105123,0.1814576270088466,0.1933600554424117,0.2064934558911595,0.1849697833218648
326650_6_consensus.txt,0.4074053559284714,0.4250359536943691,0.4182635438050148,0.4043238094232499,0.417035346658146,0.451579771800084,0.4027322846224592,0.4568445652649089,0.4250553765140239,0.4335446400323661,0.4093930176670248,0.4644833738352325,0.4253348085994375,0.4364261382752872,0.4152290933523943,0.4020641088006051,0.4153872389370932,0.4416206655810804,0.0377656336949172,0.0312971144244329,0.037870510468366,0.0400897466185554,0.0338959949409272,0.0385788999239018,0.0373126909454981,0.0304386209264109,0.0390398378819227,0.0507637927584809,0.0327394615588758,0.0334952417642249,0.032046016721388,0.0300583617645848,0.0,0.0405177089290518,0.0344496212999949,0.0373044039823255,0.3360059060780855,0.3455653690394129,0.3623999271869671,0.4107340691323848,0.3673699323679926,0.3842293206241933,0.329060546491263,0.3322563544909016,0.3557196395436079,0.4088012320401226,0.3868727113091985,0.3792715693103261,0.3606330812379283,0.370997199418106,0.377243914700486,0.4092268529379801,0.3768766760270736,0.3747263771231814,0.1797710978631919,0.1768718974320826,0.1743325358150045,0.1901697700678397,0.1814404381256373,0.1719105126012152,0.1852011460682483,0.175301896484207,0.1654627008117302,0.1808361695528404,0.1726836432741052,0.1689907287996881,0.182548949878484,0.1723248312516787,0.1733814504728954,0.1859065803647723,0.1721417138649634,0.1714292359617921,0.1939227423664178,0.2212239380483289,0.2433622264343995,0.1990804144455538,0.1869346227232959,0.190886881092922,0.1954215222614976,0.2048266274967751,0.2288212041540198,0.1905499685419229,0.1840056125095976,0.1862857201902414,0.1885914805520983,0.2458594421892108,0.225277264280038,0.1885379651725642,0.1883537032992812,0.1906481101440817,0.3021202842475077,0.3029378909612887,0.2732716455261688,0.3109975295210425,0.3123986856491214,0.3114137233946152,0.2941433362389958,0.308190473268823,0.3081912552926305,0.3158715511928811,0.4032640840290113,0.6085376933213453,0.4258470453431151,0.3652991298995616,0.3914996662516898,0.3067757178230863,0.299296607847527,0.4091795637679993,0.2222717696024396,0.2256282345383091,0.2170613701500201,0.2114914694935734,0.2250581417650963,0.2265566892830222,0.2064122315907326,0.21937282661845,0.2057102835979662,0.2389414775671881,0.252999631148306,0.2673071049554458,0.2275155798420201,0.2392508082966387,0.2376820756069193,0.2198481643175185,0.2192981053782716,0.2332206466158055,0.2956365774559728,0.2400049144914646,0.2362489997675894,0.2306033653828763,0.2350612539984595,0.2375320996195142,0.233000954770528,0.239956625370489,0.219640939016795,0.4301960383036132,0.3627492204995519,0.2270334042354278,0.2300091033522378,0.226891219362912,0.2321864230313401,0.2272512502722641,0.2389260275092652,0.2488275052935833,0.2433548274584325,0.2592871015216893,0.2543981529674113,0.3253556533959596,0.3027697022615072,0.2731553708183405,0.2475234003904951,0.2716001701219497,0.2476606148913838,0.2881258804698738,0.2611093673868367,0.2465273442031517,0.2402154798492013,0.2404727657260856,0.2366196443860779,0.3236828967723753,0.2929643964043009,0.2678412147890228,0.1942518116497709,0.2254769371354505,0.2055923048691177,0.2162758745486925,0.2513085064164144,0.2043777963880479,0.1938620252404668,0.2315750773210823,0.2188110770985254,0.2193629303155688,0.2388561490573622,0.192260050108608,0.1946820732675576,0.2214350128759363,0.1929964686561867,0.2189173602798959,0.2147394350273863,0.2041681220300937
326650_7_consensus.txt,0.4391970355660604,0.4638599243083234,0.4653656446356145,0.4387137192557517,0.4606891580920305,0.4938471434312852,0.4324779420288394,0.4931656042635488,0.4675991079734984,0.4662867275824744,0.4475776332525498,0.5041863057180862,0.449490100143791,0.4718355182041769,0.4598395148192225,0.4401227647471941,0.4592555686810406,0.4811441683711059,0.0523930233968812,0.0375997375845571,0.0559145563822802,0.0247649068627744,0.0392196500618453,0.0465399183321366,0.0532341908428648,0.0352917865717969,0.0561520148377603,0.0287978729184175,0.0305342495013896,0.0357870882692523,0.0402338964381705,0.0313502378872101,0.0405177089290518,0.0,0.040130176489793,0.0459255505048261,0.3499961349452931,0.3591289060825531,0.371803286399416,0.4062029417566286,0.3720790258066486,0.3891298030969992,0.3438627130324114,0.3460715505645453,0.3659979237452546,0.4033821468388971,0.3893065250577727,0.381540119130733,0.3695064689924052,0.3797278237353687,0.3811013385678095,0.406738898031314,0.381364100762493,0.3809552729568644,0.1996001506580533,0.1896921648638496,0.1884946201032349,0.1890926210061927,0.1820506657724045,0.1783111382577651,0.2047617114760243,0.1846813527396875,0.1798727889646727,0.1806159295123635,0.1714276430051775,0.1754148579080983,0.2040542958277065,0.1834516810321353,0.189099206606599,0.1840523961437341,0.1728596111588061,0.1774200495978597,0.2408449098711393,0.2665895828269491,0.3022222569664876,0.2300794907472045,0.2200416480513176,0.2354115708376447,0.2416571914064711,0.2495750184794936,0.2721628962635058,0.2234105651261728,0.2104375682178201,0.2206723707769455,0.2325849481877853,0.2939885219953631,0.2708660026152678,0.2193804493666249,0.2181373994559408,0.2321761930381534,0.3442668150690835,0.3351075654554201,0.3038436257101047,0.3350801083512351,0.3375104635151977,0.3402774459041957,0.3308308516342748,0.3340673362340745,0.3379868641450372,0.3543260242934778,0.457170043212546,0.6727665732868964,0.49429077275623,0.4111125229399448,0.4452159171196257,0.3325441881599502,0.3290909016748529,0.4670977800840603,0.230647609202645,0.2310639024054346,0.2266085136284026,0.2248399057433445,0.2293110018010224,0.2268121772498261,0.2161797141508827,0.220738146929893,0.2130003423253406,0.2542134139235159,0.2544435811991548,0.2668763841662596,0.2334352904619159,0.2387636454357107,0.2460880486735668,0.2339670943872036,0.221174717150177,0.2330853459685116,0.3089565271729775,0.2613988620023981,0.2525611384571817,0.2540038421790775,0.2467379878050266,0.2547056365439246,0.2492029335289842,0.2602341090333269,0.239722512178087,0.4398551110147437,0.3780691902264514,0.249737264860375,0.2484284169127626,0.2474791970381673,0.2522652032928647,0.2451609602703115,0.2619740806446486,0.2684303088804114,0.2498918256666158,0.256110761559956,0.2537626721595742,0.2974636731044917,0.2852342442965039,0.2645856153704358,0.2525905842894218,0.2639970190050462,0.2437796579487177,0.2639121958309118,0.2488240277226161,0.2456372011983028,0.2557464321344902,0.2436964320412968,0.2435978544229726,0.2940881158835786,0.2738650663251327,0.2604996940023767,0.1797587341742996,0.2160462203574091,0.1849662861834247,0.1719218157221824,0.2581626516950521,0.1776556475952446,0.1896891103141342,0.2302886548616989,0.2226061856816024,0.1709115298182908,0.2452757381822117,0.1665901881528526,0.1927008712654796,0.2266936017717,0.184824861240866,0.1710156814477059,0.2130212793670125,0.1729456558549706
326650_8_consensus.txt,0.4175825183379942,0.4386066739936254,0.4308413621409954,0.4158037483042065,0.4295632275012266,0.4657979992354661,0.4136190602672158,0.4694145294632221,0.4393462444829943,0.4458300016449605,0.421803214026724,0.4786724950826553,0.4368769544740587,0.4494750191209782,0.4295793627545166,0.414914303966448,0.4287256986655166,0.4544620106226915,0.041404569818809,0.0343115498563015,0.0442513639968709,0.0396915698169308,0.0347601667152019,0.0403048010882152,0.0414182691290392,0.0337171254064756,0.0447208435531329,0.0505924108963711,0.0338638381543461,0.0352368697073792,0.0357575538278602,0.0339815886372285,0.0344496212999949,0.040130176489793,0.0,0.0393193547697734,0.3479276399725357,0.3572126671218143,0.3725780461352244,0.4185095025884564,0.3770338951050469,0.3940860874775751,0.3411747016638351,0.3438016719274195,0.3677409231258082,0.4172761275103624,0.3974560686287347,0.3894345126366936,0.3715672405501884,0.3825156469472759,0.388267989845982,0.4180870895523547,0.3870490770549395,0.3851739299775758,0.1929805023704887,0.1867662239032554,0.1827545014431066,0.1973736797843983,0.1876594350645106,0.1796097527191626,0.1974073153846944,0.1845166272180165,0.1750248669009977,0.18868958284407,0.1786006289160475,0.1770159120439913,0.1957617140274052,0.1817712488624607,0.1817842851429212,0.192956496272707,0.1780185970513343,0.178469956097377,0.2109897944886718,0.2388155539196184,0.2656374018277283,0.213899796032301,0.20268429307432,0.2090772601944266,0.2142646237528005,0.2223447872015285,0.2476214663492975,0.2044138649334002,0.1977887833762679,0.2006251430331005,0.2060792313211905,0.26346733627107,0.244692025247879,0.2026022397931193,0.2030706690739592,0.2072495107272267,0.3139978985700189,0.3123315434178835,0.2838885894638565,0.3222229831109793,0.3229849307607644,0.3229525767593095,0.3049011589355714,0.3181969987388306,0.3188360039450515,0.3313596312383993,0.4208011598657677,0.6277590910070714,0.4466197296312444,0.3809369524002264,0.4089857892986188,0.3174311203386502,0.3090276550480446,0.425000196835839,0.2257293992593254,0.2280852362656134,0.2203639726739084,0.2158709125321749,0.2266947242058741,0.22875933270182,0.2092781702773756,0.2208425903503723,0.2097317017621662,0.245056282507619,0.2552708184425754,0.2705301252592917,0.2299101053491092,0.2417082508560071,0.239601712894597,0.2243962089334914,0.2207943395767557,0.2353514572878801,0.3053694646010498,0.2540483455280693,0.2512726781016177,0.2467755459570533,0.2488184137465907,0.2526885115164994,0.2459359611387803,0.2543163481778947,0.2364370996793425,0.4365443539131632,0.3678657692110647,0.24095749634035,0.2413124221464286,0.2404847492736621,0.2468487396749026,0.242233820864655,0.2541623874966419,0.2611342355222454,0.2469131907483976,0.2600222562529453,0.2560219911778496,0.3235618387753547,0.3021905597341998,0.2734534246552513,0.2511015017223528,0.273029212275734,0.2483357864117401,0.2856447394483119,0.2586833546384355,0.2469919162933607,0.2453503880826986,0.2431202025940173,0.2394912870410834,0.3204345374485449,0.2919136355552112,0.2677402471501509,0.1939265184961058,0.2251397375486235,0.2024572255623518,0.207510586201046,0.2557713403073087,0.2003326842534036,0.1962941527954917,0.2333456660290487,0.2222350048111856,0.2116713693438185,0.2440353789938356,0.1895212439618134,0.1970944692162426,0.2259671976753594,0.1954626351130102,0.2112728539858928,0.2181449613115127,0.198168309415788
326650_9_consensus.txt,0.4220417621262591,0.4437911746627669,0.4373103909689178,0.4209004094516508,0.4359297087034335,0.4692379237295938,0.4190579715758105,0.4740140962530752,0.4446954089156278,0.4505018987542044,0.4270659679357926,0.4818075946990987,0.438802226793701,0.4508832402626233,0.4332219216503326,0.4181992233559057,0.4331671547745159,0.4590090243440308,0.0433548257488283,0.0372099212554282,0.0458406387015024,0.0441999725555142,0.0384932324453757,0.0437093937683457,0.044114297483965,0.0388707781220425,0.0488380618426909,0.0551394314572526,0.0380207660563272,0.03948126532228,0.0376840317886006,0.0380389935334228,0.0373044039823255,0.0459255505048261,0.0393193547697734,0.0,0.3542691083607181,0.3639140951382416,0.3792221266296103,0.4237225669362878,0.3834442616299469,0.3999687256985105,0.3467399668539279,0.3495969758172421,0.3741003509040901,0.4215493768997334,0.4022270808561039,0.3946038369299778,0.376869002616349,0.3879377443144172,0.3926641970655709,0.4232403444749302,0.3929273844052261,0.3907829658439041,0.200154297026728,0.1945781541878091,0.1929140815132086,0.204811899948428,0.1972739058897659,0.1881772409482316,0.205357473478422,0.1926686298976179,0.183764218302457,0.1962919257968494,0.1874788901315049,0.1853784752579201,0.2030420541408801,0.1902233006472862,0.1917034907149073,0.2006253644316551,0.1868065060730579,0.1877328255561146,0.216513176250487,0.2425562037918851,0.2716922453392527,0.2173045118736851,0.2071978230218434,0.2146942290770432,0.2184726055523747,0.2276784412987709,0.2535694389897571,0.2081478156264893,0.2035746199685988,0.2048403216581782,0.208569821455459,0.2709289482616484,0.2485947085935045,0.2077453653745173,0.2075171680845393,0.2111704281943573,0.3223606217102599,0.322041011959957,0.2923733333950373,0.331602151679963,0.3325681416932085,0.3315970615522339,0.3142364618521505,0.328615142066571,0.3295912232835718,0.3387310404486143,0.4313682296909746,0.6394088103957039,0.4564467153483917,0.3908162802351995,0.4191826956444018,0.3273785463591707,0.3198271739994851,0.4359721863026067,0.2316712953551309,0.2331526661072693,0.2255644108573449,0.2224546819437769,0.2334980384233347,0.2349733502952595,0.2153767653296832,0.2276289209635891,0.2159532165477031,0.2508617159810207,0.2610006843666355,0.2768300601533262,0.2357052128952901,0.247691555884522,0.2465983196201868,0.2301971550167998,0.2276605076862665,0.2411152896013106,0.3114069955091594,0.2521730847024948,0.2529962792853553,0.2494234819309753,0.2513085381461479,0.2547420477628783,0.250415119466755,0.2590965256252389,0.2376689690365019,0.4480975818518438,0.3779686999922624,0.2419242930841711,0.2425886059871658,0.2400965074522005,0.2474499689115568,0.242268619102667,0.2549772237806351,0.2626432590365688,0.2513286812533231,0.2639616231434019,0.2599465283241571,0.3241646752326268,0.3040117550198999,0.2768515954435848,0.2544916996843369,0.2758599413938754,0.2515672848752111,0.287414870675466,0.2636094239461108,0.2507270431507891,0.2496529357527421,0.2459485921729829,0.2424057867481366,0.3221145171500126,0.2942322166714959,0.2720120104153167,0.1964620210749856,0.2290586465436881,0.2064490926945019,0.2101485927015645,0.2616703037474899,0.2041943303507807,0.197764789601738,0.2372712127884959,0.2269456594041798,0.2157606399915437,0.2480951697058024,0.1920078707157699,0.1995880752159813,0.2281348071066347,0.1988970717777149,0.2153538865698081,0.2196661247822824,0.2016209040782755
326651_10_consensus.txt,0.429725876658523,0.4524294134522009,0.4594941483381376,0.4264653382303791,0.4512167503408797,0.4837887608981113,0.4223935575693041,0.4786828981476319,0.4601003395934384,0.4490997297947885,0.4391392264991083,0.491660555284497,0.447300166367814,0.4701545518124845,0.4613918550138258,0.4313932989440872,0.453014506623834,0.4695932284988444,0.3525381697331085,0.3416016056894229,0.3550565380255612,0.346395393899904,0.3470844947639229,0.3556365939133528,0.3484918071958205,0.3347959808483765,0.3388850099923601,0.3538318614295974,0.3459160197492679,0.3469747911347411,0.3447970413820265,0.3316366847357841,0.3360059060780855,0.3499961349452931,0.3479276399725357,0.3542691083607181,0.0,0.0231699775192915,0.0251634274008019,0.0428361151129834,0.0276648431273471,0.0286984838614223,0.0220828998665538,0.0252635628199691,0.0259530303808936,0.0475845819521296,0.033403056231382,0.0331314982828914,0.0246746017636425,0.0273148465228239,0.0326657242723555,0.0394783995177867,0.0294460796624704,0.0273916015713631,0.2912076319400896,0.2812945920490399,0.2804666758049876,0.2826497578156868,0.277600922674651,0.2746259354961218,0.2903043518873183,0.2802817066583998,0.2753300650964547,0.2761991766976557,0.2736713245323301,0.274489518110208,0.2927737408666715,0.2827898705616682,0.283526879048523,0.2790013397714013,0.2743853576708019,0.2773961183272817,0.2790874814054618,0.3133897000919106,0.3429341237633423,0.2642884465313031,0.2540427460647656,0.2745586165528664,0.285880621777892,0.2808351763738059,0.3089156314682384,0.255143981874113,0.2450431329396885,0.2534999254644923,0.2852594826003098,0.3241084946489572,0.309700296768792,0.2467537482265243,0.2492503271858304,0.2738143920117899,0.4634752177403953,0.4612593590688902,0.4385442419548866,0.4616549089477963,0.4649833922834396,0.4635992934191151,0.4509210759109479,0.4635902610800251,0.4612224018949327,0.4608118661897791,0.531416476662173,0.7195951690823534,0.5562975181267724,0.502664434372786,0.524725710228882,0.4597416146182347,0.456155147566001,0.5506812047246292,0.4483723713836731,0.4565851165801575,0.4485735772622483,0.4383949316811382,0.453412103075216,0.4591191344401046,0.43700381208631,0.4466908344628457,0.4300754297944529,0.4634029873660807,0.4796997270051193,0.4939734411621934,0.4605578126067762,0.4686014793381758,0.4629333422731427,0.4448424522069665,0.4510019003997527,0.4681384064709917,0.4081355272618907,0.3756589809384465,0.3593718579873872,0.3511262410782336,0.3534112458567158,0.357941118894459,0.3497767363346113,0.3581093130358681,0.3416434863998425,0.5188985088144591,0.4815729251703153,0.3514205595577699,0.3563538271045843,0.3636088479228299,0.3601478074492661,0.3546116119322491,0.3691216362695684,0.3788306197151172,0.351002511292215,0.3596010458462686,0.3612987370238478,0.4293613938170786,0.4056720568279495,0.3796426747311301,0.3584986050669556,0.3807922590899153,0.3627323119763375,0.3882702733372483,0.3642858559229012,0.3556464805580681,0.3514841088103608,0.3531826743064812,0.3513953561102738,0.4266966492708306,0.3990616835995695,0.37059668246658,0.4152217201222257,0.437992956474222,0.435247972459365,0.4563781656955648,0.4466848740270066,0.4354869715554734,0.4105271895203053,0.4429109322432367,0.4220618680777832,0.4565099596909547,0.4364668483225813,0.4256415930735073,0.4045298058343292,0.4262473269919553,0.4097131169647561,0.4563393139117764,0.4219842776532516,0.4392043874082567
326651_11_consensus.txt,0.4356358535119469,0.457996347170841,0.4652499208012841,0.4323449629698963,0.4568605852252467,0.488787392075924,0.428476591261937,0.4846210698375657,0.4667113374147682,0.4541494879472729,0.4455015397145558,0.4971570812251258,0.451683238436928,0.4749037714212107,0.4665359333221843,0.4362252647962812,0.4592804189918453,0.4752732630959428,0.3621357899247321,0.3513524183093039,0.3642064742976387,0.3560501280955392,0.3561648115683411,0.3646225618870069,0.356911909589126,0.3444712379692802,0.3487552828058788,0.3627808975126996,0.3558577937670222,0.3565555110386853,0.3544236447468485,0.3405419086887811,0.3455653690394129,0.3591289060825531,0.3572126671218143,0.3639140951382416,0.0231699775192915,0.0,0.0238676906513113,0.0421976396455328,0.0271620342016944,0.0271805696309002,0.0240188955903803,0.0233298531153991,0.0247037571776154,0.0470223579801221,0.0318983775693801,0.0316427896272557,0.0249238013439594,0.0249345900903286,0.0312035956845058,0.0386032855287119,0.0280362931719651,0.0258972241658952,0.297548261807723,0.2881773375791994,0.2874426253490156,0.2895461074611383,0.2840955895584365,0.2818236270112884,0.2968383147124669,0.2869530010696053,0.2819293931294382,0.2830597743341201,0.2803195196804537,0.2809877642556806,0.2989220504532177,0.2892027762129032,0.2906528679884523,0.2853483719637282,0.2809169692034778,0.2840924312222981,0.285512569494049,0.3208192282613247,0.3495918193949059,0.2724197680578299,0.260441236944601,0.2817146482180845,0.2929828582990907,0.28980885823891,0.3164343936206251,0.262117963546931,0.2517589339651067,0.2609040708447736,0.2928986235172814,0.3322652488836546,0.3175713469638914,0.2542645005366282,0.2561921852088851,0.2811870478568608,0.4695147784584108,0.4663508798980551,0.4449693780862347,0.4661394295287167,0.4691039879405352,0.4683561080954241,0.4561724378126541,0.4682358247090619,0.4652854630209226,0.464699882887313,0.5358458240943342,0.7247797703446501,0.5612219932915181,0.506681796804962,0.5292181156943947,0.4641206469607937,0.4611922304276952,0.5567938963621302,0.4539717037023116,0.4623715437546778,0.4542091410299491,0.44422643357656,0.4587263145111997,0.4636525939290479,0.4426395977508761,0.4526907587304194,0.4346964859633608,0.4677383667742631,0.4843540282703635,0.4987006364056086,0.4659655236328746,0.4737259234745217,0.4676422420870523,0.4503391563510135,0.4560593646062045,0.4724919629306967,0.4135047285539066,0.3826119010654274,0.3669161971883312,0.3588922668234211,0.3610597195588525,0.3664450024103871,0.3582675692542665,0.3657486195136883,0.3489902722011173,0.5273707218980945,0.4890543029428045,0.3588913792248362,0.3633774979400748,0.3710133467289687,0.3692283518210217,0.3613772712295713,0.3761414493493724,0.3849415845532249,0.3581372094081558,0.3663234291670889,0.3684027173289337,0.4352775449511448,0.411499779422698,0.3865839710483634,0.365391541013718,0.3875247848589644,0.369277736258315,0.3948806529388662,0.3706763553721295,0.3630474328038318,0.3592828261682967,0.3598027057515196,0.3583738428441592,0.432449597330617,0.4049983189813559,0.3774652362500603,0.4225407226763984,0.4449864817035873,0.4421360106476619,0.4631964332706886,0.4546314942774927,0.4420069332175025,0.4180661663377947,0.4502875717789614,0.4290439211207761,0.4641252056292799,0.4434508057964059,0.432191526458773,0.4109270569662193,0.4335233098126636,0.4165650535145673,0.463559133173586,0.4286445908798946,0.445580486721628
326651_12_consensus.txt,0.4495036628728712,0.4736912142853349,0.4821660798953076,0.4460962283691607,0.4727831444804558,0.5051024192248477,0.441144830873899,0.4996771165408091,0.4826137423716226,0.4678726421120061,0.4597399898184093,0.5131439150014359,0.4631699498424666,0.4873164346961616,0.4825891581379302,0.4516504221358097,0.4748127012647565,0.4903707573740519,0.3780619454403258,0.3668153847652036,0.3812552495346928,0.3687147450512356,0.372485148355409,0.3802998607303607,0.3744466691046284,0.3604610532885779,0.3657360328931851,0.374633362370627,0.3697838236523694,0.3712672960189813,0.3700308393731752,0.355739428051578,0.3623999271869671,0.371803286399416,0.3725780461352244,0.3792221266296103,0.0251634274008019,0.0238676906513113,0.0,0.035522599212296,0.0250093865613934,0.0240134822914299,0.0258102500320163,0.0256328810410622,0.0231889900175126,0.0397978235644238,0.0284188455774518,0.0286907455419793,0.0238650774846931,0.0246588564279157,0.0257734255042976,0.032654940284619,0.0252248789007403,0.0239067337927849,0.3160812274100308,0.3043909500323742,0.3053854127113666,0.3033590380934896,0.2988795151595376,0.2969240212118542,0.3150003248834139,0.3021629280764877,0.2993512332556136,0.2975828905686661,0.2949094398352585,0.2967083240891028,0.3177543664425357,0.3059558000775624,0.3091244067783911,0.2996967748720713,0.2956806074564255,0.2994167785853889,0.3035860534256258,0.3367855203918708,0.3688067468440081,0.2859075819669456,0.2750160339115339,0.2981252591982191,0.3106679882025283,0.306443620542808,0.3335511607329877,0.2766509927181033,0.2653502668119536,0.2753045382126373,0.3097480850622105,0.3509584588201058,0.3359336334362943,0.268858029712689,0.2708706106648506,0.2973037145655972,0.4932748575842076,0.4898025830357113,0.4667033949002181,0.4872802318926297,0.4902699387806208,0.4897968827557832,0.4787099282794784,0.4899025236281318,0.4873443854421175,0.4879404205164164,0.5613696577879423,0.7540859177821986,0.5894068268622483,0.5308129175987801,0.5551892331611974,0.486202392385394,0.4835140927959358,0.5846357343523074,0.472144533221936,0.4787497073798583,0.4718795099961177,0.4623589305432638,0.4755359994749035,0.4794873013731298,0.4608748762282708,0.4685023443822018,0.4521891683939323,0.4863302596101349,0.500882912899467,0.5149948659522039,0.4830736348050521,0.4901146259630131,0.4850701022707788,0.4679949064687392,0.4728074777175521,0.488740171849745,0.4286521753977652,0.3963709554673933,0.3800006061462113,0.3737728955920225,0.3746735322045751,0.3800553145728926,0.3719521557486622,0.38099528166412,0.3632924183312376,0.5393539411477803,0.5035715003184826,0.3725471727805214,0.3771650092409331,0.3842570828331269,0.3816828020856775,0.3748358856503806,0.3899810786328359,0.3993344862406331,0.3714001738406374,0.3776430188735418,0.3803628112270196,0.4416329584814953,0.4203395479634828,0.396520038910392,0.3787330300470231,0.3974945298999728,0.3796945298922622,0.4013414424944663,0.3798804980817891,0.3749772660855228,0.3735054720815114,0.3727855914714268,0.3710304912002051,0.4381311848728479,0.4137071772875309,0.3884749864937191,0.4335902401791429,0.4566218222556983,0.4525987040923098,0.4697964259683118,0.4699008172046746,0.4510894157699212,0.4306682081550015,0.4642029871513955,0.4430391644619362,0.4695959927589292,0.4589940280748159,0.4424783460307395,0.4244968226669492,0.4472925732766697,0.4287841282549429,0.4696697916043781,0.4414017419030003,0.4546953723118818
326651_13_consensus.txt,0.4989253877266044,0.5281532461805512,0.5443953569516466,0.498293195766557,0.5324768063703118,0.5637294480052333,0.49001523622481,0.5529210425377364,0.5403322841444158,0.5177681281462689,0.5141440949212921,0.5695584427355769,0.5049855003579324,0.539039991264314,0.5394823425445381,0.5040307159056958,0.5323227398280501,0.5462076158103173,0.4262067854185254,0.4119809775746539,0.4305211765716699,0.4028584518145131,0.4176415253525221,0.4267117615360547,0.4238308346909818,0.4063500935373447,0.4156587667832525,0.4033459997753184,0.4109115508869365,0.4148835093559775,0.4154514087814256,0.3989640617064118,0.4107340691323848,0.4062029417566286,0.4185095025884564,0.4237225669362878,0.0428361151129834,0.0421976396455328,0.035522599212296,0.0,0.0284818691164865,0.0299213282143355,0.0461201746471786,0.04492987400846,0.0380138191947203,0.0222183530075454,0.0246987053735274,0.0264520791896671,0.0330841170268882,0.0327224896136577,0.0269720271128832,0.0216762115630579,0.0282395453019361,0.0300628229403159,0.3621034196075143,0.346528591903894,0.3522878193298133,0.3345342270331208,0.3334312466540474,0.3363197527471939,0.3609423621095189,0.3426238611444923,0.344767453705149,0.3272217405743518,0.3279959982051714,0.3348465531232598,0.3658542269695424,0.3488458220779478,0.3559930099545632,0.3286879802360225,0.3299557089516014,0.338875986417257,0.353861613507167,0.3844995821273862,0.4313178542695475,0.3228076954146921,0.3129112193660219,0.3470023103119075,0.3601805537068365,0.3550888236702576,0.3836680049662533,0.3126974696443341,0.2990261784946568,0.3170693965947251,0.3560309349642736,0.4042342266811261,0.3867123806805921,0.3043068001952278,0.3058503671964061,0.3427297075714008,0.569212785424611,0.5586298993843783,0.534433678282781,0.5502032451067791,0.554127417255053,0.5559745052034017,0.5504934639786931,0.555492938537661,0.5560124610263415,0.5575672072490789,0.6428942644596418,0.844400375878049,0.6807062333694169,0.606769456782839,0.6365979736715381,0.5506377265540792,0.5515818847149205,0.6683165673589144,0.5271461726263453,0.5308739682966497,0.5251031059619677,0.5199404474957774,0.5284457002825143,0.5299157593776584,0.5169349282175375,0.5202089216316708,0.5054872274395876,0.5434211286278021,0.5509997435301273,0.5637424637693549,0.5372932285266785,0.5392615140392287,0.5403712115888339,0.5259810721720477,0.5250890372105346,0.5383732643492678,0.4774486356938112,0.443311057618061,0.4264479429846659,0.4279256756121761,0.4219668072636935,0.4279166343745402,0.4238881271871939,0.4363905801588572,0.4130109429840871,0.5881846781065256,0.5508114909415838,0.4237280271641808,0.4252621638877798,0.433012760543356,0.4295469204410906,0.4200739083467297,0.4409801932521304,0.4490811253966136,0.4113719363470238,0.4109943701986758,0.4148187658290112,0.454502916982598,0.4417949580967786,0.4254599299061858,0.4167754538100325,0.4267446991426524,0.4125518356295465,0.4173811934216758,0.4075963133021183,0.4097706639175946,0.4197440127654133,0.4105715425456537,0.4131925602874204,0.4499778344551366,0.4349243020569346,0.4181109535548621,0.4712087441642865,0.5001167155510622,0.4869429279745354,0.4896923931864201,0.5213262912579815,0.4832775970809813,0.4745179086611095,0.5113316258589364,0.4924551272948569,0.4891539918892889,0.5093352920304604,0.4738078296960104,0.4707020328993572,0.4972482708838406,0.4723507583669999,0.4895794045298274,0.4887139705543575,0.4837995442053362
326651_14_consensus.txt,0.4625103883624568,0.4888307605341389,0.5002919246964339,0.4606333524127173,0.4895455503650865,0.5216688782315657,0.4536627402268394,0.5130627170420787,0.497563629994417,0.4812777199883697,0.4739337179315654,0.5278879728721932,0.4723635955224807,0.5013461468439644,0.4977639223613721,0.4659250362657161,0.491582721757414,0.5055695943357676,0.3831886237008071,0.3706328084697112,0.3861022079920282,0.3683108758785103,0.3757806808554917,0.3837774474401563,0.3795542537243648,0.3646310466769691,0.3702172161827874,0.3726968186765838,0.3721639833048265,0.3746372089752725,0.3741184930045662,0.3592375048564875,0.3673699323679926,0.3720790258066486,0.3770338951050469,0.3834442616299469,0.0276648431273471,0.0271620342016944,0.0250093865613934,0.0284818691164865,0.0,0.0238131257165612,0.0281766721033989,0.0294845328059594,0.026285587130161,0.0325956917818821,0.0234160666534002,0.025858170121559,0.0239739394370559,0.0252753569692565,0.0264732504999898,0.0266522586786273,0.021458971126897,0.0235942457423945,0.3229166806792278,0.3097295335082535,0.3121307813034342,0.3043327563721121,0.3003923969114588,0.3010557735137773,0.3221950098490787,0.306979429278158,0.3054457655193623,0.2974730325121832,0.2958427011853537,0.2996845808318511,0.3254785498761237,0.3111966285528709,0.315644312767052,0.299445917390134,0.2975217644777927,0.303370222572866,0.3085955051249271,0.3407817663974413,0.3800353263256042,0.2872115216644069,0.2767664565169028,0.3046288334836617,0.31558270338137,0.3119414756872487,0.3397115932236971,0.2772363737541354,0.2640880743878568,0.2780985539350276,0.31323573845604,0.3554967627118692,0.3399513793527546,0.2686111749008795,0.2706909223515907,0.3023935995260345,0.5138499659848108,0.5086248513162737,0.4841636509688349,0.505254073158909,0.5089981596874615,0.5086601716487209,0.4992550591498741,0.5081902596034951,0.5071199543644269,0.5088444238596139,0.5876825196544608,0.7838338156197722,0.6185323317458327,0.5549472633212069,0.5800441552946047,0.5037993732462667,0.5025584117353397,0.6080092160527677,0.4847689413407785,0.4913384536975052,0.4840400213795242,0.4753085000525168,0.4873650887261078,0.4908953844190762,0.474056146747511,0.4804862994972936,0.4641272184726048,0.5008857105122573,0.5130523563312224,0.5268333709726889,0.4964340035371606,0.5015041122155424,0.4993551875352011,0.4823177433222092,0.4847251406133352,0.499975014772211,0.4428668459067602,0.4086042347045904,0.3920606290078083,0.3895794418117297,0.3871635419321677,0.3923943451810778,0.3874247563568715,0.3971415798642113,0.3765896806813842,0.5529368135461397,0.5148778173731579,0.3870652569143225,0.3919209952605591,0.3981280271483207,0.3948978134188508,0.3870366860017462,0.4056093500632727,0.413901787628248,0.3789523969696731,0.3835591987344067,0.3858926833360598,0.4392900050446897,0.4212658900407859,0.4007129963476572,0.3853839415355686,0.4013318886500805,0.3850646225592662,0.4009632304906212,0.3844327837070551,0.3810991812704678,0.3842507004455946,0.3800607219478209,0.3805169294413844,0.4356752882936909,0.4147697622002226,0.3932348566610706,0.4417313706034491,0.4672088799689931,0.4594987971610429,0.4711053755748438,0.4826183078805641,0.4569994087549567,0.4411048353562741,0.4761095528613666,0.4562610068933068,0.4704260066460364,0.4717234756119808,0.4477744518717337,0.4363482181456923,0.4596914448105131,0.4389631920028733,0.4705959828809583,0.4532354395622953,0.4592778604115928
326651_15_consensus.txt,0.4707484395648009,0.4969321961417812,0.5081740682373095,0.4682173695856662,0.4974654047295743,0.5291189489545367,0.4617044981700573,0.5214373243569383,0.5057934794851384,0.4894758663330947,0.4832995423349473,0.5367828422455041,0.4808241069919319,0.5088341906156231,0.5054040840803182,0.4737888830782779,0.4981400385115755,0.5133189300387357,0.3998926409067351,0.38753589307316,0.4036936285923715,0.3855187866145009,0.3928430801755453,0.4018572291355049,0.3963012573522668,0.381790186246711,0.3875680499358793,0.3892417423861865,0.3889504130975112,0.3915234604187922,0.3911806420286972,0.3755137525333332,0.3842293206241933,0.3891298030969992,0.3940860874775751,0.3999687256985105,0.0286984838614223,0.0271805696309002,0.0240134822914299,0.0299213282143355,0.0238131257165612,0.0,0.0301400001814897,0.0299750339712581,0.0255264020539129,0.0341096185904454,0.0249657315454605,0.0238668907634327,0.0240721556800593,0.0243453474048322,0.0251600007208239,0.0278160479999556,0.0238204893550815,0.0216576875115315,0.336057399505016,0.3228883604977959,0.3255846636628412,0.3188877104350673,0.3147208245528148,0.3148400726655147,0.334814735264203,0.3200979364851832,0.3187514663211566,0.3123831148826639,0.3104745205459451,0.3138164094194664,0.3389113050957029,0.3246549383329338,0.3295241656395653,0.3146570515145797,0.3117945732178455,0.3178534818599949,0.3274396825600867,0.359916936426977,0.3974622780033456,0.307025191997198,0.2958225427471461,0.3220333991175508,0.3352323533225743,0.3307460833152937,0.3578546280420305,0.2966042417792955,0.2838804410341922,0.2975108875192731,0.3333923021103473,0.3770091844355754,0.3601933085503965,0.2886807008565135,0.2910787611325247,0.3204971421646796,0.5248308090638716,0.5191686135019857,0.495132106744343,0.5138448603712042,0.5172375135340062,0.5177240839723467,0.508929967318128,0.5172416701778815,0.5159467053899007,0.5168655227225365,0.5938377981885701,0.7906566868718414,0.6252811744027937,0.5616477655664802,0.587850983058658,0.5139413013043495,0.5117917513949237,0.6186291294353801,0.4961902437872112,0.5027399395576175,0.4957213875301391,0.4876198215291758,0.4989494095535924,0.5023167997832729,0.4855574429140681,0.4921738807688598,0.476158216617641,0.5112797017258224,0.5232901408041606,0.5368723919292933,0.5074636965177142,0.513042401336044,0.5098994490218871,0.4939858678708226,0.4966186083308237,0.5113437978329394,0.4470648919862761,0.4139664423099276,0.3969434760760499,0.3929737242392832,0.3917630914329955,0.3971142901777647,0.3905929541174373,0.4009961562710771,0.3818653260736333,0.5582686569676696,0.5236886210224476,0.3913609510942848,0.3953257529206233,0.4028803247801065,0.3995585677924254,0.3911862113264632,0.4087712182701573,0.4175681841994745,0.390212797513211,0.3941581858951082,0.3963659269512121,0.4496009465402117,0.4312155096971537,0.4105708892920177,0.3962959798285688,0.4110848605757198,0.3953965422182186,0.4115777150639594,0.3937992554609053,0.3915121811445701,0.3944524609801583,0.3899884850805044,0.3902835700511424,0.4464307085834491,0.4246369496890274,0.4028681493192145,0.4526453263304084,0.4789549428894872,0.4703064295007024,0.4829496614182957,0.4935444385091223,0.4686556515125346,0.4516113573618057,0.4862389300345171,0.4664676936478038,0.4827170169069887,0.4826800248477454,0.4597713119993614,0.44581989734057,0.4705919262734284,0.450117567816978,0.4826082571692467,0.4628011716410647,0.4706528908771474
326651_16_consensus.txt,0.4232141365385082,0.4449937571889641,0.4509742555941898,0.4198577269288464,0.4432311123525885,0.4763352475706881,0.4160401657703154,0.4715245632679874,0.451562393455184,0.4415281113383535,0.4306885701979759,0.483323556473664,0.4399386892807833,0.4622231033180384,0.4525256212528923,0.4235446783009742,0.445768404274915,0.4620499295514975,0.3450795727196052,0.3344774602961884,0.3462399732322154,0.3403179435144032,0.3400137699965988,0.3471366693460105,0.3400240993278629,0.3277179246432489,0.3314204698209018,0.3487962842853136,0.3399014356126457,0.3397119085801634,0.3379551837760601,0.3244867870508692,0.329060546491263,0.3438627130324114,0.3411747016638351,0.3467399668539279,0.0220828998665538,0.0240188955903803,0.0258102500320163,0.0461201746471786,0.0281766721033989,0.0301400001814897,0.0,0.024960254839172,0.0272834838953031,0.0506931254058962,0.035292765227048,0.0353050118092994,0.0250556077760606,0.0289801378388432,0.0341631645478948,0.0426348846339408,0.0314261890171039,0.0288527717903335,0.283096341412886,0.2727427773674122,0.2728209740590799,0.2750489842108585,0.2699617516910741,0.2667196276657719,0.2814970447766818,0.2716539825263915,0.2665660827347693,0.2690116385405154,0.2658043843715596,0.2663763631099947,0.2837987419481678,0.2746443265333838,0.2755180128641648,0.2714340674546847,0.2670576754312996,0.2696065751905792,0.2677293178435747,0.3010588876638316,0.3299754223802331,0.2556203698288684,0.2440035147965389,0.2635924922843244,0.2746962726100435,0.2714519020562917,0.299119014163292,0.2454770116306903,0.2363528487186528,0.2441127641627609,0.2747783478719334,0.3128820602522637,0.2993055566088429,0.2371606851794467,0.2398398215534385,0.2636889849212807,0.4523802502209264,0.4512406985080233,0.427725797267346,0.4524857895344922,0.4545873339813084,0.4536336027368151,0.4404649114551127,0.4536803378017957,0.4510691242050306,0.4504837273006288,0.5209903207624365,0.7093670126134555,0.5451818244360425,0.4919445570206342,0.5132994275973211,0.4499891141147429,0.4462836273559496,0.5392306910950815,0.4412854062527813,0.449663557292741,0.4410416234683012,0.4298600217843926,0.4457041200362006,0.4518310632009843,0.4293839219974948,0.4399383686466365,0.4224878630683371,0.4549205475804498,0.4731046812321082,0.4876064549797831,0.4527591131565245,0.4616800518884538,0.4555125171897245,0.4361233099124746,0.4440408753141298,0.4608214693780113,0.4047255262833289,0.371132343168977,0.3554482032924895,0.3472917731133442,0.3501930459712774,0.3541452116922556,0.3476459458595435,0.3552732243341765,0.3375173029624037,0.5151212203436302,0.4779455745741394,0.347584164178162,0.3523109617490263,0.3592704088015352,0.356306250994578,0.3504239909857958,0.3650571973952665,0.3755203089632779,0.3443288011047976,0.3539886760636825,0.3558183269588753,0.425678038378777,0.4010173391990079,0.3746432291565469,0.3520504768161849,0.3754667126107449,0.3563661793400925,0.3843476467868996,0.3596204127041105,0.3500867517408608,0.3447612206907777,0.3470392473082953,0.3446784804079392,0.4224936534924417,0.3946548483397336,0.3660404451700216,0.4068122169366361,0.4297451553097957,0.4265169623148743,0.449348514247113,0.4367502759887927,0.4269024092668658,0.4023524218142817,0.4341678290641653,0.4117375465555071,0.4504676673608117,0.4260995597738741,0.4176200285502638,0.3944583340451295,0.4161485744954767,0.400778301894622,0.4499566165327806,0.4111873551207807,0.432013397749138
326651_17_consensus.txt,0.4194536770724433,0.4421617389299079,0.4483114978967641,0.4155947412701835,0.4402342023424666,0.4718927328205993,0.4117478060928938,0.4678362141993517,0.4495791853855415,0.4377176264243552,0.4274881590661792,0.4796021886836072,0.4335429411901756,0.4564184041396864,0.449309157998023,0.4201913147009399,0.442452220281865,0.458115133519108,0.3479124906168067,0.3375314916894432,0.3498551788211088,0.3425652342158898,0.342478216741032,0.3498524027981027,0.3433957158708161,0.3301459127241273,0.3343868375524685,0.3491321879453934,0.3420713312045613,0.3426292143965135,0.3406711757174676,0.3272070630245132,0.3322563544909016,0.3460715505645453,0.3438016719274195,0.3495969758172421,0.0252635628199691,0.0233298531153991,0.0256328810410622,0.04492987400846,0.0294845328059594,0.0299750339712581,0.024960254839172,0.0,0.025467301507124,0.0491260169287386,0.0355065555307767,0.0333071079729165,0.0270427058496665,0.0265871702788302,0.0324937193433143,0.0423621515592458,0.0318741138502147,0.0283274125375392,0.2825518858292533,0.2725016854718802,0.2734030388450534,0.2741382981438782,0.2691463741260591,0.2660981323837106,0.2814654124691031,0.2708873783199301,0.266686755508033,0.2683032943869925,0.2652553511066138,0.2660406665326746,0.2840500999764117,0.2737546657603502,0.2760481580495799,0.2708269266414369,0.2662711983215757,0.2688121150211984,0.2694240874411981,0.3033406326203121,0.3334555534653276,0.2566186122551706,0.2447440938426481,0.2662432032734649,0.2766398950669533,0.2737928805656651,0.2994420397481043,0.2465061028655633,0.2365231983001336,0.2452132230518025,0.2768285127333989,0.3174850506396467,0.3024331608582571,0.2391789686269909,0.2416895809458346,0.2656680141506307,0.452879456608855,0.4515102418212251,0.4281422949093354,0.450833726202049,0.4536357980618604,0.4524477400449243,0.4402737488423405,0.4525544658445177,0.4505125567503256,0.4498132901997209,0.5204513780809243,0.7105262207840859,0.5469135407033363,0.4909978017455607,0.5137555976327022,0.44964619996761,0.4454629263818752,0.5409692081456114,0.4404998143570537,0.447572000599429,0.438907772055721,0.4295021536516366,0.4450777941005448,0.4494210438130288,0.4286683376021862,0.4378286793941512,0.4212497910763204,0.4535874620508231,0.4703713497693798,0.4844019340087726,0.4517054559382707,0.4594213491499488,0.4537319633588019,0.4349288595487444,0.4418912167463134,0.4579763526101779,0.3984494274088774,0.3649334467019791,0.3489798559215202,0.3427453066137538,0.3447537899282338,0.3488032969207495,0.3429346510511237,0.3510970415843033,0.3319759239002842,0.5093199844303946,0.4732264698780781,0.3437957277227461,0.3482473854539769,0.3541731786100861,0.3511926189675094,0.3452180146931276,0.360205500834116,0.369770239489295,0.343617848741335,0.3520587972927984,0.3538579044470467,0.4211506333238368,0.3982718775353113,0.3718028545108325,0.3509614593247505,0.3733696178301997,0.3542904148860373,0.3816752532049925,0.3574394202597766,0.348847360167074,0.3441090470144345,0.3459644208822041,0.3437071605387309,0.4184876542291498,0.3912145671425655,0.3637796154245976,0.4059653094620472,0.4280650502215977,0.4258359304742356,0.4472055825318328,0.4381838181497741,0.4261009678534222,0.4023250716805435,0.4359003624462545,0.4123853094719791,0.448583925466739,0.4272905187873164,0.4168972052763529,0.3958181712300579,0.4170186388738131,0.4009043433238979,0.4481523479948741,0.4118794709102182,0.4306847759126881
326651_18_consensus.txt,0.4458616856313924,0.4693576779874782,0.4783762326478395,0.4429894012105215,0.4688976814241528,0.5008590350744839,0.4377752325268531,0.4954915855026698,0.4779808833773202,0.4637068450970218,0.4556648293321075,0.5084840747756161,0.4580013865215875,0.482385783412063,0.4760957830779695,0.4479437370278596,0.4709988224579895,0.4859579919425201,0.3720159702704251,0.3607541496072421,0.374779188540689,0.3628567323141354,0.3663763714954271,0.3744263199448348,0.3677548653650397,0.353604312120872,0.3587177752843473,0.3673238125220628,0.3638026843225148,0.3656260022913038,0.3642051088295019,0.3501136316992195,0.3557196395436079,0.3659979237452546,0.3677409231258082,0.3741003509040901,0.0259530303808936,0.0247037571776154,0.0231889900175126,0.0380138191947203,0.026285587130161,0.0255264020539129,0.0272834838953031,0.025467301507124,0.0,0.0431424137613198,0.0301323855388346,0.0294587883608627,0.0250396382722115,0.0254440782606693,0.0273154354358844,0.0349103531422088,0.0267356961296698,0.0255172975319304,0.3070477216922604,0.2957896610256405,0.2979464798555931,0.2957939320324172,0.2900332585903236,0.2895263190211068,0.3062160598329981,0.2937310771938257,0.2905896783029966,0.2895269489386578,0.2861138264820724,0.2881466844978781,0.3093167741628022,0.2971569087131449,0.3017731660961829,0.2919914832569183,0.2879231083490055,0.2918074688446168,0.297628286904537,0.3302506491547632,0.3636238510265954,0.2805259200498504,0.2700764323653501,0.2924566950265657,0.3037774180571233,0.301192962406887,0.3269914965317184,0.2714203972445403,0.2596303800405053,0.270968059428494,0.3028642255667044,0.3459648570579183,0.3301010620565137,0.2642773514700742,0.2661250265313732,0.2916048425114255,0.489626696828779,0.48632069540038,0.4620693691076667,0.4830267338434453,0.4862173022373284,0.4852305662108023,0.4752545294734212,0.4852693878089731,0.4835789206269325,0.4835127365321554,0.557302061152825,0.7496492629574334,0.5854231393663945,0.5263388976560499,0.5505448027613511,0.4824920184639083,0.4793256848469092,0.5794418977352045,0.4688079263055584,0.4759629709408415,0.4670097834163158,0.4588099882670349,0.4728662799924308,0.4764435887714242,0.4577462174783306,0.4660889518032149,0.4482006562969793,0.4827268818838206,0.4982966554464845,0.5111246153891535,0.4800614371927167,0.4867899253767902,0.4824253100417728,0.4646972064273313,0.47048220791633,0.485296910499347,0.4218982737795684,0.3875696702241811,0.3704792743324354,0.3656182122783491,0.365565494487587,0.3703644286686405,0.3647029177055465,0.3734106151867209,0.3542431777549595,0.5336298783510287,0.4972579797411036,0.3654553599521257,0.3708039677093424,0.3760834552169818,0.3722071665065094,0.3666415589347771,0.3813029864453234,0.3910555610881161,0.3669832704129305,0.3741430994608201,0.3763607919389784,0.4365171271880257,0.4158068663131757,0.3925679977772844,0.37410984604033,0.3928404252719026,0.3752503585283619,0.3991500636558491,0.3770831888186379,0.3713489996305341,0.3695929557628581,0.3688871816523544,0.3680344304689598,0.434050271858009,0.4092255425080786,0.3840027180226109,0.4305487542131878,0.4557308519369911,0.44941126984547,0.4670928910369625,0.4665466530086704,0.448635510944392,0.4277007623470332,0.4614363225768514,0.4394890526205053,0.4671427171065261,0.4544071086857677,0.4393918715679206,0.4215049789259311,0.4433285480568436,0.4255692642127826,0.4668491582484186,0.4386644033933535,0.4519639321843414
326651_1_consensus.txt,0.506721565863792,0.5371802070284772,0.55326804354765,0.5059250592601465,0.5424359644056373,0.5712312629985448,0.4965995994795378,0.5606435918547596,0.54855675284319,0.5259017153374685,0.5214064867368684,0.5784559029166942,0.5077728379773205,0.543718978815086,0.5459082638323522,0.5113606114607947,0.5422806558482804,0.5542896021908206,0.4240051348169871,0.4095590585578001,0.427947541502153,0.3996034124831844,0.4153746584027757,0.4241937696069158,0.4220478514403005,0.405286434983708,0.4142099973336393,0.3989036372266028,0.4076400861684632,0.4123382216775795,0.4129679669623662,0.3964763382425822,0.4088012320401226,0.4033821468388971,0.4172761275103624,0.4215493768997334,0.0475845819521296,0.0470223579801221,0.0397978235644238,0.0222183530075454,0.0325956917818821,0.0341096185904454,0.0506931254058962,0.0491260169287386,0.0431424137613198,0.0,0.0267409285945916,0.0279136381412996,0.0359349439420313,0.0357379194837754,0.0282939527698253,0.023126457855227,0.031563286557354,0.0334087788968702,0.3656338855432075,0.3504373422548426,0.3580063945942946,0.3366070660387876,0.3364655717229183,0.3397408613147235,0.3644068253668742,0.3455619984411804,0.3488225852888114,0.3289040503981901,0.3300244028981183,0.3378838674264912,0.3695520132877306,0.3524515305819093,0.3614809936364977,0.3304869598876792,0.3325959681422574,0.3424412917949411,0.3546551736108583,0.3845992231733213,0.4343663477999904,0.3215837470968417,0.3132189770608811,0.3484962662580493,0.3604676260529693,0.3565852009032788,0.384742513037299,0.3139675991498194,0.298706609800373,0.318469618552367,0.3551852189015605,0.4079701056527938,0.3896552415472953,0.3048075741729334,0.3065619911236474,0.3436011435486463,0.5824044774856922,0.571751810655698,0.5458718902961621,0.5625965954914918,0.5662751165380868,0.5685012964879306,0.5635201680959518,0.5678223678310808,0.5694858066252593,0.570226195693003,0.6587224634349624,0.8647804281601665,0.6971070657603065,0.620630712181331,0.6517479094786864,0.5638871091412483,0.5648345606860907,0.6839886431742563,0.5367388634398438,0.5407842608589029,0.5347719299894891,0.5297448912649187,0.5379445130328904,0.5389907838051187,0.5257486770941284,0.5296505615002829,0.5147385987049233,0.5542053306325911,0.5613480889720428,0.5736317285250543,0.5476833792063225,0.5489568221500534,0.5504837237800544,0.5355595774364375,0.5344018898466487,0.5484715881442064,0.482025767487233,0.4419833139965767,0.4258038187045656,0.4291429831496991,0.4207109382052074,0.4282051771545418,0.4259565852388576,0.4391391391080397,0.4121585025335434,0.5927548083807466,0.5536287655203687,0.4231358246064083,0.4264860481596031,0.4312812407268076,0.428900025606179,0.4179176534765467,0.4409428166017868,0.4501536529404113,0.4141713355856886,0.4135003502890946,0.4166894615635392,0.4514397961877208,0.4410106120344323,0.4264338884258336,0.4192078817028886,0.4262076071535503,0.4140200126860911,0.4160481306921362,0.4088285653069725,0.4125027694599623,0.4239786547744835,0.4134105583195122,0.4161139270979497,0.4468047470933669,0.4340007695552543,0.4197937090014676,0.473358909376266,0.504209480520899,0.4878093201077256,0.489288925244594,0.5256482636256017,0.4847171672330184,0.4766935793907763,0.5157117141180798,0.4958534190914356,0.4878757047451181,0.5148113361696147,0.4754288742034767,0.4735493136400279,0.5010138464268117,0.4742675031718839,0.4890830799258587,0.4920999872169176,0.4844582932588217
326651_2_consensus.txt,0.4823924867038798,0.5097063610992585,0.5230984332685438,0.4814609737347766,0.5124192462615795,0.5447971053546645,0.4739128148654181,0.5352924858441632,0.5195690738071121,0.5009942513018828,0.495226595722265,0.5509291951982647,0.491898201354207,0.5219709325837272,0.52030907896809,0.485842360579273,0.5134975249498375,0.5278609182569127,0.4031741337322501,0.3899188630783854,0.4070027296338523,0.3854273586231684,0.3960866933035305,0.4047494545029622,0.3999212281939357,0.3849502210507864,0.3916349306662994,0.3872711093642351,0.3906818877927662,0.3939626891735344,0.3932474274776254,0.3771988834413413,0.3868727113091985,0.3893065250577727,0.3974560686287347,0.4022270808561039,0.033403056231382,0.0318983775693801,0.0284188455774518,0.0246987053735274,0.0234160666534002,0.0249657315454605,0.035292765227048,0.0355065555307767,0.0301323855388346,0.0267409285945916,0.0,0.0237854863797508,0.0267092613467845,0.0265887171208092,0.0238676694647566,0.0235980940682125,0.0233520341919302,0.0249937354942595,0.3416291458648111,0.3283614902951761,0.3326586112541676,0.3197606386925429,0.3179082392438843,0.3195901141767905,0.3402641374290596,0.325192370438284,0.3251143641028768,0.3127849077690676,0.3132795520992282,0.3179969599396131,0.344581611802937,0.3300856521146329,0.3362529368911708,0.3140207205593626,0.314302097153913,0.3224071643457868,0.332122996161452,0.3628682397007594,0.4060145354328917,0.3053031403045096,0.2955509123331481,0.3257745143941619,0.3382703676122318,0.3333682701063445,0.3621697605355543,0.2963279545022033,0.2831360557150972,0.298455739219257,0.3350183576631451,0.3802728502723944,0.3644492605231981,0.2873010120826222,0.2893499392253744,0.3224920420888395,0.5399113312664561,0.5326612987663069,0.5084681995692506,0.5263149485713292,0.5298590702620203,0.5307341135207473,0.523709545255592,0.5308363683036639,0.5302362639189049,0.5306979207366851,0.6121928313940224,0.8091525255184635,0.6457824788123006,0.5780436151419082,0.6053195815659542,0.5260567323871079,0.5257729655142924,0.6353497842894242,0.5060575996512213,0.5108571692483928,0.5047125367006444,0.497536731472298,0.5081221011856698,0.5108096786295135,0.4946100897692496,0.5013466277898893,0.4850424573853971,0.5215813419110482,0.5318945745027115,0.5451406425605541,0.5170720658275307,0.521231611569732,0.5195675855902699,0.5037781583687995,0.5052461806291433,0.520143677322519,0.4578835293860912,0.4221585218981758,0.406819085542331,0.4054202608065083,0.4017593195070539,0.4076517025507087,0.4026864379029859,0.4137892916125736,0.390727863305365,0.5688693039429964,0.5325852761206313,0.4021129039293143,0.4052689504736051,0.4122290900140015,0.4092502546428171,0.3995037188329959,0.4188469544460282,0.427852537770395,0.3949480703348627,0.3974523622246799,0.3995693781164782,0.4470918671467849,0.4318331493734142,0.4130614215371047,0.4015137668282307,0.4138839305935349,0.3988948923989568,0.4093009029318857,0.3959732934636797,0.3956151314978768,0.4012697976628203,0.3946331837728962,0.3957446544335035,0.443803591685576,0.4252470469130358,0.4053748196848623,0.4573358560289087,0.4853500649854965,0.4741023740851346,0.4829897939345429,0.5023220904255155,0.472255266104078,0.4574449231011215,0.4940854564774994,0.4745344870580652,0.4826666557163186,0.4913984849856838,0.4620724693560305,0.4532936973241419,0.4779519826967267,0.4556744647889168,0.4824790664326457,0.4708356984403359,0.4726877936106319
326651_3_consensus.txt,0.4690600924930272,0.4975062450862637,0.5105136159804466,0.4682052840686559,0.5006455313486278,0.5307076201106362,0.4606101085542846,0.5213511481590736,0.5073797076257236,0.488715575792412,0.4830847257299595,0.537221943501013,0.4762619461574324,0.5063998264374305,0.5050518882748314,0.4731891347410411,0.5006126564705902,0.5143912940285666,0.3952684378264877,0.3823750448003018,0.3987016270190615,0.3776889307543385,0.3885140006847791,0.3966456195916237,0.3925929585996321,0.3770251768050912,0.3836597134595365,0.378422268172784,0.3821311474963664,0.3854861750812084,0.3854700766671683,0.3697096105166153,0.3792715693103261,0.381540119130733,0.3894345126366936,0.3946038369299778,0.0331314982828914,0.0316427896272557,0.0286907455419793,0.0264520791896671,0.025858170121559,0.0238668907634327,0.0353050118092994,0.0333071079729165,0.0294587883608627,0.0279136381412996,0.0237854863797508,0.0,0.0263598703781475,0.0254143315033239,0.0235055162030128,0.0249053141824688,0.0253944800915526,0.0237724823679883,0.3334069287265677,0.3206747344120408,0.3264934473773948,0.3126669465747191,0.3107865103278584,0.311766853488308,0.332450709674255,0.3165203074260851,0.317386122224164,0.3058576511570976,0.3053412954378061,0.310358441986768,0.3367878116816847,0.3219342917713739,0.330068758256985,0.3075289264656682,0.3074249301400691,0.3148487171653222,0.3227979383904085,0.3533844282942233,0.3963005328605149,0.2966552355462362,0.287264889140804,0.3172212362507238,0.328671356413551,0.3254082123869501,0.353627271028607,0.2878519512065516,0.274196904111804,0.2905682983518005,0.3254818642532875,0.3751471117401941,0.3563232173511181,0.2800230941021873,0.2809800490109992,0.3140899980858975,0.5323571074746809,0.5253909257494342,0.4998043899089204,0.5178431212855976,0.5214213046885376,0.5214790737339143,0.514890791807268,0.5223009154722149,0.5222041105067632,0.5211305900327758,0.6033873958993077,0.804597881796596,0.6381066321724873,0.5682606263428127,0.5964894844072717,0.5187778597573853,0.51787272966126,0.6282130878457437,0.4987422786993853,0.5050310939697233,0.4969922513026645,0.4911096650198203,0.5017654683098023,0.504211139647559,0.4889436709286769,0.4942867550919025,0.4781842559434004,0.5151728022541526,0.5253622221201688,0.5389921276284362,0.5101889850286412,0.5146870718646284,0.5133103593132518,0.4972144211032265,0.498827880728264,0.5133408484573145,0.4463185499252482,0.4071261508280628,0.3917758133514617,0.3916633514720864,0.3871496748950314,0.3935814563927948,0.3904601946121779,0.4018482911514134,0.3773892847882223,0.5578022794897493,0.5187727302651517,0.3885140005362899,0.3913708622344884,0.3971612822360342,0.39376383127858,0.3840727943271851,0.4039652160493325,0.4128624998176278,0.3852618229276032,0.3881137661478036,0.3909337573256444,0.4352695712582566,0.421075496268056,0.402599825992052,0.3912591971045493,0.402849724638223,0.3875667550016963,0.3997084308588903,0.3861198233003975,0.3861376028520311,0.3913881268157304,0.3848011034603118,0.3862840128723697,0.4319476602535701,0.4139953839387509,0.395986026660541,0.445148703314679,0.4737432725228316,0.462726039423071,0.4702118451728196,0.4926069658820644,0.4602691002146066,0.4455054476591513,0.481028377364602,0.4621594692731037,0.4702754447932449,0.4799836181517207,0.4507668163011544,0.4408143086911913,0.4675394811728353,0.4437097252995308,0.4706795952416556,0.4589534576670075,0.4611313076740657
326651_4_consensus.txt,0.4564618248934238,0.4810449220515735,0.4903071139720865,0.4536247161277664,0.4818243583668682,0.513344756013133,0.4482574487047444,0.5065176049705684,0.4895902633170159,0.4756123280094648,0.4666981847872833,0.5213031615498913,0.4682779954929792,0.4942014392511602,0.4888217843452551,0.4582042284910628,0.4827041863591681,0.4977884953208402,0.3763210563360353,0.3653579638102187,0.3791408643677911,0.3662792116835263,0.369965036002057,0.3786581117002434,0.3727324482862002,0.3591198273012495,0.3636119562036697,0.3706349360372343,0.3672886896392242,0.3694972823423974,0.3677617542645244,0.3538786085487118,0.3606330812379283,0.3695064689924052,0.3715672405501884,0.376869002616349,0.0246746017636425,0.0249238013439594,0.0238650774846931,0.0330841170268882,0.0239739394370559,0.0240721556800593,0.0250556077760606,0.0270427058496665,0.0250396382722115,0.0359349439420313,0.0267092613467845,0.0263598703781475,0.0,0.0237097078390533,0.0259644330279726,0.030586323623698,0.0250388281777169,0.0235477050131507,0.3148906951246495,0.3034922163778795,0.3070047371026092,0.3017648895243177,0.2977839981707291,0.2964863282297543,0.3136424358352165,0.3013742881108747,0.2994293049568775,0.2942641668413976,0.2925366520991659,0.2956160821911844,0.3171593694602457,0.3053845278231293,0.3094560358574192,0.2967945023445253,0.2943870640715644,0.2991308026867827,0.3015327578047326,0.3348118151417196,0.3701130990252252,0.2834124880904198,0.2728440931019449,0.2978755564563222,0.3087800725912686,0.3053237725219162,0.3337390019752817,0.2742766210053382,0.2629261341236422,0.2742708081931049,0.3073447754525737,0.3507478626293157,0.3342621408883914,0.2659371241066459,0.2680714270426314,0.2961449017327169,0.5027248253818541,0.4987883192157483,0.4745646312205558,0.4955818701761956,0.4987440951253639,0.4982723036010057,0.4882307887251471,0.4987366703366547,0.4970399776256968,0.4962889231766425,0.57242601862432,0.765302451469676,0.6016118905370469,0.5410374181197071,0.5655526603454746,0.4950655174910991,0.4923564663001478,0.5946441498908293,0.4791367235705586,0.48585291870247,0.4780994049769873,0.4702687847763229,0.4830693831030999,0.4873760597287706,0.4683700315701777,0.476546651297582,0.4591760171735544,0.4942829214678284,0.5084088764324974,0.5221367647606137,0.4909731476343388,0.4974557525082161,0.4934560675015227,0.4758910497669077,0.4805858374498513,0.4962283219427554,0.432535151503,0.3968399745614697,0.3808690799557936,0.3765963667899399,0.3753391227160101,0.3808024293340892,0.3760246936114413,0.385687760262094,0.3643949992261284,0.5439386398788564,0.5051928839984967,0.3747395092281707,0.3793068077211323,0.3850178364491796,0.3821796410144458,0.3746319067716115,0.3920111516574103,0.4019188672331033,0.3731434158153739,0.3792078892148467,0.3814480047224258,0.4391469328705568,0.4199404055812081,0.3970196601765892,0.379623047610913,0.3971585058607978,0.3802424833202558,0.4002275805476856,0.3808014082218491,0.37590234138964,0.3764248744488512,0.3742357277820147,0.3730164308707557,0.4359476222429919,0.4129338167983754,0.3886676830608664,0.4338956523765134,0.458716132969986,0.4524671314345312,0.4678994151388878,0.4719596711134741,0.4519897953879876,0.4322084351075759,0.4661530181661177,0.4455996080943265,0.4691387960900215,0.4614338153568482,0.4420804876923334,0.4259771619497101,0.4491445238472806,0.4304845835089743,0.4689038370814948,0.4431694127524075,0.4547637589640843
326651_5_consensus.txt,0.4640478666650409,0.4891318697014384,0.498266937896453,0.4607419583840908,0.4896494121355914,0.5206402223647473,0.4554117205907815,0.5149524191794228,0.4970619728160059,0.4816858623170681,0.4750207719106782,0.5274640907837806,0.4745330521127222,0.5011889231806386,0.4960990048340008,0.4653450434465185,0.4899409472098917,0.5051918995273894,0.3876091541419875,0.3764633681113025,0.3901470699486751,0.3760901141587212,0.3813374941873526,0.3893670333018661,0.383775414358336,0.370167428730273,0.3744821355326273,0.3788394806821742,0.3772563634059338,0.3797885598277801,0.3785369597483949,0.3638092127609766,0.370997199418106,0.3797278237353687,0.3825156469472759,0.3879377443144172,0.0273148465228239,0.0249345900903286,0.0246588564279157,0.0327224896136577,0.0252753569692565,0.0243453474048322,0.0289801378388432,0.0265871702788302,0.0254440782606693,0.0357379194837754,0.0265887171208092,0.0254143315033239,0.0237097078390533,0.0,0.0252227276703393,0.0303378727403469,0.0252241409112201,0.0238269778432034,0.3240656801152148,0.3129638939743024,0.3165042201834573,0.3100897107236484,0.3070045714181333,0.3060297862429877,0.3229142231298993,0.3104829911605158,0.3085964407876744,0.3039013155435128,0.3023970602893975,0.3049111792806585,0.3267316529479913,0.314449910464738,0.319967084435909,0.3056730844583484,0.3035605434783264,0.3087275834006249,0.3131064201746412,0.3451458720749514,0.3816787775905403,0.2941026108718745,0.2836766532456991,0.3086889371343453,0.3201648573429025,0.3177525974075053,0.344458251933748,0.2853515281213354,0.2726115796989781,0.2860210653435118,0.3190488536200746,0.3635604021078578,0.3463117305892034,0.2771667614172699,0.2788308701288713,0.3074946471129003,0.5100625220035333,0.5060172489826193,0.482066505910673,0.5016804272164421,0.5052269881950728,0.5043366651217696,0.4958511973404924,0.5048910342591064,0.5035343116686768,0.501955982616181,0.5789082550106528,0.7749667966033371,0.6085584311756449,0.5461286875003708,0.5723436755327924,0.5017234841775924,0.4992541722405121,0.602165590715714,0.486338617234189,0.4920526748628155,0.4851363777721431,0.4772596027551188,0.4900326373890245,0.4937285981118577,0.4758347960002105,0.4823354917186506,0.466149371209525,0.5000931209623722,0.5137648442404803,0.5275992968514274,0.4973412496186746,0.5031168845700833,0.500460372328412,0.4835243343031763,0.4871926140246074,0.5025830573607664,0.4370800415481994,0.4011369822122823,0.3850380814470924,0.3816360133210281,0.3805811049193188,0.3863189196610896,0.3805756557525832,0.3907282491271466,0.3687341767784922,0.5497163055787837,0.5120396875654158,0.3798264721555959,0.3852561667606657,0.3898254145026634,0.386412899464652,0.3798416478571624,0.3962882807467736,0.4052316921627366,0.3810939244661782,0.3867673566353886,0.3887915152589514,0.4446873232454074,0.4262932298624307,0.4037537667875668,0.3881411928681579,0.404304351542077,0.3875048750901513,0.407404647419419,0.3890220800405473,0.3841419093606504,0.3853095480705661,0.382608003813246,0.3817304831056631,0.442313109333206,0.4190816066774907,0.3960963439164828,0.4442088181206571,0.4697508705141935,0.4631052891965694,0.4783756427979924,0.4826006241608844,0.4624393012727417,0.4418053787032043,0.4775176925772335,0.4555341955794958,0.4782023606020154,0.4699442840239953,0.4524612915293815,0.4364850555854325,0.4611242895019991,0.4397651400428799,0.4788192906019191,0.4532824603696426,0.465505378461323
326651_6_consensus.txt,0.467168563888837,0.4940365668028974,0.5062745484393396,0.4652068412957781,0.496511277475431,0.526570496605963,0.4579294970854306,0.5182365477330038,0.5043286252026888,0.4850676489530379,0.4794445746510263,0.5337524830426652,0.4742884686777913,0.5033100469293927,0.5016507991697843,0.4695490970334148,0.4965209104572423,0.5103195317357283,0.3928840194430876,0.381571543294644,0.396700057279034,0.3775078347964005,0.3858447979384536,0.3948297559998401,0.3897074788454944,0.3756264790465202,0.3815937251811583,0.3781323884195871,0.3809535400245991,0.3848662505295017,0.3833948819614399,0.3684532185651044,0.377243914700486,0.3811013385678095,0.388267989845982,0.3926641970655709,0.0326657242723555,0.0312035956845058,0.0257734255042976,0.0269720271128832,0.0264732504999898,0.0251600007208239,0.0341631645478948,0.0324937193433143,0.0273154354358844,0.0282939527698253,0.0238676694647566,0.0235055162030128,0.0259644330279726,0.0252227276703393,0.0,0.025831185508494,0.0259456535198232,0.0245570529372898,0.3285414582242012,0.3169350641806474,0.3224428174078078,0.3100133101556146,0.3083522781118617,0.3091714823743672,0.3276350455492149,0.3131165217334413,0.314382536117165,0.3033396978315856,0.3033085876529391,0.3073504193999881,0.3319401134364206,0.3186135226472686,0.3263271505654757,0.3048911052732492,0.30487272132601,0.3114459585322962,0.3199031545265214,0.3504617583272704,0.389818139395139,0.2949144806478614,0.2854550902934996,0.3138221438543631,0.3257957165123919,0.3222422626327486,0.3504674203445113,0.2867602049582203,0.2736004428428344,0.2888495055531628,0.3224323099264978,0.3711534500984541,0.3531323991616766,0.2786198346516428,0.280100770973732,0.3110279908167044,0.52406105892371,0.5173653101246316,0.4932559059716013,0.5101516701438484,0.5136720546428357,0.5139664376441289,0.5076038728893444,0.5150816743912259,0.5144137684421715,0.5123535428505157,0.5929064802207122,0.7938629196118931,0.6268382765263851,0.558423554435258,0.5864915778669548,0.5109490058871309,0.5103301553687594,0.6192940724225338,0.493967261364439,0.4991947651123709,0.4920073515811651,0.4855262783862102,0.4975105461605302,0.499155420428707,0.4836152887338087,0.4897308011837538,0.4732198511764665,0.5082010929311345,0.5199586261524303,0.5324595921016773,0.5055591661236818,0.5087441196796085,0.5078016228232265,0.4915843256830356,0.4938922067468105,0.5082007078213131,0.4428709985965575,0.4048629117409987,0.3890670227147978,0.3879119034676606,0.3846016615741803,0.3907675580357654,0.3871993841557497,0.3978986521681769,0.3738495496743184,0.557366166818209,0.5182809338981151,0.3852397718449829,0.3892496831113021,0.3943531619648617,0.3909531311573424,0.3825069299221901,0.4015530988563398,0.4100805773042495,0.3829635471633708,0.3869669715897288,0.3893283448219549,0.4370076076463363,0.4214872657328108,0.402222183413194,0.389389149469828,0.4023817100448248,0.3866558783922684,0.4018010341912692,0.386403952471742,0.3849073881195934,0.389006898720531,0.3836489827700831,0.3842020719853494,0.4346636667426082,0.4145572168415441,0.3951261703557875,0.4456136121830312,0.4736961413597242,0.4627417453775919,0.4740635161912152,0.4884134415899019,0.4614206681990964,0.4449689752336354,0.482032172615316,0.4594353487999996,0.4733855821958954,0.4775626213529342,0.4522854039450905,0.4405209251333168,0.4655174886048137,0.4428345754424612,0.4748028375391087,0.4574511264434733,0.4631434695721488
326651_7_consensus.txt,0.5014306930955001,0.53014700947557,0.5451937006554992,0.4996861730033153,0.5339522348137784,0.5645767949552507,0.4913063472386056,0.554029720250373,0.5410870263790102,0.5192943943288739,0.5161154383688391,0.5706994549044566,0.5071015140775224,0.5400286264100735,0.5411322268406984,0.5059179659362698,0.5352181111446477,0.5471263540093787,0.4240522412598508,0.410311042265107,0.4288742637554676,0.4023936888355024,0.4160448659761293,0.4256317236361226,0.4220000580467875,0.4057485415453286,0.4138705674914291,0.4042296401297633,0.4103705228805268,0.4139831838220829,0.4144582374229877,0.3978752266046399,0.4092268529379801,0.406738898031314,0.4180870895523547,0.4232403444749302,0.0394783995177867,0.0386032855287119,0.032654940284619,0.0216762115630579,0.0266522586786273,0.0278160479999556,0.0426348846339408,0.0423621515592458,0.0349103531422088,0.023126457855227,0.0235980940682125,0.0249053141824688,0.030586323623698,0.0303378727403469,0.025831185508494,0.0,0.0264340072173183,0.0281977637679275,0.3640527434085499,0.3487006510791808,0.3536670278305251,0.3376262827778618,0.3355227674634236,0.3387083939794308,0.3628068789116589,0.3450989701430558,0.3463144182540141,0.3302350542898651,0.3309619406586499,0.336990428334758,0.3671220629282921,0.3503018125055206,0.3577505645484251,0.3318340142967457,0.3326779264487634,0.3416961887794585,0.3539827451261494,0.3843081888317172,0.4303823740166095,0.3235635872191764,0.3149174462549204,0.3475973266125862,0.3591516807135946,0.3550262770965489,0.3837215088122008,0.3141979346163026,0.2996833621248349,0.3173822275881619,0.3564378470321223,0.4029335780995993,0.3865348889181028,0.305365417502653,0.306992106882241,0.3437371690216189,0.5687587312467244,0.5597030158369698,0.5345574501430725,0.551794881328167,0.5555464459588677,0.5571160309749956,0.5516783987603375,0.5565334178624788,0.556860177727259,0.5588904835435642,0.6430929627563309,0.8438130321557153,0.6799074727792274,0.6072184580743532,0.6364631629484947,0.5516183497524558,0.5527503000234582,0.6659101578007949,0.5292700286730287,0.5341186821612354,0.5276471092775061,0.5217395773945945,0.5314532433189711,0.5330393481236904,0.5192062571366733,0.5234817740170783,0.5084778183806442,0.5467617674506045,0.5550928006443598,0.5681429934634359,0.5402057789961887,0.5433900517597223,0.5432700207776975,0.5283719714178687,0.5280103393030942,0.5430960528434561,0.4795780621854177,0.4442165443449788,0.4272688558483253,0.4287852299079446,0.4217197227187448,0.4289069823379137,0.4249114613687368,0.436661236392716,0.4133441811811664,0.5888234281026534,0.5518028049005537,0.4246606260455685,0.4267258963943021,0.4335386577167455,0.4306812008116303,0.4206524290589541,0.4411202899368192,0.4506971620295381,0.412614860338266,0.4136694312997022,0.4174833238215925,0.4588840477992448,0.4449415117616446,0.4279013678101648,0.4184141639698993,0.4286567208899932,0.4155900033334134,0.421998906723207,0.4108447474801728,0.4121360436848391,0.420934601709714,0.4125509562394356,0.4148236730290406,0.4542438509643069,0.4384393796101413,0.420546753653042,0.4750992516759282,0.5044683398081986,0.4918446699497778,0.4951174779393525,0.523680546337701,0.4881444891114164,0.4777865349851211,0.5148422349619963,0.4952038945446944,0.4947132635153402,0.5132314340631261,0.4790420792968852,0.47341767925856,0.500067803752156,0.47435224517411,0.4951335630152442,0.4912140069208739,0.4888425695090603
326651_8_consensus.txt,0.4758050815889802,0.5021519768295271,0.5126659139598289,0.4733611431206448,0.5034890773344358,0.5353149591324353,0.4662093350136942,0.5272011486724679,0.5107799381503284,0.4944002632095845,0.4868476478611612,0.5413085944462246,0.4844813690510996,0.5136915015406629,0.5099422795736288,0.4787375600763113,0.5052660814235814,0.5188151352112946,0.3929893539674651,0.3798504692789421,0.3951869137501873,0.3775112189282801,0.3851460138208828,0.3938718297868462,0.3892240300498635,0.3742602707820879,0.3809496542580817,0.3815771629825164,0.3817739176441641,0.3840225148817033,0.3831809984999736,0.3686167546936261,0.3768766760270736,0.381364100762493,0.3870490770549395,0.3929273844052261,0.0294460796624704,0.0280362931719651,0.0252248789007403,0.0282395453019361,0.021458971126897,0.0238204893550815,0.0314261890171039,0.0318741138502147,0.0267356961296698,0.031563286557354,0.0233520341919302,0.0253944800915526,0.0250388281777169,0.0252241409112201,0.0259456535198232,0.0264340072173183,0.0,0.0241223218377193,0.3349227843746973,0.321747052827753,0.3242882295540354,0.3167825976635789,0.3124398550111138,0.3135475860331453,0.3340856586032856,0.3193027065755487,0.3172426054863813,0.3095488008986145,0.3078323124906603,0.31156832218036,0.3375460760755011,0.3233657015751063,0.3276129398224263,0.3115277347748062,0.3092149236693728,0.3152594759714802,0.3215705254740584,0.3541448772696647,0.3942632810287314,0.2984621590650853,0.28854416963404,0.3159388965946164,0.3281069252086404,0.3239973816389678,0.3510765960014623,0.2907298177075184,0.2758014835069602,0.2908325011044184,0.3254250726046592,0.3700148837231403,0.354091411007829,0.281641530443661,0.2837764643103391,0.3145163443076271,0.5304130792222495,0.5262096666483878,0.5015992214715581,0.5222631395184649,0.5259716600380244,0.5259773081360279,0.5162763598487636,0.5254096744383823,0.5242673304035854,0.5256957211416591,0.606060270498741,0.804722328781331,0.6369951631739355,0.5720324995110957,0.598352168190285,0.5212503432544509,0.5196011369355809,0.6266054840470012,0.4984871875566874,0.5044122595553695,0.4980078131085825,0.4893655924528985,0.5013488509948232,0.504298938420277,0.4872752826373379,0.4937444591642794,0.4775259621027068,0.5146657815881639,0.5266894622864662,0.5397759641223914,0.5100918542602457,0.5142882650964147,0.5129357582497676,0.4963672054434411,0.4979806203454586,0.5133227774217168,0.4524468376709869,0.4175074696403946,0.3999494225600415,0.3982169123710832,0.3949549840039736,0.4014189613395231,0.3956804965827203,0.4061145153065979,0.3845983336134964,0.5624749710003769,0.5282561432107826,0.3958996431744026,0.4000675129149442,0.4060507048139357,0.403062416243916,0.3945160091293118,0.4133233766502435,0.4222982986944785,0.3910046542087855,0.3955991683896371,0.3977887909179394,0.4486935974098713,0.4319429857214523,0.4117964189907965,0.3977795452442016,0.4122389084465467,0.3966187939399646,0.4110402915216014,0.3950662223200929,0.3928107415898729,0.3969396302435406,0.3917877273827486,0.3928309002176497,0.4452333497202687,0.4248863777463363,0.4039578885770716,0.4514660874860325,0.4777490716702246,0.4675356205870074,0.4791352105323732,0.4938229480031495,0.4658138074805613,0.4509757209372722,0.4864070055385845,0.4663932333756833,0.4782007516715367,0.4822879504875565,0.456743741013387,0.4460600813903639,0.4705627749857584,0.448902792471749,0.4787872525808829,0.4636546296727672,0.4679244688759283
326651_9_consensus.txt,0.4657506483790037,0.4914226034226345,0.5019116914688482,0.4633988425250521,0.4920602600035231,0.5233922228109442,0.4572177096282743,0.5162197785798313,0.5013278810354684,0.4842899216301823,0.4768810060123805,0.530876920717688,0.4756460500775326,0.5030770483764471,0.4987900656960597,0.4683681736526282,0.4929676117649322,0.5073079580439668,0.3905658231020723,0.3785598476954668,0.393740047520172,0.3772015741500958,0.3834679850973579,0.3920230468926604,0.3864124401661932,0.3722239987432054,0.3778562857933671,0.3803069354245494,0.3804485725897386,0.3822764112975996,0.3818718490024118,0.3663670946491457,0.3747263771231814,0.3809552729568644,0.3851739299775758,0.3907829658439041,0.0273916015713631,0.0258972241658952,0.0239067337927849,0.0300628229403159,0.0235942457423945,0.0216576875115315,0.0288527717903335,0.0283274125375392,0.0255172975319304,0.0334087788968702,0.0249937354942595,0.0237724823679883,0.0235477050131507,0.0238269778432034,0.0245570529372898,0.0281977637679275,0.0241223218377193,0.0,0.3279158542178564,0.3153117492766277,0.3184889930720338,0.3114654179456586,0.3080580575829685,0.3072742936691526,0.3267817397948178,0.3127528961606884,0.3113487238437571,0.3050246539927315,0.3029383734866755,0.306568464803501,0.3300183450295968,0.3173446535653355,0.3220083771044351,0.3073973710439759,0.3050441191941075,0.3096777833055881,0.3172268170641139,0.3491268283484317,0.3882889204614521,0.2964762641197751,0.2860871446070554,0.3133405360549552,0.3237323805366543,0.3203322980502499,0.3476970332063693,0.28712928699467,0.2755555332848978,0.2881290284554829,0.3213749845330227,0.366948353320609,0.3504754959657106,0.2798653644015267,0.2813591450452755,0.3104249892517288,0.5153935573937432,0.5104046338784798,0.486805415857372,0.5062152207332424,0.5094409686008419,0.5088828776170438,0.5008186747144023,0.5094108146597378,0.5088301567220519,0.5075375682357048,0.5851461819762278,0.7826010918346498,0.6160721740244384,0.552565944612315,0.5784882543543866,0.5053192776107451,0.5033495889522079,0.6085181253039522,0.4896400501046472,0.4958435908168397,0.4881687117611513,0.4801895344404912,0.4927526184560307,0.4959904450504417,0.4784469399952087,0.485176871132726,0.4692612268851803,0.5040588034432112,0.516926239482089,0.5303278700629548,0.501545421974928,0.5062294091235948,0.5033449739173186,0.4860512787661584,0.4902143449505054,0.504537516673615,0.4406092192291382,0.4054075748952783,0.3891557740905611,0.3854690057309966,0.3832941281809923,0.3897010871663084,0.3833020236314688,0.3930838190450316,0.3734871041308309,0.5523250185322368,0.5150292358957813,0.3834739736130004,0.3877519433959335,0.3949283355726543,0.3915643247316396,0.3836521201409937,0.4008722218894469,0.4097171718230541,0.3842298594865525,0.3894696991668098,0.392460712648333,0.4467853881912873,0.4279130332421488,0.4069700545842316,0.391307872554421,0.4075379829661791,0.3912326063797557,0.4086556996416952,0.3903429557594258,0.3867041053115017,0.3885743311088774,0.3852972813724129,0.3851738210056936,0.443693823908486,0.4218864788693643,0.3989198389289079,0.4464701311335091,0.4729441150569151,0.4645541653031699,0.4787262398255052,0.4854874453296354,0.4631583074313532,0.4462555752842831,0.4794585201594685,0.4589796934833678,0.4785946088251158,0.4749092324977617,0.4538957212168775,0.4394468031338121,0.4639526948105938,0.4438794567566759,0.4787476489891062,0.4571767215231155,0.4657375864791113
326713_10_consensus.txt,0.277694322784864,0.2879780733830266,0.2875098578492618,0.2695390875358576,0.285327458997461,0.3149501020468541,0.2699197974795524,0.3170761940436897,0.2962520293527007,0.2957966280242878,0.2822692019340209,0.3211308943450248,0.307078542942822,0.3182943332790096,0.3015925753772563,0.2730782176875301,0.2858811819803293,0.3041235691372463,0.2017597274936697,0.1887391298749925,0.1987355078431427,0.1971009702062076,0.1953829905613062,0.2029665533349032,0.1945641869412142,0.1803872758876608,0.1905975597850258,0.1982954952262368,0.197589789842123,0.19621739364581,0.1957225440451644,0.1782369325528918,0.1797710978631919,0.1996001506580533,0.1929805023704887,0.200154297026728,0.2912076319400896,0.297548261807723,0.3160812274100308,0.3621034196075143,0.3229166806792278,0.336057399505016,0.283096341412886,0.2825518858292533,0.3070477216922604,0.3656338855432075,0.3416291458648111,0.3334069287265677,0.3148906951246495,0.3240656801152148,0.3285414582242012,0.3640527434085499,0.3349227843746973,0.3279158542178564,0.0,0.0236660082302755,0.0302407289664898,0.0321885609203924,0.0317467038001844,0.0271068064652837,0.0204312409962348,0.0256843938374871,0.0283977571867204,0.0321777603841759,0.0336487083388838,0.0278217332685954,0.0202086510941441,0.0240478636269685,0.0301860972376886,0.0333582426704381,0.0320619405284254,0.0281960386766257,0.134640044201852,0.1647948275623996,0.1639254702340196,0.1354762447459663,0.1221201807532281,0.1350290309003412,0.1341807891629756,0.140460632270198,0.1659908129454095,0.1256916148323696,0.1230641692907497,0.1208380006713341,0.1417280637367461,0.1777890715762353,0.1593522318613054,0.1140111047467478,0.1142236128383622,0.1277250130603633,0.1980565961907743,0.1889694656564913,0.1716632195770344,0.1808138789127227,0.183281912679444,0.1826392309274709,0.1820162678631369,0.1852167109093798,0.1858105705526469,0.1797015903732806,0.228533500402932,0.4043673976062081,0.258920556134889,0.2059929313197415,0.2224078478201931,0.1819368056183279,0.1786494162350287,0.2577036009692861,0.2523379192397854,0.2539549972340396,0.250454925297852,0.2394911929796386,0.2544271420465094,0.260341051745165,0.2432385116077462,0.2525143375681224,0.2390318255182748,0.258898564704161,0.2725123067421684,0.2862728467331195,0.2572522753581694,0.2653857099089194,0.2574340494522751,0.2468751463200362,0.2548034522074829,0.2675310417134113,0.2091101697107902,0.2062511479648208,0.1849088966009127,0.1686269799201554,0.1786139729744498,0.1882982842994067,0.1724281552901061,0.1714338964581117,0.1700788552594936,0.3403171199474855,0.2988976491760731,0.1861587037909942,0.1776186674929789,0.1969838924079496,0.1973666623753374,0.1832130563777916,0.1930685552101003,0.2022699831511722,0.211700716527396,0.2269124974923038,0.2290011016004491,0.3334935911160208,0.2953029296827658,0.2574733476206248,0.2205590884719157,0.2638852342347419,0.2336523614996686,0.2890845026201418,0.2471781864071474,0.2292423516802131,0.1969618136500273,0.2200409974078283,0.2086738807499024,0.3264606757680468,0.2871705755953257,0.2438387721413164,0.2140545707544987,0.2317962082977089,0.2291207761996254,0.2702232982204045,0.2116073461821699,0.236739812572992,0.2042462122958852,0.233327614531241,0.2042099561949548,0.2778844690251389,0.2088954233999871,0.2294896723640427,0.1921583061043144,0.2173491589520537,0.2022085227047227,0.274436414918604,0.2041055748917841,0.2509457448032073
326713_11_consensus.txt,0.2701084681290098,0.2832189316984355,0.2846633062028836,0.2635479417805122,0.2817095993920127,0.3106429661929368,0.262023199680236,0.3117379088498921,0.2922006643465948,0.2892570746504148,0.2765499020913537,0.3164029784280373,0.2984498375991684,0.3121876852507519,0.2992233855631419,0.2690019257787526,0.2824787696527728,0.2995490971072385,0.1983507022058894,0.1834703818335015,0.1965366893066544,0.1877607765080498,0.1889037727679579,0.1977407911705597,0.1917878657570497,0.1750016250589929,0.1880808301260081,0.1877252260574593,0.1905173870678567,0.1895800487060164,0.1911195056115886,0.172741726165114,0.1768718974320826,0.1896921648638496,0.1867662239032554,0.1945781541878091,0.2812945920490399,0.2881773375791994,0.3043909500323742,0.346528591903894,0.3097295335082535,0.3228883604977959,0.2727427773674122,0.2725016854718802,0.2957896610256405,0.3504373422548426,0.3283614902951761,0.3206747344120408,0.3034922163778795,0.3129638939743024,0.3169350641806474,0.3487006510791808,0.321747052827753,0.3153117492766277,0.0236660082302755,0.0,0.0270269513325942,0.0271321520210108,0.0253418935266829,0.0226766227355881,0.0244620636442327,0.0217285238871909,0.0256377117491055,0.0272750228451954,0.0266370961874322,0.0234959557086646,0.0245100521376215,0.0215369233471847,0.0272516810656853,0.0284871919791029,0.0252001543346445,0.0234915264203969,0.1405315590346951,0.171943285944998,0.1738139281449555,0.1369776903166126,0.1237950040215416,0.139994981082264,0.1401839622566036,0.1456697663292772,0.1701605908397354,0.1276471198784854,0.1224908009564735,0.1224463023866349,0.1470389384263164,0.1842239501540845,0.1647595193867914,0.1149182609623657,0.1159585173001858,0.1320234474752304,0.2028114248151489,0.1925514837291295,0.1752169740459379,0.1840624278437417,0.1867308869071173,0.1867109057482281,0.1873990401445766,0.187680843518585,0.1894093469711393,0.1882496461783205,0.2418068740174241,0.422681819524584,0.275270885669066,0.2168176991557935,0.2353367242009589,0.1848996689971329,0.1823690535899373,0.2684501030663924,0.2456650589201139,0.2469496239500728,0.2438870291479773,0.2346342813517523,0.2463977174825657,0.2512831816193852,0.236370691848812,0.2443528794798304,0.2333017797803478,0.2546484921949172,0.2653368776613263,0.2781932781452561,0.2503155766394265,0.2568141164727429,0.2518678208678082,0.2427540845767737,0.2473411701263046,0.259385920248036,0.2130688184011262,0.212042087674547,0.1906811899965212,0.1756835616690466,0.1823661912597671,0.192847725508777,0.1756146850689575,0.1767894580491891,0.1760016860209177,0.3439414590803018,0.3003904527792755,0.1912062531302218,0.1822717796815176,0.2029855019393274,0.2033514625569168,0.1887029346080488,0.1998915164419941,0.2086351108668118,0.2008983166144204,0.2124673685382916,0.2158294156888374,0.3129268868897128,0.277171209930465,0.2415704258592867,0.2098986238017488,0.2490658168265156,0.2204940448137087,0.2686009137876084,0.2303147022885667,0.2155633673695867,0.1896094414316316,0.2081100811003082,0.1984317224450258,0.3057377251735538,0.2684836663014636,0.2285212913171541,0.2064758745143748,0.2242034341949903,0.2202412032010734,0.2544083092166431,0.2118335972813447,0.2261014525106475,0.1993003760941682,0.2291111648366737,0.2042957935735145,0.2605398559413281,0.2076223209912697,0.2186435688951036,0.1888436066411607,0.2149623706929802,0.1973336858264396,0.2574369211973319,0.2000677281395297,0.2370813278649528
326713_12_consensus.txt,0.2684004784193519,0.278721053805512,0.2792422028581001,0.2619180245281853,0.2756553556695849,0.3081888197507538,0.2615935959730251,0.3111432641693383,0.2892638436872303,0.2884055887640464,0.2749553561766369,0.3138236472463696,0.3055349762093549,0.3174490688640432,0.3011870456466781,0.26773687763027,0.2784880284122764,0.2974358948112545,0.1965968637302282,0.1794649178182048,0.1938671745216957,0.1880314817269308,0.1855555112924491,0.1964124693847644,0.1884911961844224,0.1713230555274734,0.1844742664777889,0.1943101340030928,0.190275126502204,0.1888004768371658,0.1903040195103251,0.1723576868401402,0.1743325358150045,0.1884946201032349,0.1827545014431066,0.1929140815132086,0.2804666758049876,0.2874426253490156,0.3053854127113666,0.3522878193298133,0.3121307813034342,0.3255846636628412,0.2728209740590799,0.2734030388450534,0.2979464798555931,0.3580063945942946,0.3326586112541676,0.3264934473773948,0.3070047371026092,0.3165042201834573,0.3224428174078078,0.3536670278305251,0.3242882295540354,0.3184889930720338,0.0302407289664898,0.0270269513325942,0.0,0.035772071685578,0.0300462436567556,0.0260909147312951,0.0306923992708227,0.0301157335015318,0.0238301393036763,0.0367358874559187,0.0323049898313279,0.0288212733656934,0.0300340688333271,0.0267130801844608,0.0220988008183837,0.0366996830526886,0.0295299717617538,0.0263821151933676,0.1412435811147858,0.1760659338194017,0.1724078527532881,0.1417651443761229,0.1271340448733546,0.140257998626371,0.1416088301803206,0.1450689417750794,0.1687445670072058,0.1303277075687354,0.125951434059786,0.1224146361753959,0.1516716065475272,0.1768212473876147,0.1628350980996664,0.1173857657951487,0.1186217033859549,0.1350087307710339,0.1858838093656416,0.1769637737804146,0.1629400782389218,0.1751497232414394,0.1769662214644292,0.1785930500119015,0.1731526791010544,0.1765628622043884,0.1761022425246565,0.1804981462629591,0.2282759792934641,0.3962005664160273,0.2574932201106037,0.2066223218511069,0.2223963280851499,0.1723283191100861,0.1686692758306343,0.2475445318989315,0.2334955656991937,0.235871322892283,0.2338301810898784,0.2207743603920775,0.2344044745655793,0.2410548925082594,0.2233414400728435,0.2331550307785157,0.2225891627524241,0.2443254020923184,0.2552043964248405,0.2697482055649871,0.2382849274572365,0.2468745013298736,0.2386197315369678,0.2309375732602312,0.2356041108693176,0.2489442695683976,0.2082155167157964,0.2190187365319538,0.1969056482760685,0.1754857796035587,0.1864848091677728,0.1961509919824884,0.1712247051741364,0.171850311488992,0.1801980284984274,0.3369793874537876,0.2984565316694976,0.1940159406795558,0.1840434318758497,0.2093167564426856,0.2095930450602452,0.1973156495982948,0.2035016653595995,0.2115963442614159,0.2002669163866031,0.2137124606850697,0.2180190818046981,0.3263415586338212,0.2845086266646035,0.2464225091682657,0.2113107136403869,0.254657188660218,0.2251952329657598,0.276107532373615,0.2331188420785643,0.2152972305431646,0.1865808203920984,0.2088461650491169,0.1982912390898512,0.3180864551876965,0.2766106257291305,0.2310419545987194,0.208742400941059,0.2250816365456565,0.2232674373017644,0.2620916572195533,0.211789046348791,0.2281540720048376,0.2026034212250422,0.2296967135229373,0.2055045948597644,0.2676642391785506,0.2072501934872797,0.222234552014811,0.1921347875665731,0.2154455834203155,0.2004579074163253,0.2615545878033387,0.2017807486826655,0.2406748732912405
326713_13_consensus.txt,0.2822585447672381,0.2991860110240161,0.306726575171254,0.276815958522107,0.3021363183577641,0.3285011008799046,0.2726521607178007,0.3258793780821776,0.3127303035570747,0.3005760921982201,0.2931226492800576,0.3323637768174556,0.3050900334734514,0.3264791828854783,0.3203841154836482,0.2827240072010291,0.3018681984109079,0.3161773617796655,0.2116928451510666,0.192901225875083,0.2116371158949022,0.18673986624216,0.1988391379890721,0.209444832442152,0.2062624292672374,0.1864232865640893,0.203835182320855,0.1829064482291258,0.196663054077117,0.1984733075434377,0.2021555817796212,0.1805678718659429,0.1901697700678397,0.1890926210061927,0.1973736797843983,0.204811899948428,0.2826497578156868,0.2895461074611383,0.3033590380934896,0.3345342270331208,0.3043327563721121,0.3188877104350673,0.2750489842108585,0.2741382981438782,0.2957939320324172,0.3366070660387876,0.3197606386925429,0.3126669465747191,0.3017648895243177,0.3100897107236484,0.3100133101556146,0.3376262827778618,0.3167825976635789,0.3114654179456586,0.0321885609203924,0.0271321520210108,0.035772071685578,0.0,0.0230992090676984,0.0248676947414345,0.0315537384927822,0.0264992372065471,0.033578811217886,0.0213077174201252,0.0241403334703669,0.025850543441436,0.0335317182669818,0.0268441880262138,0.0365657463830437,0.0204353456959047,0.0232759985350909,0.0254942722522812,0.160445550801576,0.1897415598211083,0.201064646274478,0.1449614675212629,0.1341260927667562,0.158607053323287,0.1604541900467957,0.1652570868145702,0.1907319016688866,0.1358363228597028,0.1278589204281566,0.1337828989518676,0.1643679642725111,0.2056046185192528,0.1848565090232377,0.1217623098244899,0.1224138639949217,0.1473474887194967,0.2264831236768358,0.2090548869366628,0.19190424315574,0.1950036531045214,0.1988446770068037,0.2012593597817655,0.2064776755663508,0.2011484183636227,0.2051438752504282,0.2062546761625938,0.2685867990975765,0.4561739425986815,0.311502660538828,0.2390748878931816,0.2628998027371594,0.1973689226899964,0.1986838998443296,0.2976335766491615,0.2562987759995572,0.2553562039569286,0.2551664040092802,0.2481845751382003,0.2555630892913072,0.2574185067619545,0.2487994271529494,0.2525125677588953,0.2442250855967316,0.2693866310725035,0.2715466305491318,0.2842718381061253,0.2607274696791641,0.2630159776722252,0.2621021153218876,0.2569713034877097,0.2551350054512085,0.2658024900525539,0.2189887865279729,0.2216562453312782,0.1995907874294573,0.1890635777372082,0.1904683049012163,0.2028891931031609,0.1859099940614612,0.1896883045793416,0.1872951527679767,0.3485022736261385,0.3093919527607269,0.2042153167528617,0.1916033996133954,0.2134720552965596,0.2149846125433008,0.1971012320797491,0.2108941382838338,0.217758184951041,0.2061772386234821,0.2121150302600796,0.2166105851325994,0.297160448879378,0.2673501002098817,0.2385226469186108,0.2147471920509644,0.2465575002741467,0.2209374701651754,0.2543627299436544,0.2248302745069814,0.2166730331702098,0.1992330534601265,0.2122966903803842,0.2045781657907923,0.2890586566689919,0.2587585670013759,0.2262603003941308,0.2058590095471331,0.2288070279288518,0.2171993156283775,0.2384061463537037,0.2228216685138093,0.2203425019711424,0.2051037950142777,0.2382123320522708,0.2142077715805186,0.2439737107910247,0.2189065831098311,0.2129834467204538,0.1948246974083858,0.2253015429789151,0.2007314237071398,0.2403426138625306,0.2059532403135051,0.2284757581360814
326713_14_consensus.txt,0.2787035450607291,0.2960644586778151,0.3018797071327164,0.2743550834385786,0.2968719851677477,0.3260890190408823,0.2700456762689818,0.3225865493215565,0.3078730247153807,0.2984430918479077,0.289565332930799,0.3297476015047991,0.3033009166478777,0.3234712153367773,0.3148369215928959,0.2813705893965732,0.2972880604042593,0.3127468909996409,0.2026480519895734,0.1839308477514691,0.2022442457407862,0.1805310870962024,0.1903306162917459,0.2004674709152389,0.1973431598000274,0.1765166298192184,0.1940450212244826,0.1801294059797129,0.1893919261000434,0.1901264181850557,0.1943094894009931,0.1733044485872099,0.1814404381256373,0.1820506657724045,0.1876594350645106,0.1972739058897659,0.277600922674651,0.2840955895584365,0.2988795151595376,0.3334312466540474,0.3003923969114588,0.3147208245528148,0.2699617516910741,0.2691463741260591,0.2900332585903236,0.3364655717229183,0.3179082392438843,0.3107865103278584,0.2977839981707291,0.3070045714181333,0.3083522781118617,0.3355227674634236,0.3124398550111138,0.3080580575829685,0.0317467038001844,0.0253418935266829,0.0300462436567556,0.0230992090676984,0.0,0.0222517432891216,0.032482603254536,0.0241824938312973,0.0281878251252685,0.0235008405485217,0.0208050485273432,0.0224894141831697,0.0337536199055463,0.0244823303805858,0.0307611368549309,0.0235078162633541,0.0204369341528405,0.0225193296066237,0.1549877731648266,0.1860573204596818,0.1965173879506352,0.1423495713653508,0.1313618814833397,0.1535199507643057,0.1550524409813292,0.1596677104559987,0.1835654925671974,0.132970268121948,0.1240658809443964,0.1290450898715889,0.1594745520783007,0.1965050559322776,0.1775352365927673,0.1203629104741637,0.12047900115002,0.143328358014493,0.2254123274442534,0.2106403926598474,0.1929352663134693,0.2008047144433113,0.203400787019838,0.2057670918418033,0.2077753272688625,0.2038928344404453,0.2077526886550273,0.2115439124145766,0.2729007823019458,0.45795282709663,0.3123640523470996,0.2439873887348689,0.2665962320567701,0.2020087246198159,0.199510548561772,0.2960957810006945,0.2525522975715724,0.2531725620712279,0.2514972808318845,0.2433177065307106,0.2516691411769045,0.2552912332938426,0.2443844206045291,0.2497672523498266,0.2402912988808054,0.267294510059429,0.2706868168916863,0.2843181765409142,0.2574745883585123,0.261689370314734,0.259391344914377,0.2527225494632432,0.251730669824795,0.263182178116125,0.2162321721243429,0.2190562328820817,0.1969890705418606,0.1851614139072843,0.1864894721244248,0.1991929758175814,0.1799668573092709,0.1827599831888378,0.1835604208264207,0.3439628552560378,0.3056532841195754,0.1995307117609996,0.1894648828967504,0.2103958879142524,0.211462813167568,0.1958689391359342,0.2086050657557123,0.2150097837733966,0.2028744227031573,0.2105294009897136,0.2155423959457181,0.2996031872573041,0.2675557163110049,0.2366505677570671,0.2120832839011939,0.2450483421592295,0.218959929789829,0.2555231994460811,0.2235913993592149,0.2135388281741939,0.1960985631402039,0.2095678874809294,0.2015059485671138,0.2907079649117676,0.2593276202534547,0.2244050635028429,0.204800312992095,0.2263134466694971,0.2162436102109346,0.239488382764577,0.2227591935189181,0.2184964132117954,0.2032396921221781,0.2342183244509001,0.2128049293273335,0.2444440012203479,0.2178969661233765,0.2120249685680555,0.1937783824769496,0.2233631896980092,0.1996772892496814,0.2406554271784529,0.2063838416452696,0.227486717965121
326713_15_consensus.txt,0.2723373299782707,0.2871736543393552,0.2905841666704418,0.2665601924129603,0.2859211584698826,0.3155140502125064,0.2641232525111263,0.3149740656104782,0.2980456873323618,0.2919740079065747,0.2807656488408376,0.3214069579339984,0.2997627900456976,0.3160971728173685,0.3047636018416071,0.2722493391924665,0.2871110467110398,0.3033773871383438,0.1929012787359454,0.1757057580043337,0.1918121690700047,0.176827491622852,0.1823687424977933,0.1912234421287522,0.1867382314004864,0.1680671392171646,0.1826598528920087,0.1777179155718258,0.1822845477697932,0.1822915640681621,0.1851552406037946,0.165570957937863,0.1719105126012152,0.1783111382577651,0.1796097527191626,0.1881772409482316,0.2746259354961218,0.2818236270112884,0.2969240212118542,0.3363197527471939,0.3010557735137773,0.3148400726655147,0.2667196276657719,0.2660981323837106,0.2895263190211068,0.3397408613147235,0.3195901141767905,0.311766853488308,0.2964863282297543,0.3060297862429877,0.3091714823743672,0.3387083939794308,0.3135475860331453,0.3072742936691526,0.0271068064652837,0.0226766227355881,0.0260909147312951,0.0248676947414345,0.0222517432891216,0.0,0.0276497457866113,0.0222264089655652,0.0240594829475213,0.0251437853559437,0.0231765993156152,0.0215205794957071,0.0280016251069099,0.0224477973461603,0.026611343179681,0.0261187462795504,0.0218354290115065,0.0207482830318781,0.144348357939517,0.1759299826378679,0.1818039186887645,0.1368519002801065,0.1247748867767271,0.1433537934535387,0.1443426486395296,0.1491617639912341,0.1737060903985074,0.1276885860221881,0.1215786547758668,0.1229059936700665,0.1507308828910964,0.1865457891098714,0.1679735726997506,0.1154510803021864,0.1154881500106732,0.1346738771902877,0.2089606255750382,0.1962530890992724,0.1789917413464188,0.1886812105676014,0.1911323959162594,0.192304301775156,0.1922745623081283,0.1916771136430952,0.194409767207631,0.1958309097065225,0.2535099887329153,0.4351649373619821,0.2895759203521351,0.2269352331561158,0.2471609594387764,0.1893967033115231,0.1866616403269319,0.2780891842760198,0.2427635112514607,0.2434710628093697,0.2412892340886152,0.232521652700985,0.242635496806141,0.2468831486022189,0.2333797598447233,0.2396109707006353,0.2300703497753353,0.2547283684150159,0.261802528853174,0.2755814984213742,0.2477721808794406,0.253573020419747,0.2487181501069422,0.240677451144208,0.2425653870447561,0.2549211073495314,0.2104519797609327,0.2109426825891702,0.1896059232387443,0.1751417022183012,0.1804864963262638,0.1912654531696915,0.1727873871324803,0.1755571111900131,0.1752583678705832,0.3376048726762732,0.2977666260187455,0.1900961908858427,0.1811289084861371,0.2017718919736566,0.2022530304734857,0.1882022891429571,0.1998707755093143,0.206925771222437,0.199111985792932,0.2090348084641675,0.212998133521804,0.3048306628093229,0.2704004855131856,0.2368626107752156,0.208628252043578,0.2443509843938116,0.217206981582855,0.2596637655551177,0.2241522079770135,0.2110793479059616,0.1892957322022539,0.2057382076014882,0.1960014627619415,0.2969629074325368,0.2621733793205578,0.2240543280382034,0.199149883290076,0.2188734720835867,0.2123234362076793,0.241232686259547,0.2118721477460319,0.2155055122700275,0.1959653174346378,0.2260441952744223,0.2023818592334585,0.2462270912072419,0.2079146934721905,0.2091118664894224,0.1860594005404294,0.2127929981661083,0.1925665166490446,0.242454673037102,0.197463644926664,0.2267410706965975
326713_16_consensus.txt,0.2774902393846936,0.2879236771499265,0.2869220028789705,0.2690663052031716,0.2852255794797855,0.3139035568804793,0.2701081303318062,0.3164888802387402,0.2959848163936698,0.2955220116610277,0.2814972722832678,0.320918334504686,0.3089027341347794,0.3196321671735163,0.3019802933562445,0.2732158268207314,0.2863191510953982,0.3039455114436507,0.206872397470498,0.1937672171557949,0.2033239652061489,0.2023616436133224,0.199968906876073,0.2079561953422413,0.1983103916093256,0.1854263316515307,0.195841374383157,0.2042275121857848,0.202823937722659,0.2009187923514659,0.2003812210309483,0.1832923422062791,0.1852011460682483,0.2047617114760243,0.1974073153846944,0.205357473478422,0.2903043518873183,0.2968383147124669,0.3150003248834139,0.3609423621095189,0.3221950098490787,0.334814735264203,0.2814970447766818,0.2814654124691031,0.3062160598329981,0.3644068253668742,0.3402641374290596,0.332450709674255,0.3136424358352165,0.3229142231298993,0.3276350455492149,0.3628068789116589,0.3340856586032856,0.3267817397948178,0.0204312409962348,0.0244620636442327,0.0306923992708227,0.0315537384927822,0.032482603254536,0.0276497457866113,0.0,0.0263703308932363,0.0288442192758751,0.0330932462144595,0.0344130220188318,0.0288822461585951,0.0203038776409698,0.0250948782508473,0.0304238109938381,0.0336545769133742,0.0324901678745135,0.028566150676287,0.1373469011262358,0.1683089427448365,0.1641152072703597,0.1389125719497599,0.1247606368050249,0.1375774614517233,0.1378634121094286,0.1433638833546133,0.1695655488779373,0.1293841167051326,0.1269043721898839,0.1241124654052718,0.1446440703144915,0.180249513336534,0.1619602059069009,0.1158332320456025,0.1164846822950025,0.1306076076540812,0.1953673592192188,0.1867554374306692,0.1696622837872539,0.179010179594087,0.1819175457576669,0.1813958609604107,0.1803192844555035,0.1836461875198196,0.1842588280432302,0.1776756857224946,0.2253767032142164,0.4002439998529503,0.2559208650374138,0.2030176170974051,0.2199384607276684,0.1803256088772116,0.1766722955947983,0.2534749505301832,0.2556593208110129,0.2576111936285592,0.2542662720325666,0.2430872943906941,0.2582095446857586,0.2645547833623247,0.2473753364683801,0.2568008142653788,0.2432649979692236,0.2623833965167392,0.2769060662628249,0.2905662251965459,0.2616079675393372,0.2695366348280466,0.2615398350464026,0.2508943134288088,0.259444249811473,0.2726595091599222,0.2131772279832482,0.2099636263612083,0.1889814449920024,0.1723448087933299,0.1820850624167533,0.1914585241671744,0.1762716772991837,0.1759419412421046,0.1748799000009278,0.3439470515582279,0.3009322570499932,0.1895955452229536,0.1812054594694707,0.200404012243176,0.2005596757173577,0.1865402893692866,0.1967851279052226,0.2061151544231947,0.212546941520447,0.2280225479677398,0.2305712658509833,0.3370095131786605,0.297796457688861,0.2592969561384706,0.2219835118376778,0.2661708050237585,0.2352476690668936,0.291221661128489,0.2490572097827019,0.2307911983055355,0.1981835973593639,0.2225922767823007,0.2101272592892904,0.3300283943709026,0.2896495980110671,0.2453247880084248,0.21800277776547,0.2354857243762218,0.23356274276491,0.2762076135838711,0.2141248362061709,0.2421068084109627,0.2083966798087217,0.2370836358372301,0.2087454408368643,0.2835044853535642,0.211874638767501,0.2351660591974749,0.1957548274831602,0.2211921856459291,0.2073189083343862,0.2802145741150852,0.2064168444107217,0.2553932392669225
326713_17_consensus.txt,0.2697787671136176,0.2840359024441703,0.286969576235748,0.263232036665741,0.2830287894307517,0.3122506816295676,0.2611118500733909,0.3118056808443015,0.2950396009107834,0.2884347975355723,0.2767131309438611,0.3177866131611395,0.2935621127199646,0.3084909431943501,0.2974706619023912,0.2687383275494959,0.2842886639030126,0.2997770680075753,0.1959224133225596,0.180966258714335,0.1944750359293614,0.182578583658433,0.1867124740803056,0.1946646356085146,0.1898196507972542,0.1719290810562199,0.1856525458175433,0.1819196180200464,0.1866557819009955,0.18614827778622,0.1880457796922776,0.1695615800780068,0.175301896484207,0.1846813527396875,0.1845166272180165,0.1926686298976179,0.2802817066583998,0.2869530010696053,0.3021629280764877,0.3426238611444923,0.306979429278158,0.3200979364851832,0.2716539825263915,0.2708873783199301,0.2937310771938257,0.3455619984411804,0.325192370438284,0.3165203074260851,0.3013742881108747,0.3104829911605158,0.3131165217334413,0.3450989701430558,0.3193027065755487,0.3127528961606884,0.0256843938374871,0.0217285238871909,0.0301157335015318,0.0264992372065471,0.0241824938312973,0.0222264089655652,0.0263703308932363,0.0,0.0254854036966598,0.0261924601072678,0.0246926882723244,0.0226298926883785,0.0267874417370066,0.0214534930710001,0.0299645817790938,0.027494564556072,0.0244570087951387,0.0228249407339653,0.1422382614175426,0.1717172634056361,0.177798116068832,0.1367682066347981,0.1240007041494379,0.1422326688431354,0.1421105242109561,0.1478710222856776,0.1727807057372032,0.1287899330284325,0.1223009644072448,0.1243125455365365,0.1467740183934829,0.1866821390060771,0.1666525727378704,0.1163021729728726,0.1170247782545743,0.1332938678020525,0.2110858219017117,0.2013221536803335,0.1817493211416234,0.1920737959536822,0.1940859007084157,0.1943712031658258,0.1944891479957924,0.1946342097304949,0.1973932160375184,0.1957350533971507,0.2541452643882635,0.4414830335877511,0.2904090737245361,0.2269191671876029,0.2475672351369766,0.193324606977967,0.1907858275700071,0.2806948229484405,0.248483836704743,0.2506127041363299,0.24663595309271,0.2382888629379742,0.2493835533562141,0.2537275023305021,0.2397720449361742,0.2463477838308314,0.2351846410561933,0.2596802496984836,0.2683047380870995,0.2819939740268502,0.2539149005171559,0.2600710092806721,0.2555655206585925,0.2456039469129329,0.2503135709254351,0.2612798066302773,0.2131483399469829,0.2072861171978495,0.1861137549093001,0.1743152389670008,0.1792330185144948,0.1899656541010692,0.1742900161423577,0.1759837523831926,0.1725225890970065,0.3406422829824898,0.3002162659355036,0.1888878520680386,0.1810249035798854,0.1981230019596793,0.1985894739121256,0.1846133695834559,0.1966950071142079,0.2051748434217088,0.2004092757999629,0.211971975226664,0.2148768158260416,0.3054629613609627,0.2725449923975702,0.2386412600502296,0.2094744313254288,0.2455450479350105,0.217391580996928,0.2636676616005289,0.2280629090933565,0.214973525998829,0.1918154837306858,0.2081236566541378,0.1984048931191289,0.2983390573494517,0.2635221288304024,0.2266864865632385,0.2036783334303926,0.2230819297714639,0.2164972599382402,0.2479172003349248,0.2143202446505405,0.2206712240027322,0.1980281404241672,0.2291665654293311,0.2043485838557437,0.2529921489728579,0.2102659198420404,0.2144328514066416,0.1875449580009807,0.2149995801807698,0.195852312298193,0.250338541346089,0.2000951465369027,0.2310594577897333
326713_18_consensus.txt,0.2673103191686508,0.2795501939177214,0.2802044111338766,0.2616110594709369,0.2765459254932345,0.3080254305676106,0.2607659455128228,0.309968454801151,0.2897984490280905,0.2881509745882873,0.273530622357967,0.3143042254026156,0.2978218097242902,0.3110578668969843,0.2946001904983752,0.2671302498103571,0.2789170583508458,0.2976246553450075,0.1860757756999724,0.1704663841142775,0.1836313270941545,0.1786440027347033,0.1775314206590827,0.1859455030031789,0.179048297759337,0.1623552387604974,0.174342502874552,0.1841089364829677,0.1806315832675054,0.1788443587574022,0.1800030385569542,0.1632025539555961,0.1654627008117302,0.1798727889646727,0.1750248669009977,0.183764218302457,0.2753300650964547,0.2819293931294382,0.2993512332556136,0.344767453705149,0.3054457655193623,0.3187514663211566,0.2665660827347693,0.266686755508033,0.2905896783029966,0.3488225852888114,0.3251143641028768,0.317386122224164,0.2994293049568775,0.3085964407876744,0.314382536117165,0.3463144182540141,0.3172426054863813,0.3113487238437571,0.0283977571867204,0.0256377117491055,0.0238301393036763,0.033578811217886,0.0281878251252685,0.0240594829475213,0.0288442192758751,0.0254854036966598,0.0,0.0338477689258454,0.0288320076299299,0.0255247376615841,0.0287890034146727,0.0246285648022634,0.0239610905694114,0.0346798594832833,0.02751191245164,0.024766653240384,0.1351134203576229,0.1658858786200028,0.168119986606797,0.1337203814278638,0.1210320583233155,0.1331724444452433,0.1349845588717713,0.1393077519411534,0.1635807314954611,0.1251235090025666,0.1190699181779137,0.1177669510218599,0.1419847399233091,0.1732331720828526,0.1575214246276388,0.1126805683735483,0.1135203773304027,0.1280144396086768,0.1960046924762117,0.1895593181905468,0.1718494102155858,0.1871123905465097,0.1891834751224586,0.1893217936524003,0.1838533996855993,0.1874227660250227,0.1888252124889824,0.1909822030207166,0.2442982969475302,0.4207302717429115,0.2742710187476191,0.2199123140255778,0.2374422134648348,0.1858551722413537,0.1807891642983286,0.2627165646591436,0.2372820124093166,0.2407194653789304,0.2365328271325246,0.2252552871412803,0.2383779754174781,0.2450986198134224,0.2267465713230834,0.2368931476795666,0.2247712465472453,0.2491338387180626,0.2607126083317119,0.2746161231288546,0.2432639341944664,0.2517753083374465,0.2446510555000571,0.2340535263270879,0.2400036489725394,0.2524814773810888,0.2116769967917733,0.2102196222562824,0.1889027557920002,0.1721175271130235,0.1814086760394033,0.1899855605041764,0.1707334401240103,0.171670464817879,0.1728854425341133,0.3397061422786009,0.2987792669333693,0.1879533715879482,0.1814609728626841,0.2004307255675321,0.2010633381569917,0.1888951213400886,0.198033323204676,0.2054594576619592,0.1977817174751948,0.2121168171911698,0.2147546743330188,0.3158388497946802,0.2782150966351366,0.2407636258234688,0.2073227853986168,0.2481445435022031,0.2192969666822648,0.2697765903121158,0.229929755168122,0.212589845485553,0.1867038967640972,0.2056528854616957,0.1949308033393677,0.3086397701518848,0.2694452613077622,0.2272540647154635,0.2038144211011712,0.221481085282349,0.2183099595950111,0.2542527002181707,0.2120711422113856,0.2228107550072238,0.19827456458869,0.225328087126666,0.2024085343993675,0.2597524681854715,0.2071804540004329,0.2156729368978958,0.1876193946732094,0.2119100306999257,0.1953087771702399,0.2551709548310761,0.1989805996554459,0.2336017633468508
326713_1_consensus.txt,0.2896343232272933,0.3074094811678094,0.3137264561813921,0.2849792898045855,0.3090526040939529,0.337066895650274,0.2801662566853196,0.3336535483270673,0.3187810029974471,0.3092953008379524,0.2994761861941342,0.3411233793146309,0.3106556630810395,0.331597439081829,0.324912033803745,0.2911398908572238,0.3092025211973777,0.3237063639329811,0.2019756505939618,0.1839914277767107,0.2009076655245607,0.1787462368500563,0.1897020037704493,0.1997540913713607,0.1964490293326264,0.1770984082268221,0.1936346056707307,0.1752039967794729,0.1880154347483582,0.1893349675679303,0.1921187325670708,0.1717781764825083,0.1808361695528404,0.1806159295123635,0.18868958284407,0.1962919257968494,0.2761991766976557,0.2830597743341201,0.2975828905686661,0.3272217405743518,0.2974730325121832,0.3123831148826639,0.2690116385405154,0.2683032943869925,0.2895269489386578,0.3289040503981901,0.3127849077690676,0.3058576511570976,0.2942641668413976,0.3039013155435128,0.3033396978315856,0.3302350542898651,0.3095488008986145,0.3050246539927315,0.0321777603841759,0.0272750228451954,0.0367358874559187,0.0213077174201252,0.0235008405485217,0.0251437853559437,0.0330932462144595,0.0261924601072678,0.0338477689258454,0.0,0.0236617346069003,0.0252581822011883,0.0341946408905293,0.0271179350562214,0.0371886203249154,0.0210569322955009,0.023137386412916,0.0258840151840082,0.1550883659174218,0.1831020514686692,0.1967224669870262,0.138925794924436,0.1279357168450516,0.1518200079228684,0.1543171578408078,0.1582732239008777,0.1833839110064303,0.1301945145878953,0.1214221574138534,0.1290266501567671,0.1565252511807351,0.1979603508288931,0.1790657251722471,0.1169014767545846,0.1169820367588059,0.1413708195736944,0.2356319560209954,0.2193559326885967,0.2010471209996396,0.2058404105886779,0.2097238573406983,0.2117714401946671,0.2162328333820049,0.2117069856106823,0.2160037706629189,0.2160458105870084,0.2810563601174252,0.4721980273540964,0.3236087644907428,0.25079882376167,0.2748819760716046,0.207921672993173,0.2081154210737636,0.3082262383190475,0.2613352232257675,0.2611804430394322,0.2592744983697557,0.2515339871643114,0.2608034268035588,0.2629048294784155,0.253357550870291,0.2574703319869229,0.2480343216924332,0.2748216466658419,0.2776319627044543,0.2913566681313355,0.2665550909056762,0.2696266708373827,0.2681828195778024,0.2607215803488039,0.2593641414108276,0.2713039269179766,0.2225666369543404,0.2191056817448036,0.1970259119967927,0.1892964540854294,0.1886601265307135,0.2016315641779726,0.1867549250974178,0.1903003270770824,0.1845158971314191,0.349954049782216,0.3101956813693753,0.202019378875665,0.1911355444054834,0.2111629522597695,0.2120055041628461,0.1945473801422679,0.2102529430847042,0.2177098081585846,0.2074696156753752,0.2145592832620693,0.2182820020628142,0.2967420743815054,0.268454478390435,0.2397081076436862,0.2156142893908068,0.2469911222674241,0.2208552708615059,0.2548950952254003,0.2267043865705531,0.2183016241058908,0.201825184538773,0.2143504210838855,0.2062423099140957,0.2887333986175093,0.2600304613504463,0.2275656519015356,0.2060052377873305,0.2306909262989549,0.2171107267915424,0.2379878666707391,0.2243803396308052,0.219772106241173,0.2045842617337214,0.2387520039253772,0.2145117107271801,0.2425358181874983,0.2209200224820655,0.2124667616584155,0.1955728196652089,0.2260735485677223,0.2016712502303868,0.2399369498977535,0.2087443381038483,0.2275216253286487
326713_2_consensus.txt,0.2842805024816215,0.3018074426641526,0.3082664405733375,0.2793327707421511,0.3033865645896547,0.3320571483885999,0.2752233608803323,0.3284377327728336,0.3138385720508481,0.304554885335655,0.2945343030263494,0.3361135742562808,0.304770768235084,0.3257793176456687,0.3185706707388647,0.2867179164724653,0.30299057679429,0.3182327766205688,0.1929314251472789,0.1741718146855468,0.1922203295733773,0.1698937680347683,0.1801008447276721,0.1899516661027114,0.1874086921111626,0.1669178519341301,0.1836176668698783,0.1683402328938683,0.1780407527720271,0.1798918939199829,0.1841515132196498,0.1634308368713455,0.1726836432741052,0.1714276430051775,0.1786006289160475,0.1874788901315049,0.2736713245323301,0.2803195196804537,0.2949094398352585,0.3279959982051714,0.2958427011853537,0.3104745205459451,0.2658043843715596,0.2652553511066138,0.2861138264820724,0.3300244028981183,0.3132795520992282,0.3053412954378061,0.2925366520991659,0.3023970602893975,0.3033085876529391,0.3309619406586499,0.3078323124906603,0.3029383734866755,0.0336487083388838,0.0266370961874322,0.0323049898313279,0.0241403334703669,0.0208050485273432,0.0231765993156152,0.0344130220188318,0.0246926882723244,0.0288320076299299,0.0236617346069003,0.0,0.0225095135463,0.0354848040141391,0.0253134991526238,0.0327415842583995,0.0240899392236535,0.0206612222435467,0.0228497027107046,0.1519409411781396,0.1822129731962825,0.1959570772442518,0.1383491933660607,0.1275461203156069,0.1505825654507475,0.1523479561048617,0.1568899735161899,0.1792925989530829,0.1298616208605736,0.1201182061234789,0.1275240595368139,0.1542059341795152,0.1939413426727938,0.173761302611922,0.1183670669421381,0.1176229439224023,0.1404165645981621,0.2335100332605399,0.219191623517247,0.1999553584687419,0.2097389908205365,0.2123040870193371,0.214579375779973,0.2160796555052329,0.2122476743944226,0.2171605645738168,0.2203805085626058,0.2863740379027639,0.4768726168001684,0.3274106365082083,0.2555435750151957,0.2794555176039388,0.2107960719973398,0.2082527437637296,0.3086631329366653,0.2531609610329326,0.2546390321438387,0.2514799473678728,0.2439551411349825,0.2526819018014699,0.2553206492089614,0.2440407863846942,0.2498568890275549,0.2398910036800536,0.2685981994343329,0.2716744800851494,0.2853739533531367,0.2589103493380875,0.2626726629950298,0.2617512600466583,0.2536536383505847,0.2518820008084255,0.2630979687288999,0.2184049114554298,0.2161551854569268,0.1939902170819571,0.1853072280789618,0.1848642122446584,0.1966693510801462,0.1800181256405082,0.1834888312012168,0.18017356059147,0.3460753026584804,0.306991035059351,0.1982590621663185,0.1888498405525531,0.2082126261637071,0.2074412744111811,0.1933918539057728,0.2075212161650803,0.2134736753344732,0.2048459734628807,0.211810799341606,0.2151536352843699,0.2946306343335187,0.2658311032004441,0.2362549601064216,0.2125342767350915,0.2428711988694907,0.2168497239399158,0.2525634223465332,0.2232385331615951,0.2143900900816611,0.199689474034411,0.2097270815792669,0.2023671821786088,0.2861706666334136,0.2568247243329296,0.2248357454317222,0.2009827316722656,0.2239088582176833,0.2116716572086012,0.2325291718188289,0.2213795862793404,0.2135435277870208,0.2011999833074114,0.2328402937160412,0.2105790607691062,0.2362974799718955,0.217571221207713,0.2062424717510396,0.1916678124274931,0.2208025011069985,0.1969738557933986,0.2329878408013179,0.2040096567351881,0.221222838980811
326713_3_consensus.txt,0.276662743620033,0.2931375833824674,0.2966900296820114,0.2715878572732464,0.2924996178133305,0.3215393852153561,0.2687886714477656,0.3206486846701963,0.30290392237643,0.2971884077536977,0.2846758875302946,0.3277177093436734,0.2998080446827842,0.3165187217298069,0.3065701586826606,0.277942464788623,0.2937158929828314,0.3095249821861827,0.188600704817599,0.1733551148066112,0.1875928477730752,0.1732490289475166,0.1791190887184868,0.1872493403466499,0.1833440665623804,0.1646950625464498,0.1794589240908486,0.1739334840707549,0.1790005408615407,0.1787604468302177,0.1811704212819904,0.1624272880373958,0.1689907287996881,0.1754148579080983,0.1770159120439913,0.1853784752579201,0.274489518110208,0.2809877642556806,0.2967083240891028,0.3348465531232598,0.2996845808318511,0.3138164094194664,0.2663763631099947,0.2660406665326746,0.2881466844978781,0.3378838674264912,0.3179969599396131,0.310358441986768,0.2956160821911844,0.3049111792806585,0.3073504193999881,0.336990428334758,0.31156832218036,0.306568464803501,0.0278217332685954,0.0234959557086646,0.0288212733656934,0.025850543441436,0.0224894141831697,0.0215205794957071,0.0288822461585951,0.0226298926883785,0.0255247376615841,0.0252581822011883,0.0225095135463,0.0,0.0297134824139284,0.0225900144380375,0.0294729289063191,0.0269136086787966,0.0226167142476576,0.0216672838334766,0.143253035756576,0.1730276316084165,0.1824770848740975,0.1345790470168459,0.1227413914323669,0.1416696989453001,0.1430464871986032,0.1477320918393871,0.1725887303276465,0.1266809224107454,0.1179183910564809,0.1222807374422885,0.1466117950817782,0.1852449574749357,0.1654169784292776,0.1147346773753668,0.1146804417726521,0.1334245671910103,0.2216583478190656,0.2118146315855504,0.1915157983802444,0.2036043525123076,0.2058974302859582,0.207011799832717,0.2058488456057645,0.2060341110513803,0.2094914458641597,0.2097900212004155,0.2717774449549921,0.458850092092895,0.3084519114624768,0.243232598381013,0.2644115853091264,0.2045791313136291,0.2009359445422944,0.2941870352665958,0.2516307878633732,0.2531624009934745,0.2493719777397487,0.2406560566537052,0.2512669343304985,0.2553630756185114,0.2423589102832508,0.2485316273843523,0.2367455589585674,0.2639715569240053,0.2712045892774952,0.2850013729582414,0.257050689933969,0.2627859169266848,0.258540131354664,0.2489869582044868,0.2513181584899513,0.2635501988870317,0.2167463508644402,0.2100687636862801,0.1892880862359192,0.178432381528502,0.1819035370687451,0.1926468123774576,0.1772696992561968,0.1790584238835926,0.1756296484261277,0.344725670515011,0.3046541985983531,0.192933028884461,0.1852875837371002,0.2016936081689451,0.201577974145966,0.1887043519825155,0.2014504698259287,0.2090659429763306,0.2009506808071783,0.2115987407199853,0.2143915681475086,0.301578354164711,0.2696833274457546,0.2376232225803392,0.2091624925074917,0.2439485123664475,0.2171872231987777,0.2593506379235961,0.2260680112388549,0.2146009935284034,0.1937388773922315,0.2078550811685175,0.1995330454099289,0.2940027903137334,0.261389096390058,0.2254574815541303,0.2016331658875216,0.2224807381277322,0.2136618593174191,0.2418843261164909,0.2168666194637296,0.2169040391626104,0.1977076970735822,0.2292110226142441,0.2055309428657139,0.2461184166437604,0.2121897554142577,0.2109463850360136,0.1883361168836259,0.2161406291844798,0.1951783191593676,0.2430444296578926,0.2018673507465571,0.2268824276200547
326713_4_consensus.txt,0.2775132075228654,0.2875125091587662,0.2845278867146419,0.2693065168048676,0.2835834160392352,0.3128767832376127,0.2705929962401328,0.3161669469694672,0.2945618036085911,0.2958290066177937,0.2814422768539479,0.3196940440356606,0.309990848935918,0.319722043052117,0.3009633280595274,0.2720961858107245,0.284898743501742,0.3029560513318294,0.2048896226863412,0.1919342104743542,0.201139566330319,0.2018201708955089,0.1982941308259427,0.2060518101807602,0.1966862480463653,0.1835376529361667,0.1930313278631104,0.2042103622112243,0.2017723983073942,0.199463212788391,0.1987413974506502,0.1816880089802524,0.182548949878484,0.2040542958277065,0.1957617140274052,0.2030420541408801,0.2927737408666715,0.2989220504532177,0.3177543664425357,0.3658542269695424,0.3254785498761237,0.3389113050957029,0.2837987419481678,0.2840500999764117,0.3093167741628022,0.3695520132877306,0.344581611802937,0.3367878116816847,0.3171593694602457,0.3267316529479913,0.3319401134364206,0.3671220629282921,0.3375460760755011,0.3300183450295968,0.0202086510941441,0.0245100521376215,0.0300340688333271,0.0335317182669818,0.0337536199055463,0.0280016251069099,0.0203038776409698,0.0267874417370066,0.0287890034146727,0.0341946408905293,0.0354848040141391,0.0297134824139284,0.0,0.025079877599353,0.0298794513720181,0.0350843461582854,0.033956883969278,0.0289068233953422,0.1329967192290695,0.1641187223009268,0.1597405769553077,0.1358970064322022,0.1220768668793859,0.1336410182606009,0.1325617932760749,0.1399485953449897,0.1648235874602299,0.1256789112452452,0.124513649647568,0.1209940835122651,0.1416290751126503,0.176783298574378,0.1573161744598472,0.1133764573030191,0.1141140027066498,0.1268200832525394,0.1907786212294375,0.1822305965098962,0.1658929306445564,0.1757136697838675,0.1774097520472217,0.1769982012471374,0.1756148787022446,0.1797730652970592,0.1803396826609571,0.1733267908840829,0.2200513991181907,0.3957785509313858,0.2493329475195693,0.19828727329757,0.2145314417065797,0.1763443604398809,0.1723491678598492,0.2487392432042199,0.2511604939216632,0.2532658793856726,0.249604118302436,0.2384057235198504,0.2540406579594041,0.2611139098279764,0.2427204539686585,0.2522840737346143,0.2395128118356133,0.2576123936820167,0.2728979095154535,0.2868258029711796,0.2566723367056873,0.2655329687237753,0.2566254606680935,0.2463429621591615,0.2550200592085758,0.2686206666563357,0.2147684147517594,0.211842739537083,0.1911454444289475,0.1732087378232591,0.1841878087180575,0.1938561847800173,0.177162194586181,0.1761362164186479,0.1755999602703006,0.3444963413619355,0.3027457918694303,0.1908572156612713,0.1821657018736679,0.2025380454308774,0.2031036043374356,0.1891020074849834,0.1977197567054354,0.2077558376448287,0.2131500500976244,0.2294842077488788,0.2311696182038112,0.3400563392792399,0.3000911705377191,0.2605310724735936,0.222698858291892,0.2679646772342252,0.2368168268791741,0.2941777874897227,0.2508818453643116,0.2316092764719641,0.1979632840102425,0.2224735305658178,0.2098716823610189,0.3332866443850477,0.2917554012838366,0.2468556948099376,0.2166398074158593,0.232502400271386,0.2328427576608014,0.2757879612533429,0.2114739145443991,0.2410230350566991,0.2064107388993896,0.2345873981402348,0.2053948133463166,0.2836141530315075,0.208083472595284,0.2338559920636562,0.1940901526764058,0.2181140126395249,0.2043496629000358,0.2803110874304124,0.2043858786288517,0.2551264475148116
326713_5_consensus.txt,0.270849130378032,0.2842304684344761,0.2870746062882396,0.2646790891252664,0.2826624268240465,0.3118267551038585,0.26277212750011,0.3121971127671763,0.2939309342853065,0.2901732816886131,0.2781582737481329,0.3170321678404342,0.298862720164788,0.3131238435879808,0.2998380109577709,0.2700582075735411,0.2830651155935015,0.3010714812244721,0.1936855620693265,0.1777123302713228,0.1920350053904513,0.1815049566271973,0.1835705214520544,0.1925626510103377,0.1868812749879964,0.1696321176924833,0.1827714328732277,0.1823994017218773,0.1849931701065124,0.184655276952796,0.1862378419472001,0.1678452162985735,0.1723248312516787,0.1834516810321353,0.1817712488624607,0.1902233006472862,0.2827898705616682,0.2892027762129032,0.3059558000775624,0.3488458220779478,0.3111966285528709,0.3246549383329338,0.2746443265333838,0.2737546657603502,0.2971569087131449,0.3524515305819093,0.3300856521146329,0.3219342917713739,0.3053845278231293,0.314449910464738,0.3186135226472686,0.3503018125055206,0.3233657015751063,0.3173446535653355,0.0240478636269685,0.0215369233471847,0.0267130801844608,0.0268441880262138,0.0244823303805858,0.0224477973461603,0.0250948782508473,0.0214534930710001,0.0246285648022634,0.0271179350562214,0.0253134991526238,0.0225900144380375,0.025079877599353,0.0,0.0270121500250475,0.0280036591569832,0.0239490506151902,0.0224828837610289,0.1409973090131338,0.1712284839194566,0.1744224197876462,0.1368976786418159,0.1236356620731342,0.1396374992986651,0.1394388613557211,0.1457557008265411,0.1704093689816623,0.1273574132443329,0.1211027347505577,0.1217326553914155,0.1458139712401163,0.1819335673220301,0.1636800633405997,0.1150260041707262,0.1151747998713403,0.1319011668761227,0.2022733558457616,0.1921161456000391,0.17376205259675,0.1841253613161875,0.1861358346777173,0.1867570123511761,0.1865192764002721,0.1866450106169068,0.1888223340774821,0.188120100881111,0.2434004149079278,0.4257135855987286,0.2768331476177508,0.2174254099084613,0.2368212836847263,0.1848834243515007,0.1815830443910151,0.2695727040065101,0.2414341281088923,0.243408794260155,0.2400208390709224,0.2304347154491282,0.2423453432878233,0.2474431378862469,0.2328564788966929,0.2403180789940648,0.2288192814140508,0.2519305206580782,0.2614534306471583,0.2750975562858642,0.246306253382162,0.2531675765398269,0.2481281981056717,0.2389815555025087,0.2426176579429793,0.2552129591578165,0.2102787154594096,0.2087474981274155,0.1883994977008178,0.1736212495043112,0.1799394966236214,0.1905729680538108,0.1728822173569746,0.1745215628302112,0.1738713368828826,0.3402657343779722,0.2998044470357612,0.189956007243655,0.1806733172620589,0.2000551414931024,0.2003700784109341,0.1872335312206736,0.1975711909450161,0.2059727318969884,0.2004362043214378,0.2122513671831214,0.2154786939593371,0.3113590285740066,0.2752365611907947,0.2406925980704954,0.2095814398951638,0.2480293005728526,0.2191665388007528,0.2673967575341969,0.2291009268944677,0.2148392506895291,0.1894781963917431,0.2075778196017559,0.1977794340350271,0.3039568981294493,0.2671745851638789,0.2277563002454279,0.2031167204972952,0.2222079254886182,0.2163334700060986,0.2489871542085815,0.2100923198589299,0.221436639867715,0.1969992131194224,0.2274448281286183,0.2019856691206776,0.2550745804936518,0.2057452691341197,0.2142322681644302,0.1862380220564645,0.212278947323373,0.1942188105812263,0.2517340978279208,0.1982117318048324,0.2319816367993681
326713_6_consensus.txt,0.2717765841650532,0.2820149625995469,0.2819590045135633,0.2660243359192336,0.2785877803481611,0.3113941481700415,0.2651093677186438,0.3137448622204388,0.2918036324771051,0.2913720680798732,0.2777106338652544,0.3169555103743988,0.3093590487041169,0.3210794118764681,0.3032341123673667,0.2704451884681731,0.2807608213446357,0.300674699770326,0.1950624580752062,0.1784861369350459,0.1922046008770692,0.1883677197246065,0.1844402209896714,0.1948196694104105,0.1872475539756415,0.1700934916815946,0.1826987867779088,0.1956397304618207,0.1899578462943942,0.1873997212527243,0.1891183566534025,0.1714212411585371,0.1733814504728954,0.189099206606599,0.1817842851429212,0.1917034907149073,0.283526879048523,0.2906528679884523,0.3091244067783911,0.3559930099545632,0.315644312767052,0.3295241656395653,0.2755180128641648,0.2760481580495799,0.3017731660961829,0.3614809936364977,0.3362529368911708,0.330068758256985,0.3094560358574192,0.319967084435909,0.3263271505654757,0.3577505645484251,0.3276129398224263,0.3220083771044351,0.0301860972376886,0.0272516810656853,0.0220988008183837,0.0365657463830437,0.0307611368549309,0.026611343179681,0.0304238109938381,0.0299645817790938,0.0239610905694114,0.0371886203249154,0.0327415842583995,0.0294729289063191,0.0298794513720181,0.0270121500250475,0.0,0.0382090583826197,0.0303441583713173,0.0267268959846447,0.141274613937167,0.1756140266035331,0.172067205182909,0.1413271516211338,0.1272997098599404,0.1400472341574961,0.1408817451437194,0.1450712232059814,0.1690226222613944,0.1307493960409829,0.1268681796847346,0.1227326126247803,0.1502388575097626,0.1756077438253065,0.1614560236481033,0.117720229351832,0.1183974287986586,0.1347541050189988,0.1861842410772212,0.1779587631065666,0.1640299417814148,0.1782894438689339,0.1799554762755519,0.1810226343356049,0.1746696313065392,0.1785083424652249,0.1784561242783411,0.1831212615522304,0.2308412495020739,0.3985110382522983,0.2593001701551713,0.2097562779400164,0.2244633798278528,0.1751024214477787,0.1704961565771015,0.2480394404182959,0.2361968301825143,0.2386070518939149,0.2363293150175742,0.2229191554845897,0.2370104088721056,0.2441702548461179,0.2254593705830316,0.235793190923367,0.2253252259906588,0.2471557807316671,0.2591499659392227,0.2733298095321856,0.2409043227799827,0.2501600710783016,0.2421235111705684,0.2332093943982087,0.238059119796862,0.2520587604689197,0.2102373420505401,0.2197073792307975,0.1992188665673566,0.1772043621800207,0.1883693609585783,0.1981078960579161,0.1740276274923395,0.1735700527604997,0.1814894092034471,0.3388267177893418,0.299941498420555,0.1952860331073544,0.1857150791075774,0.2099654645948092,0.2114211422070084,0.198763142297885,0.2056278249005352,0.2134820839724831,0.2026745876838198,0.2166278512489547,0.221041107831958,0.3302718892729359,0.2885720875842281,0.2488079533867555,0.2130215876816166,0.2579524145752359,0.2283659007558753,0.2800256777944625,0.2367529639058645,0.2171087230414272,0.1880918347694553,0.2107405874554473,0.1991390509410564,0.3221826318193699,0.2800611959201404,0.2338740219559341,0.2106085819539913,0.2262746106616759,0.2252492842306104,0.2640670673858487,0.21283970660415,0.2298802329098173,0.2036801886658032,0.2305276291096945,0.2071631449413971,0.2708137339523624,0.2080686261696129,0.2230793480828836,0.1924800740485004,0.2164193581382463,0.2015215638223892,0.2651327031179846,0.2033642598678327,0.2415340184511265
326713_7_consensus.txt,0.2870009001122184,0.3044408355585162,0.3124887657048845,0.2822045054319808,0.3078126202215117,0.3346462321542702,0.2787283319132108,0.3309626267369836,0.318222513713458,0.3069136703601671,0.2984784667642692,0.3382846927022918,0.3099351536838703,0.3318720637893158,0.3254731960389136,0.288436754700843,0.3081362971276178,0.3227319948766656,0.2077335791592816,0.1883552291836423,0.2074526896824942,0.1813510194039551,0.1944025910495916,0.205675461756666,0.2019148780438371,0.1824425591120189,0.2000789077005862,0.1776640343672539,0.1919978923599714,0.1943518819343808,0.1974112806738759,0.1764788536885184,0.1859065803647723,0.1840523961437341,0.192956496272707,0.2006253644316551,0.2790013397714013,0.2853483719637282,0.2996967748720713,0.3286879802360225,0.299445917390134,0.3146570515145797,0.2714340674546847,0.2708269266414369,0.2919914832569183,0.3304869598876792,0.3140207205593626,0.3075289264656682,0.2967945023445253,0.3056730844583484,0.3048911052732492,0.3318340142967457,0.3115277347748062,0.3073973710439759,0.0333582426704381,0.0284871919791029,0.0366996830526886,0.0204353456959047,0.0235078162633541,0.0261187462795504,0.0336545769133742,0.027494564556072,0.0346798594832833,0.0210569322955009,0.0240899392236535,0.0269136086787966,0.0350843461582854,0.0280036591569832,0.0382090583826197,0.0,0.0230472097834351,0.0266935700440775,0.1591241185973047,0.1889007379835092,0.2016199604370783,0.1427614444821046,0.1317012967587842,0.1562964028360163,0.1589711594553016,0.1635562520145512,0.1898713447836897,0.1333576736253618,0.1244630303013707,0.1319415610213603,0.1616265125691853,0.2036679246660711,0.1831140627789622,0.1188419780649248,0.1189958283189795,0.1459935790758599,0.2322861602714638,0.2134410189415483,0.1969853433920434,0.1993380117757013,0.2032434070690811,0.2062027921368781,0.2120690988959168,0.2055798642640809,0.2103770386399865,0.2112431313527167,0.2752154495483161,0.4644137817467566,0.3188737981489318,0.2445886446013752,0.2698804554968532,0.2015476072875941,0.2026907007474143,0.3045598690343212,0.2573278615763712,0.2573952152066248,0.2562498463559386,0.2502549051952059,0.2566807763566316,0.2598148265733861,0.2501051183255036,0.2541285390767882,0.2459990326494647,0.2715569997783476,0.2730211529147617,0.2861009605260811,0.2627453016423082,0.2651536216914962,0.2642066837330219,0.2589597413270255,0.256037281140351,0.268046543028138,0.2219157978284691,0.2232079777784683,0.201746063800897,0.191927126597097,0.1921253572522623,0.2049700097451179,0.1884994654993548,0.1919976831701006,0.1892242845817193,0.3489123883948757,0.3103269416064584,0.2054975091414519,0.1936145166143958,0.2159101614656364,0.2168455714318966,0.1986715453214351,0.2126797463415783,0.2199923894025275,0.2059036259826072,0.2115116482042971,0.2160853420888848,0.2940337940765047,0.2656162877716248,0.2373507404804513,0.2141000571396354,0.2451927056610259,0.2188603616250546,0.251648088629441,0.223580513065297,0.2160404289479061,0.2002223393809217,0.2117547018102179,0.2044816719618687,0.2860601752862806,0.2570733965889928,0.2246845710584608,0.2055495398161788,0.2295956890906865,0.2163032452331421,0.2365036104404971,0.2245937608435646,0.2195350349184366,0.2056712261149513,0.2377806057505722,0.2153680912226896,0.2413239463981753,0.2200039437972591,0.212090678883392,0.1963469735478185,0.227200963490386,0.2016769446263353,0.2384797304567811,0.2078458921844763,0.2267395519611099
326713_8_consensus.txt,0.2809816573094039,0.2982768655970957,0.3047901913993307,0.2776659169828406,0.3000772077273304,0.329040879194082,0.272910023706217,0.3268980119450653,0.3114413384012451,0.3022514177013065,0.2919296521495695,0.3342532108119158,0.30669815849269,0.3265503194182741,0.3182515819284397,0.2840451469508274,0.2992748562398404,0.3162491941744818,0.1934108504798999,0.1745622346616642,0.192739262469928,0.1712812083624548,0.1804039944601427,0.1908164017270301,0.1875860872405752,0.1677216060586701,0.1844699411538499,0.1703501427906033,0.1790283118178663,0.1803153957440493,0.1840280980308435,0.1638248879190555,0.1721417138649634,0.1728596111588061,0.1780185970513343,0.1868065060730579,0.2743853576708019,0.2809169692034778,0.2956806074564255,0.3299557089516014,0.2975217644777927,0.3117945732178455,0.2670576754312996,0.2662711983215757,0.2879231083490055,0.3325959681422574,0.314302097153913,0.3074249301400691,0.2943870640715644,0.3035605434783264,0.30487272132601,0.3326779264487634,0.3092149236693728,0.3050441191941075,0.0320619405284254,0.0252001543346445,0.0295299717617538,0.0232759985350909,0.0204369341528405,0.0218354290115065,0.0324901678745135,0.0244570087951387,0.02751191245164,0.023137386412916,0.0206612222435467,0.0226167142476576,0.033956883969278,0.0239490506151902,0.0303441583713173,0.0230472097834351,0.0,0.022115399309488,0.1526869495642664,0.1834376366594554,0.1951674203802866,0.1396064997400294,0.1280651091043836,0.1500598955796874,0.1525064544243122,0.1564454313588434,0.180188106068833,0.1305047837267103,0.1216829910331611,0.1269754599729609,0.1557078264818727,0.1940918725060427,0.1764623275717944,0.1181388762744006,0.1178909905245149,0.1403686009756342,0.224826254392056,0.2107049838274193,0.1927634966817706,0.2013331337902322,0.2043208691033946,0.2068829856731611,0.2080382755992005,0.2046638270150786,0.2084250373049982,0.2127448362665376,0.2758816194057587,0.4613243497336512,0.3152678077743402,0.2465288178530968,0.2690766401806215,0.2019940088257215,0.2002151274039825,0.2995313705012101,0.2471362841576159,0.2477047032075177,0.2455416393332896,0.2378988050644892,0.2457327126184054,0.2492387526340458,0.2387029706147672,0.24292437595345,0.2341631022788064,0.2619009294762797,0.2648878685438625,0.2780858055443254,0.2521199572039236,0.2561720633122917,0.2537197286958061,0.2475180236057426,0.2454890914495671,0.2576387466694108,0.2156023579853716,0.216132248658539,0.1946830109742414,0.1832789342613061,0.1845960808475908,0.1964915849839776,0.1783106156383453,0.1815854692850216,0.1808869593778048,0.3441586075409901,0.3054761325131778,0.1973338219036478,0.1869360343074362,0.2080436431455723,0.2090421592857758,0.1932755098577487,0.2058904696636112,0.2131014459262701,0.2006855323315264,0.2078867623864013,0.2124268135143978,0.2949996093848348,0.264164276438585,0.2338833634779433,0.209736487979292,0.2418321931747442,0.2152382860179749,0.2512893686977193,0.2203465934629598,0.2109312200011999,0.1942404175838419,0.2060230472392383,0.1990563786972359,0.2865024456143779,0.2555849863883637,0.2215675517171931,0.1992511343752063,0.2218479988080588,0.2097290279881356,0.2320920846248846,0.2186435183230948,0.2124570615653489,0.1973410421851298,0.2305771982505149,0.2085951877678731,0.2362624315455797,0.2125639938549852,0.205293983091984,0.189414549817048,0.2182847727169772,0.1952848179973116,0.2331839104769599,0.2015510371987616,0.2202670875507024
326713_9_consensus.txt,0.2760344989484373,0.2915637306045759,0.2944638230837739,0.2708025821254942,0.2897779065763473,0.3203248789907498,0.268064632859172,0.3196015504283416,0.302975488092553,0.2965306874931634,0.2846134584198658,0.3263746843213795,0.303013703824277,0.3197790191166447,0.3087157151737045,0.2773680317171774,0.2913385537179707,0.3084376268573514,0.192711626311425,0.1756508074061216,0.1918654057398043,0.1759013479696101,0.1810811482451626,0.1905447375249132,0.18641142781577,0.1675251931490464,0.1831747928521068,0.1766494328478884,0.1814172669953038,0.181390458522987,0.1842311925828497,0.1650237012105897,0.1714292359617921,0.1774200495978597,0.178469956097377,0.1877328255561146,0.2773961183272817,0.2840924312222981,0.2994167785853889,0.338875986417257,0.303370222572866,0.3178534818599949,0.2696065751905792,0.2688121150211984,0.2918074688446168,0.3424412917949411,0.3224071643457868,0.3148487171653222,0.2991308026867827,0.3087275834006249,0.3114459585322962,0.3416961887794585,0.3152594759714802,0.3096777833055881,0.0281960386766257,0.0234915264203969,0.0263821151933676,0.0254942722522812,0.0225193296066237,0.0207482830318781,0.028566150676287,0.0228249407339653,0.024766653240384,0.0258840151840082,0.0228497027107046,0.0216672838334766,0.0289068233953422,0.0224828837610289,0.0267268959846447,0.0266935700440775,0.022115399309488,0.0,0.1457149493122109,0.1767515658849703,0.1824315326784358,0.1378224889004933,0.1252381264236071,0.1444719456085934,0.1456249132556522,0.1501736576564418,0.1736250131453687,0.1283714648385299,0.1212840544049314,0.1239917967878128,0.1500803588220947,0.1875907680574435,0.1692915051896157,0.1166466845379048,0.1166998586067755,0.1358870125418043,0.2129786100880615,0.1998506119492944,0.1825610394612589,0.192585766158345,0.1950838417828642,0.1970277102547619,0.1957603395328888,0.1950170991850797,0.1984363906207669,0.2001270669641712,0.2587778788833823,0.4422398581757818,0.2953458112103675,0.2320576957065725,0.2524557454465466,0.1929764947195629,0.1900610353502543,0.2825723370789319,0.2431248086060158,0.2447604550157898,0.2417858642458732,0.2326032193369513,0.2426229587163284,0.2477274116864976,0.2345707946492936,0.2409262431125896,0.2303964384448775,0.2559385191810328,0.2623435713101649,0.2762414163505404,0.2479524123387015,0.2538363000552976,0.2493226201731175,0.2411683226706067,0.2429699199839987,0.2548572381121552,0.210047567825562,0.2116528474249577,0.1904538384384082,0.1763160064301914,0.1805812770115302,0.1921232448887977,0.1731979490669246,0.1758183300993785,0.1759493850771463,0.3385107065869555,0.2999506546011545,0.1919175761438509,0.1817864590643303,0.2026015556314995,0.2031478411635099,0.1898934965892316,0.2003788112324471,0.2072800913038861,0.2012159611529576,0.2114251695217603,0.2149324666982224,0.3057617122853315,0.2719769833011938,0.2383839986425151,0.2106315298547869,0.2465702571151453,0.2188604995663894,0.2609746523262473,0.2255322739616865,0.2134014278590683,0.1925548616096151,0.2078622412475326,0.1983105436109333,0.2977006495817065,0.2631511747161994,0.2261499961812241,0.1989437156004783,0.2186889613250748,0.2107885934359537,0.2398501806430779,0.2123488171951422,0.2143636391701591,0.1953608092723406,0.2269466244548006,0.2026758405754805,0.2448365789345672,0.2068150336999323,0.2073735483545178,0.185116624527847,0.2131849429905692,0.1922634986447775,0.240709026842623,0.1966967840029738,0.224546838454156
326737_10_consensus.txt,0.2936909898445314,0.3075062977451992,0.2954096138433968,0.2883164566666636,0.2970187410113034,0.3301007265764148,0.2920570540202298,0.3351071990101033,0.3103449103284212,0.3165910219330854,0.2955693614467023,0.3388278379304594,0.3235112848968775,0.3255851582454667,0.3024453082972158,0.2856062605006002,0.298693715888124,0.3200600604817829,0.2093716812162398,0.2075832788851528,0.2070208365521786,0.2374952492433486,0.2143434515104445,0.2146455684856114,0.2025976115163139,0.2008725205039958,0.2014595033934156,0.2478836472476757,0.2215700865811385,0.2165354765741476,0.2090848851385907,0.2029858151797654,0.1939227423664178,0.2408449098711393,0.2109897944886718,0.216513176250487,0.2790874814054618,0.285512569494049,0.3035860534256258,0.353861613507167,0.3085955051249271,0.3274396825600867,0.2677293178435747,0.2694240874411981,0.297628286904537,0.3546551736108583,0.332122996161452,0.3227979383904085,0.3015327578047326,0.3131064201746412,0.3199031545265214,0.3539827451261494,0.3215705254740584,0.3172268170641139,0.134640044201852,0.1405315590346951,0.1412435811147858,0.160445550801576,0.1549877731648266,0.144348357939517,0.1373469011262358,0.1422382614175426,0.1351134203576229,0.1550883659174218,0.1519409411781396,0.143253035756576,0.1329967192290695,0.1409973090131338,0.141274613937167,0.1591241185973047,0.1526869495642664,0.1457149493122109,0.0,0.0869387458344093,0.0936262163464363,0.0739419637091742,0.057635256591503,0.063481451465627,0.0624891006556609,0.074843126726968,0.0939490451897597,0.0598359919535624,0.060899707447227,0.0562128915203814,0.0655663241560979,0.1110512681719129,0.0890513938512178,0.0560205674972955,0.0553211107208824,0.0558811691442571,0.264272800817519,0.2733710676818326,0.2512886240862606,0.2836196007799643,0.2821614570745545,0.2766550471933371,0.2600182617188267,0.2815833166349542,0.2764755912252283,0.2640389119983695,0.3131847187448038,0.491090766291034,0.3223948942027057,0.2920113992761344,0.301930657775781,0.280367448827306,0.2701787479856534,0.3323380357990757,0.2975187319008689,0.3040410593015465,0.2903552220112289,0.278260950950834,0.303578754667555,0.3134143223641601,0.2835471539612157,0.3051076443118958,0.2822917537904885,0.2976812914192237,0.331292436740636,0.347278324281298,0.3052395448057794,0.3237450219770323,0.306804721827504,0.2822831083471477,0.3053222951479988,0.320982194136814,0.3106740940962567,0.2644657726284727,0.2574444114929335,0.245371062935181,0.2618349258898149,0.2602110491136749,0.2621900611965344,0.2586534398755873,0.2421100394688693,0.4307632160284953,0.3768494024708282,0.2527603788824848,0.2499016770687205,0.2575167097323856,0.2622512256731859,0.2502497760565312,0.2576097316811037,0.2718195663473288,0.2594431865370623,0.2790125151284037,0.280443308015446,0.3916144820888227,0.3505841346267004,0.309049997275558,0.2682105670541332,0.3115486249022794,0.2832589242191226,0.3483401329352844,0.3043208651492932,0.275658385074621,0.2426881947032271,0.2648389422082644,0.2544781769680959,0.3879159385450101,0.3453822516489779,0.302030702211109,0.2934146799301977,0.3094575711770844,0.3157651170646218,0.3673221194198142,0.2899462281425542,0.3265338039144083,0.278212746415253,0.3041675096225731,0.2750402860483021,0.3817842394687254,0.2845871124026757,0.3167612720505346,0.2660518839426551,0.282869857095779,0.28080091416372,0.3794027829571504,0.2812491471836864,0.3406572392433276
326737_11_consensus.txt,0.3310351404516289,0.3465674135947552,0.3360760280427435,0.3268681840141205,0.3345890142784569,0.3680765666633441,0.3275419711165597,0.3732009837540886,0.3495352728686391,0.3543576354021844,0.3331584452771849,0.3756625275993421,0.3531404638139612,0.3580505984213751,0.3374118892905962,0.3231011853654451,0.3378899226101168,0.357633866826994,0.2362467216972135,0.2346739342410586,0.2321667781792342,0.263165188433863,0.2414396350711918,0.2402475795205383,0.2299516348825143,0.2287583302210336,0.2282154782152936,0.2709256854010888,0.2475494032960057,0.2424418695317634,0.2340392427096418,0.2304769698407085,0.2212239380483289,0.2665895828269491,0.2388155539196184,0.2425562037918851,0.3133897000919106,0.3208192282613247,0.3367855203918708,0.3844995821273862,0.3407817663974413,0.359916936426977,0.3010588876638316,0.3033406326203121,0.3302506491547632,0.3845992231733213,0.3628682397007594,0.3533844282942233,0.3348118151417196,0.3451458720749514,0.3504617583272704,0.3843081888317172,0.3541448772696647,0.3491268283484317,0.1647948275623996,0.171943285944998,0.1760659338194017,0.1897415598211083,0.1860573204596818,0.1759299826378679,0.1683089427448365,0.1717172634056361,0.1658858786200028,0.1831020514686692,0.1822129731962825,0.1730276316084165,0.1641187223009268,0.1712284839194566,0.1756140266035331,0.1889007379835092,0.1834376366594554,0.1767515658849703,0.0869387458344093,0.0,0.1184906703243982,0.0981448460904808,0.0854380483767549,0.0916832356194632,0.0898281449753533,0.1023017292145098,0.1242181538097106,0.0891888196212207,0.0887964802101706,0.0857571422247254,0.0900207521235927,0.1402047712623044,0.1187680759894682,0.0852185719551066,0.084628353733855,0.0837840719138611,0.3062299108909379,0.3190037057018671,0.2924086363283642,0.3268232986059587,0.3254434014489646,0.3193637936717834,0.302389066869182,0.3237208703507299,0.3196303264523834,0.305210332767885,0.3605365509057492,0.5470111100823019,0.3717052327854269,0.3358897188512912,0.3485289534666087,0.3234760247963066,0.3133021884977189,0.3748856180245141,0.3355424885836591,0.3449498974880818,0.3293469777134312,0.3163964217130939,0.3432279112870873,0.3524317439628817,0.3225056454569923,0.3426790836037412,0.3186718452583399,0.3383418631987922,0.371317067935454,0.3873537262789348,0.3441596026191078,0.3638635734485049,0.3457028447678603,0.3215240799053198,0.3440874660357416,0.3596597332331939,0.3424011129437971,0.2853974023632446,0.2785217865007396,0.2733417465364027,0.2874776877023635,0.2838801966289459,0.2927273535443042,0.2892012750544133,0.2644214159793243,0.458348016914698,0.407440967882561,0.2791167149780449,0.2779259953586006,0.2800714775931183,0.2830383287306972,0.2735383724949791,0.2820033041554346,0.296727044695583,0.2901309898530435,0.3102525378359928,0.3091767098022657,0.4115061401420199,0.3753776560620494,0.3360232625751251,0.2957919944992717,0.3377967050712342,0.3092163871675026,0.3724422661286937,0.3330425603399298,0.3053980353385768,0.2758197709907861,0.2957038442420483,0.2846268040981599,0.4081278858940536,0.3685976754192346,0.3297130468774867,0.3222306211843282,0.3412522501280008,0.3449166917156816,0.3941363100059973,0.3251012138208153,0.3534461754488589,0.3079091991584093,0.3339213567434456,0.3041861440640652,0.4052424542237887,0.3180863430597256,0.3440189227620394,0.2970029558155289,0.3168657969694806,0.309660636469836,0.4059578774918755,0.3105242516869282,0.3675226078655669
326737_12_consensus.txt,0.3248971586034983,0.3325320046917035,0.316956801241723,0.3183492064852729,0.3171772801635981,0.3507111611056572,0.32276238815545,0.3607615657788905,0.3315091483338115,0.3465042772512596,0.3219679271968836,0.3613479143233711,0.3637302031035148,0.3577542233517015,0.3307191330026278,0.3123353306839007,0.3230983498733693,0.3434314617892049,0.2618673777673805,0.2623611955967462,0.2554786321407079,0.2999004019600093,0.2678102533602562,0.2702235750883872,0.2534076526656683,0.2542281704332119,0.2494921280293383,0.3138800445782408,0.2798622294609281,0.2724043008705479,0.262418941645727,0.2587343576177296,0.2433622264343995,0.3022222569664876,0.2656374018277283,0.2716922453392527,0.3429341237633423,0.3495918193949059,0.3688067468440081,0.4313178542695475,0.3800353263256042,0.3974622780033456,0.3299754223802331,0.3334555534653276,0.3636238510265954,0.4343663477999904,0.4060145354328917,0.3963005328605149,0.3701130990252252,0.3816787775905403,0.389818139395139,0.4303823740166095,0.3942632810287314,0.3882889204614521,0.1639254702340196,0.1738139281449555,0.1724078527532881,0.201064646274478,0.1965173879506352,0.1818039186887645,0.1641152072703597,0.177798116068832,0.168119986606797,0.1967224669870262,0.1959570772442518,0.1824770848740975,0.1597405769553077,0.1744224197876462,0.172067205182909,0.2016199604370783,0.1951674203802866,0.1824315326784358,0.0936262163464363,0.1184906703243982,0.0,0.1161658410981552,0.0995293146847942,0.0957593640492966,0.0946626467436075,0.1086805511031627,0.1264475686861317,0.1055511223671743,0.1107354381084064,0.0968888716549756,0.1040691756433744,0.1399492827869153,0.1188379808670134,0.0985523300542432,0.0990377557263357,0.0928048532306888,0.2608411217157389,0.2735839071877421,0.253562457477642,0.2867607462737886,0.2850352081090932,0.2764552752395808,0.2578176811606454,0.282689254395958,0.2750699877941223,0.2604636222116419,0.296934105231518,0.4622259548771055,0.2989176284186499,0.2807373949730234,0.2849547089656745,0.2824974813170477,0.2698373888597132,0.3140811912451333,0.329698976141362,0.3387504851020644,0.3251666460190598,0.3086303801095198,0.3386537935946059,0.3524371645819073,0.317102031860685,0.3404282305845925,0.3172227098865932,0.3283851696292394,0.3682603700680644,0.3859487116236693,0.3382907142803226,0.3608502060072638,0.3390622787056756,0.3116349799593081,0.3426304757182521,0.3603446480570369,0.3438476480073262,0.3045733771977836,0.2962352653980709,0.2782653523395062,0.3028358770845756,0.2971052740944877,0.2992804935315014,0.2932078552439847,0.2804911100115177,0.4639180948674131,0.4135660802712095,0.2905093851355786,0.2893006662349542,0.2964055366151861,0.3000906192158581,0.2898769733347279,0.2950738964998756,0.3117143453835957,0.2963622551399112,0.324758892679899,0.3254934100925943,0.4571600023651143,0.4076606046743443,0.3596762712420052,0.3087437836888789,0.3619757580289153,0.3297958990945133,0.4097807111322566,0.3569992199625069,0.3213255009072142,0.2758619857798337,0.3090099014604561,0.2938579154624143,0.4531800343352543,0.4030440219045346,0.3502312753443029,0.3377807630913771,0.3455842021915813,0.3623997808040045,0.4299769934193023,0.3185189242251098,0.3738539747715776,0.3170100699682976,0.3384355005636301,0.3039719043224167,0.4431933774745538,0.311559461589642,0.3663386873586987,0.3002660087450088,0.3165249326338504,0.3195824036690311,0.4419294991390501,0.314614435611368,0.3946723798113467
326737_13_consensus.txt,0.3032514712360346,0.3252304330204758,0.3203436243467301,0.301534195395611,0.3176596035141052,0.3505713721942634,0.2989094834718813,0.3496233167801073,0.3298649132471851,0.328752529209801,0.3102004491569978,0.3549113929361986,0.3228278778569624,0.3370147063894748,0.3237584935168733,0.2985264270335257,0.3178174573117651,0.3374571315682431,0.2136891315523179,0.2083797992419249,0.2123009129164046,0.2268737885685254,0.2139365642962793,0.2175654494833629,0.2096230396924596,0.2042556675824656,0.2086864556033703,0.2319636659367354,0.2164134604919283,0.2152411530807256,0.2102110047979515,0.2029963148668692,0.1990804144455538,0.2300794907472045,0.213899796032301,0.2173045118736851,0.2642884465313031,0.2724197680578299,0.2859075819669456,0.3228076954146921,0.2872115216644069,0.307025191997198,0.2556203698288684,0.2566186122551706,0.2805259200498504,0.3215837470968417,0.3053031403045096,0.2966552355462362,0.2834124880904198,0.2941026108718745,0.2949144806478614,0.3235635872191764,0.2984621590650853,0.2964762641197751,0.1354762447459663,0.1369776903166126,0.1417651443761229,0.1449614675212629,0.1423495713653508,0.1368519002801065,0.1389125719497599,0.1367682066347981,0.1337203814278638,0.138925794924436,0.1383491933660607,0.1345790470168459,0.1358970064322022,0.1368976786418159,0.1413271516211338,0.1427614444821046,0.1396064997400294,0.1378224889004933,0.0739419637091742,0.0981448460904808,0.1161658410981552,0.0,0.0537588784834177,0.0701739196012667,0.0717057268287533,0.0844790506770181,0.1044355878508511,0.0554533319126662,0.0524409484759651,0.0556318198288856,0.0713175874828735,0.1251474040843518,0.0994941403402123,0.0517966283150919,0.0507893562338175,0.0621038469375605,0.3035860166056174,0.305768195460594,0.2831032038250427,0.3095368180601241,0.3103554717710572,0.3061879550702286,0.2948844095968468,0.3094894524241631,0.3075841589097194,0.2984853240881442,0.3610839005317565,0.5504119813513135,0.3809181407809205,0.3334671622285547,0.3504490291974775,0.3076399227961666,0.3003074701669312,0.3769980447583307,0.3142190952965258,0.3193106663552072,0.3062852162339773,0.2968511882806908,0.3194601360352642,0.3266045645455548,0.3013977433800292,0.3186589140614231,0.2986726288372168,0.3203170873237013,0.3453730741845362,0.3606638086096581,0.3214496524918147,0.3364478452226755,0.3239429788100629,0.3033215601824217,0.3193583860851205,0.3327368140715556,0.3067680627496187,0.2583323608709165,0.2511405991413653,0.2468264309401142,0.2550262862257426,0.254930525679633,0.2590317300954901,0.2590731251980713,0.2367479994756891,0.4253791594731346,0.3776428980307642,0.2513831901243719,0.2457201102170074,0.2529947664037877,0.2557458141818962,0.2432353193954242,0.2549006952437302,0.2675205611840709,0.2517412186623033,0.2651476161014905,0.2672653204387174,0.3524834360421671,0.3226428203656546,0.2887383627780444,0.2589287164730116,0.2913338876182223,0.2671317643665709,0.3140640612926759,0.2829977516065298,0.2632292455899367,0.2430521960918383,0.2552794940165199,0.2488223392273845,0.3483725729107405,0.3167139636755607,0.2825436965887036,0.2883669758379064,0.3099068741295028,0.305995590167182,0.3422881386041254,0.300597687233445,0.3121153915634735,0.2768963746119723,0.3096087724474614,0.2813469372705803,0.3528648257788731,0.2950572393308945,0.3038155943807581,0.2699757798396476,0.2932195419190364,0.2805110905739774,0.3534471588794048,0.284770546821818,0.322081391977072
326737_14_consensus.txt,0.2863932965332516,0.3067638612243897,0.3017754789649061,0.2846624934229496,0.2996134674210999,0.331679785517835,0.2831523678823622,0.3324853699641927,0.3124818410940833,0.3112213641620549,0.2925510202601771,0.3384677653331778,0.3102796100258871,0.3213353204482949,0.3068042854611938,0.2818786737980723,0.299807780809207,0.3194895615926469,0.2037200353056434,0.1975415966623295,0.2018723264392328,0.2177086178638276,0.2034256746598899,0.2084832199017086,0.197941160958976,0.1921761231164538,0.1979043294301199,0.2229934606419981,0.2076936925946455,0.2055090631211058,0.1993212760227898,0.1915867285578443,0.1869346227232959,0.2200416480513176,0.20268429307432,0.2071978230218434,0.2540427460647656,0.260441236944601,0.2750160339115339,0.3129112193660219,0.2767664565169028,0.2958225427471461,0.2440035147965389,0.2447440938426481,0.2700764323653501,0.3132189770608811,0.2955509123331481,0.287264889140804,0.2728440931019449,0.2836766532456991,0.2854550902934996,0.3149174462549204,0.28854416963404,0.2860871446070554,0.1221201807532281,0.1237950040215416,0.1271340448733546,0.1341260927667562,0.1313618814833397,0.1247748867767271,0.1247606368050249,0.1240007041494379,0.1210320583233155,0.1279357168450516,0.1275461203156069,0.1227413914323669,0.1220768668793859,0.1236356620731342,0.1272997098599404,0.1317012967587842,0.1280651091043836,0.1252381264236071,0.057635256591503,0.0854380483767549,0.0995293146847942,0.0537588784834177,0.0,0.056122311707071,0.0573962803494012,0.070312404575727,0.0901158513398954,0.0433002706690537,0.0395220069450203,0.0423015210799917,0.0586091229042224,0.1088496892840069,0.0852212066528181,0.0386241483434659,0.036834835166946,0.0485958456649271,0.2806494163517783,0.2826195941724769,0.2601886139579754,0.2858893068906241,0.2869007398279208,0.2826329481294038,0.2707439580175794,0.2860481828399912,0.2832622643125617,0.2739233542254382,0.3331504869222819,0.5200288214369095,0.3532791237544757,0.3071558491483372,0.3232473812887662,0.2835952164636062,0.2769686637212416,0.3536088305438909,0.2965357674379589,0.3024677838090071,0.2897456512093512,0.2809510318809352,0.3026214128156823,0.3099372874500723,0.284350834417026,0.3018111146673838,0.2818694023071408,0.3018690266350532,0.3285959171687587,0.3434289443965852,0.3051033229456408,0.3200661952156913,0.3070285922813269,0.2863854171476347,0.3029829853106101,0.3171306296293181,0.2936294781942905,0.2467459182970728,0.239026640192602,0.2325595002776594,0.241969637105786,0.2418014634292475,0.2460709843537998,0.2447577675676449,0.2244969267420131,0.4127997038819302,0.3656319170357704,0.2384812688757236,0.2339150854406178,0.2413109459804445,0.2446112955195367,0.2311083259196635,0.2426197682788888,0.2573863049225871,0.2406788370568904,0.2549542253827539,0.2579933633714262,0.3472878302091828,0.3147734174124892,0.279366621848947,0.2483372725317494,0.282644428740987,0.2575197192592142,0.3075382712684522,0.2733669187237986,0.2532713349153788,0.2302865978340555,0.2440671322149228,0.2373937018771208,0.343302868724944,0.3085761207836768,0.2734765221028219,0.2750765420215906,0.2950691689705031,0.2924214577747648,0.3311272531852651,0.2846837524583705,0.2995900055241023,0.2629098604853794,0.2943405323777455,0.264890682508593,0.3416789417481425,0.2768506974999312,0.2906541542790783,0.2533777400838701,0.277629745994183,0.2660240924718238,0.3414231205852189,0.2689999787068409,0.3095553134151885
326737_15_consensus.txt,0.2938479340768296,0.3086443654826851,0.2980036458156121,0.2895096978084304,0.299046605290286,0.3318842782538489,0.2915795399727514,0.3352450835142804,0.31129031690363,0.3171385944150415,0.295920241982806,0.339814471883713,0.3218392532776839,0.3277037523060961,0.3062773670267269,0.286399269142187,0.3001804842226825,0.3226251351200631,0.2059803170515337,0.2041390248607086,0.204985887837644,0.2332592110197673,0.2110117368415522,0.2130139599584026,0.2008941953162484,0.1980507944112588,0.1985920861941217,0.2433959207969849,0.2182197352176516,0.2138225413302699,0.2056264385086308,0.1998407751700313,0.190886881092922,0.2354115708376447,0.2090772601944266,0.2146942290770432,0.2745586165528664,0.2817146482180845,0.2981252591982191,0.3470023103119075,0.3046288334836617,0.3220333991175508,0.2635924922843244,0.2662432032734649,0.2924566950265657,0.3484962662580493,0.3257745143941619,0.3172212362507238,0.2978755564563222,0.3086889371343453,0.3138221438543631,0.3475973266125862,0.3159388965946164,0.3133405360549552,0.1350290309003412,0.139994981082264,0.140257998626371,0.158607053323287,0.1535199507643057,0.1433537934535387,0.1375774614517233,0.1422326688431354,0.1331724444452433,0.1518200079228684,0.1505825654507475,0.1416696989453001,0.1336410182606009,0.1396374992986651,0.1400472341574961,0.1562964028360163,0.1500598955796874,0.1444719456085934,0.063481451465627,0.0916832356194632,0.0957593640492966,0.0701739196012667,0.056122311707071,0.0,0.0612904908876998,0.0741630079221558,0.0940689793404772,0.0609464915859874,0.0594536785442691,0.054242051987547,0.0676802226549107,0.1128305928538644,0.0897729341489288,0.0557618394266441,0.0559971327579837,0.0554809134448177,0.264979226545762,0.2741274773834483,0.2517794846179271,0.2834673178352318,0.2835920249644914,0.2769734863345583,0.260219814955235,0.2813342634476292,0.2764212497757192,0.2653563281553275,0.3171948639893855,0.4952994783006872,0.3278594036490787,0.2953878231941615,0.3072985400502865,0.2795631749440872,0.2700757229083237,0.3334427057651261,0.2951765743118528,0.3033307308026636,0.2899470452965467,0.2763358843993764,0.3008847236696894,0.3120124902008285,0.2816062720904853,0.3020845501249241,0.2799855301095206,0.2972706212957341,0.3313695329495658,0.3460686699588677,0.3034898886793904,0.3223491137844512,0.3059574266839711,0.2812106152298632,0.30391700549524,0.3191934994987306,0.3090091337642029,0.2611099869789655,0.2530369101799365,0.2428253448988684,0.2583296351249728,0.2555443448441679,0.2594797980106058,0.2559006092654208,0.2373915792834857,0.4273058768024853,0.3778096879768213,0.2501007126954704,0.2491680508421048,0.2535458388193987,0.257967339435563,0.2470667140555029,0.2555373161766603,0.2698183447960431,0.2507038804317218,0.2707865705468038,0.271191835529784,0.3767836693273381,0.338078192687071,0.2974857679659379,0.2582956213083278,0.2996477807209743,0.2731261043597328,0.3346724333535675,0.2935570762036903,0.2670926633306116,0.2364760687950138,0.2568159974709729,0.2466942352440035,0.3742389941597217,0.3318579410728439,0.2908400076809414,0.2938697624052082,0.310309035269217,0.3149629837843513,0.3634406076267247,0.2930527367532392,0.3241925336689419,0.2773062250182363,0.3040811652496593,0.2774443817534155,0.375098912945834,0.2885658854799722,0.3134998499091281,0.2684357789524689,0.2881527985121934,0.2804289417322394,0.37500425859184,0.2845176725330773,0.3367102810132536
326737_16_consensus.txt,0.2976145143564714,0.3131799381540823,0.300785341670327,0.2928460415604448,0.3010976616858158,0.3343996019654724,0.2949898683451764,0.3366174812749243,0.3143652683950435,0.3206283216705117,0.2989612870220988,0.3421533349254915,0.3258498732186474,0.3306040245991539,0.3075964062622205,0.2892646516510879,0.3029361943103446,0.3243540340363253,0.2115446961346769,0.2092486519113379,0.2092656242982258,0.2381689394606461,0.214701004943187,0.2177425760297993,0.2050516561621371,0.2028507709241616,0.2034915373160544,0.2489000801338647,0.2227534809922211,0.2187617143095366,0.2100246295085419,0.2045497485092902,0.1954215222614976,0.2416571914064711,0.2142646237528005,0.2184726055523747,0.285880621777892,0.2929828582990907,0.3106679882025283,0.3601805537068365,0.31558270338137,0.3352323533225743,0.2746962726100435,0.2766398950669533,0.3037774180571233,0.3604676260529693,0.3382703676122318,0.328671356413551,0.3087800725912686,0.3201648573429025,0.3257957165123919,0.3591516807135946,0.3281069252086404,0.3237323805366543,0.1341807891629756,0.1401839622566036,0.1416088301803206,0.1604541900467957,0.1550524409813292,0.1443426486395296,0.1378634121094286,0.1421105242109561,0.1349845588717713,0.1543171578408078,0.1523479561048617,0.1430464871986032,0.1325617932760749,0.1394388613557211,0.1408817451437194,0.1589711594553016,0.1525064544243122,0.1456249132556522,0.0624891006556609,0.0898281449753533,0.0946626467436075,0.0717057268287533,0.0573962803494012,0.0612904908876998,0.0,0.0744996989264272,0.0959757822212523,0.061465500248758,0.060706635005939,0.0552984383214862,0.065871436219826,0.1140010069939307,0.0889463342946612,0.0557855383938736,0.0557640150184717,0.0575701685762659,0.2659505973759515,0.2744655796930182,0.2519776181769693,0.2840338302196556,0.283551575068568,0.2770137365853458,0.2615104059703519,0.2819384550188637,0.2777618665597146,0.2645519208711349,0.3146273649445348,0.4950945849033559,0.3258541993499264,0.2939264241815493,0.3035236026526782,0.2804020720267353,0.2707327934220345,0.3307446321178275,0.2997152900524824,0.3088390795319569,0.293659825327353,0.2808855790680127,0.3077111152887752,0.3180249790945915,0.2870608522752853,0.308211831120996,0.2873012338412231,0.302006802348771,0.3366784275119769,0.3524752808433646,0.3087935999864015,0.3289046757544405,0.3106403150301631,0.2857217335256017,0.3100317340443261,0.325636998101924,0.30988926796784,0.2620135853611991,0.253772517890372,0.2441728807681258,0.2588080083951496,0.2564559017952668,0.2608736596559957,0.2578673911658988,0.2383202400395276,0.4289150048144208,0.3760087507996594,0.2516664959259103,0.2502302477827811,0.2536831043765168,0.2576028362525058,0.247586552867741,0.2550768874135762,0.2710285759407682,0.2555063372239203,0.2759303362441656,0.2764032007261541,0.3844242927205599,0.3445785925399782,0.3031404328343967,0.2628050819623695,0.3065401519692159,0.2774884334565044,0.3429496571878552,0.3007349936717709,0.2718066658679916,0.239640597624291,0.2617100509073538,0.2508285968561345,0.3807294808509347,0.3390509098040439,0.2962368258274139,0.2917536891323919,0.3087840942473185,0.3129317635231317,0.3654301506842898,0.2915119936263295,0.3235667831059885,0.276495047649508,0.3027922594669761,0.2744717467460802,0.3781024733037874,0.2856472988282128,0.3148321505335367,0.2656403583420754,0.2852907789337564,0.278947246474079,0.376970553419703,0.281225926862497,0.3370277937910693
326737_17_consensus.txt,0.3101537405549948,0.3256518692480554,0.3148099202839418,0.3055878897167758,0.3124786584626449,0.3480058175470013,0.3066289955378494,0.3496131697719136,0.3269417746313614,0.3327778298193173,0.3109124712458673,0.3541215805244384,0.3405866901615688,0.343678851213312,0.3219159086050815,0.3049047215974667,0.3165774683546019,0.3381532011058183,0.2215618313938279,0.217677799904461,0.2169321780479585,0.2460718421236478,0.2243034892308237,0.2276959030686214,0.2154041824180375,0.2104489014306132,0.2095559592625981,0.2575365996429113,0.2317744290824137,0.2276648800389225,0.2199129444888719,0.213523659298815,0.2048266274967751,0.2495750184794936,0.2223447872015285,0.2276784412987709,0.2808351763738059,0.28980885823891,0.306443620542808,0.3550888236702576,0.3119414756872487,0.3307460833152937,0.2714519020562917,0.2737928805656651,0.301192962406887,0.3565852009032788,0.3333682701063445,0.3254082123869501,0.3053237725219162,0.3177525974075053,0.3222422626327486,0.3550262770965489,0.3239973816389678,0.3203322980502499,0.140460632270198,0.1456697663292772,0.1450689417750794,0.1652570868145702,0.1596677104559987,0.1491617639912341,0.1433638833546133,0.1478710222856776,0.1393077519411534,0.1582732239008777,0.1568899735161899,0.1477320918393871,0.1399485953449897,0.1457557008265411,0.1450712232059814,0.1635562520145512,0.1564454313588434,0.1501736576564418,0.074843126726968,0.1023017292145098,0.1086805511031627,0.0844790506770181,0.070312404575727,0.0741630079221558,0.0744996989264272,0.0,0.10254360464873,0.0749936294663946,0.0730604894665951,0.0674183551238343,0.0802370745324516,0.1177218776776598,0.1003851192409328,0.0659889433814875,0.0680353592503166,0.069355082782522,0.2837404994542112,0.2941111381600656,0.2710459677265149,0.3039006651709286,0.3042471270661977,0.2978095920861925,0.2802920767269121,0.3016808553808729,0.2961697245611425,0.2856889122059307,0.3363652670337984,0.5126363676063797,0.3481140731499366,0.3158526379796456,0.3258158771900454,0.2990729531192748,0.2900515731836606,0.3479395867631858,0.3143045342328676,0.3244484789104724,0.3092780796300154,0.2962348647500903,0.3217982175629004,0.3332726552849472,0.3011300852985599,0.3226338955236691,0.2996060169051588,0.319930315773,0.3520161751985,0.3675223198212691,0.3237090889560789,0.3432514831284123,0.3248210080274987,0.301310776343989,0.3241975481639443,0.340323969993193,0.3227144123939531,0.2790135884357738,0.2676012600390791,0.2576793019066805,0.2721218905924658,0.2698382092928924,0.2723075173719671,0.268787352515293,0.2526478490332096,0.4389179305668023,0.3913205780354332,0.2672659547347962,0.2653888028414073,0.2723109085141963,0.2726460728007325,0.2637808997632191,0.2730419544241833,0.2875528739951392,0.2664815077840323,0.2876506048156102,0.2891881561030942,0.4003732954272649,0.3584413366699408,0.3166265084548847,0.2748861134269624,0.3198708817033733,0.2907076130616595,0.3554452471444165,0.3132182972194215,0.2848926082203,0.2517305622948527,0.2750416180173083,0.2649898342647176,0.3951024639869693,0.3522452281395374,0.3091882472668636,0.3033421675931436,0.3201328056212063,0.3243257068926013,0.3767367827374031,0.2997853622205113,0.3343231178924029,0.2873917845345595,0.3141613286579741,0.2843683448323162,0.3861356628514372,0.296751524902259,0.3245754699251577,0.2778368242664371,0.2933139771557691,0.2897635428226088,0.3858176518690683,0.292651834568769,0.3469809027010271
326737_18_consensus.txt,0.3235919653784975,0.3357472985941818,0.3248065038116934,0.3174332555077335,0.3255286526222996,0.3609453402527194,0.3189332462954972,0.3620636451865167,0.3367982962688387,0.3435408755697935,0.3217927362311243,0.3661037203292352,0.3486180784954484,0.3554074445570769,0.3317442384755189,0.3176322842831141,0.3280979704653752,0.3486849638558951,0.2486323857771708,0.2434974548011439,0.2423015856623109,0.2703010331907798,0.2497973428231823,0.2504259108195157,0.2404051211889495,0.2341495267635309,0.2352669951406412,0.2790658149072342,0.2559122319931752,0.251176561673919,0.2451934390200492,0.2383017742210782,0.2288212041540198,0.2721628962635058,0.2476214663492975,0.2535694389897571,0.3089156314682384,0.3164343936206251,0.3335511607329877,0.3836680049662533,0.3397115932236971,0.3578546280420305,0.299119014163292,0.2994420397481043,0.3269914965317184,0.384742513037299,0.3621697605355543,0.353627271028607,0.3337390019752817,0.344458251933748,0.3504674203445113,0.3837215088122008,0.3510765960014623,0.3476970332063693,0.1659908129454095,0.1701605908397354,0.1687445670072058,0.1907319016688866,0.1835654925671974,0.1737060903985074,0.1695655488779373,0.1727807057372032,0.1635807314954611,0.1833839110064303,0.1792925989530829,0.1725887303276465,0.1648235874602299,0.1704093689816623,0.1690226222613944,0.1898713447836897,0.180188106068833,0.1736250131453687,0.0939490451897597,0.1242181538097106,0.1264475686861317,0.1044355878508511,0.0901158513398954,0.0940689793404772,0.0959757822212523,0.10254360464873,0.0,0.0968029348480854,0.0918347706592577,0.0875840945725805,0.1014976711249282,0.1408555318724005,0.1198709185649349,0.0906388192148739,0.0895023589887031,0.0914684370690146,0.2949288060747577,0.3074953573290742,0.283120668954357,0.3156393045046783,0.3148527195471402,0.3085231664737478,0.2934671427016617,0.3124411843371817,0.3083929460577828,0.2989471758142805,0.3489234244657773,0.5274523846218244,0.3615488627405767,0.3268540087049345,0.3383614479379204,0.3120044507917541,0.3003454463930097,0.363530368811368,0.3349097957442666,0.3414391061838167,0.3289863599611848,0.3146280664391234,0.3396191967045467,0.3499698862258817,0.3195916560409699,0.3384569945028381,0.31725497833731,0.3372662995224402,0.369213574983128,0.3842156798436704,0.3429017243311207,0.360647370479306,0.3448387738429552,0.3193137047946663,0.3420619246512331,0.3576900157104745,0.3408289150420991,0.3037773912284045,0.2879550614671409,0.2800630824168806,0.2933916633746065,0.2909970730752604,0.2921567456599909,0.2885359846996209,0.2728967784076239,0.4583644228451078,0.4154802550860204,0.2915305637973659,0.2901286801050737,0.2962156924893264,0.2942749509405544,0.2879471897055872,0.2984676811099582,0.3114589959245464,0.2899193925429344,0.3099745139668357,0.3114184552046524,0.4217644910450993,0.3806004327927184,0.3390650307678307,0.2973164681274625,0.3412861611265541,0.3141277672788618,0.3789794196812792,0.3358809400730713,0.3090195278181795,0.2764044538159318,0.2993283847906376,0.2881732351793573,0.4169682861571147,0.375653882083661,0.3309423583945552,0.336934265416275,0.3490056066299232,0.3553435400958307,0.4077338814163553,0.3326975463713069,0.364884039097614,0.3211253041919732,0.3435310370028475,0.3145799450019737,0.4164186550848434,0.3277430477917171,0.3566007999373717,0.3102731259645246,0.3270385600999077,0.3230659424473074,0.4148023465982291,0.3220434902421019,0.3796193662340386
326737_1_consensus.txt,0.288072444248808,0.3093533510621462,0.3057642208581725,0.2885098248921203,0.3027248482688982,0.333964563074602,0.2860079304404941,0.3344551269235118,0.3172615024518173,0.312819042169103,0.2970397689399284,0.3413319242331489,0.3149738285086023,0.3264342969452585,0.3119375570639526,0.2850258509554138,0.3023221430179461,0.3222233113586128,0.2055408998473282,0.1994757011474739,0.2053242658003036,0.2196273739409342,0.2058130670554696,0.2111075608963482,0.2013596407882047,0.1967887009518847,0.2020429210786716,0.225271440767905,0.2099901950335514,0.2082400457717419,0.2035009985711688,0.1948878281887971,0.1905499685419229,0.2234105651261728,0.2044138649334002,0.2081478156264893,0.255143981874113,0.262117963546931,0.2766509927181033,0.3126974696443341,0.2772363737541354,0.2966042417792955,0.2454770116306903,0.2465061028655633,0.2714203972445403,0.3139675991498194,0.2963279545022033,0.2878519512065516,0.2742766210053382,0.2853515281213354,0.2867602049582203,0.3141979346163026,0.2907298177075184,0.28712928699467,0.1256916148323696,0.1276471198784854,0.1303277075687354,0.1358363228597028,0.132970268121948,0.1276885860221881,0.1293841167051326,0.1287899330284325,0.1251235090025666,0.1301945145878953,0.1298616208605736,0.1266809224107454,0.1256789112452452,0.1273574132443329,0.1307493960409829,0.1333576736253618,0.1305047837267103,0.1283714648385299,0.0598359919535624,0.0891888196212207,0.1055511223671743,0.0554533319126662,0.0433002706690537,0.0609464915859874,0.061465500248758,0.0749936294663946,0.0968029348480854,0.0,0.0414192471210981,0.0431501152331712,0.0602390168989721,0.1148284425253933,0.0901683169980209,0.0381226760030166,0.0366677430144797,0.0491622192461065,0.281142369498518,0.2802095256744508,0.2596157845036266,0.2840854269132506,0.2844270680637208,0.2811255801756047,0.2707219659307291,0.2848197029863435,0.2826858069165503,0.274373019430179,0.3318266722859668,0.5158172303939743,0.351734428819487,0.3064536839214149,0.3222599991975059,0.2821670250960544,0.2757674635845184,0.3524635010139576,0.292477332199283,0.2973041827248721,0.2864371688009974,0.2767745493054008,0.2985477179427391,0.3049355185641076,0.2807057783124271,0.2991062863037612,0.2807480518620266,0.2982920751799724,0.3240153458250532,0.3399691563797695,0.2995582872417408,0.3152636623474585,0.3019026241565008,0.2826519942870469,0.2986965068114031,0.3128808123685864,0.2937199528270078,0.2488310267890838,0.2443095442115002,0.235833639914972,0.2468519221847209,0.2467979877127888,0.2485243000693628,0.2473791272253294,0.2305940603801737,0.4130556903258942,0.3624093675091231,0.2409016845913143,0.2328804761270575,0.2447143731567251,0.2511461762421199,0.2342947627731284,0.2429412843157266,0.2572793518120768,0.2415815586295444,0.25501393921828,0.2582444978906864,0.3484520723199615,0.3146765916867622,0.2808031061473635,0.2502154635777209,0.2843285764530563,0.2597293157435203,0.3071027705523974,0.2729205665963796,0.2521954431551378,0.2298390583616303,0.2447831663759885,0.2378037808763764,0.3436826367059069,0.3092332430260818,0.2744763625117201,0.2734022086375169,0.293678406859442,0.293281189196783,0.3294853044789931,0.2846470786311208,0.2999422150311943,0.2640356128585353,0.2955662458380139,0.2663603993557508,0.342964016399506,0.2779521133464406,0.2915032131545736,0.2554690826946597,0.2782743492310153,0.2662686630618545,0.3416643088298237,0.2693181741426542,0.3106778528027831
326737_2_consensus.txt,0.2873414121663025,0.3095044722986877,0.3080077537370584,0.2854901721713574,0.3050109436188144,0.336494818778732,0.2828187327953202,0.3326539043320125,0.3164443250816937,0.3108337936266636,0.2955030231683189,0.341103575720254,0.3057023196748503,0.3226710843453411,0.3110535209835348,0.2860719517228709,0.3045240017199759,0.3231018051280934,0.2011320187447687,0.1936527801882555,0.2002822529748726,0.2068362485995472,0.1986586187292971,0.2033021216040147,0.1963274898561948,0.1880423140347282,0.1953432596621098,0.2115436466761302,0.2008975050246917,0.2001863555980456,0.196353957623927,0.186358157247259,0.1840056125095976,0.2104375682178201,0.1977887833762679,0.2035746199685988,0.2450431329396885,0.2517589339651067,0.2653502668119536,0.2990261784946568,0.2640880743878568,0.2838804410341922,0.2363528487186528,0.2365231983001336,0.2596303800405053,0.298706609800373,0.2831360557150972,0.274196904111804,0.2629261341236422,0.2726115796989781,0.2736004428428344,0.2996833621248349,0.2758014835069602,0.2755555332848978,0.1230641692907497,0.1224908009564735,0.125951434059786,0.1278589204281566,0.1240658809443964,0.1215786547758668,0.1269043721898839,0.1223009644072448,0.1190699181779137,0.1214221574138534,0.1201182061234789,0.1179183910564809,0.124513649647568,0.1211027347505577,0.1268681796847346,0.1244630303013707,0.1216829910331611,0.1212840544049314,0.060899707447227,0.0887964802101706,0.1107354381084064,0.0524409484759651,0.0395220069450203,0.0594536785442691,0.060706635005939,0.0730604894665951,0.0918347706592577,0.0414192471210981,0.0,0.0397276725435347,0.059750866336472,0.1108240627247632,0.0867936750845075,0.0362270947299556,0.0328452645908612,0.0488036723783835,0.2952075860306316,0.2955962202777762,0.2722543804215576,0.2976732422525394,0.2987104917512759,0.295304883417316,0.2860548738401292,0.2971992652468813,0.2965143700122361,0.2900843247449352,0.3553947822715635,0.5478980820070305,0.3792919902942131,0.3263990144046786,0.3448235045247543,0.2954277930345093,0.2893010692850133,0.3732945105552545,0.2988073963786526,0.3048111305704104,0.2924055112810251,0.2838728204897265,0.3030511998860277,0.3097532799693141,0.2871853773737136,0.3019436688597636,0.2832175719389909,0.3073061600231952,0.3297751395595654,0.3445498419041612,0.3071167203826697,0.3208431101382025,0.3101960307111326,0.2899781768779945,0.3023045437112515,0.3171751683599026,0.2947738176212802,0.2520631925616072,0.240697396358918,0.2388049427753316,0.2433109484632254,0.2449203826292674,0.2487302253699681,0.2483439420861053,0.227773548961764,0.4145092699308463,0.3675129745832102,0.2451514074101304,0.2393786951066232,0.2463644017114141,0.2489511502582999,0.2347868969052413,0.2489001046127654,0.2595005017904661,0.2366407853201693,0.2482469293105289,0.250407091966597,0.3292953110522276,0.3010026706242392,0.2691635125474469,0.2431137038966611,0.2720534266449341,0.2497532986719051,0.2918456516211165,0.2639344612029717,0.2463858041563291,0.2292116362733303,0.239752285097154,0.2345986444878001,0.3245033315913446,0.2947489852320508,0.2637824162672402,0.2772392649739856,0.3013605813783471,0.2938725234719683,0.3246508113935888,0.2946125649720663,0.2988784799564215,0.2690347240884456,0.3023477584221794,0.2743616632054682,0.3333479218011383,0.2881361016208785,0.2893432438181591,0.2617239239576889,0.2891702981766499,0.2701063649962734,0.3342136458962805,0.2772617208615955,0.3067776642950335
326737_3_consensus.txt,0.2777586368421936,0.2968423783438432,0.2911959646412931,0.2756762421199994,0.2891581856089615,0.3216831825723076,0.2749396062760922,0.3220396540720429,0.3024215496444,0.3016276111547995,0.2847266207261256,0.3277353796610747,0.3061052160102733,0.3155767664794098,0.3002595657120821,0.2739047374955952,0.2894479170194515,0.3111753187636239,0.2021454403194376,0.1956119998207945,0.2014694199874931,0.2183074132133846,0.2020867857902466,0.2074869544667734,0.1975047724976733,0.1912848843094927,0.1960676218400365,0.2266415149013667,0.2074722736316623,0.2051211624778908,0.1996529259874044,0.1914726585852122,0.1862857201902414,0.2206723707769455,0.2006251430331005,0.2048403216581782,0.2534999254644923,0.2609040708447736,0.2753045382126373,0.3170693965947251,0.2780985539350276,0.2975108875192731,0.2441127641627609,0.2452132230518025,0.270968059428494,0.318469618552367,0.298455739219257,0.2905682983518005,0.2742708081931049,0.2860210653435118,0.2888495055531628,0.3173822275881619,0.2908325011044184,0.2881290284554829,0.1208380006713341,0.1224463023866349,0.1224146361753959,0.1337828989518676,0.1290450898715889,0.1229059936700665,0.1241124654052718,0.1243125455365365,0.1177669510218599,0.1290266501567671,0.1275240595368139,0.1222807374422885,0.1209940835122651,0.1217326553914155,0.1227326126247803,0.1319415610213603,0.1269754599729609,0.1239917967878128,0.0562128915203814,0.0857571422247254,0.0968888716549756,0.0556318198288856,0.0423015210799917,0.054242051987547,0.0552984383214862,0.0674183551238343,0.0875840945725805,0.0431501152331712,0.0397276725435347,0.0,0.0576956878659515,0.1038981613990834,0.0816917959459893,0.0365069422769899,0.0364894512866982,0.0450428422400648,0.2655340180051233,0.2686331254826513,0.2475467301342213,0.2757347228713591,0.275569826684773,0.2711444458894156,0.258154859274704,0.2738635599974692,0.2705593129272579,0.2642785269350653,0.3196420437044267,0.498868919972125,0.3360223779518492,0.29546869377684,0.3087406670164085,0.2719096898849145,0.2646169335435004,0.3378444344668416,0.2844070289549414,0.2904517956453176,0.2789271900904495,0.2675217949995812,0.2895298162061657,0.2979727543636095,0.2712660520530541,0.2901131117477149,0.2713793465022824,0.2893616563994463,0.3167451297068524,0.3322156011180901,0.2909986536891402,0.3084456048970665,0.2935783789298583,0.2726679826892528,0.2908683032888213,0.3057133042530289,0.2904109715706582,0.250098508248719,0.2421449150535579,0.232005389090375,0.2452367351859976,0.2435198689829363,0.2437676221730313,0.2422922487939089,0.227515710906264,0.4081835959551014,0.3608986678058059,0.2397553690691083,0.233154858449371,0.2426358936644028,0.2489047586850006,0.2351742473052382,0.2436961376413187,0.2571944525056082,0.2338995326339912,0.2486700928788572,0.2524531599553157,0.3482923821324455,0.312201018051276,0.2754851937300415,0.242996819357689,0.2795215503985844,0.254038790759246,0.3047488125558466,0.2682044812343918,0.2454592418746131,0.2217615281749445,0.2379061156906736,0.2299787248505111,0.3436379532989519,0.3067491736707595,0.2685037183113152,0.271007674827235,0.2897472421968778,0.2909898354450213,0.331974896944736,0.279762601680229,0.297488325307004,0.2595977325011844,0.2883450119668858,0.2630596788994204,0.3431159989044623,0.2742021640441621,0.2881504132494825,0.250154729050223,0.2731898793311131,0.2622643881596751,0.3414184668022777,0.2654047650536171,0.3086208424651744
326737_4_consensus.txt,0.3089540077598158,0.3265594872210684,0.3165289004745091,0.3051142163987421,0.3158693996781494,0.3479824013663446,0.3056345824387065,0.3519089606452183,0.3297725211763875,0.3334453617668131,0.3104029841141127,0.3563422732292913,0.3295686005843308,0.334219147652675,0.3149359483911738,0.3016468309706468,0.316222390648381,0.3362729258315085,0.2017633368630953,0.2005481070521781,0.1991109149006789,0.2282340454481399,0.206692839763054,0.2077323371433905,0.19714499837076,0.1960672094147817,0.1950722403898446,0.2365072239433168,0.2123917871924874,0.2091428813390621,0.2000895641518347,0.1968903389205394,0.1885914805520983,0.2325849481877853,0.2060792313211905,0.208569821455459,0.2852594826003098,0.2928986235172814,0.3097480850622105,0.3560309349642736,0.31323573845604,0.3333923021103473,0.2747783478719334,0.2768285127333989,0.3028642255667044,0.3551852189015605,0.3350183576631451,0.3254818642532875,0.3073447754525737,0.3190488536200746,0.3224323099264978,0.3564378470321223,0.3254250726046592,0.3213749845330227,0.1417280637367461,0.1470389384263164,0.1516716065475272,0.1643679642725111,0.1594745520783007,0.1507308828910964,0.1446440703144915,0.1467740183934829,0.1419847399233091,0.1565252511807351,0.1542059341795152,0.1466117950817782,0.1416290751126503,0.1458139712401163,0.1502388575097626,0.1616265125691853,0.1557078264818727,0.1500803588220947,0.0655663241560979,0.0900207521235927,0.1040691756433744,0.0713175874828735,0.0586091229042224,0.0676802226549107,0.065871436219826,0.0802370745324516,0.1014976711249282,0.0602390168989721,0.059750866336472,0.0576956878659515,0.0,0.1147592599905138,0.0936154171083316,0.058959753266059,0.0574702686851047,0.056892524031511,0.2942922829087564,0.3040071662913597,0.2796262869577823,0.3137861492324489,0.3127915877075082,0.3057233946062609,0.2901883444329556,0.3098976386251877,0.3076763764098693,0.2946054463669618,0.3528083462492652,0.5437529405395765,0.364268338081338,0.3273342431868116,0.3416792614692561,0.3103948107603358,0.2992181616718596,0.3659254219901484,0.3119948814122466,0.322371680636877,0.3056929565804651,0.2952505991930714,0.3209134384205079,0.330455178736095,0.2995179899581579,0.3215039004727771,0.2984945704515063,0.3175362561520742,0.3496145334173448,0.3663804239495931,0.3222604085678355,0.3411545572470942,0.3259059060833813,0.299870802276601,0.322025526772169,0.337269360816343,0.3178209717672757,0.2573668418019394,0.2527488093851673,0.2474668569290727,0.2596411508238887,0.2580628267147915,0.264880310061244,0.262677492018696,0.2374649436657812,0.4394868446179956,0.3824856311566869,0.2501469538043963,0.2502756457535362,0.2513648210691457,0.2549120654697994,0.2444978854616266,0.2539405069974805,0.2689336515001272,0.2637351063622972,0.2848668790794555,0.2840227433201399,0.3808632911371497,0.345860426982707,0.3087187198456078,0.2706861682248203,0.3094791872300675,0.2826078161456031,0.3427516011091782,0.3051557008265426,0.2805907456037992,0.2523268584133618,0.2692283217882263,0.2602473521600252,0.3772218361109161,0.3408138202019195,0.3029048966162904,0.29717250455192,0.3170103802703963,0.3183156287543909,0.3650756833628001,0.3032339433313247,0.3264607908160037,0.2827633968898055,0.3126378171732931,0.2828658892214974,0.3765774147937755,0.2969453755890221,0.3176829835820101,0.2735924629187067,0.2963560048820852,0.2863497836144333,0.376996040738959,0.2898907086333473,0.3372991972479475
326737_5_consensus.txt,0.350731055621992,0.3601363956360899,0.350174469890252,0.3446740780414075,0.3486236189592873,0.385928029568845,0.3463859137164604,0.3883053326666328,0.3596416228315142,0.371129551586268,0.3466448782504905,0.3915854448095004,0.3841075489511745,0.3858151779477623,0.3611319052636332,0.3433846709565884,0.3527194421655863,0.3747439502019425,0.2613643214962877,0.2589119118434908,0.2566915256733928,0.2915259924662372,0.2652049057501706,0.2682323544997054,0.2542909656441381,0.2508365706251148,0.2489533529454171,0.3084631393021197,0.2777120469449876,0.2696033907213753,0.2623677005545239,0.2567140223952364,0.2458594421892108,0.2939885219953631,0.26346733627107,0.2709289482616484,0.3241084946489572,0.3322652488836546,0.3509584588201058,0.4042342266811261,0.3554967627118692,0.3770091844355754,0.3128820602522637,0.3174850506396467,0.3459648570579183,0.4079701056527938,0.3802728502723944,0.3751471117401941,0.3507478626293157,0.3635604021078578,0.3711534500984541,0.4029335780995993,0.3700148837231403,0.366948353320609,0.1777890715762353,0.1842239501540845,0.1768212473876147,0.2056046185192528,0.1965050559322776,0.1865457891098714,0.180249513336534,0.1866821390060771,0.1732331720828526,0.1979603508288931,0.1939413426727938,0.1852449574749357,0.176783298574378,0.1819335673220301,0.1756077438253065,0.2036679246660711,0.1940918725060427,0.1875907680574435,0.1110512681719129,0.1402047712623044,0.1399492827869153,0.1251474040843518,0.1088496892840069,0.1128305928538644,0.1140010069939307,0.1177218776776598,0.1408555318724005,0.1148284425253933,0.1108240627247632,0.1038981613990834,0.1147592599905138,0.0,0.1294079138534662,0.1066485327941784,0.1067955673682377,0.1095280905402198,0.3099689376412016,0.3250925628815118,0.3035097066220551,0.3411001649652903,0.3399843947763905,0.3346891313906788,0.3114707057531589,0.335458076606681,0.329042007342089,0.3238007545857755,0.3698754406524784,0.5353989447562597,0.3747932057320113,0.3502111245788804,0.3572600943303889,0.3340853573384628,0.3217800636845176,0.3686788184919329,0.3559861526168575,0.3654517316493368,0.3523545551888638,0.3345889029829756,0.3618820538412954,0.3743732857790718,0.3401330891480398,0.3628082345001857,0.3406488183506511,0.3589474723765455,0.3944577128696522,0.4121293563577346,0.3645663372350007,0.385772573726463,0.3664348588830819,0.3417089377555804,0.3650467880964534,0.3827658325577161,0.3689048341485517,0.3372436417332061,0.3226584595112634,0.3115620818748468,0.3274356005752281,0.3249046366749155,0.3222382240572798,0.3173415028320931,0.3056069479195606,0.485564050668728,0.4391054346340972,0.3221361665995879,0.3207707451378887,0.3289587085715482,0.3286801162770167,0.3226158013423159,0.330165058144594,0.3444953540682256,0.3141077747814975,0.3384987153032774,0.3393471012811346,0.4599674411712726,0.415233602206662,0.3702716997981916,0.3231262650752136,0.3726378205814775,0.3430233147851531,0.4117502248347975,0.3670144923779261,0.3334528741731617,0.2978225084228683,0.3253509917467809,0.312053754127529,0.4544324599087836,0.4106270263278198,0.3604283194741668,0.3585481718421022,0.3716769887119682,0.3792131463357755,0.4375477301716799,0.3463443731971907,0.388001343947046,0.3400562241723897,0.3640698790990662,0.3369156925927257,0.44700358414741,0.3422306213531172,0.3788877991899433,0.3287865208137646,0.3464975050021124,0.3454547617882113,0.444450755199405,0.3399644471682386,0.4014611778932391
326737_6_consensus.txt,0.3285139355998794,0.3427686600653601,0.3306418093482008,0.3209936289071464,0.3289809626951658,0.3644851675992875,0.3244165782518138,0.3656811254098606,0.3393729266674654,0.3492109179829867,0.3284725426774102,0.3709166950423288,0.3560068591000558,0.3597006060339538,0.3372508204523505,0.3209975351655352,0.3305814313647772,0.3537254661135733,0.2421367333409065,0.2393228357225609,0.2379557783516475,0.2679563914735645,0.2440487763159282,0.2475500521392959,0.2346228650449262,0.231273370581988,0.2292958150383235,0.2800359228336049,0.252754802169548,0.2484842147467958,0.2406151488965306,0.2350139806228206,0.225277264280038,0.2708660026152678,0.244692025247879,0.2485947085935045,0.309700296768792,0.3175713469638914,0.3359336334362943,0.3867123806805921,0.3399513793527546,0.3601933085503965,0.2993055566088429,0.3024331608582571,0.3301010620565137,0.3896552415472953,0.3644492605231981,0.3563232173511181,0.3342621408883914,0.3463117305892034,0.3531323991616766,0.3865348889181028,0.354091411007829,0.3504754959657106,0.1593522318613054,0.1647595193867914,0.1628350980996664,0.1848565090232377,0.1775352365927673,0.1679735726997506,0.1619602059069009,0.1666525727378704,0.1575214246276388,0.1790657251722471,0.173761302611922,0.1654169784292776,0.1573161744598472,0.1636800633405997,0.1614560236481033,0.1831140627789622,0.1764623275717944,0.1692915051896157,0.0890513938512178,0.1187680759894682,0.1188379808670134,0.0994941403402123,0.0852212066528181,0.0897729341489288,0.0889463342946612,0.1003851192409328,0.1198709185649349,0.0901683169980209,0.0867936750845075,0.0816917959459893,0.0936154171083316,0.1294079138534662,0.0,0.0818706156215398,0.0818480393866885,0.0856065420334921,0.2902801193621371,0.303037700292343,0.2812497275709091,0.3149537575869132,0.3146639607268291,0.3074447464078034,0.2898182645276534,0.3103740312107632,0.3068446568886607,0.2961051528200329,0.346549510161882,0.5209171979462965,0.3569301745347886,0.326257852101925,0.3346040920406139,0.3117094381881387,0.2990704372267245,0.35648405959234,0.3324050055514291,0.3419780160360126,0.327304735069184,0.3141544271635013,0.3404912503779727,0.3506225746795941,0.3195604734744677,0.3391494359718514,0.3175045340230937,0.3361267107333034,0.371430428351168,0.3863271944657462,0.3415520649116033,0.3615528145433728,0.3448398261705314,0.3192931114506017,0.3417517405941943,0.3588462056120178,0.343399481466129,0.3010371799413001,0.2888436306345738,0.2802290248100476,0.2956880899157781,0.2904580007082522,0.2937113528062092,0.2898801493782272,0.2739469484751247,0.4589369532212402,0.4128624959512379,0.2899394178529881,0.2894848889043118,0.2939354304025166,0.2942780563034191,0.2874682761453471,0.2968669335966645,0.3098043593071757,0.2874735557542216,0.3085334544650493,0.3092592375825376,0.4206066692089401,0.3790779854639865,0.3372374048313347,0.2945440453277754,0.3389665261737242,0.311987991488543,0.3779302856198612,0.335430477083257,0.3045338040760867,0.2724728135894381,0.2954180928766021,0.2841987926283167,0.4160724068127663,0.3731281598849847,0.3297737692513607,0.3282629837105517,0.3429312256200596,0.3489310982155729,0.4032045052563831,0.3223350969355074,0.3598353159099829,0.3126086980632792,0.3386734585716233,0.3107382443516684,0.4135347461574739,0.3177246673355967,0.3503967568061341,0.3000603205309673,0.3200783716561339,0.3152610465049257,0.4133995407506106,0.3139323491763832,0.3732637842073458
326737_7_consensus.txt,0.2783618733905584,0.2984239418938479,0.2940425820405181,0.2764756907353138,0.2925179018046364,0.3240674980166886,0.275833019563855,0.3229226311302469,0.3053054999361677,0.301547604216978,0.2858770536208084,0.3292043043710748,0.3069784712808214,0.3198634441346044,0.3044937598808666,0.2748612963963381,0.2926182453542623,0.3129588757202945,0.2047176483859409,0.1976696920525675,0.204292925052254,0.2154237673772918,0.2029719186590064,0.2105594738491554,0.200519998289046,0.1938867706933251,0.1995754521586583,0.2221903842853798,0.2081416968257521,0.2059450252272547,0.2013386331760358,0.1917553278961996,0.1885379651725642,0.2193804493666249,0.2026022397931193,0.2077453653745173,0.2467537482265243,0.2542645005366282,0.268858029712689,0.3043068001952278,0.2686111749008795,0.2886807008565135,0.2371606851794467,0.2391789686269909,0.2642773514700742,0.3048075741729334,0.2873010120826222,0.2800230941021873,0.2659371241066459,0.2771667614172699,0.2786198346516428,0.305365417502653,0.281641530443661,0.2798653644015267,0.1140111047467478,0.1149182609623657,0.1173857657951487,0.1217623098244899,0.1203629104741637,0.1154510803021864,0.1158332320456025,0.1163021729728726,0.1126805683735483,0.1169014767545846,0.1183670669421381,0.1147346773753668,0.1133764573030191,0.1150260041707262,0.117720229351832,0.1188419780649248,0.1181388762744006,0.1166466845379048,0.0560205674972955,0.0852185719551066,0.0985523300542432,0.0517966283150919,0.0386241483434659,0.0557618394266441,0.0557855383938736,0.0659889433814875,0.0906388192148739,0.0381226760030166,0.0362270947299556,0.0365069422769899,0.058959753266059,0.1066485327941784,0.0818706156215398,0.0,0.0298295677982309,0.046077173250282,0.2661365674027109,0.2661621111961842,0.2458070796069194,0.2692627464016048,0.2699938639614707,0.2676153823120373,0.2571035944642403,0.2704197655824529,0.2675783861152325,0.2605501018002343,0.3171052455129448,0.4990211004695801,0.3376072741940312,0.2925850409616828,0.3065683773575358,0.2668583792024428,0.2614779267074425,0.3382153099956184,0.2853864996342103,0.2908769002887013,0.2806634923272852,0.2707531520104282,0.2908901501526415,0.2988220983656582,0.2738616796484017,0.2910691043787885,0.273164727565053,0.2916859488277907,0.316657243386782,0.3313128673257566,0.2929001247090959,0.3080432470523888,0.2942996199566217,0.2766162256862401,0.2910269773230318,0.3073914365705263,0.2927112834618341,0.2531584062130605,0.2447993854536463,0.2362371960288705,0.2477644362159772,0.2471058017251763,0.2485683776117859,0.2480491750425493,0.2322877659352755,0.4083821676764643,0.3620992680848793,0.243731759616697,0.2359059479506164,0.2478065218590934,0.2533287298144202,0.236879933982955,0.2481070020036604,0.2618686001615593,0.2349729451262199,0.2472008046469476,0.2510012416976686,0.3425648024140102,0.3090711558601704,0.2740226401114682,0.2432969516467764,0.2782192284326896,0.2535546006678402,0.2999652105802219,0.2661582765728347,0.2460588491709714,0.2224142592272855,0.2381975373198912,0.2307496126818264,0.3378155318743587,0.3033594321657489,0.2662976724642085,0.2677483400767961,0.2862786440533824,0.2852421445279205,0.3230322930629477,0.2757022863927219,0.2927139505070713,0.2572303855835685,0.2881311749442261,0.2605802452047001,0.3353023610575896,0.271213421490696,0.2833131773609061,0.247829780656744,0.2710318679332317,0.259042158839307,0.3328774614788834,0.2618095757477441,0.3023690610466332
326737_8_consensus.txt,0.2757380722856979,0.2962115767226194,0.2926639402935613,0.2746249705435559,0.290955976229263,0.3224206171259673,0.2732796324929687,0.3204315816011807,0.3036165967266626,0.2992752000422278,0.2846516541308048,0.3271660480361831,0.3023989148661528,0.3156511866332536,0.3017085387504501,0.272607357644496,0.2905256214108078,0.3097545345598256,0.2048871643869283,0.1976166810579123,0.2042481102946141,0.2147401982286645,0.2034546625789666,0.2100501390212166,0.1999746324707914,0.193063005364749,0.2002472149529381,0.2206087498797231,0.2074880339636635,0.2052454717283183,0.2017230210148213,0.1917241375847709,0.1883537032992812,0.2181373994559408,0.2030706690739592,0.2075171680845393,0.2492503271858304,0.2561921852088851,0.2708706106648506,0.3058503671964061,0.2706909223515907,0.2910787611325247,0.2398398215534385,0.2416895809458346,0.2661250265313732,0.3065619911236474,0.2893499392253744,0.2809800490109992,0.2680714270426314,0.2788308701288713,0.280100770973732,0.306992106882241,0.2837764643103391,0.2813591450452755,0.1142236128383622,0.1159585173001858,0.1186217033859549,0.1224138639949217,0.12047900115002,0.1154881500106732,0.1164846822950025,0.1170247782545743,0.1135203773304027,0.1169820367588059,0.1176229439224023,0.1146804417726521,0.1141140027066498,0.1151747998713403,0.1183974287986586,0.1189958283189795,0.1178909905245149,0.1166998586067755,0.0553211107208824,0.084628353733855,0.0990377557263357,0.0507893562338175,0.036834835166946,0.0559971327579837,0.0557640150184717,0.0680353592503166,0.0895023589887031,0.0366677430144797,0.0328452645908612,0.0364894512866982,0.0574702686851047,0.1067955673682377,0.0818480393866885,0.0298295677982309,0.0,0.0435197972426735,0.2694007957440298,0.2663673476125616,0.2477020078545351,0.2697120232914969,0.2703838058128163,0.268066028199474,0.2581989401662881,0.2706803660845907,0.2684015294702639,0.2608590716636314,0.3187575318559652,0.5014889608482456,0.3398573661999791,0.2935040532857798,0.308900000442641,0.2678420578362548,0.2626870513416435,0.3410182740776228,0.2846893134551109,0.2908585092417652,0.2795555964867056,0.2699427142482591,0.2900704219320928,0.2974627634829616,0.2729431957687893,0.290648127271389,0.271910568598539,0.2913105776142117,0.3150862757752577,0.3304052936465069,0.2919798616492102,0.3068743917861845,0.2942231802819606,0.2756977777997278,0.2904375701082529,0.3050578328115492,0.2888728155986726,0.2495630912859177,0.2420720854338895,0.2336135103819465,0.2432294267081687,0.2444366104978108,0.2461098557506709,0.2449573591752347,0.2284711314504086,0.4058836996555754,0.3598239042754017,0.2404394332049477,0.231957174309116,0.2439071738832581,0.2511961411716825,0.2329668702286973,0.2440913765150121,0.2560335762982895,0.2327095002649173,0.2447972772531521,0.2493151885538012,0.3378035847835399,0.3053012167327544,0.2711417485940401,0.2403039512201914,0.2752435734775282,0.251131296367415,0.2965146561693181,0.263007419966879,0.2430240456076049,0.221210556440603,0.2363051261329616,0.2289008360064066,0.3331093527044473,0.2992107033867413,0.2639307679732212,0.2655056172056262,0.2863648608743716,0.2834540676215695,0.3196530016740375,0.2760970294410327,0.2900106214296976,0.2560719605982413,0.2857765920493769,0.2588220173800444,0.331390039564333,0.2698375706213909,0.281308613722814,0.2465544208402121,0.270308129373042,0.2572284029850351,0.3299260594022968,0.2610253638755466,0.2997080453380647
326737_9_consensus.txt,0.283109551640738,0.3008853766954757,0.2934784348865342,0.2816569885178026,0.2925480601897874,0.3244583727319607,0.281591743724185,0.3275407895520636,0.3063717419137148,0.3070984137522572,0.287662802166011,0.3317614369519752,0.3115620036674507,0.3168631275798503,0.2997604912123606,0.2771860487670317,0.2919262292835292,0.3136275120057448,0.205279755062655,0.2023034637792093,0.2047251919310184,0.2291069998721262,0.2091365047159996,0.2115136179082668,0.2001922658779946,0.198145875005153,0.2001447150198139,0.2366098050992349,0.215213160111773,0.212081766158434,0.2034030921299816,0.1978862460968677,0.1906481101440817,0.2321761930381534,0.2072495107272267,0.2111704281943573,0.2738143920117899,0.2811870478568608,0.2973037145655972,0.3427297075714008,0.3023935995260345,0.3204971421646796,0.2636889849212807,0.2656680141506307,0.2916048425114255,0.3436011435486463,0.3224920420888395,0.3140899980858975,0.2961449017327169,0.3074946471129003,0.3110279908167044,0.3437371690216189,0.3145163443076271,0.3104249892517288,0.1277250130603633,0.1320234474752304,0.1350087307710339,0.1473474887194967,0.143328358014493,0.1346738771902877,0.1306076076540812,0.1332938678020525,0.1280144396086768,0.1413708195736944,0.1404165645981621,0.1334245671910103,0.1268200832525394,0.1319011668761227,0.1347541050189988,0.1459935790758599,0.1403686009756342,0.1358870125418043,0.0558811691442571,0.0837840719138611,0.0928048532306888,0.0621038469375605,0.0485958456649271,0.0554809134448177,0.0575701685762659,0.069355082782522,0.0914684370690146,0.0491622192461065,0.0488036723783835,0.0450428422400648,0.056892524031511,0.1095280905402198,0.0856065420334921,0.046077173250282,0.0435197972426735,0.0,0.2657714169569907,0.270044439265618,0.249589680452388,0.2784132138730513,0.2771456186547816,0.2721687598891407,0.2583805819509592,0.2766390610144285,0.2729074516149623,0.2615141310985969,0.3147437129232067,0.4996587313773872,0.3284753368271325,0.2919601421921882,0.3054130375340023,0.2751409504957891,0.2658653562491651,0.3358578128060685,0.2880881152774321,0.2942929605905497,0.2826629790526453,0.2713556045613075,0.2946619344431411,0.3040619469160575,0.2759418398933029,0.2964802046078603,0.2751487785328947,0.2915593476671567,0.3221846381366475,0.3378480263996657,0.2965044104422354,0.3141808313839753,0.2982999142430529,0.2758582845318997,0.2979518427274179,0.3108995144697033,0.3001820368074703,0.2492666184767742,0.2450520096294752,0.2346301429833488,0.2494315919104295,0.2485301896308129,0.2514631361983497,0.2490571802160808,0.2308954548697457,0.4195897235124199,0.3680388035498083,0.2413604976031074,0.2372263301149146,0.2438541514339576,0.2506342745203298,0.2355371430857147,0.2452182574108263,0.2578573138536768,0.2461777451879783,0.2644899266671316,0.2667676666158556,0.3675074731224939,0.3294356983085862,0.2919703024031292,0.2556552642999641,0.2943592264650831,0.2683530771820912,0.3250969091421432,0.2854434958885647,0.2610505174244686,0.2318790909073342,0.2512850650048683,0.241688106250784,0.3633614226526305,0.3241562514970901,0.2842938065083018,0.2786319473647829,0.2978186558690368,0.3007475741402245,0.3460404059320225,0.2834955467202249,0.3085975061241619,0.2657751373675658,0.2955555314625648,0.2668363515229472,0.3596811284017676,0.2774597203843321,0.3000702279142615,0.2550529433633883,0.2773304914653636,0.2693619761515862,0.3586955975073991,0.2718224132341298,0.320128200411375
326780_10_consensus.txt,0.3024073309900359,0.297660238538544,0.2865332125638282,0.2909339773991952,0.2871857524346879,0.3197261733883785,0.3046128033438258,0.3279749918328569,0.3049351992690781,0.3154401415328856,0.3032907897166303,0.3247325963468448,0.3704948525101343,0.3569357388608978,0.3246027063273473,0.2893990924140794,0.2941580547695714,0.3157450354831503,0.3234145111243798,0.3161566519840697,0.3234294471778867,0.3441004146654691,0.3171734683221068,0.3285284414190705,0.3121302626676794,0.3057249666258457,0.3140965962842479,0.3594702886772012,0.3340653030288614,0.328086667782447,0.3274462073757149,0.3114968830548292,0.3021202842475077,0.3442668150690835,0.3139978985700189,0.3223606217102599,0.4634752177403953,0.4695147784584108,0.4932748575842076,0.569212785424611,0.5138499659848108,0.5248308090638716,0.4523802502209264,0.452879456608855,0.489626696828779,0.5824044774856922,0.5399113312664561,0.5323571074746809,0.5027248253818541,0.5100625220035333,0.52406105892371,0.5687587312467244,0.5304130792222495,0.5153935573937432,0.1980565961907743,0.2028114248151489,0.1858838093656416,0.2264831236768358,0.2254123274442534,0.2089606255750382,0.1953673592192188,0.2110858219017117,0.1960046924762117,0.2356319560209954,0.2335100332605399,0.2216583478190656,0.1907786212294375,0.2022733558457616,0.1861842410772212,0.2322861602714638,0.224826254392056,0.2129786100880615,0.264272800817519,0.3062299108909379,0.2608411217157389,0.3035860166056174,0.2806494163517783,0.264979226545762,0.2659505973759515,0.2837404994542112,0.2949288060747577,0.281142369498518,0.2952075860306316,0.2655340180051233,0.2942922829087564,0.3099689376412016,0.2902801193621371,0.2661365674027109,0.2694007957440298,0.2657714169569907,0.0,0.0453497587199152,0.0446324539802489,0.0599379188737856,0.0565547076824124,0.0536322882502595,0.0422727348517568,0.0528716944985312,0.0499118662058037,0.0538608609032422,0.0669025055342338,0.2051239219070808,0.0749223137382664,0.0610191868337182,0.0610949135157632,0.052934953302806,0.0467795605746559,0.0878247444582918,0.2241911406271448,0.2286101270758891,0.2296226074506222,0.2112306425404071,0.2302781159037721,0.2413838328636046,0.2132487007529135,0.2314308215944507,0.225255592409507,0.2242670063521146,0.2530430691209986,0.2667213818600196,0.2281022613323244,0.2443061130172239,0.2223579096683927,0.2151320723342706,0.2370837657694551,0.2490722417925859,0.3123636423484655,0.3261167384616428,0.3212365024674959,0.2842530251831192,0.3183004224148149,0.3146463102784196,0.2901515765118461,0.284742176903805,0.3060553979889739,0.4399343710034813,0.3960587742494503,0.3049179057557083,0.2880955544739798,0.3206850537444268,0.3400511596676026,0.3163962231554578,0.3098544253822943,0.3170232055517772,0.2886575106283935,0.309397529507045,0.3174479906653467,0.4797651297140355,0.4112646262793653,0.357130841797268,0.3059774445007797,0.3734725297571799,0.3322975981689566,0.4193793711691711,0.346364784870083,0.3100414968012828,0.2543051812840637,0.2992648253950065,0.2795891325426289,0.4754597990485436,0.4066902270814267,0.3388083152380154,0.305286324270277,0.3082910607448781,0.3333063189581224,0.3985851238418689,0.2863918892482147,0.341945949777255,0.2919371884319126,0.3106022209579215,0.2841418271492699,0.4173004837262226,0.276450543729986,0.3375891146536602,0.2779086514447471,0.2893959976111624,0.2931279822768147,0.4060700604366687,0.2857116503381327,0.3641639896749353
326780_11_consensus.txt,0.2967572183167064,0.2946734124288106,0.2875748056853382,0.2884461243765344,0.2884243882808697,0.3191749050233419,0.2998954832635867,0.3262772306156485,0.3069466560081864,0.3098691899336359,0.3044315088751759,0.3218787180431093,0.3675487630597409,0.3605150870704712,0.3308465310185724,0.2860803551106841,0.2936779259401731,0.3138117563642169,0.325929683270779,0.3148904101303955,0.3294512443779318,0.3347760704155647,0.3158541665263676,0.331568536488156,0.3161002801134458,0.3063495986767677,0.3200532575290751,0.3468328683747153,0.3299889338865824,0.327161613570432,0.3298380812464536,0.3079602760315083,0.3029378909612887,0.3351075654554201,0.3123315434178835,0.322041011959957,0.4612593590688902,0.4663508798980551,0.4898025830357113,0.5586298993843783,0.5086248513162737,0.5191686135019857,0.4512406985080233,0.4515102418212251,0.48632069540038,0.571751810655698,0.5326612987663069,0.5253909257494342,0.4987883192157483,0.5060172489826193,0.5173653101246316,0.5597030158369698,0.5262096666483878,0.5104046338784798,0.1889694656564913,0.1925514837291295,0.1769637737804146,0.2090548869366628,0.2106403926598474,0.1962530890992724,0.1867554374306692,0.2013221536803335,0.1895593181905468,0.2193559326885967,0.219191623517247,0.2118146315855504,0.1822305965098962,0.1921161456000391,0.1779587631065666,0.2134410189415483,0.2107049838274193,0.1998506119492944,0.2733710676818326,0.3190037057018671,0.2735839071877421,0.305768195460594,0.2826195941724769,0.2741274773834483,0.2744655796930182,0.2941111381600656,0.3074953573290742,0.2802095256744508,0.2955962202777762,0.2686331254826513,0.3040071662913597,0.3250925628815118,0.303037700292343,0.2661621111961842,0.2663673476125616,0.270044439265618,0.0453497587199152,0.0,0.0332561644796314,0.0341459599553495,0.0325575258509012,0.0331951806247161,0.0315152759437751,0.0315085609157463,0.0298116412546214,0.0361232159898996,0.0503114213360262,0.1891499426630787,0.0682697605803781,0.0439464304698979,0.0481581515053193,0.0295320856361911,0.028984487782651,0.0893327489941029,0.2072613048383971,0.2089903005721467,0.2133427888054377,0.1980887393545138,0.2122025875725661,0.2210048806252302,0.199910139533344,0.2141692528582055,0.2112636986543137,0.2079990841142347,0.2297124095474068,0.2428614261563737,0.2100568835956267,0.2222142812226764,0.2026196802441902,0.2024559661953375,0.2181067312500992,0.2279465428513134,0.2922289964012243,0.3150983556291358,0.3121889176124597,0.2721288050824704,0.3054282630930522,0.3039963709321895,0.2764668897749729,0.2721914330375199,0.2990909947219222,0.4227311105241114,0.3796302473061033,0.2946454645404124,0.2713350527731037,0.3112453429474762,0.334826215495049,0.3032755790207133,0.2970011149309961,0.3046220930753058,0.2811104035713825,0.2970660916977081,0.3076652774030179,0.4605022162918573,0.3940772641632897,0.3443797270383726,0.2994815492017899,0.363322731002043,0.3230735926754136,0.3988975949497089,0.3279567852913345,0.2977822875221676,0.2467729013789501,0.2888054976820342,0.2702700314260795,0.4555196866511686,0.389635525763552,0.3259399428127345,0.2823743983478515,0.2881547173410617,0.3095039917757951,0.3641688423734557,0.2701246611209456,0.31531860097488,0.2750063058145002,0.2955636959378296,0.2697896223216673,0.3855865191944403,0.2596731276071651,0.3128087030433875,0.2589343261089247,0.2750237464806417,0.2738404808744441,0.372134438785757,0.2673844675332049,0.3371942317562357
326780_12_consensus.txt,0.2889592854537355,0.2880187411842705,0.2799575387776691,0.2797989991499428,0.2816024804276757,0.3120489552169943,0.2907037043978278,0.3179280759584486,0.2992014375703533,0.3020871941066723,0.2940903446846121,0.3152817377381609,0.3512519859129313,0.3448215557159102,0.3159916835470575,0.278698192714085,0.2876084655454214,0.307083481096214,0.2966895821129895,0.2858456465615866,0.2986419877241921,0.3033609654187685,0.2883966471179917,0.2999894577978175,0.2866076446508998,0.27616834856466,0.2900082179593539,0.3143812754996524,0.299380318124367,0.2959678975438891,0.2979515628137967,0.2782550672150243,0.2732716455261688,0.3038436257101047,0.2838885894638565,0.2923733333950373,0.4385442419548866,0.4449693780862347,0.4667033949002181,0.534433678282781,0.4841636509688349,0.495132106744343,0.427725797267346,0.4281422949093354,0.4620693691076667,0.5458718902961621,0.5084681995692506,0.4998043899089204,0.4745646312205558,0.482066505910673,0.4932559059716013,0.5345574501430725,0.5015992214715581,0.486805415857372,0.1716632195770344,0.1752169740459379,0.1629400782389218,0.19190424315574,0.1929352663134693,0.1789917413464188,0.1696622837872539,0.1817493211416234,0.1718494102155858,0.2010471209996396,0.1999553584687419,0.1915157983802444,0.1658929306445564,0.17376205259675,0.1640299417814148,0.1969853433920434,0.1927634966817706,0.1825610394612589,0.2512886240862606,0.2924086363283642,0.253562457477642,0.2831032038250427,0.2601886139579754,0.2517794846179271,0.2519776181769693,0.2710459677265149,0.283120668954357,0.2596157845036266,0.2722543804215576,0.2475467301342213,0.2796262869577823,0.3035097066220551,0.2812497275709091,0.2458070796069194,0.2477020078545351,0.249589680452388,0.0446324539802489,0.0332561644796314,0.0,0.0370436993217815,0.03604119493869,0.0343374551602977,0.0323050615190609,0.0341165419154734,0.0327517258633633,0.0379595862872506,0.0599272288086041,0.206022526088244,0.0782802094097014,0.049604645528742,0.0539690038027913,0.0330178180565567,0.0322575322147002,0.0943022882563191,0.2007806553817843,0.2032283747400391,0.2045459724422187,0.1897681126639732,0.204732262515936,0.2128529168657351,0.1920999082931942,0.2050433038803305,0.2005618068104873,0.2015463743153418,0.2241123751725595,0.2357375287710752,0.2026805025407263,0.2164996425027894,0.1976811942111425,0.194595329452536,0.2101429512289954,0.2208728964996424,0.2827064344615166,0.2948004430118232,0.288240232766622,0.2564318025863628,0.2849753039388645,0.2818684865008372,0.2613145360546127,0.2585646899335714,0.2769616597537094,0.4136178989127508,0.3667865519635462,0.276178343647036,0.256642236865968,0.2883387092626002,0.3087385317996869,0.281851306707324,0.2786800045201545,0.2874978962924501,0.2637635085008973,0.2808029187312542,0.2889707843615383,0.4342311313081168,0.3725069148815478,0.324148735498202,0.2799913099447089,0.3408974067623269,0.3013075828056699,0.3772145240200117,0.310908244618048,0.2817447751467412,0.2329974795338927,0.2719142751612367,0.2555029495475054,0.429550623405003,0.3674968553933766,0.3068748192295558,0.2586090564303305,0.2664691071691258,0.2855884606382908,0.337340567216664,0.2526620323439488,0.2915078875144843,0.2512935065157222,0.2731728819712735,0.2465765711459226,0.3553184100975244,0.2423256905157735,0.2870882369347924,0.2376619830692412,0.2539808576562379,0.2507679165552332,0.3437500852312105,0.2478898519590515,0.3127472807127134
326780_13_consensus.txt,0.3018101755111857,0.3021955376977097,0.2999433868870085,0.293253932846504,0.2996338044842233,0.3277062219381648,0.3026313325390646,0.332494167484878,0.3165773256535189,0.3142623825194377,0.3125165353077079,0.329731942312172,0.3670591100310503,0.3656137574605402,0.3401321475440824,0.293722665950419,0.3026506206184578,0.3222761896817658,0.3379201565243228,0.3246202344826727,0.3421597538077492,0.3342687506688051,0.3259536453191067,0.3414140736610029,0.3281968146261036,0.3152080473046723,0.3327652721415255,0.3381764998774237,0.3344920699713682,0.3333614523771722,0.3377880648711411,0.3128336189326752,0.3109975295210425,0.3350801083512351,0.3222229831109793,0.331602151679963,0.4616549089477963,0.4661394295287167,0.4872802318926297,0.5502032451067791,0.505254073158909,0.5138448603712042,0.4524857895344922,0.450833726202049,0.4830267338434453,0.5625965954914918,0.5263149485713292,0.5178431212855976,0.4955818701761956,0.5016804272164421,0.5101516701438484,0.551794881328167,0.5222631395184649,0.5062152207332424,0.1808138789127227,0.1840624278437417,0.1751497232414394,0.1950036531045214,0.2008047144433113,0.1886812105676014,0.179010179594087,0.1920737959536822,0.1871123905465097,0.2058404105886779,0.2097389908205365,0.2036043525123076,0.1757136697838675,0.1841253613161875,0.1782894438689339,0.1993380117757013,0.2013331337902322,0.192585766158345,0.2836196007799643,0.3268232986059587,0.2867607462737886,0.3095368180601241,0.2858893068906241,0.2834673178352318,0.2840338302196556,0.3039006651709286,0.3156393045046783,0.2840854269132506,0.2976732422525394,0.2757347228713591,0.3137861492324489,0.3411001649652903,0.3149537575869132,0.2692627464016048,0.2697120232914969,0.2784132138730513,0.0599379188737856,0.0341459599553495,0.0370436993217815,0.0,0.0226994984281319,0.0234210935604508,0.0360224116897285,0.0263267494982706,0.0270066550523147,0.027359668233597,0.0459683208313528,0.1915926647041885,0.0774537933544117,0.0353716793404217,0.0451870410762182,0.0227492053186786,0.029234525610768,0.1080927226927954,0.2163779886191008,0.2157965547326483,0.2215302462238675,0.209566146796007,0.2198229649183822,0.2260853078792024,0.2117616998906299,0.2206110870830926,0.2187774124191541,0.2161188474073583,0.2321285552288401,0.2432745553206743,0.2173826191738328,0.2257840856080406,0.2098316397628572,0.2133859002404499,0.2239088542281884,0.2333258471675172,0.2840254035524516,0.3100459859469779,0.303051263225484,0.2661784898273609,0.2951526465881855,0.2965744006518775,0.2708585843876605,0.2674445701593377,0.2925707841168048,0.4149806934248587,0.3767043535513004,0.2907301375692022,0.2662291210668961,0.3059420416024352,0.3277893200116537,0.2944754514346286,0.2910664365866147,0.2992834868203466,0.2833869214173639,0.2957169251606295,0.3066248606058579,0.4465577755403949,0.3859471657807027,0.3407418622477891,0.3007504915129573,0.3596840430868724,0.3201405401418071,0.3892004516791196,0.3231754520866907,0.2988084281279342,0.2511139110977574,0.2907376348281545,0.2738519474579348,0.4421193164643071,0.3800692127360285,0.3221730728367689,0.2748784726235271,0.2860304255409467,0.3005865111308345,0.3497800350599043,0.2671442499912473,0.3080578998797136,0.2684695904161245,0.2935852895226176,0.2647527970779997,0.3679237196758116,0.258821610400382,0.304477820636631,0.255622751848481,0.2728861753506386,0.2671571336949689,0.3561042696210705,0.2616508812610227,0.3288514868757453
326780_14_consensus.txt,0.2981587995391805,0.2984413535675188,0.2950238655986013,0.2892890665517242,0.2943965501603323,0.3219675017203016,0.2998893017673048,0.3274245768214712,0.3121780797399296,0.3098600845100776,0.308415297255955,0.3255934010585513,0.36385774964128,0.3608552005931216,0.3354875617850545,0.2886905807558655,0.2979035478969294,0.3166356384936613,0.3391021779034346,0.3252089302644663,0.3417812974595193,0.3367236471047903,0.3266644547683803,0.3421534972734044,0.3280362422348091,0.3159308040291044,0.3337535537226408,0.341893126318034,0.3362087915470546,0.3349100622942558,0.3392279864824594,0.3146828828553722,0.3123986856491214,0.3375104635151977,0.3229849307607644,0.3325681416932085,0.4649833922834396,0.4691039879405352,0.4902699387806208,0.554127417255053,0.5089981596874615,0.5172375135340062,0.4545873339813084,0.4536357980618604,0.4862173022373284,0.5662751165380868,0.5298590702620203,0.5214213046885376,0.4987440951253639,0.5052269881950728,0.5136720546428357,0.5555464459588677,0.5259716600380244,0.5094409686008419,0.183281912679444,0.1867308869071173,0.1769662214644292,0.1988446770068037,0.203400787019838,0.1911323959162594,0.1819175457576669,0.1940859007084157,0.1891834751224586,0.2097238573406983,0.2123040870193371,0.2058974302859582,0.1774097520472217,0.1861358346777173,0.1799554762755519,0.2032434070690811,0.2043208691033946,0.1950838417828642,0.2821614570745545,0.3254434014489646,0.2850352081090932,0.3103554717710572,0.2869007398279208,0.2835920249644914,0.283551575068568,0.3042471270661977,0.3148527195471402,0.2844270680637208,0.2987104917512759,0.275569826684773,0.3127915877075082,0.3399843947763905,0.3146639607268291,0.2699938639614707,0.2703838058128163,0.2771456186547816,0.0565547076824124,0.0325575258509012,0.03604119493869,0.0226994984281319,0.0,0.023887774447175,0.0341832975925981,0.0261456030630427,0.0267577902012696,0.0281348988487444,0.0441676348214237,0.1912224733639931,0.0745798932972761,0.0353043059254929,0.0450223235716578,0.0239739856616267,0.0274669815759835,0.1047883101340296,0.2144157030305145,0.2137121419365222,0.21928793531184,0.2076200497077351,0.2183326299639674,0.2243048993802894,0.2096413865606479,0.2188617203282987,0.216885599247977,0.2142741122736993,0.2305963816148164,0.242283055400442,0.2152239758018765,0.2247710720674725,0.207539091238921,0.2102950863636223,0.2232002053802801,0.2315415566207548,0.2843963817692767,0.31128572600457,0.3050575336437262,0.2678257132209474,0.2978854605271017,0.2993577869484873,0.2728463887054388,0.2689900538833392,0.2944027240298865,0.4185420752700182,0.3777652398884648,0.2913383808370078,0.2673941472878098,0.3066257345755261,0.3288105706877573,0.2966828432444259,0.2930746655730445,0.3005757167658807,0.283298017969269,0.2959784291437763,0.306382125802628,0.4490730719952083,0.3869612813443481,0.3412801683657882,0.3005515119752324,0.3603476074903646,0.32039484385243,0.3912111249687982,0.323451254761764,0.299001793448177,0.2506387836839643,0.2898164497938573,0.272522513390097,0.4440351946527059,0.3824286739340365,0.3225148461892644,0.2752100560607466,0.2848855690605596,0.3003836015611902,0.3511034399439268,0.2669926178331785,0.3075492515145974,0.2685584336096589,0.29300381584736,0.2650081267410265,0.3695750615914299,0.2568322724809597,0.304690088095839,0.2543995141668667,0.2715541594977466,0.2670647046948744,0.3575539181543803,0.2620307934915686,0.3283675017833545
326780_15_consensus.txt,0.2949277234033189,0.2944896718667991,0.2896510538731398,0.284772215675332,0.2893946344868787,0.3176489026925893,0.2952984398333171,0.3232089808455889,0.3065646067584531,0.3067476045429274,0.302780333924332,0.3205958311441179,0.3587666980787425,0.3542541287219123,0.3279679143518805,0.2847546745964351,0.2934254279022354,0.3124771299733346,0.3378953749210858,0.3259649735788379,0.3403961075201707,0.3392721049589866,0.327122197398527,0.3414131306947467,0.3277346374142595,0.3151826978058771,0.3307935745811612,0.3434153168070359,0.3368608311689165,0.3350610003876006,0.3379270636179754,0.3148683764613338,0.3114137233946152,0.3402774459041957,0.3229525767593095,0.3315970615522339,0.4635992934191151,0.4683561080954241,0.4897968827557832,0.5559745052034017,0.5086601716487209,0.5177240839723467,0.4536336027368151,0.4524477400449243,0.4852305662108023,0.5685012964879306,0.5307341135207473,0.5214790737339143,0.4982723036010057,0.5043366651217696,0.5139664376441289,0.5571160309749956,0.5259773081360279,0.5088828776170438,0.1826392309274709,0.1867109057482281,0.1785930500119015,0.2012593597817655,0.2057670918418033,0.192304301775156,0.1813958609604107,0.1943712031658258,0.1893217936524003,0.2117714401946671,0.214579375779973,0.207011799832717,0.1769982012471374,0.1867570123511761,0.1810226343356049,0.2062027921368781,0.2068829856731611,0.1970277102547619,0.2766550471933371,0.3193637936717834,0.2764552752395808,0.3061879550702286,0.2826329481294038,0.2769734863345583,0.2770137365853458,0.2978095920861925,0.3085231664737478,0.2811255801756047,0.295304883417316,0.2711444458894156,0.3057233946062609,0.3346891313906788,0.3074447464078034,0.2676153823120373,0.268066028199474,0.2721687598891407,0.0536322882502595,0.0331951806247161,0.0343374551602977,0.0234210935604508,0.023887774447175,0.0,0.0328026786888315,0.0261439722466789,0.026849142061728,0.0256275121668885,0.042383813558537,0.1903294866530736,0.0706625504714892,0.0327334201099418,0.0414817634250326,0.0247608032387844,0.0277080052765654,0.1002432082737101,0.216229627318615,0.2161888170259907,0.2204971988011053,0.2085069693380603,0.2203084837974387,0.2276630875798346,0.2110075320494608,0.2204776522767382,0.2178887508308236,0.2153256017539497,0.2330765439980062,0.2451387655679333,0.2172778529613594,0.2278665235640211,0.210338838329406,0.2113004952992412,0.2259359746073634,0.2346190241994641,0.2851776271019908,0.3069293165801312,0.2997854311706263,0.2641871993849527,0.2946426358665093,0.294578671450683,0.270337093244855,0.2667428067186428,0.288959719764204,0.4175409365758327,0.377041824407172,0.2881962106919786,0.2654994307933194,0.3025614422474838,0.3231483374999087,0.2923293970661582,0.2886402899791349,0.2965750902393935,0.281424119962903,0.2958703023532933,0.3059478884405529,0.4499864289571817,0.3872529796352673,0.3408988014825134,0.2984428588674426,0.3589892022469101,0.319109149605115,0.3935647234407362,0.3257422753447976,0.2993431476450645,0.2493953079050292,0.289241769032369,0.2718114693141018,0.4456129290597488,0.3824948974949933,0.3230028748869422,0.2787040744021674,0.2877672919709084,0.3063542632659448,0.3585684583168032,0.2701007237739148,0.3129006381380534,0.2704841828445943,0.2930267186403661,0.2646180360879313,0.3774829801897255,0.2584120566215055,0.309844695956027,0.2559229913117136,0.2728205028046879,0.2685516112693271,0.3659405691326789,0.2642529557159818,0.3341527396367603
326780_16_consensus.txt,0.2885042770905599,0.2861592967453781,0.2779599811589897,0.2789520200191155,0.2781424530016885,0.3095901293440626,0.2913178136475665,0.3172047756848322,0.2973305721766728,0.3019184065979559,0.2941321919710695,0.3145262471877608,0.3558292477500835,0.3474394474630742,0.3175750386812837,0.2776616126035804,0.2847087738310847,0.3051605783634166,0.3180448297035028,0.3085050022657967,0.3191019217156103,0.3297820772187734,0.3100717087045233,0.3224361530123936,0.307859000370378,0.2981460519624157,0.3102446367580427,0.3421545114483209,0.3229224850736258,0.319426455765992,0.3206487082106157,0.3010124818905808,0.2941433362389958,0.3308308516342748,0.3049011589355714,0.3142364618521505,0.4509210759109479,0.4561724378126541,0.4787099282794784,0.5504934639786931,0.4992550591498741,0.508929967318128,0.4404649114551127,0.4402737488423405,0.4752545294734212,0.5635201680959518,0.523709545255592,0.514890791807268,0.4882307887251471,0.4958511973404924,0.5076038728893444,0.5516783987603375,0.5162763598487636,0.5008186747144023,0.1820162678631369,0.1873990401445766,0.1731526791010544,0.2064776755663508,0.2077753272688625,0.1922745623081283,0.1803192844555035,0.1944891479957924,0.1838533996855993,0.2162328333820049,0.2160796555052329,0.2058488456057645,0.1756148787022446,0.1865192764002721,0.1746696313065392,0.2120690988959168,0.2080382755992005,0.1957603395328888,0.2600182617188267,0.302389066869182,0.2578176811606454,0.2948844095968468,0.2707439580175794,0.260219814955235,0.2615104059703519,0.2802920767269121,0.2934671427016617,0.2707219659307291,0.2860548738401292,0.258154859274704,0.2901883444329556,0.3114707057531589,0.2898182645276534,0.2571035944642403,0.2581989401662881,0.2583805819509592,0.0422727348517568,0.0315152759437751,0.0323050615190609,0.0360224116897285,0.0341832975925981,0.0328026786888315,0.0,0.0329243766219775,0.0306286165059539,0.0339173466836442,0.048888344436154,0.1910106281150625,0.0638850002086499,0.0419839267827271,0.0459253961818006,0.0322038409957166,0.0310545526591496,0.0881133926964281,0.2075165112054229,0.2104215018012212,0.2128944608996867,0.196660519556687,0.2127847009201318,0.2220749872355227,0.1997201129242114,0.2143524445573703,0.2082483709868476,0.2067437176771918,0.2305266712779641,0.2437982811668213,0.2096426516189709,0.2242483063048226,0.2023287993825135,0.2004603254456896,0.2187070801807564,0.2281938567216208,0.289354857007261,0.3063754397617018,0.301995365558831,0.2641061273451157,0.2969955664918728,0.2948952392873636,0.2710128333028976,0.2662885201650766,0.2893688969496857,0.4217428366020321,0.3755104572021466,0.2858109742760213,0.2656684079386124,0.3007717637706442,0.3226273429851929,0.2940439659385205,0.2889283018463722,0.2970492577654902,0.2756130061283386,0.2940768096333741,0.302524994631721,0.4561661217556683,0.3911911488791304,0.3396324186363202,0.2926851925994604,0.357201337496484,0.3167216449401735,0.3970117778831614,0.3253482130779304,0.2934423348912673,0.2407071382903538,0.2833531121949235,0.2650177077014888,0.4517499502356443,0.3856229230101391,0.3215435459393134,0.276484372051609,0.2823607270765613,0.3043368891079936,0.3634350407799793,0.2630198912976276,0.3113254614077583,0.2660733488289928,0.2878238801257566,0.2597935255055574,0.3831718784681328,0.2536210002826315,0.3092308726474435,0.2519460057603062,0.2657215357388622,0.2666681432953979,0.3701479217009762,0.2602943377457478,0.3343992739512202
326780_17_consensus.txt,0.2980594907487877,0.2972790201423549,0.2936712363453679,0.2887252598420353,0.2936786626972534,0.3221598895679953,0.2988887414161674,0.3275564358781366,0.3112121480078613,0.3104395237345621,0.3065703222897795,0.3248997936917668,0.3623372126045225,0.3586837317878633,0.3331346961617498,0.2887230375402723,0.2980800257314939,0.3165692083791001,0.3342313996423272,0.3214742226284031,0.337414623170293,0.3334091371274539,0.3220303038406804,0.3375532490608037,0.3244764149703343,0.3109604013825269,0.327560501360395,0.3403014423223069,0.3324729372971582,0.3305022106809119,0.3351119171113694,0.311182631982696,0.308190473268823,0.3340673362340745,0.3181969987388306,0.328615142066571,0.4635902610800251,0.4682358247090619,0.4899025236281318,0.555492938537661,0.5081902596034951,0.5172416701778815,0.4536803378017957,0.4525544658445177,0.4852693878089731,0.5678223678310808,0.5308363683036639,0.5223009154722149,0.4987366703366547,0.5048910342591064,0.5150816743912259,0.5565334178624788,0.5254096744383823,0.5094108146597378,0.1852167109093798,0.187680843518585,0.1765628622043884,0.2011484183636227,0.2038928344404453,0.1916771136430952,0.1836461875198196,0.1946342097304949,0.1874227660250227,0.2117069856106823,0.2122476743944226,0.2060341110513803,0.1797730652970592,0.1866450106169068,0.1785083424652249,0.2055798642640809,0.2046638270150786,0.1950170991850797,0.2815833166349542,0.3237208703507299,0.282689254395958,0.3094894524241631,0.2860481828399912,0.2813342634476292,0.2819384550188637,0.3016808553808729,0.3124411843371817,0.2848197029863435,0.2971992652468813,0.2738635599974692,0.3098976386251877,0.335458076606681,0.3103740312107632,0.2704197655824529,0.2706803660845907,0.2766390610144285,0.0528716944985312,0.0315085609157463,0.0341165419154734,0.0263267494982706,0.0261456030630427,0.0261439722466789,0.0329243766219775,0.0,0.026910433753116,0.031455313602084,0.0500978141713552,0.1972142295271233,0.0782107714460735,0.0388665313500844,0.048416366927583,0.0254588861505311,0.0278983054318935,0.1012471529915579,0.214298453380529,0.2148257796691233,0.2186761115838109,0.2063733330388864,0.2173119313208324,0.2248777186986998,0.2086759213330822,0.2178372524415834,0.2162145498122143,0.2159790109811368,0.2325526720105948,0.2442082702570616,0.2160835964469072,0.2258624975419429,0.2086367840708689,0.2110935101387028,0.2228284001761231,0.2315747801531174,0.2885927198225317,0.3141274772163953,0.3075733014956086,0.2703943034590637,0.2999973878166599,0.300622518656727,0.2739291379542052,0.2705329337384974,0.2955531926740029,0.4213647290518949,0.3809496034753543,0.2948698002351122,0.2711895359443694,0.3093045779989971,0.3309258039618825,0.3003696225361629,0.2955897198556414,0.3037731085171096,0.2826951644014315,0.2967667391263475,0.3069664734047741,0.450600457660105,0.388392899386492,0.3414406329917305,0.2998366264955301,0.3600246964834426,0.3209552887862976,0.3928704883709066,0.3253678378438387,0.2990222218323417,0.2509449148048617,0.2898841248541401,0.2729244954110719,0.445843695296535,0.3828406831940896,0.3232623789177538,0.2753278427483785,0.2855426899299829,0.302087369101617,0.3522101786616929,0.2682994430460503,0.3077309654635414,0.2688382357816046,0.2915216859358125,0.2662894334400789,0.3697882271988,0.2587717103669043,0.3044420628508533,0.254816276411443,0.2732744663984938,0.2681137125925836,0.3578073383425746,0.2635796466765967,0.3276456735658222
326780_18_consensus.txt,0.2954328670615886,0.292975140437413,0.2883475999207192,0.2859367488086306,0.2883373586553901,0.3169214022822046,0.297250341652397,0.3252841573572169,0.3056442702897257,0.3076686152072376,0.3033387919077484,0.3216195576116156,0.3638348502974402,0.3583522817261624,0.3300825980849353,0.2854313542017408,0.2933343723408654,0.3127087161868296,0.3341126978453701,0.3217488473882142,0.3373059397592435,0.3375077402529953,0.3229065004919711,0.3382719779124663,0.3239201918924514,0.3111733096172528,0.3268473841980395,0.345769404667827,0.3352402346928365,0.3323394955760008,0.3357908775567289,0.3120568346653449,0.3081912552926305,0.3379868641450372,0.3188360039450515,0.3295912232835718,0.4612224018949327,0.4652854630209226,0.4873443854421175,0.5560124610263415,0.5071199543644269,0.5159467053899007,0.4510691242050306,0.4505125567503256,0.4835789206269325,0.5694858066252593,0.5302362639189049,0.5222041105067632,0.4970399776256968,0.5035343116686768,0.5144137684421715,0.556860177727259,0.5242673304035854,0.5088301567220519,0.1858105705526469,0.1894093469711393,0.1761022425246565,0.2051438752504282,0.2077526886550273,0.194409767207631,0.1842588280432302,0.1973932160375184,0.1888252124889824,0.2160037706629189,0.2171605645738168,0.2094914458641597,0.1803396826609571,0.1888223340774821,0.1784561242783411,0.2103770386399865,0.2084250373049982,0.1984363906207669,0.2764755912252283,0.3196303264523834,0.2750699877941223,0.3075841589097194,0.2832622643125617,0.2764212497757192,0.2777618665597146,0.2961697245611425,0.3083929460577828,0.2826858069165503,0.2965143700122361,0.2705593129272579,0.3076763764098693,0.329042007342089,0.3068446568886607,0.2675783861152325,0.2684015294702639,0.2729074516149623,0.0499118662058037,0.0298116412546214,0.0327517258633633,0.0270066550523147,0.0267577902012696,0.026849142061728,0.0306286165059539,0.026910433753116,0.0,0.0298483533221052,0.0439209399412447,0.1849607544834235,0.0672700975405291,0.0365574479354826,0.0414093415080323,0.0248830841778122,0.0276792931784797,0.0955255476876146,0.2057964863603274,0.2069896122196937,0.2111693308323801,0.197957382377055,0.2103522919528053,0.2178841325042029,0.2002820572075272,0.2116683598989688,0.2082612280848508,0.2047180155085506,0.2245994115519707,0.2366762142544409,0.2071175090835986,0.2186884806023883,0.1995791234933186,0.2012585770533057,0.2158451087912141,0.2248086487310772,0.2879504162222837,0.3142045637944619,0.3076614335156939,0.2684667601718864,0.3005847558632482,0.2998577492137464,0.2734360515924905,0.2689286975046059,0.2956889457742129,0.4213896573725542,0.3793931968968991,0.2933866165297303,0.2697496374941295,0.3086842699873706,0.3303250404641034,0.300135031548649,0.2943285517300111,0.3017945735877596,0.2840814198423125,0.2990476188296647,0.3094943162133567,0.4592155851208943,0.394414995673177,0.3463313914159407,0.3020387231842498,0.3650064917695417,0.324220749388715,0.3999296800807137,0.3291939047405137,0.3010766772574733,0.2500764000000366,0.2913864822996039,0.2742051851036642,0.4544381432585851,0.3892991345112726,0.3269194496366161,0.2808388626889169,0.2887726979695557,0.3071727309789374,0.3617086520499271,0.2696126960853178,0.3139341961151771,0.2723568332596677,0.2937368630301478,0.2668646820394329,0.3807304752445546,0.258123849537462,0.3116300767701041,0.2587031507332789,0.2736312252148813,0.2707300515229143,0.3678635081509469,0.2660519721639751,0.3352922418417989
326780_1_consensus.txt,0.2945075748785335,0.2921085334578315,0.2849280277926098,0.2834536109893975,0.2855095187042451,0.3136749028892325,0.295036135977444,0.3220910466498914,0.3038637159231747,0.3057559347063403,0.300306791244548,0.3186746759628782,0.3596468311118244,0.3511247743689623,0.3218895845169847,0.2813119261447241,0.2896939050376517,0.3096347089916378,0.3417317323926774,0.3331158418651334,0.3432254517767035,0.3524758873442515,0.3350248620976472,0.3467557453296024,0.3306791652515244,0.3222575540642758,0.3341009736801368,0.3578902680762326,0.3461816038990477,0.3426530933018696,0.3435459346727292,0.3222994302276802,0.3158715511928811,0.3543260242934778,0.3313596312383993,0.3387310404486143,0.4608118661897791,0.464699882887313,0.4879404205164164,0.5575672072490789,0.5088444238596139,0.5168655227225365,0.4504837273006288,0.4498132901997209,0.4835127365321554,0.570226195693003,0.5306979207366851,0.5211305900327758,0.4962889231766425,0.501955982616181,0.5123535428505157,0.5588904835435642,0.5256957211416591,0.5075375682357048,0.1797015903732806,0.1882496461783205,0.1804981462629591,0.2062546761625938,0.2115439124145766,0.1958309097065225,0.1776756857224946,0.1957350533971507,0.1909822030207166,0.2160458105870084,0.2203805085626058,0.2097900212004155,0.1733267908840829,0.188120100881111,0.1831212615522304,0.2112431313527167,0.2127448362665376,0.2001270669641712,0.2640389119983695,0.305210332767885,0.2604636222116419,0.2984853240881442,0.2739233542254382,0.2653563281553275,0.2645519208711349,0.2856889122059307,0.2989471758142805,0.274373019430179,0.2900843247449352,0.2642785269350653,0.2946054463669618,0.3238007545857755,0.2961051528200329,0.2605501018002343,0.2608590716636314,0.2615141310985969,0.0538608609032422,0.0361232159898996,0.0379595862872506,0.027359668233597,0.0281348988487444,0.0256275121668885,0.0339173466836442,0.031455313602084,0.0298483533221052,0.0,0.0339184862083676,0.181088531110042,0.0583521491316432,0.0261173536817516,0.0328459028012062,0.028602211959587,0.0308165836045155,0.0944763401565609,0.2275015491427972,0.2287192739050638,0.2308353116903845,0.2180395708579112,0.2331042907119354,0.2411753470392454,0.2221511972828871,0.2343518963803994,0.2281898939203834,0.2227200590966589,0.2459425291580927,0.2579686588306735,0.2294222825234442,0.2412904119091763,0.2214059568082831,0.2199726016687861,0.2386853263348811,0.2484954306099283,0.2851431348368933,0.3011948430204398,0.2950986498976675,0.2574126749182568,0.2907303752600789,0.2899545146916047,0.2686319636425338,0.2632040352413298,0.2827745626765434,0.4208080057195182,0.3763150203174739,0.2830745925708733,0.2620975256718765,0.2962891434075274,0.3163372696974171,0.2866392704058782,0.2824189310581033,0.2919835070026941,0.2871120294265026,0.3052448241464915,0.3134908493902131,0.4646453663063639,0.4004050959393126,0.3515817821415758,0.3041954413355938,0.3684015098123261,0.3271213127941301,0.4085091728574461,0.3376445103078289,0.3078955330743547,0.2524960053919969,0.2964754961581981,0.2774495855983332,0.461956853910646,0.3956192930256677,0.3335179170500382,0.2915860069465701,0.2989453020795025,0.3204600007039389,0.3825932443194624,0.2721038024000499,0.330635031359197,0.2793246739890129,0.3005713778481826,0.2696637671058504,0.4017709993809362,0.2639199626540112,0.326922404032409,0.2632811970159814,0.2778593417826975,0.2789341046208804,0.3909854552471152,0.2711327390113141,0.3545112304127507
326780_2_consensus.txt,0.3259338902364419,0.315841598751934,0.3054661894112804,0.3130798189209969,0.3076820429172748,0.3368120207805418,0.3293730502036993,0.3491297535937754,0.3279607655223771,0.3358551680982522,0.3304862765696441,0.3420046228943505,0.407522374418459,0.3920166068034767,0.3555762392802641,0.3099594694003009,0.3120605612418323,0.3346925305626733,0.4317993867429699,0.4246688412057331,0.4322370332047498,0.4553777131645766,0.4265106392155324,0.4413201592282227,0.4179857500538659,0.4125218498898064,0.4216036819343713,0.46579699966491,0.4438481260698026,0.4377304167357181,0.4374816994412285,0.4157951599397584,0.4032640840290113,0.457170043212546,0.4208011598657677,0.4313682296909746,0.531416476662173,0.5358458240943342,0.5613696577879423,0.6428942644596418,0.5876825196544608,0.5938377981885701,0.5209903207624365,0.5204513780809243,0.557302061152825,0.6587224634349624,0.6121928313940224,0.6033873958993077,0.57242601862432,0.5789082550106528,0.5929064802207122,0.6430929627563309,0.606060270498741,0.5851461819762278,0.228533500402932,0.2418068740174241,0.2282759792934641,0.2685867990975765,0.2729007823019458,0.2535099887329153,0.2253767032142164,0.2541452643882635,0.2442982969475302,0.2810563601174252,0.2863740379027639,0.2717774449549921,0.2200513991181907,0.2434004149079278,0.2308412495020739,0.2752154495483161,0.2758816194057587,0.2587778788833823,0.3131847187448038,0.3605365509057492,0.296934105231518,0.3610839005317565,0.3331504869222819,0.3171948639893855,0.3146273649445348,0.3363652670337984,0.3489234244657773,0.3318266722859668,0.3553947822715635,0.3196420437044267,0.3528083462492652,0.3698754406524784,0.346549510161882,0.3171052455129448,0.3187575318559652,0.3147437129232067,0.0669025055342338,0.0503114213360262,0.0599272288086041,0.0459683208313528,0.0441676348214237,0.042383813558537,0.048888344436154,0.0500978141713552,0.0439209399412447,0.0339184862083676,0.0,0.1402673320896781,0.0358444378928872,0.0257353635777235,0.0236753384317474,0.0456886535100231,0.0459743200575282,0.0870685461198057,0.2790436958613931,0.2799849804998935,0.2845324910562041,0.2673252929285965,0.2866866758544155,0.2996828887632752,0.2739216068147563,0.2904973469424412,0.2842962004700098,0.2679078463049293,0.2991291620166123,0.3117868739552065,0.280235662060349,0.2956833466453368,0.2689946728359444,0.2683627606534458,0.2945535165606152,0.3054656175377275,0.333783358734351,0.3690075143808862,0.3626542201132849,0.3112861621238991,0.3546446324999266,0.3542278780086398,0.3234877603751869,0.3139849054832844,0.3486525711294774,0.468580685554258,0.4283722390270981,0.3427813251992475,0.3194277333173296,0.3632309888457996,0.3863011725683876,0.3528977795299255,0.3416685720354451,0.3524135848182474,0.3547334206095058,0.3779743019873862,0.3880479887725059,0.5693446669264937,0.492281425379538,0.4334525404901121,0.3760912381826387,0.4538655146261234,0.408797452601803,0.5052315805042866,0.4189055032265329,0.3809291836437722,0.3096290980246614,0.3672517843909446,0.3438020051892287,0.5667382245107824,0.4880943281563183,0.4121746115435343,0.3757212550260433,0.375108375129912,0.4091465905327673,0.4903122948373486,0.33138722187838,0.4238413520662973,0.3575621512686027,0.374589023805882,0.338104773794349,0.5143116476761733,0.3253131557366728,0.4218392598683671,0.3376437127002489,0.3461515422571679,0.3571822743935371,0.5000872814232054,0.3424501964348785,0.4533557132272534
326780_3_consensus.txt,0.4936766250819495,0.4746391656632376,0.4618109607722935,0.4800517086015894,0.4634438989280269,0.4981405442154667,0.4986486923787865,0.5137755856707571,0.4866288311689324,0.4993949112585234,0.4957029977290439,0.5008565669260747,0.5973255969255256,0.5738711001225987,0.5312242985043625,0.4737459277604472,0.4724483767164713,0.497864917120701,0.6416671699480219,0.6303402315726885,0.6395863941091804,0.6736331855150546,0.6330946620970934,0.6523075436265451,0.6235351326143785,0.6188650164354748,0.6260952669359732,0.6934348298170683,0.6577984754846824,0.6480053883547114,0.6479847784194313,0.6256853018371409,0.6085376933213453,0.6727665732868964,0.6277590910070714,0.6394088103957039,0.7195951690823534,0.7247797703446501,0.7540859177821986,0.844400375878049,0.7838338156197722,0.7906566868718414,0.7093670126134555,0.7105262207840859,0.7496492629574334,0.8647804281601665,0.8091525255184635,0.804597881796596,0.765302451469676,0.7749667966033371,0.7938629196118931,0.8438130321557153,0.804722328781331,0.7826010918346498,0.4043673976062081,0.422681819524584,0.3962005664160273,0.4561739425986815,0.45795282709663,0.4351649373619821,0.4002439998529503,0.4414830335877511,0.4207302717429115,0.4721980273540964,0.4768726168001684,0.458850092092895,0.3957785509313858,0.4257135855987286,0.3985110382522983,0.4644137817467566,0.4613243497336512,0.4422398581757818,0.491090766291034,0.5470111100823019,0.4622259548771055,0.5504119813513135,0.5200288214369095,0.4952994783006872,0.4950945849033559,0.5126363676063797,0.5274523846218244,0.5158172303939743,0.5478980820070305,0.498868919972125,0.5437529405395765,0.5353989447562597,0.5209171979462965,0.4990211004695801,0.5014889608482456,0.4996587313773872,0.2051239219070808,0.1891499426630787,0.206022526088244,0.1915926647041885,0.1912224733639931,0.1903294866530736,0.1910106281150625,0.1972142295271233,0.1849607544834235,0.181088531110042,0.1402673320896781,0.0,0.1427143775590877,0.1634469066557606,0.1490085741957898,0.1864461928022045,0.1896949347471626,0.2047246826932571,0.4418351866363821,0.4442191601699718,0.4531015629162063,0.4288594906458129,0.451069780043916,0.4670200736901968,0.43747589653006,0.4577928348142492,0.4526683914279914,0.4288383463550644,0.4645881655861394,0.4755203224935371,0.4418447889171197,0.4598572722542258,0.4277367408118095,0.4326636511418869,0.4606524345072849,0.47367495469895,0.5116937157376498,0.5728619634488581,0.5639723737755062,0.4981717944735848,0.5541230981456664,0.5483815376998002,0.5071724292031305,0.4979693701566035,0.5462940227806534,0.6399831616699814,0.6011433111693307,0.5346403864489417,0.5086087343351053,0.5652853232470676,0.5907012874508055,0.5560072072441287,0.5349960036909671,0.5475543819208362,0.5424375115997151,0.5687223709558609,0.5822130567775261,0.7940577308413914,0.7035115201949829,0.6350523872311093,0.5688057151186605,0.6597859634377201,0.6111341250841811,0.7167015077885424,0.6174809468719289,0.5698667007353357,0.4880627693000789,0.5573091577111633,0.5292870575373563,0.7899041252100503,0.700323132764602,0.6102884716351369,0.5738279987971993,0.5642252509222168,0.6076659068490464,0.7073938630092726,0.5098348204761329,0.6270673771825059,0.5482077715043125,0.5599094838843008,0.5220724733650002,0.7342788978994932,0.5007876322091,0.6256704791383356,0.5262672242236555,0.5301162431894255,0.5504919142036115,0.7136983644652624,0.5288556570366261,0.6631158641156745
326780_4_consensus.txt,0.343721546836278,0.3297145216009092,0.3144605402868023,0.331650419751675,0.3180191870746895,0.3502635734081067,0.3494215167811489,0.3663212504021267,0.3404580559745369,0.3539841725744921,0.3459075058924554,0.3556041753382502,0.4333398372036967,0.4086737212812821,0.365586722299021,0.3253373295655777,0.3249028145748234,0.3479152576341739,0.4531926906010959,0.4507844035916974,0.4523252112468441,0.4933437474399049,0.4527184835412186,0.4652564254229041,0.4383371901525699,0.4381609615650426,0.4414297236357853,0.5098601019843265,0.4743065728702405,0.4661132487308705,0.4620776555876986,0.4448942697896179,0.4258470453431151,0.49429077275623,0.4466197296312444,0.4564467153483917,0.5562975181267724,0.5612219932915181,0.5894068268622483,0.6807062333694169,0.6185323317458327,0.6252811744027937,0.5451818244360425,0.5469135407033363,0.5854231393663945,0.6971070657603065,0.6457824788123006,0.6381066321724873,0.6016118905370469,0.6085584311756449,0.6268382765263851,0.6799074727792274,0.6369951631739355,0.6160721740244384,0.258920556134889,0.275270885669066,0.2574932201106037,0.311502660538828,0.3123640523470996,0.2895759203521351,0.2559208650374138,0.2904090737245361,0.2742710187476191,0.3236087644907428,0.3274106365082083,0.3084519114624768,0.2493329475195693,0.2768331476177508,0.2593001701551713,0.3188737981489318,0.3152678077743402,0.2953458112103675,0.3223948942027057,0.3717052327854269,0.2989176284186499,0.3809181407809205,0.3532791237544757,0.3278594036490787,0.3258541993499264,0.3481140731499366,0.3615488627405767,0.351734428819487,0.3792919902942131,0.3360223779518492,0.364268338081338,0.3747932057320113,0.3569301745347886,0.3376072741940312,0.3398573661999791,0.3284753368271325,0.0749223137382664,0.0682697605803781,0.0782802094097014,0.0774537933544117,0.0745798932972761,0.0706625504714892,0.0638850002086499,0.0782107714460735,0.0672700975405291,0.0583521491316432,0.0358444378928872,0.1427143775590877,0.0,0.0462701963196394,0.036054476479812,0.0729301418751582,0.0699230747670256,0.0910726679422353,0.3001854508882431,0.3048176228483825,0.307084226537146,0.2853922575954115,0.3097867842477591,0.3259677001959495,0.2925776012214633,0.3156177964319866,0.3055230119761134,0.2861898123535979,0.3265791382153544,0.3405967698107091,0.3022988038688865,0.3225901731142144,0.2922451313299454,0.2861362651292758,0.3193432289153932,0.3316798711369699,0.3713783221749906,0.3996734033801594,0.396732016463833,0.3405599747348695,0.3910534469484972,0.3862977842092334,0.3559816006252525,0.345151074852307,0.3798002548504229,0.5044238165117214,0.4605237512665994,0.3700601254489477,0.3503478115947409,0.392052106866732,0.4169617377205057,0.3873681175506753,0.3704994015647642,0.3829692551272678,0.381393686209698,0.4091007194587526,0.4193157533926133,0.6161916358535855,0.5320655361496378,0.4687522401631305,0.4037620343087518,0.4880395478005823,0.441019375355058,0.5484008552896924,0.4555945289468255,0.4100853111172,0.3318490954717923,0.3941657321598271,0.3692155614863388,0.6136336688376538,0.52936961060567,0.4471052449028825,0.4146191835914443,0.4105793858278446,0.4524049863650035,0.5451649936051979,0.3607990745809744,0.4683094261752956,0.3915839082548658,0.4052379840349118,0.3677500139063028,0.5716334172206317,0.3525581619468951,0.466116737513417,0.3703800587288768,0.3748607177397858,0.3937073258593955,0.5561859171808763,0.3753897532089638,0.5007976811220942
326780_5_consensus.txt,0.3106448646702056,0.3040306324770014,0.2960427858474652,0.2995074274051319,0.2969187387203646,0.3256916856886676,0.3130246391138165,0.3360410482917757,0.3165928488715934,0.3217146874571313,0.3167287585409752,0.3313723566518511,0.3840081360826559,0.3717036066373644,0.3390533366610597,0.2973841032814768,0.3023593013005197,0.3230189344073366,0.3930087238731801,0.3849315993178877,0.3931199366682811,0.4091660038127642,0.3862641109884279,0.3997108458665259,0.380275274621475,0.3728441638245066,0.3828606306732673,0.4164078784520768,0.4002747818507686,0.3955260071967927,0.3959160486077522,0.37456419731215,0.3652991298995616,0.4111125229399448,0.3809369524002264,0.3908162802351995,0.502664434372786,0.506681796804962,0.5308129175987801,0.606769456782839,0.5549472633212069,0.5616477655664802,0.4919445570206342,0.4909978017455607,0.5263388976560499,0.620630712181331,0.5780436151419082,0.5682606263428127,0.5410374181197071,0.5461286875003708,0.558423554435258,0.6072184580743532,0.5720324995110957,0.552565944612315,0.2059929313197415,0.2168176991557935,0.2066223218511069,0.2390748878931816,0.2439873887348689,0.2269352331561158,0.2030176170974051,0.2269191671876029,0.2199123140255778,0.25079882376167,0.2555435750151957,0.243232598381013,0.19828727329757,0.2174254099084613,0.2097562779400164,0.2445886446013752,0.2465288178530968,0.2320576957065725,0.2920113992761344,0.3358897188512912,0.2807373949730234,0.3334671622285547,0.3071558491483372,0.2953878231941615,0.2939264241815493,0.3158526379796456,0.3268540087049345,0.3064536839214149,0.3263990144046786,0.29546869377684,0.3273342431868116,0.3502111245788804,0.326257852101925,0.2925850409616828,0.2935040532857798,0.2919601421921882,0.0610191868337182,0.0439464304698979,0.049604645528742,0.0353716793404217,0.0353043059254929,0.0327334201099418,0.0419839267827271,0.0388665313500844,0.0365574479354826,0.0261173536817516,0.0257353635777235,0.1634469066557606,0.0462701963196394,0.0,0.0260983144757318,0.0368265402577776,0.0386820180505154,0.0925984402879507,0.2585813714407301,0.2582238634763456,0.2625796236639068,0.247018956764041,0.2645895721083384,0.2751484124760779,0.2528893514480579,0.267043540197541,0.2604705876455,0.249419237897662,0.2764941677497958,0.2895802864995431,0.2595663894498301,0.273025221373615,0.2499248287701618,0.249064154604838,0.2715257862496756,0.2812304305963522,0.3110384774267629,0.3379630263096942,0.3304240534627922,0.2865461202221766,0.3249610699267471,0.3248544917972822,0.2982342381819762,0.2905971340169877,0.3186312510284033,0.4454615778454673,0.4034221694929485,0.3155838435863174,0.2933046600908824,0.3325170776074486,0.3538206937346047,0.3224449001493106,0.3139044673568811,0.3245487815652197,0.3239455747966566,0.3449058185376685,0.3544030440220105,0.5202791439653183,0.4496347677803385,0.3959077363553049,0.3428679547673035,0.4145083347361762,0.3709250708846667,0.4608716674952724,0.3820981053363681,0.3483097297890261,0.2844785654810806,0.335564122442058,0.3144884641428085,0.5180467197170344,0.4452326013056833,0.3763710934344928,0.3402106720303237,0.3440641460808784,0.3718033869743529,0.4434443463322779,0.3084668727080739,0.3837074684889892,0.325151209265865,0.3439547288071551,0.3092871824945078,0.4648721854947624,0.2991182347670431,0.3814537320158422,0.307289129771263,0.3189380232447547,0.3249016657457915,0.4529722742434998,0.3129054254652565,0.4109116393598206
326780_6_consensus.txt,0.3219761393156481,0.3115112354947342,0.3005367783557524,0.3092129728126593,0.3035381091771612,0.332416164088837,0.3242072857650022,0.3451367761989168,0.3229682660404762,0.3312610873199375,0.325186417024927,0.3377387858753948,0.4012328717500324,0.3847857036542059,0.3489577485613893,0.3057677077523735,0.3092400300934983,0.3301208667305566,0.419866470567154,0.4129688387115031,0.4194386611871223,0.4438130916603313,0.4146375790866834,0.427865921170639,0.4063182720618812,0.4004999985200612,0.4083848706972048,0.4543919296491268,0.4323757349260226,0.4249144559636519,0.4243825900057132,0.4038590158610695,0.3914996662516898,0.4452159171196257,0.4089857892986188,0.4191826956444018,0.524725710228882,0.5292181156943947,0.5551892331611974,0.6365979736715381,0.5800441552946047,0.587850983058658,0.5132994275973211,0.5137555976327022,0.5505448027613511,0.6517479094786864,0.6053195815659542,0.5964894844072717,0.5655526603454746,0.5723436755327924,0.5864915778669548,0.6364631629484947,0.598352168190285,0.5784882543543866,0.2224078478201931,0.2353367242009589,0.2223963280851499,0.2628998027371594,0.2665962320567701,0.2471609594387764,0.2199384607276684,0.2475672351369766,0.2374422134648348,0.2748819760716046,0.2794555176039388,0.2644115853091264,0.2145314417065797,0.2368212836847263,0.2244633798278528,0.2698804554968532,0.2690766401806215,0.2524557454465466,0.301930657775781,0.3485289534666087,0.2849547089656745,0.3504490291974775,0.3232473812887662,0.3072985400502865,0.3035236026526782,0.3258158771900454,0.3383614479379204,0.3222599991975059,0.3448235045247543,0.3087406670164085,0.3416792614692561,0.3572600943303889,0.3346040920406139,0.3065683773575358,0.308900000442641,0.3054130375340023,0.0610949135157632,0.0481581515053193,0.0539690038027913,0.0451870410762182,0.0450223235716578,0.0414817634250326,0.0459253961818006,0.048416366927583,0.0414093415080323,0.0328459028012062,0.0236753384317474,0.1490085741957898,0.036054476479812,0.0260983144757318,0.0,0.0442128182177583,0.0449386104461879,0.0859157557399825,0.2737920103733557,0.2764391417574749,0.2789144602234508,0.2614322937023168,0.2812304191357562,0.2933739032740448,0.2689191181974166,0.2849701740131394,0.2777251254693524,0.2633058997633206,0.2956202031331472,0.3084333718609997,0.2753794835220837,0.2912039802381052,0.2647447292758507,0.262883363796103,0.2887720164914427,0.3003260103856178,0.3335141439283937,0.3638642875851516,0.3576839572805532,0.3087773508484055,0.3513817489722548,0.3496766934189992,0.3215024654656275,0.311832291758698,0.3435971328414524,0.4638904939609922,0.4256481502243794,0.3389346336263621,0.3164416530182663,0.35813138952782,0.3809693238936873,0.3493738886087634,0.3378950460762269,0.3488568979777824,0.3444880615199643,0.3680456236923355,0.3777260131813342,0.5573726071242788,0.4809722090715951,0.4232335189587957,0.3652621077891282,0.442412222513834,0.397991985803241,0.4941344724699377,0.4092268841630435,0.3708373421597386,0.3000435872079308,0.3571315379485504,0.3343864889909014,0.5551147029144445,0.4774203850336391,0.4021992153463465,0.3681392554920037,0.3674898497424834,0.4000969793650881,0.4813474919697142,0.3262479653959786,0.4150287789261,0.3491866193549136,0.3660447891684484,0.3305290919124957,0.5052434760418514,0.3173588968515162,0.4123090554223552,0.3302020104495717,0.3386055456491306,0.3500743443733078,0.490600322602674,0.3346551143226755,0.4446841443294147
326780_7_consensus.txt,0.2986298250460457,0.2980147460360314,0.2944660601267657,0.2902710767649878,0.2945296357097504,0.3233281310566447,0.2998945645858342,0.3292864742881534,0.3121185918536717,0.3104180482240828,0.3081913588241853,0.3257217218266781,0.3670574958724373,0.3643052126969515,0.3386200803011405,0.290029506482405,0.2991803971109803,0.3175564050936259,0.3344742340644089,0.3199928396387719,0.3371016439916516,0.3317502576950559,0.3209014776870518,0.3375033518365242,0.3239147146884527,0.3102271555260074,0.3279522535452486,0.3390672317507253,0.3316236151158627,0.330396800947895,0.3341819165069992,0.3096768290461611,0.3067757178230863,0.3325441881599502,0.3174311203386502,0.3273785463591707,0.4597416146182347,0.4641206469607937,0.486202392385394,0.5506377265540792,0.5037993732462667,0.5139413013043495,0.4499891141147429,0.44964619996761,0.4824920184639083,0.5638871091412483,0.5260567323871079,0.5187778597573853,0.4950655174910991,0.5017234841775924,0.5109490058871309,0.5516183497524558,0.5212503432544509,0.5053192776107451,0.1819368056183279,0.1848996689971329,0.1723283191100861,0.1973689226899964,0.2020087246198159,0.1893967033115231,0.1803256088772116,0.193324606977967,0.1858551722413537,0.207921672993173,0.2107960719973398,0.2045791313136291,0.1763443604398809,0.1848834243515007,0.1751024214477787,0.2015476072875941,0.2019940088257215,0.1929764947195629,0.280367448827306,0.3234760247963066,0.2824974813170477,0.3076399227961666,0.2835952164636062,0.2795631749440872,0.2804020720267353,0.2990729531192748,0.3120044507917541,0.2821670250960544,0.2954277930345093,0.2719096898849145,0.3103948107603358,0.3340853573384628,0.3117094381881387,0.2668583792024428,0.2678420578362548,0.2751409504957891,0.052934953302806,0.0295320856361911,0.0330178180565567,0.0227492053186786,0.0239739856616267,0.0247608032387844,0.0322038409957166,0.0254588861505311,0.0248830841778122,0.028602211959587,0.0456886535100231,0.1864461928022045,0.0729301418751582,0.0368265402577776,0.0442128182177583,0.0,0.0267788432707405,0.0980104470139906,0.2095160479356721,0.2099634110271075,0.2153736745625565,0.2020404760400822,0.2124127884049684,0.2206297548522791,0.2039284902661862,0.2144064058583907,0.2125257901997663,0.2100992946054383,0.2265617985916606,0.2386612829997751,0.2099196732280255,0.2202996283454439,0.2029517068021178,0.206701139315534,0.2182213176770275,0.2276138203434143,0.2844542047091849,0.3133549916946911,0.3063789108010653,0.2679489163298534,0.2978345424823132,0.2983805802140082,0.27110478573967,0.2675973161872846,0.2945769953992538,0.4170612789377337,0.3746712941557533,0.2922314774270198,0.2676614777130446,0.3086962492566769,0.3306936061547105,0.2979718824661681,0.293313107656747,0.301084502778842,0.2819714056097879,0.2958844567472063,0.3065566881405672,0.4510631058976422,0.3879810134408288,0.3419036083256195,0.2995964892147356,0.3608304334252139,0.3211112837534848,0.3916532540976405,0.3240165073500733,0.2976393320698847,0.2494418227982997,0.2894736569978846,0.2727579927489145,0.4459805452703698,0.3824266765209856,0.3224327085735652,0.2773487778047467,0.2869874303397743,0.303212856733424,0.3538112810551084,0.2685596402821311,0.309391256658877,0.27067159512114,0.2938125972548029,0.2665388349594977,0.371124134770298,0.258184968881654,0.3057348348816262,0.2566472212063324,0.2739074947080624,0.2685801733284734,0.3583401391290763,0.2647207314443136,0.3297948259975882
326780_8_consensus.txt,0.2924598755020255,0.2908161089759709,0.2851343071528305,0.2832088460192636,0.2856720544027737,0.3153024205929711,0.2945718015839738,0.3220876324680262,0.3020467603064176,0.3059132012329115,0.2989677493250049,0.3194200287843252,0.35994677037203,0.3547447080578934,0.3250013099957272,0.2834046179457985,0.2901109040274576,0.3098188604333316,0.3244697643793728,0.3119172766763434,0.3269529081689022,0.3285192335871159,0.3132735138012847,0.3279696196651969,0.3137779661596696,0.302147718568321,0.3167650270836049,0.3366696190542981,0.3257397905777388,0.322313879577127,0.3259447673630617,0.3034045453531533,0.299296607847527,0.3290909016748529,0.3090276550480446,0.3198271739994851,0.456155147566001,0.4611922304276952,0.4835140927959358,0.5515818847149205,0.5025584117353397,0.5117917513949237,0.4462836273559496,0.4454629263818752,0.4793256848469092,0.5648345606860907,0.5257729655142924,0.51787272966126,0.4923564663001478,0.4992541722405121,0.5103301553687594,0.5527503000234582,0.5196011369355809,0.5033495889522079,0.1786494162350287,0.1823690535899373,0.1686692758306343,0.1986838998443296,0.199510548561772,0.1866616403269319,0.1766722955947983,0.1907858275700071,0.1807891642983286,0.2081154210737636,0.2082527437637296,0.2009359445422944,0.1723491678598492,0.1815830443910151,0.1704961565771015,0.2026907007474143,0.2002151274039825,0.1900610353502543,0.2701787479856534,0.3133021884977189,0.2698373888597132,0.3003074701669312,0.2769686637212416,0.2700757229083237,0.2707327934220345,0.2900515731836606,0.3003454463930097,0.2757674635845184,0.2893010692850133,0.2646169335435004,0.2992181616718596,0.3217800636845176,0.2990704372267245,0.2614779267074425,0.2626870513416435,0.2658653562491651,0.0467795605746559,0.028984487782651,0.0322575322147002,0.029234525610768,0.0274669815759835,0.0277080052765654,0.0310545526591496,0.0278983054318935,0.0276792931784797,0.0308165836045155,0.0459743200575282,0.1896949347471626,0.0699230747670256,0.0386820180505154,0.0449386104461879,0.0267788432707405,0.0,0.0894170543974581,0.2087151508913756,0.2089077961221299,0.2130621929233846,0.1985066870795364,0.2114171083681597,0.2202131129757703,0.2010101241732762,0.2126470388852901,0.210300702474349,0.2083333294162699,0.2270083081707028,0.2397655993495249,0.2098147823880047,0.2207630411078618,0.2028131432233912,0.2024223825439577,0.2170439215062067,0.2272112412790647,0.281241658340214,0.3073017517580787,0.3003960834467207,0.2617215926542755,0.2928142459513196,0.2937243841553894,0.2649878826407779,0.2612710793062582,0.288337097199161,0.4144906442723979,0.3732165622378893,0.2861935150570289,0.2643859333725586,0.3029510732007949,0.3229918161221228,0.2933920161100403,0.2876925869054219,0.2951006153949151,0.2766663401067717,0.2926925950812915,0.3027293741599344,0.4521793289608169,0.387809584276134,0.3387348997373465,0.2941265942128233,0.3567013100793126,0.3166316500333721,0.3928747472309233,0.3233340469543719,0.2945250640807089,0.2440440011945277,0.2854806961077791,0.2671976597618339,0.4472469613816159,0.3829166619455293,0.3198484646500716,0.2785657783760378,0.2864102590847963,0.3055693886138968,0.3595436506969314,0.2664109145728304,0.3120466580231564,0.271328534948978,0.2932380299362549,0.264030485355434,0.3786887226936954,0.2576195078573171,0.308521639389621,0.2564609258602282,0.2725309595857439,0.2701887659318132,0.3660274989176848,0.2636601822861593,0.3332792144387397
326780_9_consensus.txt,0.3638938988537212,0.3520608690414448,0.336834689800952,0.3484865123530305,0.3404291150795266,0.3736647902812144,0.3674396569925413,0.3851116608805611,0.3571989302703713,0.3737344518955652,0.3633745690442147,0.3762128714968149,0.4423357151009384,0.4226099045681302,0.385549994262778,0.3488336751287733,0.3483390354003077,0.3699448598568757,0.4343716937456605,0.4284013602016578,0.4317026548044964,0.466524615409515,0.4301987916402794,0.4418974774919704,0.4190301104745444,0.4158989184315764,0.419843298606164,0.4849597166147994,0.4521023448563674,0.4430205645189744,0.4415785751492294,0.424387417108008,0.4091795637679993,0.4670977800840603,0.425000196835839,0.4359721863026067,0.5506812047246292,0.5567938963621302,0.5846357343523074,0.6683165673589144,0.6080092160527677,0.6186291294353801,0.5392306910950815,0.5409692081456114,0.5794418977352045,0.6839886431742563,0.6353497842894242,0.6282130878457437,0.5946441498908293,0.602165590715714,0.6192940724225338,0.6659101578007949,0.6266054840470012,0.6085181253039522,0.2577036009692861,0.2684501030663924,0.2475445318989315,0.2976335766491615,0.2960957810006945,0.2780891842760198,0.2534749505301832,0.2806948229484405,0.2627165646591436,0.3082262383190475,0.3086631329366653,0.2941870352665958,0.2487392432042199,0.2695727040065101,0.2480394404182959,0.3045598690343212,0.2995313705012101,0.2825723370789319,0.3323380357990757,0.3748856180245141,0.3140811912451333,0.3769980447583307,0.3536088305438909,0.3334427057651261,0.3307446321178275,0.3479395867631858,0.363530368811368,0.3524635010139576,0.3732945105552545,0.3378444344668416,0.3659254219901484,0.3686788184919329,0.35648405959234,0.3382153099956184,0.3410182740776228,0.3358578128060685,0.0878247444582918,0.0893327489941029,0.0943022882563191,0.1080927226927954,0.1047883101340296,0.1002432082737101,0.0881133926964281,0.1012471529915579,0.0955255476876146,0.0944763401565609,0.0870685461198057,0.2047246826932571,0.0910726679422353,0.0925984402879507,0.0859157557399825,0.0980104470139906,0.0894170543974581,0.0,0.3099901416331505,0.3162680513431617,0.3143078093406615,0.2940789131213961,0.31890909540299,0.3338045373482465,0.3012857591708417,0.3228444506277768,0.3147756770268017,0.3048796115138472,0.3407362516967822,0.3549664092142279,0.3147488262151903,0.3350278444133749,0.3062672623082108,0.2991689271833984,0.3273652036334376,0.3409010145884181,0.3800287417467913,0.4075002953169537,0.4011603166032387,0.3556771234357541,0.3955628446024306,0.3925699710293067,0.3626701062740558,0.3540915445213528,0.3834624045988555,0.5063563870085233,0.4615104924659619,0.3840790698944154,0.3623284042077159,0.4008973607060291,0.4208580411854825,0.3958362072129731,0.3839252386180476,0.3938479831036545,0.3774925398070579,0.4058837486415889,0.4123946150932163,0.6013439511223169,0.521677208102254,0.4598677188086064,0.3977422502382559,0.478643323528896,0.4337381138167728,0.5354784425202865,0.4513950064887027,0.4069786402220572,0.3353656138633099,0.3944024206368368,0.3712513473475667,0.5966528872592036,0.5177545481981873,0.4382094937075962,0.4174417538185544,0.4149927985552111,0.4515713956965399,0.5355859250335406,0.3735823733600831,0.464720212506748,0.3983461505623218,0.4129718654507179,0.3815450719926971,0.5581848547576911,0.3676276568428278,0.4620590159055737,0.3798299435715719,0.3885470957810781,0.4012749503044048,0.5439495656671696,0.384965153910322,0.4921354331982606
326797_10_consensus.txt,0.3709736744175664,0.3812513350540918,0.3835707242225155,0.3724935624348831,0.3784215987696342,0.4126007732156651,0.3749481723948449,0.4170111386308974,0.399081360170836,0.3960606672012901,0.3871668757689832,0.4207549920266409,0.4222944705409013,0.4267401673929214,0.406433271245902,0.3691787634951922,0.3807576774112213,0.4061544985838985,0.2414030385646413,0.2248772725102839,0.2488093140155669,0.2308892684439669,0.2278254297291795,0.2426594651338298,0.2394442405800063,0.2208173868172771,0.2424796258205503,0.2400000776488511,0.2302109335171422,0.2321934590746259,0.2365641118474855,0.2197935438756957,0.2222717696024396,0.230647609202645,0.2257293992593254,0.2316712953551309,0.4483723713836731,0.4539717037023116,0.472144533221936,0.5271461726263453,0.4847689413407785,0.4961902437872112,0.4412854062527813,0.4404998143570537,0.4688079263055584,0.5367388634398438,0.5060575996512213,0.4987422786993853,0.4791367235705586,0.486338617234189,0.493967261364439,0.5292700286730287,0.4984871875566874,0.4896400501046472,0.2523379192397854,0.2456650589201139,0.2334955656991937,0.2562987759995572,0.2525522975715724,0.2427635112514607,0.2556593208110129,0.248483836704743,0.2372820124093166,0.2613352232257675,0.2531609610329326,0.2516307878633732,0.2511604939216632,0.2414341281088923,0.2361968301825143,0.2573278615763712,0.2471362841576159,0.2431248086060158,0.2975187319008689,0.3355424885836591,0.329698976141362,0.3142190952965258,0.2965357674379589,0.2951765743118528,0.2997152900524824,0.3143045342328676,0.3349097957442666,0.292477332199283,0.2988073963786526,0.2844070289549414,0.3119948814122466,0.3559861526168575,0.3324050055514291,0.2853864996342103,0.2846893134551109,0.2880881152774321,0.2241911406271448,0.2072613048383971,0.2007806553817843,0.2163779886191008,0.2144157030305145,0.216229627318615,0.2075165112054229,0.214298453380529,0.2057964863603274,0.2275015491427972,0.2790436958613931,0.4418351866363821,0.3001854508882431,0.2585813714407301,0.2737920103733557,0.2095160479356721,0.2087151508913756,0.3099901416331505,0.0,0.0352255331752218,0.0392391532172951,0.0405384375620982,0.0355476216976882,0.03868409337284,0.0336200074830124,0.0371853456120376,0.0416436729759013,0.038775839260694,0.041637032809831,0.0448679933171831,0.0309768255589268,0.0384123851709787,0.0358940577548594,0.0408040902024033,0.0368013288805357,0.0378930031108488,0.3463705058069806,0.3376658253144846,0.3385024584150571,0.312458066341879,0.3340061172504782,0.3306845272675041,0.3125555234654058,0.3187470894145576,0.3258207185216406,0.4811152505947476,0.422005547680051,0.3206986465606505,0.3020917840571187,0.3293309356321892,0.3536328238840482,0.3282317942418586,0.3274887011272973,0.3323857941057824,0.2878375746437669,0.2948736176424837,0.3022982972799717,0.4031671682193618,0.3590590190042881,0.3237274654683375,0.3001785869615787,0.3366849659586783,0.3078738129758704,0.3522233704834328,0.302955152834425,0.2877264405296138,0.2678361918237613,0.2817840312511315,0.2730725421098405,0.3992164588760865,0.3528484074154221,0.3141911467745757,0.2429656526782153,0.2663479409557183,0.2634680018061281,0.2809109757653587,0.2840680495913119,0.2616353064927814,0.2446314644792764,0.2751528649326857,0.2612084223062965,0.2948743432881215,0.2701325149354794,0.2546721817687185,0.2410794069465467,0.2637325766416296,0.2459655424106586,0.2850290514044538,0.2582485438355526,0.2678823477836012
326797_11_consensus.txt,0.372484686262144,0.3835082972865642,0.3862655758201008,0.3735235776804764,0.3812987880482943,0.4159636402108617,0.3761314068060812,0.4177501089929869,0.4007369629081196,0.3971639426019102,0.3894522350726532,0.4220859789283011,0.4223344002957816,0.4287184982211833,0.4100304040258002,0.3697051889195144,0.3820831771580479,0.4087307134645783,0.2451518572231741,0.2282481291238518,0.2526182930139029,0.2309874561586262,0.2308011126823501,0.2457095209617357,0.2439023643233326,0.2254047055314529,0.2466520114560388,0.2387862270398066,0.2325582340144834,0.2340280154097982,0.2390965560186764,0.2220463493417845,0.2256282345383091,0.2310639024054346,0.2280852362656134,0.2331526661072693,0.4565851165801575,0.4623715437546778,0.4787497073798583,0.5308739682966497,0.4913384536975052,0.5027399395576175,0.449663557292741,0.447572000599429,0.4759629709408415,0.5407842608589029,0.5108571692483928,0.5050310939697233,0.48585291870247,0.4920526748628155,0.4991947651123709,0.5341186821612354,0.5044122595553695,0.4958435908168397,0.2539549972340396,0.2469496239500728,0.235871322892283,0.2553562039569286,0.2531725620712279,0.2434710628093697,0.2576111936285592,0.2506127041363299,0.2407194653789304,0.2611804430394322,0.2546390321438387,0.2531624009934745,0.2532658793856726,0.243408794260155,0.2386070518939149,0.2573952152066248,0.2477047032075177,0.2447604550157898,0.3040410593015465,0.3449498974880818,0.3387504851020644,0.3193106663552072,0.3024677838090071,0.3033307308026636,0.3088390795319569,0.3244484789104724,0.3414391061838167,0.2973041827248721,0.3048111305704104,0.2904517956453176,0.322371680636877,0.3654517316493368,0.3419780160360126,0.2908769002887013,0.2908585092417652,0.2942929605905497,0.2286101270758891,0.2089903005721467,0.2032283747400391,0.2157965547326483,0.2137121419365222,0.2161888170259907,0.2104215018012212,0.2148257796691233,0.2069896122196937,0.2287192739050638,0.2799849804998935,0.4442191601699718,0.3048176228483825,0.2582238634763456,0.2764391417574749,0.2099634110271075,0.2089077961221299,0.3162680513431617,0.0352255331752218,0.0,0.0381426474511883,0.0410650343911846,0.032454767424074,0.034310397055151,0.0380552831203679,0.0305050629649308,0.0419573487623381,0.035058234179548,0.0327134081779831,0.0366968275484396,0.0316410832535325,0.0287515329276075,0.0325812019216975,0.0411151109228811,0.0324569690518927,0.0329207282974657,0.3450408121551938,0.3414077905803623,0.3423034913537748,0.3155008019525525,0.3368826776902089,0.3351996544734099,0.3143020980132363,0.3209404638506292,0.3302648785112652,0.4839906062659125,0.4245961416703849,0.324669938865668,0.3047452307065832,0.3338593399602203,0.3579648858083679,0.3312305482754887,0.3310045894329576,0.3348697532727911,0.292813875741313,0.2982703773582251,0.3066279442722148,0.4048271610934648,0.3620880508114368,0.3274236337748526,0.3052673377401014,0.3415705391062857,0.3119902357493309,0.354362248932965,0.3062107285809254,0.2912815098509966,0.2726322387455084,0.2865567334930503,0.2775002771231456,0.4018498737833056,0.3561876606672918,0.3180435993002461,0.2450714920979173,0.2676536808263776,0.2643650490541738,0.2790077186355688,0.285983817542494,0.2624055608347895,0.2464558559900673,0.2798896253941763,0.2642334317020172,0.2934588193526721,0.272292107600883,0.2557232317598163,0.2435069790258026,0.2680629273579917,0.2484956055123923,0.2829655436670784,0.2591197608258788,0.2684485461909354
326797_12_consensus.txt,0.3665178419028407,0.3778016807141497,0.3804781996587323,0.3687195667826906,0.3752884919367503,0.4094900510432779,0.3712951862735707,0.4115316011883756,0.3946487765427982,0.3923687371030198,0.3824691497409347,0.416622563282317,0.4140271313029409,0.418504556873966,0.3983008528390286,0.3643817967693188,0.3763832117942236,0.4021215850799393,0.2354156062903278,0.2198577489291224,0.2424381103742128,0.2259120784143782,0.2226341972254033,0.2355091537285432,0.2339019780856865,0.2160396848505144,0.2358140666352888,0.2337137616046476,0.2250012835650494,0.226215823914508,0.2305522434121201,0.2149143313191004,0.2170613701500201,0.2266085136284026,0.2203639726739084,0.2255644108573449,0.4485735772622483,0.4542091410299491,0.4718795099961177,0.5251031059619677,0.4840400213795242,0.4957213875301391,0.4410416234683012,0.438907772055721,0.4670097834163158,0.5347719299894891,0.5047125367006444,0.4969922513026645,0.4780994049769873,0.4851363777721431,0.4920073515811651,0.5276471092775061,0.4980078131085825,0.4881687117611513,0.250454925297852,0.2438870291479773,0.2338301810898784,0.2551664040092802,0.2514972808318845,0.2412892340886152,0.2542662720325666,0.24663595309271,0.2365328271325246,0.2592744983697557,0.2514799473678728,0.2493719777397487,0.249604118302436,0.2400208390709224,0.2363293150175742,0.2562498463559386,0.2455416393332896,0.2417858642458732,0.2903552220112289,0.3293469777134312,0.3251666460190598,0.3062852162339773,0.2897456512093512,0.2899470452965467,0.293659825327353,0.3092780796300154,0.3289863599611848,0.2864371688009974,0.2924055112810251,0.2789271900904495,0.3056929565804651,0.3523545551888638,0.327304735069184,0.2806634923272852,0.2795555964867056,0.2826629790526453,0.2296226074506222,0.2133427888054377,0.2045459724422187,0.2215302462238675,0.21928793531184,0.2204971988011053,0.2128944608996867,0.2186761115838109,0.2111693308323801,0.2308353116903845,0.2845324910562041,0.4531015629162063,0.307084226537146,0.2625796236639068,0.2789144602234508,0.2153736745625565,0.2130621929233846,0.3143078093406615,0.0392391532172951,0.0381426474511883,0.0,0.041781360915408,0.0382155773098702,0.0413457166135131,0.0407243429644132,0.0398185210294741,0.0384802175875407,0.0405777143140611,0.0443769036264249,0.0484001982008095,0.0383365947203273,0.0418899013621434,0.0346530081577505,0.0423101205100415,0.0380998907578344,0.0401029040059661,0.3465181844896463,0.3347988244395132,0.3364057173841033,0.3128610895278285,0.3328884019815206,0.329833422904322,0.3134755354992862,0.3189790264457812,0.3232976412064481,0.4834698376192605,0.4228308464102319,0.3201298626299049,0.3015968082326701,0.3267826335296746,0.3499014036498451,0.3255019170167514,0.3258727846054761,0.3309638373936039,0.2862729300998197,0.2935028469157785,0.3005979325759895,0.3981297501773433,0.3554838167298939,0.3214562412511981,0.2981729535425508,0.3326994753215082,0.3050863017527518,0.3496002544757139,0.3028530465788712,0.2866365386834566,0.2677881267117143,0.2803988220877897,0.2727754611828956,0.3955755750795262,0.3497219789006998,0.31225092279616,0.2435608240340485,0.2682775269333639,0.2617811913147676,0.2813142018771799,0.2842931158949646,0.2624911405173122,0.2437085191034214,0.2745553227748338,0.2602561779867685,0.2948602292845841,0.2709157285986379,0.254615902132997,0.2414845827377263,0.2638341590912176,0.2459604224811045,0.2853521907299097,0.2580619090853027,0.2670642490101826
326797_13_consensus.txt,0.3601076452703964,0.3686605590774547,0.3693476157870279,0.3617455381018466,0.3645218630782239,0.401343564738962,0.3641564309447673,0.4041697133006039,0.3847814494175807,0.3849756796126939,0.3737138546893845,0.4080742329418143,0.4116371975229143,0.4145806365632722,0.3925508512601112,0.3574742261449231,0.3676294860206965,0.3944587299953674,0.2304625614959619,0.2154139243836823,0.2359017776015406,0.225955073784398,0.2186720242045652,0.2309851945519909,0.227828678424327,0.2110515041927243,0.2293563311291109,0.2364541779434787,0.2229850965934261,0.2227198152165712,0.2271599582510859,0.2116563922866063,0.2114914694935734,0.2248399057433445,0.2158709125321749,0.2224546819437769,0.4383949316811382,0.44422643357656,0.4623589305432638,0.5199404474957774,0.4753085000525168,0.4876198215291758,0.4298600217843926,0.4295021536516366,0.4588099882670349,0.5297448912649187,0.497536731472298,0.4911096650198203,0.4702687847763229,0.4772596027551188,0.4855262783862102,0.5217395773945945,0.4893655924528985,0.4801895344404912,0.2394911929796386,0.2346342813517523,0.2207743603920775,0.2481845751382003,0.2433177065307106,0.232521652700985,0.2430872943906941,0.2382888629379742,0.2252552871412803,0.2515339871643114,0.2439551411349825,0.2406560566537052,0.2384057235198504,0.2304347154491282,0.2229191554845897,0.2502549051952059,0.2378988050644892,0.2326032193369513,0.278260950950834,0.3163964217130939,0.3086303801095198,0.2968511882806908,0.2809510318809352,0.2763358843993764,0.2808855790680127,0.2962348647500903,0.3146280664391234,0.2767745493054008,0.2838728204897265,0.2675217949995812,0.2952505991930714,0.3345889029829756,0.3141544271635013,0.2707531520104282,0.2699427142482591,0.2713556045613075,0.2112306425404071,0.1980887393545138,0.1897681126639732,0.209566146796007,0.2076200497077351,0.2085069693380603,0.196660519556687,0.2063733330388864,0.197957382377055,0.2180395708579112,0.2673252929285965,0.4288594906458129,0.2853922575954115,0.247018956764041,0.2614322937023168,0.2020404760400822,0.1985066870795364,0.2940789131213961,0.0405384375620982,0.0410650343911846,0.041781360915408,0.0,0.0397695827368771,0.045117218871276,0.0402253028318853,0.0424533761450725,0.0442685979945984,0.0393227104697224,0.0507718457237729,0.056415621832059,0.0411825083569752,0.0469623117442452,0.04196595992601,0.0376212237732893,0.0411268872876888,0.0451589004456671,0.3396312800086853,0.3318233142575977,0.3325625512140036,0.3063730907596351,0.3294084997740825,0.3250623215399137,0.3067109143026059,0.3116459095014647,0.3191790236752005,0.4763062054377052,0.4164704503859724,0.3150475360404385,0.2974287694147328,0.3235986403507205,0.3456356795035979,0.3235664430604394,0.3222341795667596,0.3269805286180727,0.2814131849373851,0.2921539918218485,0.2982848620031326,0.4051865148502642,0.3591411970686948,0.3219342904906028,0.2938665341554376,0.3332105867325268,0.3037907822390053,0.3543103371227367,0.3035461122987151,0.2842617313990985,0.2609350544184678,0.2778788391561448,0.2687327011423761,0.402188311332381,0.3537720663707091,0.3123288007826055,0.2424311789090083,0.2656256982602798,0.2635897127995363,0.2865644151989883,0.2779810252928456,0.2621528068953367,0.2415384942334384,0.2717590430315155,0.2558966874232453,0.2997277873767103,0.2656316869437773,0.25522107951371,0.2378982255639457,0.2590535859416292,0.244074549950767,0.289908651382099,0.2542478024106813,0.2688992107179757
326797_14_consensus.txt,0.3765240872008668,0.3868089542206157,0.3908525483264995,0.3777973815388336,0.385782072460799,0.4206886503795388,0.3794980580487248,0.4222373514907502,0.4046427733373647,0.4016082299802654,0.3922580044981387,0.4273247527392954,0.4263032078357938,0.4326685161903327,0.4134163661764845,0.3759669356211859,0.3882436921394401,0.4131286315822429,0.2446841613925769,0.2269242943354967,0.2518491302141115,0.2297842719120097,0.2300647177563419,0.2445515440632064,0.2430851665155557,0.2225056880974492,0.2456695512952471,0.238109419646495,0.2324268690802995,0.2329207374859798,0.2392052548226573,0.221636700582426,0.2250581417650963,0.2293110018010224,0.2266947242058741,0.2334980384233347,0.453412103075216,0.4587263145111997,0.4755359994749035,0.5284457002825143,0.4873650887261078,0.4989494095535924,0.4457041200362006,0.4450777941005448,0.4728662799924308,0.5379445130328904,0.5081221011856698,0.5017654683098023,0.4830693831030999,0.4900326373890245,0.4975105461605302,0.5314532433189711,0.5013488509948232,0.4927526184560307,0.2544271420465094,0.2463977174825657,0.2344044745655793,0.2555630892913072,0.2516691411769045,0.242635496806141,0.2582095446857586,0.2493835533562141,0.2383779754174781,0.2608034268035588,0.2526819018014699,0.2512669343304985,0.2540406579594041,0.2423453432878233,0.2370104088721056,0.2566807763566316,0.2457327126184054,0.2426229587163284,0.303578754667555,0.3432279112870873,0.3386537935946059,0.3194601360352642,0.3026214128156823,0.3008847236696894,0.3077111152887752,0.3217982175629004,0.3396191967045467,0.2985477179427391,0.3030511998860277,0.2895298162061657,0.3209134384205079,0.3618820538412954,0.3404912503779727,0.2908901501526415,0.2900704219320928,0.2946619344431411,0.2302781159037721,0.2122025875725661,0.204732262515936,0.2198229649183822,0.2183326299639674,0.2203084837974387,0.2127847009201318,0.2173119313208324,0.2103522919528053,0.2331042907119354,0.2866866758544155,0.451069780043916,0.3097867842477591,0.2645895721083384,0.2812304191357562,0.2124127884049684,0.2114171083681597,0.31890909540299,0.0355476216976882,0.032454767424074,0.0382155773098702,0.0397695827368771,0.0,0.0348030014972096,0.0374705827838184,0.0338262351201876,0.0398692423323723,0.0381743814272041,0.0330375077548446,0.040150920562219,0.0341145585886941,0.0348993995648285,0.0338658919242362,0.0412422211342438,0.0291722197756278,0.0349937105969218,0.351044343834296,0.3488958851397044,0.3479640761680755,0.322654381521211,0.3421713630371421,0.3410509506503487,0.3202914836154242,0.3271141055757525,0.3361600680111962,0.4894775579215178,0.4322996627811371,0.3320099790290385,0.3125308938478923,0.3414290596099718,0.3638525683232245,0.3386436523669935,0.3381609842889759,0.3417790817990678,0.2935984329499241,0.2992922646220322,0.307443999830447,0.4052785604074813,0.3622198733780877,0.3276732533587179,0.3060223155149586,0.3409043839459968,0.3117868927147498,0.3540163545162542,0.3069721530725502,0.2925151852257741,0.2744739842398296,0.287200435331485,0.2791422048524161,0.4016245242355438,0.3555945772898354,0.3188209549451279,0.2435909612862836,0.2673933987972567,0.2619939136044351,0.276211589685353,0.286938914918398,0.2599042900044921,0.2449644332312921,0.2772044273416085,0.2626256377459945,0.2884623516752462,0.2720011050152457,0.2517165244274935,0.2426805280309416,0.2648689858601862,0.2464865726368792,0.2785844353008819,0.2581229241473899,0.2642450980691571
326797_15_consensus.txt,0.3793390791890978,0.3913250577766902,0.3956288862026547,0.3807936493889663,0.3904402170511751,0.4251796277443418,0.3810306457132739,0.4254940690903801,0.4088978058765917,0.4028937314904581,0.395740596545167,0.4300976874112123,0.4244328859504733,0.433786432170578,0.4164862253207531,0.3776446269759468,0.3912631158751374,0.4161569382023842,0.2466060319243936,0.2279938631625526,0.2539812336891778,0.2275148830513913,0.23082237702274,0.245296653939782,0.246174106583723,0.2244046412462133,0.2487090198410229,0.2329255494346469,0.2309574226476414,0.2328348865183827,0.2399351263395104,0.2212188063459912,0.2265566892830222,0.2268121772498261,0.22875933270182,0.2349733502952595,0.4591191344401046,0.4636525939290479,0.4794873013731298,0.5299157593776584,0.4908953844190762,0.5023167997832729,0.4518310632009843,0.4494210438130288,0.4764435887714242,0.5389907838051187,0.5108096786295135,0.504211139647559,0.4873760597287706,0.4937285981118577,0.499155420428707,0.5330393481236904,0.504298938420277,0.4959904450504417,0.260341051745165,0.2512831816193852,0.2410548925082594,0.2574185067619545,0.2552912332938426,0.2468831486022189,0.2645547833623247,0.2537275023305021,0.2450986198134224,0.2629048294784155,0.2553206492089614,0.2553630756185114,0.2611139098279764,0.2474431378862469,0.2441702548461179,0.2598148265733861,0.2492387526340458,0.2477274116864976,0.3134143223641601,0.3524317439628817,0.3524371645819073,0.3266045645455548,0.3099372874500723,0.3120124902008285,0.3180249790945915,0.3332726552849472,0.3499698862258817,0.3049355185641076,0.3097532799693141,0.2979727543636095,0.330455178736095,0.3743732857790718,0.3506225746795941,0.2988220983656582,0.2974627634829616,0.3040619469160575,0.2413838328636046,0.2210048806252302,0.2128529168657351,0.2260853078792024,0.2243048993802894,0.2276630875798346,0.2220749872355227,0.2248777186986998,0.2178841325042029,0.2411753470392454,0.2996828887632752,0.4670200736901968,0.3259677001959495,0.2751484124760779,0.2933739032740448,0.2206297548522791,0.2202131129757703,0.3338045373482465,0.03868409337284,0.034310397055151,0.0413457166135131,0.045117218871276,0.0348030014972096,0.0,0.0416129509240974,0.0336834928477784,0.043508623927071,0.0402809143470292,0.0360019965253677,0.034130693746313,0.0348176852908537,0.0327841212692838,0.0359145426976432,0.0446744180259521,0.0338244736691315,0.0291102551289625,0.3523948889928689,0.3480957893683687,0.3468204390458425,0.3247240808840139,0.3422875177977005,0.3405332858385677,0.321690845953821,0.3290533634401491,0.3350859407716946,0.488896163858481,0.4305959976720963,0.3333572242325608,0.3118021405501885,0.3397467218585106,0.364345077878152,0.3370810979581158,0.3385599909771102,0.3412575243108939,0.2918783404960088,0.2956371278487886,0.3042237874573459,0.3944914318194321,0.3542142130464398,0.3225323034931335,0.3040444370758095,0.3359088375343546,0.3078620271071131,0.3455363133748825,0.3008856872747394,0.2889806198514684,0.2743880209410747,0.2848942014708555,0.2769619543898152,0.3903105876213715,0.3476217634247689,0.3136117631860529,0.2409997294510795,0.2653873064939382,0.2583853511827776,0.2685797393927949,0.2891257065937012,0.2551208229566697,0.2447112146334547,0.2777140134571532,0.2650252280075023,0.2810595301040379,0.2739917889856116,0.2477223517278268,0.2431794542973548,0.2671599419152883,0.2453087606663189,0.2708448566205561,0.2593148434487204,0.2598932505668827
326797_16_consensus.txt,0.3613721576714965,0.3708551130954873,0.3722301340853065,0.3623505166397329,0.3673226124660402,0.4033644375615743,0.3652741881883727,0.4062096784174329,0.3873932663631123,0.3864350591827339,0.3763523326929032,0.4103025971078509,0.4111668908767534,0.4161210061735154,0.3942144236355034,0.3584077590619436,0.3697236471347764,0.3961407559350398,0.2247041347049325,0.2091052300083404,0.2314746910808871,0.217408781681911,0.2116941887515082,0.2257902737913681,0.2226125677909145,0.2049099121764399,0.225024829442141,0.2276988852302537,0.215145137650488,0.2167272966019702,0.2210067347950755,0.2047718866279773,0.2064122315907326,0.2161797141508827,0.2092781702773756,0.2153767653296832,0.43700381208631,0.4426395977508761,0.4608748762282708,0.5169349282175375,0.474056146747511,0.4855574429140681,0.4293839219974948,0.4286683376021862,0.4577462174783306,0.5257486770941284,0.4946100897692496,0.4889436709286769,0.4683700315701777,0.4758347960002105,0.4836152887338087,0.5192062571366733,0.4872752826373379,0.4784469399952087,0.2432385116077462,0.236370691848812,0.2233414400728435,0.2487994271529494,0.2443844206045291,0.2333797598447233,0.2473753364683801,0.2397720449361742,0.2267465713230834,0.253357550870291,0.2440407863846942,0.2423589102832508,0.2427204539686585,0.2328564788966929,0.2254593705830316,0.2501051183255036,0.2387029706147672,0.2345707946492936,0.2835471539612157,0.3225056454569923,0.317102031860685,0.3013977433800292,0.284350834417026,0.2816062720904853,0.2870608522752853,0.3011300852985599,0.3195916560409699,0.2807057783124271,0.2871853773737136,0.2712660520530541,0.2995179899581579,0.3401330891480398,0.3195604734744677,0.2738616796484017,0.2729431957687893,0.2759418398933029,0.2132487007529135,0.199910139533344,0.1920999082931942,0.2117616998906299,0.2096413865606479,0.2110075320494608,0.1997201129242114,0.2086759213330822,0.2002820572075272,0.2221511972828871,0.2739216068147563,0.43747589653006,0.2925776012214633,0.2528893514480579,0.2689191181974166,0.2039284902661862,0.2010101241732762,0.3012857591708417,0.0336200074830124,0.0380552831203679,0.0407243429644132,0.0402253028318853,0.0374705827838184,0.0416129509240974,0.0,0.0376479367895186,0.0418041460906906,0.0431951652591635,0.0476239501979804,0.0528270514105848,0.0347169057548519,0.0429664898764059,0.0394762424487105,0.0410246300618553,0.0384402776026036,0.0419731168192356,0.3406364453387169,0.3318455061277134,0.3340772280822541,0.3078257288225217,0.3293435886793574,0.3258143740403838,0.3069243913962083,0.3121586098313926,0.3190964386813988,0.4757511461222492,0.4166183935958898,0.3155739552243162,0.2974542005311242,0.3237842596830127,0.346809448864029,0.3234926355692842,0.322889830288247,0.3267266375721789,0.2779454774428131,0.2853147671710943,0.2926339200001422,0.394949004918768,0.3506564859999201,0.3145875905247663,0.2896326429305205,0.3268825554531673,0.2974387907089095,0.3434426868921001,0.294898923021293,0.277759397040672,0.258371968983127,0.2712060014432502,0.2623846591941046,0.3914883618685287,0.3444895506981993,0.3047483637862207,0.2368980282959398,0.2597937059255955,0.2568941001221425,0.2751896670228326,0.2779706181794381,0.2549603129859079,0.2373151313539523,0.2679339599617734,0.2533221004215029,0.2884677639443573,0.264405031295901,0.2472294096137233,0.2348245559536543,0.2560771492674654,0.2393372005146758,0.2790339347682575,0.2516272915346178,0.2594314421050328
326797_17_consensus.txt,0.3715353184270888,0.3832895463722039,0.3869269595467557,0.3723391911334772,0.3808118101407309,0.4160253379942773,0.3740621037381189,0.4172685995382679,0.399579758905439,0.3957091719224834,0.3878849924996217,0.421696049464991,0.4178706446996223,0.426669311177406,0.4072822944242418,0.3704039635638452,0.3829236045601654,0.4080575862503508,0.2390221405170365,0.2213887450054166,0.2460615675050306,0.2210706526247001,0.2235434963324074,0.2381262246572895,0.2373851217418483,0.2163555544408062,0.2388218817066487,0.2282469985540558,0.2244746695719826,0.2257193945272924,0.2322582985588042,0.2139657719940189,0.21937282661845,0.220738146929893,0.2208425903503723,0.2276289209635891,0.4466908344628457,0.4526907587304194,0.4685023443822018,0.5202089216316708,0.4804862994972936,0.4921738807688598,0.4399383686466365,0.4378286793941512,0.4660889518032149,0.5296505615002829,0.5013466277898893,0.4942867550919025,0.476546651297582,0.4823354917186506,0.4897308011837538,0.5234817740170783,0.4937444591642794,0.485176871132726,0.2525143375681224,0.2443528794798304,0.2331550307785157,0.2525125677588953,0.2497672523498266,0.2396109707006353,0.2568008142653788,0.2463477838308314,0.2368931476795666,0.2574703319869229,0.2498568890275549,0.2485316273843523,0.2522840737346143,0.2403180789940648,0.235793190923367,0.2541285390767882,0.24292437595345,0.2409262431125896,0.3051076443118958,0.3426790836037412,0.3404282305845925,0.3186589140614231,0.3018111146673838,0.3020845501249241,0.308211831120996,0.3226338955236691,0.3384569945028381,0.2991062863037612,0.3019436688597636,0.2901131117477149,0.3215039004727771,0.3628082345001857,0.3391494359718514,0.2910691043787885,0.290648127271389,0.2964802046078603,0.2314308215944507,0.2141692528582055,0.2050433038803305,0.2206110870830926,0.2188617203282987,0.2204776522767382,0.2143524445573703,0.2178372524415834,0.2116683598989688,0.2343518963803994,0.2904973469424412,0.4577928348142492,0.3156177964319866,0.267043540197541,0.2849701740131394,0.2144064058583907,0.2126470388852901,0.3228444506277768,0.0371853456120376,0.0305050629649308,0.0398185210294741,0.0424533761450725,0.0338262351201876,0.0336834928477784,0.0376479367895186,0.0,0.0396867008911279,0.0397437745710931,0.0371140086851582,0.0408033382164774,0.0346679821634623,0.0309720591850286,0.0357161606112299,0.0417949143942557,0.0337389197213973,0.0356092608137537,0.3456958874813871,0.3434755345991789,0.3398227816405779,0.3169606209733437,0.3351117561376604,0.3329634247171675,0.3136878258213009,0.3205134042519759,0.3283637379793411,0.4819140676417177,0.4262811880278008,0.3269080740160888,0.3079343431617189,0.3347289925495254,0.3561158028443216,0.3322021027588704,0.3337199462616809,0.3367753312711379,0.2846369464404183,0.2906786573419744,0.2983276372417194,0.3926229361183573,0.3511738071730299,0.3178417867523961,0.2973505155927398,0.3306146408262975,0.3025411283115673,0.3435152210581051,0.2976831619701094,0.2844825604422638,0.268392561113842,0.2800062541584758,0.2716013023299837,0.3888427439425719,0.3449529307063628,0.3089683476347531,0.2383574064626898,0.2624191810937368,0.256607061696144,0.2699334045050712,0.2840235120571677,0.2532341073672484,0.2404596877243605,0.2733180320748722,0.259749710603927,0.2798020964707213,0.2692875958709777,0.2461480981287778,0.2384445827058456,0.2632705107651603,0.2418581543691296,0.2710064363689284,0.2541561675403976,0.2587170910497853
326797_18_consensus.txt,0.3636836006849151,0.373724167720475,0.3767539502202481,0.3634615465695354,0.3714764386581386,0.407104177886616,0.3659593536524781,0.4069382425710515,0.3884337179869632,0.3868195096798956,0.3774133090129439,0.4135625633009887,0.4080712483195583,0.413938521584253,0.3941633821897667,0.3609192467298108,0.3743575989288388,0.3990319586973392,0.2255657882266497,0.2096815587016713,0.2310213046021694,0.2126884507261657,0.2124331531545387,0.2238182408731077,0.2232185694739747,0.2033436837170867,0.2236388457570015,0.2205434801152002,0.214000261639832,0.2146685568415911,0.219820923649074,0.202536182703966,0.2057102835979662,0.2130003423253406,0.2097317017621662,0.2159532165477031,0.4300754297944529,0.4346964859633608,0.4521891683939323,0.5054872274395876,0.4641272184726048,0.476158216617641,0.4224878630683371,0.4212497910763204,0.4482006562969793,0.5147385987049233,0.4850424573853971,0.4781842559434004,0.4591760171735544,0.466149371209525,0.4732198511764665,0.5084778183806442,0.4775259621027068,0.4692612268851803,0.2390318255182748,0.2333017797803478,0.2225891627524241,0.2442250855967316,0.2402912988808054,0.2300703497753353,0.2432649979692236,0.2351846410561933,0.2247712465472453,0.2480343216924332,0.2398910036800536,0.2367455589585674,0.2395128118356133,0.2288192814140508,0.2253252259906588,0.2459990326494647,0.2341631022788064,0.2303964384448775,0.2822917537904885,0.3186718452583399,0.3172227098865932,0.2986726288372168,0.2818694023071408,0.2799855301095206,0.2873012338412231,0.2996060169051588,0.31725497833731,0.2807480518620266,0.2832175719389909,0.2713793465022824,0.2984945704515063,0.3406488183506511,0.3175045340230937,0.273164727565053,0.271910568598539,0.2751487785328947,0.225255592409507,0.2112636986543137,0.2005618068104873,0.2187774124191541,0.216885599247977,0.2178887508308236,0.2082483709868476,0.2162145498122143,0.2082612280848508,0.2281898939203834,0.2842962004700098,0.4526683914279914,0.3055230119761134,0.2604705876455,0.2777251254693524,0.2125257901997663,0.210300702474349,0.3147756770268017,0.0416436729759013,0.0419573487623381,0.0384802175875407,0.0442685979945984,0.0398692423323723,0.043508623927071,0.0418041460906906,0.0396867008911279,0.0,0.0445107256809862,0.0488044312197644,0.0522556732092098,0.0415650669278733,0.0451398317929232,0.0388824073812337,0.0443133023154267,0.0412081580100611,0.0428252800764852,0.3344504870280147,0.3224035613038438,0.3201722715899642,0.2989823663531439,0.3168532988158716,0.3141973010934116,0.2997375296403817,0.3048942060327952,0.3080874810273819,0.4711249837984255,0.4126014312470509,0.307819346510481,0.2917965377897218,0.3137481864742959,0.3343470038450036,0.3124727035920287,0.3150531541782975,0.3194393233701191,0.277275625509791,0.2859397059673334,0.2914688374625598,0.3886247744718645,0.3464953272542637,0.3124826669689113,0.2885501551453302,0.3237677131385084,0.2956005213759525,0.3406412581567792,0.294765099251471,0.2790844402636274,0.2600762832776482,0.2732722461674868,0.2651918461689462,0.3849969866039942,0.3409911847126068,0.3038101169552227,0.2357959413700356,0.2612548308369504,0.2553850947076341,0.272889805505649,0.2777377196834614,0.2536271821938314,0.237271579328933,0.2686752783642347,0.2530385723996424,0.2843824017763197,0.2641040396105651,0.2456688452683373,0.2348028444268131,0.2549019655769022,0.237943432897552,0.2753518594011694,0.2506903246474721,0.2583992430924979
326797_1_consensus.txt,0.3702642381249568,0.3790156608617039,0.3793822068930481,0.370776218089901,0.3754212905985561,0.4094241929069753,0.3750770042747788,0.4143782975772225,0.3942543700833525,0.395049652426767,0.3853079589957708,0.4176434470563173,0.4231048908395571,0.4257576332732817,0.4021186282631745,0.365479060775435,0.3771243090700906,0.4029761137503946,0.2585388645805935,0.2452391435110499,0.2653296764974797,0.2550118482246049,0.2471422627734263,0.2603868271858438,0.2555290498921145,0.2403773583913064,0.2586116379284249,0.2632534115114922,0.2506878385151978,0.2512508392225925,0.2545882860344477,0.2385177187774481,0.2389414775671881,0.2542134139235159,0.245056282507619,0.2508617159810207,0.4634029873660807,0.4677383667742631,0.4863302596101349,0.5434211286278021,0.5008857105122573,0.5112797017258224,0.4549205475804498,0.4535874620508231,0.4827268818838206,0.5542053306325911,0.5215813419110482,0.5151728022541526,0.4942829214678284,0.5000931209623722,0.5082010929311345,0.5467617674506045,0.5146657815881639,0.5040588034432112,0.258898564704161,0.2546484921949172,0.2443254020923184,0.2693866310725035,0.267294510059429,0.2547283684150159,0.2623833965167392,0.2596802496984836,0.2491338387180626,0.2748216466658419,0.2685981994343329,0.2639715569240053,0.2576123936820167,0.2519305206580782,0.2471557807316671,0.2715569997783476,0.2619009294762797,0.2559385191810328,0.2976812914192237,0.3383418631987922,0.3283851696292394,0.3203170873237013,0.3018690266350532,0.2972706212957341,0.302006802348771,0.319930315773,0.3372662995224402,0.2982920751799724,0.3073061600231952,0.2893616563994463,0.3175362561520742,0.3589474723765455,0.3361267107333034,0.2916859488277907,0.2913105776142117,0.2915593476671567,0.2242670063521146,0.2079990841142347,0.2015463743153418,0.2161188474073583,0.2142741122736993,0.2153256017539497,0.2067437176771918,0.2159790109811368,0.2047180155085506,0.2227200590966589,0.2679078463049293,0.4288383463550644,0.2861898123535979,0.249419237897662,0.2633058997633206,0.2100992946054383,0.2083333294162699,0.3048796115138472,0.038775839260694,0.035058234179548,0.0405777143140611,0.0393227104697224,0.0381743814272041,0.0402809143470292,0.0431951652591635,0.0397437745710931,0.0445107256809862,0.0,0.0358563548369836,0.0382376974406994,0.0343294553489776,0.0359659088533206,0.0333912934288598,0.037847112747805,0.0384600761852489,0.0384784988445048,0.3542463863371843,0.3469666446988171,0.3475117187119139,0.3187272097535825,0.3439958075215656,0.3399345676326035,0.3221333852844097,0.3265728350780534,0.3340095096815574,0.491905967979477,0.4314162466118318,0.3291124788114743,0.3099798406695626,0.3384473122630709,0.3610461506717435,0.3362195666196648,0.3338883841282722,0.3406488147712707,0.3018155519516732,0.310798940520506,0.3177180670794683,0.4255179775015669,0.3796046517705136,0.3423794990722228,0.3147125885631858,0.3548687573332465,0.3242157254808759,0.3752926157515155,0.3223714934633079,0.304103360931979,0.2790837907180901,0.297325153322582,0.2864959824490611,0.4241894585598338,0.3733340261587976,0.332350497801265,0.2637899461115154,0.2857763767754662,0.2849160706121125,0.3108716874334476,0.2961118166860217,0.2864182933082624,0.2611536436737154,0.2920660725862305,0.2740201792785157,0.3259993696328145,0.2827477168019214,0.2789601604083742,0.2581849651963885,0.2772392215078234,0.2629398328770485,0.3160032976607745,0.2729950043425191,0.2945460631871626
326797_2_consensus.txt,0.3889339791048307,0.4020552643243533,0.406297311353736,0.3912862221061139,0.4008445351388445,0.4352416134635675,0.3927361500184219,0.4363159230427875,0.4200015855918728,0.4139695361623197,0.4075478932650966,0.4408574526983742,0.4378707486585433,0.4468188101003534,0.428738917482498,0.3875908118320943,0.4012632169991974,0.4261047504304756,0.2745973269003592,0.2556148284036048,0.282077387562488,0.2552679250188987,0.2579216501607639,0.2737399117589234,0.2727646190091377,0.2518309962363787,0.276032716549544,0.2599663212258036,0.2578012514320775,0.2603599842411199,0.2672466643141931,0.2480217068872079,0.252999631148306,0.2544435811991548,0.2552708184425754,0.2610006843666355,0.4796997270051193,0.4843540282703635,0.500882912899467,0.5509997435301273,0.5130523563312224,0.5232901408041606,0.4731046812321082,0.4703713497693798,0.4982966554464845,0.5613480889720428,0.5318945745027115,0.5253622221201688,0.5084088764324974,0.5137648442404803,0.5199586261524303,0.5550928006443598,0.5266894622864662,0.516926239482089,0.2725123067421684,0.2653368776613263,0.2552043964248405,0.2715466305491318,0.2706868168916863,0.261802528853174,0.2769060662628249,0.2683047380870995,0.2607126083317119,0.2776319627044543,0.2716744800851494,0.2712045892774952,0.2728979095154535,0.2614534306471583,0.2591499659392227,0.2730211529147617,0.2648878685438625,0.2623435713101649,0.331292436740636,0.371317067935454,0.3682603700680644,0.3453730741845362,0.3285959171687587,0.3313695329495658,0.3366784275119769,0.3520161751985,0.369213574983128,0.3240153458250532,0.3297751395595654,0.3167451297068524,0.3496145334173448,0.3944577128696522,0.371430428351168,0.316657243386782,0.3150862757752577,0.3221846381366475,0.2530430691209986,0.2297124095474068,0.2241123751725595,0.2321285552288401,0.2305963816148164,0.2330765439980062,0.2305266712779641,0.2325526720105948,0.2245994115519707,0.2459425291580927,0.2991291620166123,0.4645881655861394,0.3265791382153544,0.2764941677497958,0.2956202031331472,0.2265617985916606,0.2270083081707028,0.3407362516967822,0.041637032809831,0.0327134081779831,0.0443769036264249,0.0507718457237729,0.0330375077548446,0.0360019965253677,0.0476239501979804,0.0371140086851582,0.0488044312197644,0.0358563548369836,0.0,0.0290852507989214,0.0340249172931272,0.0308597219187696,0.0345968826707618,0.0495670353317159,0.0327495231305974,0.0344448223174609,0.3586384012403698,0.3609910641559324,0.3599082310690455,0.3331532135030386,0.3537024239685706,0.3529649570255131,0.3316659641638786,0.3385948402714973,0.3479589905285785,0.5006606603293307,0.4436999781252417,0.3439042556466347,0.32216255197714,0.3533544845716179,0.3768422615380302,0.3490270539783537,0.3485531158697164,0.3526407496809476,0.3119452096882327,0.3163410832300215,0.3248009141923376,0.4183063598547463,0.3766624301657408,0.3443689728260253,0.3243624018828015,0.3582469218874635,0.3293445848506842,0.3686841019049325,0.3217545912226214,0.3096917065315878,0.2934264238176283,0.3052362642775499,0.2959083446264863,0.4148189049158652,0.3700865356297917,0.3345150475944471,0.2604408783669001,0.2851348044426487,0.2789120627919317,0.2917354985464442,0.3041905897916344,0.2752411906205054,0.2623276412892821,0.2964562198129599,0.2812821334322919,0.3036479483861356,0.28894020003505,0.2691356367949957,0.2603194411062262,0.2841645654200206,0.2631405857899374,0.2937849640696797,0.2750602279284138,0.2820472963542002
326797_3_consensus.txt,0.4043578821038807,0.4168734225100721,0.4224829124894071,0.4052300668687678,0.4163933818296215,0.449526971147975,0.4068362537224423,0.4509114081719119,0.4348915563469724,0.4286506771971297,0.4215359870514206,0.4555176931903091,0.4512365769467372,0.4607863793798579,0.444140508418716,0.4016620751900639,0.4165084702449206,0.4407254919085517,0.2900113803057884,0.2706030400214061,0.2976264712338334,0.2678521820221817,0.2731087066811319,0.2890055588291318,0.2877736862375535,0.2660360360705702,0.2908739134254183,0.2710065157409076,0.2714922039999834,0.274059987357667,0.2819698231742755,0.2618802734020349,0.2673071049554458,0.2668763841662596,0.2705301252592917,0.2768300601533262,0.4939734411621934,0.4987006364056086,0.5149948659522039,0.5637424637693549,0.5268333709726889,0.5368723919292933,0.4876064549797831,0.4844019340087726,0.5111246153891535,0.5736317285250543,0.5451406425605541,0.5389921276284362,0.5221367647606137,0.5275992968514274,0.5324595921016773,0.5681429934634359,0.5397759641223914,0.5303278700629548,0.2862728467331195,0.2781932781452561,0.2697482055649871,0.2842718381061253,0.2843181765409142,0.2755814984213742,0.2905662251965459,0.2819939740268502,0.2746161231288546,0.2913566681313355,0.2853739533531367,0.2850013729582414,0.2868258029711796,0.2750975562858642,0.2733298095321856,0.2861009605260811,0.2780858055443254,0.2762414163505404,0.347278324281298,0.3873537262789348,0.3859487116236693,0.3606638086096581,0.3434289443965852,0.3460686699588677,0.3524752808433646,0.3675223198212691,0.3842156798436704,0.3399691563797695,0.3445498419041612,0.3322156011180901,0.3663804239495931,0.4121293563577346,0.3863271944657462,0.3313128673257566,0.3304052936465069,0.3378480263996657,0.2667213818600196,0.2428614261563737,0.2357375287710752,0.2432745553206743,0.242283055400442,0.2451387655679333,0.2437982811668213,0.2442082702570616,0.2366762142544409,0.2579686588306735,0.3117868739552065,0.4755203224935371,0.3405967698107091,0.2895802864995431,0.3084333718609997,0.2386612829997751,0.2397655993495249,0.3549664092142279,0.0448679933171831,0.0366968275484396,0.0484001982008095,0.056415621832059,0.040150920562219,0.034130693746313,0.0528270514105848,0.0408033382164774,0.0522556732092098,0.0382376974406994,0.0290852507989214,0.0,0.037224718994139,0.0316011992618072,0.0376834786148805,0.0551775142032937,0.0394647409575732,0.0310548498802809,0.3724729758876215,0.3747154699612238,0.3715854947347807,0.3461507470831506,0.3650634811338626,0.3649765596155134,0.3443179035209631,0.35202797294831,0.3599617587807273,0.5146653116970867,0.4552137913457699,0.3580079895682218,0.3354331474163743,0.3669370238832421,0.3899830541397833,0.3616590319567194,0.361652889048365,0.3659811691468242,0.3254260779801328,0.3287944395216406,0.3374092850818222,0.4290637845245442,0.3882631470161435,0.3563968219777891,0.3377858879966098,0.370197122599226,0.3419853287837462,0.3805151728980469,0.3336071171650907,0.3232772943470827,0.3072631613999412,0.3186414028939275,0.3103501067418293,0.4259315595728949,0.3814112859982117,0.3476284155679039,0.2714251308269837,0.2970080271443045,0.2890447324277687,0.3010399081744168,0.3158927909059308,0.2878633596025608,0.2741634137080702,0.3079360709275995,0.2929027204845198,0.3123337080804482,0.3011398060533992,0.27992611240537,0.2730075305451542,0.2963870673715654,0.2743676260832899,0.3026167116025746,0.2871784915771158,0.2933355748085269
326797_4_consensus.txt,0.3752908369500645,0.3870639380278007,0.3890804117950779,0.3766136417691825,0.3832104787320673,0.418603148513597,0.3793426909424404,0.4215674134224159,0.4033153154206559,0.3998884059870242,0.3920641319197102,0.4246829326250889,0.4281964266995288,0.4335737919310425,0.4133125213853788,0.3733731093952137,0.3854049240925903,0.4121298146386536,0.2472684106195473,0.2300902361077028,0.2544361533676884,0.2340487283421168,0.2327857317738626,0.2471576980594747,0.2456706764487464,0.2263845549758691,0.2490573941898866,0.2425050203498955,0.2342020671088889,0.2359054098010098,0.2413014144299623,0.223974609204081,0.2275155798420201,0.2334352904619159,0.2299101053491092,0.2357052128952901,0.4605578126067762,0.4659655236328746,0.4830736348050521,0.5372932285266785,0.4964340035371606,0.5074636965177142,0.4527591131565245,0.4517054559382707,0.4800614371927167,0.5476833792063225,0.5170720658275307,0.5101889850286412,0.4909731476343388,0.4973412496186746,0.5055591661236818,0.5402057789961887,0.5100918542602457,0.501545421974928,0.2572522753581694,0.2503155766394265,0.2382849274572365,0.2607274696791641,0.2574745883585123,0.2477721808794406,0.2616079675393372,0.2539149005171559,0.2432639341944664,0.2665550909056762,0.2589103493380875,0.257050689933969,0.2566723367056873,0.246306253382162,0.2409043227799827,0.2627453016423082,0.2521199572039236,0.2479524123387015,0.3052395448057794,0.3441596026191078,0.3382907142803226,0.3214496524918147,0.3051033229456408,0.3034898886793904,0.3087935999864015,0.3237090889560789,0.3429017243311207,0.2995582872417408,0.3071167203826697,0.2909986536891402,0.3222604085678355,0.3645663372350007,0.3415520649116033,0.2929001247090959,0.2919798616492102,0.2965044104422354,0.2281022613323244,0.2100568835956267,0.2026805025407263,0.2173826191738328,0.2152239758018765,0.2172778529613594,0.2096426516189709,0.2160835964469072,0.2071175090835986,0.2294222825234442,0.280235662060349,0.4418447889171197,0.3022988038688865,0.2595663894498301,0.2753794835220837,0.2099196732280255,0.2098147823880047,0.3147488262151903,0.0309768255589268,0.0316410832535325,0.0383365947203273,0.0411825083569752,0.0341145585886941,0.0348176852908537,0.0347169057548519,0.0346679821634623,0.0415650669278733,0.0343294553489776,0.0340249172931272,0.037224718994139,0.0,0.0324687306996089,0.0314147251683394,0.0413016299784771,0.0333612740823383,0.034271892250814,0.347425584585558,0.3453012893756444,0.3454862589153187,0.3178899641105879,0.3399475051302509,0.3370710535054435,0.3165882460889619,0.3226568138100312,0.3322486392963206,0.4839217359376739,0.4248329384705833,0.3284293375322917,0.3067350946348171,0.3365946632666592,0.360374416400667,0.3354021198720929,0.3335537833678756,0.3378579959854484,0.2916188197221991,0.2983816462752315,0.3062811711464874,0.40650615363014,0.3622909895367812,0.3273699484318584,0.3039648039302847,0.3411771867936402,0.3114115659127741,0.3543247650936187,0.3053749460270367,0.290002251004239,0.271599645516261,0.2855657096398403,0.2765040396341227,0.4023667332836957,0.3557586859186088,0.3176181390536108,0.2403563912014341,0.2632241967479594,0.2604976044706681,0.2772886875501221,0.2820511047192227,0.2581008720536317,0.2413270783582817,0.2729697549721308,0.2585642588807566,0.289427847600642,0.2674754870349716,0.2512284846025814,0.2388852378051638,0.2602347121651363,0.2421618369477087,0.2789367507454727,0.2544550855279297,0.264458527364674
326797_5_consensus.txt,0.381585520648187,0.3938058228433796,0.3995155807514514,0.3832426329365752,0.3938148380138919,0.4276375023103078,0.384540843127084,0.429168948097093,0.4124073732478948,0.4057990129429143,0.3992796039839099,0.4328052841752452,0.428601110453215,0.4384100095242011,0.4220212643402838,0.3801117690336113,0.3941451395014681,0.4185696821367486,0.2596635624208225,0.2414981372770519,0.2679160046149533,0.2400540198584231,0.2434300186003781,0.2595048133622626,0.2591164373132244,0.237348247398863,0.2624014451531593,0.2442938618378676,0.24342967081121,0.2462205826940291,0.2527702154526956,0.233814778540804,0.2392508082966387,0.2387636454357107,0.2417082508560071,0.247691555884522,0.4686014793381758,0.4737259234745217,0.4901146259630131,0.5392615140392287,0.5015041122155424,0.513042401336044,0.4616800518884538,0.4594213491499488,0.4867899253767902,0.5489568221500534,0.521231611569732,0.5146870718646284,0.4974557525082161,0.5031168845700833,0.5087441196796085,0.5433900517597223,0.5142882650964147,0.5062294091235948,0.2653857099089194,0.2568141164727429,0.2468745013298736,0.2630159776722252,0.261689370314734,0.253573020419747,0.2695366348280466,0.2600710092806721,0.2517753083374465,0.2696266708373827,0.2626726629950298,0.2627859169266848,0.2655329687237753,0.2531675765398269,0.2501600710783016,0.2651536216914962,0.2561720633122917,0.2538363000552976,0.3237450219770323,0.3638635734485049,0.3608502060072638,0.3364478452226755,0.3200661952156913,0.3223491137844512,0.3289046757544405,0.3432514831284123,0.360647370479306,0.3152636623474585,0.3208431101382025,0.3084456048970665,0.3411545572470942,0.385772573726463,0.3615528145433728,0.3080432470523888,0.3068743917861845,0.3141808313839753,0.2443061130172239,0.2222142812226764,0.2164996425027894,0.2257840856080406,0.2247710720674725,0.2278665235640211,0.2242483063048226,0.2258624975419429,0.2186884806023883,0.2412904119091763,0.2956833466453368,0.4598572722542258,0.3225901731142144,0.273025221373615,0.2912039802381052,0.2202996283454439,0.2207630411078618,0.3350278444133749,0.0384123851709787,0.0287515329276075,0.0418899013621434,0.0469623117442452,0.0348993995648285,0.0327841212692838,0.0429664898764059,0.0309720591850286,0.0451398317929232,0.0359659088533206,0.0308597219187696,0.0316011992618072,0.0324687306996089,0.0,0.0330349581375131,0.046322029581276,0.0338381182351597,0.0318531486790618,0.354006535899547,0.3544811131144172,0.3521973259897102,0.3266618518599102,0.3453531521163029,0.3455613607757897,0.3247115845461472,0.3319662481777996,0.340249347629328,0.4934567517897861,0.4350755745297547,0.3380076163042176,0.3160550151556123,0.3458266304264761,0.369730864319127,0.3420504395094212,0.3426881497621892,0.346234964137281,0.2986713905535723,0.3025891022535205,0.3117054063264852,0.403377339113824,0.3622815699346802,0.3300392027742447,0.3113676488243584,0.3445908116212237,0.31649180113628,0.3541596693956528,0.3082466903987146,0.2975132011074031,0.2816044878983277,0.2923286828454792,0.2847118150811063,0.40022751448031,0.3554320196113174,0.3214329550647505,0.252619518259241,0.2775445172526503,0.2699807278097808,0.2822203698903713,0.2975889712995005,0.2676973528395692,0.2554682575700084,0.2897965495580976,0.2752909995009709,0.2940143536055188,0.2828152618738286,0.2605860627478407,0.2532492111237658,0.277383662876467,0.2553860530913425,0.283896005240976,0.2680082195238746,0.2731391635232789
326797_6_consensus.txt,0.3701178486620655,0.3804360282889973,0.3836268311863939,0.3718243721947836,0.3777893311049425,0.4119855398963672,0.3743760616879648,0.4157103546985361,0.3980541022994117,0.395987053473064,0.3870825723663351,0.4196268643103593,0.4243295961863467,0.4297387698312391,0.4088781471758587,0.3674263809932263,0.3799762763626617,0.4056371145228823,0.2575758528854805,0.2403804282840163,0.2652415761990951,0.246369806929394,0.2443610087609045,0.2589582919098774,0.2565458888392022,0.2369988696792262,0.2588693560474553,0.2547914403377511,0.2464539640672427,0.2471975721668435,0.2533552865444406,0.2349904813191017,0.2376820756069193,0.2460880486735668,0.239601712894597,0.2465983196201868,0.4629333422731427,0.4676422420870523,0.4850701022707788,0.5403712115888339,0.4993551875352011,0.5098994490218871,0.4555125171897245,0.4537319633588019,0.4824253100417728,0.5504837237800544,0.5195675855902699,0.5133103593132518,0.4934560675015227,0.500460372328412,0.5078016228232265,0.5432700207776975,0.5129357582497676,0.5033449739173186,0.2574340494522751,0.2518678208678082,0.2386197315369678,0.2621021153218876,0.259391344914377,0.2487181501069422,0.2615398350464026,0.2555655206585925,0.2446510555000571,0.2681828195778024,0.2617512600466583,0.258540131354664,0.2566254606680935,0.2481281981056717,0.2421235111705684,0.2642066837330219,0.2537197286958061,0.2493226201731175,0.306804721827504,0.3457028447678603,0.3390622787056756,0.3239429788100629,0.3070285922813269,0.3059574266839711,0.3106403150301631,0.3248210080274987,0.3448387738429552,0.3019026241565008,0.3101960307111326,0.2935783789298583,0.3259059060833813,0.3664348588830819,0.3448398261705314,0.2942996199566217,0.2942231802819606,0.2982999142430529,0.2223579096683927,0.2026196802441902,0.1976811942111425,0.2098316397628572,0.207539091238921,0.210338838329406,0.2023287993825135,0.2086367840708689,0.1995791234933186,0.2214059568082831,0.2689946728359444,0.4277367408118095,0.2922451313299454,0.2499248287701618,0.2647447292758507,0.2029517068021178,0.2028131432233912,0.3062672623082108,0.0358940577548594,0.0325812019216975,0.0346530081577505,0.04196595992601,0.0338658919242362,0.0359145426976432,0.0394762424487105,0.0357161606112299,0.0388824073812337,0.0333912934288598,0.0345968826707618,0.0376834786148805,0.0314147251683394,0.0330349581375131,0.0,0.0409205658878732,0.0342515891460522,0.0346579589690208,0.3488724490487058,0.3495638183933458,0.3505311828081154,0.3206623534767772,0.3436419393465364,0.3422151560595452,0.320120985704122,0.3257417601110361,0.3371229545468779,0.4852147923117513,0.4301202816574516,0.3319652024348301,0.3102428946795541,0.3412779932832634,0.367078181317737,0.3396109650982204,0.3371482160857546,0.3421866085584391,0.2970245153112856,0.3041198360985255,0.3122787522391448,0.4171728922190425,0.3706865436538749,0.3345357652495586,0.310756290077002,0.3492398217740664,0.3190769551675494,0.3639044200866834,0.312413219535351,0.2972040331169765,0.2749779871365376,0.2911847456125116,0.282027811816107,0.4135187052130078,0.365152037076573,0.324009325626978,0.2478847347702206,0.2710842816057948,0.2682171823424752,0.287847156247814,0.2861436225623102,0.2669257864618473,0.2485390869378285,0.2804019639966739,0.2645160045622461,0.3020169560662076,0.2720953540604753,0.2601800966148815,0.2451866012766252,0.2670618998664906,0.250166554109466,0.2906378920621293,0.2605725048104759,0.2735324649841111
326797_7_consensus.txt,0.3621516004752081,0.3701954533517728,0.3713635530597834,0.3631954922053815,0.3664098864053819,0.4024724142084253,0.3667166160109865,0.4047111363726756,0.3865364708826568,0.3874535490711359,0.3762949845219694,0.4102106723649257,0.4139903524060209,0.4158993252312939,0.3919031372913153,0.358769296345919,0.3697304909839936,0.3960289525139338,0.237685079976444,0.2238573607032421,0.2434345246100484,0.2341703736472666,0.2271219940019122,0.2389510001146497,0.2359527523600277,0.2184919326540821,0.2373029760775367,0.2445458386099872,0.2319769563880207,0.2314842980850713,0.235010560427149,0.2191073072261211,0.2198481643175185,0.2339670943872036,0.2243962089334914,0.2301971550167998,0.4448424522069665,0.4503391563510135,0.4679949064687392,0.5259810721720477,0.4823177433222092,0.4939858678708226,0.4361233099124746,0.4349288595487444,0.4646972064273313,0.5355595774364375,0.5037781583687995,0.4972144211032265,0.4758910497669077,0.4835243343031763,0.4915843256830356,0.5283719714178687,0.4963672054434411,0.4860512787661584,0.2468751463200362,0.2427540845767737,0.2309375732602312,0.2569713034877097,0.2527225494632432,0.240677451144208,0.2508943134288088,0.2456039469129329,0.2340535263270879,0.2607215803488039,0.2536536383505847,0.2489869582044868,0.2463429621591615,0.2389815555025087,0.2332093943982087,0.2589597413270255,0.2475180236057426,0.2411683226706067,0.2822831083471477,0.3215240799053198,0.3116349799593081,0.3033215601824217,0.2863854171476347,0.2812106152298632,0.2857217335256017,0.301310776343989,0.3193137047946663,0.2826519942870469,0.2899781768779945,0.2726679826892528,0.299870802276601,0.3417089377555804,0.3192931114506017,0.2766162256862401,0.2756977777997278,0.2758582845318997,0.2151320723342706,0.2024559661953375,0.194595329452536,0.2133859002404499,0.2102950863636223,0.2113004952992412,0.2004603254456896,0.2110935101387028,0.2012585770533057,0.2199726016687861,0.2683627606534458,0.4326636511418869,0.2861362651292758,0.249064154604838,0.262883363796103,0.206701139315534,0.2024223825439577,0.2991689271833984,0.0408040902024033,0.0411151109228811,0.0423101205100415,0.0376212237732893,0.0412422211342438,0.0446744180259521,0.0410246300618553,0.0417949143942557,0.0443133023154267,0.037847112747805,0.0495670353317159,0.0551775142032937,0.0413016299784771,0.046322029581276,0.0409205658878732,0.0,0.0415716806250188,0.0445743645106269,0.3445249034441282,0.3348155754510316,0.3354016589918807,0.3091324949552572,0.3322676424707325,0.3283025072843628,0.311094233416803,0.3156056567143395,0.322211965878747,0.4801495909985114,0.4230689797507487,0.3183178255983883,0.3008347935464464,0.326255309790362,0.3492046300109521,0.3261899872979228,0.3253266191642652,0.3302373737791377,0.2855587836936806,0.2959519460858359,0.3028229912410438,0.4095830983829032,0.3641313672508914,0.3266565551044031,0.2990129730545625,0.3384783550867318,0.3079037444920338,0.3591462265790355,0.3076783412471791,0.2886253883294927,0.2643747831623564,0.2822216631168182,0.2724690931854354,0.406774834503242,0.3582188584577395,0.3170563310951166,0.2487871040103151,0.2713437765001458,0.2698698521084068,0.2944988573880422,0.2847915423373912,0.269680859358445,0.2487558831137661,0.2785062370000588,0.2615573737035319,0.3088805278307767,0.2699158882640091,0.2628241253801207,0.2437765615712166,0.2627870696530365,0.2499989214917271,0.2993220831186391,0.2609713343286977,0.2778760118330083
326797_8_consensus.txt,0.3784541351256649,0.3898145175844583,0.3939266148850038,0.3810869084509889,0.3886057543013805,0.4243420342342254,0.3812228514003806,0.4251584456953843,0.407539302888658,0.4030190070388997,0.3951057936357998,0.4294624233166715,0.4263825532141219,0.434745905381547,0.4158662331298615,0.3775884896678967,0.3894135916594408,0.416391556436718,0.2391104182104015,0.2210846989188439,0.2462381420021557,0.2217047767519062,0.2235110072497086,0.2376188561613119,0.2380929082118186,0.2172697353862034,0.2401940732217831,0.2296509166807503,0.2243559298408044,0.2259489385317401,0.2325294401179718,0.2143385191908535,0.2192981053782716,0.221174717150177,0.2207943395767557,0.2276605076862665,0.4510019003997527,0.4560593646062045,0.4728074777175521,0.5250890372105346,0.4847251406133352,0.4966186083308237,0.4440408753141298,0.4418912167463134,0.47048220791633,0.5344018898466487,0.5052461806291433,0.498827880728264,0.4805858374498513,0.4871926140246074,0.4938922067468105,0.5280103393030942,0.4979806203454586,0.4902143449505054,0.2548034522074829,0.2473411701263046,0.2356041108693176,0.2551350054512085,0.251730669824795,0.2425653870447561,0.259444249811473,0.2503135709254351,0.2400036489725394,0.2593641414108276,0.2518820008084255,0.2513181584899513,0.2550200592085758,0.2426176579429793,0.238059119796862,0.256037281140351,0.2454890914495671,0.2429699199839987,0.3053222951479988,0.3440874660357416,0.3426304757182521,0.3193583860851205,0.3029829853106101,0.30391700549524,0.3100317340443261,0.3241975481639443,0.3420619246512331,0.2986965068114031,0.3023045437112515,0.2908683032888213,0.322025526772169,0.3650467880964534,0.3417517405941943,0.2910269773230318,0.2904375701082529,0.2979518427274179,0.2370837657694551,0.2181067312500992,0.2101429512289954,0.2239088542281884,0.2232002053802801,0.2259359746073634,0.2187070801807564,0.2228284001761231,0.2158451087912141,0.2386853263348811,0.2945535165606152,0.4606524345072849,0.3193432289153932,0.2715257862496756,0.2887720164914427,0.2182213176770275,0.2170439215062067,0.3273652036334376,0.0368013288805357,0.0324569690518927,0.0380998907578344,0.0411268872876888,0.0291722197756278,0.0338244736691315,0.0384402776026036,0.0337389197213973,0.0412081580100611,0.0384600761852489,0.0327495231305974,0.0394647409575732,0.0333612740823383,0.0338381182351597,0.0342515891460522,0.0415716806250188,0.0,0.0332888706344967,0.3464276220111486,0.3441624573188839,0.3426511361096835,0.3185512413280591,0.3377674565794493,0.3350818193083285,0.3161716517602464,0.323230436652679,0.3301158445282759,0.4831073139842168,0.4274849172509434,0.3283499286034335,0.3082854198381071,0.3364648895586448,0.358136392962642,0.3331066158794691,0.3341218248647202,0.3377853533314621,0.29130915829721,0.2955732990774642,0.3035096604058047,0.3964499108105279,0.3561510554648777,0.3227360550002203,0.3028235734366191,0.3366149448357767,0.3072187967856408,0.3474712258738073,0.3022169757108699,0.2879324179481131,0.2731437811104911,0.2842412749634775,0.2767102330536133,0.3933480830381697,0.3489537101492317,0.3136533044519218,0.2408398869693861,0.2651073843816576,0.2586564932858728,0.2705338946017015,0.2871381842624885,0.2558017434124693,0.2435354975396393,0.277330797506405,0.2621905410273442,0.2828696852034262,0.2718572335780571,0.2484341884263656,0.2419867994943239,0.2652711147746345,0.2440161367636015,0.2728788586559076,0.2572831167293046,0.260923192945409
326797_9_consensus.txt,0.3864894467801818,0.399004096354151,0.4027521342127755,0.387740978898023,0.3974762789569332,0.4322198114507714,0.388587809215057,0.4331992195965526,0.4166467852111317,0.4100215973887984,0.4030587274924464,0.4374916734813041,0.4307493846622066,0.4401786767211,0.4235388370713657,0.384601978468531,0.3990754159694205,0.4226634649732936,0.2539986157063687,0.2354884668100361,0.2609494936705445,0.2346975896562746,0.2378082097168565,0.252254081718732,0.2534207299523672,0.2307153093188851,0.255218041804838,0.2401280724137429,0.2373856311721098,0.2397840337619854,0.2466752973565995,0.2279088045862671,0.2332206466158055,0.2330853459685116,0.2353514572878801,0.2411152896013106,0.4681384064709917,0.4724919629306967,0.488740171849745,0.5383732643492678,0.499975014772211,0.5113437978329394,0.4608214693780113,0.4579763526101779,0.485296910499347,0.5484715881442064,0.520143677322519,0.5133408484573145,0.4962283219427554,0.5025830573607664,0.5082007078213131,0.5430960528434561,0.5133227774217168,0.504537516673615,0.2675310417134113,0.259385920248036,0.2489442695683976,0.2658024900525539,0.263182178116125,0.2549211073495314,0.2726595091599222,0.2612798066302773,0.2524814773810888,0.2713039269179766,0.2630979687288999,0.2635501988870317,0.2686206666563357,0.2552129591578165,0.2520587604689197,0.268046543028138,0.2576387466694108,0.2548572381121552,0.320982194136814,0.3596597332331939,0.3603446480570369,0.3327368140715556,0.3171306296293181,0.3191934994987306,0.325636998101924,0.340323969993193,0.3576900157104745,0.3128808123685864,0.3171751683599026,0.3057133042530289,0.337269360816343,0.3827658325577161,0.3588462056120178,0.3073914365705263,0.3050578328115492,0.3108995144697033,0.2490722417925859,0.2279465428513134,0.2208728964996424,0.2333258471675172,0.2315415566207548,0.2346190241994641,0.2281938567216208,0.2315747801531174,0.2248086487310772,0.2484954306099283,0.3054656175377275,0.47367495469895,0.3316798711369699,0.2812304305963522,0.3003260103856178,0.2276138203434143,0.2272112412790647,0.3409010145884181,0.0378930031108488,0.0329207282974657,0.0401029040059661,0.0451589004456671,0.0349937105969218,0.0291102551289625,0.0419731168192356,0.0356092608137537,0.0428252800764852,0.0384784988445048,0.0344448223174609,0.0310548498802809,0.034271892250814,0.0318531486790618,0.0346579589690208,0.0445743645106269,0.0332888706344967,0.0,0.354290467302274,0.3515751264565061,0.3513646413883649,0.3270776567094344,0.3448321656889739,0.3442103531082061,0.3242095874830291,0.33170512900206,0.3392083001631363,0.493333115680187,0.436578452697578,0.3365635585224638,0.3154920102776195,0.3438524705515,0.3679175544358202,0.340345954938531,0.3426118242857043,0.3453320343074431,0.302859625796664,0.3071868521122987,0.3150934755195358,0.4054833801087874,0.3660279509734074,0.333307704825792,0.3146665526683634,0.3467999199389524,0.3191530573858152,0.3570149877692152,0.3120888930187639,0.3006157449414104,0.2854283430025326,0.2960976558473405,0.2881313469451712,0.4024811401813224,0.3591593995495685,0.3248717816661077,0.2481038901386227,0.2740808172367899,0.2662205991934456,0.2768672288662657,0.2973946647311791,0.2631385246128097,0.2526091042739367,0.2856605136497343,0.2727086450216589,0.2895445167186672,0.2817406706921161,0.2555843763620018,0.2513113208197772,0.274852179779522,0.2535228196881718,0.2797328450188843,0.2679343457390644,0.2673993031293022
326907_10_consensus.txt,0.3957958869476385,0.4093340625517925,0.4133403442733581,0.3889396034391907,0.4079611683672155,0.4345518028718409,0.3912013204156537,0.4411988905310267,0.4244851502140392,0.4129770984807699,0.4086360858602198,0.445494211124295,0.4287375059616281,0.4429436874113577,0.4288370111915114,0.3909533182760505,0.4006735512579631,0.4242477393284289,0.3218289163480605,0.3040307910178157,0.3236554021294076,0.3086183915506453,0.310447435462045,0.3198245613786596,0.3174304894653055,0.2955432265344591,0.3150745992857793,0.3044394866316366,0.3077899384562776,0.3105230179948073,0.3151972496684188,0.2938757902113664,0.2956365774559728,0.3089565271729775,0.3053694646010498,0.3114069955091594,0.4081355272618907,0.4135047285539066,0.4286521753977652,0.4774486356938112,0.4428668459067602,0.4470648919862761,0.4047255262833289,0.3984494274088774,0.4218982737795684,0.482025767487233,0.4578835293860912,0.4463185499252482,0.432535151503,0.4370800415481994,0.4428709985965575,0.4795780621854177,0.4524468376709869,0.4406092192291382,0.2091101697107902,0.2130688184011262,0.2082155167157964,0.2189887865279729,0.2162321721243429,0.2104519797609327,0.2131772279832482,0.2131483399469829,0.2116769967917733,0.2225666369543404,0.2184049114554298,0.2167463508644402,0.2147684147517594,0.2102787154594096,0.2102373420505401,0.2219157978284691,0.2156023579853716,0.210047567825562,0.3106740940962567,0.3424011129437971,0.3438476480073262,0.3067680627496187,0.2936294781942905,0.3090091337642029,0.30988926796784,0.3227144123939531,0.3408289150420991,0.2937199528270078,0.2947738176212802,0.2904109715706582,0.3178209717672757,0.3689048341485517,0.343399481466129,0.2927112834618341,0.2888728155986726,0.3001820368074703,0.3123636423484655,0.2922289964012243,0.2827064344615166,0.2840254035524516,0.2843963817692767,0.2851776271019908,0.289354857007261,0.2885927198225317,0.2879504162222837,0.2851431348368933,0.333783358734351,0.5116937157376498,0.3713783221749906,0.3110384774267629,0.3335141439283937,0.2844542047091849,0.281241658340214,0.3800287417467913,0.3463705058069806,0.3450408121551938,0.3465181844896463,0.3396312800086853,0.351044343834296,0.3523948889928689,0.3406364453387169,0.3456958874813871,0.3344504870280147,0.3542463863371843,0.3586384012403698,0.3724729758876215,0.347425584585558,0.354006535899547,0.3488724490487058,0.3445249034441282,0.3464276220111486,0.354290467302274,0.0,0.120784290895294,0.1090822633848667,0.0935701106200745,0.1029957448730627,0.1114603958570441,0.0868655723433242,0.088913392259581,0.1090654564871016,0.2718406713271264,0.235023692128717,0.1090810251346781,0.0978018695781237,0.1195651483322386,0.1269620821430379,0.1119079179667856,0.1148528961546269,0.1188105998027033,0.3133810139232977,0.3239717971360534,0.3281500578725271,0.418838670947423,0.3809900164535698,0.3483639359077024,0.3235677463099975,0.3561134817702154,0.328745064932832,0.3750389718028586,0.3324311223028218,0.3221550746132031,0.3007690625934955,0.3146160865840848,0.3052132416500264,0.4135951193735252,0.3720633002414466,0.336362384765426,0.2959409306084239,0.3222840997225589,0.3132906292581729,0.3459140824571278,0.311709307472892,0.3173434090266198,0.2957926102744395,0.3275976298859433,0.2989783960338705,0.3532845147201975,0.3051395894851865,0.3131073394056081,0.2840597976268206,0.3104242229244214,0.2917550507251967,0.3496652028783167,0.2997293426874456,0.3298185729933749
326907_11_consensus.txt,0.3886128870738226,0.4090558276169034,0.4099498395685081,0.3842609201061293,0.406120596588611,0.4289091351251493,0.3862750259303311,0.4392633181043521,0.4208354935679388,0.412149031403878,0.4013778869053759,0.4448138929192957,0.4072869312768219,0.416012662480167,0.4044590334859741,0.3817253534593696,0.397372999503883,0.4185339759283408,0.2570061871359606,0.2495077469036353,0.2602693716505015,0.2598598709249273,0.257456906203096,0.2587256765878898,0.2553056516509535,0.2459985547946956,0.2569261107447858,0.2538038775085205,0.2498700164354517,0.2550307482163632,0.2513937670314519,0.2413287685866478,0.2400049144914646,0.2613988620023981,0.2540483455280693,0.2521730847024948,0.3756589809384465,0.3826119010654274,0.3963709554673933,0.443311057618061,0.4086042347045904,0.4139664423099276,0.371132343168977,0.3649334467019791,0.3875696702241811,0.4419833139965767,0.4221585218981758,0.4071261508280628,0.3968399745614697,0.4011369822122823,0.4048629117409987,0.4442165443449788,0.4175074696403946,0.4054075748952783,0.2062511479648208,0.212042087674547,0.2190187365319538,0.2216562453312782,0.2190562328820817,0.2109426825891702,0.2099636263612083,0.2072861171978495,0.2102196222562824,0.2191056817448036,0.2161551854569268,0.2100687636862801,0.211842739537083,0.2087474981274155,0.2197073792307975,0.2232079777784683,0.216132248658539,0.2116528474249577,0.2644657726284727,0.2853974023632446,0.3045733771977836,0.2583323608709165,0.2467459182970728,0.2611099869789655,0.2620135853611991,0.2790135884357738,0.3037773912284045,0.2488310267890838,0.2520631925616072,0.250098508248719,0.2573668418019394,0.3372436417332061,0.3010371799413001,0.2531584062130605,0.2495630912859177,0.2492666184767742,0.3261167384616428,0.3150983556291358,0.2948004430118232,0.3100459859469779,0.31128572600457,0.3069293165801312,0.3063754397617018,0.3141274772163953,0.3142045637944619,0.3011948430204398,0.3690075143808862,0.5728619634488581,0.3996734033801594,0.3379630263096942,0.3638642875851516,0.3133549916946911,0.3073017517580787,0.4075002953169537,0.3376658253144846,0.3414077905803623,0.3347988244395132,0.3318233142575977,0.3488958851397044,0.3480957893683687,0.3318455061277134,0.3434755345991789,0.3224035613038438,0.3469666446988171,0.3609910641559324,0.3747154699612238,0.3453012893756444,0.3544811131144172,0.3495638183933458,0.3348155754510316,0.3441624573188839,0.3515751264565061,0.120784290895294,0.0,0.042285859020982,0.0472828552199331,0.0621817894932981,0.0466336660144399,0.0638214666110563,0.065022978782089,0.0520861183428031,0.2640954702353753,0.2059332796262687,0.0518071971277471,0.0495599921066087,0.0416228742142372,0.056724668955109,0.0405894848261354,0.0534512600996102,0.0712291342798145,0.2836116655398513,0.2984835052851444,0.2969020871153063,0.3685506769735802,0.3403034363045663,0.3132748300354464,0.2902496568297579,0.3139780997566284,0.2890256551514731,0.3369133827943003,0.3030162547599815,0.2922093134674881,0.2753070218285955,0.2817895337391505,0.2764237740653001,0.366266055509044,0.3328324879091227,0.3066917660470665,0.2633068838047734,0.2943400756636762,0.2826835068043785,0.312002972439565,0.2947309109161757,0.2881846986338132,0.2615192018879462,0.2983867224952554,0.2689937000975853,0.321349311617503,0.2866797267967982,0.280543455238508,0.2530690272845071,0.2809656623145855,0.259409892024852,0.321512392000379,0.2745308495224847,0.2958065335782827
326907_12_consensus.txt,0.3846058641978054,0.4035348124372078,0.4054608923075626,0.3772835869180753,0.4004983509149546,0.4256168187618172,0.3785980100245005,0.4306069219336166,0.4125228197140487,0.4036601762319591,0.3938436580361397,0.4381804790423835,0.3991138761001949,0.4110237010889577,0.3983212503510316,0.3792134085757368,0.3943327177561109,0.414811333345618,0.2572209221585879,0.2472068978904396,0.2582408464483414,0.2520516473968399,0.2547469962665403,0.256706499677179,0.2541467989458823,0.2400086592710373,0.2508466194784198,0.2459986241057166,0.2475864603461275,0.2504630716900173,0.249146522544791,0.2360626357579818,0.2362489997675894,0.2525611384571817,0.2512726781016177,0.2529962792853553,0.3593718579873872,0.3669161971883312,0.3800006061462113,0.4264479429846659,0.3920606290078083,0.3969434760760499,0.3554482032924895,0.3489798559215202,0.3704792743324354,0.4258038187045656,0.406819085542331,0.3917758133514617,0.3808690799557936,0.3850380814470924,0.3890670227147978,0.4272688558483253,0.3999494225600415,0.3891557740905611,0.1849088966009127,0.1906811899965212,0.1969056482760685,0.1995907874294573,0.1969890705418606,0.1896059232387443,0.1889814449920024,0.1861137549093001,0.1889027557920002,0.1970259119967927,0.1939902170819571,0.1892880862359192,0.1911454444289475,0.1883994977008178,0.1992188665673566,0.201746063800897,0.1946830109742414,0.1904538384384082,0.2574444114929335,0.2785217865007396,0.2962352653980709,0.2511405991413653,0.239026640192602,0.2530369101799365,0.253772517890372,0.2676012600390791,0.2879550614671409,0.2443095442115002,0.240697396358918,0.2421449150535579,0.2527488093851673,0.3226584595112634,0.2888436306345738,0.2447993854536463,0.2420720854338895,0.2450520096294752,0.3212365024674959,0.3121889176124597,0.288240232766622,0.303051263225484,0.3050575336437262,0.2997854311706263,0.301995365558831,0.3075733014956086,0.3076614335156939,0.2950986498976675,0.3626542201132849,0.5639723737755062,0.396732016463833,0.3304240534627922,0.3576839572805532,0.3063789108010653,0.3003960834467207,0.4011603166032387,0.3385024584150571,0.3423034913537748,0.3364057173841033,0.3325625512140036,0.3479640761680755,0.3468204390458425,0.3340772280822541,0.3398227816405779,0.3201722715899642,0.3475117187119139,0.3599082310690455,0.3715854947347807,0.3454862589153187,0.3521973259897102,0.3505311828081154,0.3354016589918807,0.3426511361096835,0.3513646413883649,0.1090822633848667,0.042285859020982,0.0,0.0414697288106786,0.0505737685866733,0.0374881852389812,0.0540593618381883,0.0560783690738304,0.0398165961323826,0.2528602501938906,0.2015331595390073,0.0530636024475548,0.0536268065300795,0.0454393056217306,0.0474098217195475,0.0394752877766144,0.0551337540269898,0.0724060131867254,0.2809223359524893,0.2959684512210714,0.2933734699970429,0.3655497256390205,0.3379641592805491,0.3093282747588937,0.2858905883493641,0.3103845568815266,0.2857208463436897,0.3357528599496788,0.3029802354441209,0.2917290335225431,0.2742826529170479,0.2829491978450242,0.2765143615926604,0.3626998514656243,0.33009569559567,0.3024812236758798,0.2645046769889845,0.2969169087794583,0.2829901798339875,0.3135490441216078,0.2915353588250404,0.2871586799919257,0.2633092255205476,0.2974980302793284,0.2692889504764189,0.3172896974523205,0.2847103159853645,0.2798663331723787,0.2548901392191069,0.2828143233593678,0.2588557245902052,0.3183933125005147,0.2732115586998347,0.2984305817884269
326907_13_consensus.txt,0.3650023500867476,0.3812127574300099,0.3799184626726415,0.3589764802281614,0.3761277045331894,0.4024667552546042,0.3612820174317512,0.4126828327273095,0.3918674158069031,0.385481877449596,0.3756056890325716,0.4180552480338377,0.3954609427512068,0.4032870386252973,0.3859075280707387,0.3580562168957328,0.3704708624910715,0.3940381422486823,0.2530837493253131,0.241862819830807,0.2555000723576164,0.25446373677687,0.2499586856747271,0.2556991241597259,0.2493720124135841,0.2358437296714868,0.2476006807187616,0.2518684912765181,0.2469861848394927,0.2487022700934495,0.2479478599751878,0.2325268654414714,0.2306033653828763,0.2540038421790775,0.2467755459570533,0.2494234819309753,0.3511262410782336,0.3588922668234211,0.3737728955920225,0.4279256756121761,0.3895794418117297,0.3929737242392832,0.3472917731133442,0.3427453066137538,0.3656182122783491,0.4291429831496991,0.4054202608065083,0.3916633514720864,0.3765963667899399,0.3816360133210281,0.3879119034676606,0.4287852299079446,0.3982169123710832,0.3854690057309966,0.1686269799201554,0.1756835616690466,0.1754857796035587,0.1890635777372082,0.1851614139072843,0.1751417022183012,0.1723448087933299,0.1743152389670008,0.1721175271130235,0.1892964540854294,0.1853072280789618,0.178432381528502,0.1732087378232591,0.1736212495043112,0.1772043621800207,0.191927126597097,0.1832789342613061,0.1763160064301914,0.245371062935181,0.2733417465364027,0.2782653523395062,0.2468264309401142,0.2325595002776594,0.2428253448988684,0.2441728807681258,0.2576793019066805,0.2800630824168806,0.235833639914972,0.2388049427753316,0.232005389090375,0.2474668569290727,0.3115620818748468,0.2802290248100476,0.2362371960288705,0.2336135103819465,0.2346301429833488,0.2842530251831192,0.2721288050824704,0.2564318025863628,0.2661784898273609,0.2678257132209474,0.2641871993849527,0.2641061273451157,0.2703943034590637,0.2684667601718864,0.2574126749182568,0.3112861621238991,0.4981717944735848,0.3405599747348695,0.2865461202221766,0.3087773508484055,0.2679489163298534,0.2617215926542755,0.3556771234357541,0.312458066341879,0.3155008019525525,0.3128610895278285,0.3063730907596351,0.322654381521211,0.3247240808840139,0.3078257288225217,0.3169606209733437,0.2989823663531439,0.3187272097535825,0.3331532135030386,0.3461507470831506,0.3178899641105879,0.3266618518599102,0.3206623534767772,0.3091324949552572,0.3185512413280591,0.3270776567094344,0.0935701106200745,0.0472828552199331,0.0414697288106786,0.0,0.0441443458095847,0.0394139767086976,0.0368654793695419,0.0375451594109144,0.0407904929558533,0.2386941536499627,0.1879927558574046,0.041229911582473,0.0396368016762309,0.0455470805053082,0.0520981677751279,0.0365047387631207,0.044480714713817,0.0618617431841101,0.2698777946362725,0.2870002826880125,0.2873192006407059,0.3777655153766766,0.3414762348677627,0.3083080395811528,0.2791253911261435,0.3118292183022078,0.2849381502679797,0.3389391849427099,0.2962480080538441,0.2814662008119271,0.2568079619930614,0.2712711440112016,0.2627616298164206,0.3751324539519558,0.3336601743351224,0.2978871700418928,0.2501454313572964,0.2778911032898215,0.2709460297616815,0.309356906784842,0.265863794173697,0.2770574775272756,0.2460258793245344,0.2778875077947731,0.2490692802089817,0.3169949711296951,0.2590946315700222,0.27065122380111,0.2345345461837418,0.2602232673212015,0.2428901346260552,0.3142148755766207,0.252376796524306,0.2893868052239625
326907_14_consensus.txt,0.3813758544518464,0.4007618530108949,0.4023619565999752,0.3732312311517631,0.3971489495810587,0.4216104922835875,0.3748800965001102,0.428083181476822,0.410497209025408,0.3999789553407318,0.3922243952270925,0.4361967026681199,0.400312500621574,0.4136747044348929,0.4019637223277073,0.3769820392677587,0.3912674778824154,0.4112343086964429,0.2569002568444887,0.2440617981477011,0.2586780306142486,0.2463870006403752,0.2510595455747584,0.2556910605468729,0.2536581689989958,0.2370213246452728,0.2508765108912243,0.2409910976105891,0.2439754383523329,0.2481546206374645,0.2481070307110613,0.2327073046772838,0.2350612539984595,0.2467379878050266,0.2488184137465907,0.2513085381461479,0.3534112458567158,0.3610597195588525,0.3746735322045751,0.4219668072636935,0.3871635419321677,0.3917630914329955,0.3501930459712774,0.3447537899282338,0.365565494487587,0.4207109382052074,0.4017593195070539,0.3871496748950314,0.3753391227160101,0.3805811049193188,0.3846016615741803,0.4217197227187448,0.3949549840039736,0.3832941281809923,0.1786139729744498,0.1823661912597671,0.1864848091677728,0.1904683049012163,0.1864894721244248,0.1804864963262638,0.1820850624167533,0.1792330185144948,0.1814086760394033,0.1886601265307135,0.1848642122446584,0.1819035370687451,0.1841878087180575,0.1799394966236214,0.1883693609585783,0.1921253572522623,0.1845960808475908,0.1805812770115302,0.2618349258898149,0.2874776877023635,0.3028358770845756,0.2550262862257426,0.241969637105786,0.2583296351249728,0.2588080083951496,0.2721218905924658,0.2933916633746065,0.2468519221847209,0.2433109484632254,0.2452367351859976,0.2596411508238887,0.3274356005752281,0.2956880899157781,0.2477644362159772,0.2432294267081687,0.2494315919104295,0.3183004224148149,0.3054282630930522,0.2849753039388645,0.2951526465881855,0.2978854605271017,0.2946426358665093,0.2969955664918728,0.2999973878166599,0.3005847558632482,0.2907303752600789,0.3546446324999266,0.5541230981456664,0.3910534469484972,0.3249610699267471,0.3513817489722548,0.2978345424823132,0.2928142459513196,0.3955628446024306,0.3340061172504782,0.3368826776902089,0.3328884019815206,0.3294084997740825,0.3421713630371421,0.3422875177977005,0.3293435886793574,0.3351117561376604,0.3168532988158716,0.3439958075215656,0.3537024239685706,0.3650634811338626,0.3399475051302509,0.3453531521163029,0.3436419393465364,0.3322676424707325,0.3377674565794493,0.3448321656889739,0.1029957448730627,0.0621817894932981,0.0505737685866733,0.0441443458095847,0.0,0.0538481620023461,0.0475650030445855,0.0500207113609825,0.0495420353885727,0.2506085384670307,0.2010743668970711,0.0556589874804522,0.0539004227535464,0.0583041059736224,0.0608316854019683,0.0505417868534507,0.0567583313218698,0.0717892525663863,0.2753409061123619,0.2896864856444594,0.2884386111808794,0.3626293850360547,0.3331419607082928,0.3045538944967809,0.2816053652944568,0.3069033849551097,0.2830233703304081,0.3294657929438642,0.2945708838359344,0.2859979307895592,0.2688061544935749,0.276911067895174,0.2715099338670796,0.3590353955579637,0.3255062996739255,0.2963337334118101,0.2616192550930591,0.2915843227621089,0.2793124343526898,0.3069189160185637,0.2862354763703649,0.2828523552686626,0.2610307829902538,0.2956467981137507,0.2671233368390879,0.3109028811082943,0.2795506219322909,0.2758814636340894,0.2506639147235461,0.2779832429814277,0.2561855845513356,0.3113091141538291,0.2690764881943508,0.2924475824790029
326907_15_consensus.txt,0.3835134400454265,0.4017054547186873,0.4034490403980157,0.3771857210419327,0.3984700074948506,0.4242659354256339,0.3785031437685831,0.4305923174067025,0.4123960483044726,0.4035299265119541,0.3942567779003632,0.438302553074287,0.4042816540948308,0.4161192146942873,0.4029876505924008,0.3794189071688798,0.3922244765590328,0.41382157200416,0.2596868539168397,0.2485469029119364,0.26142167287842,0.2546123434397493,0.2551264952706553,0.2583556383447316,0.2559350962722391,0.2408737956035125,0.2527277315976377,0.2501640034287575,0.2491581179138187,0.2521475980060224,0.2518906987318665,0.2378545906346758,0.2375320996195142,0.2547056365439246,0.2526885115164994,0.2547420477628783,0.357941118894459,0.3664450024103871,0.3800553145728926,0.4279166343745402,0.3923943451810778,0.3971142901777647,0.3541452116922556,0.3488032969207495,0.3703644286686405,0.4282051771545418,0.4076517025507087,0.3935814563927948,0.3808024293340892,0.3863189196610896,0.3907675580357654,0.4289069823379137,0.4014189613395231,0.3897010871663084,0.1882982842994067,0.192847725508777,0.1961509919824884,0.2028891931031609,0.1991929758175814,0.1912654531696915,0.1914585241671744,0.1899656541010692,0.1899855605041764,0.2016315641779726,0.1966693510801462,0.1926468123774576,0.1938561847800173,0.1905729680538108,0.1981078960579161,0.2049700097451179,0.1964915849839776,0.1921232448887977,0.2602110491136749,0.2838801966289459,0.2971052740944877,0.254930525679633,0.2418014634292475,0.2555443448441679,0.2564559017952668,0.2698382092928924,0.2909970730752604,0.2467979877127888,0.2449203826292674,0.2435198689829363,0.2580628267147915,0.3249046366749155,0.2904580007082522,0.2471058017251763,0.2444366104978108,0.2485301896308129,0.3146463102784196,0.3039963709321895,0.2818684865008372,0.2965744006518775,0.2993577869484873,0.294578671450683,0.2948952392873636,0.300622518656727,0.2998577492137464,0.2899545146916047,0.3542278780086398,0.5483815376998002,0.3862977842092334,0.3248544917972822,0.3496766934189992,0.2983805802140082,0.2937243841553894,0.3925699710293067,0.3306845272675041,0.3351996544734099,0.329833422904322,0.3250623215399137,0.3410509506503487,0.3405332858385677,0.3258143740403838,0.3329634247171675,0.3141973010934116,0.3399345676326035,0.3529649570255131,0.3649765596155134,0.3370710535054435,0.3455613607757897,0.3422151560595452,0.3283025072843628,0.3350818193083285,0.3442103531082061,0.1114603958570441,0.0466336660144399,0.0374881852389812,0.0394139767086976,0.0538481620023461,0.0,0.0527245369418238,0.0552753432230446,0.0451980007509149,0.2459521152089117,0.1956666087922727,0.0506010410343797,0.0535528553871458,0.0478799061152308,0.0524595121768278,0.0414117579430382,0.0588227809041761,0.0767241144950503,0.2804548959845121,0.2950291211749736,0.2943720678377239,0.3706668667848163,0.3400457482421615,0.3114268530512696,0.2859599396011241,0.3132603387350556,0.288508262270323,0.337289347248813,0.3023824921208309,0.2898255658894832,0.2727903631990607,0.2818914107009433,0.2755295745823929,0.3676401218802887,0.3323653958862742,0.3034992760005188,0.2639914247965649,0.2937352243718294,0.2841457053712233,0.3149073238442028,0.2918734475204445,0.287546547009903,0.2631047430890163,0.2967700377183391,0.2690796695956017,0.3192675844087596,0.2843597441185252,0.2806790367305964,0.2546903000515783,0.2803656279342057,0.2592454182008019,0.3190579383851499,0.2730699595504759,0.2980490056045042
326907_16_consensus.txt,0.3694094661481131,0.3854443108867613,0.3875266312849419,0.3624074628765683,0.3815702361707487,0.4080992423993876,0.3641389782242861,0.4173708614250273,0.3974986695595888,0.3884512751333773,0.3808500242255093,0.4228436457066422,0.4000869133818945,0.4109010535158219,0.3959205110005221,0.3650614884705412,0.3759890295964503,0.3994351896260113,0.2569315503754801,0.2415371493599956,0.2591310403396392,0.249334666705792,0.2496925992258702,0.2566807258527426,0.2532253843096477,0.2347818046682803,0.2499631664165669,0.2474827659995675,0.2458476977759964,0.2474501034327652,0.2499021332742295,0.2328447481204563,0.233000954770528,0.2492029335289842,0.2459359611387803,0.250415119466755,0.3497767363346113,0.3582675692542665,0.3719521557486622,0.4238881271871939,0.3874247563568715,0.3905929541174373,0.3476459458595435,0.3429346510511237,0.3647029177055465,0.4259565852388576,0.4026864379029859,0.3904601946121779,0.3760246936114413,0.3805756557525832,0.3871993841557497,0.4249114613687368,0.3956804965827203,0.3833020236314688,0.1724281552901061,0.1756146850689575,0.1712247051741364,0.1859099940614612,0.1799668573092709,0.1727873871324803,0.1762716772991837,0.1742900161423577,0.1707334401240103,0.1867549250974178,0.1800181256405082,0.1772696992561968,0.177162194586181,0.1728822173569746,0.1740276274923395,0.1884994654993548,0.1783106156383453,0.1731979490669246,0.2621900611965344,0.2927273535443042,0.2992804935315014,0.2590317300954901,0.2460709843537998,0.2594797980106058,0.2608736596559957,0.2723075173719671,0.2921567456599909,0.2485243000693628,0.2487302253699681,0.2437676221730313,0.264880310061244,0.3222382240572798,0.2937113528062092,0.2485683776117859,0.2461098557506709,0.2514631361983497,0.2901515765118461,0.2764668897749729,0.2613145360546127,0.2708585843876605,0.2728463887054388,0.270337093244855,0.2710128333028976,0.2739291379542052,0.2734360515924905,0.2686319636425338,0.3234877603751869,0.5071724292031305,0.3559816006252525,0.2982342381819762,0.3215024654656275,0.27110478573967,0.2649878826407779,0.3626701062740558,0.3125555234654058,0.3143020980132363,0.3134755354992862,0.3067109143026059,0.3202914836154242,0.321690845953821,0.3069243913962083,0.3136878258213009,0.2997375296403817,0.3221333852844097,0.3316659641638786,0.3443179035209631,0.3165882460889619,0.3247115845461472,0.320120985704122,0.311094233416803,0.3161716517602464,0.3242095874830291,0.0868655723433242,0.0638214666110563,0.0540593618381883,0.0368654793695419,0.0475650030445855,0.0527245369418238,0.0,0.0355121577732759,0.0503082470401885,0.2394764133861748,0.1935529326228362,0.0507249287962565,0.0453443293643722,0.0596229159203502,0.0648487588172237,0.0546101034200958,0.0569288813376367,0.0671219880303368,0.2722081420009665,0.2861273512803208,0.286659718104115,0.3753224936987038,0.3390968064132096,0.3069185228473081,0.2813269834368768,0.3113277469416999,0.2858351764676925,0.3337890207247653,0.2929242687027837,0.2807370666397695,0.2600813589081454,0.2725640154319002,0.2648312449346157,0.3710395353391575,0.331148993654736,0.2959267311113756,0.252956222336973,0.2792711822697704,0.2719762155764975,0.3046293218986236,0.2723925352427798,0.2749051650742089,0.2514296339264987,0.2838240076034282,0.2577050295310279,0.3088171566607371,0.2662484130450799,0.269518385823968,0.2418671974832591,0.266611002183172,0.2472908065356449,0.3057434462933486,0.2573574708418249,0.2845919933403209
326907_17_consensus.txt,0.3658585075002882,0.3805427267511625,0.3815224996557163,0.359393711467483,0.3760978036514011,0.4039940891708546,0.3618058737720204,0.4133423495512076,0.3928496492528666,0.3850992749074109,0.376765795803287,0.4175366212272031,0.3990817260247929,0.4083858515611993,0.3903924126920621,0.3619057899418152,0.371679251542055,0.3943285575682367,0.2633856877338161,0.2487745788853033,0.2656743631850276,0.2606478875044473,0.2578165168603199,0.2639163276460827,0.2603506258000436,0.242225086716278,0.255574923379477,0.2595451320461599,0.2555440809407514,0.2566352000754293,0.2584224512157469,0.2408511637294488,0.239956625370489,0.2602341090333269,0.2543163481778947,0.2590965256252389,0.3581093130358681,0.3657486195136883,0.38099528166412,0.4363905801588572,0.3971415798642113,0.4009961562710771,0.3552732243341765,0.3510970415843033,0.3734106151867209,0.4391391391080397,0.4137892916125736,0.4018482911514134,0.385687760262094,0.3907282491271466,0.3978986521681769,0.436661236392716,0.4061145153065979,0.3930838190450316,0.1714338964581117,0.1767894580491891,0.171850311488992,0.1896883045793416,0.1827599831888378,0.1755571111900131,0.1759419412421046,0.1759837523831926,0.171670464817879,0.1903003270770824,0.1834888312012168,0.1790584238835926,0.1761362164186479,0.1745215628302112,0.1735700527604997,0.1919976831701006,0.1815854692850216,0.1758183300993785,0.2586534398755873,0.2892012750544133,0.2932078552439847,0.2590731251980713,0.2447577675676449,0.2559006092654208,0.2578673911658988,0.268787352515293,0.2885359846996209,0.2473791272253294,0.2483439420861053,0.2422922487939089,0.262677492018696,0.3173415028320931,0.2898801493782272,0.2480491750425493,0.2449573591752347,0.2490571802160808,0.284742176903805,0.2721914330375199,0.2585646899335714,0.2674445701593377,0.2689900538833392,0.2667428067186428,0.2662885201650766,0.2705329337384974,0.2689286975046059,0.2632040352413298,0.3139849054832844,0.4979693701566035,0.345151074852307,0.2905971340169877,0.311832291758698,0.2675973161872846,0.2612710793062582,0.3540915445213528,0.3187470894145576,0.3209404638506292,0.3189790264457812,0.3116459095014647,0.3271141055757525,0.3290533634401491,0.3121586098313926,0.3205134042519759,0.3048942060327952,0.3265728350780534,0.3385948402714973,0.35202797294831,0.3226568138100312,0.3319662481777996,0.3257417601110361,0.3156056567143395,0.323230436652679,0.33170512900206,0.088913392259581,0.065022978782089,0.0560783690738304,0.0375451594109144,0.0500207113609825,0.0552753432230446,0.0355121577732759,0.0,0.0501540495880625,0.2399615711852334,0.1945291324129172,0.0533647966471058,0.0500411358849817,0.0607331719721209,0.0666082111959198,0.0567336156702253,0.0584280410442623,0.0687642088988553,0.2743207161265388,0.2905767839399686,0.2912999279249746,0.385002924144409,0.346989260160754,0.3123722653213896,0.283838836216475,0.3166686397646074,0.2910376111738415,0.3440967989734957,0.2998030557707238,0.2859722794491084,0.2614959022458016,0.2761567038079136,0.2685965033390189,0.3813514746169417,0.3389267466631764,0.3009758955018569,0.262790921676082,0.2870914994639335,0.2820239781354487,0.3202736847469971,0.2769211396569737,0.2866301461595952,0.2599133199974659,0.290888593129079,0.2620241165095542,0.3247835300339581,0.2714903353908724,0.2810395057934229,0.2481056465495719,0.2723349214744033,0.2556955043641586,0.3224970664010307,0.2658110847048363,0.2972609966438355
326907_18_consensus.txt,0.3721452982881921,0.3902250840070707,0.3906948993744024,0.3650983240388825,0.3859843685012336,0.4117141791068661,0.3659165829315292,0.4197649194356501,0.3989497221662788,0.3923814387230706,0.3805793425185229,0.4259732155997007,0.3902234748813207,0.4003588315668906,0.3863619702899967,0.3659528031428678,0.3808415047933842,0.4017862138291583,0.2409278991336272,0.230612296476373,0.2415594531908844,0.2395864409230164,0.2383857433989717,0.2413521861871501,0.2374894853836977,0.2241384629344089,0.2340206214147997,0.2343341137717018,0.2324193966797061,0.2351314952099521,0.2337691521276035,0.2205818492866562,0.219640939016795,0.239722512178087,0.2364370996793425,0.2376689690365019,0.3416434863998425,0.3489902722011173,0.3632924183312376,0.4130109429840871,0.3765896806813842,0.3818653260736333,0.3375173029624037,0.3319759239002842,0.3542431777549595,0.4121585025335434,0.390727863305365,0.3773892847882223,0.3643949992261284,0.3687341767784922,0.3738495496743184,0.4133441811811664,0.3845983336134964,0.3734871041308309,0.1700788552594936,0.1760016860209177,0.1801980284984274,0.1872951527679767,0.1835604208264207,0.1752583678705832,0.1748799000009278,0.1725225890970065,0.1728854425341133,0.1845158971314191,0.18017356059147,0.1756296484261277,0.1755999602703006,0.1738713368828826,0.1814894092034471,0.1892242845817193,0.1808869593778048,0.1759493850771463,0.2421100394688693,0.2644214159793243,0.2804911100115177,0.2367479994756891,0.2244969267420131,0.2373915792834857,0.2383202400395276,0.2526478490332096,0.2728967784076239,0.2305940603801737,0.227773548961764,0.227515710906264,0.2374649436657812,0.3056069479195606,0.2739469484751247,0.2322877659352755,0.2284711314504086,0.2308954548697457,0.3060553979889739,0.2990909947219222,0.2769616597537094,0.2925707841168048,0.2944027240298865,0.288959719764204,0.2893688969496857,0.2955531926740029,0.2956889457742129,0.2827745626765434,0.3486525711294774,0.5462940227806534,0.3798002548504229,0.3186312510284033,0.3435971328414524,0.2945769953992538,0.288337097199161,0.3834624045988555,0.3258207185216406,0.3302648785112652,0.3232976412064481,0.3191790236752005,0.3361600680111962,0.3350859407716946,0.3190964386813988,0.3283637379793411,0.3080874810273819,0.3340095096815574,0.3479589905285785,0.3599617587807273,0.3322486392963206,0.340249347629328,0.3371229545468779,0.322211965878747,0.3301158445282759,0.3392083001631363,0.1090654564871016,0.0520861183428031,0.0398165961323826,0.0407904929558533,0.0495420353885727,0.0451980007509149,0.0503082470401885,0.0501540495880625,0.0,0.2516997355469286,0.1998624948555729,0.0506752363682743,0.052216118299242,0.0485718061811155,0.0485232535796598,0.0426029915708383,0.0543895157469087,0.0695202495266329,0.2553147357498417,0.2695100917791961,0.26713859997502,0.3412279577654118,0.3129673698537587,0.2842171166711011,0.2594300814664905,0.2845475905615409,0.2614366966749486,0.3115901181199767,0.277464446223064,0.264660111283483,0.2482162453203003,0.2554586920665542,0.2496107040181669,0.3391758639928319,0.3043820917707229,0.2769622489608245,0.2552773455073378,0.2840906607927316,0.2743046511571982,0.3072172559117376,0.2795750678439503,0.2791628703255284,0.2515240726404073,0.2860486684311532,0.257504699375815,0.3104917652225154,0.2713699105365634,0.2706337765412421,0.2430347203447986,0.26970276095863,0.2477181249444662,0.3113793856866529,0.2608752978384601,0.2884931630584333
326907_1_consensus.txt,0.5233112395625668,0.5401275482968941,0.5404568301201209,0.517087414826058,0.5341009038828908,0.5648969253164502,0.5176424635776193,0.5704431756374859,0.5519959885020747,0.5401179893769807,0.5368801240251635,0.5738276704655121,0.560109921047907,0.5742435965568902,0.5577519616311122,0.5188907732773593,0.5334804060963876,0.5542205114978138,0.454536712092235,0.437329750295234,0.4566095866337711,0.4413765333298762,0.4426133082762433,0.4523130870073792,0.4481101803429759,0.4307573679042775,0.4456804329855508,0.4388220960287121,0.4401777495946639,0.4434149637348774,0.4474756062191787,0.4247852239076266,0.4301960383036132,0.4398551110147437,0.4365443539131632,0.4480975818518438,0.5188985088144591,0.5273707218980945,0.5393539411477803,0.5881846781065256,0.5529368135461397,0.5582686569676696,0.5151212203436302,0.5093199844303946,0.5336298783510287,0.5927548083807466,0.5688693039429964,0.5578022794897493,0.5439386398788564,0.5497163055787837,0.557366166818209,0.5888234281026534,0.5624749710003769,0.5523250185322368,0.3403171199474855,0.3439414590803018,0.3369793874537876,0.3485022736261385,0.3439628552560378,0.3376048726762732,0.3439470515582279,0.3406422829824898,0.3397061422786009,0.349954049782216,0.3460753026584804,0.344725670515011,0.3444963413619355,0.3402657343779722,0.3388267177893418,0.3489123883948757,0.3441586075409901,0.3385107065869555,0.4307632160284953,0.458348016914698,0.4639180948674131,0.4253791594731346,0.4127997038819302,0.4273058768024853,0.4289150048144208,0.4389179305668023,0.4583644228451078,0.4130556903258942,0.4145092699308463,0.4081835959551014,0.4394868446179956,0.485564050668728,0.4589369532212402,0.4083821676764643,0.4058836996555754,0.4195897235124199,0.4399343710034813,0.4227311105241114,0.4136178989127508,0.4149806934248587,0.4185420752700182,0.4175409365758327,0.4217428366020321,0.4213647290518949,0.4213896573725542,0.4208080057195182,0.468580685554258,0.6399831616699814,0.5044238165117214,0.4454615778454673,0.4638904939609922,0.4170612789377337,0.4144906442723979,0.5063563870085233,0.4811152505947476,0.4839906062659125,0.4834698376192605,0.4763062054377052,0.4894775579215178,0.488896163858481,0.4757511461222492,0.4819140676417177,0.4711249837984255,0.491905967979477,0.5006606603293307,0.5146653116970867,0.4839217359376739,0.4934567517897861,0.4852147923117513,0.4801495909985114,0.4831073139842168,0.493333115680187,0.2718406713271264,0.2640954702353753,0.2528602501938906,0.2386941536499627,0.2506085384670307,0.2459521152089117,0.2394764133861748,0.2399615711852334,0.2516997355469286,0.0,0.3597284149245361,0.2502209252846903,0.2451395935015519,0.2618283397295649,0.267794941405576,0.2548753694099659,0.2595596315943069,0.2732145776644934,0.4094887360448993,0.4184264129493478,0.4212900098034247,0.5084069425135702,0.4734699858699969,0.440018040543837,0.4192934048376031,0.4496342699118081,0.4244313064132825,0.4682858509166365,0.425691625393064,0.4169329370480135,0.3967224204242328,0.4122492613615307,0.4025027338471076,0.5042850787747319,0.4662022764898985,0.4291768337237833,0.4281748248527037,0.4486758053072357,0.4438694860688699,0.480643778910558,0.4467633380993803,0.4499177686982065,0.4268143174410141,0.4584754248943596,0.4289003961308992,0.4882842662957856,0.437547261342285,0.4462679149070112,0.4192701690740321,0.4389450807659578,0.4240564174068524,0.4851456736903969,0.4281065724281134,0.4629516466778547
326907_2_consensus.txt,0.4767968760896011,0.4954473222111062,0.4956887527609765,0.4742628856337383,0.4905877577531754,0.5196390497837982,0.4767484484344422,0.5271303287042386,0.5069948834578497,0.4953852941318182,0.4907306466694123,0.5342855852441701,0.5147259483550215,0.5234181015893213,0.5075966340082942,0.4764763159047831,0.4891217660678357,0.5095900310171935,0.382338131284083,0.3691860033671794,0.3865914172506528,0.3755458211156437,0.3744949119706291,0.3852758893702024,0.3798197341869986,0.3645529719853222,0.376368212652018,0.3766416292755039,0.373403643381728,0.3764471079708542,0.3770973664021682,0.3604682948548969,0.3627492204995519,0.3780691902264514,0.3678657692110647,0.3779686999922624,0.4815729251703153,0.4890543029428045,0.5035715003184826,0.5508114909415838,0.5148778173731579,0.5236886210224476,0.4779455745741394,0.4732264698780781,0.4972579797411036,0.5536287655203687,0.5325852761206313,0.5187727302651517,0.5051928839984967,0.5120396875654158,0.5182809338981151,0.5518028049005537,0.5282561432107826,0.5150292358957813,0.2988976491760731,0.3003904527792755,0.2984565316694976,0.3093919527607269,0.3056532841195754,0.2977666260187455,0.3009322570499932,0.3002162659355036,0.2987792669333693,0.3101956813693753,0.306991035059351,0.3046541985983531,0.3027457918694303,0.2998044470357612,0.299941498420555,0.3103269416064584,0.3054761325131778,0.2999506546011545,0.3768494024708282,0.407440967882561,0.4135660802712095,0.3776428980307642,0.3656319170357704,0.3778096879768213,0.3760087507996594,0.3913205780354332,0.4154802550860204,0.3624093675091231,0.3675129745832102,0.3608986678058059,0.3824856311566869,0.4391054346340972,0.4128624959512379,0.3620992680848793,0.3598239042754017,0.3680388035498083,0.3960587742494503,0.3796302473061033,0.3667865519635462,0.3767043535513004,0.3777652398884648,0.377041824407172,0.3755104572021466,0.3809496034753543,0.3793931968968991,0.3763150203174739,0.4283722390270981,0.6011433111693307,0.4605237512665994,0.4034221694929485,0.4256481502243794,0.3746712941557533,0.3732165622378893,0.4615104924659619,0.422005547680051,0.4245961416703849,0.4228308464102319,0.4164704503859724,0.4322996627811371,0.4305959976720963,0.4166183935958898,0.4262811880278008,0.4126014312470509,0.4314162466118318,0.4436999781252417,0.4552137913457699,0.4248329384705833,0.4350755745297547,0.4301202816574516,0.4230689797507487,0.4274849172509434,0.436578452697578,0.235023692128717,0.2059332796262687,0.2015331595390073,0.1879927558574046,0.2010743668970711,0.1956666087922727,0.1935529326228362,0.1945291324129172,0.1998624948555729,0.3597284149245361,0.0,0.1813527166974005,0.1890805092451124,0.2041154149246828,0.2127189297605305,0.1962445818205296,0.2007052881952091,0.2138586141889753,0.3763006526536827,0.3860915231228645,0.3893333525503379,0.4773043537439854,0.4405761575921119,0.4081076523305533,0.3846701483957169,0.4145765172120903,0.3894547780455752,0.4367822075925502,0.3933381732807284,0.3820077575516869,0.3635495675343492,0.3750001627241346,0.3678205915948283,0.4710459830737754,0.4329981990232099,0.3966056546458105,0.3786969182369368,0.401766431062228,0.3963070416310437,0.4279105844018218,0.3958646462551627,0.4008197603547359,0.3771316334468721,0.4080792894404119,0.3802661663912587,0.4377463890268203,0.3907436908541939,0.396958092634474,0.3673172939834153,0.3920848827203791,0.371841077037164,0.4348554984690622,0.3816687320817706,0.412864210939297
326907_3_consensus.txt,0.3757917935977168,0.3940961153935873,0.394333213248732,0.3714640980801782,0.3895233863973359,0.4152885779501503,0.3734365830358328,0.4260542754527527,0.4059697536324123,0.3984580432742675,0.3881962077416929,0.4321431251496079,0.4021932662697374,0.4091185052721435,0.3929457742734712,0.3690031712028485,0.3818817775113672,0.406580713715531,0.2456084856650591,0.2362277993264996,0.2488223420307385,0.249144365224474,0.2444125770547067,0.248273974208903,0.2437682857763796,0.2327765912170605,0.2427617333780141,0.2470328555311454,0.2398831318849907,0.2428325057125988,0.2399892215234587,0.2294144590449462,0.2270334042354278,0.249737264860375,0.24095749634035,0.2419242930841711,0.3514205595577699,0.3588913792248362,0.3725471727805214,0.4237280271641808,0.3870652569143225,0.3913609510942848,0.347584164178162,0.3437957277227461,0.3654553599521257,0.4231358246064083,0.4021129039293143,0.3885140005362899,0.3747395092281707,0.3798264721555959,0.3852397718449829,0.4246606260455685,0.3958996431744026,0.3834739736130004,0.1861587037909942,0.1912062531302218,0.1940159406795558,0.2042153167528617,0.1995307117609996,0.1900961908858427,0.1895955452229536,0.1888878520680386,0.1879533715879482,0.202019378875665,0.1982590621663185,0.192933028884461,0.1908572156612713,0.189956007243655,0.1952860331073544,0.2054975091414519,0.1973338219036478,0.1919175761438509,0.2527603788824848,0.2791167149780449,0.2905093851355786,0.2513831901243719,0.2384812688757236,0.2501007126954704,0.2516664959259103,0.2672659547347962,0.2915305637973659,0.2409016845913143,0.2451514074101304,0.2397553690691083,0.2501469538043963,0.3221361665995879,0.2899394178529881,0.243731759616697,0.2404394332049477,0.2413604976031074,0.3049179057557083,0.2946454645404124,0.276178343647036,0.2907301375692022,0.2913383808370078,0.2881962106919786,0.2858109742760213,0.2948698002351122,0.2933866165297303,0.2830745925708733,0.3427813251992475,0.5346403864489417,0.3700601254489477,0.3155838435863174,0.3389346336263621,0.2922314774270198,0.2861935150570289,0.3840790698944154,0.3206986465606505,0.324669938865668,0.3201298626299049,0.3150475360404385,0.3320099790290385,0.3333572242325608,0.3155739552243162,0.3269080740160888,0.307819346510481,0.3291124788114743,0.3439042556466347,0.3580079895682218,0.3284293375322917,0.3380076163042176,0.3319652024348301,0.3183178255983883,0.3283499286034335,0.3365635585224638,0.1090810251346781,0.0518071971277471,0.0530636024475548,0.041229911582473,0.0556589874804522,0.0506010410343797,0.0507249287962565,0.0533647966471058,0.0506752363682743,0.2502209252846903,0.1813527166974005,0.0,0.0443096755568319,0.048944302106765,0.0597859260750865,0.0449963379232691,0.050529949116445,0.0639592481765412,0.2755006455581998,0.2911640958519186,0.2906424669122245,0.3724533119803439,0.3400786087804412,0.3098592156361484,0.2839091422049442,0.310696042425473,0.2857647441283575,0.3350267343331872,0.2967832940517922,0.2846442482151339,0.2648782071358688,0.273778449438506,0.2671166951236152,0.3693652311670021,0.332857727191115,0.3010527007742212,0.2526008292231623,0.2815925731317392,0.2728700277053946,0.3057264291562163,0.2787902726376146,0.2775079233188755,0.2515747676598181,0.2842835605457239,0.2565003467112703,0.3140725375566902,0.2686247981104657,0.2712944785480999,0.2406799075980181,0.2671680780582619,0.2478701984980134,0.313049766775876,0.260121298615747,0.286721837306171
326907_4_consensus.txt,0.3571546060998543,0.3762107826904994,0.3769929949777406,0.3541612708296924,0.3730724697848337,0.3977708740685202,0.3555061686739371,0.4087425116043945,0.3908514500978484,0.3801062795588805,0.3717129634652494,0.4122211411143794,0.3876211673704155,0.3969481891464603,0.3833361849470194,0.3517655936055952,0.3650356461434754,0.3887207063687405,0.2483788836513838,0.2367082312691479,0.2532071492674248,0.2469524504290561,0.2452693639626559,0.251104510852862,0.2463127725183476,0.234128767107645,0.247791212356212,0.2443265137709218,0.2402457527954347,0.2442016807211544,0.2433273412500192,0.229834809628592,0.2300091033522378,0.2484284169127626,0.2413124221464286,0.2425886059871658,0.3563538271045843,0.3633774979400748,0.3771650092409331,0.4252621638877798,0.3919209952605591,0.3953257529206233,0.3523109617490263,0.3482473854539769,0.3708039677093424,0.4264860481596031,0.4052689504736051,0.3913708622344884,0.3793068077211323,0.3852561667606657,0.3892496831113021,0.4267258963943021,0.4000675129149442,0.3877519433959335,0.1776186674929789,0.1822717796815176,0.1840434318758497,0.1916033996133954,0.1894648828967504,0.1811289084861371,0.1812054594694707,0.1810249035798854,0.1814609728626841,0.1911355444054834,0.1888498405525531,0.1852875837371002,0.1821657018736679,0.1806733172620589,0.1857150791075774,0.1936145166143958,0.1869360343074362,0.1817864590643303,0.2499016770687205,0.2779259953586006,0.2893006662349542,0.2457201102170074,0.2339150854406178,0.2491680508421048,0.2502302477827811,0.2653888028414073,0.2901286801050737,0.2328804761270575,0.2393786951066232,0.233154858449371,0.2502756457535362,0.3207707451378887,0.2894848889043118,0.2359059479506164,0.231957174309116,0.2372263301149146,0.2880955544739798,0.2713350527731037,0.256642236865968,0.2662291210668961,0.2673941472878098,0.2654994307933194,0.2656684079386124,0.2711895359443694,0.2697496374941295,0.2620975256718765,0.3194277333173296,0.5086087343351053,0.3503478115947409,0.2933046600908824,0.3164416530182663,0.2676614777130446,0.2643859333725586,0.3623284042077159,0.3020917840571187,0.3047452307065832,0.3015968082326701,0.2974287694147328,0.3125308938478923,0.3118021405501885,0.2974542005311242,0.3079343431617189,0.2917965377897218,0.3099798406695626,0.32216255197714,0.3354331474163743,0.3067350946348171,0.3160550151556123,0.3102428946795541,0.3008347935464464,0.3082854198381071,0.3154920102776195,0.0978018695781237,0.0495599921066087,0.0536268065300795,0.0396368016762309,0.0539004227535464,0.0535528553871458,0.0453443293643722,0.0500411358849817,0.052216118299242,0.2451395935015519,0.1890805092451124,0.0443096755568319,0.0,0.0485462619045335,0.0628523824484048,0.0443154903661096,0.047358349607169,0.0616807489705202,0.2628078466881192,0.275317105942058,0.2765569539532215,0.3585177224178615,0.3256176724030908,0.2956739998780797,0.271593053012559,0.2998826400067322,0.2740891039812396,0.3193809483535759,0.2802359680508175,0.2688894310910044,0.2502785623845796,0.2600433096523389,0.2534608106623288,0.3553210082187448,0.3178323409540375,0.2862276357466236,0.240856561543147,0.2687118713746983,0.2592609903299774,0.2903225224619987,0.2674045240955891,0.2648395728720771,0.2403725327724615,0.2732818034414137,0.2465306244844178,0.3011576762379526,0.2589967568473845,0.2585407035604419,0.2287015808592656,0.257188345209105,0.2364007701911532,0.2985650120362919,0.2485868462891716,0.2748322056331496
326907_5_consensus.txt,0.383187749405387,0.4045526081777026,0.4031433149098191,0.378406084741151,0.400446177476752,0.4237451843569175,0.3806412034212236,0.4327721882077853,0.4162634773598554,0.4061190504492984,0.395426494394389,0.4397503794082844,0.4020532769699905,0.4123022240598004,0.3982129682635325,0.3765240036495925,0.3909399751448887,0.4133692627023073,0.2443118797131021,0.2360938589185082,0.2469285553805171,0.2468246190914449,0.2444001802871938,0.2456849345104572,0.2418056138403272,0.23232441733618,0.242902443038826,0.2427737648627896,0.2372454563448052,0.2407319643563639,0.2375127191467605,0.2284503808351665,0.226891219362912,0.2474791970381673,0.2404847492736621,0.2400965074522005,0.3636088479228299,0.3710133467289687,0.3842570828331269,0.433012760543356,0.3981280271483207,0.4028803247801065,0.3592704088015352,0.3541731786100861,0.3760834552169818,0.4312812407268076,0.4122290900140015,0.3971612822360342,0.3850178364491796,0.3898254145026634,0.3943531619648617,0.4335386577167455,0.4060507048139357,0.3949283355726543,0.1969838924079496,0.2029855019393274,0.2093167564426856,0.2134720552965596,0.2103958879142524,0.2017718919736566,0.200404012243176,0.1981230019596793,0.2004307255675321,0.2111629522597695,0.2082126261637071,0.2016936081689451,0.2025380454308774,0.2000551414931024,0.2099654645948092,0.2159101614656364,0.2080436431455723,0.2026015556314995,0.2575167097323856,0.2800714775931183,0.2964055366151861,0.2529947664037877,0.2413109459804445,0.2535458388193987,0.2536831043765168,0.2723109085141963,0.2962156924893264,0.2447143731567251,0.2463644017114141,0.2426358936644028,0.2513648210691457,0.3289587085715482,0.2939354304025166,0.2478065218590934,0.2439071738832581,0.2438541514339576,0.3206850537444268,0.3112453429474762,0.2883387092626002,0.3059420416024352,0.3066257345755261,0.3025614422474838,0.3007717637706442,0.3093045779989971,0.3086842699873706,0.2962891434075274,0.3632309888457996,0.5652853232470676,0.392052106866732,0.3325170776074486,0.35813138952782,0.3086962492566769,0.3029510732007949,0.4008973607060291,0.3293309356321892,0.3338593399602203,0.3267826335296746,0.3235986403507205,0.3414290596099718,0.3397467218585106,0.3237842596830127,0.3347289925495254,0.3137481864742959,0.3384473122630709,0.3533544845716179,0.3669370238832421,0.3365946632666592,0.3458266304264761,0.3412779932832634,0.326255309790362,0.3364648895586448,0.3438524705515,0.1195651483322386,0.0416228742142372,0.0454393056217306,0.0455470805053082,0.0583041059736224,0.0478799061152308,0.0596229159203502,0.0607331719721209,0.0485718061811155,0.2618283397295649,0.2041154149246828,0.048944302106765,0.0485462619045335,0.0,0.0534040619564493,0.0406895239845432,0.051543394901202,0.0695612512729724,0.275402300894811,0.2920278280713297,0.2891202905034973,0.3627106243209894,0.3346825763797341,0.30621847435037,0.2830315294672694,0.3063209865785232,0.2817730498032986,0.3309572829862759,0.2961123237309948,0.2845208043178751,0.267625670436864,0.274767214944962,0.2690016099834906,0.3606330719376558,0.3270509530484773,0.298923436822804,0.2564527056937429,0.2866808876654048,0.275458495262793,0.3057102719386861,0.287573330449117,0.2810580253750601,0.2552115727328328,0.2904539500707557,0.2627692928396996,0.314934760409244,0.2801660156629637,0.2736674304481248,0.2452005573994995,0.2737712321643215,0.2525933994762042,0.3152945622486314,0.2663781722740452,0.2892664904670816
326907_6_consensus.txt,0.4017431049103592,0.4225861297476498,0.4203227269123566,0.3947129769749651,0.4160317065902816,0.440708843687549,0.3960491706167026,0.449422865702374,0.4290909433776271,0.4224888942921225,0.410256679098552,0.4568461430982609,0.4159607764297135,0.4260276649342316,0.4125484290574661,0.3954285993350943,0.4097147507333147,0.4315171227589935,0.2512890532651965,0.243259402871125,0.2521423493667249,0.2516029310027186,0.249652790577727,0.2513484221493272,0.24786032929034,0.2366564736286065,0.2450492908414787,0.2461960560878289,0.242971637199389,0.2472045026152933,0.2434469680706641,0.2327521644554799,0.2321864230313401,0.2522652032928647,0.2468487396749026,0.2474499689115568,0.3601478074492661,0.3692283518210217,0.3816828020856775,0.4295469204410906,0.3948978134188508,0.3995585677924254,0.356306250994578,0.3511926189675094,0.3722071665065094,0.428900025606179,0.4092502546428171,0.39376383127858,0.3821796410144458,0.386412899464652,0.3909531311573424,0.4306812008116303,0.403062416243916,0.3915643247316396,0.1973666623753374,0.2033514625569168,0.2095930450602452,0.2149846125433008,0.211462813167568,0.2022530304734857,0.2005596757173577,0.1985894739121256,0.2010633381569917,0.2120055041628461,0.2074412744111811,0.201577974145966,0.2031036043374356,0.2003700784109341,0.2114211422070084,0.2168455714318966,0.2090421592857758,0.2031478411635099,0.2622512256731859,0.2830383287306972,0.3000906192158581,0.2557458141818962,0.2446112955195367,0.257967339435563,0.2576028362525058,0.2726460728007325,0.2942749509405544,0.2511461762421199,0.2489511502582999,0.2489047586850006,0.2549120654697994,0.3286801162770167,0.2942780563034191,0.2533287298144202,0.2511961411716825,0.2506342745203298,0.3400511596676026,0.334826215495049,0.3087385317996869,0.3277893200116537,0.3288105706877573,0.3231483374999087,0.3226273429851929,0.3309258039618825,0.3303250404641034,0.3163372696974171,0.3863011725683876,0.5907012874508055,0.4169617377205057,0.3538206937346047,0.3809693238936873,0.3306936061547105,0.3229918161221228,0.4208580411854825,0.3536328238840482,0.3579648858083679,0.3499014036498451,0.3456356795035979,0.3638525683232245,0.364345077878152,0.346809448864029,0.3561158028443216,0.3343470038450036,0.3610461506717435,0.3768422615380302,0.3899830541397833,0.360374416400667,0.369730864319127,0.367078181317737,0.3492046300109521,0.358136392962642,0.3679175544358202,0.1269620821430379,0.056724668955109,0.0474098217195475,0.0520981677751279,0.0608316854019683,0.0524595121768278,0.0648487588172237,0.0666082111959198,0.0485232535796598,0.267794941405576,0.2127189297605305,0.0597859260750865,0.0628523824484048,0.0534040619564493,0.0,0.0500569330111773,0.0634857956001155,0.0786907009749278,0.287026084631151,0.3035275427138373,0.2996551411098203,0.3726192582381529,0.3453240221342568,0.316531470037642,0.2909104814546417,0.3159657344752027,0.2902594438000001,0.3432486470215217,0.3104986564441745,0.29758346495408,0.2812865832120472,0.2880472281805097,0.280987768431256,0.3704911540545765,0.337675059680901,0.3099881263520885,0.2685316628266037,0.2996647174262925,0.2876978039509339,0.3191706370900178,0.2977145382289379,0.2924285453212754,0.2657143753219912,0.3004494002925426,0.2693229611572256,0.3233605837433018,0.2888701322693663,0.2854957730064456,0.2570079226031545,0.283805896878782,0.2625487787479912,0.3255906922665126,0.2775087690687954,0.3009512055596062
326907_7_consensus.txt,0.3763654835626688,0.3980599274183483,0.3983676987051225,0.37197186789151,0.395181920476201,0.4181795317087129,0.3725610429697994,0.4256108937500578,0.4082413378196712,0.3987035155642573,0.3891388668287021,0.4330229165775066,0.3944804953053342,0.4063603167020204,0.3936392350791315,0.3701559940698118,0.3869137593045302,0.4072472840998564,0.2462193490926623,0.2371580287344699,0.2488562021053084,0.2441957205104756,0.2442115573915515,0.2474848154967937,0.2451268788484526,0.2331773411381021,0.2449870626795025,0.2370373150166678,0.2374992971291121,0.2417255643913058,0.2390776605001363,0.2271512576825287,0.2272512502722641,0.2451609602703115,0.242233820864655,0.242268619102667,0.3546116119322491,0.3613772712295713,0.3748358856503806,0.4200739083467297,0.3870366860017462,0.3911862113264632,0.3504239909857958,0.3452180146931276,0.3666415589347771,0.4179176534765467,0.3995037188329959,0.3840727943271851,0.3746319067716115,0.3798416478571624,0.3825069299221901,0.4206524290589541,0.3945160091293118,0.3836521201409937,0.1832130563777916,0.1887029346080488,0.1973156495982948,0.1971012320797491,0.1958689391359342,0.1882022891429571,0.1865402893692866,0.1846133695834559,0.1888951213400886,0.1945473801422679,0.1933918539057728,0.1887043519825155,0.1891020074849834,0.1872335312206736,0.198763142297885,0.1986715453214351,0.1932755098577487,0.1898934965892316,0.2502497760565312,0.2735383724949791,0.2898769733347279,0.2432353193954242,0.2311083259196635,0.2470667140555029,0.247586552867741,0.2637808997632191,0.2879471897055872,0.2342947627731284,0.2347868969052413,0.2351742473052382,0.2444978854616266,0.3226158013423159,0.2874682761453471,0.236879933982955,0.2329668702286973,0.2355371430857147,0.3163962231554578,0.3032755790207133,0.281851306707324,0.2944754514346286,0.2966828432444259,0.2923293970661582,0.2940439659385205,0.3003696225361629,0.300135031548649,0.2866392704058782,0.3528977795299255,0.5560072072441287,0.3873681175506753,0.3224449001493106,0.3493738886087634,0.2979718824661681,0.2933920161100403,0.3958362072129731,0.3282317942418586,0.3312305482754887,0.3255019170167514,0.3235664430604394,0.3386436523669935,0.3370810979581158,0.3234926355692842,0.3322021027588704,0.3124727035920287,0.3362195666196648,0.3490270539783537,0.3616590319567194,0.3354021198720929,0.3420504395094212,0.3396109650982204,0.3261899872979228,0.3331066158794691,0.340345954938531,0.1119079179667856,0.0405894848261354,0.0394752877766144,0.0365047387631207,0.0505417868534507,0.0414117579430382,0.0546101034200958,0.0567336156702253,0.0426029915708383,0.2548753694099659,0.1962445818205296,0.0449963379232691,0.0443154903661096,0.0406895239845432,0.0500569330111773,0.0,0.0465803451307209,0.065632483415527,0.272517244562497,0.2864730386507723,0.2849126444760976,0.3543803514373707,0.3278756832764671,0.3011952079957893,0.2788065471940619,0.3021739334851538,0.2776578412019255,0.3239828545061662,0.2909457075401889,0.2818832669828133,0.2649184621108809,0.2713702259764154,0.2660635373705844,0.3526849680738806,0.3202969551593213,0.2940396725438887,0.2515677683343895,0.2836265336622752,0.2701102086450859,0.2984719339490134,0.2813947080712609,0.274849151028576,0.2507149703261291,0.2858630069457213,0.2582932512287854,0.3062464618309271,0.2746197632891345,0.2676797213807305,0.2413945599579108,0.2702895939258276,0.2473939177681643,0.3059099406561927,0.2618253853383336,0.2841239971047535
326907_8_consensus.txt,0.3794405175991002,0.3994202803227793,0.3996585174480493,0.3762186347243954,0.3961496932493347,0.4210305026133483,0.3775238476536522,0.430579003037888,0.4137679771039551,0.4027488669096115,0.3935812264393235,0.4362151460383927,0.4071288059843212,0.4144996452066678,0.3986319264712499,0.3727676485494413,0.3867010055561231,0.4106555775235812,0.2580649609114545,0.2487607565248382,0.2617867418246824,0.261752121989943,0.2575030322054061,0.2605237699253919,0.2561091740299872,0.2462291508699898,0.256169921513397,0.2573160419563471,0.251890530319379,0.2553726296037624,0.2525085086180496,0.240957608376565,0.2389260275092652,0.2619740806446486,0.2541623874966419,0.2549772237806351,0.3691216362695684,0.3761414493493724,0.3899810786328359,0.4409801932521304,0.4056093500632727,0.4087712182701573,0.3650571973952665,0.360205500834116,0.3813029864453234,0.4409428166017868,0.4188469544460282,0.4039652160493325,0.3920111516574103,0.3962882807467736,0.4015530988563398,0.4411202899368192,0.4133233766502435,0.4008722218894469,0.1930685552101003,0.1998915164419941,0.2035016653595995,0.2108941382838338,0.2086050657557123,0.1998707755093143,0.1967851279052226,0.1966950071142079,0.198033323204676,0.2102529430847042,0.2075212161650803,0.2014504698259287,0.1977197567054354,0.1975711909450161,0.2056278249005352,0.2126797463415783,0.2058904696636112,0.2003788112324471,0.2576097316811037,0.2820033041554346,0.2950738964998756,0.2549006952437302,0.2426197682788888,0.2555373161766603,0.2550768874135762,0.2730419544241833,0.2984676811099582,0.2429412843157266,0.2489001046127654,0.2436961376413187,0.2539405069974805,0.330165058144594,0.2968669335966645,0.2481070020036604,0.2440913765150121,0.2452182574108263,0.3098544253822943,0.2970011149309961,0.2786800045201545,0.2910664365866147,0.2930746655730445,0.2886402899791349,0.2889283018463722,0.2955897198556414,0.2943285517300111,0.2824189310581033,0.3416685720354451,0.5349960036909671,0.3704994015647642,0.3139044673568811,0.3378950460762269,0.293313107656747,0.2876925869054219,0.3839252386180476,0.3274887011272973,0.3310045894329576,0.3258727846054761,0.3222341795667596,0.3381609842889759,0.3385599909771102,0.322889830288247,0.3337199462616809,0.3150531541782975,0.3338883841282722,0.3485531158697164,0.361652889048365,0.3335537833678756,0.3426881497621892,0.3371482160857546,0.3253266191642652,0.3341218248647202,0.3426118242857043,0.1148528961546269,0.0534512600996102,0.0551337540269898,0.044480714713817,0.0567583313218698,0.0588227809041761,0.0569288813376367,0.0584280410442623,0.0543895157469087,0.2595596315943069,0.2007052881952091,0.050529949116445,0.047358349607169,0.051543394901202,0.0634857956001155,0.0465803451307209,0.0,0.0649439548432511,0.2822068204197094,0.2978394092008827,0.2971285500199165,0.3770088995274108,0.3450725107645098,0.3158312339274474,0.2909013690351401,0.3178910047066878,0.2915624061831465,0.3424377929993198,0.303523026802722,0.2922282776798326,0.2711879315656205,0.2802269173389256,0.2744434198262588,0.3739855596581627,0.3371775315007852,0.3073811802275905,0.2641333733134914,0.2935937064647582,0.2844492207156612,0.3171721877569666,0.2892533457630399,0.2902850681909612,0.2625776506083745,0.2959014076614394,0.2662522402076455,0.3279792915752857,0.2799111474164597,0.283021868352673,0.2505491989938271,0.2786653279677793,0.2583432614956606,0.3264480809991923,0.2708413831246794,0.3010578972144699
326907_9_consensus.txt,0.3850560839284789,0.405237031169591,0.4049926860291108,0.3819865624336316,0.4023530504413202,0.4267475978789719,0.3830315503393677,0.4364517121944118,0.4195077764354167,0.4063462166960718,0.3995255847598002,0.4423765578603138,0.4106563442958446,0.4191624681194419,0.405343006395924,0.3792633889362697,0.3924199571072932,0.4167149322068013,0.2670789737634962,0.2575818395148914,0.2717164850437008,0.2678516135762194,0.2639239472765808,0.2684951828967605,0.2655662980434456,0.2540831294133632,0.2658692770671678,0.2628911478249627,0.2600649218679827,0.2626547394705696,0.2621489593486181,0.249441826429269,0.2488275052935833,0.2684303088804114,0.2611342355222454,0.2626432590365688,0.3788306197151172,0.3849415845532249,0.3993344862406331,0.4490811253966136,0.413901787628248,0.4175681841994745,0.3755203089632779,0.369770239489295,0.3910555610881161,0.4501536529404113,0.427852537770395,0.4128624998176278,0.4019188672331033,0.4052316921627366,0.4100805773042495,0.4506971620295381,0.4222982986944785,0.4097171718230541,0.2022699831511722,0.2086351108668118,0.2115963442614159,0.217758184951041,0.2150097837733966,0.206925771222437,0.2061151544231947,0.2051748434217088,0.2054594576619592,0.2177098081585846,0.2134736753344732,0.2090659429763306,0.2077558376448287,0.2059727318969884,0.2134820839724831,0.2199923894025275,0.2131014459262701,0.2072800913038861,0.2718195663473288,0.296727044695583,0.3117143453835957,0.2675205611840709,0.2573863049225871,0.2698183447960431,0.2710285759407682,0.2875528739951392,0.3114589959245464,0.2572793518120768,0.2595005017904661,0.2571944525056082,0.2689336515001272,0.3444953540682256,0.3098043593071757,0.2618686001615593,0.2560335762982895,0.2578573138536768,0.3170232055517772,0.3046220930753058,0.2874978962924501,0.2992834868203466,0.3005757167658807,0.2965750902393935,0.2970492577654902,0.3037731085171096,0.3017945735877596,0.2919835070026941,0.3524135848182474,0.5475543819208362,0.3829692551272678,0.3245487815652197,0.3488568979777824,0.301084502778842,0.2951006153949151,0.3938479831036545,0.3323857941057824,0.3348697532727911,0.3309638373936039,0.3269805286180727,0.3417790817990678,0.3412575243108939,0.3267266375721789,0.3367753312711379,0.3194393233701191,0.3406488147712707,0.3526407496809476,0.3659811691468242,0.3378579959854484,0.346234964137281,0.3421866085584391,0.3302373737791377,0.3377853533314621,0.3453320343074431,0.1188105998027033,0.0712291342798145,0.0724060131867254,0.0618617431841101,0.0717892525663863,0.0767241144950503,0.0671219880303368,0.0687642088988553,0.0695202495266329,0.2732145776644934,0.2138586141889753,0.0639592481765412,0.0616807489705202,0.0695612512729724,0.0786907009749278,0.065632483415527,0.0649439548432511,0.0,0.2882582799990416,0.3024444368949943,0.3014738789207527,0.3785199703021789,0.3472214801184847,0.3192044769962727,0.2958112378087065,0.3209562124234963,0.2958111694275729,0.3443113498939425,0.3071624936664747,0.2955394729347418,0.2760205312450523,0.2852599538513232,0.279622938894434,0.3760962737148468,0.3398119887810686,0.3111045146185631,0.2690360060805723,0.2995359377899156,0.2898584497381513,0.3204749919015164,0.2981783269064557,0.2941881558085661,0.269452515177278,0.3028857156665232,0.2735333953254724,0.329852728118702,0.2870631764789166,0.2873602853519514,0.2583546754480608,0.2868949765584858,0.2653487414322981,0.3285161876510329,0.2779303928871144,0.3038076673777183
327059_10_consensus.txt,0.3158665472616668,0.3340085117149129,0.3397931546671699,0.3174272252445931,0.3355161462774667,0.3626970360056489,0.3113296945737573,0.3634087484119774,0.3492977959991101,0.3390227440986741,0.3291687980556688,0.3688251871231287,0.3397871439503142,0.3554788579935319,0.3446347923420809,0.3144725715771912,0.3347339489276493,0.3544585347890319,0.2570970448219078,0.2461741000067476,0.2599893498475651,0.250891267148198,0.2494532200979407,0.2591919046872384,0.2535189801179101,0.2412847758491381,0.2553897917120764,0.2492909053109961,0.2484695497824809,0.2517797114501476,0.2521444100464691,0.2399386324901691,0.2433548274584325,0.2498918256666158,0.2469131907483976,0.2513286812533231,0.351002511292215,0.3581372094081558,0.3714001738406374,0.4113719363470238,0.3789523969696731,0.390212797513211,0.3443288011047976,0.343617848741335,0.3669832704129305,0.4141713355856886,0.3949480703348627,0.3852618229276032,0.3731434158153739,0.3810939244661782,0.3829635471633708,0.412614860338266,0.3910046542087855,0.3842298594865525,0.211700716527396,0.2008983166144204,0.2002669163866031,0.2061772386234821,0.2028744227031573,0.199111985792932,0.212546941520447,0.2004092757999629,0.1977817174751948,0.2074696156753752,0.2048459734628807,0.2009506808071783,0.2131500500976244,0.2004362043214378,0.2026745876838198,0.2059036259826072,0.2006855323315264,0.2012159611529576,0.2594431865370623,0.2901309898530435,0.2963622551399112,0.2517412186623033,0.2406788370568904,0.2507038804317218,0.2555063372239203,0.2664815077840323,0.2899193925429344,0.2415815586295444,0.2366407853201693,0.2338995326339912,0.2637351063622972,0.3141077747814975,0.2874735557542216,0.2349729451262199,0.2327095002649173,0.2461777451879783,0.2886575106283935,0.2811104035713825,0.2637635085008973,0.2833869214173639,0.283298017969269,0.281424119962903,0.2756130061283386,0.2826951644014315,0.2840814198423125,0.2871120294265026,0.3547334206095058,0.5424375115997151,0.381393686209698,0.3239455747966566,0.3444880615199643,0.2819714056097879,0.2766663401067717,0.3774925398070579,0.2878375746437669,0.292813875741313,0.2862729300998197,0.2814131849373851,0.2935984329499241,0.2918783404960088,0.2779454774428131,0.2846369464404183,0.277275625509791,0.3018155519516732,0.3119452096882327,0.3254260779801328,0.2916188197221991,0.2986713905535723,0.2970245153112856,0.2855587836936806,0.29130915829721,0.302859625796664,0.3133810139232977,0.2836116655398513,0.2809223359524893,0.2698777946362725,0.2753409061123619,0.2804548959845121,0.2722081420009665,0.2743207161265388,0.2553147357498417,0.4094887360448993,0.3763006526536827,0.2755006455581998,0.2628078466881192,0.275402300894811,0.287026084631151,0.272517244562497,0.2822068204197094,0.2882582799990416,0.0,0.0343114840817513,0.0352271755713751,0.0876119386918503,0.0605761559145889,0.0436421118853154,0.0362314710400966,0.0471939021893739,0.0391543581185374,0.0690713857689573,0.0443649292798227,0.0353082487787261,0.0388278922154299,0.0349434952274201,0.0348557288864412,0.0896735180800973,0.0597693188114227,0.0389164259311627,0.2628651883417667,0.283866947492676,0.2791287411772991,0.3010819777911528,0.3017258696001903,0.2815262748275131,0.2617533992827319,0.2928302381785101,0.2763947856293214,0.3081762493128792,0.2902819673413788,0.273112675866102,0.2563994420802089,0.2826903766445348,0.2623317650719841,0.3066085878903237,0.2710116822262129,0.2888497855596057
327059_11_consensus.txt,0.3263574487275811,0.3471716150196826,0.3564914879315921,0.3297771328111203,0.3523149756765029,0.3788656961132517,0.3219279564154291,0.3765061778785359,0.3650318451256957,0.350411908808546,0.3440395790662336,0.3827142471521441,0.3482643815595097,0.3682798169115315,0.3626112276176236,0.3269828594614274,0.349665401763783,0.3686532788060788,0.2736448008692704,0.2592971082292763,0.2781214659138911,0.2575206356622068,0.2626376815867814,0.2744783009277149,0.2703586325669178,0.255637874391752,0.2740183938466707,0.2527305626588543,0.2586203622363747,0.2639227392834797,0.2669433768298574,0.2516446781460004,0.2592871015216893,0.256110761559956,0.2600222562529453,0.2639616231434019,0.3596010458462686,0.3663234291670889,0.3776430188735418,0.4109943701986758,0.3835591987344067,0.3941581858951082,0.3539886760636825,0.3520587972927984,0.3741430994608201,0.4135003502890946,0.3974523622246799,0.3881137661478036,0.3792078892148467,0.3867673566353886,0.3869669715897288,0.4136694312997022,0.3955991683896371,0.3894696991668098,0.2269124974923038,0.2124673685382916,0.2137124606850697,0.2121150302600796,0.2105294009897136,0.2090348084641675,0.2280225479677398,0.211971975226664,0.2121168171911698,0.2145592832620693,0.211810799341606,0.2115987407199853,0.2294842077488788,0.2122513671831214,0.2166278512489547,0.2115116482042971,0.2078867623864013,0.2114251695217603,0.2790125151284037,0.3102525378359928,0.324758892679899,0.2651476161014905,0.2549542253827539,0.2707865705468038,0.2759303362441656,0.2876506048156102,0.3099745139668357,0.25501393921828,0.2482469293105289,0.2486700928788572,0.2848668790794555,0.3384987153032774,0.3085334544650493,0.2472008046469476,0.2447972772531521,0.2644899266671316,0.309397529507045,0.2970660916977081,0.2808029187312542,0.2957169251606295,0.2959784291437763,0.2958703023532933,0.2940768096333741,0.2967667391263475,0.2990476188296647,0.3052448241464915,0.3779743019873862,0.5687223709558609,0.4091007194587526,0.3449058185376685,0.3680456236923355,0.2958844567472063,0.2926925950812915,0.4058837486415889,0.2948736176424837,0.2982703773582251,0.2935028469157785,0.2921539918218485,0.2992922646220322,0.2956371278487886,0.2853147671710943,0.2906786573419744,0.2859397059673334,0.310798940520506,0.3163410832300215,0.3287944395216406,0.2983816462752315,0.3025891022535205,0.3041198360985255,0.2959519460858359,0.2955732990774642,0.3071868521122987,0.3239717971360534,0.2984835052851444,0.2959684512210714,0.2870002826880125,0.2896864856444594,0.2950291211749736,0.2861273512803208,0.2905767839399686,0.2695100917791961,0.4184264129493478,0.3860915231228645,0.2911640958519186,0.275317105942058,0.2920278280713297,0.3035275427138373,0.2864730386507723,0.2978394092008827,0.3024444368949943,0.0343114840817513,0.0,0.0287249665899729,0.0649272870680945,0.0423687698320804,0.0316513811739156,0.0370515284911796,0.0357635762531103,0.0331001359492546,0.04778690594053,0.0305715062769849,0.0279334922722753,0.043304296799576,0.0290270032380703,0.0333659027283843,0.0650244400654642,0.0409213365385525,0.0291058244225013,0.2659176773517551,0.288192845773743,0.2795756548518753,0.2914309453784298,0.3140329222787628,0.2794677376877814,0.2684370587887841,0.3016738793427791,0.2866475914760826,0.29928909279419,0.3002152014566874,0.2713430636146547,0.2644146804763814,0.2921833500038815,0.2687299468349593,0.297185800676047,0.2789196342081226,0.2853408557755372
327059_12_consensus.txt,0.3359849817713325,0.3579131063569889,0.3651244459471456,0.3388827593574213,0.3615790079625789,0.3877763902406883,0.331014231423989,0.3853924425323143,0.3733918565824652,0.3596939062669726,0.3520228482989651,0.3928044972995828,0.3552726638099202,0.3749731748091385,0.3684158868484104,0.3363033986956445,0.3592059417861009,0.3781303941892133,0.2686069634580406,0.2548377217135176,0.2722140928376575,0.2538298057605281,0.2590600698502499,0.2680579100774771,0.2644397205757229,0.2515007609275947,0.2684647043560275,0.249899749396004,0.2540111178123254,0.259099370625993,0.2613755966376097,0.2473315161695559,0.2543981529674113,0.2537626721595742,0.2560219911778496,0.2599465283241571,0.3612987370238478,0.3684027173289337,0.3803628112270196,0.4148187658290112,0.3858926833360598,0.3963659269512121,0.3558183269588753,0.3538579044470467,0.3763607919389784,0.4166894615635392,0.3995693781164782,0.3909337573256444,0.3814480047224258,0.3887915152589514,0.3893283448219549,0.4174833238215925,0.3977887909179394,0.392460712648333,0.2290011016004491,0.2158294156888374,0.2180190818046981,0.2166105851325994,0.2155423959457181,0.212998133521804,0.2305712658509833,0.2148768158260416,0.2147546743330188,0.2182820020628142,0.2151536352843699,0.2143915681475086,0.2311696182038112,0.2154786939593371,0.221041107831958,0.2160853420888848,0.2124268135143978,0.2149324666982224,0.280443308015446,0.3091767098022657,0.3254934100925943,0.2672653204387174,0.2579933633714262,0.271191835529784,0.2764032007261541,0.2891881561030942,0.3114184552046524,0.2582444978906864,0.250407091966597,0.2524531599553157,0.2840227433201399,0.3393471012811346,0.3092592375825376,0.2510012416976686,0.2493151885538012,0.2667676666158556,0.3174479906653467,0.3076652774030179,0.2889707843615383,0.3066248606058579,0.306382125802628,0.3059478884405529,0.302524994631721,0.3069664734047741,0.3094943162133567,0.3134908493902131,0.3880479887725059,0.5822130567775261,0.4193157533926133,0.3544030440220105,0.3777260131813342,0.3065566881405672,0.3027293741599344,0.4123946150932163,0.3022982972799717,0.3066279442722148,0.3005979325759895,0.2982848620031326,0.307443999830447,0.3042237874573459,0.2926339200001422,0.2983276372417194,0.2914688374625598,0.3177180670794683,0.3248009141923376,0.3374092850818222,0.3062811711464874,0.3117054063264852,0.3122787522391448,0.3028229912410438,0.3035096604058047,0.3150934755195358,0.3281500578725271,0.2969020871153063,0.2933734699970429,0.2873192006407059,0.2884386111808794,0.2943720678377239,0.286659718104115,0.2912999279249746,0.26713859997502,0.4212900098034247,0.3893333525503379,0.2906424669122245,0.2765569539532215,0.2891202905034973,0.2996551411098203,0.2849126444760976,0.2971285500199165,0.3014738789207527,0.0352271755713751,0.0287249665899729,0.0,0.0636064277725836,0.0428679935715443,0.0313461407795827,0.0351053196514712,0.0348365234408802,0.0302139221638597,0.0487348016482265,0.033076957259972,0.0300963179952802,0.0444137469908483,0.0312410717775328,0.0334558861251252,0.0641323215824627,0.0420764699713416,0.0300561143302822,0.2714749026319936,0.2940962078653264,0.2844904706918072,0.2987486082214872,0.3184912819502763,0.2858929101858223,0.2712947441663011,0.3053491809649564,0.2902169233509468,0.3047941874799491,0.3065478019227825,0.2768729590127101,0.2694203245646278,0.2958523325170503,0.2732790420180429,0.3038336990087913,0.2822771831993833,0.290652831789906
327059_13_consensus.txt,0.4408262063416757,0.475654838790529,0.4937855712547403,0.4489614707287543,0.4868910015680825,0.5092443664991926,0.4334419086756398,0.4988669586981942,0.4962055353628827,0.4675166898750902,0.4661102208237722,0.5112168672219326,0.4368245867500597,0.4718058297201217,0.4812530976091409,0.4468045939995306,0.4797060736315117,0.4950074539565392,0.337838671745807,0.3210022399135468,0.3452102710015836,0.2980817403457081,0.3236376240957135,0.3336036240073312,0.3387733463906386,0.3199221256391773,0.3441804300469648,0.2823832084391995,0.3080029472414409,0.3195160420512444,0.3244854519151161,0.30916630845309,0.3253556533959596,0.2974636731044917,0.3235618387753547,0.3241646752326268,0.4293613938170786,0.4352775449511448,0.4416329584814953,0.454502916982598,0.4392900050446897,0.4496009465402117,0.425678038378777,0.4211506333238368,0.4365171271880257,0.4514397961877208,0.4470918671467849,0.4352695712582566,0.4391469328705568,0.4446873232454074,0.4370076076463363,0.4588840477992448,0.4486935974098713,0.4467853881912873,0.3334935911160208,0.3129268868897128,0.3263415586338212,0.297160448879378,0.2996031872573041,0.3048306628093229,0.3370095131786605,0.3054629613609627,0.3158388497946802,0.2967420743815054,0.2946306343335187,0.301578354164711,0.3400563392792399,0.3113590285740066,0.3302718892729359,0.2940337940765047,0.2949996093848348,0.3057617122853315,0.3916144820888227,0.4115061401420199,0.4571600023651143,0.3524834360421671,0.3472878302091828,0.3767836693273381,0.3844242927205599,0.4003732954272649,0.4217644910450993,0.3484520723199615,0.3292953110522276,0.3482923821324455,0.3808632911371497,0.4599674411712726,0.4206066692089401,0.3425648024140102,0.3378035847835399,0.3675074731224939,0.4797651297140355,0.4605022162918573,0.4342311313081168,0.4465577755403949,0.4490730719952083,0.4499864289571817,0.4561661217556683,0.450600457660105,0.4592155851208943,0.4646453663063639,0.5693446669264937,0.7940577308413914,0.6161916358535855,0.5202791439653183,0.5573726071242788,0.4510631058976422,0.4521793289608169,0.6013439511223169,0.4031671682193618,0.4048271610934648,0.3981297501773433,0.4051865148502642,0.4052785604074813,0.3944914318194321,0.394949004918768,0.3926229361183573,0.3886247744718645,0.4255179775015669,0.4183063598547463,0.4290637845245442,0.40650615363014,0.403377339113824,0.4171728922190425,0.4095830983829032,0.3964499108105279,0.4054833801087874,0.418838670947423,0.3685506769735802,0.3655497256390205,0.3777655153766766,0.3626293850360547,0.3706668667848163,0.3753224936987038,0.385002924144409,0.3412279577654118,0.5084069425135702,0.4773043537439854,0.3724533119803439,0.3585177224178615,0.3627106243209894,0.3726192582381529,0.3543803514373707,0.3770088995274108,0.3785199703021789,0.0876119386918503,0.0649272870680945,0.0636064277725836,0.0,0.0301271510796965,0.0453285066148438,0.0800974572060475,0.0444412690403837,0.0566419189058784,0.026723241756386,0.0471119574219365,0.0676172384135824,0.1167772537503992,0.0732208023678602,0.0874845600612808,0.0227155383128234,0.0301993287436488,0.0516616104006715,0.333710314685046,0.3704793254293683,0.3423256555189766,0.32308111629915,0.4176348325826211,0.3362573248785523,0.345817910633297,0.3869980938391926,0.377713197573513,0.3237085653288929,0.4017027709991865,0.3253037269306453,0.3490620409773868,0.3871097410780351,0.3443182130135191,0.326685918537887,0.3665077079071572,0.3316122314823246
327059_14_consensus.txt,0.3945543741421282,0.4241582741181702,0.4397353296640531,0.4012437149193708,0.4334209494578935,0.456929749395119,0.3894089879264406,0.449905861498749,0.4445337914103433,0.4198292589268,0.4177990660811659,0.4599401888542829,0.4016651781098304,0.4301216949599897,0.4341650229256402,0.3995665558984953,0.4274314823381822,0.4446622252667183,0.3165143594995285,0.2999895995537365,0.3221671098261431,0.2860186021029349,0.303484894293927,0.3140409844203802,0.3153133631566831,0.2981834455771128,0.3202013925620264,0.2745563105135673,0.2922891581378586,0.3016604421183224,0.3056891945227633,0.2901592422979533,0.3027697022615072,0.2852342442965039,0.3021905597341998,0.3040117550198999,0.4056720568279495,0.411499779422698,0.4203395479634828,0.4417949580967786,0.4212658900407859,0.4312155096971537,0.4010173391990079,0.3982718775353113,0.4158068663131757,0.4410106120344323,0.4318331493734142,0.421075496268056,0.4199404055812081,0.4262932298624307,0.4214872657328108,0.4449415117616446,0.4319429857214523,0.4279130332421488,0.2953029296827658,0.277171209930465,0.2845086266646035,0.2673501002098817,0.2675557163110049,0.2704004855131856,0.297796457688861,0.2725449923975702,0.2782150966351366,0.268454478390435,0.2658311032004441,0.2696833274457546,0.3000911705377191,0.2752365611907947,0.2885720875842281,0.2656162877716248,0.264164276438585,0.2719769833011938,0.3505841346267004,0.3753776560620494,0.4076606046743443,0.3226428203656546,0.3147734174124892,0.338078192687071,0.3445785925399782,0.3584413366699408,0.3806004327927184,0.3146765916867622,0.3010026706242392,0.312201018051276,0.345860426982707,0.415233602206662,0.3790779854639865,0.3090711558601704,0.3053012167327544,0.3294356983085862,0.4112646262793653,0.3940772641632897,0.3725069148815478,0.3859471657807027,0.3869612813443481,0.3872529796352673,0.3911911488791304,0.388392899386492,0.394414995673177,0.4004050959393126,0.492281425379538,0.7035115201949829,0.5320655361496378,0.4496347677803385,0.4809722090715951,0.3879810134408288,0.387809584276134,0.521677208102254,0.3590590190042881,0.3620880508114368,0.3554838167298939,0.3591411970686948,0.3622198733780877,0.3542142130464398,0.3506564859999201,0.3511738071730299,0.3464953272542637,0.3796046517705136,0.3766624301657408,0.3882631470161435,0.3622909895367812,0.3622815699346802,0.3706865436538749,0.3641313672508914,0.3561510554648777,0.3660279509734074,0.3809900164535698,0.3403034363045663,0.3379641592805491,0.3414762348677627,0.3331419607082928,0.3400457482421615,0.3390968064132096,0.346989260160754,0.3129673698537587,0.4734699858699969,0.4405761575921119,0.3400786087804412,0.3256176724030908,0.3346825763797341,0.3453240221342568,0.3278756832764671,0.3450725107645098,0.3472214801184847,0.0605761559145889,0.0423687698320804,0.0428679935715443,0.0301271510796965,0.0,0.0312539343738862,0.0552694197185168,0.0321362382993086,0.0396852009216353,0.0275274363715674,0.0316669819247081,0.044747231946939,0.0811672141887136,0.048885057489489,0.0594806022355527,0.03079035445759,0.0234509358144343,0.0342487604124883,0.3086290018823661,0.3410686201811721,0.3198476171539468,0.3129342188004926,0.3791804710002324,0.3148361420076639,0.3163850791717557,0.3541188972619586,0.3434678179026278,0.3162367047068812,0.3619985023444911,0.3066432097478504,0.317236521616806,0.3511035667364055,0.3163544717949342,0.3167585400031214,0.3340571311738074,0.3147526787401276
327059_15_consensus.txt,0.3594801738427264,0.3851273499355088,0.3960452912569145,0.3643343196332154,0.3918278716834678,0.4165134752580854,0.3547542501748992,0.4114041272871382,0.4024033152607309,0.3841226402186386,0.378986568009612,0.4206129186532834,0.372927970813059,0.3968975513535717,0.3943216284941755,0.3618675640751903,0.3865721910371889,0.4049405473809599,0.2867521141663687,0.2724556444970503,0.2919255006826944,0.2657241581127572,0.2758816036994034,0.2856980711526056,0.2851779038785373,0.2695981916550707,0.289070566511608,0.2586975522703163,0.2686880827915914,0.2752473072181765,0.2785776766561518,0.264143837947536,0.2731553708183405,0.2645856153704358,0.2734534246552513,0.2768515954435848,0.3796426747311301,0.3865839710483634,0.396520038910392,0.4254599299061858,0.4007129963476572,0.4105708892920177,0.3746432291565469,0.3718028545108325,0.3925679977772844,0.4264338884258336,0.4130614215371047,0.402599825992052,0.3970196601765892,0.4037537667875668,0.402222183413194,0.4279013678101648,0.4117964189907965,0.4069700545842316,0.2574733476206248,0.2415704258592867,0.2464225091682657,0.2385226469186108,0.2366505677570671,0.2368626107752156,0.2592969561384706,0.2386412600502296,0.2407636258234688,0.2397081076436862,0.2362549601064216,0.2376232225803392,0.2605310724735936,0.2406925980704954,0.2488079533867555,0.2373507404804513,0.2338833634779433,0.2383839986425151,0.309049997275558,0.3360232625751251,0.3596762712420052,0.2887383627780444,0.279366621848947,0.2974857679659379,0.3031404328343967,0.3166265084548847,0.3390650307678307,0.2808031061473635,0.2691635125474469,0.2754851937300415,0.3087187198456078,0.3702716997981916,0.3372374048313347,0.2740226401114682,0.2711417485940401,0.2919703024031292,0.357130841797268,0.3443797270383726,0.324148735498202,0.3407418622477891,0.3412801683657882,0.3408988014825134,0.3396324186363202,0.3414406329917305,0.3463313914159407,0.3515817821415758,0.4334525404901121,0.6350523872311093,0.4687522401631305,0.3959077363553049,0.4232335189587957,0.3419036083256195,0.3387348997373465,0.4598677188086064,0.3237274654683375,0.3274236337748526,0.3214562412511981,0.3219342904906028,0.3276732533587179,0.3225323034931335,0.3145875905247663,0.3178417867523961,0.3124826669689113,0.3423794990722228,0.3443689728260253,0.3563968219777891,0.3273699484318584,0.3300392027742447,0.3345357652495586,0.3266565551044031,0.3227360550002203,0.333307704825792,0.3483639359077024,0.3132748300354464,0.3093282747588937,0.3083080395811528,0.3045538944967809,0.3114268530512696,0.3069185228473081,0.3123722653213896,0.2842171166711011,0.440018040543837,0.4081076523305533,0.3098592156361484,0.2956739998780797,0.30621847435037,0.316531470037642,0.3011952079957893,0.3158312339274474,0.3192044769962727,0.0436421118853154,0.0316513811739156,0.0313461407795827,0.0453285066148438,0.0312539343738862,0.0,0.0397759655147993,0.0293395688064741,0.0320261321254946,0.0368122533569419,0.0302889948246303,0.0320894952599104,0.0576902358665698,0.0361919353075883,0.042290557382465,0.0460635433688878,0.0318877787111056,0.0263545881259794,0.2858470782108995,0.3126298004500256,0.2994016464310292,0.3032409188330121,0.3436220638814902,0.2971526321138356,0.2901927669213613,0.3261201834692286,0.3130347186874544,0.3080790607548564,0.3305157581145685,0.2876839416781465,0.2892938372532896,0.3206925437296277,0.2907683331913233,0.3073211757294771,0.3050111983253316,0.2990873011750778
327059_16_consensus.txt,0.3325677551502721,0.3512876107808935,0.3567190064670029,0.3341662402409611,0.3535212875020903,0.3799160322195511,0.3272557895307244,0.3782031907320444,0.3647174462121612,0.3550232340441397,0.3455734975440805,0.3866499011924098,0.3525995760548106,0.3685419641436702,0.3586679792121359,0.3305423315731559,0.3515540276219937,0.3707822746111056,0.2610476692811971,0.2497642905136352,0.2633161812591353,0.2529633865332705,0.25340123047188,0.2623176078663256,0.2567272213628513,0.2451390054596451,0.2598312833592047,0.2508913689412217,0.250185400745714,0.2544895977676269,0.2550997632566805,0.2439262160804247,0.2475234003904951,0.2525905842894218,0.2511015017223528,0.2544916996843369,0.3584986050669556,0.365391541013718,0.3787330300470231,0.4167754538100325,0.3853839415355686,0.3962959798285688,0.3520504768161849,0.3509614593247505,0.37410984604033,0.4192078817028886,0.4015137668282307,0.3912591971045493,0.379623047610913,0.3881411928681579,0.389389149469828,0.4184141639698993,0.3977795452442016,0.391307872554421,0.2205590884719157,0.2098986238017488,0.2113107136403869,0.2147471920509644,0.2120832839011939,0.208628252043578,0.2219835118376778,0.2094744313254288,0.2073227853986168,0.2156142893908068,0.2125342767350915,0.2091624925074917,0.222698858291892,0.2095814398951638,0.2130215876816166,0.2141000571396354,0.209736487979292,0.2106315298547869,0.2682105670541332,0.2957919944992717,0.3087437836888789,0.2589287164730116,0.2483372725317494,0.2582956213083278,0.2628050819623695,0.2748861134269624,0.2973164681274625,0.2502154635777209,0.2431137038966611,0.242996819357689,0.2706861682248203,0.3231262650752136,0.2945440453277754,0.2432969516467764,0.2403039512201914,0.2556552642999641,0.3059774445007797,0.2994815492017899,0.2799913099447089,0.3007504915129573,0.3005515119752324,0.2984428588674426,0.2926851925994604,0.2998366264955301,0.3020387231842498,0.3041954413355938,0.3760912381826387,0.5688057151186605,0.4037620343087518,0.3428679547673035,0.3652621077891282,0.2995964892147356,0.2941265942128233,0.3977422502382559,0.3001785869615787,0.3052673377401014,0.2981729535425508,0.2938665341554376,0.3060223155149586,0.3040444370758095,0.2896326429305205,0.2973505155927398,0.2885501551453302,0.3147125885631858,0.3243624018828015,0.3377858879966098,0.3039648039302847,0.3113676488243584,0.310756290077002,0.2990129730545625,0.3028235734366191,0.3146665526683634,0.3235677463099975,0.2902496568297579,0.2858905883493641,0.2791253911261435,0.2816053652944568,0.2859599396011241,0.2813269834368768,0.283838836216475,0.2594300814664905,0.4192934048376031,0.3846701483957169,0.2839091422049442,0.271593053012559,0.2830315294672694,0.2909104814546417,0.2788065471940619,0.2909013690351401,0.2958112378087065,0.0362314710400966,0.0370515284911796,0.0351053196514712,0.0800974572060475,0.0552694197185168,0.0397759655147993,0.0,0.042486653188849,0.0376118493921531,0.0636962890749757,0.0453271623060231,0.0371666266304053,0.0435911759418523,0.0373008518366333,0.038973673998317,0.0806945904149643,0.0553164222712645,0.0385746603693988,0.2718061021231435,0.2936994854979424,0.2872858095514345,0.3062350105294058,0.3117002178605652,0.2878238422114378,0.2701612270362865,0.3010511979560668,0.2843984136403286,0.3120117033634635,0.3005185430415089,0.2790679266693026,0.2664006635218001,0.2913561686869776,0.2707026638142764,0.3117880216963939,0.2799841177310185,0.2939497188455249
327059_17_consensus.txt,0.3709617973715424,0.3963786539869005,0.4068735656769107,0.3748683256340683,0.4013926472445988,0.4270502379694676,0.3648732620939654,0.4223972539820551,0.4130301637581226,0.3948416317893404,0.3881434095118052,0.4322990058959028,0.3805680827224691,0.4037451087487653,0.400903195494287,0.3722643814415143,0.3972044869031421,0.4156882547529008,0.2835710161871638,0.2711513007895156,0.2896148207366309,0.2653479571170507,0.2754645502416046,0.2831509385933906,0.2828536328138078,0.2682668052388592,0.2856316810485246,0.2581984293221886,0.2666043065724679,0.2734807196370958,0.2762996085270757,0.2630598114269489,0.2716001701219497,0.2639970190050462,0.273029212275734,0.2758599413938754,0.3807922590899153,0.3875247848589644,0.3974945298999728,0.4267446991426524,0.4013318886500805,0.4110848605757198,0.3754667126107449,0.3733696178301997,0.3928404252719026,0.4262076071535503,0.4138839305935349,0.402849724638223,0.3971585058607978,0.404304351542077,0.4023817100448248,0.4286567208899932,0.4122389084465467,0.4075379829661791,0.2638852342347419,0.2490658168265156,0.254657188660218,0.2465575002741467,0.2450483421592295,0.2443509843938116,0.2661708050237585,0.2455450479350105,0.2481445435022031,0.2469911222674241,0.2428711988694907,0.2439485123664475,0.2679646772342252,0.2480293005728526,0.2579524145752359,0.2451927056610259,0.2418321931747442,0.2465702571151453,0.3115486249022794,0.3377967050712342,0.3619757580289153,0.2913338876182223,0.282644428740987,0.2996477807209743,0.3065401519692159,0.3198708817033733,0.3412861611265541,0.2843285764530563,0.2720534266449341,0.2795215503985844,0.3094791872300675,0.3726378205814775,0.3389665261737242,0.2782192284326896,0.2752435734775282,0.2943592264650831,0.3734725297571799,0.363322731002043,0.3408974067623269,0.3596840430868724,0.3603476074903646,0.3589892022469101,0.357201337496484,0.3600246964834426,0.3650064917695417,0.3684015098123261,0.4538655146261234,0.6597859634377201,0.4880395478005823,0.4145083347361762,0.442412222513834,0.3608304334252139,0.3567013100793126,0.478643323528896,0.3366849659586783,0.3415705391062857,0.3326994753215082,0.3332105867325268,0.3409043839459968,0.3359088375343546,0.3268825554531673,0.3306146408262975,0.3237677131385084,0.3548687573332465,0.3582469218874635,0.370197122599226,0.3411771867936402,0.3445908116212237,0.3492398217740664,0.3384783550867318,0.3366149448357767,0.3467999199389524,0.3561134817702154,0.3139780997566284,0.3103845568815266,0.3118292183022078,0.3069033849551097,0.3132603387350556,0.3113277469416999,0.3166686397646074,0.2845475905615409,0.4496342699118081,0.4145765172120903,0.310696042425473,0.2998826400067322,0.3063209865785232,0.3159657344752027,0.3021739334851538,0.3178910047066878,0.3209562124234963,0.0471939021893739,0.0357635762531103,0.0348365234408802,0.0444412690403837,0.0321362382993086,0.0293395688064741,0.042486653188849,0.0,0.0329873411063807,0.0373232134288983,0.0343963044150612,0.0374438782921338,0.0640088011630837,0.0390897115021431,0.0477493674460092,0.0447738185753898,0.0321522312207314,0.0308847583983222,0.2915064943582166,0.318857074577398,0.3047282155812283,0.308187621940462,0.3501525937187466,0.302825869743053,0.2952643645739101,0.3318264684871295,0.3169425593106858,0.3115946147380413,0.3364666512054839,0.2925696558886912,0.294028567795344,0.3247318348181238,0.2961506972666221,0.312604222702852,0.3103553659089968,0.3039956259240384
327059_18_consensus.txt,0.3469429268164425,0.3710821764077927,0.3787516176409298,0.3503374005703321,0.3747976986556445,0.4012073347600342,0.3420248896194771,0.3972598698421095,0.3856709008185959,0.3717524096603029,0.363574930339265,0.4057586508777504,0.3610571898296157,0.3810110502694783,0.3754713618741476,0.3480189272109264,0.3705605486985526,0.3909060913281834,0.2605254701648398,0.2474290822250218,0.2640146832422729,0.244303660621572,0.2513914596855002,0.2598586830514477,0.2576644339501541,0.2443768818540448,0.2612681185764955,0.2378325526212492,0.2442053569512836,0.2508750132298019,0.2525490853497523,0.2397648064564244,0.2476606148913838,0.2437796579487177,0.2483357864117401,0.2515672848752111,0.3627323119763375,0.369277736258315,0.3796945298922622,0.4125518356295465,0.3850646225592662,0.3953965422182186,0.3563661793400925,0.3542904148860373,0.3752503585283619,0.4140200126860911,0.3988948923989568,0.3875667550016963,0.3802424833202558,0.3875048750901513,0.3866558783922684,0.4155900033334134,0.3966187939399646,0.3912326063797557,0.2336523614996686,0.2204940448137087,0.2251952329657598,0.2209374701651754,0.218959929789829,0.217206981582855,0.2352476690668936,0.217391580996928,0.2192969666822648,0.2208552708615059,0.2168497239399158,0.2171872231987777,0.2368168268791741,0.2191665388007528,0.2283659007558753,0.2188603616250546,0.2152382860179749,0.2188604995663894,0.2832589242191226,0.3092163871675026,0.3297958990945133,0.2671317643665709,0.2575197192592142,0.2731261043597328,0.2774884334565044,0.2907076130616595,0.3141277672788618,0.2597293157435203,0.2497532986719051,0.254038790759246,0.2826078161456031,0.3430233147851531,0.311987991488543,0.2535546006678402,0.251131296367415,0.2683530771820912,0.3322975981689566,0.3230735926754136,0.3013075828056699,0.3201405401418071,0.32039484385243,0.319109149605115,0.3167216449401735,0.3209552887862976,0.324220749388715,0.3271213127941301,0.408797452601803,0.6111341250841811,0.441019375355058,0.3709250708846667,0.397991985803241,0.3211112837534848,0.3166316500333721,0.4337381138167728,0.3078738129758704,0.3119902357493309,0.3050863017527518,0.3037907822390053,0.3117868927147498,0.3078620271071131,0.2974387907089095,0.3025411283115673,0.2956005213759525,0.3242157254808759,0.3293445848506842,0.3419853287837462,0.3114115659127741,0.31649180113628,0.3190769551675494,0.3079037444920338,0.3072187967856408,0.3191530573858152,0.328745064932832,0.2890256551514731,0.2857208463436897,0.2849381502679797,0.2830233703304081,0.288508262270323,0.2858351764676925,0.2910376111738415,0.2614366966749486,0.4244313064132825,0.3894547780455752,0.2857647441283575,0.2740891039812396,0.2817730498032986,0.2902594438000001,0.2776578412019255,0.2915624061831465,0.2958111694275729,0.0391543581185374,0.0331001359492546,0.0302139221638597,0.0566419189058784,0.0396852009216353,0.0320261321254946,0.0376118493921531,0.0329873411063807,0.0,0.0459794170100877,0.0343629184397933,0.03386854994962,0.0520891155806637,0.0340636365932098,0.0373284345593738,0.0574974640298577,0.0387981337739482,0.0321164930731896,0.2618796102388501,0.2877252412536819,0.274899055870005,0.2834939273048036,0.3160857193230839,0.2738082258856735,0.2635932956308053,0.2984084573255714,0.2831611738321626,0.2877480260686837,0.3019813712820287,0.2655032303387443,0.2619962905235056,0.2907598922347709,0.264523384084022,0.2891010265472431,0.2777479177609478,0.2771638173560227
327059_1_consensus.txt,0.39942703187603,0.4311935706487055,0.4477666274090346,0.4068351164537134,0.4416607371404879,0.4656927499508434,0.393268266813223,0.4579716138113845,0.4518148396671364,0.425657561184984,0.4244168358072073,0.4685926385315113,0.4064917207098197,0.43824950899387,0.4437178181138392,0.404984843801536,0.4354989875127053,0.453197724297361,0.3014658404927246,0.2833033487410858,0.3083022103954924,0.2648915453587968,0.2871825278816473,0.2982900041095213,0.3012501787635351,0.2826739778585825,0.3072686982674355,0.2537996728257568,0.2738684563253706,0.2839111059652595,0.289253098268734,0.2729303369441034,0.2881258804698738,0.2639121958309118,0.2856447394483119,0.287414870675466,0.3882702733372483,0.3948806529388662,0.4013414424944663,0.4173811934216758,0.4009632304906212,0.4115777150639594,0.3843476467868996,0.3816752532049925,0.3991500636558491,0.4160481306921362,0.4093009029318857,0.3997084308588903,0.4002275805476856,0.407404647419419,0.4018010341912692,0.421998906723207,0.4110402915216014,0.4086556996416952,0.2890845026201418,0.2686009137876084,0.276107532373615,0.2543627299436544,0.2555231994460811,0.2596637655551177,0.291221661128489,0.2636676616005289,0.2697765903121158,0.2548950952254003,0.2525634223465332,0.2593506379235961,0.2941777874897227,0.2673967575341969,0.2800256777944625,0.251648088629441,0.2512893686977193,0.2609746523262473,0.3483401329352844,0.3724422661286937,0.4097807111322566,0.3140640612926759,0.3075382712684522,0.3346724333535675,0.3429496571878552,0.3554452471444165,0.3789794196812792,0.3071027705523974,0.2918456516211165,0.3047488125558466,0.3427516011091782,0.4117502248347975,0.3779302856198612,0.2999652105802219,0.2965146561693181,0.3250969091421432,0.4193793711691711,0.3988975949497089,0.3772145240200117,0.3892004516791196,0.3912111249687982,0.3935647234407362,0.3970117778831614,0.3928704883709066,0.3999296800807137,0.4085091728574461,0.5052315805042866,0.7167015077885424,0.5484008552896924,0.4608716674952724,0.4941344724699377,0.3916532540976405,0.3928747472309233,0.5354784425202865,0.3522233704834328,0.354362248932965,0.3496002544757139,0.3543103371227367,0.3540163545162542,0.3455363133748825,0.3434426868921001,0.3435152210581051,0.3406412581567792,0.3752926157515155,0.3686841019049325,0.3805151728980469,0.3543247650936187,0.3541596693956528,0.3639044200866834,0.3591462265790355,0.3474712258738073,0.3570149877692152,0.3750389718028586,0.3369133827943003,0.3357528599496788,0.3389391849427099,0.3294657929438642,0.337289347248813,0.3337890207247653,0.3440967989734957,0.3115901181199767,0.4682858509166365,0.4367822075925502,0.3350267343331872,0.3193809483535759,0.3309572829862759,0.3432486470215217,0.3239828545061662,0.3424377929993198,0.3443113498939425,0.0690713857689573,0.04778690594053,0.0487348016482265,0.026723241756386,0.0275274363715674,0.0368122533569419,0.0636962890749757,0.0373232134288983,0.0459794170100877,0.0,0.0327130980019561,0.0492872438296885,0.0906264895084021,0.0546594228669405,0.0661308537392457,0.0251523955404202,0.0270721081998459,0.0392723454147727,0.2890740357373786,0.3231054605000629,0.2987531319474179,0.2839820199213321,0.3665156730379877,0.2934317050974115,0.300327715826203,0.3399134000659316,0.3302868117422939,0.2868470519577712,0.349881533088336,0.2822384416566592,0.3012115106152038,0.3369167152150325,0.2994404083449211,0.2871404834924043,0.3186403548597738,0.2895261541035765
327059_2_consensus.txt,0.3488832477111501,0.3752554915617736,0.3875893608917948,0.3556860828223058,0.3824281973235202,0.4085193987922118,0.3450183706031247,0.4050086461376558,0.3957295212005292,0.3752576847790578,0.3718728358147807,0.4138305047209769,0.3677821355978956,0.3921813773047908,0.3908680341317634,0.3524728832715986,0.3781748435712444,0.397338585693717,0.2749312498809111,0.2587037452042864,0.2812241225389371,0.2493829231264648,0.2619181525306224,0.2743212801649903,0.2735188554620222,0.2563520916461215,0.2784705641063851,0.2430654933423888,0.2539102484715485,0.2614497266110334,0.2655275683202376,0.2501027003088296,0.2611093673868367,0.2488240277226161,0.2586833546384355,0.2636094239461108,0.3642858559229012,0.3706763553721295,0.3798804980817891,0.4075963133021183,0.3844327837070551,0.3937992554609053,0.3596204127041105,0.3574394202597766,0.3770831888186379,0.4088285653069725,0.3959732934636797,0.3861198233003975,0.3808014082218491,0.3890220800405473,0.386403952471742,0.4108447474801728,0.3950662223200929,0.3903429557594258,0.2471781864071474,0.2303147022885667,0.2331188420785643,0.2248302745069814,0.2235913993592149,0.2241522079770135,0.2490572097827019,0.2280629090933565,0.229929755168122,0.2267043865705531,0.2232385331615951,0.2260680112388549,0.2508818453643116,0.2291009268944677,0.2367529639058645,0.223580513065297,0.2203465934629598,0.2255322739616865,0.3043208651492932,0.3330425603399298,0.3569992199625069,0.2829977516065298,0.2733669187237986,0.2935570762036903,0.3007349936717709,0.3132182972194215,0.3358809400730713,0.2729205665963796,0.2639344612029717,0.2682044812343918,0.3051557008265426,0.3670144923779261,0.335430477083257,0.2661582765728347,0.263007419966879,0.2854434958885647,0.346364784870083,0.3279567852913345,0.310908244618048,0.3231754520866907,0.323451254761764,0.3257422753447976,0.3253482130779304,0.3253678378438387,0.3291939047405137,0.3376445103078289,0.4189055032265329,0.6174809468719289,0.4555945289468255,0.3820981053363681,0.4092268841630435,0.3240165073500733,0.3233340469543719,0.4513950064887027,0.302955152834425,0.3062107285809254,0.3028530465788712,0.3035461122987151,0.3069721530725502,0.3008856872747394,0.294898923021293,0.2976831619701094,0.294765099251471,0.3223714934633079,0.3217545912226214,0.3336071171650907,0.3053749460270367,0.3082466903987146,0.312413219535351,0.3076783412471791,0.3022169757108699,0.3120888930187639,0.3324311223028218,0.3030162547599815,0.3029802354441209,0.2962480080538441,0.2945708838359344,0.3023824921208309,0.2929242687027837,0.2998030557707238,0.277464446223064,0.425691625393064,0.3933381732807284,0.2967832940517922,0.2802359680508175,0.2961123237309948,0.3104986564441745,0.2909457075401889,0.303523026802722,0.3071624936664747,0.0443649292798227,0.0305715062769849,0.033076957259972,0.0471119574219365,0.0316669819247081,0.0302889948246303,0.0453271623060231,0.0343963044150612,0.0343629184397933,0.0327130980019561,0.0,0.0305360168873178,0.0561224798624238,0.0328484701242111,0.0395725405324896,0.0472442861970812,0.029510560086539,0.0289501720149161,0.2616623632231096,0.2890653398428995,0.2727836508815962,0.2725626849225477,0.3228279815063004,0.2702547232008818,0.267422260068539,0.3030787183149641,0.2925243008045441,0.2788958129631673,0.3088541491121326,0.2617782980282399,0.2661146011401456,0.2974526902084484,0.2674178344871798,0.2771007264147762,0.2816067045425612,0.2725343820804013
327059_3_consensus.txt,0.3293475115055173,0.3517962504594933,0.3586735076751211,0.3344727896891655,0.3545858997751558,0.3825903441572578,0.3264518149780109,0.3814210987073139,0.3694237045903499,0.3545725722745061,0.3481628601758331,0.3876772608047858,0.3548799870608228,0.3730297666998368,0.3655036453347797,0.3308304151913503,0.3517280115744086,0.3731863455222211,0.2605602665433508,0.2458536301791802,0.2646542307227193,0.2462121258920682,0.2502971875046995,0.2611127601407759,0.2570063201912624,0.2437169958214653,0.2620141993224187,0.2445930852042863,0.2462349919880253,0.2511223270400577,0.2532745431160492,0.2402316276398011,0.2465273442031517,0.2456372011983028,0.2469919162933607,0.2507270431507891,0.3556464805580681,0.3630474328038318,0.3749772660855228,0.4097706639175946,0.3810991812704678,0.3915121811445701,0.3500867517408608,0.348847360167074,0.3713489996305341,0.4125027694599623,0.3956151314978768,0.3861376028520311,0.37590234138964,0.3841419093606504,0.3849073881195934,0.4121360436848391,0.3928107415898729,0.3867041053115017,0.2292423516802131,0.2155633673695867,0.2152972305431646,0.2166730331702098,0.2135388281741939,0.2110793479059616,0.2307911983055355,0.214973525998829,0.212589845485553,0.2183016241058908,0.2143900900816611,0.2146009935284034,0.2316092764719641,0.2148392506895291,0.2171087230414272,0.2160404289479061,0.2109312200011999,0.2134014278590683,0.275658385074621,0.3053980353385768,0.3213255009072142,0.2632292455899367,0.2532713349153788,0.2670926633306116,0.2718066658679916,0.2848926082203,0.3090195278181795,0.2521954431551378,0.2463858041563291,0.2454592418746131,0.2805907456037992,0.3334528741731617,0.3045338040760867,0.2460588491709714,0.2430240456076049,0.2610505174244686,0.3100414968012828,0.2977822875221676,0.2817447751467412,0.2988084281279342,0.299001793448177,0.2993431476450645,0.2934423348912673,0.2990222218323417,0.3010766772574733,0.3078955330743547,0.3809291836437722,0.5698667007353357,0.4100853111172,0.3483097297890261,0.3708373421597386,0.2976393320698847,0.2945250640807089,0.4069786402220572,0.2877264405296138,0.2912815098509966,0.2866365386834566,0.2842617313990985,0.2925151852257741,0.2889806198514684,0.277759397040672,0.2844825604422638,0.2790844402636274,0.304103360931979,0.3096917065315878,0.3232772943470827,0.290002251004239,0.2975132011074031,0.2972040331169765,0.2886253883294927,0.2879324179481131,0.3006157449414104,0.3221550746132031,0.2922093134674881,0.2917290335225431,0.2814662008119271,0.2859979307895592,0.2898255658894832,0.2807370666397695,0.2859722794491084,0.264660111283483,0.4169329370480135,0.3820077575516869,0.2846442482151339,0.2688894310910044,0.2845208043178751,0.29758346495408,0.2818832669828133,0.2922282776798326,0.2955394729347418,0.0353082487787261,0.0279334922722753,0.0300963179952802,0.0676172384135824,0.044747231946939,0.0320894952599104,0.0371666266304053,0.0374438782921338,0.03386854994962,0.0492872438296885,0.0305360168873178,0.0,0.0417022931356072,0.0277526308132429,0.0308869055301954,0.0681158823190983,0.042753580829185,0.0293924727352852,0.2568105643568046,0.2803279872372144,0.2716067733006611,0.2828880759006331,0.3080668691874528,0.2710570063105635,0.2589620140649522,0.2927192277748247,0.2776567195688884,0.2906469890391392,0.2932422906574032,0.2625491377753128,0.2563018353351367,0.28365644190308,0.2605621957002491,0.288211964288859,0.2708927161983361,0.2770573840249426
327059_4_consensus.txt,0.3006934068853795,0.3148733122574967,0.3177063191178924,0.3023142162640688,0.3150958080590058,0.3445990641680616,0.2982575731164445,0.3471939207549575,0.3303841812771892,0.3232373205875767,0.3135283584950912,0.3513876059483003,0.3345813215994795,0.3442367546381497,0.3299742544996107,0.2966889087423467,0.3142256125101212,0.3371667982190978,0.2554093030192632,0.2441097924413853,0.2581578835012479,0.2562815732504084,0.2490343203404528,0.2587238517700321,0.2502606756013286,0.2406057453543688,0.253645443980794,0.258193613382101,0.2508620119222904,0.2522360481348649,0.2524777130332793,0.2402247207221037,0.2402154798492013,0.2557464321344902,0.2453503880826986,0.2496529357527421,0.3514841088103608,0.3592828261682967,0.3735054720815114,0.4197440127654133,0.3842507004455946,0.3944524609801583,0.3447612206907777,0.3441090470144345,0.3695929557628581,0.4239786547744835,0.4012697976628203,0.3913881268157304,0.3764248744488512,0.3853095480705661,0.389006898720531,0.420934601709714,0.3969396302435406,0.3885743311088774,0.1969618136500273,0.1896094414316316,0.1865808203920984,0.1992330534601265,0.1960985631402039,0.1892957322022539,0.1981835973593639,0.1918154837306858,0.1867038967640972,0.201825184538773,0.199689474034411,0.1937388773922315,0.1979632840102425,0.1894781963917431,0.1880918347694553,0.2002223393809217,0.1942404175838419,0.1925548616096151,0.2426881947032271,0.2758197709907861,0.2758619857798337,0.2430521960918383,0.2302865978340555,0.2364760687950138,0.239640597624291,0.2517305622948527,0.2764044538159318,0.2298390583616303,0.2292116362733303,0.2217615281749445,0.2523268584133618,0.2978225084228683,0.2724728135894381,0.2224142592272855,0.221210556440603,0.2318790909073342,0.2543051812840637,0.2467729013789501,0.2329974795338927,0.2511139110977574,0.2506387836839643,0.2493953079050292,0.2407071382903538,0.2509449148048617,0.2500764000000366,0.2524960053919969,0.3096290980246614,0.4880627693000789,0.3318490954717923,0.2844785654810806,0.3000435872079308,0.2494418227982997,0.2440440011945277,0.3353656138633099,0.2678361918237613,0.2726322387455084,0.2677881267117143,0.2609350544184678,0.2744739842398296,0.2743880209410747,0.258371968983127,0.268392561113842,0.2600762832776482,0.2790837907180901,0.2934264238176283,0.3072631613999412,0.271599645516261,0.2816044878983277,0.2749779871365376,0.2643747831623564,0.2731437811104911,0.2854283430025326,0.3007690625934955,0.2753070218285955,0.2742826529170479,0.2568079619930614,0.2688061544935749,0.2727903631990607,0.2600813589081454,0.2614959022458016,0.2482162453203003,0.3967224204242328,0.3635495675343492,0.2648782071358688,0.2502785623845796,0.267625670436864,0.2812865832120472,0.2649184621108809,0.2711879315656205,0.2760205312450523,0.0388278922154299,0.043304296799576,0.0444137469908483,0.1167772537503992,0.0811672141887136,0.0576902358665698,0.0435911759418523,0.0640088011630837,0.0520891155806637,0.0906264895084021,0.0561224798624238,0.0417022931356072,0.0,0.0388564934690656,0.0368212757398218,0.1174219966136433,0.0812805786071741,0.0518122687930642,0.2541609180603537,0.2711694495549608,0.2713858436948726,0.3019164068426399,0.2850995366467295,0.274647584772655,0.2494469363106191,0.2794315319901912,0.260376336000327,0.3128708572461001,0.2716735925325402,0.2683700269917253,0.2437873310886544,0.2655131907210979,0.2523325194930628,0.30889931222789,0.2566036616446645,0.286240044258367
327059_5_consensus.txt,0.3227175407455682,0.3449536516040545,0.350480326042895,0.3277701733015128,0.3468787632687728,0.3744508644077591,0.3208011954597687,0.3750880812409747,0.3621457965888233,0.3490120930005709,0.3402331790896191,0.3808420190334125,0.3484628767602054,0.3655660113166803,0.3561587700455106,0.3228654679220888,0.3439633454323463,0.3654919109873376,0.2542893640184935,0.2409170559189561,0.2585507134941665,0.2444095665985379,0.2453293918855763,0.2563889089410764,0.2509272093570658,0.2381640965342413,0.2550614531500592,0.2419851676993616,0.2416376306441634,0.2464162499337838,0.2473005652507041,0.2353387395959814,0.2404727657260856,0.2436964320412968,0.2431202025940173,0.2459485921729829,0.3531826743064812,0.3598027057515196,0.3727855914714268,0.4105715425456537,0.3800607219478209,0.3899884850805044,0.3470392473082953,0.3459644208822041,0.3688871816523544,0.4134105583195122,0.3946331837728962,0.3848011034603118,0.3742357277820147,0.382608003813246,0.3836489827700831,0.4125509562394356,0.3917877273827486,0.3852972813724129,0.2200409974078283,0.2081100811003082,0.2088461650491169,0.2122966903803842,0.2095678874809294,0.2057382076014882,0.2225922767823007,0.2081236566541378,0.2056528854616957,0.2143504210838855,0.2097270815792669,0.2078550811685175,0.2224735305658178,0.2075778196017559,0.2107405874554473,0.2117547018102179,0.2060230472392383,0.2078622412475326,0.2648389422082644,0.2957038442420483,0.3090099014604561,0.2552794940165199,0.2440671322149228,0.2568159974709729,0.2617100509073538,0.2750416180173083,0.2993283847906376,0.2447831663759885,0.239752285097154,0.2379061156906736,0.2692283217882263,0.3253509917467809,0.2954180928766021,0.2381975373198912,0.2363051261329616,0.2512850650048683,0.2992648253950065,0.2888054976820342,0.2719142751612367,0.2907376348281545,0.2898164497938573,0.289241769032369,0.2833531121949235,0.2898841248541401,0.2913864822996039,0.2964754961581981,0.3672517843909446,0.5573091577111633,0.3941657321598271,0.335564122442058,0.3571315379485504,0.2894736569978846,0.2854806961077791,0.3944024206368368,0.2817840312511315,0.2865567334930503,0.2803988220877897,0.2778788391561448,0.287200435331485,0.2848942014708555,0.2712060014432502,0.2800062541584758,0.2732722461674868,0.297325153322582,0.3052362642775499,0.3186414028939275,0.2855657096398403,0.2923286828454792,0.2911847456125116,0.2822216631168182,0.2842412749634775,0.2960976558473405,0.3146160865840848,0.2817895337391505,0.2829491978450242,0.2712711440112016,0.276911067895174,0.2818914107009433,0.2725640154319002,0.2761567038079136,0.2554586920665542,0.4122492613615307,0.3750001627241346,0.273778449438506,0.2600433096523389,0.274767214944962,0.2880472281805097,0.2713702259764154,0.2802269173389256,0.2852599538513232,0.0349434952274201,0.0290270032380703,0.0312410717775328,0.0732208023678602,0.048885057489489,0.0361919353075883,0.0373008518366333,0.0390897115021431,0.0340636365932098,0.0546594228669405,0.0328484701242111,0.0277526308132429,0.0388564934690656,0.0,0.0305531405745611,0.0739197771777853,0.0471063253486008,0.0331930268848772,0.251960552201286,0.275027693624402,0.2675486130620896,0.2820946212787767,0.3004287659410103,0.2672210611684384,0.2523976676725254,0.2844176895677428,0.2698579376509045,0.2903234495915221,0.2856561831231303,0.2582234860025423,0.2485115540162894,0.2751424823266006,0.2537928117305412,0.2878688730256087,0.2639290137698147,0.27269144170684
327059_6_consensus.txt,0.314069180641507,0.3336892159900095,0.3360466489371063,0.3172461675121347,0.3347060265953843,0.3616757107231692,0.3118066726283182,0.3633566089439348,0.3490508318261156,0.3380682884550623,0.3296253433122658,0.3688471865738734,0.3408273949122531,0.3553535963180216,0.3439362252014781,0.3120347330159561,0.3316549984359191,0.3535368764496915,0.249968242641259,0.238524770122698,0.2541744333025022,0.244896834644912,0.2414737787516152,0.2527801936219376,0.2459458129929821,0.234657153968925,0.2504979929998185,0.244107242174266,0.2405551220103845,0.243891678657846,0.2446743774185051,0.2329413242684168,0.2366196443860779,0.2435978544229726,0.2394912870410834,0.2424057867481366,0.3513953561102738,0.3583738428441592,0.3710304912002051,0.4131925602874204,0.3805169294413844,0.3902835700511424,0.3446784804079392,0.3437071605387309,0.3680344304689598,0.4161139270979497,0.3957446544335035,0.3862840128723697,0.3730164308707557,0.3817304831056631,0.3842020719853494,0.4148236730290406,0.3928309002176497,0.3851738210056936,0.2086738807499024,0.1984317224450258,0.1982912390898512,0.2045781657907923,0.2015059485671138,0.1960014627619415,0.2101272592892904,0.1984048931191289,0.1949308033393677,0.2062423099140957,0.2023671821786088,0.1995330454099289,0.2098716823610189,0.1977794340350271,0.1991390509410564,0.2044816719618687,0.1990563786972359,0.1983105436109333,0.2544781769680959,0.2846268040981599,0.2938579154624143,0.2488223392273845,0.2373937018771208,0.2466942352440035,0.2508285968561345,0.2649898342647176,0.2881732351793573,0.2378037808763764,0.2345986444878001,0.2299787248505111,0.2602473521600252,0.312053754127529,0.2841987926283167,0.2307496126818264,0.2289008360064066,0.241688106250784,0.2795891325426289,0.2702700314260795,0.2555029495475054,0.2738519474579348,0.272522513390097,0.2718114693141018,0.2650177077014888,0.2729244954110719,0.2742051851036642,0.2774495855983332,0.3438020051892287,0.5292870575373563,0.3692155614863388,0.3144884641428085,0.3343864889909014,0.2727579927489145,0.2671976597618339,0.3712513473475667,0.2730725421098405,0.2775002771231456,0.2727754611828956,0.2687327011423761,0.2791422048524161,0.2769619543898152,0.2623846591941046,0.2716013023299837,0.2651918461689462,0.2864959824490611,0.2959083446264863,0.3103501067418293,0.2765040396341227,0.2847118150811063,0.282027811816107,0.2724690931854354,0.2767102330536133,0.2881313469451712,0.3052132416500264,0.2764237740653001,0.2765143615926604,0.2627616298164206,0.2715099338670796,0.2755295745823929,0.2648312449346157,0.2685965033390189,0.2496107040181669,0.4025027338471076,0.3678205915948283,0.2671166951236152,0.2534608106623288,0.2690016099834906,0.280987768431256,0.2660635373705844,0.2744434198262588,0.279622938894434,0.0348557288864412,0.0333659027283843,0.0334558861251252,0.0874845600612808,0.0594806022355527,0.042290557382465,0.038973673998317,0.0477493674460092,0.0373284345593738,0.0661308537392457,0.0395725405324896,0.0308869055301954,0.0368212757398218,0.0305531405745611,0.0,0.0885945039189834,0.0577168203603193,0.0391841730321758,0.2487157001248405,0.2686337773577598,0.2639304729800962,0.2850289481805355,0.2885972121106306,0.2651290861485087,0.2463965561481131,0.2782535316676053,0.2618133670337705,0.2944286909895091,0.2759504591047097,0.2577524100389432,0.2421462696839427,0.2670218279986898,0.2482547184487025,0.2919725344906112,0.2566945770493944,0.2730655616112045
327059_7_consensus.txt,0.4392984550151304,0.4748620994115313,0.4928629174278214,0.4465685949229723,0.4854990241903927,0.5077423517804398,0.4316004360514576,0.496944055004846,0.494448142356461,0.4651666789885098,0.4647094256223916,0.5098548608258575,0.4357196139311909,0.4712946476745578,0.4793668322511983,0.4462237368002633,0.4784706668132585,0.4929577440397921,0.3359276071031978,0.3182754651079982,0.3432123748132554,0.2942714632740291,0.3215890761991105,0.3315365264426084,0.3371580245167322,0.3167724353259871,0.3422500005753548,0.2793666067259828,0.3051052295451413,0.3168444995488713,0.3233674134659452,0.3064644936647376,0.3236828967723753,0.2940881158835786,0.3204345374485449,0.3221145171500126,0.4266966492708306,0.432449597330617,0.4381311848728479,0.4499778344551366,0.4356752882936909,0.4464307085834491,0.4224936534924417,0.4184876542291498,0.434050271858009,0.4468047470933669,0.443803591685576,0.4319476602535701,0.4359476222429919,0.442313109333206,0.4346636667426082,0.4542438509643069,0.4452333497202687,0.443693823908486,0.3264606757680468,0.3057377251735538,0.3180864551876965,0.2890586566689919,0.2907079649117676,0.2969629074325368,0.3300283943709026,0.2983390573494517,0.3086397701518848,0.2887333986175093,0.2861706666334136,0.2940027903137334,0.3332866443850477,0.3039568981294493,0.3221826318193699,0.2860601752862806,0.2865024456143779,0.2977006495817065,0.3879159385450101,0.4081278858940536,0.4531800343352543,0.3483725729107405,0.343302868724944,0.3742389941597217,0.3807294808509347,0.3951024639869693,0.4169682861571147,0.3436826367059069,0.3245033315913446,0.3436379532989519,0.3772218361109161,0.4544324599087836,0.4160724068127663,0.3378155318743587,0.3331093527044473,0.3633614226526305,0.4754597990485436,0.4555196866511686,0.429550623405003,0.4421193164643071,0.4440351946527059,0.4456129290597488,0.4517499502356443,0.445843695296535,0.4544381432585851,0.461956853910646,0.5667382245107824,0.7899041252100503,0.6136336688376538,0.5180467197170344,0.5551147029144445,0.4459805452703698,0.4472469613816159,0.5966528872592036,0.3992164588760865,0.4018498737833056,0.3955755750795262,0.402188311332381,0.4016245242355438,0.3903105876213715,0.3914883618685287,0.3888427439425719,0.3849969866039942,0.4241894585598338,0.4148189049158652,0.4259315595728949,0.4023667332836957,0.40022751448031,0.4135187052130078,0.406774834503242,0.3933480830381697,0.4024811401813224,0.4135951193735252,0.366266055509044,0.3626998514656243,0.3751324539519558,0.3590353955579637,0.3676401218802887,0.3710395353391575,0.3813514746169417,0.3391758639928319,0.5042850787747319,0.4710459830737754,0.3693652311670021,0.3553210082187448,0.3606330719376558,0.3704911540545765,0.3526849680738806,0.3739855596581627,0.3760962737148468,0.0896735180800973,0.0650244400654642,0.0641323215824627,0.0227155383128234,0.03079035445759,0.0460635433688878,0.0806945904149643,0.0447738185753898,0.0574974640298577,0.0251523955404202,0.0472442861970812,0.0681158823190983,0.1174219966136433,0.0739197771777853,0.0885945039189834,0.0,0.0307589816511679,0.0510747369313691,0.3251121342275631,0.3618906609206078,0.3331484351634088,0.3122881272200004,0.4089511236363847,0.3254479513334516,0.3381315155515487,0.3802975654286626,0.3701741077401159,0.3133104962328943,0.3924226630876504,0.3164606707916064,0.3399856165325587,0.3795687491378032,0.3369346083307754,0.3157744999217691,0.358510704098272,0.3221180067532714
327059_8_consensus.txt,0.3918307175531872,0.4215930170202817,0.4370709757661686,0.3988142888676194,0.4313159186521567,0.4549942387604417,0.3860054261510051,0.4477227694774157,0.4414654537325404,0.4177977602478542,0.4160038389267733,0.4580113178263936,0.398728641489086,0.4285596209968574,0.4310989192011547,0.3974370026670293,0.4255157096358601,0.4429874709060115,0.3061949055013322,0.2905491306066778,0.3128923101024838,0.2755041432349294,0.2933993588481591,0.3039544449549893,0.306576469049542,0.2883017886003749,0.3101686665633529,0.2640701285954172,0.2813228696658818,0.291338753434907,0.2957316557963949,0.280005465694817,0.2929643964043009,0.2738650663251327,0.2919136355552112,0.2942322166714959,0.3990616835995695,0.4049983189813559,0.4137071772875309,0.4349243020569346,0.4147697622002226,0.4246369496890274,0.3946548483397336,0.3912145671425655,0.4092255425080786,0.4340007695552543,0.4252470469130358,0.4139953839387509,0.4129338167983754,0.4190816066774907,0.4145572168415441,0.4384393796101413,0.4248863777463363,0.4218864788693643,0.2871705755953257,0.2684836663014636,0.2766106257291305,0.2587585670013759,0.2593276202534547,0.2621733793205578,0.2896495980110671,0.2635221288304024,0.2694452613077622,0.2600304613504463,0.2568247243329296,0.261389096390058,0.2917554012838366,0.2671745851638789,0.2800611959201404,0.2570733965889928,0.2555849863883637,0.2631511747161994,0.3453822516489779,0.3685976754192346,0.4030440219045346,0.3167139636755607,0.3085761207836768,0.3318579410728439,0.3390509098040439,0.3522452281395374,0.375653882083661,0.3092332430260818,0.2947489852320508,0.3067491736707595,0.3408138202019195,0.4106270263278198,0.3731281598849847,0.3033594321657489,0.2992107033867413,0.3241562514970901,0.4066902270814267,0.389635525763552,0.3674968553933766,0.3800692127360285,0.3824286739340365,0.3824948974949933,0.3856229230101391,0.3828406831940896,0.3892991345112726,0.3956192930256677,0.4880943281563183,0.700323132764602,0.52936961060567,0.4452326013056833,0.4774203850336391,0.3824266765209856,0.3829166619455293,0.5177545481981873,0.3528484074154221,0.3561876606672918,0.3497219789006998,0.3537720663707091,0.3555945772898354,0.3476217634247689,0.3444895506981993,0.3449529307063628,0.3409911847126068,0.3733340261587976,0.3700865356297917,0.3814112859982117,0.3557586859186088,0.3554320196113174,0.365152037076573,0.3582188584577395,0.3489537101492317,0.3591593995495685,0.3720633002414466,0.3328324879091227,0.33009569559567,0.3336601743351224,0.3255062996739255,0.3323653958862742,0.331148993654736,0.3389267466631764,0.3043820917707229,0.4662022764898985,0.4329981990232099,0.332857727191115,0.3178323409540375,0.3270509530484773,0.337675059680901,0.3202969551593213,0.3371775315007852,0.3398119887810686,0.0597693188114227,0.0409213365385525,0.0420764699713416,0.0301993287436488,0.0234509358144343,0.0318877787111056,0.0553164222712645,0.0321522312207314,0.0387981337739482,0.0270721081998459,0.029510560086539,0.042753580829185,0.0812805786071741,0.0471063253486008,0.0577168203603193,0.0307589816511679,0.0,0.0335467913228342,0.2976265460485443,0.3300402103269633,0.3078949697687463,0.3004548183450417,0.3691989542653466,0.303835061493718,0.3055483641729246,0.3443713201769824,0.3326963853600055,0.302460088357666,0.353123963875003,0.2942333207822152,0.3062142367437879,0.3404200235545183,0.3046869649483597,0.304139290403139,0.3230339850501735,0.3034661863776478
327059_9_consensus.txt,0.3495170730188732,0.3732752415803162,0.3839493411205161,0.3533834598022025,0.3791485434974291,0.4043581340746875,0.3442403923841155,0.4008014685023227,0.3908449361574568,0.3732167803276773,0.3681747390853758,0.4085031695714534,0.3666746485401475,0.3896002360885404,0.3849695642440665,0.3511043065042223,0.3755111954218222,0.3944232441343445,0.281436577582653,0.266729448651791,0.2866754821840338,0.2609727115272839,0.2704040005582513,0.2814946923814965,0.2787620181720811,0.2644011092154734,0.2833700437407387,0.2557674318495238,0.2641948992299276,0.2706169650571901,0.2741901182766924,0.258846850943808,0.2678412147890228,0.2604996940023767,0.2677402471501509,0.2720120104153167,0.37059668246658,0.3774652362500603,0.3884749864937191,0.4181109535548621,0.3932348566610706,0.4028681493192145,0.3660404451700216,0.3637796154245976,0.3840027180226109,0.4197937090014676,0.4053748196848623,0.395986026660541,0.3886676830608664,0.3960963439164828,0.3951261703557875,0.420546753653042,0.4039578885770716,0.3989198389289079,0.2438387721413164,0.2285212913171541,0.2310419545987194,0.2262603003941308,0.2244050635028429,0.2240543280382034,0.2453247880084248,0.2266864865632385,0.2272540647154635,0.2275656519015356,0.2248357454317222,0.2254574815541303,0.2468556948099376,0.2277563002454279,0.2338740219559341,0.2246845710584608,0.2215675517171931,0.2261499961812241,0.302030702211109,0.3297130468774867,0.3502312753443029,0.2825436965887036,0.2734765221028219,0.2908400076809414,0.2962368258274139,0.3091882472668636,0.3309423583945552,0.2744763625117201,0.2637824162672402,0.2685037183113152,0.3029048966162904,0.3604283194741668,0.3297737692513607,0.2662976724642085,0.2639307679732212,0.2842938065083018,0.3388083152380154,0.3259399428127345,0.3068748192295558,0.3221730728367689,0.3225148461892644,0.3230028748869422,0.3215435459393134,0.3232623789177538,0.3269194496366161,0.3335179170500382,0.4121746115435343,0.6102884716351369,0.4471052449028825,0.3763710934344928,0.4021992153463465,0.3224327085735652,0.3198484646500716,0.4382094937075962,0.3141911467745757,0.3180435993002461,0.31225092279616,0.3123288007826055,0.3188209549451279,0.3136117631860529,0.3047483637862207,0.3089683476347531,0.3038101169552227,0.332350497801265,0.3345150475944471,0.3476284155679039,0.3176181390536108,0.3214329550647505,0.324009325626978,0.3170563310951166,0.3136533044519218,0.3248717816661077,0.336362384765426,0.3066917660470665,0.3024812236758798,0.2978871700418928,0.2963337334118101,0.3034992760005188,0.2959267311113756,0.3009758955018569,0.2769622489608245,0.4291768337237833,0.3966056546458105,0.3010527007742212,0.2862276357466236,0.298923436822804,0.3099881263520885,0.2940396725438887,0.3073811802275905,0.3111045146185631,0.0389164259311627,0.0291058244225013,0.0300561143302822,0.0516616104006715,0.0342487604124883,0.0263545881259794,0.0385746603693988,0.0308847583983222,0.0321164930731896,0.0392723454147727,0.0289501720149161,0.0293924727352852,0.0518122687930642,0.0331930268848772,0.0391841730321758,0.0510747369313691,0.0335467913228342,0.0,0.275238450862723,0.3013435609549049,0.2886962580332763,0.2952394655809947,0.33003676101713,0.2861633073962899,0.278862238763395,0.3137529292111161,0.300589648471675,0.3009141172147735,0.3169545163837775,0.2787420266917593,0.2779815692886522,0.3080990152984064,0.2799927557803237,0.2995523132670961,0.292212111027208,0.2900955091148844
D103_10_consensus.txt,0.427247817205064,0.4529312120406032,0.4557438863398104,0.4345177257576722,0.4492048384527614,0.4793538525934018,0.4279360031855432,0.4848234642536191,0.467511048094984,0.4583569092794732,0.4456218070526816,0.4895939955788506,0.4634579507757337,0.4749545720545853,0.4636339441872437,0.4301045656353679,0.4501400161493372,0.4737568761287285,0.2103072948034778,0.1889598266643659,0.2169687396935771,0.1797986118569952,0.1967739489303461,0.2090555432178895,0.2110222938671633,0.1875139867673887,0.2178940217452591,0.1770989049241649,0.1865352793836798,0.1930072028656333,0.1972655265774463,0.1804538213102482,0.1942518116497709,0.1797587341742996,0.1939265184961058,0.1964620210749856,0.4152217201222257,0.4225407226763984,0.4335902401791429,0.4712087441642865,0.4417313706034491,0.4526453263304084,0.4068122169366361,0.4059653094620472,0.4305487542131878,0.473358909376266,0.4573358560289087,0.445148703314679,0.4338956523765134,0.4442088181206571,0.4456136121830312,0.4750992516759282,0.4514660874860325,0.4464701311335091,0.2140545707544987,0.2064758745143748,0.208742400941059,0.2058590095471331,0.204800312992095,0.199149883290076,0.21800277776547,0.2036783334303926,0.2038144211011712,0.2060052377873305,0.2009827316722656,0.2016331658875216,0.2166398074158593,0.2031167204972952,0.2106085819539913,0.2055495398161788,0.1992511343752063,0.1989437156004783,0.2934146799301977,0.3222306211843282,0.3377807630913771,0.2883669758379064,0.2750765420215906,0.2938697624052082,0.2917536891323919,0.3033421675931436,0.336934265416275,0.2734022086375169,0.2772392649739856,0.271007674827235,0.29717250455192,0.3585481718421022,0.3282629837105517,0.2677483400767961,0.2655056172056262,0.2786319473647829,0.305286324270277,0.2823743983478515,0.2586090564303305,0.2748784726235271,0.2752100560607466,0.2787040744021674,0.276484372051609,0.2753278427483785,0.2808388626889169,0.2915860069465701,0.3757212550260433,0.5738279987971993,0.4146191835914443,0.3402106720303237,0.3681392554920037,0.2773487778047467,0.2785657783760378,0.4174417538185544,0.2429656526782153,0.2450714920979173,0.2435608240340485,0.2424311789090083,0.2435909612862836,0.2409997294510795,0.2368980282959398,0.2383574064626898,0.2357959413700356,0.2637899461115154,0.2604408783669001,0.2714251308269837,0.2403563912014341,0.252619518259241,0.2478847347702206,0.2487871040103151,0.2408398869693861,0.2481038901386227,0.2959409306084239,0.2633068838047734,0.2645046769889845,0.2501454313572964,0.2616192550930591,0.2639914247965649,0.252956222336973,0.262790921676082,0.2552773455073378,0.4281748248527037,0.3786969182369368,0.2526008292231623,0.240856561543147,0.2564527056937429,0.2685316628266037,0.2515677683343895,0.2641333733134914,0.2690360060805723,0.2628651883417667,0.2659176773517551,0.2714749026319936,0.333710314685046,0.3086290018823661,0.2858470782108995,0.2718061021231435,0.2915064943582166,0.2618796102388501,0.2890740357373786,0.2616623632231096,0.2568105643568046,0.2541609180603537,0.251960552201286,0.2487157001248405,0.3251121342275631,0.2976265460485443,0.275238450862723,0.0,0.0722352575494937,0.0610122689088434,0.062259785233298,0.1159344158593249,0.0598287498936471,0.0619629428842074,0.0905018566072684,0.0855383717826221,0.0668129244346609,0.0986306142451312,0.0536525245557086,0.0575102904179907,0.0802916407297047,0.0592740114196779,0.0650650495117943,0.0745771746997761,0.0612216436508177
D103_11_consensus.txt,0.4370011900972415,0.4592162370406853,0.460100124509438,0.4430381433443529,0.4527098381105077,0.4853086935915698,0.4383882956728904,0.4918765728045962,0.4733352586822192,0.4660346320189319,0.4527016971727349,0.4948587916261679,0.4789928080439622,0.4869458583717296,0.4715300322679496,0.4368463841763663,0.4560822699600066,0.4802374836330969,0.2415431480158325,0.2204306400759037,0.2467641045890474,0.2167714577863719,0.2285646573411597,0.2406037817414272,0.2403239793766758,0.2187099471916056,0.2469782442478951,0.2163299209966211,0.2208818272721657,0.2245049876353881,0.2284967417912042,0.2134093570534148,0.2254769371354505,0.2160462203574091,0.2251397375486235,0.2290586465436881,0.437992956474222,0.4449864817035873,0.4566218222556983,0.5001167155510622,0.4672088799689931,0.4789549428894872,0.4297451553097957,0.4280650502215977,0.4557308519369911,0.504209480520899,0.4853500649854965,0.4737432725228316,0.458716132969986,0.4697508705141935,0.4736961413597242,0.5044683398081986,0.4777490716702246,0.4729441150569151,0.2317962082977089,0.2242034341949903,0.2250816365456565,0.2288070279288518,0.2263134466694971,0.2188734720835867,0.2354857243762218,0.2230819297714639,0.221481085282349,0.2306909262989549,0.2239088582176833,0.2224807381277322,0.232502400271386,0.2222079254886182,0.2262746106616759,0.2295956890906865,0.2218479988080588,0.2186889613250748,0.3094575711770844,0.3412522501280008,0.3455842021915813,0.3099068741295028,0.2950691689705031,0.310309035269217,0.3087840942473185,0.3201328056212063,0.3490056066299232,0.293678406859442,0.3013605813783471,0.2897472421968778,0.3170103802703963,0.3716769887119682,0.3429312256200596,0.2862786440533824,0.2863648608743716,0.2978186558690368,0.3082910607448781,0.2881547173410617,0.2664691071691258,0.2860304255409467,0.2848855690605596,0.2877672919709084,0.2823607270765613,0.2855426899299829,0.2887726979695557,0.2989453020795025,0.375108375129912,0.5642252509222168,0.4105793858278446,0.3440641460808784,0.3674898497424834,0.2869874303397743,0.2864102590847963,0.4149927985552111,0.2663479409557183,0.2676536808263776,0.2682775269333639,0.2656256982602798,0.2673933987972567,0.2653873064939382,0.2597937059255955,0.2624191810937368,0.2612548308369504,0.2857763767754662,0.2851348044426487,0.2970080271443045,0.2632241967479594,0.2775445172526503,0.2710842816057948,0.2713437765001458,0.2651073843816576,0.2740808172367899,0.3222840997225589,0.2943400756636762,0.2969169087794583,0.2778911032898215,0.2915843227621089,0.2937352243718294,0.2792711822697704,0.2870914994639335,0.2840906607927316,0.4486758053072357,0.401766431062228,0.2815925731317392,0.2687118713746983,0.2866808876654048,0.2996647174262925,0.2836265336622752,0.2935937064647582,0.2995359377899156,0.283866947492676,0.288192845773743,0.2940962078653264,0.3704793254293683,0.3410686201811721,0.3126298004500256,0.2936994854979424,0.318857074577398,0.2877252412536819,0.3231054605000629,0.2890653398428995,0.2803279872372144,0.2711694495549608,0.275027693624402,0.2686337773577598,0.3618906609206078,0.3300402103269633,0.3013435609549049,0.0722352575494937,0.0,0.0833429949843811,0.0977357074908127,0.128400357812108,0.0875632128408483,0.0836759732926886,0.1049634680745121,0.1007673612809547,0.1020346129278557,0.1126823044896063,0.0807384150882093,0.078698019531,0.0952882439425906,0.08045844129634,0.1005949390349201,0.0906416501971989,0.0919511355018514
D103_12_consensus.txt,0.4459586390765615,0.4750770620577498,0.478824796777328,0.4544461731403473,0.4715800311158666,0.5017125237176963,0.4461980720292615,0.5054550771545117,0.4885389079580946,0.4782539976981113,0.4646022568635928,0.5105811644054334,0.4796068431562297,0.4940731066465922,0.4846183098717134,0.4489168637672627,0.4710977505099336,0.4947391415083544,0.2204685666592496,0.198010676908396,0.2283322949005573,0.1844897760463482,0.2049265952470911,0.2194192010564286,0.2223694080158047,0.1964055465803262,0.2290740660426102,0.1812917651087318,0.1939826535326574,0.2007864373959904,0.2060356348642784,0.1901015438876925,0.2055923048691177,0.1849662861834247,0.2024572255623518,0.2064490926945019,0.435247972459365,0.4421360106476619,0.4525987040923098,0.4869429279745354,0.4594987971610429,0.4703064295007024,0.4265169623148743,0.4258359304742356,0.44941126984547,0.4878093201077256,0.4741023740851346,0.462726039423071,0.4524671314345312,0.4631052891965694,0.4627417453775919,0.4918446699497778,0.4675356205870074,0.4645541653031699,0.2291207761996254,0.2202412032010734,0.2232674373017644,0.2171993156283775,0.2162436102109346,0.2123234362076793,0.23356274276491,0.2164972599382402,0.2183099595950111,0.2171107267915424,0.2116716572086012,0.2136618593174191,0.2328427576608014,0.2163334700060986,0.2252492842306104,0.2163032452331421,0.2097290279881356,0.2107885934359537,0.3157651170646218,0.3449166917156816,0.3623997808040045,0.305995590167182,0.2924214577747648,0.3149629837843513,0.3129317635231317,0.3243257068926013,0.3553435400958307,0.293281189196783,0.2938725234719683,0.2909898354450213,0.3183156287543909,0.3792131463357755,0.3489310982155729,0.2852421445279205,0.2834540676215695,0.3007475741402245,0.3333063189581224,0.3095039917757951,0.2855884606382908,0.3005865111308345,0.3003836015611902,0.3063542632659448,0.3043368891079936,0.302087369101617,0.3071727309789374,0.3204600007039389,0.4091465905327673,0.6076659068490464,0.4524049863650035,0.3718033869743529,0.4000969793650881,0.303212856733424,0.3055693886138968,0.4515713956965399,0.2634680018061281,0.2643650490541738,0.2617811913147676,0.2635897127995363,0.2619939136044351,0.2583853511827776,0.2568941001221425,0.256607061696144,0.2553850947076341,0.2849160706121125,0.2789120627919317,0.2890447324277687,0.2604976044706681,0.2699807278097808,0.2682171823424752,0.2698698521084068,0.2586564932858728,0.2662205991934456,0.3132906292581729,0.2826835068043785,0.2829901798339875,0.2709460297616815,0.2793124343526898,0.2841457053712233,0.2719762155764975,0.2820239781354487,0.2743046511571982,0.4438694860688699,0.3963070416310437,0.2728700277053946,0.2592609903299774,0.275458495262793,0.2876978039509339,0.2701102086450859,0.2844492207156612,0.2898584497381513,0.2791287411772991,0.2795756548518753,0.2844904706918072,0.3423256555189766,0.3198476171539468,0.2994016464310292,0.2872858095514345,0.3047282155812283,0.274899055870005,0.2987531319474179,0.2727836508815962,0.2716067733006611,0.2713858436948726,0.2675486130620896,0.2639304729800962,0.3331484351634088,0.3078949697687463,0.2886962580332763,0.0610122689088434,0.0833429949843811,0.0,0.0619647326766106,0.1313747832030216,0.0625273854469909,0.0717822276880895,0.1003947510665845,0.0956153776164718,0.0650468303996518,0.110265759904788,0.0580597239028328,0.0685047914389009,0.0927587179568227,0.0662689577489175,0.065079320823937,0.0853364925220816,0.0658941729284272
D103_13_consensus.txt,0.4974040335637077,0.5338417812092899,0.5450386157208627,0.5095347365682024,0.5357004012982429,0.5651774065901982,0.4968542066431141,0.5621222788712146,0.5508686146063226,0.5322075240507367,0.5244214729349963,0.5712517515039437,0.5225182173443059,0.5462027406953389,0.5456664023879476,0.5060610882727055,0.5332576443234771,0.5549849833897973,0.2301336554423869,0.2018645463591859,0.2402884031673053,0.1721494847328131,0.2082080753379287,0.2241211430263519,0.2346849471095922,0.2025587906541588,0.2440222671517915,0.1636313811768452,0.1907100939530686,0.2021566107623194,0.2118998540338772,0.1911430236523408,0.2162758745486925,0.1719218157221824,0.207510586201046,0.2101485927015645,0.4563781656955648,0.4631964332706886,0.4697964259683118,0.4896923931864201,0.4711053755748438,0.4829496614182957,0.449348514247113,0.4472055825318328,0.4670928910369625,0.489288925244594,0.4829897939345429,0.4702118451728196,0.4678994151388878,0.4783756427979924,0.4740635161912152,0.4951174779393525,0.4791352105323732,0.4787262398255052,0.2702232982204045,0.2544083092166431,0.2620916572195533,0.2384061463537037,0.239488382764577,0.241232686259547,0.2762076135838711,0.2479172003349248,0.2542527002181707,0.2379878666707391,0.2325291718188289,0.2418843261164909,0.2757879612533429,0.2489871542085815,0.2640670673858487,0.2365036104404971,0.2320920846248846,0.2398501806430779,0.3673221194198142,0.3941363100059973,0.4299769934193023,0.3422881386041254,0.3311272531852651,0.3634406076267247,0.3654301506842898,0.3767367827374031,0.4077338814163553,0.3294853044789931,0.3246508113935888,0.331974896944736,0.3650756833628001,0.4375477301716799,0.4032045052563831,0.3230322930629477,0.3196530016740375,0.3460404059320225,0.3985851238418689,0.3641688423734557,0.337340567216664,0.3497800350599043,0.3511034399439268,0.3585684583168032,0.3634350407799793,0.3522101786616929,0.3617086520499271,0.3825932443194624,0.4903122948373486,0.7073938630092726,0.5451649936051979,0.4434443463322779,0.4813474919697142,0.3538112810551084,0.3595436506969314,0.5355859250335406,0.2809109757653587,0.2790077186355688,0.2813142018771799,0.2865644151989883,0.276211589685353,0.2685797393927949,0.2751896670228326,0.2699334045050712,0.272889805505649,0.3108716874334476,0.2917354985464442,0.3010399081744168,0.2772886875501221,0.2822203698903713,0.287847156247814,0.2944988573880422,0.2705338946017015,0.2768672288662657,0.3459140824571278,0.312002972439565,0.3135490441216078,0.309356906784842,0.3069189160185637,0.3149073238442028,0.3046293218986236,0.3202736847469971,0.3072172559117376,0.480643778910558,0.4279105844018218,0.3057264291562163,0.2903225224619987,0.3057102719386861,0.3191706370900178,0.2984719339490134,0.3171721877569666,0.3204749919015164,0.3010819777911528,0.2914309453784298,0.2987486082214872,0.32308111629915,0.3129342188004926,0.3032409188330121,0.3062350105294058,0.308187621940462,0.2834939273048036,0.2839820199213321,0.2725626849225477,0.2828880759006331,0.3019164068426399,0.2820946212787767,0.2850289481805355,0.3122881272200004,0.3004548183450417,0.2952394655809947,0.062259785233298,0.0977357074908127,0.0619647326766106,0.0,0.1549551826525323,0.0528429068242068,0.0852190128861707,0.1187981125727901,0.1203466216274407,0.0306036909676663,0.1377714524458291,0.0477817599328638,0.0853906269615194,0.1178168893183482,0.0793344627832226,0.0306299749429328,0.1055178390166595,0.0496201433770906
D103_14_consensus.txt,0.4277365680528504,0.4467083806878023,0.4412254705854224,0.4295867579299539,0.4374876885819994,0.4682208667145779,0.4289960056225474,0.4779963201763095,0.4535333674244839,0.455327736327721,0.4397240930754016,0.4783159554893359,0.4752520877800279,0.4791481777022817,0.4587358534730441,0.4261690923623149,0.4398787496167031,0.4639627325548048,0.2689000440725166,0.2515907514886777,0.2722836376638007,0.2586212462742274,0.2593151285856514,0.2714516467916859,0.2662484157014688,0.2475130557382776,0.2705478752461019,0.2610491186058574,0.2579649698839255,0.2597870400135029,0.2622009797639109,0.2453005674792443,0.2513085064164144,0.2581626516950521,0.2557713403073087,0.2616703037474899,0.4466848740270066,0.4546314942774927,0.4699008172046746,0.5213262912579815,0.4826183078805641,0.4935444385091223,0.4367502759887927,0.4381838181497741,0.4665466530086704,0.5256482636256017,0.5023220904255155,0.4926069658820644,0.4719596711134741,0.4826006241608844,0.4884134415899019,0.523680546337701,0.4938229480031495,0.4854874453296354,0.2116073461821699,0.2118335972813447,0.211789046348791,0.2228216685138093,0.2227591935189181,0.2118721477460319,0.2141248362061709,0.2143202446505405,0.2120711422113856,0.2243803396308052,0.2213795862793404,0.2168666194637296,0.2114739145443991,0.2100923198589299,0.21283970660415,0.2245937608435646,0.2186435183230948,0.2123488171951422,0.2899462281425542,0.3251012138208153,0.3185189242251098,0.300597687233445,0.2846837524583705,0.2930527367532392,0.2915119936263295,0.2997853622205113,0.3326975463713069,0.2846470786311208,0.2946125649720663,0.279762601680229,0.3032339433313247,0.3463443731971907,0.3223350969355074,0.2757022863927219,0.2760970294410327,0.2834955467202249,0.2863918892482147,0.2701246611209456,0.2526620323439488,0.2671442499912473,0.2669926178331785,0.2701007237739148,0.2630198912976276,0.2682994430460503,0.2696126960853178,0.2721038024000499,0.33138722187838,0.5098348204761329,0.3607990745809744,0.3084668727080739,0.3262479653959786,0.2685596402821311,0.2664109145728304,0.3735823733600831,0.2840680495913119,0.285983817542494,0.2842931158949646,0.2779810252928456,0.286938914918398,0.2891257065937012,0.2779706181794381,0.2840235120571677,0.2777377196834614,0.2961118166860217,0.3041905897916344,0.3158927909059308,0.2820511047192227,0.2975889712995005,0.2861436225623102,0.2847915423373912,0.2871381842624885,0.2973946647311791,0.311709307472892,0.2947309109161757,0.2915353588250404,0.265863794173697,0.2862354763703649,0.2918734475204445,0.2723925352427798,0.2769211396569737,0.2795750678439503,0.4467633380993803,0.3958646462551627,0.2787902726376146,0.2674045240955891,0.287573330449117,0.2977145382289379,0.2813947080712609,0.2892533457630399,0.2981783269064557,0.3017258696001903,0.3140329222787628,0.3184912819502763,0.4176348325826211,0.3791804710002324,0.3436220638814902,0.3117002178605652,0.3501525937187466,0.3160857193230839,0.3665156730379877,0.3228279815063004,0.3080668691874528,0.2850995366467295,0.3004287659410103,0.2885972121106306,0.4089511236363847,0.3691989542653466,0.33003676101713,0.1159344158593249,0.128400357812108,0.1313747832030216,0.1549551826525323,0.0,0.1329763400102805,0.1149359778069154,0.1381039665485772,0.1237135031346667,0.1674949779526535,0.1219528875108899,0.1308104804970007,0.1052734988321617,0.1197352606651556,0.1138326117466199,0.1652273614430583,0.1120981537566265,0.1478334501184548
D103_15_consensus.txt,0.4540964499209394,0.4853097167863325,0.4895908840614495,0.4631415646780823,0.4821244911505573,0.5124036573293829,0.4532981840361749,0.5147902837312444,0.4989138717070389,0.4876526242359773,0.4755461874255289,0.5204341508350687,0.485790365556582,0.502324898651775,0.4938319317604538,0.459107965606421,0.4817220139994056,0.5044261967639692,0.2194313787722563,0.195051853113263,0.2280012448550223,0.1786909826688116,0.2022236147434313,0.21757879356635,0.2221335875955716,0.1942010238729246,0.2293037422487565,0.1755310938576748,0.1910139135031379,0.1977394828450336,0.205057500229433,0.1868602660866045,0.2043777963880479,0.1776556475952446,0.2003326842534036,0.2041943303507807,0.4354869715554734,0.4420069332175025,0.4510894157699212,0.4832775970809813,0.4569994087549567,0.4686556515125346,0.4269024092668658,0.4261009678534222,0.448635510944392,0.4847171672330184,0.472255266104078,0.4602691002146066,0.4519897953879876,0.4624393012727417,0.4614206681990964,0.4881444891114164,0.4658138074805613,0.4631583074313532,0.236739812572992,0.2261014525106475,0.2281540720048376,0.2203425019711424,0.2184964132117954,0.2155055122700275,0.2421068084109627,0.2206712240027322,0.2228107550072238,0.219772106241173,0.2135435277870208,0.2169040391626104,0.2410230350566991,0.221436639867715,0.2298802329098173,0.2195350349184366,0.2124570615653489,0.2143636391701591,0.3265338039144083,0.3534461754488589,0.3738539747715776,0.3121153915634735,0.2995900055241023,0.3241925336689419,0.3235667831059885,0.3343231178924029,0.364884039097614,0.2999422150311943,0.2988784799564215,0.297488325307004,0.3264607908160037,0.388001343947046,0.3598353159099829,0.2927139505070713,0.2900106214296976,0.3085975061241619,0.341945949777255,0.31531860097488,0.2915078875144843,0.3080578998797136,0.3075492515145974,0.3129006381380534,0.3113254614077583,0.3077309654635414,0.3139341961151771,0.330635031359197,0.4238413520662973,0.6270673771825059,0.4683094261752956,0.3837074684889892,0.4150287789261,0.309391256658877,0.3120466580231564,0.464720212506748,0.2616353064927814,0.2624055608347895,0.2624911405173122,0.2621528068953367,0.2599042900044921,0.2551208229566697,0.2549603129859079,0.2532341073672484,0.2536271821938314,0.2864182933082624,0.2752411906205054,0.2878633596025608,0.2581008720536317,0.2676973528395692,0.2669257864618473,0.269680859358445,0.2558017434124693,0.2631385246128097,0.3173434090266198,0.2881846986338132,0.2871586799919257,0.2770574775272756,0.2828523552686626,0.287546547009903,0.2749051650742089,0.2866301461595952,0.2791628703255284,0.4499177686982065,0.4008197603547359,0.2775079233188755,0.2648395728720771,0.2810580253750601,0.2924285453212754,0.274849151028576,0.2902850681909612,0.2941881558085661,0.2815262748275131,0.2794677376877814,0.2858929101858223,0.3362573248785523,0.3148361420076639,0.2971526321138356,0.2878238422114378,0.302825869743053,0.2738082258856735,0.2934317050974115,0.2702547232008818,0.2710570063105635,0.274647584772655,0.2672210611684384,0.2651290861485087,0.3254479513334516,0.303835061493718,0.2861633073962899,0.0598287498936471,0.0875632128408483,0.0625273854469909,0.0528429068242068,0.1329763400102805,0.0,0.0715228328670747,0.1050984478449201,0.1019729787397167,0.0557115980330991,0.1153195145102614,0.0528526623380471,0.0708719271345827,0.0971507135104303,0.0700580034004438,0.0553884996751961,0.0879946907142219,0.0585853148747155
D103_16_consensus.txt,0.4168134216114652,0.4409138948141553,0.4409023796044877,0.4234811445417321,0.4347922370214832,0.4661595084655197,0.4174474035810789,0.4736079089822027,0.450747158136231,0.4475644828637826,0.4325786300859526,0.4774832659455335,0.4567927841628822,0.4634407757097207,0.4492268680861606,0.4167902739875089,0.4362388406161592,0.4617378237592717,0.2098274807347309,0.1922519316659467,0.2149042207288758,0.189274167887369,0.198998333123356,0.2117798897661202,0.20922446950307,0.1891779834021036,0.2157117290542487,0.188521310859393,0.1918042811805662,0.1964633814245076,0.198088716869428,0.1837855597021516,0.1938620252404668,0.1896891103141342,0.1962941527954917,0.197764789601738,0.4105271895203053,0.4180661663377947,0.4306682081550015,0.4745179086611095,0.4411048353562741,0.4516113573618057,0.4023524218142817,0.4023250716805435,0.4277007623470332,0.4766935793907763,0.4574449231011215,0.4455054476591513,0.4322084351075759,0.4418053787032043,0.4449689752336354,0.4777865349851211,0.4509757209372722,0.4462555752842831,0.2042462122958852,0.1993003760941682,0.2026034212250422,0.2051037950142777,0.2032396921221781,0.1959653174346378,0.2083966798087217,0.1980281404241672,0.19827456458869,0.2045842617337214,0.2011999833074114,0.1977076970735822,0.2064107388993896,0.1969992131194224,0.2036801886658032,0.2056712261149513,0.1973410421851298,0.1953608092723406,0.278212746415253,0.3079091991584093,0.3170100699682976,0.2768963746119723,0.2629098604853794,0.2773062250182363,0.276495047649508,0.2873917845345595,0.3211253041919732,0.2640356128585353,0.2690347240884456,0.2595977325011844,0.2827633968898055,0.3400562241723897,0.3126086980632792,0.2572303855835685,0.2560719605982413,0.2657751373675658,0.2919371884319126,0.2750063058145002,0.2512935065157222,0.2684695904161245,0.2685584336096589,0.2704841828445943,0.2660733488289928,0.2688382357816046,0.2723568332596677,0.2793246739890129,0.3575621512686027,0.5482077715043125,0.3915839082548658,0.325151209265865,0.3491866193549136,0.27067159512114,0.271328534948978,0.3983461505623218,0.2446314644792764,0.2464558559900673,0.2437085191034214,0.2415384942334384,0.2449644332312921,0.2447112146334547,0.2373151313539523,0.2404596877243605,0.237271579328933,0.2611536436737154,0.2623276412892821,0.2741634137080702,0.2413270783582817,0.2554682575700084,0.2485390869378285,0.2487558831137661,0.2435354975396393,0.2526091042739367,0.2957926102744395,0.2615192018879462,0.2633092255205476,0.2460258793245344,0.2610307829902538,0.2631047430890163,0.2514296339264987,0.2599133199974659,0.2515240726404073,0.4268143174410141,0.3771316334468721,0.2515747676598181,0.2403725327724615,0.2552115727328328,0.2657143753219912,0.2507149703261291,0.2625776506083745,0.269452515177278,0.2617533992827319,0.2684370587887841,0.2712947441663011,0.345817910633297,0.3163850791717557,0.2901927669213613,0.2701612270362865,0.2952643645739101,0.2635932956308053,0.300327715826203,0.267422260068539,0.2589620140649522,0.2494469363106191,0.2523976676725254,0.2463965561481131,0.3381315155515487,0.3055483641729246,0.278862238763395,0.0619629428842074,0.0836759732926886,0.0717822276880895,0.0852190128861707,0.1149359778069154,0.0715228328670747,0.0,0.0889441743371044,0.0841128756341049,0.0890529020406099,0.098820581493598,0.0679701349774717,0.0606633373566474,0.0810679637504918,0.0658067912265849,0.0885088013530825,0.0754782033813228,0.0780861156617405
D103_17_consensus.txt,0.4370248102867933,0.4576100952728623,0.4581717184879252,0.4440648367592068,0.4518718111597479,0.4825123684682353,0.4380322645503725,0.4897317531627863,0.4697197520995146,0.4675078472089211,0.451501985078611,0.4927385570748903,0.4802970977446534,0.4848520841103934,0.4663979430523142,0.4356529493929351,0.4550123796552867,0.4796089138328696,0.2481028264049207,0.2278978878710766,0.2510078659390018,0.230543887081307,0.2374150196658107,0.2490884437918268,0.2469017087694176,0.2251936804573304,0.2509815892262175,0.2312600250285577,0.2318774316549614,0.2350833932408633,0.2363656316023537,0.2226236809514787,0.2315750773210823,0.2302886548616989,0.2333456660290487,0.2372712127884959,0.4429109322432367,0.4502875717789614,0.4642029871513955,0.5113316258589364,0.4761095528613666,0.4862389300345171,0.4341678290641653,0.4359003624462545,0.4614363225768514,0.5157117141180798,0.4940854564774994,0.481028377364602,0.4661530181661177,0.4775176925772335,0.482032172615316,0.5148422349619963,0.4864070055385845,0.4794585201594685,0.233327614531241,0.2291111648366737,0.2296967135229373,0.2382123320522708,0.2342183244509001,0.2260441952744223,0.2370836358372301,0.2291665654293311,0.225328087126666,0.2387520039253772,0.2328402937160412,0.2292110226142441,0.2345873981402348,0.2274448281286183,0.2305276291096945,0.2377806057505722,0.2305771982505149,0.2269466244548006,0.3041675096225731,0.3339213567434456,0.3384355005636301,0.3096087724474614,0.2943405323777455,0.3040811652496593,0.3027922594669761,0.3141613286579741,0.3435310370028475,0.2955662458380139,0.3023477584221794,0.2883450119668858,0.3126378171732931,0.3640698790990662,0.3386734585716233,0.2881311749442261,0.2857765920493769,0.2955555314625648,0.3106022209579215,0.2955636959378296,0.2731728819712735,0.2935852895226176,0.29300381584736,0.2930267186403661,0.2878238801257566,0.2915216859358125,0.2937368630301478,0.3005713778481826,0.374589023805882,0.5599094838843008,0.4052379840349118,0.3439547288071551,0.3660447891684484,0.2938125972548029,0.2932380299362549,0.4129718654507179,0.2751528649326857,0.2798896253941763,0.2745553227748338,0.2717590430315155,0.2772044273416085,0.2777140134571532,0.2679339599617734,0.2733180320748722,0.2686752783642347,0.2920660725862305,0.2964562198129599,0.3079360709275995,0.2729697549721308,0.2897965495580976,0.2804019639966739,0.2785062370000588,0.277330797506405,0.2856605136497343,0.3275976298859433,0.2983867224952554,0.2974980302793284,0.2778875077947731,0.2956467981137507,0.2967700377183391,0.2838240076034282,0.290888593129079,0.2860486684311532,0.4584754248943596,0.4080792894404119,0.2842835605457239,0.2732818034414137,0.2904539500707557,0.3004494002925426,0.2858630069457213,0.2959014076614394,0.3028857156665232,0.2928302381785101,0.3016738793427791,0.3053491809649564,0.3869980938391926,0.3541188972619586,0.3261201834692286,0.3010511979560668,0.3318264684871295,0.2984084573255714,0.3399134000659316,0.3030787183149641,0.2927192277748247,0.2794315319901912,0.2844176895677428,0.2782535316676053,0.3802975654286626,0.3443713201769824,0.3137529292111161,0.0905018566072684,0.1049634680745121,0.1003947510665845,0.1187981125727901,0.1381039665485772,0.1050984478449201,0.0889441743371044,0.0,0.102262803973911,0.1226989476056275,0.1204282722370813,0.0975455628618284,0.0877492180747161,0.1010973582284613,0.092526400152316,0.1209777937980938,0.1030092842635426,0.1094624964513606
D103_18_consensus.txt,0.4172421456518265,0.4352899268806851,0.436153127748728,0.4213086274070186,0.4286702171445711,0.4610330911059463,0.4182855175318991,0.4697971091985593,0.4487369118511566,0.4458575163079992,0.4296281389703829,0.4713382119548654,0.4602623597224351,0.4634306507992853,0.444998220888138,0.4139355111891625,0.4315067680470648,0.4566806043281914,0.2371660118618272,0.2198060431460256,0.2386490299712207,0.2226052369456823,0.2265978547260871,0.2372111154171179,0.2343568741488049,0.2153274116508718,0.2390569071796733,0.2229376629947062,0.2228211675365408,0.2246463009374011,0.2268298727903648,0.2128103518455191,0.2188110770985254,0.2226061856816024,0.2222350048111856,0.2269456594041798,0.4220618680777832,0.4290439211207761,0.4430391644619362,0.4924551272948569,0.4562610068933068,0.4664676936478038,0.4117375465555071,0.4123853094719791,0.4394890526205053,0.4958534190914356,0.4745344870580652,0.4621594692731037,0.4455996080943265,0.4555341955794958,0.4594353487999996,0.4952038945446944,0.4663932333756833,0.4589796934833678,0.2042099561949548,0.2042957935735145,0.2055045948597644,0.2142077715805186,0.2128049293273335,0.2023818592334585,0.2087454408368643,0.2043485838557437,0.2024085343993675,0.2145117107271801,0.2105790607691062,0.2055309428657139,0.2053948133463166,0.2019856691206776,0.2071631449413971,0.2153680912226896,0.2085951877678731,0.2026758405754805,0.2750402860483021,0.3041861440640652,0.3039719043224167,0.2813469372705803,0.264890682508593,0.2774443817534155,0.2744717467460802,0.2843683448323162,0.3145799450019737,0.2663603993557508,0.2743616632054682,0.2630596788994204,0.2828658892214974,0.3369156925927257,0.3107382443516684,0.2605802452047001,0.2588220173800444,0.2668363515229472,0.2841418271492699,0.2697896223216673,0.2465765711459226,0.2647527970779997,0.2650081267410265,0.2646180360879313,0.2597935255055574,0.2662894334400789,0.2668646820394329,0.2696637671058504,0.338104773794349,0.5220724733650002,0.3677500139063028,0.3092871824945078,0.3305290919124957,0.2665388349594977,0.264030485355434,0.3815450719926971,0.2612084223062965,0.2642334317020172,0.2602561779867685,0.2558966874232453,0.2626256377459945,0.2650252280075023,0.2533221004215029,0.259749710603927,0.2530385723996424,0.2740201792785157,0.2812821334322919,0.2929027204845198,0.2585642588807566,0.2752909995009709,0.2645160045622461,0.2615573737035319,0.2621905410273442,0.2727086450216589,0.2989783960338705,0.2689937000975853,0.2692889504764189,0.2490692802089817,0.2671233368390879,0.2690796695956017,0.2577050295310279,0.2620241165095542,0.257504699375815,0.4289003961308992,0.3802661663912587,0.2565003467112703,0.2465306244844178,0.2627692928396996,0.2693229611572256,0.2582932512287854,0.2662522402076455,0.2735333953254724,0.2763947856293214,0.2866475914760826,0.2902169233509468,0.377713197573513,0.3434678179026278,0.3130347186874544,0.2843984136403286,0.3169425593106858,0.2831611738321626,0.3302868117422939,0.2925243008045441,0.2776567195688884,0.260376336000327,0.2698579376509045,0.2618133670337705,0.3701741077401159,0.3326963853600055,0.300589648471675,0.0855383717826221,0.1007673612809547,0.0956153776164718,0.1203466216274407,0.1237135031346667,0.1019729787397167,0.0841128756341049,0.102262803973911,0.0,0.1255417251867037,0.1069480362275072,0.0951852309006113,0.0784535948554179,0.0933359952049599,0.0804498008728096,0.1257384898897946,0.0921320581496836,0.1099983992494557
D103_1_consensus.txt,0.5129663537806302,0.5499765391248559,0.5632608268882002,0.5245875561468658,0.5517593782970849,0.581065725396158,0.5106615485681871,0.5776352244037213,0.5658812503364565,0.5468562385106921,0.5381522485341321,0.586840346688291,0.5339813235148121,0.5599649472458026,0.560882377248813,0.5230202986344885,0.5511080607150518,0.5724419461121819,0.234729200352973,0.2057203483948555,0.245261353087713,0.1709090565246036,0.2121241384842882,0.2279136944767543,0.2400406351009962,0.2046985554955327,0.2467353759813875,0.161688828410341,0.1917769607679744,0.2042074319230487,0.2149741530152233,0.1935924993753168,0.2193629303155688,0.1709115298182908,0.2116713693438185,0.2157606399915437,0.4565099596909547,0.4641252056292799,0.4695959927589292,0.4891539918892889,0.4704260066460364,0.4827170169069887,0.4504676673608117,0.448583925466739,0.4671427171065261,0.4878757047451181,0.4826666557163186,0.4702754447932449,0.4691387960900215,0.4782023606020154,0.4733855821958954,0.4947132635153402,0.4782007516715367,0.4785946088251158,0.2778844690251389,0.2605398559413281,0.2676642391785506,0.2439737107910247,0.2444440012203479,0.2462270912072419,0.2835044853535642,0.2529921489728579,0.2597524681854715,0.2425358181874983,0.2362974799718955,0.2461184166437604,0.2836141530315075,0.2550745804936518,0.2708137339523624,0.2413239463981753,0.2362624315455797,0.2448365789345672,0.3817842394687254,0.4052424542237887,0.4431933774745538,0.3528648257788731,0.3416789417481425,0.375098912945834,0.3781024733037874,0.3861356628514372,0.4164186550848434,0.342964016399506,0.3333479218011383,0.3431159989044623,0.3765774147937755,0.44700358414741,0.4135347461574739,0.3353023610575896,0.331390039564333,0.3596811284017676,0.4173004837262226,0.3855865191944403,0.3553184100975244,0.3679237196758116,0.3695750615914299,0.3774829801897255,0.3831718784681328,0.3697882271988,0.3807304752445546,0.4017709993809362,0.5143116476761733,0.7342788978994932,0.5716334172206317,0.4648721854947624,0.5052434760418514,0.371124134770298,0.3786887226936954,0.5581848547576911,0.2948743432881215,0.2934588193526721,0.2948602292845841,0.2997277873767103,0.2884623516752462,0.2810595301040379,0.2884677639443573,0.2798020964707213,0.2843824017763197,0.3259993696328145,0.3036479483861356,0.3123337080804482,0.289427847600642,0.2940143536055188,0.3020169560662076,0.3088805278307767,0.2828696852034262,0.2895445167186672,0.3532845147201975,0.321349311617503,0.3172896974523205,0.3169949711296951,0.3109028811082943,0.3192675844087596,0.3088171566607371,0.3247835300339581,0.3104917652225154,0.4882842662957856,0.4377463890268203,0.3140725375566902,0.3011576762379526,0.314934760409244,0.3233605837433018,0.3062464618309271,0.3279792915752857,0.329852728118702,0.3081762493128792,0.29928909279419,0.3047941874799491,0.3237085653288929,0.3162367047068812,0.3080790607548564,0.3120117033634635,0.3115946147380413,0.2877480260686837,0.2868470519577712,0.2788958129631673,0.2906469890391392,0.3128708572461001,0.2903234495915221,0.2944286909895091,0.3133104962328943,0.302460088357666,0.3009141172147735,0.0668129244346609,0.1020346129278557,0.0650468303996518,0.0306036909676663,0.1674949779526535,0.0557115980330991,0.0890529020406099,0.1226989476056275,0.1255417251867037,0.0,0.1417944481263902,0.0486011067912421,0.091737532855415,0.1237587618615059,0.0817231023549958,0.027136511377563,0.1095841068654621,0.049879021210021
D103_2_consensus.txt,0.4187309228500133,0.4369705234458223,0.4342770414606463,0.4230925631650706,0.427708392140925,0.4597357446591452,0.4214451919508413,0.4704145316637209,0.443508434284201,0.4457548209277995,0.4321203905636075,0.4700612515871825,0.4663594249310989,0.469471983932717,0.4482887459141551,0.4154142100180458,0.4295842816500652,0.4557177350296157,0.2578974849811573,0.2400076276337444,0.2588260038677958,0.2450013210299744,0.2469284036789574,0.2596134766043718,0.2542838643330434,0.2355730728775995,0.2595594580089226,0.2465442824899035,0.2455260629799447,0.2458346627544472,0.248879196006559,0.2320424767344135,0.2388561490573622,0.2452757381822117,0.2440353789938356,0.2480951697058024,0.4364668483225813,0.4434508057964059,0.4589940280748159,0.5093352920304604,0.4717234756119808,0.4826800248477454,0.4260995597738741,0.4272905187873164,0.4544071086857677,0.5148113361696147,0.4913984849856838,0.4799836181517207,0.4614338153568482,0.4699442840239953,0.4775626213529342,0.5132314340631261,0.4822879504875565,0.4749092324977617,0.2088954233999871,0.2076223209912697,0.2072501934872797,0.2189065831098311,0.2178969661233765,0.2079146934721905,0.211874638767501,0.2102659198420404,0.2071804540004329,0.2209200224820655,0.217571221207713,0.2121897554142577,0.208083472595284,0.2057452691341197,0.2080686261696129,0.2200039437972591,0.2125639938549852,0.2068150336999323,0.2845871124026757,0.3180863430597256,0.311559461589642,0.2950572393308945,0.2768506974999312,0.2885658854799722,0.2856472988282128,0.296751524902259,0.3277430477917171,0.2779521133464406,0.2881361016208785,0.2742021640441621,0.2969453755890221,0.3422306213531172,0.3177246673355967,0.271213421490696,0.2698375706213909,0.2774597203843321,0.276450543729986,0.2596731276071651,0.2423256905157735,0.258821610400382,0.2568322724809597,0.2584120566215055,0.2536210002826315,0.2587717103669043,0.258123849537462,0.2639199626540112,0.3253131557366728,0.5007876322091,0.3525581619468951,0.2991182347670431,0.3173588968515162,0.258184968881654,0.2576195078573171,0.3676276568428278,0.2701325149354794,0.272292107600883,0.2709157285986379,0.2656316869437773,0.2720011050152457,0.2739917889856116,0.264405031295901,0.2692875958709777,0.2641040396105651,0.2827477168019214,0.28894020003505,0.3011398060533992,0.2674754870349716,0.2828152618738286,0.2720953540604753,0.2699158882640091,0.2718572335780571,0.2817406706921161,0.3051395894851865,0.2866797267967982,0.2847103159853645,0.2590946315700222,0.2795506219322909,0.2843597441185252,0.2662484130450799,0.2714903353908724,0.2713699105365634,0.437547261342285,0.3907436908541939,0.2686247981104657,0.2589967568473845,0.2801660156629637,0.2888701322693663,0.2746197632891345,0.2799111474164597,0.2870631764789166,0.2902819673413788,0.3002152014566874,0.3065478019227825,0.4017027709991865,0.3619985023444911,0.3305157581145685,0.3005185430415089,0.3364666512054839,0.3019813712820287,0.349881533088336,0.3088541491121326,0.2932422906574032,0.2716735925325402,0.2856561831231303,0.2759504591047097,0.3924226630876504,0.353123963875003,0.3169545163837775,0.0986306142451312,0.1126823044896063,0.110265759904788,0.1377714524458291,0.1219528875108899,0.1153195145102614,0.098820581493598,0.1204282722370813,0.1069480362275072,0.1417944481263902,0.0,0.1092656280181962,0.0870415075006079,0.1055102935828031,0.0948296492365443,0.1430163652635983,0.0945922719858849,0.1275749907114303
D103_3_consensus.txt,0.4534925570741386,0.4829479152415565,0.4890901746099096,0.4626022258293787,0.4799717803540773,0.5119804250726716,0.4526002648294884,0.5130418316818535,0.4966634376300796,0.4859915746545056,0.4736843293468098,0.519761690113846,0.4841838408716654,0.500606200262645,0.4927408718257524,0.4568523778302022,0.4804043628737169,0.5041838419175484,0.207572641760052,0.1832614869366224,0.2147910988902595,0.1671385249658001,0.1916944387005053,0.2051181885927668,0.209867365168094,0.1833854677556345,0.2168850903439612,0.163402055610156,0.1784656079558289,0.1862323392131841,0.1925470280623784,0.1756800158327678,0.192260050108608,0.1665901881528526,0.1895212439618134,0.1920078707157699,0.4256415930735073,0.432191526458773,0.4424783460307395,0.4738078296960104,0.4477744518717337,0.4597713119993614,0.4176200285502638,0.4168972052763529,0.4393918715679206,0.4754288742034767,0.4620724693560305,0.4507668163011544,0.4420804876923334,0.4524612915293815,0.4522854039450905,0.4790420792968852,0.456743741013387,0.4538957212168775,0.2294896723640427,0.2186435688951036,0.222234552014811,0.2129834467204538,0.2120249685680555,0.2091118664894224,0.2351660591974749,0.2144328514066416,0.2156729368978958,0.2124667616584155,0.2062424717510396,0.2109463850360136,0.2338559920636562,0.2142322681644302,0.2230793480828836,0.212090678883392,0.205293983091984,0.2073735483545178,0.3167612720505346,0.3440189227620394,0.3663386873586987,0.3038155943807581,0.2906541542790783,0.3134998499091281,0.3148321505335367,0.3245754699251577,0.3566007999373717,0.2915032131545736,0.2893432438181591,0.2881504132494825,0.3176829835820101,0.3788877991899433,0.3503967568061341,0.2833131773609061,0.281308613722814,0.3000702279142615,0.3375891146536602,0.3128087030433875,0.2870882369347924,0.304477820636631,0.304690088095839,0.309844695956027,0.3092308726474435,0.3044420628508533,0.3116300767701041,0.326922404032409,0.4218392598683671,0.6256704791383356,0.466116737513417,0.3814537320158422,0.4123090554223552,0.3057348348816262,0.308521639389621,0.4620590159055737,0.2546721817687185,0.2557232317598163,0.254615902132997,0.25522107951371,0.2517165244274935,0.2477223517278268,0.2472294096137233,0.2461480981287778,0.2456688452683373,0.2789601604083742,0.2691356367949957,0.27992611240537,0.2512284846025814,0.2605860627478407,0.2601800966148815,0.2628241253801207,0.2484341884263656,0.2555843763620018,0.3131073394056081,0.280543455238508,0.2798663331723787,0.27065122380111,0.2758814636340894,0.2806790367305964,0.269518385823968,0.2810395057934229,0.2706337765412421,0.4462679149070112,0.396958092634474,0.2712944785480999,0.2585407035604419,0.2736674304481248,0.2854957730064456,0.2676797213807305,0.283021868352673,0.2873602853519514,0.273112675866102,0.2713430636146547,0.2768729590127101,0.3253037269306453,0.3066432097478504,0.2876839416781465,0.2790679266693026,0.2925696558886912,0.2655032303387443,0.2822384416566592,0.2617782980282399,0.2625491377753128,0.2683700269917253,0.2582234860025423,0.2577524100389432,0.3164606707916064,0.2942333207822152,0.2787420266917593,0.0536525245557086,0.0807384150882093,0.0580597239028328,0.0477817599328638,0.1308104804970007,0.0528526623380471,0.0679701349774717,0.0975455628618284,0.0951852309006113,0.0486011067912421,0.1092656280181962,0.0,0.0639812868799474,0.0912904753931727,0.0634136645782419,0.0484740345823553,0.083679595619504,0.051428861946384
D103_4_consensus.txt,0.4038270818857015,0.4256263727309601,0.4243614934438717,0.4091011257308459,0.4197286817489001,0.450171123341029,0.4052072763884595,0.4588253983235546,0.4364231809945913,0.4333761810143812,0.4175459701596153,0.4611632089027679,0.4450361108074894,0.4502262663388947,0.4350363916179027,0.4022689915966424,0.4202658920176603,0.445676167504935,0.2098224106231221,0.1926936242357904,0.2159020566314993,0.1921471257109317,0.1995665085651587,0.2118768714663126,0.2099770902666726,0.1898353407646524,0.2149508272601679,0.1929631651189218,0.1941810367521448,0.1963864924855052,0.1997986937176143,0.1842576238327957,0.1946820732675576,0.1927008712654796,0.1970944692162426,0.1995880752159813,0.4045298058343292,0.4109270569662193,0.4244968226669492,0.4707020328993572,0.4363482181456923,0.44581989734057,0.3944583340451295,0.3958181712300579,0.4215049789259311,0.4735493136400279,0.4532936973241419,0.4408143086911913,0.4259771619497101,0.4364850555854325,0.4405209251333168,0.47341767925856,0.4460600813903639,0.4394468031338121,0.1921583061043144,0.1888436066411607,0.1921347875665731,0.1948246974083858,0.1937783824769496,0.1860594005404294,0.1957548274831602,0.1875449580009807,0.1876193946732094,0.1955728196652089,0.1916678124274931,0.1883361168836259,0.1940901526764058,0.1862380220564645,0.1924800740485004,0.1963469735478185,0.189414549817048,0.185116624527847,0.2660518839426551,0.2970029558155289,0.3002660087450088,0.2699757798396476,0.2533777400838701,0.2684357789524689,0.2656403583420754,0.2778368242664371,0.3102731259645246,0.2554690826946597,0.2617239239576889,0.250154729050223,0.2735924629187067,0.3287865208137646,0.3000603205309673,0.247829780656744,0.2465544208402121,0.2550529433633883,0.2779086514447471,0.2589343261089247,0.2376619830692412,0.255622751848481,0.2543995141668667,0.2559229913117136,0.2519460057603062,0.254816276411443,0.2587031507332789,0.2632811970159814,0.3376437127002489,0.5262672242236555,0.3703800587288768,0.307289129771263,0.3302020104495717,0.2566472212063324,0.2564609258602282,0.3798299435715719,0.2410794069465467,0.2435069790258026,0.2414845827377263,0.2378982255639457,0.2426805280309416,0.2431794542973548,0.2348245559536543,0.2384445827058456,0.2348028444268131,0.2581849651963885,0.2603194411062262,0.2730075305451542,0.2388852378051638,0.2532492111237658,0.2451866012766252,0.2437765615712166,0.2419867994943239,0.2513113208197772,0.2840597976268206,0.2530690272845071,0.2548901392191069,0.2345345461837418,0.2506639147235461,0.2546903000515783,0.2418671974832591,0.2481056465495719,0.2430347203447986,0.4192701690740321,0.3673172939834153,0.2406799075980181,0.2287015808592656,0.2452005573994995,0.2570079226031545,0.2413945599579108,0.2505491989938271,0.2583546754480608,0.2563994420802089,0.2644146804763814,0.2694203245646278,0.3490620409773868,0.317236521616806,0.2892938372532896,0.2664006635218001,0.294028567795344,0.2619962905235056,0.3012115106152038,0.2661146011401456,0.2563018353351367,0.2437873310886544,0.2485115540162894,0.2421462696839427,0.3399856165325587,0.3062142367437879,0.2779815692886522,0.0575102904179907,0.078698019531,0.0685047914389009,0.0853906269615194,0.1052734988321617,0.0708719271345827,0.0606633373566474,0.0877492180747161,0.0784535948554179,0.091737532855415,0.0870415075006079,0.0639812868799474,0.0,0.0729356519684145,0.0602497816523452,0.0910386169308594,0.0701658747903763,0.0784173457495676
D103_5_consensus.txt,0.4232904705922458,0.4421841203205048,0.4387520036764805,0.4276105368338214,0.4325359677504892,0.4652869139218438,0.4249628249294019,0.4743329295339293,0.4527723225864122,0.4521861119257906,0.4355820598246396,0.4777120929203491,0.4683317368412147,0.4698266088216734,0.4509793957485044,0.419298263911994,0.4372047901209797,0.4620808987148663,0.2378555907680954,0.2218917271839657,0.2422556175801453,0.2264740636203583,0.2299548140475664,0.2395248753349896,0.2363991943839067,0.2168701759260507,0.2421318341733567,0.2274584996469357,0.2253820163325031,0.2278381640832805,0.2286947580247584,0.2149456621105123,0.2214350128759363,0.2266936017717,0.2259671976753594,0.2281348071066347,0.4262473269919553,0.4335233098126636,0.4472925732766697,0.4972482708838406,0.4596914448105131,0.4705919262734284,0.4161485744954767,0.4170186388738131,0.4433285480568436,0.5010138464268117,0.4779519826967267,0.4675394811728353,0.4491445238472806,0.4611242895019991,0.4655174886048137,0.500067803752156,0.4705627749857584,0.4639526948105938,0.2173491589520537,0.2149623706929802,0.2154455834203155,0.2253015429789151,0.2233631896980092,0.2127929981661083,0.2211921856459291,0.2149995801807698,0.2119100306999257,0.2260735485677223,0.2208025011069985,0.2161406291844798,0.2181140126395249,0.212278947323373,0.2164193581382463,0.227200963490386,0.2182847727169772,0.2131849429905692,0.282869857095779,0.3168657969694806,0.3165249326338504,0.2932195419190364,0.277629745994183,0.2881527985121934,0.2852907789337564,0.2933139771557691,0.3270385600999077,0.2782743492310153,0.2891702981766499,0.2731898793311131,0.2963560048820852,0.3464975050021124,0.3200783716561339,0.2710318679332317,0.270308129373042,0.2773304914653636,0.2893959976111624,0.2750237464806417,0.2539808576562379,0.2728861753506386,0.2715541594977466,0.2728205028046879,0.2657215357388622,0.2732744663984938,0.2736312252148813,0.2778593417826975,0.3461515422571679,0.5301162431894255,0.3748607177397858,0.3189380232447547,0.3386055456491306,0.2739074947080624,0.2725309595857439,0.3885470957810781,0.2637325766416296,0.2680629273579917,0.2638341590912176,0.2590535859416292,0.2648689858601862,0.2671599419152883,0.2560771492674654,0.2632705107651603,0.2549019655769022,0.2772392215078234,0.2841645654200206,0.2963870673715654,0.2602347121651363,0.277383662876467,0.2670618998664906,0.2627870696530365,0.2652711147746345,0.274852179779522,0.3104242229244214,0.2809656623145855,0.2828143233593678,0.2602232673212015,0.2779832429814277,0.2803656279342057,0.266611002183172,0.2723349214744033,0.26970276095863,0.4389450807659578,0.3920848827203791,0.2671680780582619,0.257188345209105,0.2737712321643215,0.283805896878782,0.2702895939258276,0.2786653279677793,0.2868949765584858,0.2826903766445348,0.2921833500038815,0.2958523325170503,0.3871097410780351,0.3511035667364055,0.3206925437296277,0.2913561686869776,0.3247318348181238,0.2907598922347709,0.3369167152150325,0.2974526902084484,0.28365644190308,0.2655131907210979,0.2751424823266006,0.2670218279986898,0.3795687491378032,0.3404200235545183,0.3080990152984064,0.0802916407297047,0.0952882439425906,0.0927587179568227,0.1178168893183482,0.1197352606651556,0.0971507135104303,0.0810679637504918,0.1010973582284613,0.0933359952049599,0.1237587618615059,0.1055102935828031,0.0912904753931727,0.0729356519684145,0.0,0.0771571941892261,0.1224583739847915,0.0881166935134558,0.1055809317646065
D103_6_consensus.txt,0.4173538884436247,0.441111217145135,0.441981271607986,0.4227265126494082,0.4359041453364689,0.4666613859042776,0.4179790729778965,0.4728410620799508,0.4523029881982019,0.4474453820184152,0.435160508725513,0.4769773990354338,0.4552343351776464,0.4637949598603725,0.4507175690897327,0.4174716604014818,0.43659973987792,0.4620886258791721,0.2092022126248345,0.1909042094207116,0.2151875163087382,0.18471987520061,0.1974911038762279,0.2093481572180913,0.2097215072278828,0.1878341715870988,0.2153733113174425,0.1835826379550909,0.1887542663130013,0.1941595432098282,0.1973987656977911,0.1814576270088466,0.1929964686561867,0.184824861240866,0.1954626351130102,0.1988970717777149,0.4097131169647561,0.4165650535145673,0.4287841282549429,0.4723507583669999,0.4389631920028733,0.450117567816978,0.400778301894622,0.4009043433238979,0.4255692642127826,0.4742675031718839,0.4556744647889168,0.4437097252995308,0.4304845835089743,0.4397651400428799,0.4428345754424612,0.47435224517411,0.448902792471749,0.4438794567566759,0.2022085227047227,0.1973336858264396,0.2004579074163253,0.2007314237071398,0.1996772892496814,0.1925665166490446,0.2073189083343862,0.195852312298193,0.1953087771702399,0.2016712502303868,0.1969738557933986,0.1951783191593676,0.2043496629000358,0.1942188105812263,0.2015215638223892,0.2016769446263353,0.1952848179973116,0.1922634986447775,0.28080091416372,0.309660636469836,0.3195824036690311,0.2805110905739774,0.2660240924718238,0.2804289417322394,0.278947246474079,0.2897635428226088,0.3230659424473074,0.2662686630618545,0.2701063649962734,0.2622643881596751,0.2863497836144333,0.3454547617882113,0.3152610465049257,0.259042158839307,0.2572284029850351,0.2693619761515862,0.2931279822768147,0.2738404808744441,0.2507679165552332,0.2671571336949689,0.2670647046948744,0.2685516112693271,0.2666681432953979,0.2681137125925836,0.2707300515229143,0.2789341046208804,0.3571822743935371,0.5504919142036115,0.3937073258593955,0.3249016657457915,0.3500743443733078,0.2685801733284734,0.2701887659318132,0.4012749503044048,0.2459655424106586,0.2484956055123923,0.2459604224811045,0.244074549950767,0.2464865726368792,0.2453087606663189,0.2393372005146758,0.2418581543691296,0.237943432897552,0.2629398328770485,0.2631405857899374,0.2743676260832899,0.2421618369477087,0.2553860530913425,0.250166554109466,0.2499989214917271,0.2440161367636015,0.2535228196881718,0.2917550507251967,0.259409892024852,0.2588557245902052,0.2428901346260552,0.2561855845513356,0.2592454182008019,0.2472908065356449,0.2556955043641586,0.2477181249444662,0.4240564174068524,0.371841077037164,0.2478701984980134,0.2364007701911532,0.2525933994762042,0.2625487787479912,0.2473939177681643,0.2583432614956606,0.2653487414322981,0.2623317650719841,0.2687299468349593,0.2732790420180429,0.3443182130135191,0.3163544717949342,0.2907683331913233,0.2707026638142764,0.2961506972666221,0.264523384084022,0.2994404083449211,0.2674178344871798,0.2605621957002491,0.2523325194930628,0.2537928117305412,0.2482547184487025,0.3369346083307754,0.3046869649483597,0.2799927557803237,0.0592740114196779,0.08045844129634,0.0662689577489175,0.0793344627832226,0.1138326117466199,0.0700580034004438,0.0658067912265849,0.092526400152316,0.0804498008728096,0.0817231023549958,0.0948296492365443,0.0634136645782419,0.0602497816523452,0.0771571941892261,0.0,0.081485687172421,0.0751191558919757,0.0752699891659816
D103_7_consensus.txt,0.5068213971266964,0.5416067713417156,0.5554585860205741,0.5186656474746485,0.5454059326631118,0.5749842908474818,0.505058277723414,0.5715431571491933,0.559740661967183,0.5407360909761181,0.5323601719682074,0.5798364410458561,0.5316106068851809,0.5560849555375178,0.5575841202891638,0.5172099479465899,0.5445328411294241,0.5655102475189366,0.2356609786036472,0.2041977413178912,0.2449816808114384,0.1717643527496264,0.2120822863674547,0.2292766650948436,0.2399114465103018,0.2047074161113649,0.2477003931694454,0.1628926166658502,0.1933015279715277,0.2041999996278463,0.2160488717543423,0.1933600554424117,0.2189173602798959,0.1710156814477059,0.2112728539858928,0.2153538865698081,0.4563393139117764,0.463559133173586,0.4696697916043781,0.4895794045298274,0.4705959828809583,0.4826082571692467,0.4499566165327806,0.4481523479948741,0.4668491582484186,0.4890830799258587,0.4824790664326457,0.4706795952416556,0.4689038370814948,0.4788192906019191,0.4748028375391087,0.4951335630152442,0.4787872525808829,0.4787476489891062,0.274436414918604,0.2574369211973319,0.2615545878033387,0.2403426138625306,0.2406554271784529,0.242454673037102,0.2802145741150852,0.250338541346089,0.2551709548310761,0.2399369498977535,0.2329878408013179,0.2430444296578926,0.2803110874304124,0.2517340978279208,0.2651327031179846,0.2384797304567811,0.2331839104769599,0.240709026842623,0.3794027829571504,0.4059578774918755,0.4419294991390501,0.3534471588794048,0.3414231205852189,0.37500425859184,0.376970553419703,0.3858176518690683,0.4148023465982291,0.3416643088298237,0.3342136458962805,0.3414184668022777,0.376996040738959,0.444450755199405,0.4133995407506106,0.3328774614788834,0.3299260594022968,0.3586955975073991,0.4060700604366687,0.372134438785757,0.3437500852312105,0.3561042696210705,0.3575539181543803,0.3659405691326789,0.3701479217009762,0.3578073383425746,0.3678635081509469,0.3909854552471152,0.5000872814232054,0.7136983644652624,0.5561859171808763,0.4529722742434998,0.490600322602674,0.3583401391290763,0.3660274989176848,0.5439495656671696,0.2850290514044538,0.2829655436670784,0.2853521907299097,0.289908651382099,0.2785844353008819,0.2708448566205561,0.2790339347682575,0.2710064363689284,0.2753518594011694,0.3160032976607745,0.2937849640696797,0.3026167116025746,0.2789367507454727,0.283896005240976,0.2906378920621293,0.2993220831186391,0.2728788586559076,0.2797328450188843,0.3496652028783167,0.321512392000379,0.3183933125005147,0.3142148755766207,0.3113091141538291,0.3190579383851499,0.3057434462933486,0.3224970664010307,0.3113793856866529,0.4851456736903969,0.4348554984690622,0.313049766775876,0.2985650120362919,0.3152945622486314,0.3255906922665126,0.3059099406561927,0.3264480809991923,0.3285161876510329,0.3066085878903237,0.297185800676047,0.3038336990087913,0.326685918537887,0.3167585400031214,0.3073211757294771,0.3117880216963939,0.312604222702852,0.2891010265472431,0.2871404834924043,0.2771007264147762,0.288211964288859,0.30889931222789,0.2878688730256087,0.2919725344906112,0.3157744999217691,0.304139290403139,0.2995523132670961,0.0650650495117943,0.1005949390349201,0.065079320823937,0.0306299749429328,0.1652273614430583,0.0553884996751961,0.0885088013530825,0.1209777937980938,0.1257384898897946,0.027136511377563,0.1430163652635983,0.0484740345823553,0.0910386169308594,0.1224583739847915,0.081485687172421,0.0,0.1064453149762414,0.0493195895769318
D103_8_consensus.txt,0.4148869622482962,0.4364161965245472,0.4365080666377139,0.4198898962589759,0.4297970262726167,0.4608560495004994,0.4150521033010506,0.4697358874465465,0.447572353709436,0.4435656963190979,0.4302563109032569,0.4708121832995786,0.4577959596501486,0.4627064194002592,0.4479046621409601,0.4138025466822626,0.4313043157285925,0.4568087683017126,0.23188477642082,0.2139922172154662,0.2365656875857631,0.2136934357930329,0.2218633675326629,0.2326142605110881,0.2297446913586966,0.2108227179810349,0.23578437839722,0.2120987530896059,0.215199834260769,0.2179511623701309,0.2203450448533708,0.2064934558911595,0.2147394350273863,0.2130212793670125,0.2181449613115127,0.2196661247822824,0.4219842776532516,0.4286445908798946,0.4414017419030003,0.4887139705543575,0.4532354395622953,0.4628011716410647,0.4111873551207807,0.4118794709102182,0.4386644033933535,0.4920999872169176,0.4708356984403359,0.4589534576670075,0.4431694127524075,0.4532824603696426,0.4574511264434733,0.4912140069208739,0.4636546296727672,0.4571767215231155,0.2041055748917841,0.2000677281395297,0.2017807486826655,0.2059532403135051,0.2063838416452696,0.197463644926664,0.2064168444107217,0.2000951465369027,0.1989805996554459,0.2087443381038483,0.2040096567351881,0.2018673507465571,0.2043858786288517,0.1982117318048324,0.2033642598678327,0.2078458921844763,0.2015510371987616,0.1966967840029738,0.2812491471836864,0.3105242516869282,0.314614435611368,0.284770546821818,0.2689999787068409,0.2845176725330773,0.281225926862497,0.292651834568769,0.3220434902421019,0.2693181741426542,0.2772617208615955,0.2654047650536171,0.2898907086333473,0.3399644471682386,0.3139323491763832,0.2618095757477441,0.2610253638755466,0.2718224132341298,0.2857116503381327,0.2673844675332049,0.2478898519590515,0.2616508812610227,0.2620307934915686,0.2642529557159818,0.2602943377457478,0.2635796466765967,0.2660519721639751,0.2711327390113141,0.3424501964348785,0.5288556570366261,0.3753897532089638,0.3129054254652565,0.3346551143226755,0.2647207314443136,0.2636601822861593,0.384965153910322,0.2582485438355526,0.2591197608258788,0.2580619090853027,0.2542478024106813,0.2581229241473899,0.2593148434487204,0.2516272915346178,0.2541561675403976,0.2506903246474721,0.2729950043425191,0.2750602279284138,0.2871784915771158,0.2544550855279297,0.2680082195238746,0.2605725048104759,0.2609713343286977,0.2572831167293046,0.2679343457390644,0.2997293426874456,0.2745308495224847,0.2732115586998347,0.252376796524306,0.2690764881943508,0.2730699595504759,0.2573574708418249,0.2658110847048363,0.2608752978384601,0.4281065724281134,0.3816687320817706,0.260121298615747,0.2485868462891716,0.2663781722740452,0.2775087690687954,0.2618253853383336,0.2708413831246794,0.2779303928871144,0.2710116822262129,0.2789196342081226,0.2822771831993833,0.3665077079071572,0.3340571311738074,0.3050111983253316,0.2799841177310185,0.3103553659089968,0.2777479177609478,0.3186403548597738,0.2816067045425612,0.2708927161983361,0.2566036616446645,0.2639290137698147,0.2566945770493944,0.358510704098272,0.3230339850501735,0.292212111027208,0.0745771746997761,0.0906416501971989,0.0853364925220816,0.1055178390166595,0.1120981537566265,0.0879946907142219,0.0754782033813228,0.1030092842635426,0.0921320581496836,0.1095841068654621,0.0945922719858849,0.083679595619504,0.0701658747903763,0.0881166935134558,0.0751191558919757,0.1064453149762414,0.0,0.0972866493341619
D103_9_consensus.txt,0.4701358701936229,0.5001321522433848,0.5081570852291151,0.4798702437157551,0.5004987273167636,0.5298604034432657,0.4696018529075516,0.5305095113302087,0.5156562523422892,0.5022430252357601,0.4915935687548938,0.5387612504475499,0.4990605602999132,0.5161827644952801,0.5123367824675782,0.4751452816004331,0.5004361237243344,0.5226330797420289,0.2180630183621232,0.1930527385274629,0.2270051400573578,0.1727949521944509,0.1989798680530938,0.2149064167072083,0.2215650688862851,0.1919485456422549,0.2281746850636565,0.1676690229829844,0.1861236591774897,0.1948534661803869,0.2032054230836131,0.1849697833218648,0.2041681220300937,0.1729456558549706,0.198168309415788,0.2016209040782755,0.4392043874082567,0.445580486721628,0.4546953723118818,0.4837995442053362,0.4592778604115928,0.4706528908771474,0.432013397749138,0.4306847759126881,0.4519639321843414,0.4844582932588217,0.4726877936106319,0.4611313076740657,0.4547637589640843,0.465505378461323,0.4631434695721488,0.4888425695090603,0.4679244688759283,0.4657375864791113,0.2509457448032073,0.2370813278649528,0.2406748732912405,0.2284757581360814,0.227486717965121,0.2267410706965975,0.2553932392669225,0.2310594577897333,0.2336017633468508,0.2275216253286487,0.221222838980811,0.2268824276200547,0.2551264475148116,0.2319816367993681,0.2415340184511265,0.2267395519611099,0.2202670875507024,0.224546838454156,0.3406572392433276,0.3675226078655669,0.3946723798113467,0.322081391977072,0.3095553134151885,0.3367102810132536,0.3370277937910693,0.3469809027010271,0.3796193662340386,0.3106778528027831,0.3067776642950335,0.3086208424651744,0.3372991972479475,0.4014611778932391,0.3732637842073458,0.3023690610466332,0.2997080453380647,0.320128200411375,0.3641639896749353,0.3371942317562357,0.3127472807127134,0.3288514868757453,0.3283675017833545,0.3341527396367603,0.3343992739512202,0.3276456735658222,0.3352922418417989,0.3545112304127507,0.4533557132272534,0.6631158641156745,0.5007976811220942,0.4109116393598206,0.4446841443294147,0.3297948259975882,0.3332792144387397,0.4921354331982606,0.2678823477836012,0.2684485461909354,0.2670642490101826,0.2688992107179757,0.2642450980691571,0.2598932505668827,0.2594314421050328,0.2587170910497853,0.2583992430924979,0.2945460631871626,0.2820472963542002,0.2933355748085269,0.264458527364674,0.2731391635232789,0.2735324649841111,0.2778760118330083,0.260923192945409,0.2673993031293022,0.3298185729933749,0.2958065335782827,0.2984305817884269,0.2893868052239625,0.2924475824790029,0.2980490056045042,0.2845919933403209,0.2972609966438355,0.2884931630584333,0.4629516466778547,0.412864210939297,0.286721837306171,0.2748322056331496,0.2892664904670816,0.3009512055596062,0.2841239971047535,0.3010578972144699,0.3038076673777183,0.2888497855596057,0.2853408557755372,0.290652831789906,0.3316122314823246,0.3147526787401276,0.2990873011750778,0.2939497188455249,0.3039956259240384,0.2771638173560227,0.2895261541035765,0.2725343820804013,0.2770573840249426,0.286240044258367,0.27269144170684,0.2730655616112045,0.3221180067532714,0.3034661863776478,0.2900955091148844,0.0612216436508177,0.0919511355018514,0.0658941729284272,0.0496201433770906,0.1478334501184548,0.0585853148747155,0.0780861156617405,0.1094624964513606,0.1099983992494557,0.049879021210021,0.1275749907114303,0.051428861946384,0.0784173457495676,0.1055809317646065,0.0752699891659816,0.0493195895769318,0.0972866493341619,0.0
