Sample1,316188_10_consensus,316188_11_consensus,316188_12_consensus,316188_13_consensus,316188_14_consensus,316188_15_consensus,316188_16_consensus,316188_17_consensus,316188_18_consensus,316188_1_consensus,316188_2_consensus,316188_3_consensus,316188_4_consensus,316188_5_consensus,316188_6_consensus,316188_7_consensus,316188_8_consensus,316188_9_consensus,326650_10_consensus,326650_11_consensus,326650_12_consensus,326650_13_consensus,326650_14_consensus,326650_15_consensus,326650_16_consensus,326650_17_consensus,326650_18_consensus,326650_1_consensus,326650_2_consensus,326650_3_consensus,326650_4_consensus,326650_5_consensus,326650_6_consensus,326650_7_consensus,326650_8_consensus,326650_9_consensus,326651_14_consensus,326651_2_consensus,326651_5_consensus,326651_7_consensus,326651_8_consensus,326651_9_consensus,326713_2_consensus,326713_5_consensus,326713_9_consensus,326737_10_consensus,326737_11_consensus,326737_12_consensus,326737_13_consensus,326737_14_consensus,326737_15_consensus,326737_16_consensus,326737_17_consensus,326737_18_consensus,326737_1_consensus,326737_2_consensus,326737_3_consensus,326737_4_consensus,326737_5_consensus,326737_6_consensus,326737_7_consensus,326737_8_consensus,326737_9_consensus,326780_10_consensus,326780_11_consensus,326780_12_consensus,326780_13_consensus,326780_14_consensus,326780_15_consensus,326780_16_consensus,326780_17_consensus,326780_18_consensus,326780_1_consensus,326780_2_consensus,326780_3_consensus,326780_4_consensus,326780_5_consensus,326780_6_consensus,326780_7_consensus,326780_8_consensus,326780_9_consensus,326797_10_consensus,326797_11_consensus,326797_12_consensus,326797_13_consensus,326797_14_consensus,326797_15_consensus,326797_16_consensus,326797_17_consensus,326797_18_consensus,326797_1_consensus,326797_2_consensus,326797_3_consensus,326797_4_consensus,326797_5_consensus,326797_6_consensus,326797_7_consensus,326797_8_consensus,326797_9_consensus,326907_10_consensus,326907_11_consensus,326907_12_consensus,326907_13_consensus,326907_14_consensus,326907_15_consensus,326907_16_consensus,326907_17_consensus,326907_18_consensus,326907_1_consensus,326907_2_consensus,326907_3_consensus,326907_4_consensus,326907_5_consensus,326907_6_consensus,326907_7_consensus,326907_8_consensus,326907_9_consensus,327059_10_consensus,327059_11_consensus,327059_12_consensus,327059_13_consensus,327059_14_consensus,327059_15_consensus,327059_16_consensus,327059_17_consensus,327059_18_consensus,327059_1_consensus,327059_2_consensus,327059_3_consensus,327059_4_consensus,327059_5_consensus,327059_6_consensus,327059_7_consensus,327059_8_consensus,327059_9_consensus,D103_10_consensus,D103_11_consensus,D103_12_consensus,D103_13_consensus,D103_14_consensus,D103_15_consensus,D103_16_consensus,D103_17_consensus,D103_18_consensus,D103_1_consensus,D103_2_consensus,D103_3_consensus,D103_4_consensus,D103_5_consensus,D103_6_consensus,D103_7_consensus,D103_8_consensus,D103_9_consensus
316188_10_consensus,0.0,0.0332189857370359,0.0613690341743337,0.0286613259068816,0.035596099283405,0.0486123258234436,0.0311588920063703,0.0370014185248879,0.0440852617259267,0.0379080507445162,0.0371228331989282,0.038465272692966,0.0327092094305625,0.0467426863604749,0.0940307813370495,0.0275631806546758,0.0512642824825538,0.0557507343444311,0.1201251479166115,0.1192510406886157,0.122100998062446,0.1240875205223025,0.1192546939286261,0.1214702875093611,0.1195705085735035,0.1213446637897759,0.1222881443141091,0.1246198766356487,0.1193085691336899,0.1207556145260694,0.1193082295202224,0.1194391017752161,0.1208250611653843,0.1227458897555135,0.1195106686504306,0.119759832076834,0.1285585174631039,0.0824136646974028,0.0808335366667134,0.086877466830503,0.0820428266731487,0.076306550801634,0.1025697274180637,0.1097758110084597,0.1434986171993853,0.1060024389283658,0.1794471614934706,0.1348285792932173,0.0884668157004855,0.0861474152386243,0.102814237606541,0.1026940465690048,0.0925422119550029,0.088169670486302,0.0874045390920352,0.0818246958079779,0.0820602372424403,0.1058027980885556,0.0979663752195474,0.101395802761957,0.0895597761403356,0.0879960669849953,0.1021067104098069,0.1337776957301688,0.118569982323307,0.1087962832575157,0.1152253064123914,0.1111722082018464,0.1117349739993297,0.11251384991735,0.1105969075492321,0.1111695355091026,0.114500585184334,0.1319402706022613,0.1478954785368638,0.1536909781066172,0.1235779664234089,0.130699752358875,0.1129721098536566,0.1094707453678768,0.1600535707107925,0.1149084345927199,0.1185562655246526,0.1137833787692029,0.1112720620740585,0.1208870517319322,0.1231963537544269,0.1151645329844238,0.1232681764902844,0.1158275492707705,0.1137597524437144,0.1204560209405539,0.127039500327608,0.1203407515906913,0.1250527370019432,0.1152115682056681,0.1111066492072057,0.1236490988230933,0.1235311973921785,0.1113154565713583,0.1277097057283454,0.1134032945131384,0.1166871295130487,0.1165577392120029,0.1092391141596196,0.1190520248316357,0.1264962512096226,0.1174373804209825,0.1166546341679686,0.1224481892001236,0.1183537245743935,0.1106335772484466,0.1146736706346489,0.1170371996702164,0.111306428613005,0.1213160906098496,0.1531998049223608,0.0970675427531918,0.101734274605456,0.0977994628187388,0.1274811915825864,0.1149751902157331,0.1095475406831221,0.097284729531938,0.1064149014396533,0.1004088689313475,0.11851971731326,0.104964335471616,0.0967713434864988,0.0875921776073841,0.093471570572211,0.0896332683322954,0.1267599868797786,0.1132913342788715,0.106140356870215,0.1209255676537986,0.1263593112411818,0.1227323158087416,0.1531417311253601,0.1200158631272829,0.1369900163645962,0.1169335722515974,0.1142651066220375,0.1126795638552961,0.1565577675868573,0.1202655551672216,0.1297181893205054,0.1136224818306687,0.1115066377217663,0.1146071535083181,0.1594480262253652,0.1157119525982251,0.1372520062059815
316188_11_consensus,0.0332189857370359,0.0,0.0449418561161946,0.0369143437822942,0.0300823414882059,0.03817351697512,0.0462570766765935,0.0417658390432364,0.0401608414158644,0.049066633352679,0.0409862556634264,0.0428537686174954,0.0473516329884545,0.0416257123440715,0.078584398758541,0.0286736347914122,0.039744196130942,0.0434341867040391,0.1122718033211734,0.1139630738665101,0.1135229052695574,0.1236545593519674,0.113914513208774,0.114962265118461,0.1114050017444431,0.1158549633201968,0.114391005191455,0.1251175693122108,0.1153423125130083,0.116567857536906,0.1132454606520387,0.1147169216229898,0.1139840267990031,0.1218899799356548,0.1140055178375538,0.1129038405696794,0.1427491794816734,0.0932437272072427,0.0891912382510383,0.1027522748417289,0.0962212980447252,0.087217878154638,0.1005909998287216,0.101588931390868,0.1396315666808388,0.0954594172263493,0.1692242694862626,0.1214821398066422,0.0832176637507116,0.0823254150830414,0.0929492652141775,0.0927712865966167,0.0849369107924925,0.0829764733416868,0.0838581374333328,0.0813284529009459,0.0777832570554796,0.096578954117427,0.0901560407665935,0.0919494572431444,0.0875319588232853,0.0858021854456282,0.0925443622995141,0.1203913787691713,0.1086499016868896,0.099966927987584,0.1092721949486286,0.1055937841886713,0.1041188247958349,0.1030248835104082,0.1059222417933705,0.1044584406569061,0.1040927868746692,0.1178630992093578,0.1337518356061994,0.1386006811237564,0.1110972405721915,0.116622294061678,0.1069947531798223,0.1020864083731726,0.1454417954773974,0.114453220022018,0.1196074602263277,0.1129227252830206,0.108569991594498,0.1223974436116942,0.126567328569076,0.1138033418251906,0.1253956109890482,0.1161391638360037,0.1110041413322726,0.1221089916195832,0.1302392386990068,0.1207801356551009,0.1280871759821244,0.1150344996481982,0.1085326323892703,0.1259940599792881,0.1266926126111696,0.1083303409020799,0.1189489326926406,0.1076165198092727,0.107885423877828,0.1121409823478182,0.1044664316857695,0.114435534042058,0.119987330521058,0.1104183518371162,0.115584596143131,0.118583134804447,0.1102494435349157,0.1040670806435614,0.1064818585844429,0.110840889570196,0.1044910135027817,0.1123347038328755,0.1433416394991164,0.1036102581885712,0.1114274371359758,0.1056621546587881,0.142217194884118,0.1278435086489546,0.1209225887301618,0.1038236811496629,0.1167153480262481,0.1090005521410145,0.1328647042030655,0.1175515408167382,0.1057685321155153,0.0901406071883777,0.100647811801416,0.0955501810475592,0.1416963950551681,0.1265064469529609,0.1172541948690168,0.1194054140637822,0.1204199717015897,0.1233893880109521,0.1607450261132974,0.1107119154064351,0.1356623428315077,0.1136562280105702,0.1104384312260008,0.1072416973833405,0.1647297440195018,0.1104959111874701,0.1340894403343113,0.1088708529570292,0.1054821713369726,0.1121554232511887,0.1677079750479465,0.1107179346528682,0.141280763182559
316188_12_consensus,0.0613690341743337,0.0449418561161946,0.0,0.0682598661803982,0.0460817822246417,0.0375937327473382,0.0788769832465098,0.0713420893835534,0.0631551291039871,0.0810463599665275,0.0670374993247241,0.0699336227464464,0.0785019541194265,0.0463198900351273,0.0533543784053421,0.0459654553383918,0.0314033439614123,0.0340551948684495,0.1102374980095406,0.1177339595343245,0.1109025324345149,0.1361304306841492,0.1174709956596988,0.1133904780058098,0.1102283039789054,0.1213307801447541,0.115510287905174,0.1386039534556944,0.1220109952792454,0.123031587585795,0.1162394239226207,0.1209827174452727,0.1167109410063895,0.1345664461550707,0.1179211261192393,0.113482555567787,0.1651164271076151,0.1161214977868581,0.1088582288590714,0.1300387680531551,0.1226486225252278,0.1118249308724032,0.1165689616994358,0.109406485010271,0.1488721342952609,0.0832508413245679,0.1439955917333048,0.1000537164825156,0.0799075250339786,0.0858673902217981,0.0782275442853108,0.0843849578290006,0.0856075944929861,0.0894004000474329,0.0861491455608109,0.0927338715138911,0.0822583875711834,0.0847637184088178,0.0830338657466363,0.0804291524989267,0.0944934779752865,0.0935837260699952,0.0820412323406453,0.0999796110327923,0.099263881138759,0.0989595328335982,0.1150425691489437,0.1111139202064302,0.1079324083090772,0.0985309401183168,0.1134614416276746,0.1084879475214228,0.1023840427874192,0.1065119428410995,0.1232110565054353,0.1169721937010266,0.1051492844983212,0.1055013599043722,0.1121599833931653,0.105354034872517,0.120933876093428,0.1230683651668168,0.1301662194067204,0.1204952540886896,0.1137903008770164,0.134186694371349,0.1402419047817983,0.1210111332184274,0.1390695037157802,0.1274614158999856,0.1175156871955211,0.1347872189976497,0.1449942526793494,0.131567485158416,0.1421438440496459,0.1245657273482119,0.1146857807869135,0.1398544467854655,0.1400910133816194,0.1164886594738694,0.1089761519544088,0.1154349122508859,0.1085752672963163,0.1209546044934855,0.1144391404791812,0.1219923541220292,0.1250020076992687,0.1150701810961808,0.1285853543366525,0.1237855641841716,0.1081892617428236,0.103622453854001,0.1040413461138889,0.1170190971541701,0.1071618932928719,0.1061407859094741,0.124783593148373,0.1237497087903017,0.1341202687404982,0.1270410005599279,0.1687693558961586,0.1534241261315874,0.1454434410601342,0.1244439821384334,0.1399166303667322,0.1305783495097725,0.158156488637641,0.1413546916026321,0.1265889189173717,0.1044716116295591,0.1193157930615682,0.112272063308436,0.1682894173554426,0.1518335735421449,0.1412172744114931,0.125172471105578,0.1154634652973594,0.1324805927807685,0.1790040350114676,0.10975410115286,0.1362592072103609,0.1169794439983501,0.1154151858716767,0.1119192343893461,0.18510921059945,0.1038504720388527,0.1495008699814432,0.1097057564855643,0.1061866463236412,0.1189775944666658,0.1878074297903814,0.1132330649913735,0.1544265545038466
316188_13_consensus,0.0286613259068816,0.0369143437822942,0.0682598661803982,0.0,0.039129829482885,0.0586403603292678,0.0255152356481978,0.0297913245847396,0.0362437541638235,0.0274034600345194,0.0282820194498736,0.0299546691579556,0.0391683812619314,0.0614465262225317,0.1050862804484498,0.0385401822241482,0.0610100127963708,0.0660363338296104,0.1211538741011604,0.1188588689059247,0.1221615413260912,0.1222455267876272,0.1192203295440126,0.1250207721772571,0.119466459075614,0.1189030907138369,0.1205500140075713,0.1229806568199392,0.1181489605850332,0.1194659114103142,0.1180464502223783,0.1173037478251197,0.1187813167677378,0.120629913392436,0.1184092079000584,0.1206036364260339,0.1267521339716935,0.0767151532066625,0.0753964428217131,0.0834058335961601,0.0774432811054603,0.0697552508363715,0.0948439507411068,0.1020036632099021,0.136555466829328,0.1083065487566463,0.1910093613123272,0.1393974841269995,0.0936459437263803,0.0852991921789259,0.1084202420625269,0.1030263252551274,0.0896980513820884,0.0833589498993573,0.0879786292991213,0.0776967285475868,0.080719043917496,0.1100605455298833,0.1003505840549867,0.1061667476183481,0.0861504381719529,0.0846428675287946,0.1051693087058303,0.1393186710293247,0.1231525619516111,0.1090103107689533,0.1130802769268614,0.1107595039073137,0.1096974112638611,0.1139377565146619,0.1099108883885535,0.1102443676252915,0.1121159781104841,0.1301066217977018,0.1444307827948734,0.1545645835683971,0.1207001268811123,0.1281989895365567,0.1113615302954534,0.1090355975437146,0.1649024460846317,0.1174296506344806,0.1212177956061031,0.1171402830410091,0.1138713240369676,0.1224820147341715,0.1261905302956839,0.1175697511445159,0.1234827505128974,0.1170546303839876,0.1146076622625937,0.1215740950745727,0.1274984350651059,0.1208727716250887,0.1254856136689957,0.1167849025263134,0.1131614027765535,0.1241620898866124,0.1259558828884395,0.1144627807321939,0.1363073209739677,0.1106137535034932,0.1150933653220642,0.1142140883429631,0.1069181213478397,0.1173848609829921,0.1241123115390924,0.1145890710148638,0.112519283956415,0.119491992661863,0.1221521086207682,0.1148364107716162,0.1185760220437717,0.1165881583910362,0.1126018676999503,0.1265511828973737,0.1647449774487252,0.0950827469597191,0.1014636241871508,0.0963411876031487,0.1284952987740636,0.1150790604342069,0.1087726804916924,0.0948581297188998,0.1054844321046364,0.0987528629311643,0.1194421346500631,0.1067403749335369,0.0974358291208106,0.0891512857633946,0.0948216366536748,0.0920171161796195,0.1276432789771396,0.1136243540454537,0.1057095858883177,0.1281101688768554,0.1351731156600038,0.1291764550638239,0.157316090108311,0.1223599918147095,0.1488218696106111,0.1229019229068422,0.1178247440586791,0.1153827855275742,0.1588138608983759,0.1254090092074468,0.1340409567882663,0.119253199877891,0.1160642876200906,0.1192157136024022,0.1620530195758284,0.1200801739191989,0.1445347098609884
316188_14_consensus,0.035596099283405,0.0300823414882059,0.0460817822246417,0.039129829482885,0.0,0.040981212112686,0.0486044670915984,0.0399802370220345,0.038361987768828,0.0503411493963882,0.0383765570884755,0.0413998778951198,0.0523902194979489,0.0450864194907236,0.0809691271165007,0.0315704415042694,0.0402982127277531,0.0474421354860237,0.1121287154477599,0.114088830583384,0.1122987125402992,0.125922345892717,0.1140719730400189,0.1146659263883089,0.1107455852721537,0.115845920751199,0.1134755498699449,0.1279086231454169,0.1164840603599368,0.1166085216996611,0.1133481984785462,0.1157802430275373,0.1136125930820278,0.1243072486448094,0.1141949100727802,0.1132794203629752,0.1426026781894386,0.0928898870905229,0.0879842824491795,0.1032894722211344,0.0956154629231827,0.0869996204880986,0.103167659198476,0.1043130892726372,0.1433358527701593,0.0935717165832934,0.1699380159640644,0.1198466818292086,0.0820976517744369,0.0811379866307744,0.0913612979884271,0.0903916096502571,0.0822903516610942,0.0787489996741935,0.0833957328083089,0.0803145174799702,0.0761512351754009,0.0952038475848315,0.0858299946481607,0.0893354049236989,0.0865044945055606,0.0853523940501855,0.0917609611315763,0.1224990876240733,0.1128628269099475,0.1035490576038344,0.1149420680495221,0.1110031313014464,0.1090085018594765,0.1069482726121561,0.1110666435161693,0.1094018866810949,0.1079830227145331,0.1210379781651637,0.1367237072161674,0.1400956968718764,0.1148647256205804,0.1192503913408157,0.112375317731117,0.1068568022919256,0.1478829747405385,0.1180056322467373,0.123164552287653,0.1159010160195691,0.1113285192077741,0.1257750251461921,0.1305349761253132,0.1166673029796952,0.1285474836171713,0.118964401781739,0.1142192430807625,0.1260208398034419,0.1343538635033707,0.1240635810691524,0.1319007341473002,0.1184701956158046,0.1112132069774938,0.1293161636502992,0.1299586822085425,0.112979790590702,0.1224703893991976,0.1093022697148403,0.1105600360346199,0.1145309439720217,0.1070157492414215,0.1168438120127739,0.1217181567156338,0.111880818438952,0.1186166851313549,0.1206331423421165,0.113003774378703,0.1077173358759506,0.1094682588534806,0.1127968673147512,0.1080813533447267,0.1155710104106413,0.147475283700445,0.1034102680970829,0.1125844158265133,0.1065740399243989,0.1449192427409311,0.1303965751915043,0.1223271343296886,0.1039253365626096,0.117705511720903,0.109597210766036,0.1354406424828811,0.1202245684094527,0.1073995071674536,0.0910235379564036,0.1021734316922089,0.0966176452231527,0.1442255597189904,0.1288107546133315,0.1189112463587364,0.1243553442645658,0.1241931115425501,0.1280580578126791,0.1656138480321655,0.1152014496302365,0.1412427256335826,0.1173925590796706,0.1131219865455956,0.110532311150263,0.1693646220343581,0.1145916039588721,0.1383575927210024,0.1126304257899096,0.1073743680626406,0.1160336675509669,0.172514383580167,0.1144750221058542,0.1460154119435018
316188_15_consensus,0.0486123258234436,0.03817351697512,0.0375937327473382,0.0586403603292678,0.040981212112686,0.0,0.0692917456303181,0.06178603148751,0.0588713127056344,0.0716585503759142,0.0621991769827666,0.061130566994131,0.0611529537975297,0.0343778558573418,0.0586360236549016,0.0370719798569161,0.0324866059922668,0.0303784422499696,0.1111460420525775,0.1166542049217237,0.1131087580707747,0.1312864167836839,0.1166317242543204,0.1120736268601417,0.1117404514125629,0.1214171811273075,0.1169282824602779,0.1321355463885238,0.1202637475997925,0.1207333969901094,0.1165570643923613,0.1203537047885286,0.1182025129192124,0.1299584587661872,0.1175174765705825,0.113022871639741,0.1574447246540929,0.1076791109666023,0.1035638630564415,0.1198414948194627,0.1130587307404361,0.1038215902205662,0.1132952441950449,0.1119338874875489,0.1485458031440969,0.0877823278613075,0.1484840267778748,0.1079100556714475,0.0770120859417922,0.0841583068690933,0.0817736476808161,0.0889599318559426,0.0875163930326772,0.0884024178042066,0.0845143713300041,0.0892474133653692,0.0817542449555858,0.0875702737484368,0.0856557356344535,0.0818891354361348,0.0934847091527747,0.0913458796093365,0.0854784096985409,0.1120635912802336,0.1047675984729325,0.1031482723929658,0.1162062614415163,0.1107278798962811,0.1092861534028708,0.1039769769367121,0.1126585406165787,0.1104950889265925,0.1070573078117189,0.1164636989105579,0.1365858344830295,0.1322037479020124,0.1123543810881708,0.115610986030154,0.1138248340535755,0.1075169085078896,0.1342407865831557,0.1205420818436114,0.1257780166302957,0.1173659539280001,0.1131153495321076,0.1299372761341005,0.1334808832447959,0.1193563492964625,0.1347689425329908,0.1236739848050482,0.1173468975329228,0.1303191096845604,0.1394370287677144,0.1289690627771673,0.1371468708080428,0.1216778233124586,0.1137592928982987,0.1353682408063354,0.1341149486121047,0.1076503521118361,0.1053017203815808,0.1103335152286111,0.1093804018681816,0.1153520290790706,0.1083878647046114,0.117679747253028,0.1225158546380506,0.1131220048717032,0.1250822224681579,0.125386164434208,0.1050586938300486,0.0999491949157695,0.1009666943206616,0.1102531056342882,0.1029698029707765,0.1037544396217965,0.1256760744472287,0.1136201885945882,0.1220517011411826,0.1161691217705985,0.1543245075213936,0.1400362200480394,0.1326438545973844,0.1146051467143723,0.1279753883414481,0.1194725012877347,0.144608916889269,0.1284582292465006,0.1159185256216464,0.0955833728341664,0.1089524309962979,0.102073001360773,0.1537342310441275,0.1386143848280019,0.128858363239701,0.1172783783228998,0.1106321643581334,0.1227354559201765,0.1671424663383746,0.106747380197616,0.1272118853617444,0.1107990478749751,0.1094410776534688,0.1069179995003341,0.1734344625864456,0.1028952203105993,0.1384542489016695,0.1055669608784172,0.1012804281660757,0.1108568355427871,0.1763622486390802,0.1069989314752601,0.1425886079427309
316188_16_consensus,0.0311588920063703,0.0462570766765935,0.0788769832465098,0.0255152356481978,0.0486044670915984,0.0692917456303181,0.0,0.0327024867766934,0.0443137226361061,0.0242668073161054,0.033149797179696,0.0345411351232969,0.0380185054704669,0.0682456468101346,0.1156684024228175,0.0449689713909277,0.0704584937612035,0.0765510291794034,0.1283132741608338,0.1245601210949339,0.1297809621426446,0.1242677941930936,0.1248976941361741,0.1316722458096452,0.1268939251393781,0.1241014368615145,0.1277262115477554,0.1245083120462964,0.1225174251684743,0.1242470966644143,0.1239380895876106,0.1221875042657209,0.1249577778668978,0.1225603825870627,0.1240577777921501,0.1271527982635205,0.119894895448461,0.0742497374307441,0.0741983842673674,0.0759580204197826,0.071642392630369,0.0673515424554259,0.0973257746307511,0.1076147716934547,0.1399332859580095,0.1195833080436124,0.2008714627184724,0.1509847266932398,0.1027605374352484,0.0939901865648933,0.1191402781083221,0.1137030115092445,0.0996751384927861,0.0926891355027036,0.0960436201827943,0.0839454666018847,0.0888448571905078,0.1209043948053511,0.110907946733784,0.116850648981937,0.093111723514193,0.0917805253557082,0.1157435535260997,0.1474644162550676,0.1290465725030059,0.113726186855331,0.116035162015955,0.1137961518445364,0.1141064148162438,0.1196179062640189,0.1119026323110914,0.1136841378602012,0.1183938068688063,0.1388056510670709,0.1526105559029002,0.1641804902521664,0.1281831946484178,0.1369091394671948,0.1142923378191879,0.1127372358204858,0.1741031435424871,0.1184115558083768,0.121465539461861,0.1187558203668306,0.1166502201566078,0.1220179373504232,0.1245088358251998,0.1191264139914284,0.1222186484114473,0.1176306528014255,0.1170912350951154,0.1207757872721977,0.1255956941197361,0.1208344017319271,0.1239599590173953,0.1174928850606509,0.115832117660911,0.12288721444119,0.1245166127610363,0.1185155144067705,0.1444347431587366,0.1175211114277573,0.1226419230699259,0.1198382044497694,0.1128585404577074,0.1224846054237363,0.1301359095631407,0.1215418212328908,0.1131704372040828,0.1216252225655884,0.1297617240281854,0.1214829258854788,0.1261440506738202,0.1234861549521372,0.1196570190501834,0.1346633063503016,0.1729704508691762,0.0917193539581211,0.0956776215144227,0.091830763119372,0.1187284693746742,0.1064380568753743,0.1016202407478668,0.0913691808701631,0.0991585147347038,0.094228088900324,0.1100127272418834,0.0986505949691344,0.0922499801191533,0.0888022293817831,0.0910233950210732,0.0895929693338362,0.117829574940562,0.1048918952611125,0.0987957380845865,0.1287710561769592,0.1390381926544152,0.1287706108655865,0.1514106128786672,0.1277214858803118,0.1498200823998954,0.1248256153310548,0.1202507782822236,0.1187614452295121,0.152084943205819,0.1317395816434896,0.1307776015270667,0.1224676483940858,0.1203718158644682,0.1211270960291744,0.1551252084476603,0.12338222551736,0.1415767433265818
316188_17_consensus,0.0370014185248879,0.0417658390432364,0.0713420893835534,0.0297913245847396,0.0399802370220345,0.06178603148751,0.0327024867766934,0.0,0.0355054404937078,0.0345563085958833,0.0314145414062988,0.0304805468243184,0.0445570181558534,0.0632147025789509,0.1067206668247636,0.0447847128391679,0.0647572986304494,0.0706419148264374,0.121915197951681,0.1193316451982155,0.1224031743633202,0.1235945066155868,0.1199937703871853,0.125464833676469,0.1196383334744617,0.1191912264453191,0.1204659178520783,0.1248569687007932,0.1194286048841376,0.1197895818125891,0.118904404453522,0.1183131949520529,0.1191533179598278,0.1221353708529468,0.1189856239054457,0.1212218180934909,0.1267609101783204,0.0804093150851222,0.0778575555260383,0.0862724446132826,0.0793877090331492,0.074289715280824,0.0999485378498258,0.1075135227181172,0.140744927900462,0.1105733193995744,0.1933143013428735,0.1412342582043271,0.0957089936555661,0.0885695559364894,0.1103906262379479,0.1041163486917192,0.0907061212851539,0.0839960482746541,0.0912287627535186,0.080941321243956,0.0828488123240012,0.1127444886393915,0.1002594574718163,0.1067228061373536,0.0892011895100269,0.0879585245669811,0.1075257241511708,0.1408675053642376,0.1259815668792129,0.1104557942365358,0.1167858925534591,0.1137522073931984,0.1127783580017112,0.1163311365396811,0.1121028321115364,0.1130256569924439,0.1152821422654732,0.1337946278579936,0.1471002477329234,0.1576341302368194,0.1244937546107496,0.1314307087391944,0.1148207956181394,0.111506342059029,0.1674785149609727,0.1184083812074916,0.1218455188382862,0.117693754901018,0.1147188128907114,0.122886049438989,0.1266083426926437,0.1177347207234069,0.1234782982185742,0.1168309184674896,0.1156281645399812,0.1226212963515731,0.1287334657819225,0.1214556965572267,0.1268717440271581,0.1179355767946841,0.1139941895828791,0.1245294873518467,0.1262504052915233,0.1181223244272797,0.1409907650092577,0.1146746181414519,0.1205665685357114,0.1195247334121601,0.111527852788166,0.122459419143028,0.1288686119490951,0.1193704215727245,0.1150372842437209,0.1232900789461294,0.1269579066834519,0.1203279087876168,0.1233091718527213,0.120492902251236,0.117858184699125,0.1316780298328453,0.1697287004087168,0.0935105003643064,0.1006146179260331,0.0957906263687554,0.1287214432556697,0.1152514125979942,0.1079664371842161,0.0939202204742858,0.1044850336736935,0.0981768258798514,0.1198511678323852,0.1072572685084473,0.0971057571016811,0.088560324734942,0.0943867360744119,0.091571436122963,0.1277970378441241,0.1135490918915275,0.1054171119406715,0.1293568382678768,0.1353050259170928,0.1296628368286875,0.1579540575107178,0.1234530324565721,0.1498489748675023,0.1235905618233601,0.1172749442872811,0.1152116412892596,0.1593363468041349,0.1277547206436059,0.1342483213188504,0.1205612464797298,0.1158969950095167,0.1200319064889404,0.1625759246310771,0.1215532712272226,0.1446644442400873
316188_18_consensus,0.0440852617259267,0.0401608414158644,0.0631551291039871,0.0362437541638235,0.038361987768828,0.0588713127056344,0.0443137226361061,0.0355054404937078,0.0,0.0425249534113289,0.0299503561581796,0.0340036047780333,0.0570589104651997,0.0643432609494733,0.0995379250251855,0.0444020190951772,0.0579175507949428,0.0649586573956436,0.1113095732871307,0.1111613396372579,0.1110762990858096,0.1200130062934875,0.1113671594837647,0.1171951973960149,0.1090309665037101,0.1105072830064861,0.1101446801240933,0.1222112508633655,0.1118302265380262,0.1125333641739186,0.1096687432941202,0.1103512479585292,0.1089169003282264,0.1185082433041867,0.110457562595136,0.1121938003593802,0.1353865714774661,0.0839568433707437,0.0787230776191863,0.0962497519304199,0.0871742831675149,0.0786285409200725,0.0993606970358977,0.1016306994589312,0.1380079997809336,0.0988365902890949,0.1852637371186851,0.1278555921108516,0.0894512206154917,0.0807762772410266,0.1008031097676351,0.0929766587199453,0.0800688847485082,0.0744007253643099,0.0845795413622635,0.075774069181636,0.0745839355147973,0.1025480103871015,0.0909280108532542,0.0970517756112889,0.0820439580697805,0.0816498545300669,0.0978229261995258,0.1318868153671836,0.1198669607043761,0.1044236824259733,0.1127394102690151,0.1102312444938134,0.1075972185505282,0.1094118324952607,0.1094079625023737,0.1085896569672421,0.1072165271785763,0.1222890682102926,0.1371523341844726,0.1447843764560704,0.1142973625514341,0.1195303953447947,0.1106722285407179,0.1070141001140307,0.1570257216054433,0.11672965085816,0.1212177115930934,0.1157738808947053,0.1109412793938798,0.1228729667402422,0.1284473917298203,0.1150703419402853,0.1237621603215217,0.116020133144354,0.1108330192609997,0.1225348903680323,0.1296036580459578,0.119737717897611,0.1269582993375257,0.1157958798466636,0.1100290497757507,0.1249912499366777,0.1273794127364224,0.1171619538740002,0.1335329772721663,0.1072008964611654,0.1109929036590863,0.1141142165452348,0.1055392909262151,0.1172148471737598,0.1218030612399388,0.1107950795395564,0.1158212058404139,0.1202778664916691,0.1193509132452035,0.1135949396599451,0.11548142313955,0.1140778019704964,0.1104325825812645,0.1235633331585534,0.1625936214243629,0.094752049351884,0.105418660182372,0.0985695017208322,0.1388505551980578,0.1234002757695014,0.1149258618438926,0.0952202581320104,0.1096173105810592,0.1010968125086234,0.1288862031939667,0.1145726994664437,0.1005352007761871,0.0869776223105689,0.0966856646998498,0.0926752693516551,0.1380020401761997,0.1219679173124639,0.1116737763884966,0.1293885923357629,0.1326556738881702,0.1308652259582188,0.1648068043066605,0.1175868222210508,0.1514325544451096,0.1209112278352639,0.1151951103036847,0.111503761214195,0.1664181427970021,0.120424730469598,0.1385098172727312,0.1161296690055634,0.110265196515946,0.1183767498928897,0.1700836995469536,0.1171317719433489,0.1495054848137774
316188_1_consensus,0.0379080507445162,0.049066633352679,0.0810463599665275,0.0274034600345194,0.0503411493963882,0.0716585503759142,0.0242668073161054,0.0345563085958833,0.0425249534113289,0.0,0.0322030360096265,0.0358396415128603,0.0437828697346395,0.0727696660341371,0.1175909811327048,0.0500026159358114,0.073418750977609,0.0789525254236131,0.1253312838424534,0.1211496367971033,0.1265079993981991,0.121112569895986,0.1213837592714147,0.129238269359934,0.1235378312190103,0.1200686799498687,0.1236244430885971,0.1222225497435973,0.118861134920886,0.1207028990308696,0.1201868847853253,0.1183822899278352,0.1207212360290575,0.1195092192570234,0.1200462080593095,0.1237873879026939,0.1204031144938678,0.0752217681235871,0.07436115737249,0.0783749666596479,0.072644349240976,0.0675220086689996,0.0975345078797933,0.1067792721317778,0.1386196829182298,0.117800514060522,0.2023965097228707,0.1500105709914712,0.1026962704042077,0.0921729534899201,0.118849956789132,0.1115922380104467,0.0960043029720218,0.088622752032886,0.0946824403628304,0.0819471605670179,0.0866240020809592,0.1198944977872588,0.1093433057829559,0.1156543811266887,0.0907755370130514,0.0899418586959444,0.1145823031633254,0.1483563829836236,0.1303662589958597,0.1139191950155236,0.1165844258415684,0.1147356510151674,0.1142330858925887,0.1196302310364151,0.1124182463517784,0.1140120449002911,0.1183636647844543,0.1383411853080318,0.1508984167137757,0.1639784358747236,0.127861280521276,0.1362449026265791,0.1146111272698391,0.1130621106763098,0.1749319079457712,0.1173993367419133,0.1207291854042276,0.118297377519193,0.1155756261019469,0.1212958348974664,0.1244699610791146,0.1183961418370822,0.1211666821672218,0.1164967624968385,0.1154566885751257,0.1201605041249526,0.1247899237508067,0.1193254898239023,0.1229723733627209,0.1166651569495132,0.1144637933886518,0.1214567351456439,0.1238754652391729,0.1183319282898005,0.1451225374013313,0.1149676069384838,0.1204626161646533,0.1178585741001391,0.1110587050789276,0.1207724179806729,0.127955424578944,0.1190962953750866,0.1126510555364109,0.1227067739174482,0.1286763411041079,0.1208865185919241,0.1252566426110077,0.1212339294398433,0.1184718941144097,0.1343883593251835,0.1746784605264077,0.0915830781488717,0.0963556955952374,0.0922863025292202,0.1209264667506426,0.1081145828525593,0.1025517186907203,0.0911501881926553,0.0997689907686689,0.0945202272882682,0.1123367663289366,0.1010459617341781,0.0932528359018769,0.0895699739358458,0.092296653948197,0.0912646657449482,0.1201394984638094,0.1066992926354035,0.0998811767321,0.1314300759377675,0.1413460349528127,0.1309696808496828,0.1539688487899864,0.1284334881504111,0.1536121362516485,0.1270242896453821,0.121364707102398,0.1196599544825195,0.1543364742048774,0.1327500893008615,0.1330949464715602,0.1240384397759579,0.1211003758962634,0.1225156535186224,0.1575775105692194,0.1247550491695586,0.1442915632632873
316188_2_consensus,0.0371228331989282,0.0409862556634264,0.0670374993247241,0.0282820194498736,0.0383765570884755,0.0621991769827666,0.033149797179696,0.0314145414062988,0.0299503561581796,0.0322030360096265,0.0,0.0305707845483758,0.0502858255743617,0.0654012184854416,0.1059186050019663,0.0426843706461224,0.061748295834028,0.0688353112064188,0.1171242852558597,0.1155497129633907,0.1173006126267563,0.1211259605003004,0.1157424431450958,0.1222176246654907,0.1149228701374822,0.114354367210342,0.1158081849103583,0.1228389562058029,0.1150093768043278,0.1160787836574982,0.1141629508416326,0.1139592693444279,0.1138368010886448,0.1193739804434961,0.1142184669882794,0.1169670981914071,0.1283137862008097,0.0788374106292445,0.074666944882201,0.0874037523989654,0.0797607089316281,0.0729085960832455,0.0972601095354946,0.1026102136851096,0.138700543246742,0.1057359687062386,0.1911614072924894,0.1360836814984473,0.0934088719251458,0.0842929348342971,0.1066334880897004,0.0997855298816806,0.0855918060638793,0.0793745264703968,0.0875581101912468,0.0768591346352611,0.0780100308399597,0.1085635629845018,0.0961981817469926,0.1034841488528735,0.084055890825172,0.0836943532237085,0.1035604003578604,0.1375114782181558,0.1231623926179936,0.1076345004621798,0.1140167736788064,0.1121103791675312,0.1101214930811757,0.1130291557207143,0.1106347426263857,0.1103626613496499,0.1112704938016065,0.1283720321093702,0.1424243514907248,0.1517196845303235,0.1195122715750066,0.1259220376073454,0.1118820488757539,0.1090203204449104,0.1638458797504202,0.1165548235315356,0.1209597821157211,0.1163122348907405,0.1122362909344536,0.1218586634129184,0.1267603261093345,0.1157907009764932,0.1225011339230927,0.1159055219050697,0.1122381285121282,0.1214854015657621,0.127645215934,0.119316624923156,0.1250984964336728,0.115606316422987,0.1110399945153503,0.1233486219350948,0.1258866960059874,0.1196436890062395,0.1392557417564009,0.1120124445189934,0.1161773082454381,0.117317589972523,0.1094240122877566,0.1200530063774131,0.1258085043459798,0.1153892018868207,0.1129137258428502,0.1188857448594649,0.1244937165647658,0.1177068025706154,0.1207757512531276,0.1186951098705266,0.1150581521925103,0.1291236994797449,0.1679939260680978,0.0935114458114091,0.101864836608876,0.0961722299603612,0.1320200667557569,0.1177662523198075,0.1101673363610605,0.0935187398745435,0.1056909314052428,0.0983752457151122,0.1225118721331506,0.1092044652573621,0.0975627761981245,0.0875090091783108,0.0946367276874315,0.0916597403759517,0.1310849843256805,0.1160482235677998,0.1069761994194679,0.1305630559282361,0.1369218293759694,0.1317401768780026,0.1612354013218042,0.123059547525907,0.1527678426048773,0.1239709046887061,0.1185596857558481,0.1154669922972408,0.162378256463135,0.1255042477031263,0.1371021482732648,0.1200886325793218,0.1153668382376176,0.1210086906152202,0.165755321845174,0.1209657727426373,0.1482058462875164
316188_3_consensus,0.038465272692966,0.0428537686174954,0.0699336227464464,0.0299546691579556,0.0413998778951198,0.061130566994131,0.0345411351232969,0.0304805468243184,0.0340036047780333,0.0358396415128603,0.0305707845483758,0.0,0.04861396761417,0.0661268222473313,0.1054437917137518,0.0435821290790464,0.063359656106108,0.0702740555349644,0.1185593963641801,0.1163591523490939,0.1186172268661733,0.1207746372398159,0.1167509762442461,0.1231610527502562,0.1163522508557792,0.1156721467621298,0.1173637022800238,0.1218037524469224,0.1159645579524854,0.1165589417167242,0.1153381196196639,0.1146092073592662,0.1153721903662833,0.1191758787135412,0.1153771524546483,0.1178926391464971,0.1285693394464245,0.0801825498753192,0.0773913451055766,0.0892453647162258,0.0814696019579618,0.0751697671675758,0.0946251371819312,0.1017579749702767,0.1351265205859272,0.1067362303579412,0.1910844111998349,0.1369888402371805,0.0929193345122977,0.0849694003560411,0.1074838389554033,0.1006827574523996,0.0871143244042238,0.081184582325283,0.087809485045394,0.0777049057913097,0.0790497709823682,0.1091892986439323,0.097746502030849,0.1040079155445215,0.0850053954747039,0.0838688094944191,0.1043328085225047,0.137030223148771,0.1219820023114191,0.1056721388662338,0.1112994105686746,0.1090171790120398,0.1073357090569727,0.1112942889790281,0.1075146523973239,0.1079453606860132,0.1092200951541631,0.1271131247877899,0.1434028837111798,0.1519930895323158,0.1180310640571559,0.1250137604681824,0.109225341533172,0.1067537290885942,0.1636445060272828,0.1157165395801795,0.1195247629652702,0.1155027030737188,0.1118518065432258,0.1209184391315167,0.1253502260393588,0.1151006131680877,0.1215157612871459,0.1150090825950228,0.1119612636177923,0.1200139755248188,0.1261282232146072,0.1183457622646157,0.1237634491305198,0.1146818097100309,0.1110042362580451,0.1226633010337177,0.1245625015305947,0.1162275001350452,0.1387081213856867,0.1118463990981485,0.11692410331019,0.1167681544067432,0.1088311805931747,0.1202235285462337,0.1259401096456792,0.1158290464096829,0.1133815502472617,0.1183552782423209,0.1250761267041198,0.1176088357810089,0.1205945721028649,0.1185238808479341,0.114456043112652,0.1293917930189505,0.168028561519567,0.090998878700168,0.0998201172238674,0.0935100843594661,0.1293572019829111,0.1151078831350324,0.1080272251209226,0.0915208872597725,0.1032661751184577,0.096234482458993,0.11994899452911,0.1066147937865932,0.0956024562955792,0.0860744049255562,0.0924505748785768,0.089535240168509,0.1283818840245212,0.1132333559437755,0.1045105749449157,0.1274511522881751,0.1328759055072013,0.1275601728718683,0.1574166616380892,0.1196330772159209,0.148734100777722,0.1202399460920145,0.114470841975059,0.1117267247032585,0.158644359187479,0.1226337290191944,0.1331512356396212,0.1171992915813497,0.1123623322418138,0.1173709049462867,0.1621188768724755,0.117207685804058,0.1441746975758121
316188_4_consensus,0.0327092094305625,0.0473516329884545,0.0785019541194265,0.0391683812619314,0.0523902194979489,0.0611529537975297,0.0380185054704669,0.0445570181558534,0.0570589104651997,0.0437828697346395,0.0502858255743617,0.04861396761417,0.0,0.0554693396335207,0.1062271179378512,0.0458277044728449,0.0682681175499668,0.0699678379428967,0.1329313227007656,0.1303258967628583,0.135515254401456,0.1314530806995774,0.130526658740385,0.1319884063508927,0.1325824391041648,0.1332762860308961,0.134735522837053,0.1309281256028596,0.1300064852351565,0.1307531372606078,0.1314598205472367,0.1309740349153178,0.1338799850151038,0.1301436836350484,0.1308656206632973,0.1312027399907344,0.1287599966162657,0.0879127214502602,0.0897713678285637,0.0872575902973028,0.0844682819435379,0.0826683188696135,0.1139076679506506,0.1247835666280514,0.1544516013618242,0.1236071519863609,0.1918991824352049,0.1518855469020596,0.1026685539534415,0.1016882801868738,0.1188459735557889,0.1199296501010216,0.1088471885684524,0.1023058010147442,0.1027738395147774,0.0958985388450041,0.0983141092874389,0.1222740975764769,0.1138351453025835,0.1164077537266137,0.105227335991636,0.1027153119907586,0.1190202367625525,0.1508558415988832,0.1332290130488315,0.123322273670246,0.1275858712340993,0.1233875332103256,0.1250522353175216,0.1278510592788857,0.1221156687019721,0.1244531033895754,0.1297248918887332,0.149643705019289,0.1634190883424289,0.1726914043446099,0.1397772217334415,0.148328874636567,0.1258334604344181,0.1228722929399323,0.1764621540853366,0.1244076234648917,0.1268727101145615,0.123632879904872,0.1229403571921796,0.1284498522041245,0.128096771394496,0.1254830584172238,0.1304310910689444,0.124048323634967,0.1260641217329149,0.127892764025593,0.1329634556900132,0.1295616583486492,0.1317838105238017,0.1249751128274948,0.1223996225554775,0.1304600639177436,0.1292270122638308,0.1166398258446769,0.1379380191954937,0.1227157148430504,0.1304283773822319,0.1250322230771547,0.1177895310958341,0.1283358237635841,0.1371461249890295,0.1287339259869276,0.1239202724695458,0.1350703214143165,0.1290834723498739,0.1216033848346989,0.1255677945608946,0.1243786401809413,0.12198807052519,0.1321111348388189,0.1641719504424643,0.0993698834193156,0.1001436187709255,0.0989820922248114,0.1202391073807827,0.1102491014461843,0.10595525873725,0.0994748195904131,0.1047769604263215,0.1009657543978388,0.1134640623945199,0.1020167916466674,0.0978860262615726,0.0927668178443217,0.0959923120475962,0.0929346197474993,0.1194505690335967,0.1094000251067678,0.1038234559216356,0.1265012495551687,0.1348022408339633,0.1268839765830883,0.1513295498222457,0.129708555368085,0.1408057795275354,0.1257539005779097,0.1219175515152877,0.122224331458514,0.1544348073084028,0.1322459054354587,0.1309752708961861,0.1241593244368354,0.1224578217345191,0.1217815068155687,0.1571988882552016,0.1249926552097773,0.1370591479907293
316188_5_consensus,0.0467426863604749,0.0416257123440715,0.0463198900351273,0.0614465262225317,0.0450864194907236,0.0343778558573418,0.0682456468101346,0.0632147025789509,0.0643432609494733,0.0727696660341371,0.0654012184854416,0.0661268222473313,0.0554693396335207,0.0,0.0626367875663823,0.0382909169837032,0.0376690886387057,0.0368607829968092,0.120782661865748,0.125223432546596,0.1234669366943924,0.137730442158286,0.1250151253585575,0.1191167449126613,0.1215678050721572,0.1306784274777437,0.126811629726601,0.138295604881428,0.1283332917690982,0.1290677405827763,0.125876724887462,0.1293174327754073,0.1281436588770926,0.1366148000530263,0.1267552576605932,0.1218087089499336,0.1546784317554463,0.1099784262098075,0.1069528517326788,0.1175281800919672,0.1127727763698942,0.1063692466541615,0.1214392258365208,0.1233721539106833,0.1574855648034984,0.096979593979037,0.1504234687245658,0.1168919951536151,0.0822327603912484,0.0916120950443664,0.0882965360679091,0.0982512780874286,0.0965954205850671,0.0964919878123599,0.0912257117520476,0.096245368691779,0.0893417004577769,0.0951780900391077,0.0920155044869875,0.0883791861453164,0.1006102350157426,0.0987157707586088,0.0936039178732938,0.1191439333158908,0.1111078066762849,0.1107744179749116,0.1231932541159722,0.117466546536656,0.1174229801770421,0.1117892602647388,0.1184625576342706,0.1173885884974857,0.1169430710292255,0.1282125703649432,0.1460255261797234,0.1428903936598866,0.1234477719201781,0.1275947774223014,0.1207371005557587,0.1147350062073765,0.1423363187518971,0.1242335832412508,0.1289216114763535,0.1209599850472307,0.1175659271732557,0.1330490829467223,0.135017700207243,0.1231871347054164,0.1378321648806597,0.1270316106172601,0.1231682869170223,0.1332307982054375,0.1421062455245813,0.1331578610288568,0.1400876162101982,0.1259803684828422,0.1187198766116099,0.1383822344446062,0.1359460343056969,0.1147693308488194,0.1126363818067354,0.1213930379091337,0.1217928330880113,0.1260674852871516,0.1181856151585384,0.12847931816521,0.1347412032097815,0.1247306330309264,0.1319869171448265,0.1358024605585796,0.1147138911205266,0.1092574596779527,0.1108426117509186,0.120365473616323,0.1131405081385144,0.1131989369194608,0.1298345991939312,0.1172675836788015,0.1231172860759416,0.119100031458116,0.151529390186174,0.138801924139259,0.1326853379857047,0.1182759077257414,0.1290496467266661,0.1222009909108718,0.1428791267074004,0.1276079500295242,0.1173838403564861,0.0996590147614688,0.1112917581294046,0.1042605991219053,0.1510916873383954,0.1377570654032842,0.1296335505767736,0.1192503779091802,0.1144394367124556,0.1244991564672427,0.1657700296848483,0.1137495469831141,0.1261043680789554,0.1155458339502756,0.1153587955455799,0.1137565562654059,0.1726656324326776,0.1109448120273029,0.1393923713485836,0.1108807389948838,0.1083753890836684,0.1156288973899981,0.1750600707842356,0.1136346072465778,0.1411606776462948
316188_6_consensus,0.0940307813370495,0.078584398758541,0.0533543784053421,0.1050862804484498,0.0809691271165007,0.0586360236549016,0.1156684024228175,0.1067206668247636,0.0995379250251855,0.1175909811327048,0.1059186050019663,0.1054437917137518,0.1062271179378512,0.0626367875663823,0.0,0.0773140230953657,0.0556914177609103,0.0494798349876071,0.1255657152331276,0.1364024841039886,0.1273966348407532,0.1578824853517701,0.1357957173441361,0.1256945844034184,0.1273745416609458,0.1430317512851902,0.1346387991390491,0.159386731770674,0.1426533910836344,0.1436487657513987,0.1361168919517456,0.1421092296016631,0.1373765495701592,0.1566373824895934,0.1379533234006149,0.1290628655248019,0.1953046386368253,0.1495532002299431,0.1433633921258769,0.1635233229238165,0.1571089844476243,0.1466221788909663,0.1416486319631015,0.1330753305030354,0.1666694476199903,0.0894936823031848,0.1139709004936508,0.0906710062869602,0.0900651267609961,0.1058798170159382,0.0802329751584377,0.0967812993348503,0.106666580462013,0.114597995688224,0.1039991160117455,0.1188550082647951,0.1052639614626853,0.0885924177268822,0.0949041274729309,0.0834954554408114,0.1175344826287626,0.1159945474436031,0.0892077058318866,0.0925520152543259,0.1011869998534442,0.1131833733706512,0.1306315617839344,0.1254298274844862,0.1230150696496647,0.1087439384666323,0.1293136343326981,0.1239690870926712,0.1155725429727142,0.1115899566269889,0.1299250173534781,0.1126272124029512,0.1148288036298435,0.1126351365235587,0.1281945860342294,0.1204834557551541,0.1052173100117153,0.1413673112986629,0.1478055996351709,0.1369253404865261,0.1306587631754992,0.1538678034253331,0.158603219670091,0.1384494202959806,0.160378683299263,0.1473299101474021,0.1363835401422511,0.154426490588663,0.1654390690516902,0.151723273361018,0.1629106693951754,0.1431092362434427,0.1323853356781587,0.1610684930425788,0.1588761995004793,0.1260775307566159,0.1016076914442788,0.1342447501772726,0.1247136628666285,0.1399015558355544,0.1337720124371868,0.1407876655642882,0.1420298510919431,0.1337719811025828,0.1514604333091677,0.1429502221408043,0.115884609941676,0.1128096398509106,0.1114774807350628,0.1322488230294799,0.1199246761814086,0.1085373134133747,0.1029317753419456,0.1519661571412663,0.1618384766890525,0.1549870743597745,0.1949209853923043,0.1804765797368678,0.1735546252287298,0.1530399565407405,0.1676040605148211,0.1587611169670068,0.1849248572652424,0.167543051015375,0.1538492507765692,0.1289365711796415,0.1450475140627269,0.1372523336864459,0.1946499243655889,0.1790915317616132,0.1688818211012149,0.1320932624275518,0.1105044873542733,0.1416694276176873,0.1944904439436793,0.1136028704640182,0.1315481086039197,0.124537452967339,0.1260297288014406,0.1237462039539082,0.2033697869622562,0.102334450146934,0.1645037738600385,0.117905139213977,0.113292193983696,0.129221714718928,0.2058139951640911,0.1204222626732152,0.1643582127354427
316188_7_consensus,0.0275631806546758,0.0286736347914122,0.0459654553383918,0.0385401822241482,0.0315704415042694,0.0370719798569161,0.0449689713909277,0.0447847128391679,0.0444020190951772,0.0500026159358114,0.0426843706461224,0.0435821290790464,0.0458277044728449,0.0382909169837032,0.0773140230953657,0.0,0.0358186527734386,0.0408473139886894,0.1143713377889787,0.1162483485819556,0.1163023883540946,0.1254500296678782,0.1162819740866289,0.1166096402201786,0.1142639505150351,0.119113722022977,0.1182489483184031,0.1259689326495948,0.117508001412017,0.1191564642156316,0.115728117564181,0.1170204118256956,0.1170133034391133,0.1237265790719563,0.1167180893103083,0.1148548994159242,0.1399446275928055,0.0904239607662777,0.0870536979306619,0.100471119956175,0.0943289230619113,0.086735477261424,0.1023202778252062,0.1055354563632699,0.1408390075394219,0.0930888847380212,0.1636582949530872,0.1191002688086914,0.0784497014476897,0.0794672139746857,0.0893483123623939,0.0914937775442164,0.0850888820156865,0.0840166004235497,0.0798462283750641,0.0793054030312254,0.0756165429909691,0.0936184337752816,0.088184224778159,0.0890570532247085,0.0842388752346677,0.0825913507273785,0.089626193626524,0.1186509824228445,0.1064919815040042,0.1000581035503489,0.1089924984945209,0.1051123982341672,0.1043670761422053,0.1024495725634223,0.1059245619554283,0.1046505728013869,0.1043989334007503,0.1182304293877948,0.1355094585236361,0.1375168370547474,0.1115461372397843,0.1170862722689852,0.106701584513729,0.1026589379076127,0.1435309379747896,0.1142274893805121,0.1188056444218857,0.112428352626077,0.1086054627116995,0.122235026115566,0.1259087581296522,0.113420413450057,0.1255580953797111,0.116599062855926,0.1110363385411683,0.1215113481732206,0.1294108428640171,0.1203605561197758,0.1271158496908572,0.11420701004562,0.1087617092205686,0.1260116024629972,0.1259046578533032,0.1085084955657322,0.1176566711353429,0.1116326804423041,0.1107408636409344,0.115567663350272,0.1083153241314729,0.1180320672920502,0.1238230914325263,0.1142291614374939,0.1156877432110995,0.1170485022958003,0.1122980594299114,0.1042815221726587,0.1074303313756494,0.1149778382080608,0.1061610369270949,0.1128836251707322,0.1401327053407889,0.102387459392684,0.1097004026408077,0.1039036069821875,0.1391612058702994,0.1251748664180739,0.1192323753382171,0.1029647732904309,0.1145869669560093,0.1071345359699302,0.1288379863640054,0.1137122017866802,0.1031336576664741,0.0878927308356602,0.0976399763147071,0.0926628170301979,0.1384537925476083,0.1233827591097401,0.1149880627200333,0.1171610712084137,0.1166267056955259,0.1206997178194494,0.1581926388913465,0.1104014620642669,0.1315301394701323,0.1108441844157708,0.1091346200902988,0.1068752869596337,0.1628253897457139,0.108890170196428,0.1323370228985062,0.106539729598609,0.1036445100326776,0.1105941156004299,0.165720276411659,0.1083053325830579,0.139084522243529
316188_8_consensus,0.0512642824825538,0.039744196130942,0.0314033439614123,0.0610100127963708,0.0402982127277531,0.0324866059922668,0.0704584937612035,0.0647572986304494,0.0579175507949428,0.073418750977609,0.061748295834028,0.063359656106108,0.0682681175499668,0.0376690886387057,0.0556914177609103,0.0358186527734386,0.0,0.028275345674612,0.1111839523224241,0.1176317424675844,0.112374121359014,0.1337389561112775,0.1173984279563436,0.1135526350772431,0.1115375402836557,0.121673585723467,0.1165438588821646,0.1353368759696616,0.121207177287733,0.1224565258379707,0.1165470202046235,0.1204899847584517,0.1175998469852068,0.1323888005963224,0.118377419759746,0.1136298254639505,0.1599173010240099,0.1095457672056458,0.104050858051489,0.122772626236926,0.1156845209808642,0.1057224913715891,0.1115700986647026,0.1074196082954474,0.1456569337769177,0.0824277216975006,0.1446170653776499,0.101783427535369,0.0744304635016215,0.0805896841050885,0.0769110390605601,0.0832833695842017,0.0838861593192375,0.0866400039178211,0.0802390722834054,0.0863754970798335,0.0775238665533256,0.0826535294845053,0.0812576145118336,0.0772869062129572,0.0889794611407723,0.0877612876489146,0.0801923969557577,0.1046130895869674,0.100614836832789,0.0998235469377293,0.1140354162309149,0.1096747193049679,0.1076742948758435,0.1002916274997574,0.1120837766565025,0.1085883902862067,0.1031769114077117,0.1096612844570389,0.1282180665821184,0.122914481533938,0.1066275121087383,0.1088492320814123,0.1116081842091682,0.1053824942841396,0.1257279878046378,0.1217194085169658,0.1278637649118763,0.1190038154030809,0.1131885751661151,0.1322730699549145,0.1370665812046479,0.1199636865200972,0.1369517234585013,0.1256227947238524,0.1171992855118581,0.1324117985228247,0.1422366977959536,0.1300882365385959,0.1394881862967532,0.122723459759701,0.1140531929717537,0.1375520141044708,0.1372283300665131,0.1114148085675502,0.1054487821431184,0.1116521477926556,0.1069817935706225,0.1171165187661608,0.1096594101847268,0.1188802299752318,0.1225254581282768,0.1123045929423025,0.1272222385394617,0.1235509476788481,0.1057838690972798,0.0998686826913043,0.1009518450328574,0.1133142445064454,0.1031877119607,0.1034448579418964,0.1237659228655611,0.1183930700178542,0.1279651606082683,0.1210259146928423,0.1610799200798535,0.1459525465596974,0.1388312957980791,0.1190641950940904,0.1333614884345269,0.1246830318975856,0.1506318079449586,0.134040355095321,0.1205416987585277,0.0995871416110869,0.1136428564274339,0.1068356855854126,0.1604650155838013,0.1444604528668321,0.1344863594703738,0.1219710395862757,0.113995015088122,0.1286358154531721,0.173544725080128,0.108544668961647,0.1327041702859173,0.1140730863932563,0.1141378470281414,0.1103899906869062,0.179613063881114,0.1038202527040579,0.1449684932555764,0.1077203810408313,0.1049568940651492,0.1159176601081958,0.1825895427927544,0.1101890665432785,0.149614911671283
316188_9_consensus,0.0557507343444311,0.0434341867040391,0.0340551948684495,0.0660363338296104,0.0474421354860237,0.0303784422499696,0.0765510291794034,0.0706419148264374,0.0649586573956436,0.0789525254236131,0.0688353112064188,0.0702740555349644,0.0699678379428967,0.0368607829968092,0.0494798349876071,0.0408473139886894,0.028275345674612,0.0,0.1130249786106751,0.1199017119173717,0.1150978701650504,0.1355656445213214,0.1194640791597683,0.1147274163711865,0.1141524507663826,0.1246561835559824,0.1195176199805129,0.1368131434231319,0.1234063059979188,0.1250033608926607,0.1191777301825322,0.1229605648241511,0.1206509912669034,0.1344542944051731,0.1207732792280423,0.1154074476958908,0.1644629983443715,0.1160404973965659,0.1111701017587714,0.1281618513956791,0.1223102232869654,0.1113268471882021,0.115681820567467,0.1117458765530863,0.1471695172707664,0.0842149720616938,0.1402290304995118,0.1018026480515275,0.0773668933593491,0.0855402471853308,0.0784533995370487,0.0870551779574187,0.0886787238839324,0.0914646589088756,0.0847856422393026,0.0920623749899727,0.0832793364909088,0.0841319671563448,0.0850281090153502,0.0797703044876,0.0945420947736519,0.0927028715196155,0.0826043944558545,0.103008057400912,0.0985835587058303,0.1010997220567743,0.1142707252012903,0.1095049604279618,0.1077999789974917,0.1001103330820317,0.1124009139896792,0.1086726524422484,0.1037665910890582,0.1095443401672688,0.126545522138137,0.1217610494162842,0.1071735669883214,0.109373552998195,0.1119295817506911,0.1055382938324365,0.1223373113116391,0.1231156246792412,0.1290462615142741,0.1201366839323601,0.1147519487673933,0.1336133605005437,0.1379828119914344,0.1216079881538848,0.1387040793664892,0.1276311561432977,0.1189907688041449,0.1337367838944133,0.1434747271755936,0.1319062797384728,0.1411003339345508,0.1242661332537034,0.1155913741457315,0.1393117696605211,0.1383210607807611,0.1086248881543185,0.1029627119212984,0.1139256845685792,0.1082098548145601,0.1184107813786095,0.1120352588621314,0.1199599190909077,0.1237896736756939,0.1147535160829832,0.1284416263106591,0.1249747879939058,0.104983007991093,0.0996764258434151,0.1009252615407901,0.1142346397918583,0.1041382558548705,0.1023500626073498,0.1180711942636805,0.1242871732497135,0.1330671273061727,0.1267739972100672,0.164921218828816,0.1504137718015268,0.1437302493054816,0.1250888267409774,0.1386969895940858,0.1303157793407672,0.1547126557455087,0.1383355864458503,0.1257528086192922,0.1047009454818147,0.1187240660377572,0.111835904509196,0.1643520252536773,0.1488108217148,0.139517603507742,0.1208418623024884,0.1104481264475382,0.127854788610558,0.1737784731051455,0.106851873933937,0.1289391684179386,0.1137673744948787,0.1136339061498978,0.1108412889549807,0.1804070531305483,0.1010408420593868,0.1451341654286608,0.1074162249298682,0.1042042556141716,0.1154126196132824,0.1831767659759471,0.1098737931690849,0.1486129940126431
326650_10_consensus,0.1201251479166115,0.1122718033211734,0.1102374980095406,0.1211538741011604,0.1121287154477599,0.1111460420525775,0.1283132741608338,0.121915197951681,0.1113095732871307,0.1253312838424534,0.1171242852558597,0.1185593963641801,0.1329313227007656,0.120782661865748,0.1255657152331276,0.1143713377889787,0.1111839523224241,0.1130249786106751,0.0,0.0255832234370206,0.0185621867577475,0.0605478294187646,0.0251610949977945,0.0272150554342577,0.017259206482192,0.0346916266756176,0.0238451041739179,0.0680703783361451,0.0360851193986338,0.0351102641492033,0.0253854808767914,0.0376269243173128,0.0300244225634227,0.0610893693492105,0.0291141188312856,0.0200952170328859,0.1688779100683309,0.123842182270167,0.1165230224306047,0.1439950044754896,0.1333410432924444,0.1207101215696255,0.1124883385878823,0.1096779325471035,0.1395230474162645,0.0948578520560635,0.1666234807650053,0.1129291335069981,0.0955021647091763,0.0932704367688853,0.0993695834142707,0.0922428993717095,0.0901674226814967,0.0933154971585881,0.0956603928421527,0.0976746406493732,0.0897318441674068,0.0956892620603948,0.0977339920738862,0.0984057201377401,0.1005799984552677,0.0989047515403156,0.0951714709358265,0.1165628313498686,0.1038469318089802,0.0913558788535087,0.1069569716349642,0.101879288257644,0.0995997370736548,0.0953924321307298,0.099533625875922,0.0983258887842582,0.1007920971293001,0.1169279496712998,0.1445523602828776,0.1387845698794706,0.1099230860484824,0.1142136974518958,0.1035304271645579,0.0950372379431319,0.1438390579090009,0.0793504698234837,0.0846948412913601,0.0763753074099806,0.0701333608614668,0.0881960772010415,0.096332585314901,0.0766897298293768,0.0930575079871362,0.0808683693303091,0.073336018324536,0.0911475667242237,0.1007485597348422,0.0865992221995864,0.0969998775019469,0.0809738706932941,0.0695097311901694,0.0933671405336604,0.0952305199737915,0.1008150657712387,0.093668349480865,0.0759921635514489,0.0799977011686927,0.0862762645793583,0.0774185013771385,0.0895639893295855,0.0920126996194998,0.0778552691001529,0.1202116153827042,0.1272268781476531,0.0798087643264912,0.0766546156722622,0.0734278952452464,0.0807018924993639,0.0752917501115912,0.084817908623822,0.1288682175378563,0.0996155608797113,0.1123819395383554,0.1042299829012698,0.1515987433514589,0.1343290647890488,0.1234590734544951,0.1004814103743484,0.1164718696462847,0.1071258352964394,0.1415348075244049,0.125729084051913,0.1058766032316336,0.0853821880488527,0.0992181808586058,0.0935525058726243,0.1514713726020267,0.1324628772512,0.1195968908344427,0.0980416853715558,0.1073503486212978,0.102752486922631,0.1465992068867922,0.094326688791356,0.1224965401390753,0.0895520280648721,0.0899343597248602,0.0840769924049018,0.1508190785986393,0.0929580719192176,0.114877849885102,0.0833836835503227,0.08171146788358,0.0880728021074637,0.1550400492763714,0.0879441343516616,0.1237016553535129
326650_11_consensus,0.1192510406886157,0.1139630738665101,0.1177339595343245,0.1188588689059247,0.114088830583384,0.1166542049217237,0.1245601210949339,0.1193316451982155,0.1111613396372579,0.1211496367971033,0.1155497129633907,0.1163591523490939,0.1303258967628583,0.125223432546596,0.1364024841039886,0.1162483485819556,0.1176317424675844,0.1199017119173717,0.0255832234370206,0.0,0.0287556409034234,0.0406351532240976,0.0128476334536716,0.0329846502333735,0.0248439413450121,0.0208046069295543,0.0243237698736489,0.0498100237844046,0.0201040427326473,0.0177086269067179,0.0163198169480408,0.0222547006491527,0.0228514358952939,0.0416348084351449,0.0160706525108163,0.0186913638778564,0.1607601611250758,0.1178125558667575,0.1117584678667115,0.136119660965615,0.1259620016291747,0.1145988583090814,0.1067711651464711,0.1084922707299013,0.136490312305394,0.1061549776549927,0.1820562643040432,0.1282650128877356,0.1026751588472324,0.0975723846960568,0.1109662304133862,0.1015753601589303,0.0954428522640633,0.0961976114083253,0.100138308269911,0.0980642574724901,0.0935921799039222,0.1073228608565218,0.1068818483980159,0.1097554026762198,0.1022508749486309,0.1005953084640212,0.1052789580977378,0.1272477176983105,0.1086524486628911,0.0915719218270379,0.1028664877757664,0.0981466574430636,0.0970612475908668,0.0974859282995314,0.0940044392862248,0.0950755658743549,0.1019936763382595,0.1234549936544067,0.148840849810541,0.1496318256393699,0.113871490821805,0.1207532746327261,0.0996594459664148,0.0923961518903062,0.1566624981501083,0.0698948118170401,0.0730375619466203,0.0680192138265516,0.0640996948668772,0.0756810088934296,0.0835503592265201,0.0687030924342403,0.0791415676048068,0.0694367472135867,0.0652762489605675,0.0782092650233129,0.0860940251555368,0.0743895186023316,0.0828093123111007,0.0708838761742612,0.0622670375074294,0.0791739143801844,0.0816746422908056,0.0977321515425395,0.1046197187394178,0.0755727951643014,0.0830782752708427,0.0843640297403382,0.0760693181419153,0.0879721681214178,0.092068166255305,0.0793971369594719,0.1134354455780868,0.1248377877027992,0.0859239844670649,0.0807845380390107,0.080359393052004,0.0817617390247106,0.0785953829538227,0.0936009678342839,0.1412716503391692,0.0887640410146201,0.0997141836480955,0.0925717624961428,0.1369376040575564,0.1200500391350055,0.1097068904797889,0.0894365944769197,0.1031872281884031,0.0950577904622992,0.127304523384999,0.1127602627886932,0.0942639257608096,0.0790657430038989,0.0890569756517322,0.08535598552187,0.1368910658487971,0.1181735376459893,0.1060744459142504,0.0931136320456495,0.109329743997627,0.0951419893213194,0.1322152411829031,0.0956102515368559,0.1215486479752569,0.0868081867413591,0.0856357927989407,0.0808317472064085,0.1351155518780333,0.0978783675735052,0.1022315911725929,0.0825612808616749,0.081526842406746,0.0825884561422363,0.1394722136134139,0.0865793918346197,0.1132693537391476
326650_12_consensus,0.122100998062446,0.1135229052695574,0.1109025324345149,0.1221615413260912,0.1122987125402992,0.1131087580707747,0.1297809621426446,0.1224031743633202,0.1110762990858096,0.1265079993981991,0.1173006126267563,0.1186172268661733,0.135515254401456,0.1234669366943924,0.1273966348407532,0.1163023883540946,0.112374121359014,0.1150978701650504,0.0185621867577475,0.0287556409034234,0.0,0.0645264927738371,0.0287379793846063,0.0333959224324772,0.0168024111140888,0.0343920789063457,0.0212168974779237,0.0720062953838852,0.0397128606723654,0.0372567717547875,0.0270772292108553,0.0394408227970545,0.0278637091511595,0.0649468556382046,0.0308302736846802,0.0246040871343632,0.1698839651824367,0.1243902566955062,0.1163561497074949,0.1454915025865434,0.1343094655682745,0.1217028508835212,0.1117270044277378,0.107720105136818,0.1381512593265785,0.0934761527400549,0.168199314094382,0.1115573794181669,0.0953319364364572,0.0922374067463506,0.0993063797259222,0.0900489267963147,0.08753743801657,0.0905288673197108,0.0952472948188933,0.0965308651964652,0.0885114328924448,0.0949179525763326,0.0960685392165515,0.0983376937196141,0.0990320463894474,0.09775419454941,0.0942744558791422,0.1183372676909886,0.106972496255723,0.0931329864953927,0.1088724165084324,0.104268887234773,0.101061968503055,0.0975089140710849,0.1022879585878458,0.1005527449780697,0.1010850479425279,0.1158465101086308,0.143298211658269,0.1375683423193714,0.1093342898890505,0.1128575544615091,0.1055761165249509,0.0973921312239488,0.1449603689707746,0.085183070284841,0.0904636720936377,0.0823682468876044,0.075318984069063,0.0938098593720459,0.1028669487727417,0.0821761196264901,0.0980084352231732,0.0861384374885703,0.0775394133134724,0.0964882115423634,0.1062116543782363,0.0914414330139813,0.1023026625685104,0.0862890725933884,0.074632017393496,0.0987131319844476,0.1010818803053823,0.104663309364432,0.0971867234178419,0.0756757884165244,0.0799217734392239,0.0876114771649056,0.0782967725467215,0.0911859559453751,0.0922777463005408,0.0772259244647281,0.1216977414981154,0.1280999277328587,0.0824994410509022,0.0797123577114522,0.0758250904627944,0.0817778214288148,0.0769607776782218,0.0874944981047328,0.1329185269195229,0.1013473603557234,0.1153125444205043,0.1065547000068591,0.1558420667507878,0.1380546553411293,0.1267090991782671,0.1020430011821072,0.1192042816836046,0.1093468506734605,0.1456283870831428,0.1296445132971468,0.1090794617968043,0.0879913753041131,0.102291322844791,0.0965078079498402,0.1555431448742293,0.1362843200220967,0.1227611051733127,0.1036829225478354,0.1115505362072238,0.1083158962819191,0.1523692885698898,0.0965488720333575,0.1289764416524645,0.0939018390092981,0.0929346825163418,0.086407646486935,0.156205196363233,0.0954973826576146,0.1201785730142329,0.0872277329043237,0.0847471420174846,0.0922694242367698,0.1604635637476086,0.091588367495066,0.1298543168648243
326650_13_consensus,0.1240875205223025,0.1236545593519674,0.1361304306841492,0.1222455267876272,0.125922345892717,0.1312864167836839,0.1242677941930936,0.1235945066155868,0.1200130062934875,0.121112569895986,0.1211259605003004,0.1207746372398159,0.1314530806995774,0.137730442158286,0.1578824853517701,0.1254500296678782,0.1337389561112775,0.1355656445213214,0.0605478294187646,0.0406351532240976,0.0645264927738371,0.0,0.0409454732029148,0.0624659477403706,0.0602619971280764,0.0396285949210146,0.0563556436820553,0.0206274165942803,0.0297768051676651,0.0329661794964629,0.0435931546055313,0.0327436005410904,0.049026932713281,0.0122698080020786,0.040486027546011,0.0506919264979716,0.1513474130405182,0.1150271983576481,0.1123751178720403,0.1275926967613207,0.1207321013693374,0.1113631623034383,0.1019031386104952,0.1120128644318576,0.1331011320235013,0.1304354047358094,0.207959938382674,0.1563462279328681,0.1211279120944477,0.1126579872024153,0.1352599300277034,0.1248850564497335,0.1142725319198153,0.1118746703030749,0.1145421664735307,0.1072772235821784,0.1089560780002875,0.130933978879272,0.1291158334820412,0.1337122647486393,0.1131124664928796,0.1112397814263976,0.1278651829256331,0.1469046980361016,0.1196321021476267,0.0985264945056351,0.099579337781456,0.0959273445865173,0.0982174217089916,0.1061598949767175,0.0895487978662171,0.0949622405369159,0.1094954127493412,0.1381103357298873,0.1595537928340114,0.1701580514343856,0.1247392245912397,0.1358964148826579,0.097398206247487,0.09305703644553,0.17774984843058,0.0633088300563118,0.0610262427942041,0.0645178691012787,0.0657528121823256,0.0607309533692902,0.065824730141378,0.065713109873681,0.0613257457883141,0.0595414958052859,0.0637714899867196,0.0608758250141181,0.0629612156189015,0.0612844956899764,0.061595844650451,0.0617452158417921,0.0627011139172183,0.0599806664423927,0.0632247903337425,0.0958495444119205,0.1248747404590918,0.0859340712798973,0.0957119432672683,0.0887306369932231,0.0836334553855254,0.0918945538937002,0.0994099815638297,0.0909701545984061,0.1082423234043438,0.1238428012315269,0.1022771168433081,0.0932439215503465,0.0979574529500073,0.0931684330452393,0.0909236502611426,0.1116629997056057,0.1612382511257342,0.0827572382996056,0.0874825993244099,0.082658492689859,0.1145508580502666,0.100006564304536,0.092835586083384,0.0826005674219463,0.0884082115735128,0.0845288205880693,0.1060531450858416,0.0956547837121056,0.0836068846117896,0.0819414690612977,0.0825750635742452,0.0830570790114665,0.1146816601347217,0.097807292807755,0.0896175425530913,0.0897917095250174,0.1170066552468099,0.0870451612338629,0.1064460176897846,0.1044390014801586,0.1217722917243102,0.0888877141684814,0.0868302174173706,0.0843337822456916,0.1061576940721347,0.1098944214000687,0.0831745664563077,0.0887051680530552,0.0906184010496188,0.0814617222236389,0.1108842942186661,0.0909724222199739,0.0977167599650536
326650_14_consensus,0.1192546939286261,0.113914513208774,0.1174709956596988,0.1192203295440126,0.1140719730400189,0.1166317242543204,0.1248976941361741,0.1199937703871853,0.1113671594837647,0.1213837592714147,0.1157424431450958,0.1167509762442461,0.130526658740385,0.1250151253585575,0.1357957173441361,0.1162819740866289,0.1173984279563436,0.1194640791597683,0.0251610949977945,0.0128476334536716,0.0287379793846063,0.0409454732029148,0.0,0.0319118859249959,0.0247109391633064,0.0202961929658535,0.023899647500446,0.0502341258660195,0.0193602550262698,0.0180376310215767,0.0160074162091014,0.0218665107979965,0.0226112907585116,0.041664156013205,0.015132264970603,0.0186086646849325,0.161745898195899,0.1191142624831033,0.1130646010141759,0.1369561609822316,0.127191897128788,0.1154726883057819,0.1070046395882345,0.1083460038714781,0.136404303864674,0.1062122665019939,0.1817490735191415,0.127933005300752,0.1028857896528571,0.0979363477898217,0.1111570891030412,0.1018879739585826,0.0956242490791483,0.0962841247097847,0.1003739864098232,0.0984479090520329,0.0939115204436666,0.1071618784809532,0.1064212211364999,0.1094967538305512,0.1027072350869229,0.101108622135712,0.1054845492878494,0.1268517150556046,0.1086044263659631,0.0918920594101895,0.1030827311371316,0.0983356105348891,0.0973655004865542,0.097440925175806,0.0943474557425533,0.0953722067185482,0.1023015595768331,0.123349048484514,0.1477385575518023,0.1494658626578029,0.1138789938567949,0.1208158254835312,0.0999102209397428,0.0924292007035015,0.1561430960236955,0.0702185816841619,0.0735633795802518,0.0683710850077028,0.0644135308868201,0.0761106227402692,0.0840615691968875,0.0690970151400893,0.0796682820345443,0.0698867921256044,0.0655391573598002,0.0786881434503642,0.0864408601854687,0.0748092164696868,0.0831135948586195,0.071254192595705,0.0623913258076985,0.079424337740407,0.0820606812989909,0.0957435091697014,0.1032609107910481,0.0743905025828537,0.0813440352033931,0.0829506385502312,0.0749952161171925,0.0861372039422143,0.0902182705345771,0.0778851653829294,0.1131150031954799,0.1244628178626032,0.0840571976219021,0.0788535294755726,0.078723599399067,0.0802122864426543,0.0771252518413061,0.0918794533437972,0.1396937267596192,0.0908236749184507,0.1016225847748602,0.0944954984104765,0.1383836536766107,0.1216149197682389,0.1113122359599283,0.0914912606766147,0.104956772179009,0.0969967798211412,0.1288197952488901,0.1142823013979789,0.0960842684289072,0.0810999757351515,0.0910099506681147,0.0872208339552351,0.1382942110552144,0.1197439668595667,0.1077521622633884,0.0934554730984944,0.109275731257965,0.0955616158044192,0.1327773409715308,0.0955958374602897,0.1213886215028223,0.0873254678244217,0.086036789185534,0.0812624012017929,0.1357544525239894,0.0970881027372734,0.1028593523034987,0.0829196949889058,0.0818198346854655,0.0832621448238283,0.1400997469633955,0.087165582991917,0.1135237686353728
326650_15_consensus,0.1214702875093611,0.114962265118461,0.1133904780058098,0.1250207721772571,0.1146659263883089,0.1120736268601417,0.1316722458096452,0.125464833676469,0.1171951973960149,0.129238269359934,0.1222176246654907,0.1231610527502562,0.1319884063508927,0.1191167449126613,0.1256945844034184,0.1166096402201786,0.1135526350772431,0.1147274163711865,0.0272150554342577,0.0329846502333735,0.0333959224324772,0.0624659477403706,0.0319118859249959,0.0,0.0316475910374182,0.0455775361615857,0.0375166038601774,0.0691463092651632,0.0435644228621276,0.0394242187720178,0.0386474299771551,0.047793531705124,0.0440732928670707,0.0629187821502027,0.0378648792607507,0.0271033810375893,0.1709712378514915,0.1297815730268156,0.1240194984442178,0.1472674342729341,0.1374771039168487,0.1267665007937457,0.1210979249286037,0.121174665491153,0.1503365166927067,0.1045785533552379,0.1665959275248235,0.1213405011632131,0.1005661869452556,0.1028533678199177,0.1055110773125711,0.1035310676322838,0.1012862411764537,0.1027091501415993,0.1046000482125732,0.107581288374769,0.1000103993466625,0.1032407219379232,0.1048554537993494,0.1044433085206072,0.1119686645475086,0.1099518114839491,0.1040137305482387,0.1233283622597758,0.1092904743294312,0.0997363515892128,0.1153796745043966,0.1087879583413866,0.1082531001651993,0.1035163352887533,0.1055806965025372,0.1060717056072887,0.1117014143469921,0.1295748510384292,0.1558588251360106,0.1509639124087873,0.1222382011941621,0.1274557786861601,0.1117617067904944,0.1020525813924224,0.1518444407180017,0.0811815245280181,0.085218571428313,0.077511597458436,0.0742139404734166,0.0889630615374731,0.0940781752019599,0.0797813705707009,0.0950401497649902,0.0822556138432772,0.0804476149062272,0.0926873274062027,0.10171708562033,0.0906050676935561,0.0985555323266694,0.0845099663368956,0.0732146034705928,0.0943152520922059,0.0938602800150295,0.0981502842867176,0.0902792062129601,0.0807395532074578,0.0877116159056137,0.0890965019196377,0.0809911637548982,0.0916471725788123,0.0959296368382398,0.0843552957589618,0.1252958305518536,0.1363900045320224,0.0784980792425587,0.0766525620201804,0.0740381114021706,0.0805482705844716,0.0787495480486534,0.0840493456336746,0.1246283776153068,0.1016631326060518,0.1113287862589473,0.1055624164960986,0.147924122572385,0.1321238555784776,0.1217162445393883,0.102808106420583,0.1160394047899188,0.108206051583905,0.13926358778901,0.1238330867642109,0.1061761563319423,0.0871486622381436,0.100063583763636,0.0937170513533803,0.1479137331556941,0.1306609702156377,0.1186179865233322,0.0926763799593818,0.1046598164766025,0.0971805273238158,0.1400407589620703,0.098335220862586,0.1130627190509044,0.0883605288221272,0.0898120420647702,0.0859487857622296,0.1455355468698203,0.0962527879396941,0.1089552876693419,0.0836200271383418,0.0836962972711901,0.0858695859231683,0.1492841606585836,0.0892179504254758,0.1140235027691075
326650_16_consensus,0.1195705085735035,0.1114050017444431,0.1102283039789054,0.119466459075614,0.1107455852721537,0.1117404514125629,0.1268939251393781,0.1196383334744617,0.1090309665037101,0.1235378312190103,0.1149228701374822,0.1163522508557792,0.1325824391041648,0.1215678050721572,0.1273745416609458,0.1142639505150351,0.1115375402836557,0.1141524507663826,0.017259206482192,0.0248439413450121,0.0168024111140888,0.0602619971280764,0.0247109391633064,0.0316475910374182,0.0,0.031258937855692,0.0189506107606312,0.0682864236294051,0.0362955798037041,0.0338906869851511,0.0244624390312598,0.0358841809144297,0.0262220964574852,0.0609026017351173,0.0274813791085318,0.022835388081077,0.1665364795614131,0.1213546466471033,0.1135468591025152,0.141738599918918,0.1307335816909509,0.1182512080055177,0.1101848915340945,0.1071454634448718,0.1378880831015414,0.0947364004975146,0.1706921866535412,0.1142272051144479,0.095541442097815,0.0920056453731717,0.1000160554561058,0.0911091531288116,0.0876472077829217,0.0901098234125978,0.0949876284395695,0.0954438008487879,0.0879750807137277,0.0965148608636052,0.0966693218580559,0.0989462708719216,0.0986043450671711,0.0972366643147177,0.0952800589532687,0.1191987619896797,0.1064058411271657,0.0916904816217558,0.1071696531048528,0.1024260985621503,0.0994635409579181,0.0967957763623966,0.0997447661132565,0.098807198085397,0.1007620267982107,0.1168547673473411,0.1441806908776012,0.1395214759395123,0.1097252329518504,0.1140525017540987,0.1040743628892699,0.0957255680765581,0.1469089880448083,0.0811102540791906,0.0861871104900817,0.0780738210916625,0.0717794267035554,0.089136667221614,0.098132204869256,0.0781000725867721,0.0932660479587166,0.0815311349129161,0.0738794381044528,0.0922418439719361,0.1016587726631762,0.0874342153215089,0.0979554104133078,0.0824439174739338,0.0708863016797822,0.0940113491849295,0.0966700172254128,0.1033703794106934,0.0981891969969629,0.0749346062221241,0.0804367718191266,0.0866847468678475,0.0767650476964151,0.090059630598355,0.0922886172302797,0.077471803919323,0.1188141450503156,0.1276507236645559,0.0826653405630881,0.0797502267997037,0.0765094762203064,0.0806906362253896,0.0769140441635162,0.0885323995673948,0.134506924673324,0.0984423768372993,0.1116202155910275,0.1033867266818162,0.1516128334511816,0.134081764735846,0.1226665352988748,0.0992081183013217,0.1157191524806692,0.1061521175902755,0.1417032070576339,0.1259177868526888,0.1056395654345077,0.085366740984858,0.0991492795238132,0.0935401385302994,0.1513748342496081,0.132271320913989,0.1191193351689655,0.1014783739433209,0.1109596393717545,0.1057069226042557,0.1484164599643801,0.0960575396252828,0.1271947203609119,0.0924369072001335,0.0916184513110525,0.0851277334027268,0.1521460714165399,0.0956816123282222,0.1166479206325807,0.0861092121019892,0.0834923441388608,0.0904521258438504,0.1564704000660138,0.0906106676827457,0.1264489431117993
326650_17_consensus,0.1213446637897759,0.1158549633201968,0.1213307801447541,0.1189030907138369,0.115845920751199,0.1214171811273075,0.1241014368615145,0.1191912264453191,0.1105072830064861,0.1200686799498687,0.114354367210342,0.1156721467621298,0.1332762860308961,0.1306784274777437,0.1430317512851902,0.119113722022977,0.121673585723467,0.1246561835559824,0.0346916266756176,0.0208046069295543,0.0343920789063457,0.0396285949210146,0.0202961929658535,0.0455775361615857,0.031258937855692,0.0,0.0250636361622435,0.0507599223064596,0.0208153968716442,0.0195745524324359,0.0187506035675096,0.0179184476019725,0.0177920347883847,0.039514819775114,0.016307928408044,0.0297556902254592,0.1599572564066965,0.117588354183422,0.1108689913632719,0.1354151532437658,0.1252445099545814,0.1132931993279933,0.1029493936951212,0.1040659487290788,0.1323821709718225,0.1099057161583728,0.1917534788047873,0.1329639321243344,0.1082218688493166,0.0994610763291702,0.1168608896809359,0.1041972193870304,0.0951280634071791,0.0951719928594319,0.102830626477997,0.0975329290588488,0.0944458701256849,0.1125028208477842,0.1093130833950748,0.1149485028265702,0.1017945416610877,0.1007307701522988,0.1096504356135673,0.1312994873654152,0.1127244980790052,0.0923758269902109,0.1018316519293888,0.0984292133621523,0.0965027261176294,0.0990119780625411,0.093778425105858,0.0946407497515401,0.1016522585310127,0.122850543544687,0.14571460362012,0.1505831325180653,0.1130301067991837,0.120052616478632,0.0989006354473602,0.0923473351480683,0.1607338403033325,0.0713715701527925,0.0748270658168872,0.0708904115778139,0.0662822118149983,0.0760666851920226,0.0857489165441254,0.0699437118790312,0.0776173729731354,0.0696371988544046,0.0644385452768477,0.0782230461418853,0.0851351981470937,0.0729894524087803,0.081627925215599,0.0708979691125947,0.0634916665141115,0.077587603107313,0.0828471020540953,0.1011624601354596,0.1144468048512179,0.0760883335508859,0.0823148181649025,0.0847883645472354,0.0769311415594119,0.0870537243988535,0.0901802704546781,0.0789227711737191,0.1110741489902428,0.1210018083343862,0.0915788605621304,0.0863441727617325,0.0866483146304794,0.0851903104858108,0.0827360089714101,0.1007958853656181,0.1511744248917598,0.09017262378982,0.1021171089508113,0.0941477935287495,0.1389775430078852,0.1219696792663373,0.1113664463552707,0.0907205085085215,0.1048381405233446,0.0967515969227299,0.1292336678430451,0.1152485129311579,0.0966512693380362,0.0837311954057949,0.092642177245577,0.0901593306121872,0.1388342821282364,0.1198022889417133,0.1076158858035072,0.1006906245602231,0.1173468594177453,0.1016811675878461,0.1354637526095012,0.0998971582754886,0.1313598098815281,0.0934154290491231,0.090056796625676,0.0845676778814785,0.1364568122060554,0.1030787866033696,0.1065576547816194,0.0890158434268481,0.0866636704803909,0.0889984007836768,0.1409935149698586,0.0923619443640442,0.1198097895149544
326650_18_consensus,0.1222881443141091,0.114391005191455,0.115510287905174,0.1205500140075713,0.1134755498699449,0.1169282824602779,0.1277262115477554,0.1204659178520783,0.1101446801240933,0.1236244430885971,0.1158081849103583,0.1173637022800238,0.134735522837053,0.126811629726601,0.1346387991390491,0.1182489483184031,0.1165438588821646,0.1195176199805129,0.0238451041739179,0.0243237698736489,0.0212168974779237,0.0563556436820553,0.023899647500446,0.0375166038601774,0.0189506107606312,0.0250636361622435,0.0,0.0656394555627224,0.0336973549100835,0.0301175116147008,0.0221352021881434,0.0319768504364552,0.0219784930594859,0.0568602393047898,0.0243309412771285,0.0257659685123679,0.165676101201682,0.1216196616297702,0.1142576768528254,0.1416074799607889,0.1304797117571334,0.1177643123165658,0.1079573002996273,0.1053596366119109,0.1348146564476964,0.1006876352011895,0.1802370206802254,0.1216467565393577,0.1016562670347728,0.0952932620512793,0.1073608047085006,0.0959253711622974,0.0897428040413395,0.0915508095442131,0.0986222714739699,0.096554366687289,0.090687459291559,0.1027502328417027,0.1013270381906882,0.1050223956466698,0.1005567627836153,0.0992472875607548,0.1011772738600655,0.1252532140959666,0.1117297814741874,0.094640886381731,0.1085326520628011,0.1044258071518187,0.1013791443430451,0.1002022765626478,0.1012767630915613,0.1004790180284974,0.1032897773663012,0.1202577330543493,0.1448302209206619,0.144403434500532,0.1123889439558135,0.1171978820968114,0.1053477988193203,0.0972649233717135,0.1526118971905384,0.0824574766046609,0.0874670571002462,0.0805561408168485,0.0743757986374512,0.0895863679877187,0.0987018228076914,0.0801270806274555,0.0925503030274457,0.0819361560814136,0.0755833439849383,0.0925879146669328,0.10121352027083,0.0874063353139629,0.0975910346411876,0.0834455965999754,0.0727331943842282,0.0929762633715529,0.0967883043302756,0.1043535311223297,0.105489465273136,0.0736810616796933,0.0803479941361996,0.084880506062876,0.0756505143339061,0.0879719591247096,0.0896787127670334,0.0760523117047895,0.118412020531007,0.1272121538675366,0.0857320525322105,0.0832594286952029,0.0805426679562824,0.0810706662173954,0.0791481114792168,0.0933640691958198,0.1426132303538646,0.0980982573715133,0.1115020930702703,0.1033662887409051,0.1511320187003511,0.1336093295534087,0.1219302594882305,0.0987552872029578,0.1152126426077514,0.105963393612701,0.1415210309405928,0.1263152988149245,0.1061927396016221,0.0880206543716359,0.1007550246339743,0.0960997157280857,0.1508475643557394,0.1317523811319033,0.1185460079612405,0.1067455396771489,0.11818300668477,0.1098316819005672,0.1493375044802149,0.1008585900340535,0.1339843919641631,0.0980119282680071,0.095543020329261,0.0892954176892188,0.1516996513131235,0.1021644900772344,0.1182805822330913,0.0919336945478098,0.0891840504371021,0.0948148122647588,0.1562100033922336,0.0960395500674949,0.1294496272756836
326650_1_consensus,0.1246198766356487,0.1251175693122108,0.1386039534556944,0.1229806568199392,0.1279086231454169,0.1321355463885238,0.1245083120462964,0.1248569687007932,0.1222112508633655,0.1222225497435973,0.1228389562058029,0.1218037524469224,0.1309281256028596,0.138295604881428,0.159386731770674,0.1259689326495948,0.1353368759696616,0.1368131434231319,0.0680703783361451,0.0498100237844046,0.0720062953838852,0.0206274165942803,0.0502341258660195,0.0691463092651632,0.0682864236294051,0.0507599223064596,0.0656394555627224,0.0,0.0387209908483566,0.0425897701531385,0.0523573160886352,0.041716710513584,0.0579346002960878,0.0210297899875087,0.0505227488699268,0.0587848658045522,0.150183972787215,0.1120867840667502,0.1111083754153753,0.1252894932014963,0.1197008697365828,0.1110962313573409,0.0981848286374445,0.1107082945674443,0.129825446132334,0.1317377592690842,0.2076528421666392,0.1579429059415122,0.120057880018993,0.1121286683632329,0.1362233890729168,0.1261839072776547,0.1163318107805466,0.1143871042860995,0.1135035163289077,0.1067693841947569,0.109915187487388,0.1314292524039253,0.1318147122297191,0.1352061794918854,0.112391891454947,0.1098814745410833,0.1283140169964989,0.1490836657315177,0.1194988535429392,0.0988270152775447,0.0965685456870242,0.0926881472089802,0.0957400636304268,0.1068461847557456,0.0878099445125087,0.0939475994202156,0.1072306263550511,0.1374247137855429,0.1607308031533391,0.1713117946220763,0.123065704961863,0.1354802160957361,0.0951774775707323,0.0922343581740293,0.1792169933447464,0.069139549935057,0.0651571274903629,0.0694186247250682,0.0714736014993145,0.065619723104121,0.068835231898777,0.0717542952879871,0.0661846205394691,0.0652820795404228,0.0690079862056385,0.0634017046174189,0.0645273536158413,0.0666595948935241,0.0646601611951765,0.0661921722221169,0.0691750428950866,0.0654003028119032,0.0665088479110782,0.0937550493730701,0.1231557713786392,0.0851663750739264,0.0963235798582262,0.0873141377159787,0.0825768584171935,0.0925860141100207,0.1004802428196756,0.0909266055903201,0.104749643012823,0.1222699048016224,0.1023310982335446,0.0919383230012757,0.0973566025477653,0.0925389954517695,0.0883650843324338,0.1099198106112378,0.1599360404567283,0.0842343470573445,0.0872589303776655,0.0825568097439478,0.1114196126894044,0.0974330685840605,0.0918068141960361,0.0835882535605193,0.0878142132793128,0.0841938378352523,0.102895315597503,0.093677342765447,0.0840665015080219,0.0831120508435087,0.0825549057309297,0.0830900825787093,0.1115525552532886,0.0954097520796471,0.0887922112169763,0.0865291058336753,0.1152967453260811,0.0838810104501234,0.1014557342072469,0.1025251239746694,0.1185879817192495,0.0866744724552555,0.0862827108164526,0.0823852749890047,0.1013034550109587,0.1089200228424993,0.079143736976447,0.0870112625996618,0.090075313048092,0.0780026864358468,0.1065246390443722,0.0885276410670335,0.0939059569175027
326650_2_consensus,0.1193085691336899,0.1153423125130083,0.1220109952792454,0.1181489605850332,0.1164840603599368,0.1202637475997925,0.1225174251684743,0.1194286048841376,0.1118302265380262,0.118861134920886,0.1150093768043278,0.1159645579524854,0.1300064852351565,0.1283332917690982,0.1426533910836344,0.117508001412017,0.121207177287733,0.1234063059979188,0.0360851193986338,0.0201040427326473,0.0397128606723654,0.0297768051676651,0.0193602550262698,0.0435644228621276,0.0362955798037041,0.0208153968716442,0.0336973549100835,0.0387209908483566,0.0,0.0166617328866537,0.0195618359701142,0.0156720460263788,0.0259509831180327,0.0303519857553647,0.0195335119439808,0.0289494638817164,0.1573049263186313,0.1153999052762557,0.1101337151224031,0.1323653962818627,0.123501464083964,0.1121677531873357,0.1025352276794248,0.106064545012852,0.1323467199247463,0.1123994020508893,0.1905128114227768,0.1360029359959589,0.1075659741168988,0.100287857657344,0.1177762111863202,0.1073997484659715,0.0992596376716969,0.098990798101726,0.1026975361161884,0.0986112352390334,0.0963277466148394,0.1137079520393113,0.113391248863464,0.1167193221991293,0.1029370472007063,0.1014759594218851,0.1111262854101837,0.1322951995657079,0.1106362670285756,0.0915092591138823,0.0988394879344717,0.0949181124405608,0.09453820438375,0.0980995691359172,0.0903837077708832,0.0923641692922475,0.1010085757551508,0.1246101917781381,0.1484827439042085,0.1535364860172592,0.1135766384292879,0.1220348012965129,0.0960018236272622,0.0899700094765157,0.1617949560215909,0.0670905743056654,0.0693276230965362,0.0667830559865682,0.0633171751557774,0.070829553262978,0.0786089033138161,0.0672125782939546,0.073389752929766,0.0659246870493597,0.0622173118074637,0.0719871620861706,0.0782248604129709,0.0690221525840307,0.0755372481048443,0.0665459275905608,0.061333539334711,0.0728732141023039,0.0762019000173832,0.0948562359368599,0.1100542824699956,0.0755197479022651,0.0826372411815713,0.0821635432259202,0.0754107249988143,0.0856163225057063,0.0907000684111212,0.0787254555682502,0.1086468653375795,0.1205979745546716,0.0886394576683294,0.0816792727161662,0.0835480878261735,0.0826632470138799,0.079109051849972,0.0970424159751086,0.1466488297277742,0.086339480783972,0.0959470743319296,0.0888850521607804,0.130827280749469,0.1140812738497403,0.1047393853518679,0.0866152366120523,0.0985477537818018,0.0912596604665584,0.1211123827263429,0.1075629443905412,0.0905806076523597,0.0791544133073745,0.0866265128437533,0.0840973866496419,0.1308321975768685,0.1121510178014312,0.101285959886307,0.0921645577371379,0.111664306198085,0.0930573913615061,0.1255464459693081,0.0963635937329605,0.1227145531508522,0.0869180431705956,0.0852485144459388,0.0805234350538251,0.1272274681866282,0.0996278966276203,0.0973870111157059,0.083079926534589,0.0834091871991059,0.0815632482021504,0.1317360058102084,0.0864709636686963,0.1099009606919661
326650_3_consensus,0.1207556145260694,0.116567857536906,0.123031587585795,0.1194659114103142,0.1166085216996611,0.1207333969901094,0.1242470966644143,0.1197895818125891,0.1125333641739186,0.1207028990308696,0.1160787836574982,0.1165589417167242,0.1307531372606078,0.1290677405827763,0.1436487657513987,0.1191564642156316,0.1224565258379707,0.1250033608926607,0.0351102641492033,0.0177086269067179,0.0372567717547875,0.0329661794964629,0.0180376310215767,0.0394242187720178,0.0338906869851511,0.0195745524324359,0.0301175116147008,0.0425897701531385,0.0166617328866537,0.0,0.0209753209768755,0.0205664294033145,0.026072013526316,0.0334285620166887,0.0178260060142176,0.0276164394672575,0.1583687983273934,0.1165935590529726,0.1114641074642077,0.1337675582623188,0.1240720707862202,0.1133672627913475,0.1055088245900444,0.1095634726928743,0.1367835748214185,0.1142080824973399,0.1920628409646592,0.137518039850831,0.1090631258401727,0.1026187987163911,0.1192725240534991,0.1091729875976166,0.1005972902203563,0.0994777731049145,0.1053927393200725,0.1008929859981628,0.0983359084899353,0.1153031100022671,0.1132461971722202,0.1176116013779292,0.1061894069825627,0.1044380291184669,0.1131177015004877,0.135365155989472,0.1146949630323646,0.0956952257095139,0.104619410942392,0.1001539182105719,0.0995571691165329,0.1024962377714638,0.0953765560058296,0.0974756177264893,0.1058200781012082,0.1293272757952428,0.1531015253688315,0.1576748177838409,0.1185548391834785,0.126570571082094,0.1016298284449285,0.0947017216158774,0.165255351215675,0.0704354037066308,0.0723950529950978,0.0695074112682775,0.0668879930236471,0.0736444660601268,0.0808201017348339,0.0700216115944905,0.0761041368799962,0.068069404377825,0.067014449221117,0.0757329344709841,0.0820785662579669,0.0730213441198356,0.0793043043718315,0.0705963317459185,0.0641997030360538,0.075698197474475,0.0787888544741794,0.0970847768240225,0.1111048095442987,0.0749628462577579,0.0849174030078653,0.0824427110786318,0.0751060848402653,0.0859099877609533,0.0909114679864653,0.0793847908934394,0.1116587643706728,0.1244302216084145,0.0890256709220099,0.0836474171176952,0.0843888224506092,0.0817456313746059,0.0806883831782901,0.0981849051327683,0.1487850206218146,0.0851636293506226,0.0952159236918696,0.0886171083248372,0.1311134607848801,0.1146821001575609,0.1042285221211267,0.0858224875234734,0.0982594461380039,0.0908410929214142,0.1220470287941677,0.1084031064193512,0.0907606812432178,0.0788034357748648,0.0868789648666457,0.0838009309945122,0.1310787566279286,0.112779487792863,0.1011012907034599,0.0942126528415139,0.1143468927663382,0.0945984672340866,0.1271658778518515,0.0996447320948641,0.1242673857425208,0.0890800962742137,0.0866682008964416,0.0822066191602212,0.1288420128110104,0.1030196265990957,0.0984513308957829,0.0859538379397799,0.0850204800416519,0.08349576710952,0.1333511643222377,0.0891361865447946,0.1105660262794497
326650_4_consensus,0.1193082295202224,0.1132454606520387,0.1162394239226207,0.1180464502223783,0.1133481984785462,0.1165570643923613,0.1239380895876106,0.118904404453522,0.1096687432941202,0.1201868847853253,0.1141629508416326,0.1153381196196639,0.1314598205472367,0.125876724887462,0.1361168919517456,0.115728117564181,0.1165470202046235,0.1191777301825322,0.0253854808767914,0.0163198169480408,0.0270772292108553,0.0435931546055313,0.0160074162091014,0.0386474299771551,0.0244624390312598,0.0187506035675096,0.0221352021881434,0.0523573160886352,0.0195618359701142,0.0209753209768755,0.0,0.0191993192003199,0.0171201868166702,0.0440037569867523,0.0166083447658963,0.0215989768739933,0.1613549984725556,0.1174194468294401,0.1107312824961662,0.1366360945326613,0.1265209045793121,0.1143881983014404,0.1043748846202487,0.1042490843687084,0.1321390657298746,0.1036874113955465,0.1823289702032947,0.1256581172840604,0.1022313287802277,0.0954233460739292,0.1098300242887698,0.0988785617557801,0.0924930001465074,0.0943240926846496,0.0982747633446114,0.0959997418005147,0.0911931843430643,0.1056859995930236,0.1055430993367107,0.1089334267518665,0.0994363859500592,0.0980505737635703,0.1032975047554984,0.1251596023977741,0.1075206190629479,0.0894721491254187,0.1005504436911774,0.0966548042732192,0.0947238494537974,0.0953201916254228,0.0932367516229184,0.0933205158043492,0.098208037316826,0.1184881255866659,0.1430609943270982,0.1447317043071639,0.1090543409994791,0.1156156251151918,0.0974270192416295,0.0905750198278674,0.1536734023898627,0.0723878223934735,0.0763505647649968,0.0710754309468068,0.065680767868941,0.0787739914888764,0.0876661196414135,0.0709752642114711,0.0817108400400805,0.0722922480655483,0.0651401188538848,0.0805417705955233,0.0885375287450582,0.0757850650384383,0.0852046545955722,0.072317591961948,0.064187039761997,0.0817746367316964,0.0854869593020679,0.0986291047148451,0.1056445296031446,0.0742012051536908,0.079312704872271,0.0832591189232598,0.0754574022880466,0.0866584032102809,0.0898756525310954,0.076483499904698,0.1117092530889517,0.1206588836435881,0.0856729705173716,0.0801222377203163,0.0796899916359537,0.0819428838729803,0.0772441601516559,0.0929707292142931,0.1417300278940775,0.0905557516242638,0.1027255878887384,0.0945230344263758,0.1407877186596774,0.1233505296872806,0.1128664632252631,0.0910303996411749,0.105934275863625,0.0970759218469924,0.1305734416302312,0.1156996207832747,0.0966229096529191,0.0807768903005139,0.0912966581038196,0.0876912188114697,0.1406414167841294,0.1213245405677844,0.1090308925391689,0.0968489964342822,0.111328709479882,0.0993357647779726,0.1370015870312161,0.0950807450438056,0.1258993439290183,0.0890173563668441,0.0872320925980253,0.0814937451031795,0.1393882086541534,0.0968453362743057,0.1069693434924002,0.0837326337857525,0.0826359072049131,0.0854640927645346,0.1438697569700114,0.0876829275996069,0.1189558849056718
326650_5_consensus,0.1194391017752161,0.1147169216229898,0.1209827174452727,0.1173037478251197,0.1157802430275373,0.1203537047885286,0.1221875042657209,0.1183131949520529,0.1103512479585292,0.1183822899278352,0.1139592693444279,0.1146092073592662,0.1309740349153178,0.1293174327754073,0.1421092296016631,0.1170204118256956,0.1204899847584517,0.1229605648241511,0.0376269243173128,0.0222547006491527,0.0394408227970545,0.0327436005410904,0.0218665107979965,0.047793531705124,0.0358841809144297,0.0179184476019725,0.0319768504364552,0.041716710513584,0.0156720460263788,0.0205664294033145,0.0191993192003199,0.0,0.0211722061371296,0.0325973390147793,0.0198407205744184,0.0307704010287215,0.1575457403225666,0.1149847933130771,0.1090197830545301,0.1329638465166598,0.1237253884927819,0.1117018273346142,0.0990079624832944,0.1012499165036689,0.1271139364512413,0.1099643184886099,0.1905655301126662,0.1336140473689967,0.1068028550866086,0.0982633770363181,0.116621569800884,0.1044856864797606,0.0964823693101905,0.0970450378417408,0.1007220046097232,0.0963098962089817,0.0939649028760183,0.1121049512412257,0.1115261872531119,0.1152461463551021,0.0998631516375777,0.0986895223456275,0.1090541931807025,0.1289519981234395,0.1077888729397116,0.0876706230988079,0.0948063497887865,0.0914172787880125,0.0902834311737828,0.0942451336931461,0.0873987026081725,0.0886409403618115,0.0962081654995414,0.1189636103985645,0.1415814914983793,0.1479197357112353,0.1082182776183672,0.1164268823747484,0.092092363167789,0.0864283955924205,0.1578627781284514,0.0674634454985604,0.0699107573923663,0.0670109900631495,0.0629309118981039,0.0716633450566151,0.0811820734947906,0.0667633508771325,0.0736500501134591,0.0665172457386232,0.0598548453799286,0.072511494759094,0.0791256549616774,0.0683162742943878,0.0761280354682552,0.0661028934972588,0.0606094693221326,0.073384475130926,0.0781251131999586,0.0951399722958881,0.1114177728178932,0.0747225226154367,0.0797173054469477,0.082116379142019,0.0751707967839735,0.0852219957855506,0.0890604079420439,0.0773856017211664,0.1059671521039154,0.1161979269133998,0.0893653495139058,0.0819355858409124,0.0838637408050835,0.0839603020670016,0.078791130618676,0.0976821994913133,0.1474795958685221,0.088663811518587,0.0994897258700036,0.0913637416441077,0.1346321303136416,0.1175839701831006,0.1083368785949376,0.0889198616316442,0.1017499231733904,0.0939630165212721,0.1244145985862353,0.110746126009909,0.0933926245647675,0.081490180907145,0.0892084290361575,0.0872946217766351,0.1345310438137271,0.1152969684956169,0.1041384461810655,0.0946871918670416,0.1118567179670833,0.0958964095465258,0.129118484513536,0.0949369619507517,0.125688914905105,0.0877938390128583,0.0854500246128208,0.0796916350557252,0.1303166070758067,0.0984687845909823,0.1006687232299222,0.0836273618813953,0.0827795674018505,0.083343320250763,0.1349283083539854,0.0867200589100727,0.1143194225115136
326650_6_consensus,0.1208250611653843,0.1139840267990031,0.1167109410063895,0.1187813167677378,0.1136125930820278,0.1182025129192124,0.1249577778668978,0.1191533179598278,0.1089169003282264,0.1207212360290575,0.1138368010886448,0.1153721903662833,0.1338799850151038,0.1281436588770926,0.1373765495701592,0.1170133034391133,0.1175998469852068,0.1206509912669034,0.0300244225634227,0.0228514358952939,0.0278637091511595,0.049026932713281,0.0226112907585116,0.0440732928670707,0.0262220964574852,0.0177920347883847,0.0219784930594859,0.0579346002960878,0.0259509831180327,0.026072013526316,0.0171201868166702,0.0211722061371296,0.0,0.0487939297421074,0.0200930893173283,0.0275409778086051,0.1631228007770365,0.1191308955481775,0.111536018041263,0.1390194014234008,0.1283672784454206,0.1158312059310148,0.1045255084276446,0.1027551246221479,0.1316570085026151,0.1032457117195002,0.1845534179056153,0.124981637522586,0.1037009587807347,0.0958467767187387,0.1107045144577218,0.0978183758124978,0.0908223075151508,0.0925216998838902,0.0988996637906123,0.095944716052844,0.0909978626915215,0.1063447243914739,0.1047775487131398,0.1092789240447775,0.098733935732754,0.0980348382531331,0.1036188773219171,0.1253301247853119,0.1092162591936824,0.0904324713380789,0.101600109656258,0.0982670335151989,0.0954143081054311,0.0963166644794461,0.0951218540120379,0.0943899649669091,0.0980007346979088,0.1164726284571268,0.1393673444878589,0.142254255584752,0.1078546276282696,0.1136342027665377,0.0985229506655742,0.0920332339496315,0.1530948386119171,0.0773722980943296,0.0813032424125474,0.0760017592083283,0.0700916731882514,0.0837462815986215,0.0937549476240573,0.0753211539658614,0.0860809250161407,0.0768254958952746,0.0679596554065296,0.0852372877213598,0.0931347573497283,0.0794354716864395,0.089629918682731,0.0765292644473865,0.0681353557105325,0.0858980470109054,0.0908535295727408,0.1013711807244772,0.1093012337367482,0.0751028948517332,0.0786066083076284,0.0846869059599,0.077195280612367,0.087723092220981,0.0893008598975764,0.0765681071463802,0.1116611714846752,0.1192438822964888,0.0880849576962792,0.0830440494569429,0.0823190535862391,0.0841287403738982,0.079746942496272,0.0958812735767901,0.1449756275490168,0.0947811671286614,0.1079398862698023,0.0992175114498686,0.1463166293809694,0.1286845079247294,0.1181225352467986,0.0954370101564106,0.1108992073727492,0.1019308503563621,0.1360074900886452,0.1212960782866775,0.1018103976868768,0.085812438719425,0.0965554742799759,0.0934209028581772,0.1461532400087636,0.1266818530275803,0.1139525939297866,0.1033957266525383,0.1154501400725677,0.1057568526148921,0.1433302829139661,0.0974990156115496,0.1325644362569465,0.0942385544600181,0.0912253871338979,0.0848432038965101,0.1452056956204009,0.0996912396623265,0.1133163225446999,0.0885882727380959,0.0855994658926132,0.0908846271131441,0.1497252379158981,0.0920485508110743,0.1259935503218034
326650_7_consensus,0.1227458897555135,0.1218899799356548,0.1345664461550707,0.120629913392436,0.1243072486448094,0.1299584587661872,0.1225603825870627,0.1221353708529468,0.1185082433041867,0.1195092192570234,0.1193739804434961,0.1191758787135412,0.1301436836350484,0.1366148000530263,0.1566373824895934,0.1237265790719563,0.1323888005963224,0.1344542944051731,0.0610893693492105,0.0416348084351449,0.0649468556382046,0.0122698080020786,0.041664156013205,0.0629187821502027,0.0609026017351173,0.039514819775114,0.0568602393047898,0.0210297899875087,0.0303519857553647,0.0334285620166887,0.0440037569867523,0.0325973390147793,0.0487939297421074,0.0,0.0404651798003732,0.0514405643025348,0.1517582313694536,0.1143035422896385,0.1117408027108236,0.12718676700627,0.1202245695961129,0.110957920210726,0.099949009957208,0.1100364583992666,0.1323110738550308,0.1306201566972173,0.2084481834431647,0.1563854617157934,0.1212429773484465,0.1126990043217393,0.1353518094567731,0.1249667509083477,0.1141552101863534,0.1115074480265234,0.1145186581846556,0.107021677883281,0.1087686185964936,0.1311761669545117,0.1292929561790671,0.1340004109006348,0.1128808879642992,0.1109187208457874,0.1279777257861231,0.1460022128977876,0.1186563472665943,0.0973421183754973,0.0979740008980574,0.0947344682525832,0.0967567904520929,0.1050906493865571,0.0884054321257829,0.0935873654298493,0.1079683569126833,0.1364826094179018,0.1576112713506653,0.1690268081112805,0.1230285995055585,0.1344246285746235,0.095873772386875,0.0914744583466118,0.1767077594064831,0.063160253099832,0.0613114910471723,0.0645027327255264,0.0656787104046463,0.0607644097518705,0.0661932168233682,0.0656507420693015,0.0612376659131164,0.0594634806453844,0.0631822445341925,0.0603829147673958,0.0623780589560025,0.0608185885550038,0.0613157284442654,0.0612767258439197,0.0621293646738887,0.0595867472829034,0.0633908742083398,0.0939066011016181,0.1243837050040462,0.0845690730166126,0.0938648376849823,0.0868432633398493,0.0821932016976747,0.0898220966193505,0.0971855450240604,0.089446345722631,0.1043031639314213,0.1204132743873437,0.1010769356905761,0.0918110102470556,0.0967029991897308,0.0921770843471381,0.0896856081252588,0.1104855731812103,0.1607348763906402,0.0820869814608705,0.0870240675834926,0.0818575546055826,0.114254451639086,0.0995435196776975,0.0924179177827336,0.0819037193118078,0.0881395151121325,0.083929315304025,0.1055494621607305,0.0949348520690284,0.0830115324960703,0.0811592046437746,0.0818716918858306,0.0826305328017026,0.1143899693791684,0.0974470423330153,0.0890158405764943,0.0895438249141284,0.1168839452245415,0.0867232670006321,0.1063361481084199,0.1035698287967529,0.1218386164315013,0.0885910165799073,0.0860090667375495,0.0834193440534075,0.1057077340834991,0.1092111321536404,0.0831296087350438,0.0883740644828354,0.089904592796415,0.0811639370602316,0.1103951211261733,0.0903044817889497,0.0978697115603377
326650_8_consensus,0.1195106686504306,0.1140055178375538,0.1179211261192393,0.1184092079000584,0.1141949100727802,0.1175174765705825,0.1240577777921501,0.1189856239054457,0.110457562595136,0.1200462080593095,0.1142184669882794,0.1153771524546483,0.1308656206632973,0.1267552576605932,0.1379533234006149,0.1167180893103083,0.118377419759746,0.1207732792280423,0.0291141188312856,0.0160706525108163,0.0308302736846802,0.040486027546011,0.015132264970603,0.0378648792607507,0.0274813791085318,0.016307928408044,0.0243309412771285,0.0505227488699268,0.0195335119439808,0.0178260060142176,0.0166083447658963,0.0198407205744184,0.0200930893173283,0.0404651798003732,0.0,0.0226531290074504,0.1612829793927252,0.1187243724322278,0.1124312453477381,0.1367555027578839,0.126719739481295,0.1150471337245463,0.1058109327222825,0.1070196766391964,0.1354104805575949,0.1083180808282812,0.1861311188450846,0.1303378817938924,0.1056191823816293,0.0992641928863461,0.1138246980479289,0.1035818332976927,0.0958345458052434,0.096642340428941,0.1019402409520098,0.098823108582401,0.0946242235091148,0.1098590687853389,0.1080537076558453,0.1122599321622301,0.1030039964262638,0.1016301004741561,0.1077609464800365,0.1287590464611608,0.1103839589589912,0.092259214078911,0.1028909261166179,0.0989339413892144,0.0973875592034672,0.0982215240066923,0.0945702878822104,0.0953845175125788,0.1020808608702678,0.1230817809794142,0.1463812753028868,0.1497155233289875,0.1135534346521081,0.1205242831819454,0.0995981669823655,0.092478389159381,0.1578391574057107,0.0706954771044028,0.0744305942269419,0.0696585080345558,0.0653891079017621,0.0760708254590706,0.0849370432909225,0.0697847431525991,0.0792189934134361,0.0700930829834428,0.0650115209269969,0.0786092500223364,0.0858592941770925,0.0739672443029794,0.0823985402001295,0.0710531849233589,0.0628528671368328,0.078714063006466,0.0825261141893823,0.0973954214282326,0.1082629137958068,0.0758588377201184,0.0820434577652346,0.0839709785324704,0.0769040441787781,0.0866926975628558,0.0903409143812967,0.0788712786949352,0.1113968570899148,0.122020934322915,0.0873922588477945,0.0821840626192021,0.082260213315062,0.082966068188294,0.0801178188917264,0.0956935346465349,0.144483795289618,0.0896579723157826,0.101019459905564,0.0935689025632335,0.1381363264157589,0.1212125597439861,0.1107465880720112,0.0902482765673998,0.1041608002322465,0.096068190276571,0.1284160288078127,0.1139162314639258,0.0955125421321648,0.0811002791181064,0.0907353796560434,0.0876773385950598,0.137991328236505,0.1192346788476843,0.1069562974750341,0.0967859926053694,0.1127275774603639,0.0985318901707363,0.1342825848636749,0.0974428386681889,0.1257412751223057,0.0903028358484256,0.0878174540623795,0.0828103110385564,0.1364401872265176,0.0997251185911982,0.1049598520233203,0.0860328279229068,0.0844869665458171,0.0861313841834897,0.140775979985072,0.0895533556991606,0.1165001200990407
326650_9_consensus,0.119759832076834,0.1129038405696794,0.113482555567787,0.1206036364260339,0.1132794203629752,0.113022871639741,0.1271527982635205,0.1212218180934909,0.1121938003593802,0.1237873879026939,0.1169670981914071,0.1178926391464971,0.1312027399907344,0.1218087089499336,0.1290628655248019,0.1148548994159242,0.1136298254639505,0.1154074476958908,0.0200952170328859,0.0186913638778564,0.0246040871343632,0.0506919264979716,0.0186086646849325,0.0271033810375893,0.022835388081077,0.0297556902254592,0.0257659685123679,0.0587848658045522,0.0289494638817164,0.0276164394672575,0.0215989768739933,0.0307704010287215,0.0275409778086051,0.0514405643025348,0.0226531290074504,0.0,0.1666843254876083,0.1229407456951238,0.1164013023984015,0.1418371317178749,0.1317305300852941,0.120044509831982,0.1100401810527273,0.1097404009234223,0.1381350531297652,0.1003286308754687,0.171584218567995,0.1202194086009359,0.0982991955943675,0.0961148536871967,0.1044865801422337,0.0973569733860096,0.0936435179634902,0.0965226902516528,0.0978893999850847,0.099153515720187,0.092378437498741,0.1012047911616127,0.1025466549871578,0.103721012142229,0.1022494956318044,0.1004798633334563,0.0999537382081477,0.1199848320168559,0.1037204600637299,0.0897574162002955,0.1035539788411588,0.0983038552589309,0.0969164517358527,0.0944670305539974,0.0951965824206592,0.0952656129787891,0.1003855483212133,0.1194174822333763,0.1455862911921433,0.1435831499864666,0.1111373140906758,0.1168601729422275,0.1000914211124008,0.0922649913993217,0.1484360202874533,0.0724317096166098,0.0764065852311753,0.0698858326433202,0.0649882389253239,0.0801390726215265,0.0878578763353564,0.0706430864429617,0.0849647956669201,0.07357115755754,0.0675372584199367,0.0829440212738077,0.0916589242066445,0.078599203285725,0.0880299131190932,0.0738432179479756,0.0636803761633853,0.084733945077253,0.0863822564845153,0.096653998338173,0.0965280727163265,0.0767402912857526,0.0818918419817398,0.0861765860302235,0.0777054029377711,0.0895719764735055,0.0927694299142514,0.0797570651215369,0.1164572014428063,0.1247850678733768,0.0819085744860026,0.0769188705105017,0.075382056291531,0.0815486454656328,0.0763384624948739,0.0875674972282675,0.1317791780060913,0.0937805718415826,0.105512611794155,0.097706375015577,0.143459739399705,0.126347494373498,0.1160517266591605,0.0946930468603774,0.1090933155757499,0.100636993957098,0.1335402458956986,0.1180344014217757,0.0989789853889797,0.0807313234137925,0.0928066577954219,0.0881206222979426,0.1433170097940702,0.1245906287036016,0.1119634976976911,0.0910577925996437,0.103104195170531,0.0947508048634813,0.136442645674375,0.0914206193892699,0.116643476711178,0.0839270485652235,0.0838427341128949,0.0788678757935116,0.1407917513746141,0.0912007621236228,0.1054857650206654,0.0790642311003279,0.077838099308209,0.0815699388908129,0.1449587734703106,0.0830807495820701,0.1143717988674691
326651_14_consensus,0.1285585174631039,0.1427491794816734,0.1651164271076151,0.1267521339716935,0.1426026781894386,0.1574447246540929,0.119894895448461,0.1267609101783204,0.1353865714774661,0.1204031144938678,0.1283137862008097,0.1285693394464245,0.1287599966162657,0.1546784317554463,0.1953046386368253,0.1399446275928055,0.1599173010240099,0.1644629983443715,0.1688779100683309,0.1607601611250758,0.1698839651824367,0.1513474130405182,0.161745898195899,0.1709712378514915,0.1665364795614131,0.1599572564066965,0.165676101201682,0.150183972787215,0.1573049263186313,0.1583687983273934,0.1613549984725556,0.1575457403225666,0.1631228007770365,0.1517582313694536,0.1612829793927252,0.1666843254876083,0.0,0.1028911814405476,0.1062719067116909,0.0817626242302792,0.0925634894238878,0.108427753456027,0.1495027954382397,0.1713879612154213,0.159663948676793,0.1737708280019296,0.2492685900305059,0.207334655670241,0.1529336411429908,0.141759334376629,0.1740913191459727,0.1666147909788514,0.1501956239016673,0.1443687683856173,0.143347021028388,0.1287054861826847,0.1398776057793081,0.1719955946017984,0.1594619830318116,0.1711295750245471,0.1365940649200253,0.1366862410245936,0.1688134334051904,0.2134602960747911,0.1916689049409224,0.1740950632064095,0.1739939171652122,0.171459147838502,0.1743452292646377,0.1812267103250283,0.1668335189465051,0.1718786253102653,0.1835627603205515,0.2081962690994148,0.2269765695325835,0.2316698344627878,0.196125605626197,0.2055226017663314,0.1719440254789224,0.1741142160311168,0.2438893083412319,0.1569687094245174,0.1563879732143802,0.1581884363685002,0.1598788912371475,0.1549480958230934,0.1531049473042042,0.1573768226849784,0.151864243123958,0.15309958262534,0.160511308320407,0.1546818724398866,0.155301210964539,0.1575655782710797,0.1539105567938117,0.1568836101019831,0.1600591229233646,0.1542670035502117,0.1546533094119432,0.1857872631546816,0.2076695879118135,0.1782075467912821,0.1926916053843799,0.1828352281600137,0.1727323235885991,0.1900496510042306,0.1989721496034065,0.1856187414928519,0.1670280455527286,0.1877685196057765,0.1990609919589607,0.188743894072023,0.1914637110384513,0.1853435490688175,0.1815299254656766,0.2027109606478043,0.2381629941833283,0.131000115305826,0.1258671733631629,0.1276132505847609,0.1250174844511672,0.1225820160852376,0.1238699098521785,0.1289302292822425,0.1247610531506842,0.1263614310932348,0.123953049620881,0.124125728036284,0.1275863261818918,0.1390020225521866,0.1295181907327818,0.133434121742053,0.1246608972194341,0.1219722232441055,0.1235992017897683,0.1743472020587331,0.1942403582960089,0.1698224191879872,0.1681450442803123,0.1856113490980765,0.1942862374830029,0.1739913290408627,0.1719831076338419,0.1710388660143636,0.1667644615446124,0.1923482114791184,0.1613286567201556,0.1750669792075848,0.1769446706899129,0.1697408293560817,0.1692186121327906,0.1762410143587619,0.1726769683173431
326651_2_consensus,0.0824136646974028,0.0932437272072427,0.1161214977868581,0.0767151532066625,0.0928898870905229,0.1076791109666023,0.0742497374307441,0.0804093150851222,0.0839568433707437,0.0752217681235871,0.0788374106292445,0.0801825498753192,0.0879127214502602,0.1099784262098075,0.1495532002299431,0.0904239607662777,0.1095457672056458,0.1160404973965659,0.123842182270167,0.1178125558667575,0.1243902566955062,0.1150271983576481,0.1191142624831033,0.1297815730268156,0.1213546466471033,0.117588354183422,0.1216196616297702,0.1120867840667502,0.1153999052762557,0.1165935590529726,0.1174194468294401,0.1149847933130771,0.1191308955481775,0.1143035422896385,0.1187243724322278,0.1229407456951238,0.1028911814405476,0.0,0.0295992451460724,0.041000576731556,0.03229680646483,0.0347515818041439,0.0973314737002552,0.1135124765290327,0.1362980499502134,0.1187431114586649,0.207284200803809,0.1546601699718086,0.0992858441464197,0.0832027114139538,0.1207586984088052,0.1103266217866086,0.0947831051727978,0.0883423273122617,0.0863565323519852,0.0689830266875834,0.0817263056334222,0.1184887536746945,0.1118984789918428,0.1199510581911857,0.0804992224025776,0.0777573692092721,0.1132585642622606,0.1656309609724076,0.1440090777893239,0.126507248884105,0.1274243125493199,0.1254676938211153,0.1254155765320663,0.1345135390918319,0.1238206108099878,0.126538817540063,0.1296647387362438,0.1526593482158611,0.1753940336309678,0.1799166982080948,0.1405482457423908,0.1497803328389576,0.1260112880121818,0.1266354355467519,0.1920133669565584,0.1196798889817106,0.1210782144575086,0.1191724832613354,0.1183592763435001,0.121147173959056,0.1230862773108925,0.119572559206357,0.1198827252174932,0.1167508667268683,0.1178291166686941,0.1202492598352164,0.1236415364652206,0.121391396244553,0.122226953458608,0.1185246332983515,0.1174407157688909,0.1219169374485681,0.1237453162655491,0.1301617057544122,0.1479356662261346,0.110601427205133,0.1248225668166105,0.1156399174866322,0.1065540486670763,0.1246090968306414,0.1325539015209289,0.1170840999803901,0.1141851471319724,0.1330250521712433,0.1334114669095976,0.1245403362182673,0.127045851180458,0.1201473110529513,0.1151762220589455,0.1373690865961412,0.1834890402120149,0.0838636436212411,0.0875912471649717,0.0830027780765454,0.1089998951373407,0.0968327027265835,0.0914354946218971,0.0808030363624142,0.0893226445076621,0.083100978902954,0.1009575265994354,0.0931458133249152,0.0857613969349447,0.0858951208580007,0.0846171990122375,0.0852875508525195,0.1080585508488264,0.0955065511138803,0.0895382473000079,0.1352789705947452,0.1531683740521033,0.1343332382269029,0.1513466157101332,0.1376228460160615,0.1612805999096075,0.1307926058809293,0.1294241861824334,0.1242943903043341,0.1510341164224967,0.1448430973935003,0.1328721179722604,0.1288691928967286,0.1286251904137685,0.1259171950956406,0.1552766841294881,0.1299878034403188,0.1463030385962579
326651_5_consensus,0.0808335366667134,0.0891912382510383,0.1088582288590714,0.0753964428217131,0.0879842824491795,0.1035638630564415,0.0741983842673674,0.0778575555260383,0.0787230776191863,0.07436115737249,0.074666944882201,0.0773913451055766,0.0897713678285637,0.1069528517326788,0.1433633921258769,0.0870536979306619,0.104050858051489,0.1111701017587714,0.1165230224306047,0.1117584678667115,0.1163561497074949,0.1123751178720403,0.1130646010141759,0.1240194984442178,0.1135468591025152,0.1108689913632719,0.1142576768528254,0.1111083754153753,0.1101337151224031,0.1114641074642077,0.1107312824961662,0.1090197830545301,0.111536018041263,0.1117408027108236,0.1124312453477381,0.1164013023984015,0.1062719067116909,0.0295992451460724,0.0,0.0490326684023857,0.037391683821868,0.0336384750881463,0.0949932819650206,0.1070202010710656,0.1330209585285901,0.1115017800066854,0.2015079400241385,0.1465494731826393,0.0948969597067446,0.0790709671341421,0.1141441408601517,0.1029849980958282,0.0877679873981383,0.0821427271224926,0.0827017516541567,0.0659266380053783,0.0762274737650949,0.1124458543480277,0.1045748549045851,0.1137232246828751,0.0764358773694192,0.0746656758393484,0.106886322717355,0.1569460414343879,0.1375116218313748,0.119416475774699,0.122674532212225,0.1209687779368599,0.1198761854196815,0.1273092178057668,0.1191138084237535,0.1208228831790187,0.1233069697844931,0.1446874689494028,0.1667250533364969,0.1701217096245482,0.1335549804392287,0.141581209722784,0.1206816095168669,0.1210614425769565,0.1827962475191373,0.1166677397888228,0.1190040392358731,0.1159729967872073,0.1139143454130245,0.1192065408757546,0.1228260434317012,0.1155411733651233,0.1183023317385923,0.1141696289689612,0.1128120204345588,0.1189080050040131,0.1232786324148784,0.1184852207452575,0.1210068956985456,0.1152740894466681,0.1130423391716105,0.1203371351931524,0.1231401893549178,0.1275566749735837,0.1427744446702168,0.1063271726006596,0.1182405120827767,0.1126993209043052,0.1032518145816386,0.1206621539490417,0.1278224475715542,0.1117439496742122,0.1113980419713111,0.1280818996679093,0.1283682377229933,0.1194361783912802,0.1215511112234599,0.1164486724667596,0.110568005064903,0.1323737337564554,0.1777304520054692,0.0831503117705963,0.0901062649279281,0.0838813659915784,0.1162041293965044,0.1023884145255001,0.0956036149148509,0.0804219193766943,0.0922056005784123,0.0846883654239055,0.1070309342217037,0.0973576138255165,0.086857987621372,0.0828990050913731,0.0845584729766911,0.0842838411716896,0.1153279077456325,0.1005911439367007,0.0932098706894884,0.13233749857772,0.1475571068882645,0.1319602574686208,0.1536627545784804,0.1308888066647873,0.1587832405839403,0.1259411269334421,0.1237592835023622,0.1184253161443772,0.1536009970696344,0.1371802105513801,0.1329751445370175,0.1228532944519682,0.1222045886691327,0.1221200873985766,0.1577838761853602,0.1243720044810852,0.1464594763498882
326651_7_consensus,0.086877466830503,0.1027522748417289,0.1300387680531551,0.0834058335961601,0.1032894722211344,0.1198414948194627,0.0759580204197826,0.0862724446132826,0.0962497519304199,0.0783749666596479,0.0874037523989654,0.0892453647162258,0.0872575902973028,0.1175281800919672,0.1635233229238165,0.100471119956175,0.122772626236926,0.1281618513956791,0.1439950044754896,0.136119660965615,0.1454915025865434,0.1275926967613207,0.1369561609822316,0.1472674342729341,0.141738599918918,0.1354151532437658,0.1416074799607889,0.1252894932014963,0.1323653962818627,0.1337675582623188,0.1366360945326613,0.1329638465166598,0.1390194014234008,0.12718676700627,0.1367555027578839,0.1418371317178749,0.0817626242302792,0.041000576731556,0.0490326684023857,0.0,0.0272507331848267,0.0414706726868726,0.1087857278737041,0.1290565705269563,0.1472170307389244,0.1410347886511675,0.2246347981432595,0.1771228492647177,0.1188474174946628,0.1054370973911762,0.1411390847179893,0.133467236906752,0.1161468349912959,0.1074963237963524,0.1079629313260961,0.0898580471371882,0.1031914608084568,0.1398203032400513,0.1296682735608518,0.1395762559020563,0.1023377152775159,0.1004187336230209,0.1352905987154453,0.1827004689492961,0.1591824601701632,0.1414747483022901,0.1406280768851067,0.1382141890835282,0.1404167940678694,0.1494002495313763,0.1348370579899181,0.1393037206494299,0.1482119347053687,0.1735541286565603,0.1922837138432639,0.2008102716150649,0.1605794826520856,0.1711360970205399,0.1390246455859151,0.139845486006299,0.2110312899311881,0.127922692884077,0.1284505048238467,0.128637031297413,0.1295774404837865,0.1271594217902389,0.1262174335649135,0.1288887445895417,0.124981565274825,0.1242043006596655,0.1301641706089945,0.1264600967845581,0.1280405625572562,0.1294227329409024,0.1270491660338665,0.1274697553479916,0.1285673091841399,0.1266874283082536,0.1278189963115441,0.1413869670169802,0.1661072794094739,0.1304332862631655,0.1448954784504856,0.1331246060111355,0.124704985354688,0.1398514288524307,0.1499188080624389,0.1374852863049627,0.1258137562028194,0.147320052184134,0.1516080720913348,0.1422157558737411,0.1464187017779587,0.1379372219062323,0.1351839812895936,0.1567609634718752,0.1995520362083058,0.0928505247136455,0.0896222572584328,0.0897964854134919,0.0984988039639561,0.0913142835834017,0.08913624604473,0.0898041857734947,0.0907260845840619,0.0894337544768039,0.0937426009438621,0.0899395183511591,0.0903730549721233,0.0990803052205889,0.0923865352823527,0.0947858901856906,0.0976206917263271,0.0900530575287009,0.0890114921449293,0.1426146833998053,0.1644341164266599,0.1398887226439858,0.1463572194943549,0.1523482400064482,0.166318323530955,0.1418175867617488,0.1397791418299111,0.137351904699053,0.1449790802326949,0.159485581142012,0.1336727997853117,0.1415618139139515,0.1426347384799383,0.1362811593553524,0.1482983930541575,0.1433520567216305,0.1457794455507099
326651_8_consensus,0.0820428266731487,0.0962212980447252,0.1226486225252278,0.0774432811054603,0.0956154629231827,0.1130587307404361,0.071642392630369,0.0793877090331492,0.0871742831675149,0.072644349240976,0.0797607089316281,0.0814696019579618,0.0844682819435379,0.1127727763698942,0.1571089844476243,0.0943289230619113,0.1156845209808642,0.1223102232869654,0.1333410432924444,0.1259620016291747,0.1343094655682745,0.1207321013693374,0.127191897128788,0.1374771039168487,0.1307335816909509,0.1252445099545814,0.1304797117571334,0.1197008697365828,0.123501464083964,0.1240720707862202,0.1265209045793121,0.1237253884927819,0.1283672784454206,0.1202245695961129,0.126719739481295,0.1317305300852941,0.0925634894238878,0.03229680646483,0.037391683821868,0.0272507331848267,0.0,0.0321858392703999,0.1077279812853681,0.1251946156298169,0.1481706735505283,0.1325706907262242,0.219253556025198,0.1686909952225637,0.1118398078827057,0.0975020518596275,0.1333110940293906,0.1241904593813547,0.1069280208205719,0.0979891270829341,0.1008163251354483,0.0823261010883666,0.0941963563987295,0.1321680079839235,0.1216190089678587,0.1314041699737743,0.0950873171546896,0.0929323232537198,0.1272400423721465,0.1762146265081687,0.1546489232253723,0.1361651802844023,0.1378426142422549,0.1353405245249226,0.1363163953073721,0.1444042970103,0.1316710711617535,0.1354638531567629,0.1430282005854196,0.1674050506147844,0.187540771158313,0.194171873574086,0.1550003179950936,0.164504093842924,0.1357470892320956,0.1358193102993924,0.2046853115919082,0.1229316279797903,0.1240934987933909,0.1234518747449793,0.1236463627779459,0.123183176374828,0.1234020635953268,0.123416968268314,0.1212404842852237,0.1190496282126481,0.1240797107213447,0.1232692457870938,0.1255411410845987,0.1247061176339126,0.1240327142546903,0.1227504572561625,0.1223985371736623,0.1227828061992553,0.1245569135359787,0.137337578688246,0.1592356450804332,0.1214354282672831,0.1366970930321957,0.1255376146917917,0.1162825779400934,0.132509388153998,0.1416452624296904,0.1285352592705795,0.1231724669541437,0.1431969929242634,0.1436305573388773,0.1352400163808439,0.1381601686783799,0.12978025445984,0.1275064559542294,0.1494522225194174,0.194681356353023,0.0833454218371176,0.0835744590637502,0.0821703694601954,0.0998620394358292,0.0902212766741219,0.0852003682462815,0.0807097081713719,0.0852475614136175,0.0818352215380422,0.0939785274909817,0.0878929036302586,0.0837725603411362,0.0898539113571629,0.0852847070623409,0.0868914117614266,0.0990362475231531,0.088746956310695,0.0845321564559361,0.1398571338682517,0.1604840738804137,0.1372893979210384,0.1483871018904412,0.1476450470943844,0.1650142544704085,0.1373222580898435,0.1346381906487903,0.131780377007228,0.1470366270771682,0.1546872701166935,0.132510506153337,0.1364911967321492,0.1363179851826013,0.1319754183777468,0.1507340199054382,0.1382514942013446,0.1453053857461876
326651_9_consensus,0.076306550801634,0.087217878154638,0.1118249308724032,0.0697552508363715,0.0869996204880986,0.1038215902205662,0.0673515424554259,0.074289715280824,0.0786285409200725,0.0675220086689996,0.0729085960832455,0.0751697671675758,0.0826683188696135,0.1063692466541615,0.1466221788909663,0.086735477261424,0.1057224913715891,0.1113268471882021,0.1207101215696255,0.1145988583090814,0.1217028508835212,0.1113631623034383,0.1154726883057819,0.1267665007937457,0.1182512080055177,0.1132931993279933,0.1177643123165658,0.1110962313573409,0.1121677531873357,0.1133672627913475,0.1143881983014404,0.1117018273346142,0.1158312059310148,0.110957920210726,0.1150471337245463,0.120044509831982,0.108427753456027,0.0347515818041439,0.0336384750881463,0.0414706726868726,0.0321858392703999,0.0,0.0934463918814495,0.1078199215046651,0.1356844253420801,0.1205373884979252,0.2105977490853326,0.1565754328243303,0.1036633375295505,0.0875311354791578,0.1234089384288267,0.1124496775889874,0.0962405786278971,0.0865231737786968,0.0909806986038921,0.0718309273459607,0.084159203322921,0.1213118153680888,0.1125318018856724,0.1216133928419984,0.0854074567679661,0.0828351331279655,0.1158960927461003,0.1645695091331576,0.1434228051118439,0.1254030430267433,0.1265494773321051,0.1243909954797079,0.1244532196521268,0.1326193407027465,0.121701695153569,0.1244149033621901,0.1299371702543981,0.1523600833043675,0.171656310636883,0.1795662496215935,0.1408343794798026,0.1500029284482885,0.1247189500013798,0.1244503786608818,0.1901991206524284,0.1161412383498141,0.1180878495603487,0.1162219576742167,0.1149755050050255,0.1175325153501333,0.1200341487263512,0.1161140060709863,0.1161137752733816,0.1132859731138658,0.1150654671109643,0.1176347495939182,0.1209655250535304,0.118162507675721,0.1191771566008172,0.115485077141768,0.1135853525378184,0.1176884352206525,0.1206525259598652,0.1237056717986357,0.1455468763420634,0.1049020311277067,0.1176671741422252,0.1085549966720422,0.1001644746897401,0.1146395879318375,0.1233624492146593,0.1108716658905451,0.1116563766919348,0.1311791226535262,0.1273469546183475,0.1195220823198568,0.122933477839839,0.114215661983462,0.111625692649608,0.1337979808796909,0.1812353019390825,0.0851234426716914,0.0890017374406043,0.0850401990442529,0.1107448516287219,0.0987464805562178,0.0922752235508257,0.0823410836640304,0.0911327360673207,0.0860881536850919,0.1030992346027097,0.0949616721910916,0.0874070503838856,0.0880642829769415,0.0876072056865995,0.0878514654533302,0.109863678283824,0.0968080336276833,0.0911076614934277,0.1340283557015964,0.1520537547206737,0.1329981704262228,0.1499683456167995,0.1359950715000775,0.1604184216092192,0.1296717817458894,0.1268579322099265,0.1229953575990053,0.1488725384713966,0.1425698069002345,0.1310348996898145,0.1275318886517253,0.1267712697866117,0.1244028208294558,0.1528496639215834,0.129352384409258,0.1443175464706663
326713_2_consensus,0.1025697274180637,0.1005909998287216,0.1165689616994358,0.0948439507411068,0.103167659198476,0.1132952441950449,0.0973257746307511,0.0999485378498258,0.0993606970358977,0.0975345078797933,0.0972601095354946,0.0946251371819312,0.1139076679506506,0.1214392258365208,0.1416486319631015,0.1023202778252062,0.1115700986647026,0.115681820567467,0.1124883385878823,0.1067711651464711,0.1117270044277378,0.1019031386104952,0.1070046395882345,0.1210979249286037,0.1101848915340945,0.1029493936951212,0.1079573002996273,0.0981848286374445,0.1025352276794248,0.1055088245900444,0.1043748846202487,0.0990079624832944,0.1045255084276446,0.099949009957208,0.1058109327222825,0.1100401810527273,0.1495027954382397,0.0973314737002552,0.0949932819650206,0.1087857278737041,0.1077279812853681,0.0934463918814495,0.0,0.0370803050919293,0.0848860019808806,0.1126966251568876,0.20003507310216,0.1433543822723375,0.1030998303907533,0.0892472298415823,0.1204280887476774,0.1063407217621879,0.0948638945135582,0.0961842504136656,0.0886803072650623,0.077848612959866,0.087001591319147,0.1134790492110513,0.1130292366586833,0.1197269761609369,0.0840285745865027,0.0810348979601992,0.1082530685053073,0.1336404892748917,0.1092668604726123,0.0887668854966231,0.0818046851411387,0.0828883373906457,0.081919480760684,0.09577495725906,0.0835962945537043,0.0844193976084026,0.0871913101480178,0.1089132157843239,0.1324854649002817,0.1438751554948502,0.0953119597467499,0.1079560186766826,0.0822137407219643,0.0827598657489267,0.1575239984012499,0.1077450774236088,0.1092562242764271,0.1083314298465882,0.1037909648782002,0.1100575817709885,0.1167127923420243,0.1069796260081554,0.1093735061098626,0.1075908383968102,0.1019518232911047,0.1062587627791909,0.1117915228293003,0.1071639070644043,0.1103487266415298,0.1035287832695873,0.103092006846875,0.1114681234186803,0.1156674494245304,0.1067707873538127,0.1328261218514419,0.0958023835567003,0.0961253539842017,0.096627583524133,0.0914350876640282,0.1013098814524896,0.1043275957425836,0.095339969642088,0.0961508015609549,0.0984100108411849,0.1176318351784723,0.1048932137253036,0.1109384518217307,0.1093677199589157,0.0979417039966258,0.1205911274746695,0.1650776175744242,0.1110621373508264,0.118920001276312,0.1099868487598136,0.1429064720252736,0.1284880680538901,0.1235969738782809,0.1086303322564871,0.1196433290883384,0.1132433251423746,0.1330730302235861,0.1227834286539565,0.114538818152066,0.1071152146858893,0.1110202804778962,0.11071931379063,0.1421960968116045,0.1257193962875215,0.1197406529574617,0.1181829270222118,0.1309823040418927,0.1193313419931056,0.1443431410994958,0.1067532256818077,0.1450922027442081,0.1097600252061468,0.1085095042460884,0.1003638071927024,0.1428854745059464,0.1126355620799409,0.1223152418998876,0.1076220259779384,0.108282906016108,0.1067817939873811,0.1475297580890472,0.1066361059542337,0.1376605694626404
326713_5_consensus,0.1097758110084597,0.101588931390868,0.109406485010271,0.1020036632099021,0.1043130892726372,0.1119338874875489,0.1076147716934547,0.1075135227181172,0.1016306994589312,0.1067792721317778,0.1026102136851096,0.1017579749702767,0.1247835666280514,0.1233721539106833,0.1330753305030354,0.1055354563632699,0.1074196082954474,0.1117458765530863,0.1096779325471035,0.1084922707299013,0.107720105136818,0.1120128644318576,0.1083460038714781,0.121174665491153,0.1071454634448718,0.1040659487290788,0.1053596366119109,0.1107082945674443,0.106064545012852,0.1095634726928743,0.1042490843687084,0.1012499165036689,0.1027551246221479,0.1100364583992666,0.1070196766391964,0.1097404009234223,0.1713879612154213,0.1135124765290327,0.1070202010710656,0.1290565705269563,0.1251946156298169,0.1078199215046651,0.0370803050919293,0.0,0.0907682951573214,0.1038957649938139,0.1906606755109155,0.1302982321158239,0.1033439593012482,0.0898383770290664,0.1137125376549837,0.0984802618100721,0.091622293520898,0.096112339101969,0.0897073178302831,0.0830291028825962,0.0874641432049724,0.1069293799597781,0.1101534580484939,0.1143239058991574,0.0865159700087864,0.0844138113699482,0.1012623408193362,0.1205543885900449,0.1034378794426681,0.0853966122259973,0.0833998016301984,0.0851603439560434,0.0806614019802459,0.0903179619905576,0.088279037149243,0.0848123240437498,0.0793256190676302,0.0913928222916012,0.1152972122459588,0.1235208511097599,0.0815518025684621,0.0907073899019555,0.0834646265215595,0.0824007440243659,0.1403452330178502,0.1167636476941033,0.1208432843984169,0.1168765304667867,0.1097352619430756,0.1223136642433145,0.1313167407910132,0.1151068449448055,0.1228007584876581,0.1186593922249843,0.1071356077198668,0.119366896192111,0.1269048707142075,0.11761367262035,0.1248942842110474,0.1131791397265581,0.109512410215162,0.1247607606240008,0.1300330358666362,0.1106902611889372,0.1257718371775366,0.0932487229050416,0.0853296826082832,0.0952424288165734,0.0911587240659873,0.0980150454855768,0.0974095271215662,0.0885526509518877,0.1045610326536366,0.0984208796279079,0.1107023530967777,0.1003143349002426,0.1047075833441793,0.1067257798897811,0.0937273329633026,0.1126229524304421,0.1553272457820266,0.126635129948852,0.1377120266193577,0.1274096114756054,0.1671635478983492,0.1511712717815097,0.1445118035359104,0.1249003742618533,0.1394728873139641,0.1311977588864488,0.1565098887828152,0.1441204624106609,0.1320312006890272,0.1185523714396136,0.1269015324739421,0.1250484268684323,0.1666088786280036,0.1485408354814153,0.1402819405664252,0.1271284526999313,0.1325842190291943,0.1315410227545541,0.1649519684195944,0.1053104059672617,0.1528203869694225,0.1155718933928928,0.1145664596466147,0.1046974137187002,0.1645595309662271,0.1086795581168796,0.1392707144745315,0.1104772555916435,0.1103572402910513,0.1148052711209046,0.1690679972867508,0.1105717584929857,0.1539672165810667
326713_9_consensus,0.1434986171993853,0.1396315666808388,0.1488721342952609,0.136555466829328,0.1433358527701593,0.1485458031440969,0.1399332859580095,0.140744927900462,0.1380079997809336,0.1386196829182298,0.138700543246742,0.1351265205859272,0.1544516013618242,0.1574855648034984,0.1666694476199903,0.1408390075394219,0.1456569337769177,0.1471695172707664,0.1395230474162645,0.136490312305394,0.1381512593265785,0.1331011320235013,0.136404303864674,0.1503365166927067,0.1378880831015414,0.1323821709718225,0.1348146564476964,0.129825446132334,0.1323467199247463,0.1367835748214185,0.1321390657298746,0.1271139364512413,0.1316570085026151,0.1323110738550308,0.1354104805575949,0.1381350531297652,0.159663948676793,0.1362980499502134,0.1330209585285901,0.1472170307389244,0.1481706735505283,0.1356844253420801,0.0848860019808806,0.0907682951573214,0.0,0.1345479464249215,0.2111383107503119,0.1586258167006158,0.1306918943549976,0.118122420352696,0.14412367882633,0.1287850922755784,0.1226028044464631,0.1281113355505493,0.1161671731108924,0.1106638619499062,0.1174580963035458,0.1357250135864946,0.1382479237808812,0.1434404165710036,0.1110831995515952,0.1096929923379349,0.131099825750024,0.1553881359616847,0.1374736815424176,0.1231411060913167,0.1149926012992317,0.1153183200327913,0.115451467192952,0.1244686142521901,0.1193192166739286,0.1177041373125541,0.1158152650690315,0.1268142923632085,0.143156024313772,0.1550895114643205,0.1191178581903359,0.1279151700836584,0.1161529949161091,0.1184703969823563,0.1718136688990763,0.1429452547047553,0.14403329036841,0.1434443030058938,0.1385453550673067,0.1459080627484091,0.1528623341128167,0.1412583331628132,0.1444264789445186,0.1438049286975803,0.1347900980206776,0.1414855343125918,0.1466308566446728,0.1411081420931429,0.1455325113525275,0.1386083098343344,0.138800653180875,0.1471142123301558,0.1513209410895094,0.1403836887585573,0.1610942439764315,0.1341304657696977,0.1297656782893602,0.1350262424201941,0.131479155623869,0.139700084758509,0.1395512268315727,0.1324839569205627,0.1312489829553534,0.129840982541461,0.1516748553482621,0.1401033891952686,0.1442878743192869,0.1462361613472262,0.1327635803573617,0.1518075080748537,0.1866235702406639,0.1543033053671659,0.161699946719402,0.1530199252662099,0.1825452178036715,0.1691445650915579,0.1659712938358477,0.1522861709356603,0.1609831772053859,0.1556952863091202,0.1734634537150705,0.1645360141182756,0.1567322951188074,0.1495582210330985,0.1527640566023495,0.1535082283094973,0.1819103917880823,0.1668682583501614,0.1618271051125566,0.1535321478249359,0.1573246318362957,0.1550669621566722,0.179287306059124,0.1331089959623031,0.1748957803221085,0.1435338306876733,0.1433479173059356,0.1353452918967925,0.1782196146289691,0.1381444978343097,0.1597646988646761,0.140746904051023,0.1415005767045484,0.1426319495259625,0.1828107732314704,0.1392518048244946,0.1743750594556684
326737_10_consensus,0.1060024389283658,0.0954594172263493,0.0832508413245679,0.1083065487566463,0.0935717165832934,0.0877823278613075,0.1195833080436124,0.1105733193995744,0.0988365902890949,0.117800514060522,0.1057359687062386,0.1067362303579412,0.1236071519863609,0.096979593979037,0.0894936823031848,0.0930888847380212,0.0824277216975006,0.0842149720616938,0.0948578520560635,0.1061549776549927,0.0934761527400549,0.1304354047358094,0.1062122665019939,0.1045785533552379,0.0947364004975146,0.1099057161583728,0.1006876352011895,0.1317377592690842,0.1123994020508893,0.1142080824973399,0.1036874113955465,0.1099643184886099,0.1032457117195002,0.1306201566972173,0.1083180808282812,0.1003286308754687,0.1737708280019296,0.1187431114586649,0.1115017800066854,0.1410347886511675,0.1325706907262242,0.1205373884979252,0.1126966251568876,0.1038957649938139,0.1345479464249215,0.0,0.1127676610209803,0.0461144447160275,0.0403543878764248,0.0450737261276529,0.0286735604233953,0.0250088305393057,0.0455800472705154,0.0624026513584221,0.0457032037726224,0.0651998033934973,0.0478714151268229,0.0261443552186261,0.0439223223880132,0.0341682403069115,0.0566782263764075,0.0569234563342235,0.0207924527802839,0.0958758953950934,0.0979731604842552,0.0983217824705936,0.1150905521928672,0.1113003441477161,0.1061816742993096,0.0970718038342533,0.1161066936413477,0.1095338401875394,0.0961940340460691,0.0943082421455094,0.1273658068786916,0.1024039853723267,0.0949736636290692,0.0919076554507025,0.1132050693580464,0.1093764684559362,0.1152943703032212,0.1223564332219601,0.1289751980335107,0.1180281926800104,0.1090217798297864,0.1352823532928709,0.1434529519362401,0.1180422804348882,0.1391370306928586,0.1266337305037462,0.1118710685691284,0.1351761233358766,0.1466713010504794,0.130647114444746,0.1431307593119677,0.1225337325939512,0.1114314546408537,0.1420133772331307,0.1424774630110646,0.1279166618662524,0.09685973898417,0.1063291345227472,0.1022333860955082,0.1203068520898183,0.1076951671058957,0.1263958034049616,0.1257702687380164,0.1071132385751436,0.136541277565302,0.133058144523669,0.1064013000572532,0.1009928389551658,0.09582912586687,0.112968136872082,0.0958381612321121,0.0992868819328784,0.1190439983457325,0.1345411649160093,0.1480845390889189,0.1382792201026347,0.185827497958911,0.1688258969699056,0.1602165283823964,0.1346124386455876,0.152329578826005,0.1415421230098691,0.1746576075431713,0.158053398363843,0.1400259649035153,0.1142595132098845,0.1306934819847132,0.1242959230691604,0.1852411304169469,0.1670815937800022,0.1552611105844057,0.1277923756299755,0.1155213281095734,0.1364311621865458,0.1883159262475714,0.1015207039062167,0.1420705156311173,0.1138644511811958,0.1172052237845513,0.1071778273400695,0.195206161445466,0.0964535978731352,0.1563255947576479,0.1050363347849187,0.0999594699556157,0.1175416126955791,0.1990472979289781,0.1073786427994553,0.1637845638858932
326737_11_consensus,0.1794471614934706,0.1692242694862626,0.1439955917333048,0.1910093613123272,0.1699380159640644,0.1484840267778748,0.2008714627184724,0.1933143013428735,0.1852637371186851,0.2023965097228707,0.1911614072924894,0.1910844111998349,0.1918991824352049,0.1504234687245658,0.1139709004936508,0.1636582949530872,0.1446170653776499,0.1402290304995118,0.1666234807650053,0.1820562643040432,0.168199314094382,0.207959938382674,0.1817490735191415,0.1665959275248235,0.1706921866535412,0.1917534788047873,0.1802370206802254,0.2076528421666392,0.1905128114227768,0.1920628409646592,0.1823289702032947,0.1905655301126662,0.1845534179056153,0.2084481834431647,0.1861311188450846,0.171584218567995,0.2492685900305059,0.207284200803809,0.2015079400241385,0.2246347981432595,0.219253556025198,0.2105977490853326,0.20003507310216,0.1906606755109155,0.2111383107503119,0.1127676610209803,0.0,0.0880041671027506,0.1212472249048676,0.1441991980526187,0.1014300162914144,0.1260249870672118,0.1487594908565639,0.163029747425866,0.1394930799474676,0.1651452650661343,0.149275436094524,0.1070655684992667,0.1284711712375608,0.1100416273296321,0.1569028464158823,0.1561585546299126,0.1128576011844481,0.1245528864777304,0.1429501290762763,0.1656769315513696,0.1840720732652167,0.1782993359499058,0.1766477903310412,0.1579839629918069,0.1850701171213225,0.1783000449291881,0.1664250136812402,0.1542643262998808,0.1837219048579123,0.1381548096336823,0.1621302444751758,0.1549988593897577,0.1822888957728612,0.1771809240345074,0.1235115160346596,0.1895875631039862,0.1949829780493793,0.1835667888639263,0.1772985984218847,0.203614048236923,0.207543602671719,0.1854895008944795,0.2113098229123339,0.197452679675598,0.1846529947624723,0.2042461954267306,0.2162173472687641,0.2016093964721134,0.2131533949763458,0.192115387851287,0.1809330202056687,0.2129655292613813,0.2083483682492523,0.1858554228592846,0.1247754913987896,0.1859195074420355,0.1764482060885229,0.1951956726439055,0.1868575789286754,0.1990828550679893,0.1981519940793532,0.1853610834191873,0.2124908183433675,0.2035507124589712,0.1626889525178808,0.1597869354717613,0.1537564442204994,0.1834977218409329,0.1646948558025372,0.1465905280103065,0.105331029564053,0.2137497018766195,0.2232516301271566,0.2158351541370266,0.2545070204304311,0.2407309493113808,0.2350444751810096,0.2143347456296711,0.2280928301498744,0.2191606367689324,0.2443694506265688,0.228064059722441,0.2142348943680945,0.1876546042499581,0.2036964223386318,0.1958301727452158,0.2541684557256989,0.2395002750251897,0.2296977944681193,0.1727983132680626,0.1435196045977642,0.1850772989004477,0.2413678105126202,0.1563967765241257,0.1601099361844759,0.164721189462614,0.1750045205841583,0.1694577494381355,0.254074986975293,0.1400621784606986,0.2128866279017795,0.1579845308418976,0.1580023980749273,0.1736180040921493,0.2563665684187898,0.1614647924406183,0.2086518198165152
326737_12_consensus,0.1348285792932173,0.1214821398066422,0.1000537164825156,0.1393974841269995,0.1198466818292086,0.1079100556714475,0.1509847266932398,0.1412342582043271,0.1278555921108516,0.1500105709914712,0.1360836814984473,0.1369888402371805,0.1518855469020596,0.1168919951536151,0.0906710062869602,0.1191002688086914,0.101783427535369,0.1018026480515275,0.1129291335069981,0.1282650128877356,0.1115573794181669,0.1563462279328681,0.127933005300752,0.1213405011632131,0.1142272051144479,0.1329639321243344,0.1216467565393577,0.1579429059415122,0.1360029359959589,0.137518039850831,0.1256581172840604,0.1336140473689967,0.124981637522586,0.1563854617157934,0.1303378817938924,0.1202194086009359,0.207334655670241,0.1546601699718086,0.1465494731826393,0.1771228492647177,0.1686909952225637,0.1565754328243303,0.1433543822723375,0.1302982321158239,0.1586258167006158,0.0461144447160275,0.0880041671027506,0.0,0.070759152549458,0.0822529834593218,0.0473917995058684,0.0573948546642539,0.0798431979075331,0.0959051250724294,0.0819816205306535,0.1032539388418328,0.0856390181947532,0.0497940249936109,0.0682786970730176,0.0542719555631317,0.0934654623470726,0.0938731947307238,0.0514773207896996,0.0928860734798845,0.1074069841357951,0.1159246584193982,0.1347472019455524,0.1311190052513389,0.1253653600340549,0.1113973412348576,0.1371061043269763,0.1290434423095464,0.1121705829548843,0.0995960928603714,0.1324314297185185,0.0938963226686732,0.1063361685433271,0.0981824508950578,0.1331560474705136,0.1285669345789015,0.103679343512134,0.1450176646879432,0.1517974021646034,0.1397129962684923,0.1304547848593754,0.1590641426540025,0.1675363330141326,0.1396807780742548,0.164260501217661,0.1504614331501111,0.1335837094222,0.1590773537451983,0.1713186982346718,0.1540112311811264,0.1677577483570252,0.1450810605634666,0.1333289321100207,0.1667013462045239,0.166328023291225,0.147112003066235,0.1016348050454932,0.1301656642568554,0.1210467804160043,0.1434986941286446,0.1327794403491028,0.1481691046791534,0.1453538559145064,0.128988187873842,0.1614365385265935,0.152680328221906,0.1208004614322167,0.1178895110326706,0.1110078485601524,0.1340799200226799,0.1161991974655109,0.1100525603131855,0.1110109936266735,0.1635302798838273,0.1779026900744164,0.1678298037079659,0.2162004929901053,0.199322968603684,0.1907112926297759,0.1640094430642449,0.1823243463245361,0.1711873447581886,0.2049002384508889,0.1875528606335874,0.1691061183551184,0.1407256312433325,0.1588236312579806,0.1515579507429459,0.2159248226510366,0.1976848420059385,0.1853754100085335,0.1441365265080255,0.1222560923793206,0.1546149158536617,0.2117876585111031,0.113218047932883,0.1515109523663921,0.1297732355549012,0.1340117565771673,0.1248186933645113,0.2200040572446449,0.1030628934747588,0.1789724170501787,0.1201283920889373,0.1147644666667219,0.1358148709137046,0.223578634726667,0.1221606941029013,0.1835397059837187
326737_13_consensus,0.0884668157004855,0.0832176637507116,0.0799075250339786,0.0936459437263803,0.0820976517744369,0.0770120859417922,0.1027605374352484,0.0957089936555661,0.0894512206154917,0.1026962704042077,0.0934088719251458,0.0929193345122977,0.1026685539534415,0.0822327603912484,0.0900651267609961,0.0784497014476897,0.0744304635016215,0.0773668933593491,0.0955021647091763,0.1026751588472324,0.0953319364364572,0.1211279120944477,0.1028857896528571,0.1005661869452556,0.095541442097815,0.1082218688493166,0.1016562670347728,0.120057880018993,0.1075659741168988,0.1090631258401727,0.1022313287802277,0.1068028550866086,0.1037009587807347,0.1212429773484465,0.1056191823816293,0.0982991955943675,0.1529336411429908,0.0992858441464197,0.0948969597067446,0.1188474174946628,0.1118398078827057,0.1036633375295505,0.1030998303907533,0.1033439593012482,0.1306918943549976,0.0403543878764248,0.1212472249048676,0.070759152549458,0.0,0.0347544670617858,0.0360714506258675,0.0398997663124067,0.0467056180374955,0.0584526557516131,0.0322216779849814,0.0518675195841354,0.0389933767051854,0.0343454392733824,0.044628983345044,0.0388151330927364,0.0485751170893644,0.0464421079569615,0.0324926680099235,0.1073821596393334,0.1004699690069636,0.0987071587319019,0.1123905812319628,0.1073803944165937,0.1051536246272581,0.0997925656204671,0.111093037975366,0.10760834052358,0.1003279033791792,0.1084625561676224,0.1404643221525861,0.1233983064033316,0.1043530929743844,0.1064010031624863,0.1106992812914307,0.1072264219694781,0.1309762232586015,0.1142459145242675,0.118870519958283,0.1097594223888886,0.1033730360200376,0.1251951657129441,0.130386251111617,0.1109400854046409,0.1291648892859,0.1171974508962758,0.1079004034095296,0.1246225348913822,0.1351737078769966,0.1230508454069209,0.1322721224859992,0.114792020334612,0.1057307668619073,0.1316704703348651,0.130224638891871,0.1165917739633615,0.0929882239044562,0.1007417674143909,0.1037976926000664,0.1133952095486046,0.0999940137460257,0.121271962707152,0.1237831249163299,0.104799479332893,0.1269007166829326,0.1304306976722209,0.1034500846497098,0.0949166513201616,0.0919847418203272,0.1062572198296945,0.0899510400373525,0.0964346081486755,0.1200820492653769,0.1176045631613559,0.1278855953083685,0.119472586296789,0.1618857604296932,0.1462994328658149,0.1387314941652029,0.1170810301787341,0.1318994629322407,0.1225043232296742,0.1516259220049834,0.1360330385592228,0.1209612908216971,0.0982362839194756,0.1119663915877929,0.1056509124386587,0.1612447110009093,0.1448101809243943,0.1343338792296684,0.1145757985884054,0.1085281190220731,0.1216411563998654,0.1693012148274537,0.0994019123765774,0.1273418608341064,0.1040806998035671,0.1080548197731278,0.0995041744216525,0.1763860292848775,0.0961108182596851,0.1393734421339499,0.0975552458811638,0.0951712168256352,0.1060310163255243,0.1803730760395118,0.0995389667253355,0.1455503302387191
326737_14_consensus,0.0861474152386243,0.0823254150830414,0.0858673902217981,0.0852991921789259,0.0811379866307744,0.0841583068690933,0.0939901865648933,0.0885695559364894,0.0807762772410266,0.0921729534899201,0.0842929348342971,0.0849694003560411,0.1016882801868738,0.0916120950443664,0.1058798170159382,0.0794672139746857,0.0805896841050885,0.0855402471853308,0.0932704367688853,0.0975723846960568,0.0922374067463506,0.1126579872024153,0.0979363477898217,0.1028533678199177,0.0920056453731717,0.0994610763291702,0.0952932620512793,0.1121286683632329,0.100287857657344,0.1026187987163911,0.0954233460739292,0.0982633770363181,0.0958467767187387,0.1126990043217393,0.0992641928863461,0.0961148536871967,0.141759334376629,0.0832027114139538,0.0790709671341421,0.1054370973911762,0.0975020518596275,0.0875311354791578,0.0892472298415823,0.0898383770290664,0.118122420352696,0.0450737261276529,0.1441991980526187,0.0822529834593218,0.0347544670617858,0.0,0.051631140836447,0.0364402976142459,0.0323343116582147,0.0439046188872632,0.0188481855109966,0.0281901084078998,0.0193070800676416,0.0455687101515803,0.0492805827566303,0.0516223920523348,0.0246149706081327,0.0213391844760477,0.0393447807290119,0.114136320231278,0.1037039053968852,0.0944469335445276,0.1048891480789906,0.1018105448567152,0.0984218682222696,0.0972908431385287,0.1048305049763931,0.1012576315686694,0.093775021505475,0.1042618096389727,0.1355410626261264,0.1242310067837928,0.0978552288751779,0.1012386708097256,0.1034812273280402,0.1021093541283914,0.1386722166301353,0.1092163027574228,0.1142593610089673,0.1062386300099852,0.0989587634146374,0.1190788776482345,0.1258974898858746,0.1060446680235227,0.1208187923939591,0.1108640716972827,0.1006632823657357,0.1179975602842286,0.1277706490271518,0.1153418932344964,0.1247756532430769,0.1084909790636036,0.1006352415998586,0.1240605506737632,0.1250644277216357,0.118323508557708,0.1063614570021644,0.093509771187235,0.0980191209716055,0.106986494532834,0.0926316461256329,0.1154478886764252,0.1177536884855422,0.0972513155927419,0.1176172452666957,0.12146982156548,0.106671352526372,0.0978217976655315,0.0954830205701649,0.1039379638221599,0.0884655450946272,0.1029903822260229,0.1382846989076717,0.1087586612791484,0.1204312045997164,0.1111786525881446,0.1552092451594538,0.138832436079542,0.1307728515950857,0.1076453831291828,0.1238546391602681,0.1136821894767644,0.1446889028653628,0.1299146848726182,0.1138641048736593,0.0937998411829221,0.1059903440399453,0.1016578092570531,0.1545719030346944,0.1372623968732355,0.1263272630836847,0.1195251971277232,0.1200345647533664,0.1251028843994983,0.1676706189872696,0.1015239723446072,0.1402976074272304,0.1080125299172202,0.1094249074526299,0.100019323222317,0.1722234139549859,0.1023775034559941,0.1384152852981377,0.1011219467238464,0.0979269559055607,0.1078951251786424,0.1766392442812291,0.1025768267206854,0.1491855117107801
326737_15_consensus,0.102814237606541,0.0929492652141775,0.0782275442853108,0.1084202420625269,0.0913612979884271,0.0817736476808161,0.1191402781083221,0.1103906262379479,0.1008031097676351,0.118849956789132,0.1066334880897004,0.1074838389554033,0.1188459735557889,0.0882965360679091,0.0802329751584377,0.0893483123623939,0.0769110390605601,0.0784533995370487,0.0993695834142707,0.1109662304133862,0.0993063797259222,0.1352599300277034,0.1111570891030412,0.1055110773125711,0.1000160554561058,0.1168608896809359,0.1073608047085006,0.1362233890729168,0.1177762111863202,0.1192725240534991,0.1098300242887698,0.116621569800884,0.1107045144577218,0.1353518094567731,0.1138246980479289,0.1044865801422337,0.1740913191459727,0.1207586984088052,0.1141441408601517,0.1411390847179893,0.1333110940293906,0.1234089384288267,0.1204280887476774,0.1137125376549837,0.14412367882633,0.0286735604233953,0.1014300162914144,0.0473917995058684,0.0360714506258675,0.051631140836447,0.0,0.0365913451133388,0.0553144207856089,0.0700447012530216,0.0504506958132981,0.0720394507918888,0.0547052838370542,0.0272327102348156,0.0455175084609822,0.0304733334250896,0.0655933322352543,0.0652928637220103,0.0268703750780225,0.0956467713503901,0.0984897852394425,0.1025736643635012,0.1207459789613837,0.1160960009093309,0.1122328122577801,0.1009804101086895,0.1202867238797927,0.1145068776525006,0.1036981317705526,0.1031282032692456,0.1360751463181291,0.10898431117737,0.1035418676041172,0.1011649414800346,0.1186392516374074,0.1139194361922049,0.1159265487714043,0.1233533132492961,0.1299209902025948,0.1181396956272257,0.1104965830947046,0.1362229201326494,0.142864847428903,0.1190271530406041,0.1412653443244537,0.1278848643184305,0.1153557972440847,0.1367107652022834,0.1485145423628169,0.1333188562912096,0.1452118580414495,0.1245357618108948,0.1131984420708673,0.143772546473846,0.1427815796798237,0.1282115501900214,0.0926456424639916,0.1121749701622338,0.1098499529028148,0.1250918814293182,0.1126363228515988,0.1312008347147077,0.1321638888797828,0.1139625765034023,0.1404156002208356,0.1383118865205408,0.108017554694025,0.102400748793449,0.0972217257596886,0.1161896227699492,0.099467315422611,0.0991409642974885,0.1117462362165726,0.1342707499511579,0.146351490652159,0.1376175365009405,0.1829570206282137,0.1667895841141872,0.158484767330215,0.134502519474409,0.1510989664895149,0.140786076789488,0.1723871614457326,0.1555229683974593,0.1383880423651922,0.1119773166141313,0.1286660088987521,0.121430769721207,0.1824935524687169,0.165294177595545,0.1537581467968229,0.1237780407794799,0.1100008028299901,0.1330943071592368,0.1860003268806916,0.102632630156395,0.1334439708789949,0.1117432383975565,0.116093346097735,0.1078183714128194,0.1940504005994149,0.0957429550388109,0.1544370901084322,0.1036740089196307,0.1001319405232326,0.1163863572285349,0.1976631522103177,0.1062380392402906,0.159209820386847
326737_16_consensus,0.1026940465690048,0.0927712865966167,0.0843849578290006,0.1030263252551274,0.0903916096502571,0.0889599318559426,0.1137030115092445,0.1041163486917192,0.0929766587199453,0.1115922380104467,0.0997855298816806,0.1006827574523996,0.1199296501010216,0.0982512780874286,0.0967812993348503,0.0914937775442164,0.0832833695842017,0.0870551779574187,0.0922428993717095,0.1015753601589303,0.0900489267963147,0.1248850564497335,0.1018879739585826,0.1035310676322838,0.0911091531288116,0.1041972193870304,0.0959253711622974,0.1261839072776547,0.1073997484659715,0.1091729875976166,0.0988785617557801,0.1044856864797606,0.0978183758124978,0.1249667509083477,0.1035818332976927,0.0973569733860096,0.1666147909788514,0.1103266217866086,0.1029849980958282,0.133467236906752,0.1241904593813547,0.1124496775889874,0.1063407217621879,0.0984802618100721,0.1287850922755784,0.0250088305393057,0.1260249870672118,0.0573948546642539,0.0398997663124067,0.0364402976142459,0.0365913451133388,0.0,0.0363465748769275,0.0536094503637626,0.038627337979315,0.0552194173780632,0.0378369435422308,0.032776187677007,0.043749449532326,0.0392171849053538,0.0466640079601119,0.0468336695333158,0.024577130011552,0.1012635058290764,0.1005918854602417,0.0963778682121053,0.1121624261068149,0.1088566173577713,0.1034918806185354,0.0965196364231761,0.113092335389217,0.1069880922769358,0.0941155651177533,0.0947976879925922,0.1265595386703677,0.106431636895172,0.0938486169774723,0.0916994385439842,0.1103979083764954,0.1071516173331706,0.1216839464859455,0.1187430335111636,0.1251281324516647,0.1148169434755174,0.1059592710871458,0.1309904244586176,0.1396105823282636,0.1143412729377624,0.1338098347715765,0.1220479629638335,0.1076694306705767,0.1308210270888921,0.1419846413520537,0.1258970677426382,0.138512327215476,0.118711393397442,0.1081009707284824,0.1370138757697762,0.1383181550736438,0.1275409437638202,0.102627859445907,0.1018478101815296,0.1002118158630338,0.1168140318848476,0.1033335428073192,0.1235386456289088,0.1229778433943395,0.1033399012485326,0.1308902746298906,0.1294333789919313,0.1077051800959151,0.1016296091501471,0.0968483211082484,0.1105572364143837,0.0942501755330168,0.1017908616565235,0.1290416279480056,0.1273491767349808,0.141397750590717,0.1312132989913058,0.1794404947859545,0.1622233334661749,0.1531984365647318,0.1272957855704644,0.1453052658662234,0.1343143042561988,0.1682916144884282,0.1521921802933336,0.1336932781226583,0.1089670995267557,0.1246392400299272,0.1189173447837736,0.1788689507957479,0.1604698655030491,0.1483543477206437,0.128000089754554,0.1190932307934641,0.1356668506503522,0.1853203195328525,0.1018718668025135,0.1455188613919147,0.1137913804178183,0.1155210001414694,0.105594287285519,0.1910378493373517,0.0993133936759297,0.1535888866161558,0.105335058105922,0.0996991971673885,0.1163034711729044,0.1952865856993155,0.1074736191896419,0.1627284593774811
326737_17_consensus,0.0925422119550029,0.0849369107924925,0.0856075944929861,0.0896980513820884,0.0822903516610942,0.0875163930326772,0.0996751384927861,0.0907061212851539,0.0800688847485082,0.0960043029720218,0.0855918060638793,0.0871143244042238,0.1088471885684524,0.0965954205850671,0.106666580462013,0.0850888820156865,0.0838861593192375,0.0886787238839324,0.0901674226814967,0.0954428522640633,0.08753743801657,0.1142725319198153,0.0956242490791483,0.1012862411764537,0.0876472077829217,0.0951280634071791,0.0897428040413395,0.1163318107805466,0.0992596376716969,0.1005972902203563,0.0924930001465074,0.0964823693101905,0.0908223075151508,0.1141552101863534,0.0958345458052434,0.0936435179634902,0.1501956239016673,0.0947831051727978,0.0877679873981383,0.1161468349912959,0.1069280208205719,0.0962405786278971,0.0948638945135582,0.091622293520898,0.1226028044464631,0.0455800472705154,0.1487594908565639,0.0798431979075331,0.0467056180374955,0.0323343116582147,0.0553144207856089,0.0363465748769275,0.0,0.0373542351382246,0.0382453980406385,0.0416403897359349,0.028888234607941,0.0511722068421836,0.0450298916215071,0.0524377533123781,0.0379629609102688,0.0387167590275032,0.0450671485520387,0.1158788602941676,0.1096878682882726,0.0982777324667332,0.1112533233478273,0.108701843194954,0.1038842280569803,0.1009298536684627,0.1104686295379237,0.1060793562127687,0.0979463507610545,0.1054326870281091,0.1320544232706569,0.1232253901385625,0.1009480122719752,0.1018652828008128,0.1092104469776407,0.1065849193314328,0.1399868403799569,0.1125207310893798,0.1185145292629644,0.1098265366291987,0.101740448501531,0.1228030621841184,0.1310252052432977,0.1087386312162422,0.1241235262714264,0.1133963423082957,0.1025045103519778,0.1225505897767311,0.1322790565429705,0.1177991354954498,0.1287335541115401,0.1117612984499148,0.1027359570175246,0.126967898723475,0.1295331353504323,0.1232481055473485,0.1137141253033984,0.096268935749925,0.0988501877313522,0.1103177954556339,0.0969302680550239,0.1171376709130013,0.1176000050464715,0.0991108279686533,0.1218433734055877,0.1255071665954136,0.1096096124574359,0.1032185771434203,0.1000695405603248,0.1064595930568987,0.094622099098283,0.1081743275575895,0.1444011398568377,0.1127151935215355,0.1262659849670731,0.1167762337339259,0.1641634275430516,0.1470423438993457,0.1374681321365978,0.1121689742388635,0.1298439355546649,0.1192654813594989,0.1536331459498948,0.138116760299721,0.1200579226472186,0.0984529881296893,0.1125404652249067,0.1079020800565194,0.1634928421732021,0.1454193301732161,0.1332911102981547,0.1275605164914705,0.1255849769578174,0.1325211057391452,0.1765785624101848,0.1047570020899763,0.14905072468596,0.1145342848723183,0.1129322045793162,0.1038383532121051,0.1804562832585551,0.1058962772075384,0.146208258572342,0.10686703883226,0.1009944791892495,0.114592479743501,0.1847614911920305,0.1086792839421317,0.1573779910969579
326737_18_consensus,0.088169670486302,0.0829764733416868,0.0894004000474329,0.0833589498993573,0.0787489996741935,0.0884024178042066,0.0926891355027036,0.0839960482746541,0.0744007253643099,0.088622752032886,0.0793745264703968,0.081184582325283,0.1023058010147442,0.0964919878123599,0.114597995688224,0.0840166004235497,0.0866400039178211,0.0914646589088756,0.0933154971585881,0.0961976114083253,0.0905288673197108,0.1118746703030749,0.0962841247097847,0.1027091501415993,0.0901098234125978,0.0951719928594319,0.0915508095442131,0.1143871042860995,0.098990798101726,0.0994777731049145,0.0943240926846496,0.0970450378417408,0.0925216998838902,0.1115074480265234,0.096642340428941,0.0965226902516528,0.1443687683856173,0.0883423273122617,0.0821427271224926,0.1074963237963524,0.0979891270829341,0.0865231737786968,0.0961842504136656,0.096112339101969,0.1281113355505493,0.0624026513584221,0.163029747425866,0.0959051250724294,0.0584526557516131,0.0439046188872632,0.0700447012530216,0.0536094503637626,0.0373542351382246,0.0,0.0501435598558143,0.0423984076070426,0.0382499928404373,0.0671045931667097,0.0556019745860531,0.0642811131261594,0.045437577917183,0.0469517810935318,0.0622669007148921,0.1279474877696869,0.1187902560755416,0.1053168191174388,0.116539320945931,0.1138970277228059,0.1096850878728861,0.1092290962140632,0.1139460871621748,0.1110891154390849,0.1067016490652421,0.1173693798959985,0.1413740017335965,0.1375020734496142,0.1112691089219902,0.1139521936208914,0.1147292010856907,0.1115356690438942,0.1530151766726689,0.1132140997023548,0.118459859154457,0.1108370824045679,0.1036715115486344,0.1215516212966721,0.1290409196918351,0.1096852064444089,0.1221227233754269,0.1125848540606563,0.1050597517693296,0.1217250041236612,0.1303178233073166,0.1179260966380411,0.1273140649551582,0.1125014666875271,0.1041015628672316,0.1246559608148766,0.1274655959805019,0.1197636641966265,0.1188811401620473,0.0926344928294004,0.0997864311149281,0.1064714747276469,0.0924470044639254,0.1125408944848565,0.1149565565131317,0.0969784372801599,0.1202117616357776,0.128273346285572,0.1103170748547799,0.1046365871249748,0.1020239878288435,0.1017738456375615,0.0950777449747605,0.111937778036516,0.1529100631003797,0.1071157203969705,0.1194905928077611,0.1111484556626969,0.1562593037365439,0.1397574276214587,0.1299390389919813,0.1064479494905651,0.1231219720275793,0.1139205465711916,0.1469312055480001,0.1324968252073612,0.1151720729993511,0.0963985708584164,0.1091558600525978,0.1045899746173465,0.1556081611247801,0.1384530027740435,0.1265003329255819,0.1302624791612826,0.1315851666768493,0.1332951252208546,0.1733306885805973,0.1113996906365293,0.1534805082901292,0.118532014102879,0.1144624519731206,0.1071654879502004,0.1761668356807851,0.1140079402208513,0.143931662715989,0.112469930776834,0.1056773082324122,0.1164243121769364,0.180478939460286,0.1130880125367486,0.1558118167784939
326737_1_consensus,0.0874045390920352,0.0838581374333328,0.0861491455608109,0.0879786292991213,0.0833957328083089,0.0845143713300041,0.0960436201827943,0.0912287627535186,0.0845795413622635,0.0946824403628304,0.0875581101912468,0.087809485045394,0.1027738395147774,0.0912257117520476,0.1039991160117455,0.0798462283750641,0.0802390722834054,0.0847856422393026,0.0956603928421527,0.100138308269911,0.0952472948188933,0.1145421664735307,0.1003739864098232,0.1046000482125732,0.0949876284395695,0.102830626477997,0.0986222714739699,0.1135035163289077,0.1026975361161884,0.1053927393200725,0.0982747633446114,0.1007220046097232,0.0988996637906123,0.1145186581846556,0.1019402409520098,0.0978893999850847,0.143347021028388,0.0863565323519852,0.0827017516541567,0.1079629313260961,0.1008163251354483,0.0909806986038921,0.0886803072650623,0.0897073178302831,0.1161671731108924,0.0457032037726224,0.1394930799474676,0.0819816205306535,0.0322216779849814,0.0188481855109966,0.0504506958132981,0.038627337979315,0.0382453980406385,0.0501435598558143,0.0,0.0308147573403133,0.023793937331557,0.0438362109461013,0.0510315013259222,0.0510668151490725,0.0267865437237676,0.0235466244189221,0.0379184703546468,0.1111488190203792,0.1007715991030488,0.0942695402880182,0.1042973184141756,0.1012052335847483,0.0985743272233735,0.0963444054953832,0.1045958501248941,0.1010576025940329,0.0939312110382249,0.1037077999101964,0.1343278164162941,0.1228947563803022,0.097840268620099,0.101429549734326,0.1029673794961547,0.101557920919997,0.1343743339828078,0.1097803902284337,0.1146943173688114,0.1069231682985822,0.0998427571013846,0.1198449451820315,0.1263572020606216,0.1067781277201634,0.1222075344523592,0.112475384337558,0.1020114597963481,0.1187688007208486,0.1285802691276899,0.11622068813972,0.1255568419660954,0.10940949675627,0.1014939313020046,0.1249658680863091,0.1256212318898049,0.1169873644034985,0.104477279067501,0.0967998362375684,0.0993951700441957,0.1087192361812089,0.0956605416817944,0.117123367559811,0.1193863918250816,0.0998326836676799,0.1171629686511986,0.1206143292433235,0.1074125925810418,0.0971326441624347,0.0956627360257746,0.1065916172560628,0.08910251118079,0.1023157332268331,0.1339082031022037,0.1122905739412975,0.1233042515538639,0.1141757719323871,0.1565431246181941,0.1404507833067862,0.1332705107711101,0.111249083729584,0.1264248413803338,0.1168718058545479,0.1457560813473892,0.1313567734224124,0.1161410306537663,0.0963504996109784,0.1082406545271477,0.1041870427844438,0.1558924090121997,0.1388482823537918,0.1284626486569424,0.1192001649932529,0.1174293129433962,0.1250249272271845,0.1674474698455807,0.1018201088238407,0.1378464216499644,0.1079650061066212,0.1107302807009935,0.1013263887639511,0.1726792486051558,0.1014803588027242,0.1390926336355973,0.1016582626666885,0.099459028261961,0.1087866824967263,0.17702145456697,0.1028812003544632,0.1487922719101873
326737_2_consensus,0.0818246958079779,0.0813284529009459,0.0927338715138911,0.0776967285475868,0.0803145174799702,0.0892474133653692,0.0839454666018847,0.080941321243956,0.075774069181636,0.0819471605670179,0.0768591346352611,0.0777049057913097,0.0958985388450041,0.096245368691779,0.1188550082647951,0.0793054030312254,0.0863754970798335,0.0920623749899727,0.0976746406493732,0.0980642574724901,0.0965308651964652,0.1072772235821784,0.0984479090520329,0.107581288374769,0.0954438008487879,0.0975329290588488,0.096554366687289,0.1067693841947569,0.0986112352390334,0.1008929859981628,0.0959997418005147,0.0963098962089817,0.095944716052844,0.107021677883281,0.098823108582401,0.099153515720187,0.1287054861826847,0.0689830266875834,0.0659266380053783,0.0898580471371882,0.0823261010883666,0.0718309273459607,0.077848612959866,0.0830291028825962,0.1106638619499062,0.0651998033934973,0.1651452650661343,0.1032539388418328,0.0518675195841354,0.0281901084078998,0.0720394507918888,0.0552194173780632,0.0416403897359349,0.0423984076070426,0.0308147573403133,0.0,0.0255508892787873,0.0660191578869033,0.0625359064964559,0.0695825176037883,0.0238634167735617,0.0213399969631929,0.0595624267073412,0.1266144946033222,0.1120059209387591,0.0982679280913217,0.1051188003705131,0.1030267536310235,0.1003949902809299,0.1030407600338512,0.1042697231170265,0.102336416162735,0.0988276002034979,0.1133917478668283,0.1405329760700034,0.1372040606038571,0.1047595790859818,0.1106135224824462,0.1038978828925369,0.1027575476549566,0.1514902843972387,0.1077711743853739,0.112027144734583,0.1060070323409615,0.0999763612587841,0.1152355647966002,0.1217006892342053,0.1051910620061988,0.1155831822965537,0.1080467165622649,0.1004275820389719,0.1141447873960451,0.1223842534399878,0.1119110207538914,0.1195416193004755,0.1066024070066872,0.1004126169661021,0.1182395189748793,0.1206909089041188,0.1163090795033908,0.1180101034505136,0.0914695820387854,0.0987561236578037,0.102741471858853,0.0895943073995619,0.1109230295960425,0.1145102641242507,0.0955572393569414,0.1095237640143792,0.117725692516776,0.1112240916383843,0.1015313210319824,0.101326361790933,0.1034765284214827,0.0911527903081958,0.111056973155678,0.1522263526808124,0.1009793929453518,0.1117387338967364,0.1028781236428265,0.1439580450645024,0.1281243025667912,0.1202924228445851,0.0995963218672023,0.1142207074540555,0.1053679923598272,0.13389980698945,0.1207473011573909,0.1061283554770469,0.0912190447695952,0.1002287802087553,0.0976716021846795,0.1432432799603124,0.1263211500643941,0.1161869720130124,0.1238831808635352,0.1292181735794184,0.1270177832398956,0.1624757675736534,0.1097759355182472,0.1477081559267382,0.1135053183454356,0.1130544558427829,0.1046852837075109,0.1649891074664365,0.1130485384358105,0.1355651401073292,0.1082708836986082,0.1056618428753759,0.1117232559257394,0.169611408296643,0.1090763604836507,0.1484032515751548
326737_3_consensus,0.0820602372424403,0.0777832570554796,0.0822583875711834,0.080719043917496,0.0761512351754009,0.0817542449555858,0.0888448571905078,0.0828488123240012,0.0745839355147973,0.0866240020809592,0.0780100308399597,0.0790497709823682,0.0983141092874389,0.0893417004577769,0.1052639614626853,0.0756165429909691,0.0775238665533256,0.0832793364909088,0.0897318441674068,0.0935921799039222,0.0885114328924448,0.1089560780002875,0.0939115204436666,0.1000103993466625,0.0879750807137277,0.0944458701256849,0.090687459291559,0.109915187487388,0.0963277466148394,0.0983359084899353,0.0911931843430643,0.0939649028760183,0.0909978626915215,0.1087686185964936,0.0946242235091148,0.092378437498741,0.1398776057793081,0.0817263056334222,0.0762274737650949,0.1031914608084568,0.0941963563987295,0.084159203322921,0.087001591319147,0.0874641432049724,0.1174580963035458,0.0478714151268229,0.149275436094524,0.0856390181947532,0.0389933767051854,0.0193070800676416,0.0547052838370542,0.0378369435422308,0.028888234607941,0.0382499928404373,0.023793937331557,0.0255508892787873,0.0,0.0502556166560844,0.0479731199383033,0.0528816100278996,0.0245961767891988,0.02334336615055,0.0431258558397335,0.1136965795901716,0.1036973085617773,0.0925969426728479,0.1042405437097172,0.1015463759091323,0.0979250887880535,0.0960919291970018,0.1032813820721027,0.0997715185350162,0.0940164440268575,0.1048798556386041,0.1336156454456456,0.1249822778135775,0.0984546777117791,0.1018035658505507,0.1023421813603725,0.1000509495519397,0.1389766140581117,0.1050302584939088,0.1103932417327468,0.1024179189582382,0.0949866710237428,0.114826672266785,0.1220211873525541,0.1015450407781878,0.1163231048461698,0.1063232551491196,0.0962290660446756,0.1141604275618827,0.1239168400067043,0.1105513752645296,0.1205770925098035,0.1043082257831578,0.0961858995869045,0.1190546765119379,0.1210767930309188,0.1166046432257455,0.1091851473063725,0.0924278553542429,0.0963135563704345,0.1053805898876306,0.0914794466466652,0.1127840055229776,0.11504206644409,0.0959292716208825,0.1150026914395517,0.1179109698341538,0.1062674258295691,0.097569095297162,0.0956869114588543,0.1029837550084873,0.0890106185210287,0.1044541385679663,0.1411014187918136,0.1035582235144176,0.1161233079541518,0.1066595492218844,0.151935017283136,0.1352417260415892,0.1266135476034739,0.1029109092338465,0.119475422086906,0.1094932805089084,0.141283867611138,0.1261596902807853,0.109236017291438,0.0895964927914433,0.1018123287707577,0.0977612657855896,0.1512986893886601,0.1333749546135984,0.1220414800408925,0.1194462527402073,0.119978397470051,0.124315492646109,0.1660851512604038,0.1019225781133872,0.1411801617247824,0.1075216801557028,0.1077393886920415,0.0987309614924426,0.1701492990156927,0.1028028292705642,0.1367774616984214,0.1010110762607622,0.0968779777909945,0.1074850021836708,0.1744600048835947,0.1026023557948871,0.1480211456161209
326737_4_consensus,0.1058027980885556,0.096578954117427,0.0847637184088178,0.1100605455298833,0.0952038475848315,0.0875702737484368,0.1209043948053511,0.1127444886393915,0.1025480103871015,0.1198944977872588,0.1085635629845018,0.1091892986439323,0.1222740975764769,0.0951780900391077,0.0885924177268822,0.0936184337752816,0.0826535294845053,0.0841319671563448,0.0956892620603948,0.1073228608565218,0.0949179525763326,0.130933978879272,0.1071618784809532,0.1032407219379232,0.0965148608636052,0.1125028208477842,0.1027502328417027,0.1314292524039253,0.1137079520393113,0.1153031100022671,0.1056859995930236,0.1121049512412257,0.1063447243914739,0.1311761669545117,0.1098590687853389,0.1012047911616127,0.1719955946017984,0.1184887536746945,0.1124458543480277,0.1398203032400513,0.1321680079839235,0.1213118153680888,0.1134790492110513,0.1069293799597781,0.1357250135864946,0.0261443552186261,0.1070655684992667,0.0497940249936109,0.0343454392733824,0.0455687101515803,0.0272327102348156,0.032776187677007,0.0511722068421836,0.0671045931667097,0.0438362109461013,0.0660191578869033,0.0502556166560844,0.0,0.0435298788460286,0.0315954256606028,0.0597777079364069,0.0588170779596145,0.0223986905708733,0.0965391675193186,0.0980555865401535,0.1005780140477086,0.1176125953346996,0.1130227022304806,0.1091695840114778,0.0990491744813366,0.1178749811318539,0.1118000816027151,0.100505245118888,0.1006824880414542,0.1352287165196762,0.1087681026947164,0.1004742567254473,0.0987284556589987,0.1156062788557183,0.1112112004811951,0.1162965121917675,0.1226275260945555,0.1291240779977223,0.1181093148421156,0.1098655236415273,0.1355192678536407,0.1425301362805983,0.1184171435038976,0.1401170878693385,0.1271329991125635,0.1145348311649514,0.1356635331766041,0.1474598687549483,0.1323420252361945,0.1439227636740777,0.1236386407817028,0.112169483470059,0.1426876582186164,0.1420256768170551,0.126202506532596,0.091100139327182,0.1066458351338249,0.1045558611022887,0.1199781666475292,0.1072747999462543,0.126677723877771,0.1270202559601718,0.1078354699944285,0.1377778955962042,0.1362000659136362,0.1052019959406727,0.0986796855826926,0.0935212800453951,0.1124429894385733,0.0941830104150541,0.0960294908073738,0.1133770550634073,0.1357028817208845,0.1479354688933218,0.1388828359989197,0.1841519962054843,0.1678224275817294,0.1596093360373845,0.1354231834141323,0.1522503069230813,0.1418103945320487,0.1734850787789137,0.1571698170088438,0.1402172867156073,0.1149889981624861,0.1308298532184922,0.1242512200509977,0.1836407682244207,0.1662409169278037,0.1546523513255541,0.1256474873988239,0.1150569901716982,0.1347283742482828,0.1862347763088606,0.1048687212921541,0.1374341167126894,0.1138099483797197,0.1184285177310535,0.1088661451789997,0.1936491699542468,0.0974247442263375,0.154699183490575,0.1053801126080337,0.1023205107692376,0.1173429643532878,0.1974769592454214,0.1082098268533449,0.1607389705768618
326737_5_consensus,0.0979663752195474,0.0901560407665935,0.0830338657466363,0.1003505840549867,0.0858299946481607,0.0856557356344535,0.110907946733784,0.1002594574718163,0.0909280108532542,0.1093433057829559,0.0961981817469926,0.097746502030849,0.1138351453025835,0.0920155044869875,0.0949041274729309,0.088184224778159,0.0812576145118336,0.0850281090153502,0.0977339920738862,0.1068818483980159,0.0960685392165515,0.1291158334820412,0.1064212211364999,0.1048554537993494,0.0966693218580559,0.1093130833950748,0.1013270381906882,0.1318147122297191,0.113391248863464,0.1132461971722202,0.1055430993367107,0.1115261872531119,0.1047775487131398,0.1292929561790671,0.1080537076558453,0.1025466549871578,0.1594619830318116,0.1118984789918428,0.1045748549045851,0.1296682735608518,0.1216190089678587,0.1125318018856724,0.1130292366586833,0.1101534580484939,0.1382479237808812,0.0439223223880132,0.1284711712375608,0.0682786970730176,0.044628983345044,0.0492805827566303,0.0455175084609822,0.043749449532326,0.0450298916215071,0.0556019745860531,0.0510315013259222,0.0625359064964559,0.0479731199383033,0.0435298788460286,0.0,0.0392616799752651,0.0591953891307145,0.0598737521250806,0.0449940998874199,0.1085008384980813,0.1089338940443767,0.1052025655906679,0.1232846267451116,0.1189608754866854,0.1153596741985949,0.1058269262548267,0.1210558171481813,0.1161399283873268,0.1096295188795988,0.1135424811219497,0.1394580470589992,0.1227003489719853,0.1116219528266105,0.1108050188772953,0.1206983946217742,0.1154392592812894,0.1316889172975232,0.1199248616241734,0.126434390320609,0.1160832652717573,0.1083602724582681,0.131721526166383,0.1387588020478658,0.1149182684236926,0.1347021370964047,0.1220806166271587,0.1129177876634046,0.1329621893756172,0.1438609190135712,0.1282646421226248,0.1396242500441378,0.1208804922785829,0.1096401752408493,0.1373339094363597,0.1381028447714605,0.1302472751040833,0.1106917059581558,0.1118031968401269,0.1131580873504281,0.1252580225898789,0.1123333151534651,0.1308520687264946,0.1318491128076426,0.1145365424485113,0.1368843949181844,0.1371396965045339,0.1163824307791287,0.1106088821346845,0.1066747968698724,0.1181838497109624,0.1061807613010335,0.1123745224533019,0.1348564779142334,0.125292074026635,0.1383339473061331,0.1297548416253713,0.1752377998986866,0.1591309431144554,0.1498627378552236,0.1256950072825168,0.1424738239901859,0.1325534366170938,0.165126498860787,0.1489437666755746,0.1315993536490894,0.1085118173718943,0.123264953839227,0.1171945592265497,0.1746253428273702,0.1573949244334196,0.1452329876272374,0.1307547521184216,0.1221420467698493,0.1366600049512896,0.1845628703007427,0.1106695592632378,0.1449783126685503,0.1186410189024427,0.1184505738484233,0.1113993061336776,0.1906882719345213,0.1070174095578286,0.1536855249256519,0.1119466081189018,0.1062261772275897,0.1212458547720883,0.1942130193769562,0.1137386685302495,0.1609012901535662
326737_6_consensus,0.101395802761957,0.0919494572431444,0.0804291524989267,0.1061667476183481,0.0893354049236989,0.0818891354361348,0.116850648981937,0.1067228061373536,0.0970517756112889,0.1156543811266887,0.1034841488528735,0.1040079155445215,0.1164077537266137,0.0883791861453164,0.0834954554408114,0.0890570532247085,0.0772869062129572,0.0797703044876,0.0984057201377401,0.1097554026762198,0.0983376937196141,0.1337122647486393,0.1094967538305512,0.1044433085206072,0.0989462708719216,0.1149485028265702,0.1050223956466698,0.1352061794918854,0.1167193221991293,0.1176116013779292,0.1089334267518665,0.1152461463551021,0.1092789240447775,0.1340004109006348,0.1122599321622301,0.103721012142229,0.1711295750245471,0.1199510581911857,0.1137232246828751,0.1395762559020563,0.1314041699737743,0.1216133928419984,0.1197269761609369,0.1143239058991574,0.1434404165710036,0.0341682403069115,0.1100416273296321,0.0542719555631317,0.0388151330927364,0.0516223920523348,0.0304733334250896,0.0392171849053538,0.0524377533123781,0.0642811131261594,0.0510668151490725,0.0695825176037883,0.0528816100278996,0.0315954256606028,0.0392616799752651,0.0,0.0645066654724274,0.0646400854392335,0.0347705316980688,0.0989350148537293,0.1017438841168326,0.1033433014219027,0.1223007498630291,0.1173802290903168,0.1137953776772145,0.1026073188545533,0.1206046956912827,0.1154383073236705,0.1065108836886295,0.1077059643576501,0.138763994005305,0.1145973899663057,0.1072588304160118,0.1053393564693189,0.1199716305040419,0.1146528957553026,0.1202577613894953,0.1229650007788507,0.1293726685814742,0.1182546906663015,0.1106107573426244,0.1356837442458995,0.1421036329746834,0.1184394857531428,0.1402953437799606,0.1267367672091998,0.115865164924453,0.136619175826969,0.1481696305937955,0.1328452031369844,0.1446220665179591,0.1242529050828104,0.1130059887526612,0.1425127870050805,0.1417871472506752,0.1286078936671327,0.0975104354446957,0.1119543714721666,0.1119388849055393,0.1258309742130676,0.1121965123203335,0.1316530776359507,0.1326766729629516,0.1142420961445807,0.1416444327368555,0.1411959287305784,0.1106988059183629,0.105202456144189,0.1000061064231121,0.1158483409546049,0.1015806073527664,0.103459757699953,0.1195501351638519,0.1328629704695755,0.1452809012107619,0.1366090281322583,0.1817947607135212,0.1655930250128326,0.1570145825670933,0.1334168730567554,0.1495609553734937,0.1398715813512398,0.171631249663369,0.1551932450452477,0.1379442574072019,0.1126699411516308,0.1288964295588573,0.1219074348425102,0.1813073416943809,0.1641203586159482,0.1523498788292981,0.1275589329832004,0.1148443624197594,0.1353129333705786,0.1867574687626114,0.106578126263176,0.1380783676309607,0.1158359125700784,0.118375971723557,0.1106962157433669,0.1941626405826332,0.1004551062256396,0.1549434297050824,0.1084131918947317,0.1032117406302307,0.119306211013966,0.1978573484005087,0.1101618641021013,0.1605024718331413
326737_7_consensus,0.0895597761403356,0.0875319588232853,0.0944934779752865,0.0861504381719529,0.0865044945055606,0.0934847091527747,0.093111723514193,0.0892011895100269,0.0820439580697805,0.0907755370130514,0.084055890825172,0.0850053954747039,0.105227335991636,0.1006102350157426,0.1175344826287626,0.0842388752346677,0.0889794611407723,0.0945420947736519,0.1005799984552677,0.1022508749486309,0.0990320463894474,0.1131124664928796,0.1027072350869229,0.1119686645475086,0.0986043450671711,0.1017945416610877,0.1005567627836153,0.112391891454947,0.1029370472007063,0.1061894069825627,0.0994363859500592,0.0998631516375777,0.098733935732754,0.1128808879642992,0.1030039964262638,0.1022494956318044,0.1365940649200253,0.0804992224025776,0.0764358773694192,0.1023377152775159,0.0950873171546896,0.0854074567679661,0.0840285745865027,0.0865159700087864,0.1110831995515952,0.0566782263764075,0.1569028464158823,0.0934654623470726,0.0485751170893644,0.0246149706081327,0.0655933322352543,0.0466640079601119,0.0379629609102688,0.045437577917183,0.0267865437237676,0.0238634167735617,0.0245961767891988,0.0597777079364069,0.0591953891307145,0.0645066654724274,0.0,0.0155167179612064,0.052100416242924,0.119689519217005,0.1070530631134942,0.0947786255402554,0.1016829332290705,0.1005023579507892,0.0969857078673719,0.0986311181148042,0.1031341848569989,0.0998237291776541,0.093201832579717,0.1046893320223241,0.132826421679842,0.1263731216003199,0.0972831367580401,0.1015538630522014,0.1008864439245091,0.101573514188914,0.143652236605992,0.1098495774809157,0.1141896963223722,0.1077599203422869,0.1005681607815049,0.1184737370114756,0.1263121494783616,0.106706776213042,0.1189785341743034,0.1111494451217733,0.0998799507839765,0.116612791123831,0.1252799253393229,0.1133066772417681,0.1223122696720756,0.1078917541223507,0.1020470458340547,0.1222541493224432,0.1244097394839034,0.122656899810581,0.1200463168663328,0.0998872056845471,0.1031900715280426,0.1125709234277458,0.0989537092385506,0.120597246790898,0.1228036629347841,0.1031247642015857,0.1138813571617268,0.1174836835873051,0.1169741078212199,0.106471500921906,0.1058567472015695,0.112469202369848,0.0965213590086352,0.1146920064202595,0.1511675268447726,0.1089077711543616,0.1204575720853417,0.110604133162826,0.1533313891821254,0.1369162317403631,0.1299270447903457,0.1076900548381292,0.122701913493193,0.113227639039505,0.1422699969001699,0.12879967655149,0.1135292230956012,0.096792765382173,0.1066946117538532,0.1041066330812049,0.1525910272117044,0.1351059658063956,0.1249070796057241,0.1253538952096042,0.1260616362706218,0.1293065891321353,0.1676539037933352,0.106486222981949,0.1483389002093363,0.1134057693378244,0.1136914610560199,0.1042172995325763,0.1710465793677415,0.1090431795207211,0.1404048773936732,0.1072545152694153,0.1037577011057233,0.1131398844982212,0.1755513845057096,0.1073983187834146,0.1532049246730223
326737_8_consensus,0.0879960669849953,0.0858021854456282,0.0935837260699952,0.0846428675287946,0.0853523940501855,0.0913458796093365,0.0917805253557082,0.0879585245669811,0.0816498545300669,0.0899418586959444,0.0836943532237085,0.0838688094944191,0.1027153119907586,0.0987157707586088,0.1159945474436031,0.0825913507273785,0.0877612876489146,0.0927028715196155,0.0989047515403156,0.1005953084640212,0.09775419454941,0.1112397814263976,0.101108622135712,0.1099518114839491,0.0972366643147177,0.1007307701522988,0.0992472875607548,0.1098814745410833,0.1014759594218851,0.1044380291184669,0.0980505737635703,0.0986895223456275,0.0980348382531331,0.1109187208457874,0.1016301004741561,0.1004798633334563,0.1366862410245936,0.0777573692092721,0.0746656758393484,0.1004187336230209,0.0929323232537198,0.0828351331279655,0.0810348979601992,0.0844138113699482,0.1096929923379349,0.0569234563342235,0.1561585546299126,0.0938731947307238,0.0464421079569615,0.0213391844760477,0.0652928637220103,0.0468336695333158,0.0387167590275032,0.0469517810935318,0.0235466244189221,0.0213399969631929,0.02334336615055,0.0588170779596145,0.0598737521250806,0.0646400854392335,0.0155167179612064,0.0,0.0507938372277126,0.1198789145769476,0.1062847092747659,0.0945169769949028,0.1007592723192928,0.0991995465525359,0.0958905317635928,0.0983357695265502,0.1021763648827411,0.0991048924727472,0.0922002107576522,0.1045386941787152,0.1339400646154749,0.1276671208708334,0.0966334318135897,0.1016236756495762,0.100046705252575,0.1005005068470471,0.1436339421905888,0.1091645026315077,0.1132615102753079,0.106904277185152,0.0999629240292511,0.1175962763173443,0.1247417299521298,0.1061130609747797,0.1181069128633901,0.1102572857310216,0.0996576670398777,0.1155863194306828,0.1242039881460018,0.1128111817798167,0.1214852729923983,0.1071173021238403,0.1011240426322843,0.1213381349363953,0.1233636834022818,0.1190403345922863,0.1156608410939352,0.0953230534900739,0.0995250771529765,0.1076230075195514,0.0941936224543466,0.1162441373684051,0.1185160483832466,0.0989498971112424,0.1113244269000923,0.1157893478474988,0.1127265232699589,0.1022986914984859,0.101546680558252,0.1079765350739084,0.091851675484164,0.1100585956735163,0.1478635113113071,0.1069299357542684,0.1184216662067753,0.1086148051204744,0.1511398810645753,0.1348870669744761,0.1277027246112517,0.1055185545758404,0.1207283914616852,0.1111629538130667,0.1402666049667381,0.1267120329129649,0.111693484680622,0.0946580001531069,0.1047471721044564,0.1019649628559069,0.1504091404617209,0.1331134047232246,0.1229879976007611,0.122373603210776,0.1244063898824861,0.1264994742687735,0.1651200677140427,0.1040875341550975,0.145380091132513,0.1107338653340534,0.1111429940178691,0.101844931998826,0.1684688014627571,0.1068335631663353,0.1377303399956224,0.1048096280093376,0.1015525517593638,0.1101128789103567,0.1730724576885037,0.104987368023181,0.1501649330721399
326737_9_consensus,0.1021067104098069,0.0925443622995141,0.0820412323406453,0.1051693087058303,0.0917609611315763,0.0854784096985409,0.1157435535260997,0.1075257241511708,0.0978229261995258,0.1145823031633254,0.1035604003578604,0.1043328085225047,0.1190202367625525,0.0936039178732938,0.0892077058318866,0.089626193626524,0.0801923969557577,0.0826043944558545,0.0951714709358265,0.1052789580977378,0.0942744558791422,0.1278651829256331,0.1054845492878494,0.1040137305482387,0.0952800589532687,0.1096504356135673,0.1011772738600655,0.1283140169964989,0.1111262854101837,0.1131177015004877,0.1032975047554984,0.1090541931807025,0.1036188773219171,0.1279777257861231,0.1077609464800365,0.0999537382081477,0.1688134334051904,0.1132585642622606,0.106886322717355,0.1352905987154453,0.1272400423721465,0.1158960927461003,0.1082530685053073,0.1012623408193362,0.131099825750024,0.0207924527802839,0.1128576011844481,0.0514773207896996,0.0324926680099235,0.0393447807290119,0.0268703750780225,0.024577130011552,0.0450671485520387,0.0622669007148921,0.0379184703546468,0.0595624267073412,0.0431258558397335,0.0223986905708733,0.0449940998874199,0.0347705316980688,0.052100416242924,0.0507938372277126,0.0,0.0956011531608872,0.0952885153601444,0.0958839656669839,0.1115721560782055,0.1076572377688329,0.1032051501609845,0.0947725541371397,0.112622027019969,0.1064005835476573,0.0941441210748024,0.0946416290733492,0.1294200000241886,0.1050855465382859,0.0939159292364473,0.0924182061105465,0.109886208607192,0.1063432085870652,0.1162716582740106,0.1192484470986194,0.1254165165583504,0.1148080999307793,0.1063710904748919,0.1318668372423663,0.1392989117121502,0.1151562059488156,0.1357499619464677,0.123447759468739,0.1095898684062379,0.1314221138963377,0.1428942749515559,0.1277199017827523,0.1396549458047326,0.1195166544321458,0.1087949227414075,0.138618172539027,0.1386022722594193,0.1246256361570967,0.0937410320657194,0.1039636769947573,0.1012073162661547,0.1176419378092838,0.1047825939926698,0.1243132360717274,0.1244764776978244,0.1055827252546671,0.1319266377737824,0.1298828649503082,0.1048128203393709,0.0979520213530614,0.0932953629973292,0.1109645740942395,0.0925542812716421,0.0965450179904505,0.1171362457984533,0.1309106294350959,0.1435692451572631,0.1341231815617295,0.1800276193243526,0.1634891798269658,0.1552694840547293,0.1307229217154496,0.1477934097442798,0.1371674658421902,0.1691013489231459,0.1528057699110863,0.1356088824562882,0.1104146652652977,0.1262213578721527,0.1199698910180447,0.1795608369650562,0.1617686493575435,0.1503671580292888,0.1227237866519833,0.1124757593055312,0.1315808846162793,0.1826310522783905,0.0992097757045861,0.1367446262326904,0.1098430202282071,0.1139479552519651,0.1040980571843837,0.1896321193137883,0.0944180051135885,0.1512588747973521,0.1013799782516593,0.0978013372057149,0.1132050057580214,0.1935414350942786,0.1038809697842983,0.158417607845883
326780_10_consensus,0.1337776957301688,0.1203913787691713,0.0999796110327923,0.1393186710293247,0.1224990876240733,0.1120635912802336,0.1474644162550676,0.1408675053642376,0.1318868153671836,0.1483563829836236,0.1375114782181558,0.137030223148771,0.1508558415988832,0.1191439333158908,0.0925520152543259,0.1186509824228445,0.1046130895869674,0.103008057400912,0.1165628313498686,0.1272477176983105,0.1183372676909886,0.1469046980361016,0.1268517150556046,0.1233283622597758,0.1191987619896797,0.1312994873654152,0.1252532140959666,0.1490836657315177,0.1322951995657079,0.135365155989472,0.1251596023977741,0.1289519981234395,0.1253301247853119,0.1460022128977876,0.1287590464611608,0.1199848320168559,0.2134602960747911,0.1656309609724076,0.1569460414343879,0.1827004689492961,0.1762146265081687,0.1645695091331576,0.1336404892748917,0.1205543885900449,0.1553881359616847,0.0958758953950934,0.1245528864777304,0.0928860734798845,0.1073821596393334,0.114136320231278,0.0956467713503901,0.1012635058290764,0.1158788602941676,0.1279474877696869,0.1111488190203792,0.1266144946033222,0.1136965795901716,0.0965391675193186,0.1085008384980813,0.0989350148537293,0.119689519217005,0.1198789145769476,0.0956011531608872,0.0,0.0455220194708498,0.0687247951227029,0.0918083265493843,0.0887339941404802,0.0853749410104313,0.0589819703762346,0.0937028003559933,0.0835830486330219,0.0758181074034174,0.0658494192248493,0.10265604943698,0.0610034245706627,0.0724876053098817,0.0665710999338674,0.088136233637844,0.0810915525131736,0.0545932701801403,0.1211562812837189,0.128799655684583,0.1176523115951267,0.1092750207315702,0.1351261459505114,0.1436921867008379,0.1171245986549615,0.1418699409653274,0.1307112736984319,0.1134405897225701,0.1353879807882665,0.1474895805950629,0.1305865323057898,0.1445333308517891,0.1222113092654273,0.1125454999546317,0.1432182088067402,0.1425120870234623,0.1382250403617949,0.115552893467867,0.1420244900642901,0.1267609730653259,0.1494248139692996,0.1418628722735743,0.1497814816952831,0.1491071828642386,0.1385915475117041,0.1511741042159741,0.1273964523290342,0.1301004279503469,0.121597115878003,0.1216238199383144,0.1476027638342389,0.1262715219242002,0.1214169484909766,0.1163492766150646,0.1633181550497904,0.1753305665956323,0.1656475073587412,0.2070910325666307,0.1915864274168493,0.1859248097280716,0.1644241325872241,0.1787896416786763,0.1697906716904453,0.1956287322758934,0.1792664406802127,0.16419910710068,0.1416568604666762,0.1555682677148727,0.1501900610240227,0.2074011011178775,0.1890017981482407,0.17892859524558,0.1238587612091573,0.1022845820050168,0.1353598390609368,0.1868788712590066,0.1061214004660853,0.1291974830989594,0.1146282400392773,0.1190793038644252,0.1142196432145908,0.195055236873747,0.0900645135796032,0.1579550720285669,0.1077711622214374,0.1059365607784039,0.1231092779499609,0.1972736798404709,0.1098351956005742,0.1618101767299447
326780_11_consensus,0.118569982323307,0.1086499016868896,0.099263881138759,0.1231525619516111,0.1128628269099475,0.1047675984729325,0.1290465725030059,0.1259815668792129,0.1198669607043761,0.1303662589958597,0.1231623926179936,0.1219820023114191,0.1332290130488315,0.1111078066762849,0.1011869998534442,0.1064919815040042,0.100614836832789,0.0985835587058303,0.1038469318089802,0.1086524486628911,0.106972496255723,0.1196321021476267,0.1086044263659631,0.1092904743294312,0.1064058411271657,0.1127244980790052,0.1117297814741874,0.1194988535429392,0.1106362670285756,0.1146949630323646,0.1075206190629479,0.1077888729397116,0.1092162591936824,0.1186563472665943,0.1103839589589912,0.1037204600637299,0.1916689049409224,0.1440090777893239,0.1375116218313748,0.1591824601701632,0.1546489232253723,0.1434228051118439,0.1092668604726123,0.1034378794426681,0.1374736815424176,0.0979731604842552,0.1429501290762763,0.1074069841357951,0.1004699690069636,0.1037039053968852,0.0984897852394425,0.1005918854602417,0.1096878682882726,0.1187902560755416,0.1007715991030488,0.1120059209387591,0.1036973085617773,0.0980555865401535,0.1089338940443767,0.1017438841168326,0.1070530631134942,0.1062847092747659,0.0952885153601444,0.0455220194708498,0.0,0.0391066780921118,0.0568655209764142,0.0520924130315902,0.0523896783816288,0.0298359231058092,0.0577640455756379,0.0488424504832384,0.0504268631546276,0.0619737321780509,0.1027404417962978,0.0808709209129975,0.0574648684232275,0.0625243683640781,0.0530989184963871,0.0475315670918692,0.0831924910991401,0.093486028116536,0.0988374164230765,0.0904473291133837,0.0839499231937575,0.1052824444316505,0.1127786373368305,0.0914175095400042,0.1116151658279663,0.1028485947079039,0.0873396764045775,0.1037220627789326,0.1145988004081059,0.1015273443373661,0.1127423026277892,0.0932254562895442,0.0873061411564431,0.1130360882735665,0.111524165867551,0.1164461151294337,0.1088589608077918,0.1248675726476777,0.1130899721111612,0.1307391700772073,0.1230958305363116,0.1321108107002035,0.1343954592117009,0.123268760564604,0.1272207491283235,0.1093627074370528,0.1181139403862903,0.1060037249207738,0.1093638037343341,0.1313413677485854,0.1096671378093847,0.1116777811084431,0.1192274824892241,0.1398763208946532,0.1487676968227891,0.1398952420872856,0.1764148736592179,0.1617483344748507,0.1579834115449699,0.1403359574670946,0.1517034973572785,0.1441632006915364,0.1651785081934521,0.1503410859014898,0.1381538365271765,0.1198940509911164,0.1305217053285625,0.1264498711340845,0.1767739855421797,0.1591928924494608,0.1509234791135542,0.0939958923457033,0.0828816981193808,0.1048808800093458,0.1513826368678172,0.0857810288470683,0.1051698974650897,0.0879636132788964,0.0932812645667782,0.0887389217660786,0.1592283532866758,0.0733593005724501,0.1242599292912362,0.0827444974706877,0.0840882509483507,0.0938705806044149,0.1615950483465699,0.0839278188796198,0.1297158255047333
326780_12_consensus,0.1087962832575157,0.099966927987584,0.0989595328335982,0.1090103107689533,0.1035490576038344,0.1031482723929658,0.113726186855331,0.1104557942365358,0.1044236824259733,0.1139191950155236,0.1076345004621798,0.1056721388662338,0.123322273670246,0.1107744179749116,0.1131833733706512,0.1000581035503489,0.0998235469377293,0.1010997220567743,0.0913558788535087,0.0915719218270379,0.0931329864953927,0.0985264945056351,0.0918920594101895,0.0997363515892128,0.0916904816217558,0.0923758269902109,0.094640886381731,0.0988270152775447,0.0915092591138823,0.0956952257095139,0.0894721491254187,0.0876706230988079,0.0904324713380789,0.0973421183754973,0.092259214078911,0.0897574162002955,0.1740950632064095,0.126507248884105,0.119416475774699,0.1414747483022901,0.1361651802844023,0.1254030430267433,0.0887668854966231,0.0853966122259973,0.1231411060913167,0.0983217824705936,0.1656769315513696,0.1159246584193982,0.0987071587319019,0.0944469335445276,0.1025736643635012,0.0963778682121053,0.0982777324667332,0.1053168191174388,0.0942695402880182,0.0982679280913217,0.0925969426728479,0.1005780140477086,0.1052025655906679,0.1033433014219027,0.0947786255402554,0.0945169769949028,0.0958839656669839,0.0687247951227029,0.0391066780921118,0.0,0.0355967979226154,0.0317034952802753,0.0289354984385302,0.0212595355020043,0.0334789619819256,0.0253845212033743,0.0354686323501609,0.0630999421565856,0.1023750028217253,0.0939862432944927,0.0502012874157921,0.0605380382108073,0.0303140360278805,0.0247358478431101,0.1074300165962351,0.0767294630523854,0.0819923813410618,0.0751673345398708,0.068564676293413,0.0865722915348164,0.0959286488647262,0.0747735491112519,0.0906541100148941,0.0832668933801808,0.0679907330659333,0.0842713997579198,0.0945716636456105,0.0814270354453229,0.0924735467605996,0.0743759640794211,0.070934275164759,0.092923370875964,0.093794651386582,0.1112369659959163,0.1175236337446459,0.1116153399401122,0.1044778357564721,0.1190197559522397,0.109743198429886,0.1210724958668688,0.123947669270004,0.1114031445801761,0.1119396147615915,0.0974524247015285,0.1159707680252039,0.1035257372737146,0.1069632007305278,0.1213371775105675,0.1028926614023393,0.1138724511870344,0.1390772482751223,0.1177149472015229,0.1276575759824248,0.1180098328489155,0.1569778306074208,0.1412061134013057,0.1364822112506963,0.1182141787799976,0.129823157166521,0.1221181323425999,0.145625897453401,0.1310485299923055,0.117930454398545,0.1021557443521585,0.1110433309008786,0.1082019009884574,0.157274851501222,0.1385066187919523,0.1296708842049639,0.0871181448147968,0.0877692533129753,0.0946618759997518,0.1366155086709729,0.0791421853980227,0.1100980827581958,0.0791646087024969,0.0801720898154818,0.0742143854862927,0.1413987735449043,0.0741009637079643,0.1084435533400373,0.0743364387113041,0.0744956691961673,0.0821008901271543,0.1444755927820432,0.0747098354922048,0.1195153352610158
326780_13_consensus,0.1152253064123914,0.1092721949486286,0.1150425691489437,0.1130802769268614,0.1149420680495221,0.1162062614415163,0.116035162015955,0.1167858925534591,0.1127394102690151,0.1165844258415684,0.1140167736788064,0.1112994105686746,0.1275858712340993,0.1231932541159722,0.1306315617839344,0.1089924984945209,0.1140354162309149,0.1142707252012903,0.1069569716349642,0.1028664877757664,0.1088724165084324,0.099579337781456,0.1030827311371316,0.1153796745043966,0.1071696531048528,0.1018316519293888,0.1085326520628011,0.0965685456870242,0.0988394879344717,0.104619410942392,0.1005504436911774,0.0948063497887865,0.101600109656258,0.0979740008980574,0.1028909261166179,0.1035539788411588,0.1739939171652122,0.1274243125493199,0.122674532212225,0.1406280768851067,0.1378426142422549,0.1265494773321051,0.0818046851411387,0.0833998016301984,0.1149926012992317,0.1150905521928672,0.1840720732652167,0.1347472019455524,0.1123905812319628,0.1048891480789906,0.1207459789613837,0.1121624261068149,0.1112533233478273,0.116539320945931,0.1042973184141756,0.1051188003705131,0.1042405437097172,0.1176125953346996,0.1232846267451116,0.1223007498630291,0.1016829332290705,0.1007592723192928,0.1115721560782055,0.0918083265493843,0.0568655209764142,0.0355967979226154,0.0,0.017384439323985,0.0186705022827292,0.0407354378989636,0.0244574967005096,0.0212582549933926,0.034718379706128,0.068682353403602,0.1042390042630656,0.1069893116079933,0.0514229368456653,0.0678757997730119,0.013814732340717,0.0262478627088623,0.1244631834037151,0.0838367560224167,0.0854543902737185,0.0835675868007643,0.0789620941533066,0.089333359497104,0.0979934199409973,0.083865237330587,0.0911240112200826,0.0888492852596613,0.0743555735219735,0.0834857186042396,0.0902202930250034,0.0832166092710423,0.0899220605917989,0.078272178559563,0.0807219762872776,0.0935532845294699,0.0949671809771117,0.1100407257082565,0.129431982209509,0.1157648806798781,0.107931914358965,0.1202139709178418,0.1133824162334938,0.1225731609484117,0.1258691429991472,0.1158757393938929,0.1058495657554761,0.0928201226745485,0.124013546227422,0.1095566366302115,0.1159663451114406,0.1270556504769184,0.1079978875928976,0.122567269013212,0.1512883891008766,0.1221914970828174,0.1295509344672471,0.1203463047369466,0.1529071312335007,0.1384800044751368,0.1363652557760881,0.1217104717569485,0.1304109971285355,0.1241273230603994,0.1415666548680619,0.1296123848431875,0.1204348869675567,0.1102748181340842,0.115258916696297,0.1144362997941772,0.1531437062127994,0.1357126517651034,0.1295951270776151,0.0906934052570564,0.0966724856511433,0.0962953226489303,0.1288859752528175,0.0843316845664168,0.116134543354292,0.0848451860617616,0.0860890315264184,0.0793324044206369,0.1316846519994983,0.0835487805687866,0.1055184820143966,0.0815745081810896,0.0836883971757268,0.0852348178089092,0.1350543990580517,0.079950156163165,0.1188690871723165
326780_14_consensus,0.1111722082018464,0.1055937841886713,0.1111139202064302,0.1107595039073137,0.1110031313014464,0.1107278798962811,0.1137961518445364,0.1137522073931984,0.1102312444938134,0.1147356510151674,0.1121103791675312,0.1090171790120398,0.1233875332103256,0.117466546536656,0.1254298274844862,0.1051123982341672,0.1096747193049679,0.1095049604279618,0.101879288257644,0.0981466574430636,0.104268887234773,0.0959273445865173,0.0983356105348891,0.1087879583413866,0.1024260985621503,0.0984292133621523,0.1044258071518187,0.0926881472089802,0.0949181124405608,0.1001539182105719,0.0966548042732192,0.0914172787880125,0.0982670335151989,0.0947344682525832,0.0989339413892144,0.0983038552589309,0.171459147838502,0.1254676938211153,0.1209687779368599,0.1382141890835282,0.1353405245249226,0.1243909954797079,0.0828883373906457,0.0851603439560434,0.1153183200327913,0.1113003441477161,0.1782993359499058,0.1311190052513389,0.1073803944165937,0.1018105448567152,0.1160960009093309,0.1088566173577713,0.108701843194954,0.1138970277228059,0.1012052335847483,0.1030267536310235,0.1015463759091323,0.1130227022304806,0.1189608754866854,0.1173802290903168,0.1005023579507892,0.0991995465525359,0.1076572377688329,0.0887339941404802,0.0520924130315902,0.0317034952802753,0.017384439323985,0.0,0.0174467902625141,0.0368592451177857,0.0199548397544404,0.0192867294435778,0.0363493278003352,0.0711179213830709,0.1084262901421863,0.108263903224706,0.0548032377716066,0.0701916448211241,0.0174804998409988,0.0227402732032981,0.1231738357736589,0.0794121022008062,0.080794642987144,0.0785508920426813,0.0746138105871069,0.0853971995491165,0.0930273039406827,0.0795253255571225,0.0882370909656457,0.0845234639471249,0.0716939143650793,0.0802506673435022,0.0877485144416039,0.0808273605339162,0.0874177898624489,0.0748699256774558,0.0765269271805162,0.0905701977895356,0.0905187799872554,0.1058396520487134,0.1226743430726177,0.1121005980414284,0.1057858925060644,0.1170248651027822,0.109556906542391,0.1194905216687008,0.1233196380099828,0.1130657838664881,0.107869865499776,0.0961307939391072,0.1186798668832076,0.1046528777387625,0.11101447922799,0.122305960742551,0.1036489742814029,0.1171403424808154,0.1452327874298449,0.1185470314360345,0.1254987882216545,0.1167163336154664,0.1492437845856203,0.1349431311226379,0.1324717961463824,0.1184150527920936,0.1267442030240461,0.1205889881514475,0.1381706289040577,0.1257514618009948,0.1166085389616484,0.105662552615275,0.1110788559799326,0.1095250295734269,0.1494915023637312,0.1321123431964804,0.1258394413128747,0.0821544724227396,0.0887603699977933,0.0883524805939454,0.1235979613500411,0.0794555807969513,0.1068469694186208,0.0768695329913679,0.0791723765736288,0.0726909839127149,0.1274161038945807,0.0781599049447459,0.0985579636944957,0.0739189876820985,0.0760114635568309,0.0770546656737307,0.1308349314773396,0.0733334304806328,0.1109845161558794
326780_15_consensus,0.1117349739993297,0.1041188247958349,0.1079324083090772,0.1096974112638611,0.1090085018594765,0.1092861534028708,0.1141064148162438,0.1127783580017112,0.1075972185505282,0.1142330858925887,0.1101214930811757,0.1073357090569727,0.1250522353175216,0.1174229801770421,0.1230150696496647,0.1043670761422053,0.1076742948758435,0.1077999789974917,0.0995997370736548,0.0970612475908668,0.101061968503055,0.0982174217089916,0.0973655004865542,0.1082531001651993,0.0994635409579181,0.0965027261176294,0.1013791443430451,0.0957400636304268,0.09453820438375,0.0995571691165329,0.0947238494537974,0.0902834311737828,0.0954143081054311,0.0967567904520929,0.0973875592034672,0.0969164517358527,0.1743452292646377,0.1254155765320663,0.1198761854196815,0.1404167940678694,0.1363163953073721,0.1244532196521268,0.081919480760684,0.0806614019802459,0.115451467192952,0.1061816742993096,0.1766477903310412,0.1253653600340549,0.1051536246272581,0.0984218682222696,0.1122328122577801,0.1034918806185354,0.1038842280569803,0.1096850878728861,0.0985743272233735,0.1003949902809299,0.0979250887880535,0.1091695840114778,0.1153596741985949,0.1137953776772145,0.0969857078673719,0.0958905317635928,0.1032051501609845,0.0853749410104313,0.0523896783816288,0.0289354984385302,0.0186705022827292,0.0174467902625141,0.0,0.0346298731542064,0.0262460595092938,0.0200383903972355,0.0264045987263196,0.0612440357393173,0.1021114085090573,0.100180523214327,0.0444501508566995,0.0599368507350578,0.0187789516608929,0.0242121289505056,0.1193772592359629,0.0837752189972196,0.0863350989089436,0.0825542607083323,0.0772004278396661,0.0906757651294948,0.0996482417691494,0.0831487896407433,0.0931408388337959,0.0885295269303713,0.0731473195217484,0.0858559752198984,0.0938216031235415,0.0850255061452199,0.0930159870588187,0.0789109781877334,0.0790593373909569,0.0957369341011698,0.0968746366361313,0.107842481009931,0.1215871257791337,0.1088948332003129,0.1017306184077178,0.1151787514345344,0.1072865012974572,0.1178931407313756,0.1205108603560602,0.109279325222906,0.1067117318947625,0.0940051755934584,0.1167273877466394,0.1036882060920542,0.1087607477863362,0.1198645553867847,0.1014062705293666,0.115193368644311,0.1449814176359668,0.1200557025869625,0.1288345000995671,0.1192387536191079,0.1554365587482485,0.1402357490790807,0.1366701188646402,0.1199009142690552,0.1303991951937529,0.1231031505754868,0.1441532883842081,0.1310093156838517,0.1200707377572587,0.1068128675419998,0.113920799897579,0.111925912135249,0.1556603775293055,0.1375327214499388,0.1301574676543626,0.0883317565113768,0.0923515934506822,0.0949372848653112,0.1329024490112045,0.0782146505260361,0.1142511424065035,0.0806263894167177,0.0814941380883269,0.0736683248992568,0.1362514491758907,0.0774548037184957,0.1064984566112349,0.0761651902956732,0.0766310135964827,0.080941250368396,0.1398541754000472,0.0748688005491423,0.1193490594741207
326780_16_consensus,0.11251384991735,0.1030248835104082,0.0985309401183168,0.1139377565146619,0.1069482726121561,0.1039769769367121,0.1196179062640189,0.1163311365396811,0.1094118324952607,0.1196302310364151,0.1130291557207143,0.1112942889790281,0.1278510592788857,0.1117892602647388,0.1087439384666323,0.1024495725634223,0.1002916274997574,0.1001103330820317,0.0953924321307298,0.0974859282995314,0.0975089140710849,0.1061598949767175,0.097440925175806,0.1035163352887533,0.0967957763623966,0.0990119780625411,0.1002022765626478,0.1068461847557456,0.0980995691359172,0.1024962377714638,0.0953201916254228,0.0942451336931461,0.0963166644794461,0.1050906493865571,0.0982215240066923,0.0944670305539974,0.1812267103250283,0.1345135390918319,0.1273092178057668,0.1494002495313763,0.1444042970103,0.1326193407027465,0.09577495725906,0.0903179619905576,0.1244686142521901,0.0970718038342533,0.1579839629918069,0.1113973412348576,0.0997925656204671,0.0972908431385287,0.1009804101086895,0.0965196364231761,0.1009298536684627,0.1092290962140632,0.0963444054953832,0.1030407600338512,0.0960919291970018,0.0990491744813366,0.1058269262548267,0.1026073188545533,0.0986311181148042,0.0983357695265502,0.0947725541371397,0.0589819703762346,0.0298359231058092,0.0212595355020043,0.0407354378989636,0.0368592451177857,0.0346298731542064,0.0,0.0407941836630024,0.0304320409765131,0.0369435800772222,0.057835711455048,0.0991482752315952,0.0852075307579022,0.048690097517642,0.056539436107878,0.0357406407592834,0.030788498061489,0.0976835287007862,0.0819869214313197,0.0874033665027745,0.0801757718101688,0.0729971359419223,0.0929128440609069,0.1022309799376502,0.0797620235529576,0.097649464274836,0.0899972771505389,0.0733843691792551,0.0908089648108877,0.101538406492309,0.0873911494523165,0.0991641286631283,0.0802119306000795,0.0753951179779512,0.099673680087703,0.1000351131012083,0.1134504844434711,0.1157135293825028,0.1166176935036562,0.1064605823766671,0.1234309079113936,0.1153237400034404,0.1247324668876679,0.1268728857906044,0.1156866312317026,0.1171298578136077,0.1001979495434692,0.1169642887410961,0.1047341428337089,0.1082982666825219,0.1257480395667047,0.1060054444679696,0.1135608968975,0.1331113605242727,0.1270324500547203,0.1369957970500553,0.1275569541622933,0.1660474677984826,0.1506679991959546,0.1461263183921441,0.1275123933862731,0.1393126643894189,0.1315493479306594,0.1545493594307387,0.1397489804816001,0.126761783705647,0.1101662467796065,0.1197537316489145,0.1165411909937803,0.1663148977359704,0.1477965737126058,0.1390040839422111,0.0905627169064942,0.0858624839850233,0.0994281726004472,0.1434379374710626,0.0810467036822601,0.1097120599609145,0.0823634603919961,0.0846160035085207,0.0793182931478689,0.1490622203410344,0.0720544769256313,0.1154083005847266,0.0771764879668528,0.0770526161590481,0.0866499198903974,0.1518574203378392,0.0786240128238256,0.1250578721068652
326780_17_consensus,0.1105969075492321,0.1059222417933705,0.1134614416276746,0.1099108883885535,0.1110666435161693,0.1126585406165787,0.1119026323110914,0.1121028321115364,0.1094079625023737,0.1124182463517784,0.1106347426263857,0.1075146523973239,0.1221156687019721,0.1184625576342706,0.1293136343326981,0.1059245619554283,0.1120837766565025,0.1124009139896792,0.099533625875922,0.0940044392862248,0.1022879585878458,0.0895487978662171,0.0943474557425533,0.1055806965025372,0.0997447661132565,0.093778425105858,0.1012767630915613,0.0878099445125087,0.0903837077708832,0.0953765560058296,0.0932367516229184,0.0873987026081725,0.0951218540120379,0.0884054321257829,0.0945702878822104,0.0951965824206592,0.1668335189465051,0.1238206108099878,0.1191138084237535,0.1348370579899181,0.1316710711617535,0.121701695153569,0.0835962945537043,0.088279037149243,0.1193192166739286,0.1161066936413477,0.1850701171213225,0.1371061043269763,0.111093037975366,0.1048305049763931,0.1202867238797927,0.113092335389217,0.1104686295379237,0.1139460871621748,0.1045958501248941,0.1042697231170265,0.1032813820721027,0.1178749811318539,0.1210558171481813,0.1206046956912827,0.1031341848569989,0.1021763648827411,0.112622027019969,0.0937028003559933,0.0577640455756379,0.0334789619819256,0.0244574967005096,0.0199548397544404,0.0262460595092938,0.0407941836630024,0.0,0.0193506276118379,0.0467569885687619,0.0812533613495437,0.1159432300905631,0.1174262822692494,0.0653747756203969,0.0800203043493457,0.0214104665537774,0.0219216825837728,0.1307649595625181,0.0705938933027337,0.0721379367003296,0.0703911066618494,0.0671139028317021,0.0754537892508302,0.0831647611565308,0.0711643416258478,0.0780654623523149,0.0753331346019877,0.0649466982339591,0.0709324250970322,0.0781551231769194,0.071694584116527,0.0777666162298588,0.066432225577812,0.068930692181223,0.0801976298674036,0.0804741271724264,0.1072568252460332,0.1280212561960043,0.1139469420444671,0.1097539813572299,0.1185531393134963,0.1107317662408411,0.1203029827918517,0.1251460110680138,0.1153108718220427,0.1081066388496611,0.0988702622169879,0.1218177144724337,0.1083304128939401,0.1146070804903102,0.1236935919998569,0.107500754147869,0.1223264384581177,0.1517989705967588,0.1126256539297739,0.1189674492338626,0.1107856597161646,0.141820841435964,0.1278490105840454,0.1254748065784832,0.1125894613500498,0.1199293686443971,0.1146989890077526,0.1313602272266115,0.1192809482861258,0.1104364437134572,0.1015707208758448,0.1057803458850739,0.1047044221515554,0.1422623664648623,0.1250188368611457,0.1189558440507367,0.080107199674541,0.0911157000186666,0.0846876295673295,0.1163684313767829,0.0830286395066024,0.1067774736088201,0.0765626936447365,0.0775788700515798,0.0728505624607386,0.1194543856964213,0.0825198425580717,0.0921268044941591,0.0750266376037932,0.0771261481389014,0.0761713162434449,0.122612112546256,0.0742892359300625,0.105074264383564
326780_18_consensus,0.1111695355091026,0.1044584406569061,0.1084879475214228,0.1102443676252915,0.1094018866810949,0.1104950889265925,0.1136841378602012,0.1130256569924439,0.1085896569672421,0.1140120449002911,0.1103626613496499,0.1079453606860132,0.1244531033895754,0.1173885884974857,0.1239690870926712,0.1046505728013869,0.1085883902862067,0.1086726524422484,0.0983258887842582,0.0950755658743549,0.1005527449780697,0.0949622405369159,0.0953722067185482,0.1060717056072887,0.098807198085397,0.0946407497515401,0.1004790180284974,0.0939475994202156,0.0923641692922475,0.0974756177264893,0.0933205158043492,0.0886409403618115,0.0943899649669091,0.0935873654298493,0.0953845175125788,0.0952656129787891,0.1718786253102653,0.126538817540063,0.1208228831790187,0.1393037206494299,0.1354638531567629,0.1244149033621901,0.0844193976084026,0.0848123240437498,0.1177041373125541,0.1095338401875394,0.1783000449291881,0.1290434423095464,0.10760834052358,0.1012576315686694,0.1145068776525006,0.1069880922769358,0.1060793562127687,0.1110891154390849,0.1010576025940329,0.102336416162735,0.0997715185350162,0.1118000816027151,0.1161399283873268,0.1154383073236705,0.0998237291776541,0.0991048924727472,0.1064005835476573,0.0835830486330219,0.0488424504832384,0.0253845212033743,0.0212582549933926,0.0192867294435778,0.0200383903972355,0.0304320409765131,0.0193506276118379,0.0,0.0369798110468687,0.0696293878663343,0.106478691447433,0.1051494122804285,0.0543913818449476,0.0684518436624105,0.0167151764746899,0.0178665713214145,0.1200786656625226,0.0754602349639288,0.0786749516133302,0.0750067859851279,0.0698041097585372,0.0826646638788716,0.0913710747489764,0.0752717597659191,0.0855177997022528,0.0812683128522039,0.0675951183763444,0.0784992393645388,0.0867722373977813,0.0774613597520639,0.085761440947392,0.0714697500225504,0.0717491671497878,0.0875130840039066,0.0887130873834213,0.1087856239489392,0.1245080424270204,0.1129616301050816,0.1061512418808545,0.1184636326752655,0.1105691175115445,0.1200621752234532,0.1235595132121125,0.1132202255119384,0.108017312364904,0.0953092926550532,0.1196745113007237,0.1064083436646389,0.1118929785966052,0.1233780119188144,0.1055155496246084,0.1191048586921786,0.1468432144893935,0.1182858034873936,0.1261801701207434,0.1173439222419533,0.1515606372942877,0.136877471499057,0.1337357917717175,0.118246098145628,0.1277053043019066,0.1213431225114244,0.1406702008853977,0.1276254988265699,0.1171789396149789,0.1055278152031083,0.1117257721966526,0.1101265690552497,0.1519907240624718,0.134071908216512,0.1269606011879205,0.0856301963436032,0.0919146000395354,0.0916718750570163,0.1275876370985072,0.08202385963211,0.1109357899469321,0.0799227677761502,0.0803606796518677,0.0751112209488206,0.1310224643651168,0.0796029957655948,0.1020136807155868,0.0766652648764903,0.0778210009897356,0.0806395235425501,0.1341176287818489,0.0764058904977445,0.1144868821029039
326780_1_consensus,0.114500585184334,0.1040927868746692,0.1023840427874192,0.1121159781104841,0.1079830227145331,0.1070573078117189,0.1183938068688063,0.1152821422654732,0.1072165271785763,0.1183636647844543,0.1112704938016065,0.1092200951541631,0.1297248918887332,0.1169430710292255,0.1155725429727142,0.1043989334007503,0.1031769114077117,0.1037665910890582,0.1007920971293001,0.1019936763382595,0.1010850479425279,0.1094954127493412,0.1023015595768331,0.1117014143469921,0.1007620267982107,0.1016522585310127,0.1032897773663012,0.1072306263550511,0.1010085757551508,0.1058200781012082,0.098208037316826,0.0962081654995414,0.0980007346979088,0.1079683569126833,0.1020808608702678,0.1003855483212133,0.1835627603205515,0.1296647387362438,0.1233069697844931,0.1482119347053687,0.1430282005854196,0.1299371702543981,0.0871913101480178,0.0793256190676302,0.1158152650690315,0.0961940340460691,0.1664250136812402,0.1121705829548843,0.1003279033791792,0.093775021505475,0.1036981317705526,0.0941155651177533,0.0979463507610545,0.1067016490652421,0.0939312110382249,0.0988276002034979,0.0940164440268575,0.100505245118888,0.1096295188795988,0.1065108836886295,0.093201832579717,0.0922002107576522,0.0941441210748024,0.0758181074034174,0.0504268631546276,0.0354686323501609,0.034718379706128,0.0363493278003352,0.0264045987263196,0.0369435800772222,0.0467569885687619,0.0369798110468687,0.0,0.0407795579893291,0.0894473418053728,0.0815082241658252,0.0240169876078464,0.0390681791020526,0.035331045700606,0.0382403006359636,0.1058828226949341,0.0975088578799117,0.1014356603218203,0.0956152064864405,0.0882355294266748,0.1063950064904393,0.1163718311576672,0.095767050412897,0.1091558634782401,0.1027932784111426,0.0841256679945416,0.1020307879900738,0.1110823851986401,0.0994682453637064,0.1098082130708761,0.0930896481347589,0.0902763623447368,0.1119466877727462,0.1136059067632108,0.112926010325242,0.1176003687640717,0.1088081771481975,0.0979683179625245,0.1162791044762196,0.1086040671917518,0.1194768674281891,0.1198418200565941,0.1073989595034172,0.1108450604191257,0.0949455432086931,0.1145633923612801,0.1028534994410735,0.1064428770249264,0.1200570894447181,0.099843820803154,0.1110141258378048,0.1387599828068202,0.1290791341660084,0.1401855229001115,0.1294876951960332,0.1704253323536077,0.1542864493887933,0.149480928408663,0.1288376344170121,0.1422313227448302,0.1333452708403884,0.1584902129284912,0.1443060336913248,0.1308775066705716,0.1135059110344276,0.1236226919681558,0.1205632901100924,0.1704527798858975,0.1516903552180802,0.1428611822040917,0.101313415007044,0.0983379219211304,0.1098423680988785,0.1523615362758422,0.0809370585829455,0.124975155176596,0.0907949331059008,0.0922414767522736,0.0822080725838876,0.1561290355048487,0.0784355493891477,0.1243249850650307,0.0839206381547736,0.0824848049665029,0.0923016970523896,0.1600073798448485,0.0828867327019955,0.1365631796836862
326780_2_consensus,0.1319402706022613,0.1178630992093578,0.1065119428410995,0.1301066217977018,0.1210379781651637,0.1164636989105579,0.1388056510670709,0.1337946278579936,0.1222890682102926,0.1383411853080318,0.1283720321093702,0.1271131247877899,0.149643705019289,0.1282125703649432,0.1115899566269889,0.1182304293877948,0.1096612844570389,0.1095443401672688,0.1169279496712998,0.1234549936544067,0.1158465101086308,0.1381103357298873,0.123349048484514,0.1295748510384292,0.1168547673473411,0.122850543544687,0.1202577330543493,0.1374247137855429,0.1246101917781381,0.1293272757952428,0.1184881255866659,0.1189636103985645,0.1164726284571268,0.1364826094179018,0.1230817809794142,0.1194174822333763,0.2081962690994148,0.1526593482158611,0.1446874689494028,0.1735541286565603,0.1674050506147844,0.1523600833043675,0.1089132157843239,0.0913928222916012,0.1268142923632085,0.0943082421455094,0.1542643262998808,0.0995960928603714,0.1084625561676224,0.1042618096389727,0.1031282032692456,0.0947976879925922,0.1054326870281091,0.1173693798959985,0.1037077999101964,0.1133917478668283,0.1048798556386041,0.1006824880414542,0.1135424811219497,0.1077059643576501,0.1046893320223241,0.1045386941787152,0.0946416290733492,0.0658494192248493,0.0619737321780509,0.0630999421565856,0.068682353403602,0.0711179213830709,0.0612440357393173,0.057835711455048,0.0812533613495437,0.0696293878663343,0.0407795579893291,0.0,0.073677837773718,0.0478373366442373,0.0233107629960497,0.0150635342696968,0.0691534123933863,0.0697404039274463,0.0827080641783862,0.1255680202865299,0.1312086974117381,0.122955572741571,0.1137959271368327,0.1366978494452632,0.1478173185577582,0.1224831791041189,0.1400413856878503,0.1321382471195275,0.1099430757738268,0.1332408104487938,0.1431499312340532,0.1285741801073985,0.1412535191432899,0.1217452556951199,0.1160644512730816,0.1425409810907543,0.1450182495237366,0.1308593716341887,0.12210039518062,0.1244393814298187,0.1066049305446456,0.1323722853854943,0.1260535470626412,0.1343385406127739,0.1309685541270743,0.1201658419300234,0.1315189978327197,0.1073623269210772,0.1241509905808712,0.1151334182120829,0.11656596648799,0.1349873646314638,0.1133032086661154,0.1178066190174634,0.1347780930418582,0.1570813718040107,0.1705474408297133,0.1589057780820107,0.2035917575448569,0.1867097735540482,0.1810192585189104,0.1570992467917382,0.1731370832301481,0.1629993235881694,0.1910765206945637,0.1757976219363013,0.160485929099277,0.1390128762747086,0.1522116191327754,0.1482822888320088,0.2034760363764915,0.1841657662456725,0.1742310984530317,0.1286652714412948,0.1137419549022372,0.1387810597669002,0.1867640449200504,0.0958434011314946,0.1464134044301619,0.115005390561151,0.1168232408369562,0.1064075055923342,0.1911752165960486,0.0893392085046416,0.1576067409303403,0.1063950020691055,0.1027642592479151,0.1194498659152967,0.1948512840501473,0.1054380477436508,0.1678912506288116
326780_3_consensus,0.1478954785368638,0.1337518356061994,0.1232110565054353,0.1444307827948734,0.1367237072161674,0.1365858344830295,0.1526105559029002,0.1471002477329234,0.1371523341844726,0.1508984167137757,0.1424243514907248,0.1434028837111798,0.1634190883424289,0.1460255261797234,0.1299250173534781,0.1355094585236361,0.1282180665821184,0.126545522138137,0.1445523602828776,0.148840849810541,0.143298211658269,0.1595537928340114,0.1477385575518023,0.1558588251360106,0.1441806908776012,0.14571460362012,0.1448302209206619,0.1607308031533391,0.1484827439042085,0.1531015253688315,0.1430609943270982,0.1415814914983793,0.1393673444878589,0.1576112713506653,0.1463812753028868,0.1455862911921433,0.2269765695325835,0.1753940336309678,0.1667250533364969,0.1922837138432639,0.187540771158313,0.171656310636883,0.1324854649002817,0.1152972122459588,0.143156024313772,0.1273658068786916,0.1837219048579123,0.1324314297185185,0.1404643221525861,0.1355410626261264,0.1360751463181291,0.1265595386703677,0.1320544232706569,0.1413740017335965,0.1343278164162941,0.1405329760700034,0.1336156454456456,0.1352287165196762,0.1394580470589992,0.138763994005305,0.132826421679842,0.1339400646154749,0.1294200000241886,0.10265604943698,0.1027404417962978,0.1023750028217253,0.1042390042630656,0.1084262901421863,0.1021114085090573,0.0991482752315952,0.1159432300905631,0.106478691447433,0.0894473418053728,0.073677837773718,0.0,0.0820670946604816,0.0800461255511026,0.0766534202438718,0.1044360538354118,0.1047201959299722,0.1033645590887014,0.1503859238445239,0.1553465230602366,0.1493277493532228,0.1410702138262502,0.1596827080544952,0.1713135473523533,0.1475865371084381,0.1618459615940791,0.1561950467482771,0.1354716041569473,0.1564824561295866,0.1644291980609189,0.1502404987782102,0.1621836953962567,0.1466254668718762,0.1418900917462009,0.162747479917148,0.1672884708147942,0.1393415889775622,0.1484463052067838,0.1448161822496487,0.1211725031942478,0.1479114919310128,0.1470860540027425,0.1462827537701435,0.1413230090815066,0.1382750167322081,0.1413641574906743,0.1160629897883984,0.1422028954921746,0.1342517362143516,0.1381668321198062,0.1546064119952999,0.1362254267338172,0.1394683989765807,0.15378140630336,0.1783331363034153,0.1908041983159914,0.1799379289128735,0.2210625553869386,0.205037662773961,0.2000404379527046,0.1782797270929532,0.1928508575508258,0.1839369549710816,0.2085479579373834,0.1946145339889456,0.1805523463233254,0.1632905110845125,0.1742918935570983,0.1723508861696876,0.2209099575275835,0.2022777830562015,0.1933712403651735,0.1589190637991505,0.1391547642504981,0.1664113617753503,0.2083267554284115,0.1216151934601258,0.1732992751281477,0.1464872564733431,0.1430228888016514,0.1358560818799937,0.2115215678237894,0.1190394243837523,0.1827528232439579,0.1386928810604814,0.1335808371495967,0.1498791807318565,0.2145699146866335,0.1377510712509023,0.1923211720240358
326780_4_consensus,0.1536909781066172,0.1386006811237564,0.1169721937010266,0.1545645835683971,0.1400956968718764,0.1322037479020124,0.1641804902521664,0.1576341302368194,0.1447843764560704,0.1639784358747236,0.1517196845303235,0.1519930895323158,0.1726914043446099,0.1428903936598866,0.1126272124029512,0.1375168370547474,0.122914481533938,0.1217610494162842,0.1387845698794706,0.1496318256393699,0.1375683423193714,0.1701580514343856,0.1494658626578029,0.1509639124087873,0.1395214759395123,0.1505831325180653,0.144403434500532,0.1713117946220763,0.1535364860172592,0.1576748177838409,0.1447317043071639,0.1479197357112353,0.142254255584752,0.1690268081112805,0.1497155233289875,0.1435831499864666,0.2316698344627878,0.1799166982080948,0.1701217096245482,0.2008102716150649,0.194171873574086,0.1795662496215935,0.1438751554948502,0.1235208511097599,0.1550895114643205,0.1024039853723267,0.1381548096336823,0.0938963226686732,0.1233983064033316,0.1242310067837928,0.10898431117737,0.106431636895172,0.1232253901385625,0.1375020734496142,0.1228947563803022,0.1372040606038571,0.1249822778135775,0.1087681026947164,0.1227003489719853,0.1145973899663057,0.1263731216003199,0.1276671208708334,0.1050855465382859,0.0610034245706627,0.0808709209129975,0.0939862432944927,0.1069893116079933,0.108263903224706,0.100180523214327,0.0852075307579022,0.1174262822692494,0.1051494122804285,0.0815082241658252,0.0478373366442373,0.0820670946604816,0.0,0.0658837584724438,0.049846717318324,0.105907990794569,0.105028725333247,0.0600737448230678,0.1529114590134497,0.1598799381437488,0.1497281944652141,0.1398703581197362,0.1660962094289638,0.1773573255972317,0.148536326587857,0.1705113488418111,0.1610550726472794,0.1379498085683362,0.1641998251728763,0.1753285396843165,0.1579014806732951,0.1724898933775698,0.1507550409504779,0.1425524247188503,0.1728971991570308,0.1748875365537468,0.1582791992055777,0.1351554080111915,0.1530507076113612,0.1321886021726639,0.1615073927389408,0.1555119222815705,0.1623840616756987,0.157889034695138,0.1473416349024022,0.1609273413337976,0.1349882310188901,0.1451152159195856,0.1382744282754335,0.1375882969300215,0.1615478385231306,0.1393730236892863,0.1361501728163525,0.1353917059903296,0.1861178334478151,0.2005253408782426,0.1889207082735648,0.2350680577725804,0.2180768016951892,0.2119491043016505,0.186625111151583,0.2036599612789929,0.1929802047524116,0.2221523714447872,0.2059815779423725,0.1895255286305995,0.1655639283316965,0.1803409262783855,0.1756867274688211,0.2349305934729889,0.2155179814145729,0.2048142545866382,0.1560471878466422,0.1312939797826649,0.1675421368467454,0.2194868103456996,0.1210329391073805,0.1665077839902874,0.1417780597512067,0.1441299828087296,0.1357176498637483,0.2256026698690115,0.1100183785049589,0.1898255116992832,0.1325906799131114,0.1282777977891586,0.1491863011817532,0.2286683735248096,0.1331068551804053,0.1975883205787645
326780_5_consensus,0.1235779664234089,0.1110972405721915,0.1051492844983212,0.1207001268811123,0.1148647256205804,0.1123543810881708,0.1281831946484178,0.1244937546107496,0.1142973625514341,0.127861280521276,0.1195122715750066,0.1180310640571559,0.1397772217334415,0.1234477719201781,0.1148288036298435,0.1115461372397843,0.1066275121087383,0.1071735669883214,0.1099230860484824,0.113871490821805,0.1093342898890505,0.1247392245912397,0.1138789938567949,0.1222382011941621,0.1097252329518504,0.1130301067991837,0.1123889439558135,0.123065704961863,0.1135766384292879,0.1185548391834785,0.1090543409994791,0.1082182776183672,0.1078546276282696,0.1230285995055585,0.1135534346521081,0.1111373140906758,0.196125605626197,0.1405482457423908,0.1335549804392287,0.1605794826520856,0.1550003179950936,0.1408343794798026,0.0953119597467499,0.0815518025684621,0.1191178581903359,0.0949736636290692,0.1621302444751758,0.1063361685433271,0.1043530929743844,0.0978552288751779,0.1035418676041172,0.0938486169774723,0.1009480122719752,0.1112691089219902,0.097840268620099,0.1047595790859818,0.0984546777117791,0.1004742567254473,0.1116219528266105,0.1072588304160118,0.0972831367580401,0.0966334318135897,0.0939159292364473,0.0724876053098817,0.0574648684232275,0.0502012874157921,0.0514229368456653,0.0548032377716066,0.0444501508566995,0.048690097517642,0.0653747756203969,0.0543913818449476,0.0240169876078464,0.0233107629960497,0.0800461255511026,0.0658837584724438,0.0,0.0222165061830152,0.0529089639482661,0.055349050919199,0.0954748166946833,0.1131523425666774,0.1180535193239439,0.1110792516510556,0.1024638578107135,0.1230961242422118,0.1336914822351577,0.1106311517379674,0.1256766371093339,0.1187997157155686,0.0980857979380473,0.1188653171144046,0.128249622889312,0.115229207433451,0.1267531095614158,0.1086538488156734,0.104535117297919,0.1286000083066908,0.1310215756785026,0.1217031223693936,0.1198307187744244,0.1149079591173449,0.1004081177015983,0.1229272315123893,0.1156913100039898,0.1256841169418088,0.1238339313194234,0.1119171449093558,0.1201261660886165,0.098469268705802,0.1189722016432835,0.1084855457518097,0.1108568839741649,0.126485478995913,0.1051476321346148,0.1137523635219113,0.1377248394409607,0.1434122429512315,0.1558266316333615,0.1444462403001128,0.1876500831219063,0.1709833142213739,0.16566762352059,0.1431064974861986,0.1581173212621838,0.1483795386427773,0.1754274234498666,0.1606321272872096,0.1462777042770522,0.1267228265399318,0.1384830019568068,0.1350414798661669,0.1875906169849699,0.1685175804337774,0.159090967593579,0.1163546252593138,0.107855806364869,0.1256611812612063,0.1708059427175243,0.08778658173019,0.1376348627047057,0.1039416786498362,0.1055258504085791,0.0948174408329742,0.1745734852398318,0.0837868655622678,0.1423334674213525,0.0959045958024385,0.0936101857821228,0.1070203207248934,0.1784087342018843,0.0946554253815523,0.1539691140802192
326780_6_consensus,0.130699752358875,0.116622294061678,0.1055013599043722,0.1281989895365567,0.1192503913408157,0.115610986030154,0.1369091394671948,0.1314307087391944,0.1195303953447947,0.1362449026265791,0.1259220376073454,0.1250137604681824,0.148328874636567,0.1275947774223014,0.1126351365235587,0.1170862722689852,0.1088492320814123,0.109373552998195,0.1142136974518958,0.1207532746327261,0.1128575544615091,0.1358964148826579,0.1208158254835312,0.1274557786861601,0.1140525017540987,0.120052616478632,0.1171978820968114,0.1354802160957361,0.1220348012965129,0.126570571082094,0.1156156251151918,0.1164268823747484,0.1136342027665377,0.1344246285746235,0.1205242831819454,0.1168601729422275,0.2055226017663314,0.1497803328389576,0.141581209722784,0.1711360970205399,0.164504093842924,0.1500029284482885,0.1079560186766826,0.0907073899019555,0.1279151700836584,0.0919076554507025,0.1549988593897577,0.0981824508950578,0.1064010031624863,0.1012386708097256,0.1011649414800346,0.0916994385439842,0.1018652828008128,0.1139521936208914,0.101429549734326,0.1106135224824462,0.1018035658505507,0.0987284556589987,0.1108050188772953,0.1053393564693189,0.1015538630522014,0.1016236756495762,0.0924182061105465,0.0665710999338674,0.0625243683640781,0.0605380382108073,0.0678757997730119,0.0701916448211241,0.0599368507350578,0.056539436107878,0.0800203043493457,0.0684518436624105,0.0390681791020526,0.0150635342696968,0.0766534202438718,0.049846717318324,0.0222165061830152,0.0,0.068210798857665,0.0690281883019642,0.0857949729897862,0.1233183788780119,0.1290681783070082,0.1209012237756309,0.1113569792629149,0.1344134431845883,0.145765117376668,0.120020956781886,0.1374778891136934,0.1295102759389836,0.1073639741942464,0.1311090193357053,0.1411713427804743,0.1261383087536695,0.1390852926102857,0.1195511418626821,0.1137801968939692,0.140384706589759,0.1429567562424475,0.13208724839169,0.12297824350183,0.1228600775783602,0.1064999715551769,0.132037098705145,0.1245768582577539,0.1343721335993128,0.13118837442677,0.1189848002289224,0.131240409887588,0.108086808651806,0.1244396241555674,0.1155192176108199,0.1163552109297486,0.1339878202448912,0.1127080492295558,0.118370300133213,0.1375918206333982,0.1533858178058642,0.1672541757555935,0.1554115070114355,0.2011735684732325,0.1839484458012798,0.1778706590094972,0.1534787761647517,0.1698289654970079,0.1593404867121265,0.1886161275222047,0.1731964996281779,0.1572259223031821,0.1354863732406992,0.1489227496425939,0.1448576587924206,0.2010399628130164,0.181501943373274,0.1712213451571479,0.1277219801651815,0.1138184441722574,0.1375060349850476,0.1856067920189146,0.0949421076381231,0.1466988322055414,0.1136484857337738,0.1148003885403925,0.1044331258016614,0.18992139879075,0.0890422196902125,0.156085048776902,0.1047219288957703,0.1010728260748193,0.1179378650380077,0.1936495382069898,0.1039532600462557,0.1671024879301677
326780_7_consensus,0.1129721098536566,0.1069947531798223,0.1121599833931653,0.1113615302954534,0.112375317731117,0.1138248340535755,0.1142923378191879,0.1148207956181394,0.1106722285407179,0.1146111272698391,0.1118820488757539,0.109225341533172,0.1258334604344181,0.1207371005557587,0.1281945860342294,0.106701584513729,0.1116081842091682,0.1119295817506911,0.1035304271645579,0.0996594459664148,0.1055761165249509,0.097398206247487,0.0999102209397428,0.1117617067904944,0.1040743628892699,0.0989006354473602,0.1053477988193203,0.0951774775707323,0.0960018236272622,0.1016298284449285,0.0974270192416295,0.092092363167789,0.0985229506655742,0.095873772386875,0.0995981669823655,0.1000914211124008,0.1719440254789224,0.1260112880121818,0.1206816095168669,0.1390246455859151,0.1357470892320956,0.1247189500013798,0.0822137407219643,0.0834646265215595,0.1161529949161091,0.1132050693580464,0.1822888957728612,0.1331560474705136,0.1106992812914307,0.1034812273280402,0.1186392516374074,0.1103979083764954,0.1092104469776407,0.1147292010856907,0.1029673794961547,0.1038978828925369,0.1023421813603725,0.1156062788557183,0.1206983946217742,0.1199716305040419,0.1008864439245091,0.100046705252575,0.109886208607192,0.088136233637844,0.0530989184963871,0.0303140360278805,0.013814732340717,0.0174804998409988,0.0187789516608929,0.0357406407592834,0.0214104665537774,0.0167151764746899,0.035331045700606,0.0691534123933863,0.1044360538354118,0.105907990794569,0.0529089639482661,0.068210798857665,0.0,0.0214345477723583,0.122462220132347,0.0796914387161847,0.0821207215555191,0.0797182661467021,0.0748400443049481,0.0860682003777799,0.0947554713412461,0.0797405789561944,0.0881743361156807,0.0853459069274978,0.0709190118150741,0.08087380408651,0.0881585231541544,0.0800445322074085,0.0874164544737294,0.0748850229382664,0.0766114584192224,0.0903570176434522,0.0917964555048161,0.1091587159833195,0.1275115144886049,0.1145894016570246,0.1067245640120826,0.119092607853815,0.1120302418984309,0.121119328729661,0.1244927496519121,0.1143325228688356,0.1063308057910756,0.0927106062382748,0.1219798948687235,0.1078509294137251,0.1139947483014057,0.1255586762432916,0.1067399958081437,0.1210294235604853,0.1495242626118197,0.1194454976111975,0.1270843707945024,0.1179544876048997,0.15114944414113,0.1365866221917891,0.1341576330686132,0.1191686905712123,0.128083797443139,0.12178701633697,0.1398651463830432,0.1274464497701264,0.1178180853439912,0.1074813541473479,0.1125790694741193,0.1116945018690193,0.1515111092472911,0.1337412595907107,0.1272258910811316,0.088777036586316,0.0950935354172125,0.0945521688580483,0.1278576136708406,0.0837131778444781,0.1143194913291949,0.0831373322436467,0.0836862821673512,0.0779897867810587,0.1308831152749196,0.0825519928674338,0.1038294881900182,0.07970958303675,0.0817255121395155,0.0836601907086442,0.1340914434664251,0.0788828769422832,0.1169948198383108
326780_8_consensus,0.1094707453678768,0.1020864083731726,0.105354034872517,0.1090355975437146,0.1068568022919256,0.1075169085078896,0.1127372358204858,0.111506342059029,0.1070141001140307,0.1130621106763098,0.1090203204449104,0.1067537290885942,0.1228722929399323,0.1147350062073765,0.1204834557551541,0.1026589379076127,0.1053824942841396,0.1055382938324365,0.0950372379431319,0.0923961518903062,0.0973921312239488,0.09305703644553,0.0924292007035015,0.1020525813924224,0.0957255680765581,0.0923473351480683,0.0972649233717135,0.0922343581740293,0.0899700094765157,0.0947017216158774,0.0905750198278674,0.0864283955924205,0.0920332339496315,0.0914744583466118,0.092478389159381,0.0922649913993217,0.1741142160311168,0.1266354355467519,0.1210614425769565,0.139845486006299,0.1358193102993924,0.1244503786608818,0.0827598657489267,0.0824007440243659,0.1184703969823563,0.1093764684559362,0.1771809240345074,0.1285669345789015,0.1072264219694781,0.1021093541283914,0.1139194361922049,0.1071516173331706,0.1065849193314328,0.1115356690438942,0.101557920919997,0.1027575476549566,0.1000509495519397,0.1112112004811951,0.1154392592812894,0.1146528957553026,0.101573514188914,0.1005005068470471,0.1063432085870652,0.0810915525131736,0.0475315670918692,0.0247358478431101,0.0262478627088623,0.0227402732032981,0.0242121289505056,0.030788498061489,0.0219216825837728,0.0178665713214145,0.0382403006359636,0.0697404039274463,0.1047201959299722,0.105028725333247,0.055349050919199,0.0690281883019642,0.0214345477723583,0.0,0.1173642651122901,0.0757866617152449,0.0793966667398686,0.0751172046678109,0.070284293428332,0.0829270024194562,0.0916826626323275,0.0754550886738729,0.0865562059643657,0.0817582517040884,0.0688526615241775,0.0795770335874622,0.0881868525318713,0.078594948475574,0.0870603712883925,0.0726112373497437,0.0716528580948771,0.0879996882945718,0.0892167407992823,0.1037416517278043,0.120953438122276,0.1100313032086664,0.1022006348574584,0.1139180647693439,0.1075282234312505,0.1150623613457172,0.1186029990000204,0.1094481081948264,0.1073564866341071,0.0941385529669896,0.1149436450273081,0.1020703318040105,0.1079302000389332,0.1194861581592202,0.1022622269744305,0.1146205207835328,0.1427373030937204,0.1177661256144392,0.1259981968601671,0.1171229331408039,0.151869889820415,0.1371060913736581,0.1334184762593973,0.1179002246674428,0.1275600180847788,0.1212010465051423,0.1409597404178555,0.1276144474329699,0.1168646084999581,0.104690434233444,0.1114043337624526,0.109385683248739,0.1522755071038001,0.1341741526207248,0.1268823656557909,0.0854921618881149,0.0911925942779585,0.0917948868519104,0.1283483918080984,0.0822650071013762,0.1097311776220312,0.0798977472455362,0.0810901847203963,0.0755041069138109,0.1318044123244383,0.0791957736652532,0.10230169823222,0.0766969789185356,0.0783128133377991,0.0810596981991764,0.1348989278202118,0.0770329496644529,0.1139627942772688
326780_9_consensus,0.1600535707107925,0.1454417954773974,0.120933876093428,0.1649024460846317,0.1478829747405385,0.1342407865831557,0.1741031435424871,0.1674785149609727,0.1570257216054433,0.1749319079457712,0.1638458797504202,0.1636445060272828,0.1764621540853366,0.1423363187518971,0.1052173100117153,0.1435309379747896,0.1257279878046378,0.1223373113116391,0.1438390579090009,0.1566624981501083,0.1449603689707746,0.17774984843058,0.1561430960236955,0.1518444407180017,0.1469089880448083,0.1607338403033325,0.1526118971905384,0.1792169933447464,0.1617949560215909,0.165255351215675,0.1536734023898627,0.1578627781284514,0.1530948386119171,0.1767077594064831,0.1578391574057107,0.1484360202874533,0.2438893083412319,0.1920133669565584,0.1827962475191373,0.2110312899311881,0.2046853115919082,0.1901991206524284,0.1575239984012499,0.1403452330178502,0.1718136688990763,0.1152943703032212,0.1235115160346596,0.103679343512134,0.1309762232586015,0.1386722166301353,0.1159265487714043,0.1216839464859455,0.1399868403799569,0.1530151766726689,0.1343743339828078,0.1514902843972387,0.1389766140581117,0.1162965121917675,0.1316889172975232,0.1202577613894953,0.143652236605992,0.1436339421905888,0.1162716582740106,0.0545932701801403,0.0831924910991401,0.1074300165962351,0.1244631834037151,0.1231738357736589,0.1193772592359629,0.0976835287007862,0.1307649595625181,0.1200786656625226,0.1058828226949341,0.0827080641783862,0.1033645590887014,0.0600737448230678,0.0954748166946833,0.0857949729897862,0.122462220132347,0.1173642651122901,0.0,0.1587255644575654,0.1655357035833491,0.15497943995209,0.1464231601569976,0.1721111448081507,0.1809847584404197,0.1542607254765301,0.1786618090195944,0.1681591080933143,0.1491414906220013,0.1719456138355921,0.1834205839281288,0.1666737429899401,0.1804750263730445,0.1590242740280542,0.1492757952230602,0.179717847807837,0.1797419309474605,0.1553385962567354,0.1273069789497974,0.1609605018105318,0.1405708659771537,0.1663911433630924,0.1621323557277116,0.1663026505532634,0.1628590783140077,0.1549583425821347,0.1716481678211998,0.1440425220602653,0.1447607165308934,0.1377033262774151,0.1375173191326389,0.1658483176330859,0.1435416665761839,0.1335217066111608,0.1168336212699951,0.1945926426726275,0.2077240955975025,0.1972172467320982,0.2398271567013628,0.2239599158163735,0.2183050079988474,0.1954386652125311,0.211069126161236,0.201469790643836,0.2275390110101277,0.2115475549050436,0.1961611483644266,0.1724625261315502,0.1872536810468597,0.1821118774275801,0.2398066183984022,0.2214291001269945,0.2113929554566855,0.1581053593375511,0.1294961640850881,0.1697055575591952,0.222111178034064,0.1308468306962599,0.1592683389338189,0.1475180253139641,0.1518656252723675,0.1466749241331366,0.2301882996223256,0.115277373361726,0.1940687805190093,0.1400387487087191,0.1373149893239625,0.156004884202998,0.2326228838606368,0.1409213121778915,0.1969075795011308
326797_10_consensus,0.1149084345927199,0.114453220022018,0.1230683651668168,0.1174296506344806,0.1180056322467373,0.1205420818436114,0.1184115558083768,0.1184083812074916,0.11672965085816,0.1173993367419133,0.1165548235315356,0.1157165395801795,0.1244076234648917,0.1242335832412508,0.1413673112986629,0.1142274893805121,0.1217194085169658,0.1231156246792412,0.0793504698234837,0.0698948118170401,0.085183070284841,0.0633088300563118,0.0702185816841619,0.0811815245280181,0.0811102540791906,0.0713715701527925,0.0824574766046609,0.069139549935057,0.0670905743056654,0.0704354037066308,0.0723878223934735,0.0674634454985604,0.0773722980943296,0.063160253099832,0.0706954771044028,0.0724317096166098,0.1569687094245174,0.1196798889817106,0.1166677397888228,0.127922692884077,0.1229316279797903,0.1161412383498141,0.1077450774236088,0.1167636476941033,0.1429452547047553,0.1223564332219601,0.1895875631039862,0.1450176646879432,0.1142459145242675,0.1092163027574228,0.1233533132492961,0.1187430335111636,0.1125207310893798,0.1132140997023548,0.1097803902284337,0.1077711743853739,0.1050302584939088,0.1226275260945555,0.1199248616241734,0.1229650007788507,0.1098495774809157,0.1091645026315077,0.1192484470986194,0.1211562812837189,0.093486028116536,0.0767294630523854,0.0838367560224167,0.0794121022008062,0.0837752189972196,0.0819869214313197,0.0705938933027337,0.0754602349639288,0.0975088578799117,0.1255680202865299,0.1503859238445239,0.1529114590134497,0.1131523425666774,0.1233183788780119,0.0796914387161847,0.0757866617152449,0.1587255644575654,0.0,0.0190252141722156,0.0174445480281851,0.0221700774669041,0.0216432397546967,0.0322184271989451,0.01732516770181,0.0287175112022964,0.020573999035187,0.0274723567166381,0.0262244231818547,0.0377622329377451,0.0230674105083531,0.0337679064318508,0.0188787190205369,0.0208026226848952,0.029820794752488,0.0300727466072092,0.1117749406546618,0.129557051049203,0.1138001327976472,0.1164299506700205,0.118713201157423,0.1094393199915172,0.1198730473766488,0.1277944359171679,0.1184788337830658,0.1167570077608277,0.1213398444454549,0.1204648614749756,0.1092974867711099,0.1135748624623139,0.1205730265450382,0.1106914113043594,0.1251335441505489,0.1569142955325964,0.0898361162823164,0.0931794813816525,0.0885747916374447,0.1171934015791779,0.1036660053972321,0.0998657413633296,0.0906903734831048,0.0948185026739378,0.0915305071344678,0.1079558185007076,0.0951867202017563,0.0843901307804743,0.0810549396021457,0.081665206351176,0.0822141556183492,0.1178452524793606,0.1011828189607551,0.0939749665893212,0.0690616156839886,0.09429199317155,0.0703164971037122,0.0962922297515974,0.0941121429538165,0.0980069318349935,0.0712260387881475,0.0721893279280126,0.0725975834626903,0.1006067475959242,0.0931310418953138,0.0719911055117783,0.0724536368840933,0.0753407758368591,0.0703610792726583,0.1032997906338921,0.0761765005249709,0.0838243467168281
326797_11_consensus,0.1185562655246526,0.1196074602263277,0.1301662194067204,0.1212177956061031,0.123164552287653,0.1257780166302957,0.121465539461861,0.1218455188382862,0.1212177115930934,0.1207291854042276,0.1209597821157211,0.1195247629652702,0.1268727101145615,0.1289216114763535,0.1478055996351709,0.1188056444218857,0.1278637649118763,0.1290462615142741,0.0846948412913601,0.0730375619466203,0.0904636720936377,0.0610262427942041,0.0735633795802518,0.085218571428313,0.0861871104900817,0.0748270658168872,0.0874670571002462,0.0651571274903629,0.0693276230965362,0.0723950529950978,0.0763505647649968,0.0699107573923663,0.0813032424125474,0.0613114910471723,0.0744305942269419,0.0764065852311753,0.1563879732143802,0.1210782144575086,0.1190040392358731,0.1284505048238467,0.1240934987933909,0.1180878495603487,0.1092562242764271,0.1208432843984169,0.14403329036841,0.1289751980335107,0.1949829780493793,0.1517974021646034,0.118870519958283,0.1142593610089673,0.1299209902025948,0.1251281324516647,0.1185145292629644,0.118459859154457,0.1146943173688114,0.112027144734583,0.1103932417327468,0.1291240779977223,0.126434390320609,0.1293726685814742,0.1141896963223722,0.1132615102753079,0.1254165165583504,0.128799655684583,0.0988374164230765,0.0819923813410618,0.0854543902737185,0.080794642987144,0.0863350989089436,0.0874033665027745,0.0721379367003296,0.0786749516133302,0.1014356603218203,0.1312086974117381,0.1553465230602366,0.1598799381437488,0.1180535193239439,0.1290681783070082,0.0821207215555191,0.0793966667398686,0.1655357035833491,0.0190252141722156,0.0,0.0219186473197905,0.0301370879778853,0.01719085509473,0.0254222892562175,0.0234745724465572,0.0238552071998507,0.0202446204163384,0.0319617484623251,0.0186434259298649,0.0287114769961191,0.0210162086418208,0.0255138470013587,0.019967623583922,0.0290425705421133,0.0248534091113481,0.0213550757658803,0.1111586164961613,0.1330667723348847,0.1160193845901002,0.1197806511618362,0.1203006393058397,0.1116824878498725,0.1218861321814886,0.1302033302156154,0.1216175649026718,0.116463911825326,0.1232583001198993,0.1235987953416405,0.1118042696775133,0.1168995491127748,0.1227572809095368,0.1132272405930598,0.1285349380594603,0.1607594900505187,0.0883179628531338,0.089965079353128,0.0859592336221768,0.1109219057621468,0.0983002471735676,0.0955442799554188,0.0890755168880569,0.0907480629820935,0.0886540105584925,0.1019212020157397,0.090540448875348,0.0814520629203551,0.0814468782440341,0.0795581793572636,0.0810480381397493,0.1116536366722408,0.0956395705448582,0.0896827375944196,0.0658906987719891,0.0935029237404753,0.0645751913790014,0.0861557618693493,0.0949004538473056,0.095163937810642,0.0694989650481311,0.070358515376475,0.0716196535787069,0.0906852153291044,0.0952394697396484,0.0633653714306803,0.0723003626894375,0.0752241463347194,0.0671480360776472,0.0935973831762344,0.0753023918921182,0.0761721735584645
326797_12_consensus,0.1137833787692029,0.1129227252830206,0.1204952540886896,0.1171402830410091,0.1159010160195691,0.1173659539280001,0.1187558203668306,0.117693754901018,0.1157738808947053,0.118297377519193,0.1163122348907405,0.1155027030737188,0.123632879904872,0.1209599850472307,0.1369253404865261,0.112428352626077,0.1190038154030809,0.1201366839323601,0.0763753074099806,0.0680192138265516,0.0823682468876044,0.0645178691012787,0.0683710850077028,0.077511597458436,0.0780738210916625,0.0708904115778139,0.0805561408168485,0.0694186247250682,0.0667830559865682,0.0695074112682775,0.0710754309468068,0.0670109900631495,0.0760017592083283,0.0645027327255264,0.0696585080345558,0.0698858326433202,0.1581884363685002,0.1191724832613354,0.1159729967872073,0.128637031297413,0.1234518747449793,0.1162219576742167,0.1083314298465882,0.1168765304667867,0.1434443030058938,0.1180281926800104,0.1835667888639263,0.1397129962684923,0.1097594223888886,0.1062386300099852,0.1181396956272257,0.1148169434755174,0.1098265366291987,0.1108370824045679,0.1069231682985822,0.1060070323409615,0.1024179189582382,0.1181093148421156,0.1160832652717573,0.1182546906663015,0.1077599203422869,0.106904277185152,0.1148080999307793,0.1176523115951267,0.0904473291133837,0.0751673345398708,0.0835675868007643,0.0785508920426813,0.0825542607083323,0.0801757718101688,0.0703911066618494,0.0750067859851279,0.0956152064864405,0.122955572741571,0.1493277493532228,0.1497281944652141,0.1110792516510556,0.1209012237756309,0.0797182661467021,0.0751172046678109,0.15497943995209,0.0174445480281851,0.0219186473197905,0.0,0.0198801020886963,0.0262959146947997,0.0355682792491725,0.0174644501804935,0.0344738956031414,0.0236114078518848,0.0276031512342805,0.0302827944396093,0.0425095418594187,0.0287363268545996,0.0392032660736132,0.0209244144873526,0.0207157392021885,0.0353904795725943,0.033883261349125,0.1099926975295562,0.1245804526763489,0.1118114885670254,0.1148855512348462,0.1175343419257116,0.1078289718185195,0.1192078497482998,0.1268579517726803,0.1169914610482897,0.1165308506768911,0.1200820558800864,0.1174679960157184,0.1063373259906235,0.110012514662176,0.1182410340662257,0.1079418703555189,0.1212478597853655,0.1516381493444259,0.0902158807924117,0.0942918365455557,0.0892732942969067,0.1193259823294961,0.1056747836080827,0.1014191537048294,0.0911219324913136,0.0961102664264614,0.0922626960066471,0.1100680683174946,0.0967943400524176,0.0853676541484523,0.0794047240668081,0.0813653490363241,0.081183801933646,0.1199318298424779,0.1032125154650337,0.0955411171147369,0.0651427792537024,0.0885352610654648,0.0674173798228644,0.0979068115757131,0.0901583715851926,0.0933573773156862,0.0668602473588805,0.0688452034322438,0.0683583632483271,0.1033186643201659,0.0883619539979277,0.0719579098507287,0.0682647651890268,0.0699741926368982,0.0666130514398096,0.1061113015437795,0.0718130244738389,0.0825400342141376
326797_13_consensus,0.1112720620740585,0.108569991594498,0.1137903008770164,0.1138713240369676,0.1113285192077741,0.1131153495321076,0.1166502201566078,0.1147188128907114,0.1109412793938798,0.1155756261019469,0.1122362909344536,0.1118518065432258,0.1229403571921796,0.1175659271732557,0.1306587631754992,0.1086054627116995,0.1131885751661151,0.1147519487673933,0.0701333608614668,0.0640996948668772,0.075318984069063,0.0657528121823256,0.0644135308868201,0.0742139404734166,0.0717794267035554,0.0662822118149983,0.0743757986374512,0.0714736014993145,0.0633171751557774,0.0668879930236471,0.065680767868941,0.0629309118981039,0.0700916731882514,0.0656787104046463,0.0653891079017621,0.0649882389253239,0.1598788912371475,0.1183592763435001,0.1139143454130245,0.1295774404837865,0.1236463627779459,0.1149755050050255,0.1037909648782002,0.1097352619430756,0.1385453550673067,0.1090217798297864,0.1772985984218847,0.1304547848593754,0.1033730360200376,0.0989587634146374,0.1104965830947046,0.1059592710871458,0.101740448501531,0.1036715115486344,0.0998427571013846,0.0999763612587841,0.0949866710237428,0.1098655236415273,0.1083602724582681,0.1106107573426244,0.1005681607815049,0.0999629240292511,0.1063710904748919,0.1092750207315702,0.0839499231937575,0.068564676293413,0.0789620941533066,0.0746138105871069,0.0772004278396661,0.0729971359419223,0.0671139028317021,0.0698041097585372,0.0882355294266748,0.1137959271368327,0.1410702138262502,0.1398703581197362,0.1024638578107135,0.1113569792629149,0.0748400443049481,0.070284293428332,0.1464231601569976,0.0221700774669041,0.0301370879778853,0.0198801020886963,0.0,0.0351878167585842,0.0465849563059958,0.0194636028881592,0.0413130285902208,0.0290812732624983,0.0228329729837011,0.0376444242253317,0.0508289570307112,0.0328423212581644,0.0469105497850259,0.0250851889890894,0.017649276340278,0.0434947209345341,0.04406877109686,0.1098207733086983,0.1205328771096388,0.1079152925130877,0.1089189172814816,0.1147248070674512,0.1042965589041775,0.1162869261133993,0.1228645058797883,0.1119237933491744,0.1154688177453367,0.1169778115583631,0.1135525802173386,0.1026725146417587,0.1057433376415312,0.1154265555479048,0.1036951855944178,0.1168384648261905,0.1476465208454395,0.0921896785470669,0.0987285359039064,0.0922035074246915,0.1272317558534506,0.1122631818104345,0.1070290872174785,0.0929280433163312,0.1008788060813899,0.0956132394209333,0.1172566308940165,0.1029808277511103,0.0892387154731019,0.0797511075100932,0.084464596105282,0.0832856912016407,0.1277096018963581,0.1098985732394943,0.1011135378150449,0.0692966878145076,0.0879062428524745,0.0732466649083433,0.1080606077576353,0.0854992036028788,0.0976002315800888,0.0678120639752163,0.0688995755201543,0.0669841443991719,0.1133144984360948,0.0828242219698654,0.0806485862630053,0.0661930610077715,0.0675722623201858,0.0679728486619977,0.1161400617580582,0.0704183099237567,0.0917066135656401
326797_14_consensus,0.1208870517319322,0.1223974436116942,0.134186694371349,0.1224820147341715,0.1257750251461921,0.1299372761341005,0.1220179373504232,0.122886049438989,0.1228729667402422,0.1212958348974664,0.1218586634129184,0.1209184391315167,0.1284498522041245,0.1330490829467223,0.1538678034253331,0.122235026115566,0.1322730699549145,0.1336133605005437,0.0881960772010415,0.0756810088934296,0.0938098593720459,0.0607309533692902,0.0761106227402692,0.0889630615374731,0.089136667221614,0.0760666851920226,0.0895863679877187,0.065619723104121,0.070829553262978,0.0736444660601268,0.0787739914888764,0.0716633450566151,0.0837462815986215,0.0607644097518705,0.0760708254590706,0.0801390726215265,0.1549480958230934,0.121147173959056,0.1192065408757546,0.1271594217902389,0.123183176374828,0.1175325153501333,0.1100575817709885,0.1223136642433145,0.1459080627484091,0.1352823532928709,0.203614048236923,0.1590641426540025,0.1251951657129441,0.1190788776482345,0.1362229201326494,0.1309904244586176,0.1228030621841184,0.1215516212966721,0.1198449451820315,0.1152355647966002,0.114826672266785,0.1355192678536407,0.131721526166383,0.1356837442458995,0.1184737370114756,0.1175962763173443,0.1318668372423663,0.1351261459505114,0.1052824444316505,0.0865722915348164,0.089333359497104,0.0853971995491165,0.0906757651294948,0.0929128440609069,0.0754537892508302,0.0826646638788716,0.1063950064904393,0.1366978494452632,0.1596827080544952,0.1660962094289638,0.1230961242422118,0.1344134431845883,0.0860682003777799,0.0829270024194562,0.1721111448081507,0.0216432397546967,0.01719085509473,0.0262959146947997,0.0351878167585842,0.0,0.021975190792489,0.0271674615793878,0.0176745072606546,0.0194162765738364,0.0364745701730219,0.0171262391788672,0.0246256152474211,0.0207008217782581,0.0216355191824037,0.0224244706101595,0.0329672068916474,0.0183099019708633,0.0177913808518008,0.1151838967662617,0.1402382124576763,0.1188996086226878,0.1238227902950676,0.1226134672008555,0.1143388209891448,0.1238128460957191,0.1326200364240041,0.1245454215382235,0.1179400308426068,0.125458277704909,0.1285731523764716,0.1172692247361729,0.1224054047645648,0.1258187189265295,0.1180771011679472,0.1344780422316213,0.1686881026371264,0.0874151485555373,0.0883032584829107,0.0850395810201347,0.1077259817773716,0.0956081931042729,0.0927763499823652,0.0882442516529667,0.0887066727805094,0.0874552781793166,0.0993893090100427,0.0888557157876585,0.0806521953996778,0.0830759248794542,0.0799664002087016,0.0819747682474652,0.1084925802957997,0.0930527344303895,0.0875913841210523,0.0717255516400611,0.1015048443487214,0.0695304514909505,0.0846714072877589,0.1017631803310647,0.101902373439788,0.0761308902831795,0.0756635934891871,0.0773673189913476,0.0874522376598084,0.1024534173873711,0.0641482584593973,0.0792423418074105,0.0823766503475028,0.0731873464051619,0.0902827367720617,0.0817692356816697,0.0781397767712209
326797_15_consensus,0.1231963537544269,0.126567328569076,0.1402419047817983,0.1261905302956839,0.1305349761253132,0.1334808832447959,0.1245088358251998,0.1266083426926437,0.1284473917298203,0.1244699610791146,0.1267603261093345,0.1253502260393588,0.128096771394496,0.135017700207243,0.158603219670091,0.1259087581296522,0.1370665812046479,0.1379828119914344,0.096332585314901,0.0835503592265201,0.1028669487727417,0.065824730141378,0.0840615691968875,0.0940781752019599,0.098132204869256,0.0857489165441254,0.0987018228076914,0.068835231898777,0.0786089033138161,0.0808201017348339,0.0876661196414135,0.0811820734947906,0.0937549476240573,0.0661932168233682,0.0849370432909225,0.0878578763353564,0.1531049473042042,0.1230862773108925,0.1228260434317012,0.1262174335649135,0.1234020635953268,0.1200341487263512,0.1167127923420243,0.1313167407910132,0.1528623341128167,0.1434529519362401,0.207543602671719,0.1675363330141326,0.130386251111617,0.1258974898858746,0.142864847428903,0.1396105823282636,0.1310252052432977,0.1290409196918351,0.1263572020606216,0.1217006892342053,0.1220211873525541,0.1425301362805983,0.1387588020478658,0.1421036329746834,0.1263121494783616,0.1247417299521298,0.1392989117121502,0.1436921867008379,0.1127786373368305,0.0959286488647262,0.0979934199409973,0.0930273039406827,0.0996482417691494,0.1022309799376502,0.0831647611565308,0.0913710747489764,0.1163718311576672,0.1478173185577582,0.1713135473523533,0.1773573255972317,0.1336914822351577,0.145765117376668,0.0947554713412461,0.0916826626323275,0.1809847584404197,0.0322184271989451,0.0254222892562175,0.0355682792491725,0.0465849563059958,0.021975190792489,0.0,0.0383823045046283,0.0261217056603105,0.0290391228965704,0.0506787468124678,0.0253357832684889,0.0273410101526436,0.0339500975419462,0.0273711377662892,0.0343983612028391,0.0450419271561028,0.02455270588234,0.0165592027704213,0.117241732470357,0.1428768853526779,0.1239087205290968,0.1313408939827323,0.1266733901704816,0.11859961766396,0.1282300858244742,0.1380338243323671,0.1304909943410612,0.1233722838006745,0.1324058215600582,0.1328073742084211,0.1213596966699113,0.1267899938960206,0.1292458668510832,0.1227530196824089,0.1384336043684711,0.1712568332874302,0.087844141610212,0.0850575091340586,0.0842060137308962,0.0991316040991289,0.0892792235653149,0.0877814323851009,0.0886415984730427,0.0855334922346205,0.0862111682675292,0.0924447264896156,0.0832194609423212,0.0789019773441029,0.084888439999744,0.0790793648270366,0.0815632659407573,0.1001960930548951,0.0867815912254822,0.0833544402381044,0.0697331393774075,0.1042196456123429,0.0658780270875233,0.0737885901160343,0.1076130030442331,0.0975308470734247,0.078152510602292,0.0790913438520787,0.0823586086412705,0.0773506746323961,0.1091116422060976,0.0562814472565716,0.0833858141993779,0.0881920729498991,0.0742974744314656,0.0797730952682531,0.0859635117179478,0.0682822549811449
326797_16_consensus,0.1151645329844238,0.1138033418251906,0.1210111332184274,0.1175697511445159,0.1166673029796952,0.1193563492964625,0.1191264139914284,0.1177347207234069,0.1150703419402853,0.1183961418370822,0.1157907009764932,0.1151006131680877,0.1254830584172238,0.1231871347054164,0.1384494202959806,0.113420413450057,0.1199636865200972,0.1216079881538848,0.0766897298293768,0.0687030924342403,0.0821761196264901,0.065713109873681,0.0690970151400893,0.0797813705707009,0.0781000725867721,0.0699437118790312,0.0801270806274555,0.0717542952879871,0.0672125782939546,0.0700216115944905,0.0709752642114711,0.0667633508771325,0.0753211539658614,0.0656507420693015,0.0697847431525991,0.0706430864429617,0.1573768226849784,0.119572559206357,0.1155411733651233,0.1288887445895417,0.123416968268314,0.1161140060709863,0.1069796260081554,0.1151068449448055,0.1412583331628132,0.1180422804348882,0.1854895008944795,0.1396807780742548,0.1109400854046409,0.1060446680235227,0.1190271530406041,0.1143412729377624,0.1087386312162422,0.1096852064444089,0.1067781277201634,0.1051910620061988,0.1015450407781878,0.1184171435038976,0.1149182684236926,0.1184394857531428,0.106706776213042,0.1061130609747797,0.1151562059488156,0.1171245986549615,0.0914175095400042,0.0747735491112519,0.083865237330587,0.0795253255571225,0.0831487896407433,0.0797620235529576,0.0711643416258478,0.0752717597659191,0.095767050412897,0.1224831791041189,0.1475865371084381,0.148536326587857,0.1106311517379674,0.120020956781886,0.0797405789561944,0.0754550886738729,0.1542607254765301,0.01732516770181,0.0234745724465572,0.0174644501804935,0.0194636028881592,0.0271674615793878,0.0383823045046283,0.0,0.0331828939750431,0.0225006750949806,0.0252578017551243,0.0314468644107086,0.043846576631593,0.0261394606475024,0.039075404865963,0.0204831350924278,0.0184824487240196,0.0351367615489411,0.0360136159901506,0.1129498247850156,0.1284379516593528,0.1134542074619861,0.1157591883384826,0.1194375987647889,0.1096435867618432,0.1206632430944069,0.1279461793297326,0.1180899205710289,0.1173112952517945,0.1189890936515577,0.1204057130327716,0.1092269459940531,0.1128937717959973,0.1210640433961375,0.1104284055673873,0.1245496034973273,0.1553665314641096,0.0900352233590127,0.0953594570123916,0.089618132388052,0.1212538735467628,0.107179275669959,0.102516151808077,0.0909511147613689,0.0966709248427475,0.0925825341083606,0.1116715776639079,0.0983047764324121,0.0858331411428643,0.0802653736356079,0.082190814206409,0.082302173724522,0.1218730578504999,0.10452125571155,0.0964838524487311,0.070708257164326,0.0922688147168974,0.0723577791189639,0.1020326628373338,0.0917530049924136,0.0993715888221775,0.0704615780006057,0.0708700494978442,0.0707967206367153,0.1064300376325705,0.0899306827275126,0.0765625487734283,0.0713390656732483,0.0723736118211801,0.070983800192881,0.109332967417774,0.0747377247412252,0.0884674706901302
326797_17_consensus,0.1232681764902844,0.1253956109890482,0.1390695037157802,0.1234827505128974,0.1285474836171713,0.1347689425329908,0.1222186484114473,0.1234782982185742,0.1237621603215217,0.1211666821672218,0.1225011339230927,0.1215157612871459,0.1304310910689444,0.1378321648806597,0.160378683299263,0.1255580953797111,0.1369517234585013,0.1387040793664892,0.0930575079871362,0.0791415676048068,0.0980084352231732,0.0613257457883141,0.0796682820345443,0.0950401497649902,0.0932660479587166,0.0776173729731354,0.0925503030274457,0.0661846205394691,0.073389752929766,0.0761041368799962,0.0817108400400805,0.0736500501134591,0.0860809250161407,0.0612376659131164,0.0792189934134361,0.0849647956669201,0.151864243123958,0.1198827252174932,0.1183023317385923,0.124981565274825,0.1212404842852237,0.1161137752733816,0.1093735061098626,0.1228007584876581,0.1444264789445186,0.1391370306928586,0.2113098229123339,0.164260501217661,0.1291648892859,0.1208187923939591,0.1412653443244537,0.1338098347715765,0.1241235262714264,0.1221227233754269,0.1222075344523592,0.1155831822965537,0.1163231048461698,0.1401170878693385,0.1347021370964047,0.1402953437799606,0.1189785341743034,0.1181069128633901,0.1357499619464677,0.1418699409653274,0.1116151658279663,0.0906541100148941,0.0911240112200826,0.0882370909656457,0.0931408388337959,0.097649464274836,0.0780654623523149,0.0855177997022528,0.1091558634782401,0.1400413856878503,0.1618459615940791,0.1705113488418111,0.1256766371093339,0.1374778891136934,0.0881743361156807,0.0865562059643657,0.1786618090195944,0.0287175112022964,0.0238552071998507,0.0344738956031414,0.0413130285902208,0.0176745072606546,0.0261217056603105,0.0331828939750431,0.0,0.0228143183634045,0.0394695239569901,0.0189662427688424,0.0219374520306857,0.0209043566002407,0.0190133465666633,0.0269731962889803,0.0386948161833537,0.016408580922912,0.0215997742227196,0.1192594855961002,0.1471300703115785,0.1207053739420058,0.1264991444084684,0.1247859756931485,0.1161132050885194,0.1259846400004725,0.1345132208530665,0.1266662840550721,0.1179510294015061,0.1260856689600203,0.1335805668012673,0.1222286288791311,0.127498901636128,0.1289086760120415,0.1217593009633783,0.1401649599642723,0.1769471448932872,0.0866919129033546,0.0873536663262648,0.0842844186706372,0.1056695971352155,0.0937369840782228,0.0910208468431261,0.087277658245287,0.0873173651670756,0.0863269951052392,0.0974640741920324,0.0879247303335464,0.0803713042390135,0.0854305349885533,0.0807514139250024,0.0839722466457624,0.1063277902742783,0.0910529116220476,0.0861337332625565,0.078119060759949,0.1089515546050079,0.074687180238127,0.0849128728502369,0.1053253498087396,0.1101296970075026,0.0816209068711197,0.0794846713694027,0.0810958584263457,0.0856769592002951,0.1082293845971025,0.0664740763565357,0.0846281370041839,0.0869995963637771,0.0778864633572453,0.0886011860077108,0.0868540834154169,0.0825351616761149
326797_18_consensus,0.1158275492707705,0.1161391638360037,0.1274614158999856,0.1170546303839876,0.118964401781739,0.1236739848050482,0.1176306528014255,0.1168309184674896,0.116020133144354,0.1164967624968385,0.1159055219050697,0.1150090825950228,0.124048323634967,0.1270316106172601,0.1473299101474021,0.116599062855926,0.1256227947238524,0.1276311561432977,0.0808683693303091,0.0694367472135867,0.0861384374885703,0.0595414958052859,0.0698867921256044,0.0822556138432772,0.0815311349129161,0.0696371988544046,0.0819361560814136,0.0652820795404228,0.0659246870493597,0.068069404377825,0.0722922480655483,0.0665172457386232,0.0768254958952746,0.0594634806453844,0.0700930829834428,0.07357115755754,0.15309958262534,0.1167508667268683,0.1141696289689612,0.1242043006596655,0.1190496282126481,0.1132859731138658,0.1075908383968102,0.1186593922249843,0.1438049286975803,0.1266337305037462,0.197452679675598,0.1504614331501111,0.1171974508962758,0.1108640716972827,0.1278848643184305,0.1220479629638335,0.1133963423082957,0.1125848540606563,0.112475384337558,0.1080467165622649,0.1063232551491196,0.1271329991125635,0.1220806166271587,0.1267367672091998,0.1111494451217733,0.1102572857310216,0.123447759468739,0.1307112736984319,0.1028485947079039,0.0832668933801808,0.0888492852596613,0.0845234639471249,0.0885295269303713,0.0899972771505389,0.0753331346019877,0.0812683128522039,0.1027932784111426,0.1321382471195275,0.1561950467482771,0.1610550726472794,0.1187997157155686,0.1295102759389836,0.0853459069274978,0.0817582517040884,0.1681591080933143,0.020573999035187,0.0202446204163384,0.0236114078518848,0.0290812732624983,0.0194162765738364,0.0290391228965704,0.0225006750949806,0.0228143183634045,0.0,0.0317122007547036,0.0239796607173001,0.0337838331702621,0.0236208055651314,0.0303082162758209,0.0220737071466599,0.027217644957434,0.0251403066850254,0.0267899080595683,0.1134088460301876,0.1348003501922781,0.1128069530193689,0.1185247410687629,0.1183131505435862,0.1084656085208806,0.1198961638464887,0.1280917719295077,0.118764455256,0.1162757455982012,0.1235254684599675,0.1232384764450074,0.1126523556964515,0.1167287181325672,0.1201353662113761,0.1126935621138476,0.1289760802276896,0.1647504159309117,0.0837593722543593,0.0868521690428122,0.0827485842455001,0.1107397962083068,0.0974245241273422,0.0927300514821585,0.0846076843383608,0.0880514785927375,0.0851985120026297,0.1022914252769534,0.090164053955342,0.0792884439478467,0.0783646928822055,0.0774595493224091,0.0785040695601073,0.1114542322756177,0.095013719267273,0.0876484239391142,0.0717606739264422,0.0999828888409865,0.0708356794774855,0.0926723845801659,0.0971418977267253,0.1027088446219766,0.0742494227864073,0.0726443816323584,0.0732155245779489,0.0955173487851923,0.0983057339996904,0.0686558688909631,0.0758114649000014,0.077154275691743,0.0707967170327455,0.0985531064602717,0.078749851960671,0.0822834882200485
326797_1_consensus,0.1137597524437144,0.1110041413322726,0.1175156871955211,0.1146076622625937,0.1142192430807625,0.1173468975329228,0.1170912350951154,0.1156281645399812,0.1108330192609997,0.1154566885751257,0.1122381285121282,0.1119612636177923,0.1260641217329149,0.1231682869170223,0.1363835401422511,0.1110363385411683,0.1171992855118581,0.1189907688041449,0.073336018324536,0.0652762489605675,0.0775394133134724,0.0637714899867196,0.0655391573598002,0.0804476149062272,0.0738794381044528,0.0644385452768477,0.0755833439849383,0.0690079862056385,0.0622173118074637,0.067014449221117,0.0651401188538848,0.0598548453799286,0.0679596554065296,0.0631822445341925,0.0650115209269969,0.0675372584199367,0.160511308320407,0.1178291166686941,0.1128120204345588,0.1301641706089945,0.1240797107213447,0.1150654671109643,0.1019518232911047,0.1071356077198668,0.1347900980206776,0.1118710685691284,0.1846529947624723,0.1335837094222,0.1079004034095296,0.1006632823657357,0.1153557972440847,0.1076694306705767,0.1025045103519778,0.1050597517693296,0.1020114597963481,0.1004275820389719,0.0962290660446756,0.1145348311649514,0.1129177876634046,0.115865164924453,0.0998799507839765,0.0996576670398777,0.1095898684062379,0.1134405897225701,0.0873396764045775,0.0679907330659333,0.0743555735219735,0.0716939143650793,0.0731473195217484,0.0733843691792551,0.0649466982339591,0.0675951183763444,0.0841256679945416,0.1099430757738268,0.1354716041569473,0.1379498085683362,0.0980857979380473,0.1073639741942464,0.0709190118150741,0.0688526615241775,0.1491414906220013,0.0274723567166381,0.0319617484623251,0.0276031512342805,0.0228329729837011,0.0364745701730219,0.0506787468124678,0.0252578017551243,0.0394695239569901,0.0317122007547036,0.0,0.0355881581716796,0.0470454450027637,0.0273617394298252,0.0430519860469708,0.0231660672817782,0.0230871292681253,0.0423346959217255,0.0461715378967277,0.1100447102589644,0.125741054912032,0.1072004081204963,0.1066507468209231,0.1143260255096739,0.104664980721032,0.1158434330753294,0.1217489412893002,0.1110520864913634,0.1110304626580365,0.1117128509715599,0.1156663715502076,0.104177911048987,0.1079561185614392,0.1164113972252395,0.1041579531276868,0.1197214510217889,0.153275320978346,0.0913421307967021,0.0987418938936799,0.0913801717421892,0.1275606805830266,0.1120336518490829,0.1071288133464505,0.0921377711954358,0.1002729515522998,0.0944669370158059,0.1167079643893928,0.1028966633118009,0.0887923911658492,0.0808350749911855,0.0843235283717195,0.0846045572988157,0.1279911078861926,0.1093978072154444,0.100817794233971,0.0737207276779451,0.0915025814889133,0.0763273060208455,0.1092606853433309,0.0841975713762296,0.1050842863200768,0.0693915347516761,0.0691154884603385,0.0657040579994305,0.1128451851941824,0.0836893396457247,0.0825780675995733,0.0673477634210486,0.0673868444949088,0.0692910257631115,0.1161461490695517,0.0703198915238706,0.0966152406929935
326797_2_consensus,0.1204560209405539,0.1221089916195832,0.1347872189976497,0.1215740950745727,0.1260208398034419,0.1303191096845604,0.1207757872721977,0.1226212963515731,0.1225348903680323,0.1201605041249526,0.1214854015657621,0.1200139755248188,0.127892764025593,0.1332307982054375,0.154426490588663,0.1215113481732206,0.1324117985228247,0.1337367838944133,0.0911475667242237,0.0782092650233129,0.0964882115423634,0.0608758250141181,0.0786881434503642,0.0926873274062027,0.0922418439719361,0.0782230461418853,0.0925879146669328,0.0634017046174189,0.0719871620861706,0.0757329344709841,0.0805417705955233,0.072511494759094,0.0852372877213598,0.0603829147673958,0.0786092500223364,0.0829440212738077,0.1546818724398866,0.1202492598352164,0.1189080050040131,0.1264600967845581,0.1232692457870938,0.1176347495939182,0.1062587627791909,0.119366896192111,0.1414855343125918,0.1351761233358766,0.2042461954267306,0.1590773537451983,0.1246225348913822,0.1179975602842286,0.1367107652022834,0.1308210270888921,0.1225505897767311,0.1217250041236612,0.1187688007208486,0.1141447873960451,0.1141604275618827,0.1356635331766041,0.1329621893756172,0.136619175826969,0.116612791123831,0.1155863194306828,0.1314221138963377,0.1353879807882665,0.1037220627789326,0.0842713997579198,0.0834857186042396,0.0802506673435022,0.0858559752198984,0.0908089648108877,0.0709324250970322,0.0784992393645388,0.1020307879900738,0.1332408104487938,0.1564824561295866,0.1641998251728763,0.1188653171144046,0.1311090193357053,0.08087380408651,0.0795770335874622,0.1719456138355921,0.0262244231818547,0.0186434259298649,0.0302827944396093,0.0376444242253317,0.0171262391788672,0.0253357832684889,0.0314468644107086,0.0189662427688424,0.0239796607173001,0.0355881581716796,0.0,0.0183073949743028,0.0191104745812297,0.0171759998087566,0.0221869822025068,0.0363303287560802,0.0206733443292475,0.0202391009298268,0.1129210094258447,0.1400523068510173,0.1180495859069255,0.1220751068754994,0.1213852618753871,0.1133813012105873,0.1230106941160399,0.1316297222158899,0.1235052828136578,0.1144832109077933,0.1212561203904627,0.1282642526456174,0.1160039515776011,0.1218108037410752,0.1257427248930129,0.1164474740843981,0.1336600343236712,0.168412891511838,0.0880356638799477,0.0885851055944794,0.0848581601289257,0.1068748241321857,0.0946313332499546,0.092938657466003,0.0884321743553496,0.0885905898122525,0.0872219869726326,0.0978937515222272,0.0878076068354774,0.0807344629147915,0.0837290691040552,0.0798149670540922,0.0823252919303756,0.1076443579657213,0.0920983159937528,0.0874744316542921,0.0690852697063871,0.0998720665107215,0.0667063644260447,0.0811544233936554,0.0978385192585053,0.1007013971491729,0.0733196053169011,0.0730687671858489,0.0737257270972444,0.0835545763959963,0.0999615775149934,0.0611789624629625,0.0763359413123943,0.0800305991090005,0.0697295535195755,0.0865636935206046,0.078430053082829,0.0766443548146545
326797_3_consensus,0.127039500327608,0.1302392386990068,0.1449942526793494,0.1274984350651059,0.1343538635033707,0.1394370287677144,0.1255956941197361,0.1287334657819225,0.1296036580459578,0.1247899237508067,0.127645215934,0.1261282232146072,0.1329634556900132,0.1421062455245813,0.1654390690516902,0.1294108428640171,0.1422366977959536,0.1434747271755936,0.1007485597348422,0.0860940251555368,0.1062116543782363,0.0629612156189015,0.0864408601854687,0.10171708562033,0.1016587726631762,0.0851351981470937,0.10121352027083,0.0645273536158413,0.0782248604129709,0.0820785662579669,0.0885375287450582,0.0791256549616774,0.0931347573497283,0.0623780589560025,0.0858592941770925,0.0916589242066445,0.155301210964539,0.1236415364652206,0.1232786324148784,0.1280405625572562,0.1255411410845987,0.1209655250535304,0.1117915228293003,0.1269048707142075,0.1466308566446728,0.1466713010504794,0.2162173472687641,0.1713186982346718,0.1351737078769966,0.1277706490271518,0.1485145423628169,0.1419846413520537,0.1322790565429705,0.1303178233073166,0.1285802691276899,0.1223842534399878,0.1239168400067043,0.1474598687549483,0.1438609190135712,0.1481696305937955,0.1252799253393229,0.1242039881460018,0.1428942749515559,0.1474895805950629,0.1145988004081059,0.0945716636456105,0.0902202930250034,0.0877485144416039,0.0938216031235415,0.101538406492309,0.0781551231769194,0.0867722373977813,0.1110823851986401,0.1431499312340532,0.1644291980609189,0.1753285396843165,0.128249622889312,0.1411713427804743,0.0881585231541544,0.0881868525318713,0.1834205839281288,0.0377622329377451,0.0287114769961191,0.0425095418594187,0.0508289570307112,0.0246256152474211,0.0273410101526436,0.043846576631593,0.0219374520306857,0.0337838331702621,0.0470454450027637,0.0183073949743028,0.0,0.0272144090536648,0.0138386279405558,0.0331993939098813,0.0487891949721831,0.0209327004805567,0.0219137638855662,0.1172220713381974,0.1495560026540573,0.1242179307479653,0.1292330947201908,0.1263632902737529,0.1194501222370734,0.127852240855172,0.1368635276816931,0.1300344304246816,0.117361422811362,0.1262104530166685,0.1359971321904258,0.1235560913201461,0.1302311088178879,0.1317527884054616,0.1239106224361778,0.1422063713900312,0.1782289884756093,0.089922343046375,0.08802094145983,0.0857045785098723,0.1011022232850373,0.0905167434212908,0.090399490603401,0.0902416720671498,0.0871374288512778,0.0876768560837665,0.0930474070962118,0.0853407073448295,0.0813715506967557,0.0892445634219476,0.0823826996689643,0.0864132743013761,0.1019832792198661,0.0878936339201278,0.0853447926539948,0.0757982835941723,0.1088707445498475,0.0711432428138031,0.0742532002903544,0.1067259231952645,0.1073961068707481,0.0816853124428651,0.0805896287834684,0.0823451266280713,0.0746855007803568,0.1103362278447071,0.0598173518889715,0.0859466341252255,0.0896149638881568,0.076928669970065,0.0777624214519215,0.0867720128130915,0.0761807257047416
326797_4_consensus,0.1203407515906913,0.1207801356551009,0.131567485158416,0.1208727716250887,0.1240635810691524,0.1289690627771673,0.1208344017319271,0.1214556965572267,0.119737717897611,0.1193254898239023,0.119316624923156,0.1183457622646157,0.1295616583486492,0.1331578610288568,0.151723273361018,0.1203605561197758,0.1300882365385959,0.1319062797384728,0.0865992221995864,0.0743895186023316,0.0914414330139813,0.0612844956899764,0.0748092164696868,0.0906050676935561,0.0874342153215089,0.0729894524087803,0.0874063353139629,0.0666595948935241,0.0690221525840307,0.0730213441198356,0.0757850650384383,0.0683162742943878,0.0794354716864395,0.0608185885550038,0.0739672443029794,0.078599203285725,0.1575655782710797,0.121391396244553,0.1184852207452575,0.1294227329409024,0.1247061176339126,0.118162507675721,0.1071639070644043,0.11761367262035,0.1411081420931429,0.130647114444746,0.2016093964721134,0.1540112311811264,0.1230508454069209,0.1153418932344964,0.1333188562912096,0.1258970677426382,0.1177991354954498,0.1179260966380411,0.11622068813972,0.1119110207538914,0.1105513752645296,0.1323420252361945,0.1282646421226248,0.1328452031369844,0.1133066772417681,0.1128111817798167,0.1277199017827523,0.1305865323057898,0.1015273443373661,0.0814270354453229,0.0832166092710423,0.0808273605339162,0.0850255061452199,0.0873911494523165,0.071694584116527,0.0774613597520639,0.0994682453637064,0.1285741801073985,0.1502404987782102,0.1579014806732951,0.115229207433451,0.1261383087536695,0.0800445322074085,0.078594948475574,0.1666737429899401,0.0230674105083531,0.0210162086418208,0.0287363268545996,0.0328423212581644,0.0207008217782581,0.0339500975419462,0.0261394606475024,0.0209043566002407,0.0236208055651314,0.0273617394298252,0.0191104745812297,0.0272144090536648,0.0,0.0228897176695986,0.017755264640938,0.0299106026416884,0.0227881463511625,0.0279764903697248,0.1150227063540433,0.1405817633612694,0.1180821182155523,0.1200446269643172,0.1223519342968338,0.1143758558991044,0.1233284041976135,0.130668361441035,0.1226609499427745,0.1140191344340075,0.1179525675827082,0.1282545202113868,0.1162822520984635,0.1215065396039626,0.1266385852667093,0.1169795828819164,0.1338261435916258,0.1682250381756575,0.0883947977615364,0.0918329408415609,0.0865981028933074,0.1139663751122816,0.1004480777254081,0.0973897135826137,0.0891432595755489,0.0918833228288889,0.0892526205881613,0.1040640203379057,0.0927512783590577,0.0827019701675045,0.0834236380303452,0.0812631375876546,0.0839282090485542,0.1145185253701743,0.0976378858495973,0.0912639687027017,0.0754155917762175,0.1006994921385214,0.0737036693722953,0.0927459834666641,0.0971375456378429,0.1069372817941326,0.075936908396163,0.0743963371611579,0.0748016692320757,0.0949804397404343,0.098402576487752,0.071568075424955,0.0778971494035314,0.0792206764697437,0.0740120915610498,0.0979445718794465,0.0798370987462596,0.0870269179776516
326797_5_consensus,0.1250527370019432,0.1280871759821244,0.1421438440496459,0.1254856136689957,0.1319007341473002,0.1371468708080428,0.1239599590173953,0.1268717440271581,0.1269582993375257,0.1229723733627209,0.1250984964336728,0.1237634491305198,0.1317838105238017,0.1400876162101982,0.1629106693951754,0.1271158496908572,0.1394881862967532,0.1411003339345508,0.0969998775019469,0.0828093123111007,0.1023026625685104,0.061595844650451,0.0831135948586195,0.0985555323266694,0.0979554104133078,0.081627925215599,0.0975910346411876,0.0646601611951765,0.0755372481048443,0.0793043043718315,0.0852046545955722,0.0761280354682552,0.089629918682731,0.0613157284442654,0.0823985402001295,0.0880299131190932,0.1539105567938117,0.122226953458608,0.1210068956985456,0.1270491660338665,0.1240327142546903,0.1191771566008172,0.1103487266415298,0.1248942842110474,0.1455325113525275,0.1431307593119677,0.2131533949763458,0.1677577483570252,0.1322721224859992,0.1247756532430769,0.1452118580414495,0.138512327215476,0.1287335541115401,0.1273140649551582,0.1255568419660954,0.1195416193004755,0.1205770925098035,0.1439227636740777,0.1396242500441378,0.1446220665179591,0.1223122696720756,0.1214852729923983,0.1396549458047326,0.1445333308517891,0.1127423026277892,0.0924735467605996,0.0899220605917989,0.0874177898624489,0.0930159870588187,0.0991641286631283,0.0777666162298588,0.085761440947392,0.1098082130708761,0.1412535191432899,0.1621836953962567,0.1724898933775698,0.1267531095614158,0.1390852926102857,0.0874164544737294,0.0870603712883925,0.1804750263730445,0.0337679064318508,0.0255138470013587,0.0392032660736132,0.0469105497850259,0.0216355191824037,0.0273711377662892,0.039075404865963,0.0190133465666633,0.0303082162758209,0.0430519860469708,0.0171759998087566,0.0138386279405558,0.0228897176695986,0.0,0.0294818955038207,0.0444244180100243,0.0191958967806251,0.0214824261426911,0.1171251865477266,0.148182203703335,0.1231627717470813,0.127801128425492,0.1258674926909768,0.1187365518705407,0.1272940717998942,0.135918908782335,0.1288370325850989,0.1168683980010349,0.1248017390423239,0.1348837849110949,0.1224743325596044,0.1288521793535776,0.1310798665980796,0.1229814259950479,0.1411362760957052,0.1767484067967037,0.0876983159156833,0.0872229878971344,0.0841077489524406,0.1023907410126245,0.0910441962473285,0.0901800131322948,0.0881221817078345,0.0862801101651778,0.0860070501780806,0.0937450976179547,0.0851621626373743,0.0797361501499785,0.0865942493789812,0.0803704711016819,0.084353517711808,0.1031906395209153,0.0882752310665084,0.0847516309831979,0.0759276175281215,0.1070922148044967,0.0714254227777686,0.0782247921284248,0.1050632726511805,0.1074119806145251,0.0802007630921052,0.079353272050206,0.0806989394287247,0.0791260155060666,0.1080030141747212,0.0624265150397856,0.0841819841318683,0.0875790311070398,0.0764667561429838,0.0820265754472151,0.0852556792142965,0.0784249710945961
326797_6_consensus,0.1152115682056681,0.1150344996481982,0.1245657273482119,0.1167849025263134,0.1184701956158046,0.1216778233124586,0.1174928850606509,0.1179355767946841,0.1157958798466636,0.1166651569495132,0.115606316422987,0.1146818097100309,0.1249751128274948,0.1259803684828422,0.1431092362434427,0.11420701004562,0.122723459759701,0.1242661332537034,0.0809738706932941,0.0708838761742612,0.0862890725933884,0.0617452158417921,0.071254192595705,0.0845099663368956,0.0824439174739338,0.0708979691125947,0.0834455965999754,0.0661921722221169,0.0665459275905608,0.0705963317459185,0.072317591961948,0.0661028934972588,0.0765292644473865,0.0612767258439197,0.0710531849233589,0.0738432179479756,0.1568836101019831,0.1185246332983515,0.1152740894466681,0.1274697553479916,0.1227504572561625,0.115485077141768,0.1035287832695873,0.1131791397265581,0.1386083098343344,0.1225337325939512,0.192115387851287,0.1450810605634666,0.114792020334612,0.1084909790636036,0.1245357618108948,0.118711393397442,0.1117612984499148,0.1125014666875271,0.10940949675627,0.1066024070066872,0.1043082257831578,0.1236386407817028,0.1208804922785829,0.1242529050828104,0.1078917541223507,0.1071173021238403,0.1195166544321458,0.1222113092654273,0.0932254562895442,0.0743759640794211,0.078272178559563,0.0748699256774558,0.0789109781877334,0.0802119306000795,0.066432225577812,0.0714697500225504,0.0930896481347589,0.1217452556951199,0.1466254668718762,0.1507550409504779,0.1086538488156734,0.1195511418626821,0.0748850229382664,0.0726112373497437,0.1590242740280542,0.0188787190205369,0.019967623583922,0.0209244144873526,0.0250851889890894,0.0224244706101595,0.0343983612028391,0.0204831350924278,0.0269731962889803,0.0220737071466599,0.0231660672817782,0.0221869822025068,0.0331993939098813,0.017755264640938,0.0294818955038207,0.0,0.0231292160637532,0.0284368061143122,0.030945880193056,0.11039768100442,0.1311460315439406,0.1128102023226709,0.1146617481599703,0.1178164157737258,0.1089320502944128,0.1191592652614939,0.1264433365564094,0.1173576602325508,0.1127967391927823,0.1150139176119974,0.121336261532035,0.1092502042669581,0.1139192403806803,0.1208843871561935,0.1100482130182273,0.1257508353150918,0.1587636054448053,0.0883010325776498,0.0923603408142401,0.0867998226237532,0.1164014098756237,0.1025265281099198,0.0990612397409927,0.0890310225355277,0.0933112533730883,0.0897684352353958,0.1065491354787902,0.0939260278161348,0.0833553684089496,0.0803065560143095,0.0803558740527187,0.0815444831966075,0.1169745827575267,0.0998373966043392,0.0928470988122958,0.0679367586763469,0.0930040254572421,0.0682953407645011,0.0943749430973137,0.0904015496850569,0.0993513593200731,0.0685334446817152,0.0681740643476127,0.068118461104825,0.0978562847047413,0.0898767511462202,0.0698746509164743,0.0698153775748017,0.0716652405960007,0.067305275350164,0.1009415359154561,0.0718327515615963,0.0840444201075577
326797_7_consensus,0.1111066492072057,0.1085326323892703,0.1146857807869135,0.1131614027765535,0.1112132069774938,0.1137592928982987,0.115832117660911,0.1139941895828791,0.1100290497757507,0.1144637933886518,0.1110399945153503,0.1110042362580451,0.1223996225554775,0.1187198766116099,0.1323853356781587,0.1087617092205686,0.1140531929717537,0.1155913741457315,0.0695097311901694,0.0622670375074294,0.074632017393496,0.0627011139172183,0.0623913258076985,0.0732146034705928,0.0708863016797822,0.0634916665141115,0.0727331943842282,0.0691750428950866,0.061333539334711,0.0641997030360538,0.064187039761997,0.0606094693221326,0.0681353557105325,0.0621293646738887,0.0628528671368328,0.0636803761633853,0.1600591229233646,0.1174407157688909,0.1130423391716105,0.1285673091841399,0.1223985371736623,0.1135853525378184,0.103092006846875,0.109512410215162,0.138800653180875,0.1114314546408537,0.1809330202056687,0.1333289321100207,0.1057307668619073,0.1006352415998586,0.1131984420708673,0.1081009707284824,0.1027359570175246,0.1041015628672316,0.1014939313020046,0.1004126169661021,0.0961858995869045,0.112169483470059,0.1096401752408493,0.1130059887526612,0.1020470458340547,0.1011240426322843,0.1087949227414075,0.1125454999546317,0.0873061411564431,0.070934275164759,0.0807219762872776,0.0765269271805162,0.0790593373909569,0.0753951179779512,0.068930692181223,0.0717491671497878,0.0902763623447368,0.1160644512730816,0.1418900917462009,0.1425524247188503,0.104535117297919,0.1137801968939692,0.0766114584192224,0.0716528580948771,0.1492757952230602,0.0208026226848952,0.0290425705421133,0.0207157392021885,0.017649276340278,0.0329672068916474,0.0450419271561028,0.0184824487240196,0.0386948161833537,0.027217644957434,0.0230871292681253,0.0363303287560802,0.0487891949721831,0.0299106026416884,0.0444244180100243,0.0231292160637532,0.0,0.0402083206744829,0.0422934419298168,0.1073389054749896,0.1215966607163835,0.1060131751806084,0.1073963848045664,0.1122083772149192,0.1028308785112603,0.1133729998316039,0.1201091085304962,0.1101353808576201,0.1119351769360972,0.1153043952575363,0.1124117354660698,0.1018821526191193,0.1052752047831209,0.1137314656139411,0.1030538528181783,0.1167104596220148,0.1492025115408176,0.0898918118263201,0.0963614467403379,0.090203742854285,0.1250476938037644,0.1101479715821352,0.1045523036536841,0.0905501333293111,0.0984915028149761,0.0933656706329685,0.1150245717624219,0.1008934970154972,0.0870606492060216,0.0786001165439557,0.0828684679595668,0.0821665919716899,0.1254317693854567,0.1076687824078633,0.0985877468139593,0.0701476209562232,0.0902596294703404,0.0730000636207797,0.1067853778652082,0.0872794653805051,0.0995688102527838,0.0685368532221527,0.0686369312972675,0.067317243270711,0.1112624758899005,0.0849507993944807,0.079420885127888,0.0675952965107001,0.068358794549756,0.0684605339724033,0.1142958927237048,0.0717780951902987,0.0911366679724993
326797_8_consensus,0.1236490988230933,0.1259940599792881,0.1398544467854655,0.1241620898866124,0.1293161636502992,0.1353682408063354,0.12288721444119,0.1245294873518467,0.1249912499366777,0.1214567351456439,0.1233486219350948,0.1226633010337177,0.1304600639177436,0.1383822344446062,0.1610684930425788,0.1260116024629972,0.1375520141044708,0.1393117696605211,0.0933671405336604,0.0791739143801844,0.0987131319844476,0.0599806664423927,0.079424337740407,0.0943152520922059,0.0940113491849295,0.077587603107313,0.0929762633715529,0.0654003028119032,0.0728732141023039,0.075698197474475,0.0817746367316964,0.073384475130926,0.0858980470109054,0.0595867472829034,0.078714063006466,0.084733945077253,0.1542670035502117,0.1219169374485681,0.1203371351931524,0.1266874283082536,0.1227828061992553,0.1176884352206525,0.1114681234186803,0.1247607606240008,0.1471142123301558,0.1420133772331307,0.2129655292613813,0.1667013462045239,0.1316704703348651,0.1240605506737632,0.143772546473846,0.1370138757697762,0.126967898723475,0.1246559608148766,0.1249658680863091,0.1182395189748793,0.1190546765119379,0.1426876582186164,0.1373339094363597,0.1425127870050805,0.1222541493224432,0.1213381349363953,0.138618172539027,0.1432182088067402,0.1130360882735665,0.092923370875964,0.0935532845294699,0.0905701977895356,0.0957369341011698,0.099673680087703,0.0801976298674036,0.0875130840039066,0.1119466877727462,0.1425409810907543,0.162747479917148,0.1728971991570308,0.1286000083066908,0.140384706589759,0.0903570176434522,0.0879996882945718,0.179717847807837,0.029820794752488,0.0248534091113481,0.0353904795725943,0.0434947209345341,0.0183099019708633,0.02455270588234,0.0351367615489411,0.016408580922912,0.0251403066850254,0.0423346959217255,0.0206733443292475,0.0209327004805567,0.0227881463511625,0.0191958967806251,0.0284368061143122,0.0402083206744829,0.0,0.0194866663196678,0.1170722712576634,0.147047797649398,0.1210107343864651,0.1262884966753074,0.1238767290939057,0.1164390424102752,0.1245315002966331,0.1332321547301275,0.1264554603402994,0.1172421560006356,0.125971190655511,0.1327462755472666,0.1213115979541267,0.1270115536285729,0.1284850583268658,0.1219745625021614,0.1397494852291571,0.1761361711009168,0.0883447932361899,0.0882984723847807,0.0855987560776172,0.1050972421871092,0.0936649362274436,0.091375489166125,0.0889584914349484,0.087974252734691,0.0879063841404959,0.0973478336783388,0.0881453265788719,0.0814846423510841,0.0873262253674914,0.0822462200927594,0.0856754419079733,0.1059519333813689,0.0910552375275133,0.0863958592326206,0.0798536791846652,0.1102128485795811,0.0759514480577749,0.0842206902400536,0.1083022399449903,0.1105600307456555,0.0843019874045827,0.0819305211378844,0.084080217189837,0.0847752095682376,0.1104445409547241,0.0668106938792541,0.0875848072350347,0.090063117787522,0.0800644308561067,0.0875287978616897,0.0895211947818773,0.0818898232568828
326797_9_consensus,0.1235311973921785,0.1266926126111696,0.1400910133816194,0.1259558828884395,0.1299586822085425,0.1341149486121047,0.1245166127610363,0.1262504052915233,0.1273794127364224,0.1238754652391729,0.1258866960059874,0.1245625015305947,0.1292270122638308,0.1359460343056969,0.1588761995004793,0.1259046578533032,0.1372283300665131,0.1383210607807611,0.0952305199737915,0.0816746422908056,0.1010818803053823,0.0632247903337425,0.0820606812989909,0.0938602800150295,0.0966700172254128,0.0828471020540953,0.0967883043302756,0.0665088479110782,0.0762019000173832,0.0787888544741794,0.0854869593020679,0.0781251131999586,0.0908535295727408,0.0633908742083398,0.0825261141893823,0.0863822564845153,0.1546533094119432,0.1237453162655491,0.1231401893549178,0.1278189963115441,0.1245569135359787,0.1206525259598652,0.1156674494245304,0.1300330358666362,0.1513209410895094,0.1424774630110646,0.2083483682492523,0.166328023291225,0.130224638891871,0.1250644277216357,0.1427815796798237,0.1383181550736438,0.1295331353504323,0.1274655959805019,0.1256212318898049,0.1206909089041188,0.1210767930309188,0.1420256768170551,0.1381028447714605,0.1417871472506752,0.1244097394839034,0.1233636834022818,0.1386022722594193,0.1425120870234623,0.111524165867551,0.093794651386582,0.0949671809771117,0.0905187799872554,0.0968746366361313,0.1000351131012083,0.0804741271724264,0.0887130873834213,0.1136059067632108,0.1450182495237366,0.1672884708147942,0.1748875365537468,0.1310215756785026,0.1429567562424475,0.0917964555048161,0.0892167407992823,0.1797419309474605,0.0300727466072092,0.0213550757658803,0.033883261349125,0.04406877109686,0.0177913808518008,0.0165592027704213,0.0360136159901506,0.0215997742227196,0.0267899080595683,0.0461715378967277,0.0202391009298268,0.0219137638855662,0.0279764903697248,0.0214824261426911,0.030945880193056,0.0422934419298168,0.0194866663196678,0.0,0.1165412226782985,0.1440636264480091,0.1235456168888982,0.1299264109413228,0.1265264161079328,0.1186702072199034,0.127865518430542,0.1372727467816671,0.1298538790911959,0.121541209467036,0.1299542742830777,0.1327479288037663,0.1211839168791597,0.1269820883287125,0.1296742428150208,0.122625713419756,0.1387918350207676,0.1723346276833832,0.0884416488277033,0.0865442459749612,0.085112062495264,0.1015406872861315,0.0910370687984685,0.0896548161712199,0.0892315848676752,0.0865387379119292,0.087018538544024,0.0942103850201126,0.0851487323652793,0.0799144790896768,0.0858122151866388,0.0803171657122373,0.0829279288912129,0.1024842976978324,0.0885637010874674,0.0846928629649094,0.0713509088511655,0.1037983165655476,0.0672644262910434,0.0756438601135057,0.1066045824362767,0.1004888029201558,0.0787275480189695,0.0781326919472587,0.0814661988707161,0.0787208516378072,0.1080064502359907,0.0580686508943466,0.0831826579429702,0.0869392252419964,0.074439621961716,0.0813282872220727,0.0855338534424644,0.0712335747671623
326907_10_consensus,0.1113154565713583,0.1083303409020799,0.1164886594738694,0.1144627807321939,0.112979790590702,0.1076503521118361,0.1185155144067705,0.1181223244272797,0.1171619538740002,0.1183319282898005,0.1196436890062395,0.1162275001350452,0.1166398258446769,0.1147693308488194,0.1260775307566159,0.1085084955657322,0.1114148085675502,0.1086248881543185,0.1008150657712387,0.0977321515425395,0.104663309364432,0.0958495444119205,0.0957435091697014,0.0981502842867176,0.1033703794106934,0.1011624601354596,0.1043535311223297,0.0937550493730701,0.0948562359368599,0.0970847768240225,0.0986291047148451,0.0951399722958881,0.1013711807244772,0.0939066011016181,0.0973954214282326,0.096653998338173,0.1857872631546816,0.1301617057544122,0.1275566749735837,0.1413869670169802,0.137337578688246,0.1237056717986357,0.1067707873538127,0.1106902611889372,0.1403836887585573,0.1279166618662524,0.1858554228592846,0.147112003066235,0.1165917739633615,0.118323508557708,0.1282115501900214,0.1275409437638202,0.1232481055473485,0.1197636641966265,0.1169873644034985,0.1163090795033908,0.1166046432257455,0.126202506532596,0.1302472751040833,0.1286078936671327,0.122656899810581,0.1190403345922863,0.1246256361570967,0.1382250403617949,0.1164461151294337,0.1112369659959163,0.1100407257082565,0.1058396520487134,0.107842481009931,0.1134504844434711,0.1072568252460332,0.1087856239489392,0.112926010325242,0.1308593716341887,0.1393415889775622,0.1582791992055777,0.1217031223693936,0.13208724839169,0.1091587159833195,0.1037416517278043,0.1553385962567354,0.1117749406546618,0.1111586164961613,0.1099926975295562,0.1098207733086983,0.1151838967662617,0.117241732470357,0.1129498247850156,0.1192594855961002,0.1134088460301876,0.1100447102589644,0.1129210094258447,0.1172220713381974,0.1150227063540433,0.1171251865477266,0.11039768100442,0.1073389054749896,0.1170722712576634,0.1165412226782985,0.0,0.0884672046166012,0.0752474094343311,0.071383517469855,0.065759696454444,0.0732426917195456,0.0646320546101741,0.0720162126503457,0.0763524510695373,0.1023349533671031,0.1134574869997885,0.0686434605321792,0.0583371937646994,0.0691687322561862,0.0719786555120284,0.0676201733074418,0.0749752054657059,0.1159823861621922,0.1178154846627874,0.1217120573039708,0.1170055565784178,0.1454505757075983,0.1328143669655524,0.1275726937165196,0.1171034743338954,0.1249775912326623,0.1202742312854212,0.1368953768133584,0.1248878173532091,0.1172870514170858,0.1075278292674159,0.1138348926588678,0.111099823281772,0.1452482213541904,0.130675239664994,0.124465445711116,0.1019103771941052,0.1075383618914166,0.1028857408949875,0.1370418277316382,0.0988826135955015,0.1151542437215151,0.0997895686008839,0.0986711824881028,0.0964771601608041,0.1410200448703763,0.1017824744228492,0.1133478734673773,0.0976989020132118,0.0995795150636429,0.0949553010554044,0.1448067540246467,0.0977380456977752,0.1173201514526908
326907_11_consensus,0.1277097057283454,0.1189489326926406,0.1089761519544088,0.1363073209739677,0.1224703893991976,0.1053017203815808,0.1444347431587366,0.1409907650092577,0.1335329772721663,0.1451225374013313,0.1392557417564009,0.1387081213856867,0.1379380191954937,0.1126363818067354,0.1016076914442788,0.1176566711353429,0.1054487821431184,0.1029627119212984,0.093668349480865,0.1046197187394178,0.0971867234178419,0.1248747404590918,0.1032609107910481,0.0902792062129601,0.0981891969969629,0.1144468048512179,0.105489465273136,0.1231557713786392,0.1100542824699956,0.1111048095442987,0.1056445296031446,0.1114177728178932,0.1093012337367482,0.1243837050040462,0.1082629137958068,0.0965280727163265,0.2076695879118135,0.1479356662261346,0.1427744446702168,0.1661072794094739,0.1592356450804332,0.1455468763420634,0.1328261218514419,0.1257718371775366,0.1610942439764315,0.09685973898417,0.1247754913987896,0.1016348050454932,0.0929882239044562,0.1063614570021644,0.0926456424639916,0.102627859445907,0.1137141253033984,0.1188811401620473,0.104477279067501,0.1180101034505136,0.1091851473063725,0.091100139327182,0.1106917059581558,0.0975104354446957,0.1200463168663328,0.1156608410939352,0.0937410320657194,0.115552893467867,0.1088589608077918,0.1175236337446459,0.129431982209509,0.1226743430726177,0.1215871257791337,0.1157135293825028,0.1280212561960043,0.1245080424270204,0.1176003687640717,0.12210039518062,0.1484463052067838,0.1351554080111915,0.1198307187744244,0.12297824350183,0.1275115144886049,0.120953438122276,0.1273069789497974,0.129557051049203,0.1330667723348847,0.1245804526763489,0.1205328771096388,0.1402382124576763,0.1428768853526779,0.1284379516593528,0.1471300703115785,0.1348003501922781,0.125741054912032,0.1400523068510173,0.1495560026540573,0.1405817633612694,0.148182203703335,0.1311460315439406,0.1215966607163835,0.147047797649398,0.1440636264480091,0.0884672046166012,0.0,0.0811498144588624,0.0758614976070168,0.0867804177518923,0.0814341370459804,0.0904734219517517,0.0917701994298101,0.0811504589474222,0.1370493459285857,0.1423181486950529,0.0500231915284382,0.0492310622508007,0.0429640590826549,0.0737499655359041,0.0573301728840427,0.0342598558906856,0.0552596926253132,0.1447643998879484,0.1523776479580551,0.1461219849039932,0.1845623991619479,0.1702139743146831,0.1628043713071331,0.1446969756680982,0.1581840881465362,0.1497534406332618,0.1755059893964159,0.1597943718287737,0.1464992550207663,0.1235497957759338,0.1381684053332331,0.1305206353680294,0.1845231326953326,0.1689757483514231,0.1591005917416049,0.1095104083282993,0.1039741998747282,0.1202417616884042,0.1725525291845873,0.1006528720244902,0.1127827675600006,0.104234704832317,0.1124487029365264,0.1058649925227368,0.1813801753430525,0.0930443106114621,0.1419849496563679,0.0970740873093282,0.0998774210858416,0.1053001745951707,0.1851590642675857,0.1008976874621383,0.1411612769525996
326907_12_consensus,0.1134032945131384,0.1076165198092727,0.1154349122508859,0.1106137535034932,0.1093022697148403,0.1103335152286111,0.1175211114277573,0.1146746181414519,0.1072008964611654,0.1149676069384838,0.1120124445189934,0.1118463990981485,0.1227157148430504,0.1213930379091337,0.1342447501772726,0.1116326804423041,0.1116521477926556,0.1139256845685792,0.0759921635514489,0.0755727951643014,0.0756757884165244,0.0859340712798973,0.0743905025828537,0.0807395532074578,0.0749346062221241,0.0760883335508859,0.0736810616796933,0.0851663750739264,0.0755197479022651,0.0749628462577579,0.0742012051536908,0.0747225226154367,0.0751028948517332,0.0845690730166126,0.0758588377201184,0.0767402912857526,0.1782075467912821,0.110601427205133,0.1063271726006596,0.1304332862631655,0.1214354282672831,0.1049020311277067,0.0958023835567003,0.0932487229050416,0.1341304657696977,0.1063291345227472,0.1859195074420355,0.1301656642568554,0.1007417674143909,0.093509771187235,0.1121749701622338,0.1018478101815296,0.096268935749925,0.0926344928294004,0.0967998362375684,0.0914695820387854,0.0924278553542429,0.1066458351338249,0.1118031968401269,0.1119543714721666,0.0998872056845471,0.0953230534900739,0.1039636769947573,0.1420244900642901,0.1248675726476777,0.1116153399401122,0.1157648806798781,0.1121005980414284,0.1088948332003129,0.1166176935036562,0.1139469420444671,0.1129616301050816,0.1088081771481975,0.1244393814298187,0.1448161822496487,0.1530507076113612,0.1149079591173449,0.1228600775783602,0.1145894016570246,0.1100313032086664,0.1609605018105318,0.1138001327976472,0.1160193845901002,0.1118114885670254,0.1079152925130877,0.1188996086226878,0.1239087205290968,0.1134542074619861,0.1207053739420058,0.1128069530193689,0.1072004081204963,0.1180495859069255,0.1242179307479653,0.1180821182155523,0.1231627717470813,0.1128102023226709,0.1060131751806084,0.1210107343864651,0.1235456168888982,0.0752474094343311,0.0811498144588624,0.0,0.0400665435666477,0.0315475297706143,0.0185622795425951,0.0413328274703443,0.0440895663414387,0.0240384106625639,0.1039149599770316,0.1206975884989139,0.0481305202990274,0.0482515522220603,0.0469803579620141,0.02892432186587,0.032325944812189,0.0594834169754135,0.1277412113754009,0.1088150564988827,0.1183465527112151,0.1112708467674356,0.1526440559592675,0.1370503072463302,0.1265552289417253,0.1075719516572538,0.1227327290195055,0.1138240140963056,0.1443543832258959,0.1309859211132804,0.1159894797426499,0.1005952094130993,0.1115486508651656,0.1066593933195079,0.1523564741373499,0.1355017825952489,0.1247517647347626,0.1162436453804776,0.1296949645146271,0.1197371339221941,0.1572331592212957,0.1061941619178833,0.1414240210459051,0.1089455227777381,0.1074760192168689,0.0991602534588629,0.158377826211422,0.1112004642482128,0.1279926927926801,0.1027674676546475,0.1017329457851745,0.1022286357923078,0.1638227828053093,0.1045465609578283,0.1385140597678056
326907_13_consensus,0.1166871295130487,0.107885423877828,0.1085752672963163,0.1150933653220642,0.1105600360346199,0.1093804018681816,0.1226419230699259,0.1205665685357114,0.1109929036590863,0.1204626161646533,0.1161773082454381,0.11692410331019,0.1304283773822319,0.1217928330880113,0.1247136628666285,0.1107408636409344,0.1069817935706225,0.1082098548145601,0.0799977011686927,0.0830782752708427,0.0799217734392239,0.0957119432672683,0.0813440352033931,0.0877116159056137,0.0804367718191266,0.0823148181649025,0.0803479941361996,0.0963235798582262,0.0826372411815713,0.0849174030078653,0.079312704872271,0.0797173054469477,0.0786066083076284,0.0938648376849823,0.0820434577652346,0.0818918419817398,0.1926916053843799,0.1248225668166105,0.1182405120827767,0.1448954784504856,0.1366970930321957,0.1176671741422252,0.0961253539842017,0.0853296826082832,0.1297656782893602,0.1022333860955082,0.1764482060885229,0.1210467804160043,0.1037976926000664,0.0980191209716055,0.1098499529028148,0.1002118158630338,0.0988501877313522,0.0997864311149281,0.0993951700441957,0.0987561236578037,0.0963135563704345,0.1045558611022887,0.1131580873504281,0.1119388849055393,0.1031900715280426,0.0995250771529765,0.1012073162661547,0.1267609730653259,0.1130899721111612,0.1044778357564721,0.107931914358965,0.1057858925060644,0.1017306184077178,0.1064605823766671,0.1097539813572299,0.1061512418808545,0.0979683179625245,0.1066049305446456,0.1211725031942478,0.1321886021726639,0.1004081177015983,0.1064999715551769,0.1067245640120826,0.1022006348574584,0.1405708659771537,0.1164299506700205,0.1197806511618362,0.1148855512348462,0.1089189172814816,0.1238227902950676,0.1313408939827323,0.1157591883384826,0.1264991444084684,0.1185247410687629,0.1066507468209231,0.1220751068754994,0.1292330947201908,0.1200446269643172,0.127801128425492,0.1146617481599703,0.1073963848045664,0.1262884966753074,0.1299264109413228,0.071383517469855,0.0758614976070168,0.0400665435666477,0.0,0.0397111203142796,0.0430413130995855,0.0393773689038129,0.0347220908660374,0.029523846505259,0.1016811749874607,0.1074379059394721,0.0415762817206929,0.0390910741777676,0.0424858594258883,0.0483885515445004,0.0355467479827252,0.050953068334022,0.1124544551893584,0.124400835449115,0.1352059858780591,0.126529029888415,0.1697544906881169,0.1533985085957391,0.1442878849214417,0.1233417444097742,0.1393727397285681,0.1300978480683275,0.1593002767738987,0.1449498327779784,0.1295608868319765,0.112213405590381,0.1242904333897458,0.1199985967003264,0.1694577589582806,0.151170187248189,0.1408171570423057,0.1191349706789618,0.1240411745293633,0.1247305508072323,0.1665118611378384,0.10049238953457,0.1412668237057128,0.1091853495930615,0.1090633176415966,0.1001480463163172,0.1686425309595998,0.1018091046948527,0.137151595402743,0.1011975430294883,0.1005429158379113,0.105868048638596,0.1733363497378838,0.1041037195955714,0.1468737680469412
326907_14_consensus,0.1165577392120029,0.1121409823478182,0.1209546044934855,0.1142140883429631,0.1145309439720217,0.1153520290790706,0.1198382044497694,0.1195247334121601,0.1141142165452348,0.1178585741001391,0.117317589972523,0.1167681544067432,0.1250322230771547,0.1260674852871516,0.1399015558355544,0.115567663350272,0.1171165187661608,0.1184107813786095,0.0862762645793583,0.0843640297403382,0.0876114771649056,0.0887306369932231,0.0829506385502312,0.0890965019196377,0.0866847468678475,0.0847883645472354,0.084880506062876,0.0873141377159787,0.0821635432259202,0.0824427110786318,0.0832591189232598,0.082116379142019,0.0846869059599,0.0868432633398493,0.0839709785324704,0.0861765860302235,0.1828352281600137,0.1156399174866322,0.1126993209043052,0.1331246060111355,0.1255376146917917,0.1085549966720422,0.096627583524133,0.0952424288165734,0.1350262424201941,0.1203068520898183,0.1951956726439055,0.1434986941286446,0.1133952095486046,0.106986494532834,0.1250918814293182,0.1168140318848476,0.1103177954556339,0.1064714747276469,0.1087192361812089,0.102741471858853,0.1053805898876306,0.1199781666475292,0.1252580225898789,0.1258309742130676,0.1125709234277458,0.1076230075195514,0.1176419378092838,0.1494248139692996,0.1307391700772073,0.1190197559522397,0.1202139709178418,0.1170248651027822,0.1151787514345344,0.1234309079113936,0.1185531393134963,0.1184636326752655,0.1162791044762196,0.1323722853854943,0.1479114919310128,0.1615073927389408,0.1229272315123893,0.132037098705145,0.119092607853815,0.1139180647693439,0.1663911433630924,0.118713201157423,0.1203006393058397,0.1175343419257116,0.1147248070674512,0.1226134672008555,0.1266733901704816,0.1194375987647889,0.1247859756931485,0.1183131505435862,0.1143260255096739,0.1213852618753871,0.1263632902737529,0.1223519342968338,0.1258674926909768,0.1178164157737258,0.1122083772149192,0.1238767290939057,0.1265264161079328,0.065759696454444,0.0867804177518923,0.0315475297706143,0.0397111203142796,0.0,0.0303811221656919,0.0238271227946672,0.0301965887615841,0.0293275454517211,0.1015033364166226,0.1193589189469713,0.0472376259032151,0.0470780510014776,0.052066044737192,0.0352719665534978,0.0406876907242607,0.0619802216943266,0.1284294137560679,0.113866230969018,0.1215078187597391,0.1154090163392974,0.151935624016592,0.1374909792267214,0.1281743128613157,0.1125093268296726,0.1255059978602433,0.1180527510780594,0.1438431793333724,0.1317413805193867,0.1192225503191353,0.1073025828025445,0.11595783431625,0.1121905386443946,0.151703135008756,0.1357587185967776,0.1265725439062335,0.1199408315798599,0.1342926916722327,0.122515725809841,0.155605828628678,0.1130436226577393,0.1431493044653112,0.1142265555596145,0.1134451787340276,0.1067955383732332,0.1561030178343276,0.1180454342564499,0.1290091886882983,0.1093943615449709,0.1101378525576812,0.1075779174295169,0.161201643977784,0.1115559181321151,0.1385304491947122
326907_15_consensus,0.1092391141596196,0.1044664316857695,0.1144391404791812,0.1069181213478397,0.1070157492414215,0.1083878647046114,0.1128585404577074,0.111527852788166,0.1055392909262151,0.1110587050789276,0.1094240122877566,0.1088311805931747,0.1177895310958341,0.1181856151585384,0.1337720124371868,0.1083153241314729,0.1096594101847268,0.1120352588621314,0.0774185013771385,0.0760693181419153,0.0782967725467215,0.0836334553855254,0.0749952161171925,0.0809911637548982,0.0767650476964151,0.0769311415594119,0.0756505143339061,0.0825768584171935,0.0754107249988143,0.0751060848402653,0.0754574022880466,0.0751707967839735,0.077195280612367,0.0821932016976747,0.0769040441787781,0.0777054029377711,0.1727323235885991,0.1065540486670763,0.1032518145816386,0.124704985354688,0.1162825779400934,0.1001644746897401,0.0914350876640282,0.0911587240659873,0.131479155623869,0.1076951671058957,0.1868575789286754,0.1327794403491028,0.0999940137460257,0.0926316461256329,0.1126363228515988,0.1033335428073192,0.0969302680550239,0.0924470044639254,0.0956605416817944,0.0895943073995619,0.0914794466466652,0.1072747999462543,0.1123333151534651,0.1121965123203335,0.0989537092385506,0.0941936224543466,0.1047825939926698,0.1418628722735743,0.1230958305363116,0.109743198429886,0.1133824162334938,0.109556906542391,0.1072865012974572,0.1153237400034404,0.1107317662408411,0.1105691175115445,0.1086040671917518,0.1260535470626412,0.1470860540027425,0.1555119222815705,0.1156913100039898,0.1245768582577539,0.1120302418984309,0.1075282234312505,0.1621323557277116,0.1094393199915172,0.1116824878498725,0.1078289718185195,0.1042965589041775,0.1143388209891448,0.11859961766396,0.1096435867618432,0.1161132050885194,0.1084656085208806,0.104664980721032,0.1133813012105873,0.1194501222370734,0.1143758558991044,0.1187365518705407,0.1089320502944128,0.1028308785112603,0.1164390424102752,0.1186702072199034,0.0732426917195456,0.0814341370459804,0.0185622795425951,0.0430413130995855,0.0303811221656919,0.0,0.0395228082931501,0.0455908365355446,0.027585572152663,0.1026478276002452,0.1195208779154618,0.0494852923474677,0.0478680066007135,0.0478544648303188,0.030886461900139,0.0326630395431012,0.0610508655464358,0.1283341900070893,0.1051281400323314,0.1134678238482104,0.1068735649416489,0.1463320501121489,0.1311598518512455,0.1211189968944767,0.1037703576560826,0.1179258702086227,0.1097845745307346,0.1384143118247535,0.1252413202615085,0.1112359294831771,0.097302436717094,0.1072740563013199,0.1026361324447239,0.1461329002814564,0.1296382741930315,0.1194058279216545,0.1125138589292961,0.1284783173219369,0.1157361828922354,0.1512066684812276,0.1060064667905981,0.1376001984789647,0.1065588324371601,0.1058144635359702,0.0978910007871379,0.1523574204379105,0.1109732308637772,0.122644285583343,0.1010160428761789,0.100976760644084,0.0995627495917359,0.1576531594171664,0.1029580559483705,0.1331302329597811
326907_16_consensus,0.1190520248316357,0.114435534042058,0.1219923541220292,0.1173848609829921,0.1168438120127739,0.117679747253028,0.1224846054237363,0.122459419143028,0.1172148471737598,0.1207724179806729,0.1200530063774131,0.1202235285462337,0.1283358237635841,0.12847931816521,0.1407876655642882,0.1180320672920502,0.1188802299752318,0.1199599190909077,0.0895639893295855,0.0879721681214178,0.0911859559453751,0.0918945538937002,0.0861372039422143,0.0916471725788123,0.090059630598355,0.0870537243988535,0.0879719591247096,0.0925860141100207,0.0856163225057063,0.0859099877609533,0.0866584032102809,0.0852219957855506,0.087723092220981,0.0898220966193505,0.0866926975628558,0.0895719764735055,0.1900496510042306,0.1246090968306414,0.1206621539490417,0.1398514288524307,0.132509388153998,0.1146395879318375,0.1013098814524896,0.0980150454855768,0.139700084758509,0.1263958034049616,0.1990828550679893,0.1481691046791534,0.121271962707152,0.1154478886764252,0.1312008347147077,0.1235386456289088,0.1171376709130013,0.1125408944848565,0.117123367559811,0.1109230295960425,0.1127840055229776,0.126677723877771,0.1308520687264946,0.1316530776359507,0.120597246790898,0.1162441373684051,0.1243132360717274,0.1497814816952831,0.1321108107002035,0.1210724958668688,0.1225731609484117,0.1194905216687008,0.1178931407313756,0.1247324668876679,0.1203029827918517,0.1200621752234532,0.1194768674281891,0.1343385406127739,0.1462827537701435,0.1623840616756987,0.1256841169418088,0.1343721335993128,0.121119328729661,0.1150623613457172,0.1663026505532634,0.1198730473766488,0.1218861321814886,0.1192078497482998,0.1162869261133993,0.1238128460957191,0.1282300858244742,0.1206632430944069,0.1259846400004725,0.1198961638464887,0.1158434330753294,0.1230106941160399,0.127852240855172,0.1233284041976135,0.1272940717998942,0.1191592652614939,0.1133729998316039,0.1245315002966331,0.127865518430542,0.0646320546101741,0.0904734219517517,0.0413328274703443,0.0393773689038129,0.0238271227946672,0.0395228082931501,0.0,0.0219155999407691,0.0353852433881725,0.1053149992298945,0.1193794329882099,0.0480926406273905,0.0495531685540096,0.0563456336959873,0.04249415658052,0.0495347774205189,0.065333903190192,0.1290694984642142,0.1200234826244874,0.1272417904476759,0.1213168344084875,0.1570384806002227,0.1429191901188176,0.1335896075270242,0.1188879665679841,0.1313233540430857,0.1245399909480096,0.1488928796736393,0.1366731561488388,0.1244681960952612,0.1134515235095813,0.1220182519316025,0.1182730137220817,0.1567417379998565,0.1408368627167974,0.1319414765456989,0.122909659608937,0.1365952350612932,0.1255329661549994,0.1578096939453984,0.1169953609064277,0.1452608935519117,0.1175196403878501,0.1159889607552022,0.1104518793205126,0.1579493902887277,0.1202298292970678,0.1317366066769536,0.1127329958466153,0.113490898218116,0.1115430250527387,0.1626022144871351,0.115684587777286,0.140762614146518
326907_17_consensus,0.1264962512096226,0.119987330521058,0.1250020076992687,0.1241123115390924,0.1217181567156338,0.1225158546380506,0.1301359095631407,0.1288686119490951,0.1218030612399388,0.127955424578944,0.1258085043459798,0.1259401096456792,0.1371461249890295,0.1347412032097815,0.1420298510919431,0.1238230914325263,0.1225254581282768,0.1237896736756939,0.0920126996194998,0.092068166255305,0.0922777463005408,0.0994099815638297,0.0902182705345771,0.0959296368382398,0.0922886172302797,0.0901802704546781,0.0896787127670334,0.1004802428196756,0.0907000684111212,0.0909114679864653,0.0898756525310954,0.0890604079420439,0.0893008598975764,0.0971855450240604,0.0903409143812967,0.0927694299142514,0.1989721496034065,0.1325539015209289,0.1278224475715542,0.1499188080624389,0.1416452624296904,0.1233624492146593,0.1043275957425836,0.0974095271215662,0.1395512268315727,0.1257702687380164,0.1981519940793532,0.1453538559145064,0.1237831249163299,0.1177536884855422,0.1321638888797828,0.1229778433943395,0.1176000050464715,0.1149565565131317,0.1193863918250816,0.1145102641242507,0.11504206644409,0.1270202559601718,0.1318491128076426,0.1326766729629516,0.1228036629347841,0.1185160483832466,0.1244764776978244,0.1491071828642386,0.1343954592117009,0.123947669270004,0.1258691429991472,0.1233196380099828,0.1205108603560602,0.1268728857906044,0.1251460110680138,0.1235595132121125,0.1198418200565941,0.1309685541270743,0.1413230090815066,0.157889034695138,0.1238339313194234,0.13118837442677,0.1244927496519121,0.1186029990000204,0.1628590783140077,0.1277944359171679,0.1302033302156154,0.1268579517726803,0.1228645058797883,0.1326200364240041,0.1380338243323671,0.1279461793297326,0.1345132208530665,0.1280917719295077,0.1217489412893002,0.1316297222158899,0.1368635276816931,0.130668361441035,0.135918908782335,0.1264433365564094,0.1201091085304962,0.1332321547301275,0.1372727467816671,0.0720162126503457,0.0917701994298101,0.0440895663414387,0.0347220908660374,0.0301965887615841,0.0455908365355446,0.0219155999407691,0.0,0.0347873761932055,0.110074188574904,0.1191655882830688,0.0497032058344995,0.0533221044808344,0.0582297807125148,0.04787490569798,0.0525467529998607,0.0657761739649955,0.1288028137461947,0.1283811958850357,0.1376394766059941,0.1305420001832423,0.1692196565497851,0.1544012497566861,0.1446759633930593,0.1272930126529909,0.1414577507864185,0.1337846434553404,0.1604877885170533,0.1476804327116582,0.1342795768709958,0.121052455728858,0.1309845726154128,0.1272525088106456,0.1688566808781821,0.1522265737568852,0.1425685779358939,0.1307159343726314,0.1408802212600798,0.1340903387459398,0.1690134916674289,0.1187611899721497,0.1528422998489931,0.1231827012639895,0.1216311819749092,0.1149534834128665,0.1690322228311886,0.1219831067772702,0.1419661172504026,0.1177644824842628,0.1171151814295306,0.1182387670638111,0.1737927882132125,0.1202499342686032,0.151372580672481
326907_18_consensus,0.1174373804209825,0.1104183518371162,0.1150701810961808,0.1145890710148638,0.111880818438952,0.1131220048717032,0.1215418212328908,0.1193704215727245,0.1107950795395564,0.1190962953750866,0.1153892018868207,0.1158290464096829,0.1287339259869276,0.1247306330309264,0.1337719811025828,0.1142291614374939,0.1123045929423025,0.1147535160829832,0.0778552691001529,0.0793971369594719,0.0772259244647281,0.0909701545984061,0.0778851653829294,0.0843552957589618,0.077471803919323,0.0789227711737191,0.0760523117047895,0.0909266055903201,0.0787254555682502,0.0793847908934394,0.076483499904698,0.0773856017211664,0.0765681071463802,0.089446345722631,0.0788712786949352,0.0797570651215369,0.1856187414928519,0.1170840999803901,0.1117439496742122,0.1374852863049627,0.1285352592705795,0.1108716658905451,0.095339969642088,0.0885526509518877,0.1324839569205627,0.1071132385751436,0.1853610834191873,0.128988187873842,0.104799479332893,0.0972513155927419,0.1139625765034023,0.1033399012485326,0.0991108279686533,0.0969784372801599,0.0998326836676799,0.0955572393569414,0.0959292716208825,0.1078354699944285,0.1145365424485113,0.1142420961445807,0.1031247642015857,0.0989498971112424,0.1055827252546671,0.1385915475117041,0.123268760564604,0.1114031445801761,0.1158757393938929,0.1130657838664881,0.109279325222906,0.1156866312317026,0.1153108718220427,0.1132202255119384,0.1073989595034172,0.1201658419300234,0.1382750167322081,0.1473416349024022,0.1119171449093558,0.1189848002289224,0.1143325228688356,0.1094481081948264,0.1549583425821347,0.1184788337830658,0.1216175649026718,0.1169914610482897,0.1119237933491744,0.1245454215382235,0.1304909943410612,0.1180899205710289,0.1266662840550721,0.118764455256,0.1110520864913634,0.1235052828136578,0.1300344304246816,0.1226609499427745,0.1288370325850989,0.1173576602325508,0.1101353808576201,0.1264554603402994,0.1298538790911959,0.0763524510695373,0.0811504589474222,0.0240384106625639,0.029523846505259,0.0293275454517211,0.027585572152663,0.0353852433881725,0.0347873761932055,0.0,0.10525786491057,0.1176257961387184,0.0454132845215382,0.0458140150957419,0.0459360250097653,0.0348841159360936,0.0336267557650063,0.0570668291125062,0.1242881215534897,0.1170458565368683,0.1274406950325589,0.1197408099720747,0.1620129483528734,0.146008653060069,0.1357820579733215,0.1158458610317723,0.1315958358725517,0.1227690677781171,0.1530730812668006,0.1394765716598885,0.1241721438034497,0.1080405593315849,0.1194833298202149,0.1147749254984701,0.1616976764953406,0.144218522831509,0.1335333030550213,0.1222051403446888,0.1329689795145829,0.1266768967686113,0.1648760337813719,0.1085189899695961,0.1465057814883733,0.1140024699302555,0.1129356321326988,0.1045158267737445,0.1658944797670884,0.1123078395019158,0.1356427869900106,0.1071427132068937,0.106777037316086,0.1083942063870958,0.1710487361672824,0.1093982950185608,0.1461705430375358
326907_1_consensus,0.1166546341679686,0.115584596143131,0.1285853543366525,0.112519283956415,0.1186166851313549,0.1250822224681579,0.1131704372040828,0.1150372842437209,0.1158212058404139,0.1126510555364109,0.1129137258428502,0.1133815502472617,0.1239202724695458,0.1319869171448265,0.1514604333091677,0.1156877432110995,0.1272222385394617,0.1284416263106591,0.1202116153827042,0.1134354455780868,0.1216977414981154,0.1082423234043438,0.1131150031954799,0.1252958305518536,0.1188141450503156,0.1110741489902428,0.118412020531007,0.104749643012823,0.1086468653375795,0.1116587643706728,0.1117092530889517,0.1059671521039154,0.1116611714846752,0.1043031639314213,0.1113968570899148,0.1164572014428063,0.1670280455527286,0.1141851471319724,0.1113980419713111,0.1258137562028194,0.1231724669541437,0.1116563766919348,0.0961508015609549,0.1045610326536366,0.1312489829553534,0.136541277565302,0.2124908183433675,0.1614365385265935,0.1269007166829326,0.1176172452666957,0.1404156002208356,0.1308902746298906,0.1218433734055877,0.1202117616357776,0.1171629686511986,0.1095237640143792,0.1150026914395517,0.1377778955962042,0.1368843949181844,0.1416444327368555,0.1138813571617268,0.1113244269000923,0.1319266377737824,0.1511741042159741,0.1272207491283235,0.1119396147615915,0.1058495657554761,0.107869865499776,0.1067117318947625,0.1171298578136077,0.1081066388496611,0.108017312364904,0.1108450604191257,0.1315189978327197,0.1413641574906743,0.1609273413337976,0.1201261660886165,0.131240409887588,0.1063308057910756,0.1073564866341071,0.1716481678211998,0.1167570077608277,0.116463911825326,0.1165308506768911,0.1154688177453367,0.1179400308426068,0.1233722838006745,0.1173112952517945,0.1179510294015061,0.1162757455982012,0.1110304626580365,0.1144832109077933,0.117361422811362,0.1140191344340075,0.1168683980010349,0.1127967391927823,0.1119351769360972,0.1172421560006356,0.121541209467036,0.1023349533671031,0.1370493459285857,0.1039149599770316,0.1016811749874607,0.1015033364166226,0.1026478276002452,0.1053149992298945,0.110074188574904,0.10525786491057,0.0,0.1024921919297889,0.1173801283710057,0.1070460184110253,0.1113136173273596,0.1130989912147035,0.1046781735585163,0.1224578423519728,0.1653963516596517,0.1121262520323889,0.1174789862161858,0.1105874862743752,0.1391150459380667,0.1259674497479622,0.1220705758702262,0.1099250056195768,0.1189013310800496,0.1131697862401776,0.1295752607032511,0.120344372207404,0.1121919116419257,0.1075963218924083,0.109653743228793,0.1109813376728923,0.1389803719459778,0.1243629962297401,0.1182097177792629,0.1226763286205946,0.1326673995452535,0.1225527764382398,0.1448297627346041,0.1157617093451056,0.1468467341837524,0.1175976669241146,0.1127749420504816,0.1093443436032392,0.1446068813430967,0.1226578039684712,0.1257993943141052,0.1160377576841455,0.1142842930369953,0.1128390325687557,0.1487044852315661,0.1140505866770806,0.1377471443840037
326907_2_consensus,0.1224481892001236,0.118583134804447,0.1237855641841716,0.119491992661863,0.1206331423421165,0.125386164434208,0.1216252225655884,0.1232900789461294,0.1202778664916691,0.1227067739174482,0.1188857448594649,0.1183552782423209,0.1350703214143165,0.1358024605585796,0.1429502221408043,0.1170485022958003,0.1235509476788481,0.1249747879939058,0.1272268781476531,0.1248377877027992,0.1280999277328587,0.1238428012315269,0.1244628178626032,0.1363900045320224,0.1276507236645559,0.1210018083343862,0.1272121538675366,0.1222699048016224,0.1205979745546716,0.1244302216084145,0.1206588836435881,0.1161979269133998,0.1192438822964888,0.1204132743873437,0.122020934322915,0.1247850678733768,0.1877685196057765,0.1330250521712433,0.1280818996679093,0.147320052184134,0.1431969929242634,0.1311791226535262,0.0984100108411849,0.0984208796279079,0.129840982541461,0.133058144523669,0.2035507124589712,0.152680328221906,0.1304306976722209,0.12146982156548,0.1383118865205408,0.1294333789919313,0.1255071665954136,0.128273346285572,0.1206143292433235,0.117725692516776,0.1179109698341538,0.1362000659136362,0.1371396965045339,0.1411959287305784,0.1174836835873051,0.1157893478474988,0.1298828649503082,0.1273964523290342,0.1093627074370528,0.0974524247015285,0.0928201226745485,0.0961307939391072,0.0940051755934584,0.1001979495434692,0.0988702622169879,0.0953092926550532,0.0949455432086931,0.1073623269210772,0.1160629897883984,0.1349882310188901,0.098469268705802,0.108086808651806,0.0927106062382748,0.0941385529669896,0.1440425220602653,0.1213398444454549,0.1232583001198993,0.1200820558800864,0.1169778115583631,0.125458277704909,0.1324058215600582,0.1189890936515577,0.1260856689600203,0.1235254684599675,0.1117128509715599,0.1212561203904627,0.1262104530166685,0.1179525675827082,0.1248017390423239,0.1150139176119974,0.1153043952575363,0.125971190655511,0.1299542742830777,0.1134574869997885,0.1423181486950529,0.1206975884989139,0.1074379059394721,0.1193589189469713,0.1195208779154618,0.1193794329882099,0.1191655882830688,0.1176257961387184,0.1024921919297889,0.0,0.128799335549632,0.1165347831400034,0.1209722501136376,0.1334546840238404,0.1169242252906621,0.1300448472241663,0.162379688088968,0.1283171789711634,0.1377737969450916,0.1276424541880364,0.1618028152016215,0.1477456477186172,0.1435181750863541,0.1273753286809277,0.138550207161701,0.1312792063692552,0.150296483294083,0.1382790350759606,0.1288531745600626,0.1195589026079376,0.1240249328199334,0.1250585807607815,0.1617651608659888,0.1444367855157217,0.137362121625458,0.1269277710476431,0.1287704919818923,0.130310653797232,0.1584075801867739,0.1151860043515757,0.1489295078095754,0.1185591166634376,0.1157726370979445,0.1108686042265499,0.1592217632015256,0.1157694231026863,0.1379441250972666,0.1173447682708785,0.1147856148054314,0.1186805814452877,0.1625688191781056,0.1148110386791457,0.1503343999839225
326907_3_consensus,0.1183537245743935,0.1102494435349157,0.1081892617428236,0.1221521086207682,0.113003774378703,0.1050586938300486,0.1297617240281854,0.1269579066834519,0.1193509132452035,0.1286763411041079,0.1244937165647658,0.1250761267041198,0.1290834723498739,0.1147138911205266,0.115884609941676,0.1122980594299114,0.1057838690972798,0.104983007991093,0.0798087643264912,0.0859239844670649,0.0824994410509022,0.1022771168433081,0.0840571976219021,0.0784980792425587,0.0826653405630881,0.0915788605621304,0.0857320525322105,0.1023310982335446,0.0886394576683294,0.0890256709220099,0.0856729705173716,0.0893653495139058,0.0880849576962792,0.1010769356905761,0.0873922588477945,0.0819085744860026,0.1990609919589607,0.1334114669095976,0.1283682377229933,0.1516080720913348,0.1436305573388773,0.1273469546183475,0.1176318351784723,0.1107023530967777,0.1516748553482621,0.1064013000572532,0.1626889525178808,0.1208004614322167,0.1034500846497098,0.106671352526372,0.108017554694025,0.1077051800959151,0.1096096124574359,0.1103170748547799,0.1074125925810418,0.1112240916383843,0.1062674258295691,0.1052019959406727,0.1163824307791287,0.1106988059183629,0.1169741078212199,0.1127265232699589,0.1048128203393709,0.1301004279503469,0.1181139403862903,0.1159707680252039,0.124013546227422,0.1186798668832076,0.1167273877466394,0.1169642887410961,0.1218177144724337,0.1196745113007237,0.1145633923612801,0.1241509905808712,0.1422028954921746,0.1451152159195856,0.1189722016432835,0.1244396241555674,0.1219798948687235,0.1149436450273081,0.1447607165308934,0.1204648614749756,0.1235987953416405,0.1174679960157184,0.1135525802173386,0.1285731523764716,0.1328073742084211,0.1204057130327716,0.1335805668012673,0.1232384764450074,0.1156663715502076,0.1282642526456174,0.1359971321904258,0.1282545202113868,0.1348837849110949,0.121336261532035,0.1124117354660698,0.1327462755472666,0.1327479288037663,0.0686434605321792,0.0500231915284382,0.0481305202990274,0.0415762817206929,0.0472376259032151,0.0494852923474677,0.0480926406273905,0.0497032058344995,0.0454132845215382,0.1173801283710057,0.128799335549632,0.0,0.0256653109134086,0.0248869955997787,0.0399928488991927,0.0344010182871423,0.0274006272270458,0.0899603822036941,0.1278228238091096,0.1360636421634406,0.129935886135701,0.1695261759384151,0.1545952260004458,0.1455392165658096,0.1274390005813927,0.1416554160411377,0.1332120721379828,0.1605246488898794,0.1457917758099947,0.1315451253314843,0.112520942803282,0.1256038279832022,0.1191674041867802,0.1693672479567111,0.1530213575090436,0.1428809054099494,0.1123823323406787,0.1174542743404127,0.1194789456328861,0.1643437939841434,0.1037757163393928,0.1273490783636065,0.1066497516146183,0.1093869887895748,0.102905249562327,0.1691811874318364,0.1023875236240009,0.1343991809937197,0.0994769662128324,0.1004377757862775,0.1033939433556627,0.1733681591681846,0.1039841019928185,0.1384670263390003
326907_4_consensus,0.1106335772484466,0.1040670806435614,0.103622453854001,0.1148364107716162,0.1077173358759506,0.0999491949157695,0.1214829258854788,0.1203279087876168,0.1135949396599451,0.1208865185919241,0.1177068025706154,0.1176088357810089,0.1216033848346989,0.1092574596779527,0.1128096398509106,0.1042815221726587,0.0998686826913043,0.0996764258434151,0.0766546156722622,0.0807845380390107,0.0797123577114522,0.0932439215503465,0.0788535294755726,0.0766525620201804,0.0797502267997037,0.0863441727617325,0.0832594286952029,0.0919383230012757,0.0816792727161662,0.0836474171176952,0.0801222377203163,0.0819355858409124,0.0830440494569429,0.0918110102470556,0.0821840626192021,0.0769188705105017,0.188743894072023,0.1245403362182673,0.1194361783912802,0.1422157558737411,0.1352400163808439,0.1195220823198568,0.1048932137253036,0.1003143349002426,0.1401033891952686,0.1009928389551658,0.1597869354717613,0.1178895110326706,0.0949166513201616,0.0978217976655315,0.102400748793449,0.1016296091501471,0.1032185771434203,0.1046365871249748,0.0971326441624347,0.1015313210319824,0.097569095297162,0.0986796855826926,0.1106088821346845,0.105202456144189,0.106471500921906,0.1022986914984859,0.0979520213530614,0.121597115878003,0.1060037249207738,0.1035257372737146,0.1095566366302115,0.1046528777387625,0.1036882060920542,0.1047341428337089,0.1083304128939401,0.1064083436646389,0.1028534994410735,0.1151334182120829,0.1342517362143516,0.1382744282754335,0.1084855457518097,0.1155192176108199,0.1078509294137251,0.1020703318040105,0.1377033262774151,0.1092974867711099,0.1118042696775133,0.1063373259906235,0.1026725146417587,0.1172692247361729,0.1213596966699113,0.1092269459940531,0.1222286288791311,0.1126523556964515,0.104177911048987,0.1160039515776011,0.1235560913201461,0.1162822520984635,0.1224743325596044,0.1092502042669581,0.1018821526191193,0.1213115979541267,0.1211839168791597,0.0583371937646994,0.0492310622508007,0.0482515522220603,0.0390910741777676,0.0470780510014776,0.0478680066007135,0.0495531685540096,0.0533221044808344,0.0458140150957419,0.1070460184110253,0.1165347831400034,0.0256653109134086,0.0,0.0216833292140969,0.0451535615651774,0.0264039271504442,0.0288390927839744,0.0883952127145119,0.1196954654125347,0.1272821054147255,0.1206413645275398,0.159137152214996,0.144124302042715,0.1363864259438949,0.1191834821612909,0.1322154783353997,0.1240836188918402,0.1493820425157816,0.1347802454723636,0.1216660487978146,0.1040401145891174,0.1155386600061933,0.1101209960436577,0.1589862019227549,0.1422621393026459,0.1327996020225541,0.1011749935078994,0.1066708491304297,0.107928324600875,0.1522454173298699,0.0940779911750912,0.1166555538900871,0.0953201631719057,0.0990774765561876,0.0921677231311723,0.1575041074244366,0.0920220553729536,0.1230901050315606,0.0888682837069768,0.0910671988016092,0.092812180622328,0.1617427759676503,0.092437436877725,0.1279268059567595
326907_5_consensus,0.1146736706346489,0.1064818585844429,0.1040413461138889,0.1185760220437717,0.1094682588534806,0.1009666943206616,0.1261440506738202,0.1233091718527213,0.11548142313955,0.1252566426110077,0.1207757512531276,0.1205945721028649,0.1255677945608946,0.1108426117509186,0.1114774807350628,0.1074303313756494,0.1009518450328574,0.1009252615407901,0.0734278952452464,0.080359393052004,0.0758250904627944,0.0979574529500073,0.078723599399067,0.0740381114021706,0.0765094762203064,0.0866483146304794,0.0805426679562824,0.0973566025477653,0.0835480878261735,0.0843888224506092,0.0796899916359537,0.0838637408050835,0.0823190535862391,0.0967029991897308,0.082260213315062,0.075382056291531,0.1914637110384513,0.127045851180458,0.1215511112234599,0.1464187017779587,0.1381601686783799,0.122933477839839,0.1109384518217307,0.1047075833441793,0.1442878743192869,0.09582912586687,0.1537564442204994,0.1110078485601524,0.0919847418203272,0.0954830205701649,0.0972217257596886,0.0968483211082484,0.1000695405603248,0.1020239878288435,0.0956627360257746,0.101326361790933,0.0956869114588543,0.0935212800453951,0.1066747968698724,0.1000061064231121,0.1058567472015695,0.101546680558252,0.0932953629973292,0.1216238199383144,0.1093638037343341,0.1069632007305278,0.1159663451114406,0.11101447922799,0.1087607477863362,0.1082982666825219,0.1146070804903102,0.1118929785966052,0.1064428770249264,0.11656596648799,0.1381668321198062,0.1375882969300215,0.1108568839741649,0.1163552109297486,0.1139947483014057,0.1079302000389332,0.1375173191326389,0.1135748624623139,0.1168995491127748,0.110012514662176,0.1057433376415312,0.1224054047645648,0.1267899938960206,0.1128937717959973,0.127498901636128,0.1167287181325672,0.1079561185614392,0.1218108037410752,0.1302311088178879,0.1215065396039626,0.1288521793535776,0.1139192403806803,0.1052752047831209,0.1270115536285729,0.1269820883287125,0.0691687322561862,0.0429640590826549,0.0469803579620141,0.0424858594258883,0.052066044737192,0.0478544648303188,0.0563456336959873,0.0582297807125148,0.0459360250097653,0.1113136173273596,0.1209722501136376,0.0248869955997787,0.0216833292140969,0.0,0.0429399106018248,0.0260723059275847,0.0246178490414833,0.0868106113820122,0.1218740080727621,0.1308445301177112,0.1237865413486632,0.1650932044722701,0.1495739275658175,0.140850326042023,0.1215139407194127,0.1361966359605586,0.1272454637759478,0.1556022645914363,0.1402816387330527,0.1255118001802671,0.1051294694223282,0.1185591795729431,0.1123659402972434,0.164957717632969,0.1480536250878313,0.1373828538624254,0.1053897636202601,0.1091360229107666,0.1127838097840041,0.1598137377909469,0.0952628376581172,0.1205108276064442,0.0985351682600872,0.1020306235778171,0.0946592195440999,0.1653985530829353,0.0930782425392835,0.1291230431305918,0.0912282889687314,0.0924969963308956,0.0962174536151537,0.1697625851427499,0.0949772068342964,0.1337253603455574
326907_6_consensus,0.1170371996702164,0.110840889570196,0.1170190971541701,0.1165881583910362,0.1127968673147512,0.1102531056342882,0.1234861549521372,0.120492902251236,0.1140778019704964,0.1212339294398433,0.1186951098705266,0.1185238808479341,0.1243786401809413,0.120365473616323,0.1322488230294799,0.1149778382080608,0.1133142445064454,0.1142346397918583,0.0807018924993639,0.0817617390247106,0.0817778214288148,0.0931684330452393,0.0802122864426543,0.0805482705844716,0.0806906362253896,0.0851903104858108,0.0810706662173954,0.0925389954517695,0.0826632470138799,0.0817456313746059,0.0819428838729803,0.0839603020670016,0.0841287403738982,0.0921770843471381,0.082966068188294,0.0815486454656328,0.1853435490688175,0.1201473110529513,0.1164486724667596,0.1379372219062323,0.12978025445984,0.114215661983462,0.1093677199589157,0.1067257798897811,0.1462361613472262,0.112968136872082,0.1834977218409329,0.1340799200226799,0.1062572198296945,0.1039379638221599,0.1161896227699492,0.1105572364143837,0.1064595930568987,0.1017738456375615,0.1065916172560628,0.1034765284214827,0.1029837550084873,0.1124429894385733,0.1181838497109624,0.1158483409546049,0.112469202369848,0.1079765350739084,0.1109645740942395,0.1476027638342389,0.1313413677485854,0.1213371775105675,0.1270556504769184,0.122305960742551,0.1198645553867847,0.1257480395667047,0.1236935919998569,0.1233780119188144,0.1200570894447181,0.1349873646314638,0.1546064119952999,0.1615478385231306,0.126485478995913,0.1339878202448912,0.1255586762432916,0.1194861581592202,0.1658483176330859,0.1205730265450382,0.1227572809095368,0.1182410340662257,0.1154265555479048,0.1258187189265295,0.1292458668510832,0.1210640433961375,0.1289086760120415,0.1201353662113761,0.1164113972252395,0.1257427248930129,0.1317527884054616,0.1266385852667093,0.1310798665980796,0.1208843871561935,0.1137314656139411,0.1284850583268658,0.1296742428150208,0.0719786555120284,0.0737499655359041,0.02892432186587,0.0483885515445004,0.0352719665534978,0.030886461900139,0.04249415658052,0.04787490569798,0.0348841159360936,0.1130989912147035,0.1334546840238404,0.0399928488991927,0.0451535615651774,0.0429399106018248,0.0,0.0362138992073754,0.053523442918089,0.1199195426261075,0.115040789774969,0.122603617114457,0.117307186950859,0.1560435447542794,0.1413104460634078,0.1309043863840531,0.1142248307057307,0.1278987163980136,0.1200070766970022,0.1487222969743589,0.1353282754755181,0.121383619052102,0.1053772551919624,0.1167775271242612,0.1108418013022121,0.1558714682766248,0.1402240853614528,0.1299479150450569,0.1170235108656507,0.1296947264849363,0.1207038691891392,0.1591814224918544,0.1093963023607185,0.1381354785142006,0.1115834561585053,0.1111127904949282,0.1041123489938648,0.1616243488836823,0.1137001000146703,0.1299479279566318,0.1057213463460572,0.1054838369163506,0.1046694944329995,0.1667190947063421,0.108105703141776,0.1372982068232046
326907_7_consensus,0.111306428613005,0.1044910135027817,0.1071618932928719,0.1126018676999503,0.1080813533447267,0.1029698029707765,0.1196570190501834,0.117858184699125,0.1104325825812645,0.1184718941144097,0.1150581521925103,0.114456043112652,0.12198807052519,0.1131405081385144,0.1199246761814086,0.1061610369270949,0.1031877119607,0.1041382558548705,0.0752917501115912,0.0785953829538227,0.0769607776782218,0.0909236502611426,0.0771252518413061,0.0787495480486534,0.0769140441635162,0.0827360089714101,0.0791481114792168,0.0883650843324338,0.079109051849972,0.0806883831782901,0.0772441601516559,0.078791130618676,0.079746942496272,0.0896856081252588,0.0801178188917264,0.0763384624948739,0.1815299254656766,0.1151762220589455,0.110568005064903,0.1351839812895936,0.1275064559542294,0.111625692649608,0.0979417039966258,0.0937273329633026,0.1327635803573617,0.0958381612321121,0.1646948558025372,0.1161991974655109,0.0899510400373525,0.0884655450946272,0.099467315422611,0.0942501755330168,0.094622099098283,0.0950777449747605,0.08910251118079,0.0911527903081958,0.0890106185210287,0.0941830104150541,0.1061807613010335,0.1015806073527664,0.0965213590086352,0.091851675484164,0.0925542812716421,0.1262715219242002,0.1096671378093847,0.1028926614023393,0.1079978875928976,0.1036489742814029,0.1014062705293666,0.1060054444679696,0.107500754147869,0.1055155496246084,0.099843820803154,0.1133032086661154,0.1362254267338172,0.1393730236892863,0.1051476321346148,0.1127080492295558,0.1067399958081437,0.1022622269744305,0.1435416665761839,0.1106914113043594,0.1132272405930598,0.1079418703555189,0.1036951855944178,0.1180771011679472,0.1227530196824089,0.1104284055673873,0.1217593009633783,0.1126935621138476,0.1041579531276868,0.1164474740843981,0.1239106224361778,0.1169795828819164,0.1229814259950479,0.1100482130182273,0.1030538528181783,0.1219745625021614,0.122625713419756,0.0676201733074418,0.0573301728840427,0.032325944812189,0.0355467479827252,0.0406876907242607,0.0326630395431012,0.0495347774205189,0.0525467529998607,0.0336267557650063,0.1046781735585163,0.1169242252906621,0.0344010182871423,0.0264039271504442,0.0260723059275847,0.0362138992073754,0.0,0.0371339023196635,0.1022884061194042,0.1151713776215474,0.123954980610752,0.1165361526533697,0.1571479399022019,0.141560119582412,0.1330564494853272,0.1143274406013205,0.1286856952656337,0.1197216978598115,0.1477523636617466,0.1334988724840395,0.1193387509108665,0.1013240011946867,0.1131480953930341,0.1077765807623016,0.1570250554344008,0.1399641685406171,0.1299407029349138,0.1052840840933639,0.1138565361145556,0.1113187358539576,0.1544251969077908,0.0949332313267771,0.1253737594813432,0.0982831882676828,0.1010467669161089,0.0918053492794776,0.1583939238526113,0.0960349846290162,0.124598785704829,0.0911414876876525,0.0924726939078873,0.0938736694354196,0.1633380999506596,0.0937587949142957,0.132238144300589
326907_8_consensus,0.1213160906098496,0.1123347038328755,0.1061407859094741,0.1265511828973737,0.1155710104106413,0.1037544396217965,0.1346633063503016,0.1316780298328453,0.1235633331585534,0.1343883593251835,0.1291236994797449,0.1293917930189505,0.1321111348388189,0.1131989369194608,0.1085373134133747,0.1128836251707322,0.1034448579418964,0.1023500626073498,0.084817908623822,0.0936009678342839,0.0874944981047328,0.1116629997056057,0.0918794533437972,0.0840493456336746,0.0885323995673948,0.1007958853656181,0.0933640691958198,0.1099198106112378,0.0970424159751086,0.0981849051327683,0.0929707292142931,0.0976821994913133,0.0958812735767901,0.1104855731812103,0.0956935346465349,0.0875674972282675,0.2027109606478043,0.1373690865961412,0.1323737337564554,0.1567609634718752,0.1494522225194174,0.1337979808796909,0.1205911274746695,0.1126229524304421,0.1518075080748537,0.0992868819328784,0.1465905280103065,0.1100525603131855,0.0964346081486755,0.1029903822260229,0.0991409642974885,0.1017908616565235,0.1081743275575895,0.111937778036516,0.1023157332268331,0.111056973155678,0.1044541385679663,0.0960294908073738,0.1123745224533019,0.103459757699953,0.1146920064202595,0.1100585956735163,0.0965450179904505,0.1214169484909766,0.1116777811084431,0.1138724511870344,0.122567269013212,0.1171403424808154,0.115193368644311,0.1135608968975,0.1223264384581177,0.1191048586921786,0.1110141258378048,0.1178066190174634,0.1394683989765807,0.1361501728163525,0.1137523635219113,0.118370300133213,0.1210294235604853,0.1146205207835328,0.1335217066111608,0.1251335441505489,0.1285349380594603,0.1212478597853655,0.1168384648261905,0.1344780422316213,0.1384336043684711,0.1245496034973273,0.1401649599642723,0.1289760802276896,0.1197214510217889,0.1336600343236712,0.1422063713900312,0.1338261435916258,0.1411362760957052,0.1257508353150918,0.1167104596220148,0.1397494852291571,0.1387918350207676,0.0749752054657059,0.0342598558906856,0.0594834169754135,0.050953068334022,0.0619802216943266,0.0610508655464358,0.065333903190192,0.0657761739649955,0.0570668291125062,0.1224578423519728,0.1300448472241663,0.0274006272270458,0.0288390927839744,0.0246178490414833,0.053523442918089,0.0371339023196635,0.0,0.0744235479654523,0.1353208938144827,0.1438098950361971,0.1371332013924331,0.1769692247637113,0.162001533892574,0.1537133352153894,0.1348960581268586,0.14930193488442,0.1403521889485827,0.1674485095071153,0.1522795152399194,0.1383472623909236,0.1171721546729221,0.1310615362815596,0.1243043129438295,0.1768083827564408,0.1605199073223589,0.1504549233597059,0.1116984101164627,0.112007160768796,0.1207173797421368,0.1691184547950122,0.1006732826439926,0.1226975669865216,0.1054989611033664,0.1107532886335305,0.1031500156727493,0.1755165497194052,0.0963194974154909,0.1388707165099087,0.0976399003928421,0.0995138030202168,0.1041252183025693,0.1796714734879312,0.1020136859172634,0.1416271561269102
326907_9_consensus,0.1531998049223608,0.1433416394991164,0.124783593148373,0.1647449774487252,0.147475283700445,0.1256760744472287,0.1729704508691762,0.1697287004087168,0.1625936214243629,0.1746784605264077,0.1679939260680978,0.168028561519567,0.1641719504424643,0.1298345991939312,0.1029317753419456,0.1401327053407889,0.1237659228655611,0.1180711942636805,0.1288682175378563,0.1412716503391692,0.1329185269195229,0.1612382511257342,0.1396937267596192,0.1246283776153068,0.134506924673324,0.1511744248917598,0.1426132303538646,0.1599360404567283,0.1466488297277742,0.1487850206218146,0.1417300278940775,0.1474795958685221,0.1449756275490168,0.1607348763906402,0.144483795289618,0.1317791780060913,0.2381629941833283,0.1834890402120149,0.1777304520054692,0.1995520362083058,0.194681356353023,0.1812353019390825,0.1650776175744242,0.1553272457820266,0.1866235702406639,0.1190439983457325,0.105331029564053,0.1110109936266735,0.1200820492653769,0.1382846989076717,0.1117462362165726,0.1290416279480056,0.1444011398568377,0.1529100631003797,0.1339082031022037,0.1522263526808124,0.1411014187918136,0.1133770550634073,0.1348564779142334,0.1195501351638519,0.1511675268447726,0.1478635113113071,0.1171362457984533,0.1163492766150646,0.1192274824892241,0.1390772482751223,0.1512883891008766,0.1452327874298449,0.1449814176359668,0.1331113605242727,0.1517989705967588,0.1468432144893935,0.1387599828068202,0.1347780930418582,0.15378140630336,0.1353917059903296,0.1377248394409607,0.1375918206333982,0.1495242626118197,0.1427373030937204,0.1168336212699951,0.1569142955325964,0.1607594900505187,0.1516381493444259,0.1476465208454395,0.1686881026371264,0.1712568332874302,0.1553665314641096,0.1769471448932872,0.1647504159309117,0.153275320978346,0.168412891511838,0.1782289884756093,0.1682250381756575,0.1767484067967037,0.1587636054448053,0.1492025115408176,0.1761361711009168,0.1723346276833832,0.1159823861621922,0.0552596926253132,0.1277412113754009,0.1124544551893584,0.1284294137560679,0.1283341900070893,0.1290694984642142,0.1288028137461947,0.1242881215534897,0.1653963516596517,0.162379688088968,0.0899603822036941,0.0883952127145119,0.0868106113820122,0.1199195426261075,0.1022884061194042,0.0744235479654523,0.0,0.1817499430399555,0.1886634392614304,0.1826228206488618,0.2175734800306567,0.2043789847020126,0.1989330233289166,0.1819952196145383,0.1942228509674503,0.1863204085780062,0.2079614665832274,0.1924367493371634,0.1807922277568705,0.1579303456185187,0.1720769330436264,0.1648302952056063,0.2177047632899907,0.2028610717745646,0.1944976669323564,0.1326214230728036,0.1135823785435769,0.1451380947274417,0.1981844456262716,0.1227196907927942,0.1227849555013634,0.1285886881693516,0.138970392789275,0.1340361136872143,0.2092258720518351,0.1090926799799054,0.170486094747035,0.1219733959239876,0.1256320560209136,0.1339356543543484,0.2118087839427239,0.1263215623671989,0.1653096314166247
327059_10_consensus,0.0970675427531918,0.1036102581885712,0.1237497087903017,0.0950827469597191,0.1034102680970829,0.1136201885945882,0.0917193539581211,0.0935105003643064,0.094752049351884,0.0915830781488717,0.0935114458114091,0.090998878700168,0.0993698834193156,0.1172675836788015,0.1519661571412663,0.102387459392684,0.1183930700178542,0.1242871732497135,0.0996155608797113,0.0887640410146201,0.1013473603557234,0.0827572382996056,0.0908236749184507,0.1016631326060518,0.0984423768372993,0.09017262378982,0.0980982573715133,0.0842343470573445,0.086339480783972,0.0851636293506226,0.0905557516242638,0.088663811518587,0.0947811671286614,0.0820869814608705,0.0896579723157826,0.0937805718415826,0.131000115305826,0.0838636436212411,0.0831503117705963,0.0928505247136455,0.0833454218371176,0.0851234426716914,0.1110621373508264,0.126635129948852,0.1543033053671659,0.1345411649160093,0.2137497018766195,0.1635302798838273,0.1176045631613559,0.1087586612791484,0.1342707499511579,0.1273491767349808,0.1127151935215355,0.1071157203969705,0.1122905739412975,0.1009793929453518,0.1035582235144176,0.1357028817208845,0.125292074026635,0.1328629704695755,0.1089077711543616,0.1069299357542684,0.1309106294350959,0.1633181550497904,0.1398763208946532,0.1177149472015229,0.1221914970828174,0.1185470314360345,0.1200557025869625,0.1270324500547203,0.1126256539297739,0.1182858034873936,0.1290791341660084,0.1570813718040107,0.1783331363034153,0.1861178334478151,0.1434122429512315,0.1533858178058642,0.1194454976111975,0.1177661256144392,0.1945926426726275,0.0898361162823164,0.0883179628531338,0.0902158807924117,0.0921896785470669,0.0874151485555373,0.087844141610212,0.0900352233590127,0.0866919129033546,0.0837593722543593,0.0913421307967021,0.0880356638799477,0.089922343046375,0.0883947977615364,0.0876983159156833,0.0883010325776498,0.0898918118263201,0.0883447932361899,0.0884416488277033,0.1178154846627874,0.1447643998879484,0.1088150564988827,0.124400835449115,0.113866230969018,0.1051281400323314,0.1200234826244874,0.1283811958850357,0.1170458565368683,0.1121262520323889,0.1283171789711634,0.1278228238091096,0.1196954654125347,0.1218740080727621,0.115040789774969,0.1151713776215474,0.1353208938144827,0.1817499430399555,0.0,0.0267478761124706,0.0187838343619085,0.0719555462879763,0.0525464191433786,0.0394053736732056,0.0158391651945693,0.0296810168485927,0.0195688509568806,0.0614232627772912,0.0454217587957879,0.024586199167565,0.0330056910822353,0.0247929445453739,0.0281738800828004,0.071307514897481,0.0514770061588832,0.0355899714898152,0.1014345523027233,0.1257278415256283,0.0946807434646849,0.1115045251809815,0.11499084761098,0.1310529126368261,0.0979747094645354,0.092248069923513,0.0935457970978635,0.1115309486712189,0.1237606949337749,0.0905140911089438,0.0995452479963125,0.0990320648301023,0.092087516360689,0.1159215828887799,0.0994333751559793,0.1052694561839108
327059_11_consensus,0.101734274605456,0.1114274371359758,0.1341202687404982,0.1014636241871508,0.1125844158265133,0.1220517011411826,0.0956776215144227,0.1006146179260331,0.105418660182372,0.0963556955952374,0.101864836608876,0.0998201172238674,0.1001436187709255,0.1231172860759416,0.1618384766890525,0.1097004026408077,0.1279651606082683,0.1330671273061727,0.1123819395383554,0.0997141836480955,0.1153125444205043,0.0874825993244099,0.1016225847748602,0.1113287862589473,0.1116202155910275,0.1021171089508113,0.1115020930702703,0.0872589303776655,0.0959470743319296,0.0952159236918696,0.1027255878887384,0.0994897258700036,0.1079398862698023,0.0870240675834926,0.101019459905564,0.105512611794155,0.1258671733631629,0.0875912471649717,0.0901062649279281,0.0896222572584328,0.0835744590637502,0.0890017374406043,0.118920001276312,0.1377120266193577,0.161699946719402,0.1480845390889189,0.2232516301271566,0.1779026900744164,0.1278855953083685,0.1204312045997164,0.146351490652159,0.141397750590717,0.1262659849670731,0.1194905928077611,0.1233042515538639,0.1117387338967364,0.1161233079541518,0.1479354688933218,0.1383339473061331,0.1452809012107619,0.1204575720853417,0.1184216662067753,0.1435692451572631,0.1753305665956323,0.1487676968227891,0.1276575759824248,0.1295509344672471,0.1254987882216545,0.1288345000995671,0.1369957970500553,0.1189674492338626,0.1261801701207434,0.1401855229001115,0.1705474408297133,0.1908041983159914,0.2005253408782426,0.1558266316333615,0.1672541757555935,0.1270843707945024,0.1259981968601671,0.2077240955975025,0.0931794813816525,0.089965079353128,0.0942918365455557,0.0987285359039064,0.0883032584829107,0.0850575091340586,0.0953594570123916,0.0873536663262648,0.0868521690428122,0.0987418938936799,0.0885851055944794,0.08802094145983,0.0918329408415609,0.0872229878971344,0.0923603408142401,0.0963614467403379,0.0882984723847807,0.0865442459749612,0.1217120573039708,0.1523776479580551,0.1183465527112151,0.1352059858780591,0.1215078187597391,0.1134678238482104,0.1272417904476759,0.1376394766059941,0.1274406950325589,0.1174789862161858,0.1377737969450916,0.1360636421634406,0.1272821054147255,0.1308445301177112,0.122603617114457,0.123954980610752,0.1438098950361971,0.1886634392614304,0.0267478761124706,0.0,0.0204198034282319,0.0507060238208184,0.0321976341366756,0.0203094158822008,0.0267411266976664,0.0155804074209425,0.018882452157418,0.0418553594528217,0.027722413541365,0.020255383140894,0.0450812877115823,0.0279854668822945,0.0339651583581422,0.0500612382398859,0.0323451081646732,0.0197147035483679,0.1017468056547645,0.131432318963849,0.0936283533404272,0.098917480310365,0.1244123406867545,0.1296901061012637,0.1030020798382995,0.0985572096411018,0.101323398166317,0.0987644889242708,0.133384939568996,0.0834523567359469,0.1061754461572221,0.108205006347414,0.0957584074316769,0.1027967301221809,0.1065471340227333,0.0969270430363489
327059_12_consensus,0.0977994628187388,0.1056621546587881,0.1270410005599279,0.0963411876031487,0.1065740399243989,0.1161691217705985,0.091830763119372,0.0957906263687554,0.0985695017208322,0.0922863025292202,0.0961722299603612,0.0935100843594661,0.0989820922248114,0.119100031458116,0.1549870743597745,0.1039036069821875,0.1210259146928423,0.1267739972100672,0.1042299829012698,0.0925717624961428,0.1065547000068591,0.082658492689859,0.0944954984104765,0.1055624164960986,0.1033867266818162,0.0941477935287495,0.1033662887409051,0.0825568097439478,0.0888850521607804,0.0886171083248372,0.0945230344263758,0.0913637416441077,0.0992175114498686,0.0818575546055826,0.0935689025632335,0.097706375015577,0.1276132505847609,0.0830027780765454,0.0838813659915784,0.0897964854134919,0.0821703694601954,0.0850401990442529,0.1099868487598136,0.1274096114756054,0.1530199252662099,0.1382792201026347,0.2158351541370266,0.1678298037079659,0.119472586296789,0.1111786525881446,0.1376175365009405,0.1312132989913058,0.1167762337339259,0.1111484556626969,0.1141757719323871,0.1028781236428265,0.1066595492218844,0.1388828359989197,0.1297548416253713,0.1366090281322583,0.110604133162826,0.1086148051204744,0.1341231815617295,0.1656475073587412,0.1398952420872856,0.1180098328489155,0.1203463047369466,0.1167163336154664,0.1192387536191079,0.1275569541622933,0.1107856597161646,0.1173439222419533,0.1294876951960332,0.1589057780820107,0.1799379289128735,0.1889207082735648,0.1444462403001128,0.1554115070114355,0.1179544876048997,0.1171229331408039,0.1972172467320982,0.0885747916374447,0.0859592336221768,0.0892732942969067,0.0922035074246915,0.0850395810201347,0.0842060137308962,0.089618132388052,0.0842844186706372,0.0827485842455001,0.0913801717421892,0.0848581601289257,0.0857045785098723,0.0865981028933074,0.0841077489524406,0.0867998226237532,0.090203742854285,0.0855987560776172,0.085112062495264,0.1170055565784178,0.1461219849039932,0.1112708467674356,0.126529029888415,0.1154090163392974,0.1068735649416489,0.1213168344084875,0.1305420001832423,0.1197408099720747,0.1105874862743752,0.1276424541880364,0.129935886135701,0.1206413645275398,0.1237865413486632,0.117307186950859,0.1165361526533697,0.1371332013924331,0.1826228206488618,0.0187838343619085,0.0204198034282319,0.0,0.0623363102490886,0.0422820937540963,0.0311905767797206,0.0179546029646644,0.0217442098457122,0.0150207168506658,0.051168811829842,0.0351855953618525,0.0176975231189851,0.035944863918824,0.0206497557381785,0.0275818577335597,0.0615412114228005,0.041618781418957,0.026204553240885,0.0982414728640904,0.124969648420184,0.0909808929651418,0.1032696025472884,0.115845773968262,0.1277553782365847,0.0963856664420685,0.0918006940541615,0.0929924380963728,0.1033150385746966,0.1245111536420803,0.0844972408858179,0.0989785303200125,0.0999791031243349,0.0902069204043748,0.1077313962387145,0.0985849470011689,0.099410380280875
327059_13_consensus,0.1274811915825864,0.142217194884118,0.1687693558961586,0.1284952987740636,0.1449192427409311,0.1543245075213936,0.1187284693746742,0.1287214432556697,0.1388505551980578,0.1209264667506426,0.1320200667557569,0.1293572019829111,0.1202391073807827,0.151529390186174,0.1949209853923043,0.1391612058702994,0.1610799200798535,0.164921218828816,0.1515987433514589,0.1369376040575564,0.1558420667507878,0.1145508580502666,0.1383836536766107,0.147924122572385,0.1516128334511816,0.1389775430078852,0.1511320187003511,0.1114196126894044,0.130827280749469,0.1311134607848801,0.1407877186596774,0.1346321303136416,0.1463166293809694,0.114254451639086,0.1381363264157589,0.143459739399705,0.1250174844511672,0.1089998951373407,0.1162041293965044,0.0984988039639561,0.0998620394358292,0.1107448516287219,0.1429064720252736,0.1671635478983492,0.1825452178036715,0.185827497958911,0.2545070204304311,0.2162004929901053,0.1618857604296932,0.1552092451594538,0.1829570206282137,0.1794404947859545,0.1641634275430516,0.1562593037365439,0.1565431246181941,0.1439580450645024,0.151935017283136,0.1841519962054843,0.1752377998986866,0.1817947607135212,0.1533313891821254,0.1511398810645753,0.1800276193243526,0.2070910325666307,0.1764148736592179,0.1569778306074208,0.1529071312335007,0.1492437845856203,0.1554365587482485,0.1660474677984826,0.141820841435964,0.1515606372942877,0.1704253323536077,0.2035917575448569,0.2210625553869386,0.2350680577725804,0.1876500831219063,0.2011735684732325,0.15114944414113,0.151869889820415,0.2398271567013628,0.1171934015791779,0.1109219057621468,0.1193259823294961,0.1272317558534506,0.1077259817773716,0.0991316040991289,0.1212538735467628,0.1056695971352155,0.1107397962083068,0.1275606805830266,0.1068748241321857,0.1011022232850373,0.1139663751122816,0.1023907410126245,0.1164014098756237,0.1250476938037644,0.1050972421871092,0.1015406872861315,0.1454505757075983,0.1845623991619479,0.1526440559592675,0.1697544906881169,0.151935624016592,0.1463320501121489,0.1570384806002227,0.1692196565497851,0.1620129483528734,0.1391150459380667,0.1618028152016215,0.1695261759384151,0.159137152214996,0.1650932044722701,0.1560435447542794,0.1571479399022019,0.1769692247637113,0.2175734800306567,0.0719555462879763,0.0507060238208184,0.0623363102490886,0.0,0.0236762461335378,0.0374787020918738,0.071119994687932,0.0466052338533631,0.0599706047072644,0.0199738429213609,0.0356321427103567,0.0582075246860855,0.0894504370350044,0.0682147459435224,0.0762669243491367,0.0102395127987109,0.0255697469271169,0.0407647477829109,0.1227197020085574,0.1572979945052517,0.1121688113327994,0.0877825214737484,0.1567019750154853,0.1455658914699318,0.1305970460244741,0.1279380720278118,0.132696637142899,0.0844069850650558,0.1656671680751184,0.0916144766621888,0.136967737583873,0.1412192844786073,0.1228036125817949,0.0871329004763352,0.1365361385372539,0.1019229384699307
327059_14_consensus,0.1149751902157331,0.1278435086489546,0.1534241261315874,0.1150790604342069,0.1303965751915043,0.1400362200480394,0.1064380568753743,0.1152514125979942,0.1234002757695014,0.1081145828525593,0.1177662523198075,0.1151078831350324,0.1102491014461843,0.138801924139259,0.1804765797368678,0.1251748664180739,0.1459525465596974,0.1504137718015268,0.1343290647890488,0.1200500391350055,0.1380546553411293,0.100006564304536,0.1216149197682389,0.1321238555784776,0.134081764735846,0.1219696792663373,0.1336093295534087,0.0974330685840605,0.1140812738497403,0.1146821001575609,0.1233505296872806,0.1175839701831006,0.1286845079247294,0.0995435196776975,0.1212125597439861,0.126347494373498,0.1225820160852376,0.0968327027265835,0.1023884145255001,0.0913142835834017,0.0902212766741219,0.0987464805562178,0.1284880680538901,0.1511712717815097,0.1691445650915579,0.1688258969699056,0.2407309493113808,0.199322968603684,0.1462994328658149,0.138832436079542,0.1667895841141872,0.1622233334661749,0.1470423438993457,0.1397574276214587,0.1404507833067862,0.1281243025667912,0.1352417260415892,0.1678224275817294,0.1591309431144554,0.1655930250128326,0.1369162317403631,0.1348870669744761,0.1634891798269658,0.1915864274168493,0.1617483344748507,0.1412061134013057,0.1384800044751368,0.1349431311226379,0.1402357490790807,0.1506679991959546,0.1278490105840454,0.136877471499057,0.1542864493887933,0.1867097735540482,0.205037662773961,0.2180768016951892,0.1709833142213739,0.1839484458012798,0.1365866221917891,0.1371060913736581,0.2239599158163735,0.1036660053972321,0.0983002471735676,0.1056747836080827,0.1122631818104345,0.0956081931042729,0.0892792235653149,0.107179275669959,0.0937369840782228,0.0974245241273422,0.1120336518490829,0.0946313332499546,0.0905167434212908,0.1004480777254081,0.0910441962473285,0.1025265281099198,0.1101479715821352,0.0936649362274436,0.0910370687984685,0.1328143669655524,0.1702139743146831,0.1370503072463302,0.1533985085957391,0.1374909792267214,0.1311598518512455,0.1429191901188176,0.1544012497566861,0.146008653060069,0.1259674497479622,0.1477456477186172,0.1545952260004458,0.144124302042715,0.1495739275658175,0.1413104460634078,0.141560119582412,0.162001533892574,0.2043789847020126,0.0525464191433786,0.0321976341366756,0.0422820937540963,0.0236762461335378,0.0,0.0212695613460904,0.0514238903368874,0.0277311195429498,0.0406061190020988,0.0165346900353802,0.020542183466462,0.0389088125351365,0.0700059191138274,0.0488873081835113,0.0575760645091224,0.0232523676898938,0.0126634886224409,0.022516603124224,0.1110418164042849,0.1437106689222553,0.1010389291601843,0.0879238971644515,0.1401039415357075,0.1367119405898614,0.1162283371384052,0.1129058104643969,0.1168387600091438,0.0857146167112706,0.1496086621153734,0.0839638674565237,0.1214367357826358,0.1252850194738563,0.1085292822834189,0.089178294870883,0.1209526722530602,0.0965497436172564
327059_15_consensus,0.1095475406831221,0.1209225887301618,0.1454434410601342,0.1087726804916924,0.1223271343296886,0.1326438545973844,0.1016202407478668,0.1079664371842161,0.1149258618438926,0.1025517186907203,0.1101673363610605,0.1080272251209226,0.10595525873725,0.1326853379857047,0.1735546252287298,0.1192323753382171,0.1388312957980791,0.1437302493054816,0.1234590734544951,0.1097068904797889,0.1267090991782671,0.092835586083384,0.1113122359599283,0.1217162445393883,0.1226665352988748,0.1113664463552707,0.1219302594882305,0.0918068141960361,0.1047393853518679,0.1042285221211267,0.1128664632252631,0.1083368785949376,0.1181225352467986,0.0924179177827336,0.1107465880720112,0.1160517266591605,0.1238699098521785,0.0914354946218971,0.0956036149148509,0.08913624604473,0.0852003682462815,0.0922752235508257,0.1235969738782809,0.1445118035359104,0.1659712938358477,0.1602165283823964,0.2350444751810096,0.1907112926297759,0.1387314941652029,0.1307728515950857,0.158484767330215,0.1531984365647318,0.1374681321365978,0.1299390389919813,0.1332705107711101,0.1202924228445851,0.1266135476034739,0.1596093360373845,0.1498627378552236,0.1570145825670933,0.1299270447903457,0.1277027246112517,0.1552694840547293,0.1859248097280716,0.1579834115449699,0.1364822112506963,0.1363652557760881,0.1324717961463824,0.1366701188646402,0.1461263183921441,0.1254748065784832,0.1337357917717175,0.149480928408663,0.1810192585189104,0.2000404379527046,0.2119491043016505,0.16566762352059,0.1778706590094972,0.1341576330686132,0.1334184762593973,0.2183050079988474,0.0998657413633296,0.0955442799554188,0.1014191537048294,0.1070290872174785,0.0927763499823652,0.0877814323851009,0.102516151808077,0.0910208468431261,0.0927300514821585,0.1071288133464505,0.092938657466003,0.090399490603401,0.0973897135826137,0.0901800131322948,0.0990612397409927,0.1045523036536841,0.091375489166125,0.0896548161712199,0.1275726937165196,0.1628043713071331,0.1265552289417253,0.1442878849214417,0.1281743128613157,0.1211189968944767,0.1335896075270242,0.1446759633930593,0.1357820579733215,0.1220705758702262,0.1435181750863541,0.1455392165658096,0.1363864259438949,0.140850326042023,0.1309043863840531,0.1330564494853272,0.1537133352153894,0.1989330233289166,0.0394053736732056,0.0203094158822008,0.0311905767797206,0.0374787020918738,0.0212695613460904,0.0,0.0385448097928932,0.0181300190235247,0.028868125521882,0.0311509894127644,0.0241901504224608,0.0301149218605353,0.0595269709479688,0.0402512454754868,0.0476066021468324,0.036894860841972,0.0217658887436593,0.0167951705785545,0.1089987060069952,0.1409921987877828,0.0997865418972698,0.0950916736797471,0.1350240820470496,0.1362339044313242,0.1123333402365271,0.1080614558070342,0.1111696729767363,0.0931087544812354,0.1443346446197006,0.0852871992985915,0.1165719341977541,0.1192423411286912,0.1043685360338812,0.0970940465986026,0.116661288222734,0.0985599627375829
327059_16_consensus,0.097284729531938,0.1038236811496629,0.1244439821384334,0.0948581297188998,0.1039253365626096,0.1146051467143723,0.0913691808701631,0.0939202204742858,0.0952202581320104,0.0911501881926553,0.0935187398745435,0.0915208872597725,0.0994748195904131,0.1182759077257414,0.1530399565407405,0.1029647732904309,0.1190641950940904,0.1250888267409774,0.1004814103743484,0.0894365944769197,0.1020430011821072,0.0826005674219463,0.0914912606766147,0.102808106420583,0.0992081183013217,0.0907205085085215,0.0987552872029578,0.0835882535605193,0.0866152366120523,0.0858224875234734,0.0910303996411749,0.0889198616316442,0.0954370101564106,0.0819037193118078,0.0902482765673998,0.0946930468603774,0.1289302292822425,0.0808030363624142,0.0804219193766943,0.0898041857734947,0.0807097081713719,0.0823410836640304,0.1086303322564871,0.1249003742618533,0.1522861709356603,0.1346124386455876,0.2143347456296711,0.1640094430642449,0.1170810301787341,0.1076453831291828,0.134502519474409,0.1272957855704644,0.1121689742388635,0.1064479494905651,0.111249083729584,0.0995963218672023,0.1029109092338465,0.1354231834141323,0.1256950072825168,0.1334168730567554,0.1076900548381292,0.1055185545758404,0.1307229217154496,0.1644241325872241,0.1403359574670946,0.1182141787799976,0.1217104717569485,0.1184150527920936,0.1199009142690552,0.1275123933862731,0.1125894613500498,0.118246098145628,0.1288376344170121,0.1570992467917382,0.1782797270929532,0.186625111151583,0.1431064974861986,0.1534787761647517,0.1191686905712123,0.1179002246674428,0.1954386652125311,0.0906903734831048,0.0890755168880569,0.0911219324913136,0.0929280433163312,0.0882442516529667,0.0886415984730427,0.0909511147613689,0.087277658245287,0.0846076843383608,0.0921377711954358,0.0884321743553496,0.0902416720671498,0.0891432595755489,0.0881221817078345,0.0890310225355277,0.0905501333293111,0.0889584914349484,0.0892315848676752,0.1171034743338954,0.1446969756680982,0.1075719516572538,0.1233417444097742,0.1125093268296726,0.1037703576560826,0.1188879665679841,0.1272930126529909,0.1158458610317723,0.1099250056195768,0.1273753286809277,0.1274390005813927,0.1191834821612909,0.1215139407194127,0.1142248307057307,0.1143274406013205,0.1348960581268586,0.1819952196145383,0.0158391651945693,0.0267411266976664,0.0179546029646644,0.071119994687932,0.0514238903368874,0.0385448097928932,0.0,0.0292079661306482,0.0190712828132753,0.0605458929428606,0.044921043463216,0.0251722486909968,0.0342944437578363,0.0256109368405986,0.0297492767021723,0.0702635444018386,0.0507523572221708,0.0351875996164912,0.1021110338365357,0.1272140640580187,0.0957418841387463,0.1116311887406224,0.1149020418691666,0.1321674143575559,0.098801970986333,0.0934293265135192,0.0939791646785789,0.1114190112144892,0.1242497825888397,0.0912346417792269,0.1002536284422551,0.1002841728802776,0.0926319030707805,0.1159741573661207,0.1002468515192514,0.1060417801300348
327059_17_consensus,0.1064149014396533,0.1167153480262481,0.1399166303667322,0.1054844321046364,0.117705511720903,0.1279753883414481,0.0991585147347038,0.1044850336736935,0.1096173105810592,0.0997689907686689,0.1056909314052428,0.1032661751184577,0.1047769604263215,0.1290496467266661,0.1676040605148211,0.1145869669560093,0.1333614884345269,0.1386969895940858,0.1164718696462847,0.1031872281884031,0.1192042816836046,0.0884082115735128,0.104956772179009,0.1160394047899188,0.1157191524806692,0.1048381405233446,0.1152126426077514,0.0878142132793128,0.0985477537818018,0.0982594461380039,0.105934275863625,0.1017499231733904,0.1108992073727492,0.0881395151121325,0.1041608002322465,0.1090933155757499,0.1247610531506842,0.0893226445076621,0.0922056005784123,0.0907260845840619,0.0852475614136175,0.0911327360673207,0.1196433290883384,0.1394728873139641,0.1609831772053859,0.152329578826005,0.2280928301498744,0.1823243463245361,0.1318994629322407,0.1238546391602681,0.1510989664895149,0.1453052658662234,0.1298439355546649,0.1231219720275793,0.1264248413803338,0.1142207074540555,0.119475422086906,0.1522503069230813,0.1424738239901859,0.1495609553734937,0.122701913493193,0.1207283914616852,0.1477934097442798,0.1787896416786763,0.1517034973572785,0.129823157166521,0.1304109971285355,0.1267442030240461,0.1303991951937529,0.1393126643894189,0.1199293686443971,0.1277053043019066,0.1422313227448302,0.1731370832301481,0.1928508575508258,0.2036599612789929,0.1581173212621838,0.1698289654970079,0.128083797443139,0.1275600180847788,0.211069126161236,0.0948185026739378,0.0907480629820935,0.0961102664264614,0.1008788060813899,0.0887066727805094,0.0855334922346205,0.0966709248427475,0.0873173651670756,0.0880514785927375,0.1002729515522998,0.0885905898122525,0.0871374288512778,0.0918833228288889,0.0862801101651778,0.0933112533730883,0.0984915028149761,0.087974252734691,0.0865387379119292,0.1249775912326623,0.1581840881465362,0.1227327290195055,0.1393727397285681,0.1255059978602433,0.1179258702086227,0.1313233540430857,0.1414577507864185,0.1315958358725517,0.1189013310800496,0.138550207161701,0.1416554160411377,0.1322154783353997,0.1361966359605586,0.1278987163980136,0.1286856952656337,0.14930193488442,0.1942228509674503,0.0296810168485927,0.0155804074209425,0.0217442098457122,0.0466052338533631,0.0277311195429498,0.0181300190235247,0.0292079661306482,0.0,0.0195222604539758,0.0372139858565624,0.0258017905504931,0.0221663781570859,0.0504040936385813,0.0312223511193377,0.0390894267607609,0.0456856467812197,0.0276005840801387,0.0155909251287529,0.1049464178660392,0.134532964701143,0.0961657263262738,0.0974867088845085,0.1279602824668773,0.1332754750449401,0.106104656684466,0.1015509170879878,0.1044419034964485,0.0963163994399283,0.1369182014501598,0.084217589493347,0.1099516134618667,0.1118263787493408,0.0990877932494684,0.100512144102305,0.1096722215426587,0.0987481912104558
327059_18_consensus,0.1004088689313475,0.1090005521410145,0.1305783495097725,0.0987528629311643,0.109597210766036,0.1194725012877347,0.094228088900324,0.0981768258798514,0.1010968125086234,0.0945202272882682,0.0983752457151122,0.096234482458993,0.1009657543978388,0.1222009909108718,0.1587611169670068,0.1071345359699302,0.1246830318975856,0.1303157793407672,0.1071258352964394,0.0950577904622992,0.1093468506734605,0.0845288205880693,0.0969967798211412,0.108206051583905,0.1061521175902755,0.0967515969227299,0.105963393612701,0.0841938378352523,0.0912596604665584,0.0908410929214142,0.0970759218469924,0.0939630165212721,0.1019308503563621,0.083929315304025,0.096068190276571,0.100636993957098,0.1263614310932348,0.083100978902954,0.0846883654239055,0.0894337544768039,0.0818352215380422,0.0860881536850919,0.1132433251423746,0.1311977588864488,0.1556952863091202,0.1415421230098691,0.2191606367689324,0.1711873447581886,0.1225043232296742,0.1136821894767644,0.140786076789488,0.1343143042561988,0.1192654813594989,0.1139205465711916,0.1168718058545479,0.1053679923598272,0.1094932805089084,0.1418103945320487,0.1325534366170938,0.1398715813512398,0.113227639039505,0.1111629538130667,0.1371674658421902,0.1697906716904453,0.1441632006915364,0.1221181323425999,0.1241273230603994,0.1205889881514475,0.1231031505754868,0.1315493479306594,0.1146989890077526,0.1213431225114244,0.1333452708403884,0.1629993235881694,0.1839369549710816,0.1929802047524116,0.1483795386427773,0.1593404867121265,0.12178701633697,0.1212010465051423,0.201469790643836,0.0915305071344678,0.0886540105584925,0.0922626960066471,0.0956132394209333,0.0874552781793166,0.0862111682675292,0.0925825341083606,0.0863269951052392,0.0851985120026297,0.0944669370158059,0.0872219869726326,0.0876768560837665,0.0892526205881613,0.0860070501780806,0.0897684352353958,0.0933656706329685,0.0879063841404959,0.087018538544024,0.1202742312854212,0.1497534406332618,0.1138240140963056,0.1300978480683275,0.1180527510780594,0.1097845745307346,0.1245399909480096,0.1337846434553404,0.1227690677781171,0.1131697862401776,0.1312792063692552,0.1332120721379828,0.1240836188918402,0.1272454637759478,0.1200070766970022,0.1197216978598115,0.1403521889485827,0.1863204085780062,0.0195688509568806,0.018882452157418,0.0150207168506658,0.0599706047072644,0.0406061190020988,0.028868125521882,0.0190712828132753,0.0195222604539758,0.0,0.0491934986684894,0.0344401765743249,0.0188826513347163,0.0394497093775741,0.0231393783023933,0.0300295389138178,0.0592971590782649,0.0399830724284949,0.0254814942869126,0.1013651805989195,0.1289050043228691,0.0938612101438771,0.1042170587884065,0.1195659272718377,0.1308496492522627,0.1001097777799286,0.0953512242623295,0.0968361085945004,0.1038274972479785,0.1285333234062453,0.0865663470639324,0.1026003573682601,0.1037802479144616,0.0936678092628464,0.1082760974050793,0.1025375799545306,0.1015248251708193
327059_1_consensus,0.11851971731326,0.1328647042030655,0.158156488637641,0.1194421346500631,0.1354406424828811,0.144608916889269,0.1100127272418834,0.1198511678323852,0.1288862031939667,0.1123367663289366,0.1225118721331506,0.11994899452911,0.1134640623945199,0.1428791267074004,0.1849248572652424,0.1288379863640054,0.1506318079449586,0.1547126557455087,0.1415348075244049,0.127304523384999,0.1456283870831428,0.1060531450858416,0.1288197952488901,0.13926358778901,0.1417032070576339,0.1292336678430451,0.1415210309405928,0.102895315597503,0.1211123827263429,0.1220470287941677,0.1305734416302312,0.1244145985862353,0.1360074900886452,0.1055494621607305,0.1284160288078127,0.1335402458956986,0.123953049620881,0.1009575265994354,0.1070309342217037,0.0937426009438621,0.0939785274909817,0.1030992346027097,0.1330730302235861,0.1565098887828152,0.1734634537150705,0.1746576075431713,0.2443694506265688,0.2049002384508889,0.1516259220049834,0.1446889028653628,0.1723871614457326,0.1682916144884282,0.1536331459498948,0.1469312055480001,0.1457560813473892,0.13389980698945,0.141283867611138,0.1734850787789137,0.165126498860787,0.171631249663369,0.1422699969001699,0.1402666049667381,0.1691013489231459,0.1956287322758934,0.1651785081934521,0.145625897453401,0.1415666548680619,0.1381706289040577,0.1441532883842081,0.1545493594307387,0.1313602272266115,0.1406702008853977,0.1584902129284912,0.1910765206945637,0.2085479579373834,0.2221523714447872,0.1754274234498666,0.1886161275222047,0.1398651463830432,0.1409597404178555,0.2275390110101277,0.1079558185007076,0.1019212020157397,0.1100680683174946,0.1172566308940165,0.0993893090100427,0.0924447264896156,0.1116715776639079,0.0974640741920324,0.1022914252769534,0.1167079643893928,0.0978937515222272,0.0930474070962118,0.1040640203379057,0.0937450976179547,0.1065491354787902,0.1150245717624219,0.0973478336783388,0.0942103850201126,0.1368953768133584,0.1755059893964159,0.1443543832258959,0.1593002767738987,0.1438431793333724,0.1384143118247535,0.1488928796736393,0.1604877885170533,0.1530730812668006,0.1295752607032511,0.150296483294083,0.1605246488898794,0.1493820425157816,0.1556022645914363,0.1487222969743589,0.1477523636617466,0.1674485095071153,0.2079614665832274,0.0614232627772912,0.0418553594528217,0.051168811829842,0.0199738429213609,0.0165346900353802,0.0311509894127644,0.0605458929428606,0.0372139858565624,0.0491934986684894,0.0,0.0231302142044575,0.0460917947707552,0.07762626306795,0.0557840773839116,0.0648498830931777,0.0189076486599,0.0163196340085259,0.0309727077570033,0.1139994676810259,0.1464742064100951,0.1037621176482287,0.0859525207434673,0.1451883219897857,0.1381081356553329,0.1199117352860938,0.1176987173925376,0.1216718057003581,0.0836870914160193,0.1540692721722748,0.0859137012530458,0.1257417359260448,0.1299682061399929,0.1128827440101553,0.0867128580000518,0.1254373051362778,0.0977589077815331
327059_2_consensus,0.104964335471616,0.1175515408167382,0.1413546916026321,0.1067403749335369,0.1202245684094527,0.1284582292465006,0.0986505949691344,0.1072572685084473,0.1145726994664437,0.1010459617341781,0.1092044652573621,0.1066147937865932,0.1020167916466674,0.1276079500295242,0.167543051015375,0.1137122017866802,0.134040355095321,0.1383355864458503,0.125729084051913,0.1127602627886932,0.1296445132971468,0.0956547837121056,0.1142823013979789,0.1238330867642109,0.1259177868526888,0.1152485129311579,0.1263152988149245,0.093677342765447,0.1075629443905412,0.1084031064193512,0.1156996207832747,0.110746126009909,0.1212960782866775,0.0949348520690284,0.1139162314639258,0.1180344014217757,0.124125728036284,0.0931458133249152,0.0973576138255165,0.0899395183511591,0.0878929036302586,0.0949616721910916,0.1227834286539565,0.1441204624106609,0.1645360141182756,0.158053398363843,0.228064059722441,0.1875528606335874,0.1360330385592228,0.1299146848726182,0.1555229683974593,0.1521921802933336,0.138116760299721,0.1324968252073612,0.1313567734224124,0.1207473011573909,0.1261596902807853,0.1571698170088438,0.1489437666755746,0.1551932450452477,0.12879967655149,0.1267120329129649,0.1528057699110863,0.1792664406802127,0.1503410859014898,0.1310485299923055,0.1296123848431875,0.1257514618009948,0.1310093156838517,0.1397489804816001,0.1192809482861258,0.1276254988265699,0.1443060336913248,0.1757976219363013,0.1946145339889456,0.2059815779423725,0.1606321272872096,0.1731964996281779,0.1274464497701264,0.1276144474329699,0.2115475549050436,0.0951867202017563,0.090540448875348,0.0967943400524176,0.1029808277511103,0.0888557157876585,0.0832194609423212,0.0983047764324121,0.0879247303335464,0.090164053955342,0.1028966633118009,0.0878076068354774,0.0853407073448295,0.0927512783590577,0.0851621626373743,0.0939260278161348,0.1008934970154972,0.0881453265788719,0.0851487323652793,0.1248878173532091,0.1597943718287737,0.1309859211132804,0.1449498327779784,0.1317413805193867,0.1252413202615085,0.1366731561488388,0.1476804327116582,0.1394765716598885,0.120344372207404,0.1382790350759606,0.1457917758099947,0.1347802454723636,0.1402816387330527,0.1353282754755181,0.1334988724840395,0.1522795152399194,0.1924367493371634,0.0454217587957879,0.027722413541365,0.0351855953618525,0.0356321427103567,0.020542183466462,0.0241901504224608,0.044921043463216,0.0258017905504931,0.0344401765743249,0.0231302142044575,0.0,0.0284926040007631,0.0586719038259097,0.0372050140496115,0.0461600127016427,0.0351411941524149,0.0188048280913732,0.0201009308203296,0.1005590012235023,0.1317100620283997,0.0914123945421121,0.0864156740123581,0.1296703444720569,0.1255942721181397,0.1048479337776255,0.1025264323021823,0.1063177013956264,0.0864992327893507,0.1375553430179119,0.0783007707452997,0.1098239175772582,0.1138570509443853,0.0986188152516225,0.0898313345109038,0.1099759903399686,0.0904364370790411
327059_3_consensus,0.0967713434864988,0.1057685321155153,0.1265889189173717,0.0974358291208106,0.1073995071674536,0.1159185256216464,0.0922499801191533,0.0971057571016811,0.1005352007761871,0.0932528359018769,0.0975627761981245,0.0956024562955792,0.0978860262615726,0.1173838403564861,0.1538492507765692,0.1031336576664741,0.1205416987585277,0.1257528086192922,0.1058766032316336,0.0942639257608096,0.1090794617968043,0.0836068846117896,0.0960842684289072,0.1061761563319423,0.1056395654345077,0.0966512693380362,0.1061927396016221,0.0840665015080219,0.0905806076523597,0.0907606812432178,0.0966229096529191,0.0933926245647675,0.1018103976868768,0.0830115324960703,0.0955125421321648,0.0989789853889797,0.1275863261818918,0.0857613969349447,0.086857987621372,0.0903730549721233,0.0837725603411362,0.0874070503838856,0.114538818152066,0.1320312006890272,0.1567322951188074,0.1400259649035153,0.2142348943680945,0.1691061183551184,0.1209612908216971,0.1138641048736593,0.1383880423651922,0.1336932781226583,0.1200579226472186,0.1151720729993511,0.1161410306537663,0.1061283554770469,0.109236017291438,0.1402172867156073,0.1315993536490894,0.1379442574072019,0.1135292230956012,0.111693484680622,0.1356088824562882,0.16419910710068,0.1381538365271765,0.117930454398545,0.1204348869675567,0.1166085389616484,0.1200707377572587,0.126761783705647,0.1104364437134572,0.1171789396149789,0.1308775066705716,0.160485929099277,0.1805523463233254,0.1895255286305995,0.1462777042770522,0.1572259223031821,0.1178180853439912,0.1168646084999581,0.1961611483644266,0.0843901307804743,0.0814520629203551,0.0853676541484523,0.0892387154731019,0.0806521953996778,0.0789019773441029,0.0858331411428643,0.0803713042390135,0.0792884439478467,0.0887923911658492,0.0807344629147915,0.0813715506967557,0.0827019701675045,0.0797361501499785,0.0833553684089496,0.0870606492060216,0.0814846423510841,0.0799144790896768,0.1172870514170858,0.1464992550207663,0.1159894797426499,0.1295608868319765,0.1192225503191353,0.1112359294831771,0.1244681960952612,0.1342795768709958,0.1241721438034497,0.1121919116419257,0.1288531745600626,0.1315451253314843,0.1216660487978146,0.1255118001802671,0.121383619052102,0.1193387509108665,0.1383472623909236,0.1807922277568705,0.024586199167565,0.020255383140894,0.0176975231189851,0.0582075246860855,0.0389088125351365,0.0301149218605353,0.0251722486909968,0.0221663781570859,0.0188826513347163,0.0460917947707552,0.0284926040007631,0.0,0.0366806999710441,0.0176895854772083,0.0262639114473876,0.0576582209161241,0.0375965256359582,0.0239541602832944,0.0950723847188679,0.1221642552051208,0.0877701464939861,0.0982751911171689,0.1164584999458572,0.122939301176595,0.0950244021300313,0.0916850714532364,0.0939259752274397,0.0994416875646525,0.1241414641865743,0.0810727789906845,0.0978910675693109,0.0999243619634871,0.089557118899944,0.1034366112807783,0.0983093990371006,0.0947595324505964
327059_4_consensus,0.0875921776073841,0.0901406071883777,0.1044716116295591,0.0891512857633946,0.0910235379564036,0.0955833728341664,0.0888022293817831,0.088560324734942,0.0869776223105689,0.0895699739358458,0.0875090091783108,0.0860744049255562,0.0927668178443217,0.0996590147614688,0.1289365711796415,0.0878927308356602,0.0995871416110869,0.1047009454818147,0.0853821880488527,0.0790657430038989,0.0879913753041131,0.0819414690612977,0.0810999757351515,0.0871486622381436,0.085366740984858,0.0837311954057949,0.0880206543716359,0.0831120508435087,0.0791544133073745,0.0788034357748648,0.0807768903005139,0.081490180907145,0.085812438719425,0.0811592046437746,0.0811002791181064,0.0807313234137925,0.1390020225521866,0.0858951208580007,0.0828990050913731,0.0990803052205889,0.0898539113571629,0.0880642829769415,0.1071152146858893,0.1185523714396136,0.1495582210330985,0.1142595132098845,0.1876546042499581,0.1407256312433325,0.0982362839194756,0.0937998411829221,0.1119773166141313,0.1089670995267557,0.0984529881296893,0.0963985708584164,0.0963504996109784,0.0912190447695952,0.0895964927914433,0.1149889981624861,0.1085118173718943,0.1126699411516308,0.096792765382173,0.0946580001531069,0.1104146652652977,0.1416568604666762,0.1198940509911164,0.1021557443521585,0.1102748181340842,0.105662552615275,0.1068128675419998,0.1101662467796065,0.1015707208758448,0.1055278152031083,0.1135059110344276,0.1390128762747086,0.1632905110845125,0.1655639283316965,0.1267228265399318,0.1354863732406992,0.1074813541473479,0.104690434233444,0.1724625261315502,0.0810549396021457,0.0814468782440341,0.0794047240668081,0.0797511075100932,0.0830759248794542,0.084888439999744,0.0802653736356079,0.0854305349885533,0.0783646928822055,0.0808350749911855,0.0837290691040552,0.0892445634219476,0.0834236380303452,0.0865942493789812,0.0803065560143095,0.0786001165439557,0.0873262253674914,0.0858122151866388,0.1075278292674159,0.1235497957759338,0.1005952094130993,0.112213405590381,0.1073025828025445,0.097302436717094,0.1134515235095813,0.121052455728858,0.1080405593315849,0.1075963218924083,0.1195589026079376,0.112520942803282,0.1040401145891174,0.1051294694223282,0.1053772551919624,0.1013240011946867,0.1171721546729221,0.1579303456185187,0.0330056910822353,0.0450812877115823,0.035944863918824,0.0894504370350044,0.0700059191138274,0.0595269709479688,0.0342944437578363,0.0504040936385813,0.0394497093775741,0.07762626306795,0.0586719038259097,0.0366806999710441,0.0,0.0268996758399278,0.0208682889062833,0.0888416233749821,0.0691945024512287,0.0544757032779949,0.0852265580771875,0.1039414337419424,0.0826399753873421,0.114139585576057,0.0954862340130194,0.1123622978613897,0.07978382256262,0.0774294679908245,0.0769930406858472,0.118113378575079,0.1017362099822808,0.0876330225806355,0.079615115577226,0.0801787353104356,0.0765849027719822,0.1223332674580123,0.0803324736092849,0.0990441774012944
327059_5_consensus,0.093471570572211,0.100647811801416,0.1193157930615682,0.0948216366536748,0.1021734316922089,0.1089524309962979,0.0910233950210732,0.0943867360744119,0.0966856646998498,0.092296653948197,0.0946367276874315,0.0924505748785768,0.0959923120475962,0.1112917581294046,0.1450475140627269,0.0976399763147071,0.1136428564274339,0.1187240660377572,0.0992181808586058,0.0890569756517322,0.102291322844791,0.0825750635742452,0.0910099506681147,0.100063583763636,0.0991492795238132,0.092642177245577,0.1007550246339743,0.0825549057309297,0.0866265128437533,0.0868789648666457,0.0912966581038196,0.0892084290361575,0.0965554742799759,0.0818716918858306,0.0907353796560434,0.0928066577954219,0.1295181907327818,0.0846171990122375,0.0845584729766911,0.0923865352823527,0.0852847070623409,0.0876072056865995,0.1110202804778962,0.1269015324739421,0.1527640566023495,0.1306934819847132,0.2036964223386318,0.1588236312579806,0.1119663915877929,0.1059903440399453,0.1286660088987521,0.1246392400299272,0.1125404652249067,0.1091558600525978,0.1082406545271477,0.1002287802087553,0.1018123287707577,0.1308298532184922,0.123264953839227,0.1288964295588573,0.1066946117538532,0.1047471721044564,0.1262213578721527,0.1555682677148727,0.1305217053285625,0.1110433309008786,0.115258916696297,0.1110788559799326,0.113920799897579,0.1197537316489145,0.1057803458850739,0.1117257721966526,0.1236226919681558,0.1522116191327754,0.1742918935570983,0.1803409262783855,0.1384830019568068,0.1489227496425939,0.1125790694741193,0.1114043337624526,0.1872536810468597,0.081665206351176,0.0795581793572636,0.0813653490363241,0.084464596105282,0.0799664002087016,0.0790793648270366,0.082190814206409,0.0807514139250024,0.0774595493224091,0.0843235283717195,0.0798149670540922,0.0823826996689643,0.0812631375876546,0.0803704711016819,0.0803558740527187,0.0828684679595668,0.0822462200927594,0.0803171657122373,0.1138348926588678,0.1381684053332331,0.1115486508651656,0.1242904333897458,0.11595783431625,0.1072740563013199,0.1220182519316025,0.1309845726154128,0.1194833298202149,0.109653743228793,0.1240249328199334,0.1256038279832022,0.1155386600061933,0.1185591795729431,0.1167775271242612,0.1131480953930341,0.1310615362815596,0.1720769330436264,0.0247929445453739,0.0279854668822945,0.0206497557381785,0.0682147459435224,0.0488873081835113,0.0402512454754868,0.0256109368405986,0.0312223511193377,0.0231393783023933,0.0557840773839116,0.0372050140496115,0.0176895854772083,0.0268996758399278,0.0,0.018130399271259,0.0676603575119933,0.0477834148560355,0.0339327548224116,0.0884893811078478,0.1134616436645084,0.0829594569943771,0.1012189148213092,0.107531799865368,0.1163144388984027,0.0868586759176917,0.0842359046546045,0.0856285796915188,0.1038393325769494,0.1147825238812862,0.0803612593722291,0.0893907382752707,0.0911092871831588,0.0823879904087489,0.1078771051145023,0.0896429580690419,0.0935505871065418
327059_6_consensus,0.0896332683322954,0.0955501810475592,0.112272063308436,0.0920171161796195,0.0966176452231527,0.102073001360773,0.0895929693338362,0.091571436122963,0.0926752693516551,0.0912646657449482,0.0916597403759517,0.089535240168509,0.0929346197474993,0.1042605991219053,0.1372523336864459,0.0926628170301979,0.1068356855854126,0.111835904509196,0.0935525058726243,0.08535598552187,0.0965078079498402,0.0830570790114665,0.0872208339552351,0.0937170513533803,0.0935401385302994,0.0901593306121872,0.0960997157280857,0.0830900825787093,0.0840973866496419,0.0838009309945122,0.0876912188114697,0.0872946217766351,0.0934209028581772,0.0826305328017026,0.0876773385950598,0.0881206222979426,0.133434121742053,0.0852875508525195,0.0842838411716896,0.0947858901856906,0.0868914117614266,0.0878514654533302,0.11071931379063,0.1250484268684323,0.1535082283094973,0.1242959230691604,0.1958301727452158,0.1515579507429459,0.1056509124386587,0.1016578092570531,0.121430769721207,0.1189173447837736,0.1079020800565194,0.1045899746173465,0.1041870427844438,0.0976716021846795,0.0977612657855896,0.1242512200509977,0.1171945592265497,0.1219074348425102,0.1041066330812049,0.1019649628559069,0.1199698910180447,0.1501900610240227,0.1264498711340845,0.1082019009884574,0.1144362997941772,0.1095250295734269,0.111925912135249,0.1165411909937803,0.1047044221515554,0.1101265690552497,0.1205632901100924,0.1482822888320088,0.1723508861696876,0.1756867274688211,0.1350414798661669,0.1448576587924206,0.1116945018690193,0.109385683248739,0.1821118774275801,0.0822141556183492,0.0810480381397493,0.081183801933646,0.0832856912016407,0.0819747682474652,0.0815632659407573,0.082302173724522,0.0839722466457624,0.0785040695601073,0.0846045572988157,0.0823252919303756,0.0864132743013761,0.0839282090485542,0.084353517711808,0.0815444831966075,0.0821665919716899,0.0856754419079733,0.0829279288912129,0.111099823281772,0.1305206353680294,0.1066593933195079,0.1199985967003264,0.1121905386443946,0.1026361324447239,0.1182730137220817,0.1272525088106456,0.1147749254984701,0.1109813376728923,0.1250585807607815,0.1191674041867802,0.1101209960436577,0.1123659402972434,0.1108418013022121,0.1077765807623016,0.1243043129438295,0.1648302952056063,0.0281738800828004,0.0339651583581422,0.0275818577335597,0.0762669243491367,0.0575760645091224,0.0476066021468324,0.0297492767021723,0.0390894267607609,0.0300295389138178,0.0648498830931777,0.0461600127016427,0.0262639114473876,0.0208682889062833,0.018130399271259,0.0,0.0757326434765148,0.0564804763794273,0.0432778429626962,0.0854193561193112,0.1088562330914708,0.0811215778089501,0.1055444276387429,0.1034835461635114,0.1122546377514605,0.0831253068703886,0.0809915500477114,0.0821433804074915,0.1092882587418937,0.1096697057019901,0.0817947042804702,0.0845122680319201,0.0865651171839524,0.0788727329872799,0.1132480218639857,0.0857343936166312,0.0933984018087165
327059_7_consensus,0.1267599868797786,0.1416963950551681,0.1682894173554426,0.1276432789771396,0.1442255597189904,0.1537342310441275,0.117829574940562,0.1277970378441241,0.1380020401761997,0.1201394984638094,0.1310849843256805,0.1283818840245212,0.1194505690335967,0.1510916873383954,0.1946499243655889,0.1384537925476083,0.1604650155838013,0.1643520252536773,0.1514713726020267,0.1368910658487971,0.1555431448742293,0.1146816601347217,0.1382942110552144,0.1479137331556941,0.1513748342496081,0.1388342821282364,0.1508475643557394,0.1115525552532886,0.1308321975768685,0.1310787566279286,0.1406414167841294,0.1345310438137271,0.1461532400087636,0.1143899693791684,0.137991328236505,0.1433170097940702,0.1246608972194341,0.1080585508488264,0.1153279077456325,0.0976206917263271,0.0990362475231531,0.109863678283824,0.1421960968116045,0.1666088786280036,0.1819103917880823,0.1852411304169469,0.2541684557256989,0.2159248226510366,0.1612447110009093,0.1545719030346944,0.1824935524687169,0.1788689507957479,0.1634928421732021,0.1556081611247801,0.1558924090121997,0.1432432799603124,0.1512986893886601,0.1836407682244207,0.1746253428273702,0.1813073416943809,0.1525910272117044,0.1504091404617209,0.1795608369650562,0.2074011011178775,0.1767739855421797,0.157274851501222,0.1531437062127994,0.1494915023637312,0.1556603775293055,0.1663148977359704,0.1422623664648623,0.1519907240624718,0.1704527798858975,0.2034760363764915,0.2209099575275835,0.2349305934729889,0.1875906169849699,0.2010399628130164,0.1515111092472911,0.1522755071038001,0.2398066183984022,0.1178452524793606,0.1116536366722408,0.1199318298424779,0.1277096018963581,0.1084925802957997,0.1001960930548951,0.1218730578504999,0.1063277902742783,0.1114542322756177,0.1279911078861926,0.1076443579657213,0.1019832792198661,0.1145185253701743,0.1031906395209153,0.1169745827575267,0.1254317693854567,0.1059519333813689,0.1024842976978324,0.1452482213541904,0.1845231326953326,0.1523564741373499,0.1694577589582806,0.151703135008756,0.1461329002814564,0.1567417379998565,0.1688566808781821,0.1616976764953406,0.1389803719459778,0.1617651608659888,0.1693672479567111,0.1589862019227549,0.164957717632969,0.1558714682766248,0.1570250554344008,0.1768083827564408,0.2177047632899907,0.071307514897481,0.0500612382398859,0.0615412114228005,0.0102395127987109,0.0232523676898938,0.036894860841972,0.0702635444018386,0.0456856467812197,0.0592971590782649,0.0189076486599,0.0351411941524149,0.0576582209161241,0.0888416233749821,0.0676603575119933,0.0757326434765148,0.0,0.0249755045764952,0.0400234920207051,0.1233705865453031,0.1575365005804676,0.112846890093993,0.0891610631473936,0.1565931703908276,0.1461982200884624,0.1307632483092022,0.1282064348622255,0.1327347038481573,0.0857630484826068,0.1656502080726051,0.0925425174688103,0.1371112867268416,0.1412019539177818,0.1230668708866799,0.0885437535905996,0.136701126853687,0.1030114814468693
327059_8_consensus,0.1132913342788715,0.1265064469529609,0.1518335735421449,0.1136243540454537,0.1288107546133315,0.1386143848280019,0.1048918952611125,0.1135490918915275,0.1219679173124639,0.1066992926354035,0.1160482235677998,0.1132333559437755,0.1094000251067678,0.1377570654032842,0.1790915317616132,0.1233827591097401,0.1444604528668321,0.1488108217148,0.1324628772512,0.1181735376459893,0.1362843200220967,0.097807292807755,0.1197439668595667,0.1306609702156377,0.132271320913989,0.1198022889417133,0.1317523811319033,0.0954097520796471,0.1121510178014312,0.112779487792863,0.1213245405677844,0.1152969684956169,0.1266818530275803,0.0974470423330153,0.1192346788476843,0.1245906287036016,0.1219722232441055,0.0955065511138803,0.1005911439367007,0.0900530575287009,0.088746956310695,0.0968080336276833,0.1257193962875215,0.1485408354814153,0.1668682583501614,0.1670815937800022,0.2395002750251897,0.1976848420059385,0.1448101809243943,0.1372623968732355,0.165294177595545,0.1604698655030491,0.1454193301732161,0.1384530027740435,0.1388482823537918,0.1263211500643941,0.1333749546135984,0.1662409169278037,0.1573949244334196,0.1641203586159482,0.1351059658063956,0.1331134047232246,0.1617686493575435,0.1890017981482407,0.1591928924494608,0.1385066187919523,0.1357126517651034,0.1321123431964804,0.1375327214499388,0.1477965737126058,0.1250188368611457,0.134071908216512,0.1516903552180802,0.1841657662456725,0.2022777830562015,0.2155179814145729,0.1685175804337774,0.181501943373274,0.1337412595907107,0.1341741526207248,0.2214291001269945,0.1011828189607551,0.0956395705448582,0.1032125154650337,0.1098985732394943,0.0930527344303895,0.0867815912254822,0.10452125571155,0.0910529116220476,0.095013719267273,0.1093978072154444,0.0920983159937528,0.0878936339201278,0.0976378858495973,0.0882752310665084,0.0998373966043392,0.1076687824078633,0.0910552375275133,0.0885637010874674,0.130675239664994,0.1689757483514231,0.1355017825952489,0.151170187248189,0.1357587185967776,0.1296382741930315,0.1408368627167974,0.1522265737568852,0.144218522831509,0.1243629962297401,0.1444367855157217,0.1530213575090436,0.1422621393026459,0.1480536250878313,0.1402240853614528,0.1399641685406171,0.1605199073223589,0.2028610717745646,0.0514770061588832,0.0323451081646732,0.041618781418957,0.0255697469271169,0.0126634886224409,0.0217658887436593,0.0507523572221708,0.0276005840801387,0.0399830724284949,0.0163196340085259,0.0188048280913732,0.0375965256359582,0.0691945024512287,0.0477834148560355,0.0564804763794273,0.0249755045764952,0.0,0.0221156110331003,0.1094398173585931,0.1418745131460074,0.0993929669169196,0.0867046779189941,0.1387186784912341,0.1352227747409272,0.1140961069144164,0.1111830455071986,0.1148140093730134,0.0843164778030333,0.1478061646811856,0.0823204538298948,0.1196023907733247,0.1232539284993669,0.1068972000606534,0.0878025107860656,0.1193709916936535,0.095487990366631
327059_9_consensus,0.106140356870215,0.1172541948690168,0.1412172744114931,0.1057095858883177,0.1189112463587364,0.128858363239701,0.0987957380845865,0.1054171119406715,0.1116737763884966,0.0998811767321,0.1069761994194679,0.1045105749449157,0.1038234559216356,0.1296335505767736,0.1688818211012149,0.1149880627200333,0.1344863594703738,0.139517603507742,0.1195968908344427,0.1060744459142504,0.1227611051733127,0.0896175425530913,0.1077521622633884,0.1186179865233322,0.1191193351689655,0.1076158858035072,0.1185460079612405,0.0887922112169763,0.101285959886307,0.1011012907034599,0.1090308925391689,0.1041384461810655,0.1139525939297866,0.0890158405764943,0.1069562974750341,0.1119634976976911,0.1235992017897683,0.0895382473000079,0.0932098706894884,0.0890114921449293,0.0845321564559361,0.0911076614934277,0.1197406529574617,0.1402819405664252,0.1618271051125566,0.1552611105844057,0.2296977944681193,0.1853754100085335,0.1343338792296684,0.1263272630836847,0.1537581467968229,0.1483543477206437,0.1332911102981547,0.1265003329255819,0.1284626486569424,0.1161869720130124,0.1220414800408925,0.1546523513255541,0.1452329876272374,0.1523498788292981,0.1249070796057241,0.1229879976007611,0.1503671580292888,0.17892859524558,0.1509234791135542,0.1296708842049639,0.1295951270776151,0.1258394413128747,0.1301574676543626,0.1390040839422111,0.1189558440507367,0.1269606011879205,0.1428611822040917,0.1742310984530317,0.1933712403651735,0.2048142545866382,0.159090967593579,0.1712213451571479,0.1272258910811316,0.1268823656557909,0.2113929554566855,0.0939749665893212,0.0896827375944196,0.0955411171147369,0.1011135378150449,0.0875913841210523,0.0833544402381044,0.0964838524487311,0.0861337332625565,0.0876484239391142,0.100817794233971,0.0874744316542921,0.0853447926539948,0.0912639687027017,0.0847516309831979,0.0928470988122958,0.0985877468139593,0.0863958592326206,0.0846928629649094,0.124465445711116,0.1591005917416049,0.1247517647347626,0.1408171570423057,0.1265725439062335,0.1194058279216545,0.1319414765456989,0.1425685779358939,0.1335333030550213,0.1182097177792629,0.137362121625458,0.1428809054099494,0.1327996020225541,0.1373828538624254,0.1299479150450569,0.1299407029349138,0.1504549233597059,0.1944976669323564,0.0355899714898152,0.0197147035483679,0.026204553240885,0.0407647477829109,0.022516603124224,0.0167951705785545,0.0351875996164912,0.0155909251287529,0.0254814942869126,0.0309727077570033,0.0201009308203296,0.0239541602832944,0.0544757032779949,0.0339327548224116,0.0432778429626962,0.0400234920207051,0.0221156110331003,0.0,0.1042243671865578,0.1349236803495444,0.0952409929169398,0.0930897411372804,0.129821978793895,0.1318112270639042,0.1067697292608286,0.1027040504525208,0.1057068139846225,0.0919470168663818,0.1385014710746525,0.0818653729128751,0.1112815400791101,0.1136552092090486,0.0997590308384425,0.0958521854687818,0.1110121495245661,0.0961107785233259
D103_10_consensus,0.1209255676537986,0.1194054140637822,0.125172471105578,0.1281101688768554,0.1243553442645658,0.1172783783228998,0.1287710561769592,0.1293568382678768,0.1293885923357629,0.1314300759377675,0.1305630559282361,0.1274511522881751,0.1265012495551687,0.1192503779091802,0.1320932624275518,0.1171610712084137,0.1219710395862757,0.1208418623024884,0.0980416853715558,0.0931136320456495,0.1036829225478354,0.0897917095250174,0.0934554730984944,0.0926763799593818,0.1014783739433209,0.1006906245602231,0.1067455396771489,0.0865291058336753,0.0921645577371379,0.0942126528415139,0.0968489964342822,0.0946871918670416,0.1033957266525383,0.0895438249141284,0.0967859926053694,0.0910577925996437,0.1743472020587331,0.1352789705947452,0.13233749857772,0.1426146833998053,0.1398571338682517,0.1340283557015964,0.1181829270222118,0.1271284526999313,0.1535321478249359,0.1277923756299755,0.1727983132680626,0.1441365265080255,0.1145757985884054,0.1195251971277232,0.1237780407794799,0.128000089754554,0.1275605164914705,0.1302624791612826,0.1192001649932529,0.1238831808635352,0.1194462527402073,0.1256474873988239,0.1307547521184216,0.1275589329832004,0.1253538952096042,0.122373603210776,0.1227237866519833,0.1238587612091573,0.0939958923457033,0.0871181448147968,0.0906934052570564,0.0821544724227396,0.0883317565113768,0.0905627169064942,0.080107199674541,0.0856301963436032,0.101313415007044,0.1286652714412948,0.1589190637991505,0.1560471878466422,0.1163546252593138,0.1277219801651815,0.088777036586316,0.0854921618881149,0.1581053593375511,0.0690616156839886,0.0658906987719891,0.0651427792537024,0.0692966878145076,0.0717255516400611,0.0697331393774075,0.070708257164326,0.078119060759949,0.0717606739264422,0.0737207276779451,0.0690852697063871,0.0757982835941723,0.0754155917762175,0.0759276175281215,0.0679367586763469,0.0701476209562232,0.0798536791846652,0.0713509088511655,0.1019103771941052,0.1095104083282993,0.1162436453804776,0.1191349706789618,0.1199408315798599,0.1125138589292961,0.122909659608937,0.1307159343726314,0.1222051403446888,0.1226763286205946,0.1269277710476431,0.1123823323406787,0.1011749935078994,0.1053897636202601,0.1170235108656507,0.1052840840933639,0.1116984101164627,0.1326214230728036,0.1014345523027233,0.1017468056547645,0.0982414728640904,0.1227197020085574,0.1110418164042849,0.1089987060069952,0.1021110338365357,0.1049464178660392,0.1013651805989195,0.1139994676810259,0.1005590012235023,0.0950723847188679,0.0852265580771875,0.0884893811078478,0.0854193561193112,0.1233705865453031,0.1094398173585931,0.1042243671865578,0.0,0.0567709761362307,0.0276229487345638,0.0800412768402054,0.069600023023723,0.04587411962617,0.0304469570748322,0.0446081172092182,0.0471272235558424,0.091762399807936,0.0676469045937928,0.0495018172649334,0.0380533593067882,0.0509083721427911,0.0307986445223009,0.0945106971555729,0.0420004506434243,0.049484782812421
D103_11_consensus,0.1263593112411818,0.1204199717015897,0.1154634652973594,0.1351731156600038,0.1241931115425501,0.1106321643581334,0.1390381926544152,0.1353050259170928,0.1326556738881702,0.1413460349528127,0.1369218293759694,0.1328759055072013,0.1348022408339633,0.1144394367124556,0.1105044873542733,0.1166267056955259,0.113995015088122,0.1104481264475382,0.1073503486212978,0.109329743997627,0.1115505362072238,0.1170066552468099,0.109275731257965,0.1046598164766025,0.1109596393717545,0.1173468594177453,0.11818300668477,0.1152967453260811,0.111664306198085,0.1143468927663382,0.111328709479882,0.1118567179670833,0.1154501400725677,0.1168839452245415,0.1127275774603639,0.103104195170531,0.1942403582960089,0.1531683740521033,0.1475571068882645,0.1644341164266599,0.1604840738804137,0.1520537547206737,0.1309823040418927,0.1325842190291943,0.1573246318362957,0.1155213281095734,0.1435196045977642,0.1222560923793206,0.1085281190220731,0.1200345647533664,0.1100008028299901,0.1190932307934641,0.1255849769578174,0.1315851666768493,0.1174293129433962,0.1292181735794184,0.119978397470051,0.1150569901716982,0.1221420467698493,0.1148443624197594,0.1260616362706218,0.1244063898824861,0.1124757593055312,0.1022845820050168,0.0828816981193808,0.0877692533129753,0.0966724856511433,0.0887603699977933,0.0923515934506822,0.0858624839850233,0.0911157000186666,0.0919146000395354,0.0983379219211304,0.1137419549022372,0.1391547642504981,0.1312939797826649,0.107855806364869,0.1138184441722574,0.0950935354172125,0.0911925942779585,0.1294961640850881,0.09429199317155,0.0935029237404753,0.0885352610654648,0.0879062428524745,0.1015048443487214,0.1042196456123429,0.0922688147168974,0.1089515546050079,0.0999828888409865,0.0915025814889133,0.0998720665107215,0.1088707445498475,0.1006994921385214,0.1070922148044967,0.0930040254572421,0.0902596294703404,0.1102128485795811,0.1037983165655476,0.1075383618914166,0.1039741998747282,0.1296949645146271,0.1240411745293633,0.1342926916722327,0.1284783173219369,0.1365952350612932,0.1408802212600798,0.1329689795145829,0.1326673995452535,0.1287704919818923,0.1174542743404127,0.1066708491304297,0.1091360229107666,0.1296947264849363,0.1138565361145556,0.112007160768796,0.1135823785435769,0.1257278415256283,0.131432318963849,0.124969648420184,0.1572979945052517,0.1437106689222553,0.1409921987877828,0.1272140640580187,0.134532964701143,0.1289050043228691,0.1464742064100951,0.1317100620283997,0.1221642552051208,0.1039414337419424,0.1134616436645084,0.1088562330914708,0.1575365005804676,0.1418745131460074,0.1349236803495444,0.0567709761362307,0.0,0.065842001660001,0.1223440018878542,0.0583581480710587,0.0548370030194362,0.0499366420890714,0.0585132647417547,0.0596736041730948,0.1346367788544065,0.049108523027589,0.0938600147338098,0.0498521474702396,0.0541573259626346,0.0597661448922671,0.13694013651406,0.0500403239860621,0.0913084365651072
D103_12_consensus,0.1227323158087416,0.1233893880109521,0.1324805927807685,0.1291764550638239,0.1280580578126791,0.1227354559201765,0.1287706108655865,0.1296628368286875,0.1308652259582188,0.1309696808496828,0.1317401768780026,0.1275601728718683,0.1268839765830883,0.1244991564672427,0.1416694276176873,0.1206997178194494,0.1286358154531721,0.127854788610558,0.102752486922631,0.0951419893213194,0.1083158962819191,0.0870451612338629,0.0955616158044192,0.0971805273238158,0.1057069226042557,0.1016811675878461,0.1098316819005672,0.0838810104501234,0.0930573913615061,0.0945984672340866,0.0993357647779726,0.0958964095465258,0.1057568526148921,0.0867232670006321,0.0985318901707363,0.0947508048634813,0.1698224191879872,0.1343332382269029,0.1319602574686208,0.1398887226439858,0.1372893979210384,0.1329981704262228,0.1193313419931056,0.1315410227545541,0.1550669621566722,0.1364311621865458,0.1850772989004477,0.1546149158536617,0.1216411563998654,0.1251028843994983,0.1330943071592368,0.1356668506503522,0.1325211057391452,0.1332951252208546,0.1250249272271845,0.1270177832398956,0.124315492646109,0.1347283742482828,0.1366600049512896,0.1353129333705786,0.1293065891321353,0.1264994742687735,0.1315808846162793,0.1353598390609368,0.1048808800093458,0.0946618759997518,0.0962953226489303,0.0883524805939454,0.0949372848653112,0.0994281726004472,0.0846876295673295,0.0916718750570163,0.1098423680988785,0.1387810597669002,0.1664113617753503,0.1675421368467454,0.1256611812612063,0.1375060349850476,0.0945521688580483,0.0917948868519104,0.1697055575591952,0.0703164971037122,0.0645751913790014,0.0674173798228644,0.0732466649083433,0.0695304514909505,0.0658780270875233,0.0723577791189639,0.074687180238127,0.0708356794774855,0.0763273060208455,0.0667063644260447,0.0711432428138031,0.0737036693722953,0.0714254227777686,0.0682953407645011,0.0730000636207797,0.0759514480577749,0.0672644262910434,0.1028857408949875,0.1202417616884042,0.1197371339221941,0.1247305508072323,0.122515725809841,0.1157361828922354,0.1255329661549994,0.1340903387459398,0.1266768967686113,0.1225527764382398,0.130310653797232,0.1194789456328861,0.107928324600875,0.1127838097840041,0.1207038691891392,0.1113187358539576,0.1207173797421368,0.1451380947274417,0.0946807434646849,0.0936283533404272,0.0909808929651418,0.1121688113327994,0.1010389291601843,0.0997865418972698,0.0957418841387463,0.0961657263262738,0.0938612101438771,0.1037621176482287,0.0914123945421121,0.0877701464939861,0.0826399753873421,0.0829594569943771,0.0811215778089501,0.112846890093993,0.0993929669169196,0.0952409929169398,0.0276229487345638,0.065842001660001,0.0,0.0684487801297834,0.0762180801252935,0.0540378163839673,0.0383400070083902,0.0460282545581644,0.0519645878504778,0.07980950586435,0.0772443225526484,0.0386286620952612,0.0471702717806624,0.057855367113903,0.0349438082426467,0.0825023570559038,0.0491600629694232,0.0401033793375363
D103_13_consensus,0.1531417311253601,0.1607450261132974,0.1790040350114676,0.157316090108311,0.1656138480321655,0.1671424663383746,0.1514106128786672,0.1579540575107178,0.1648068043066605,0.1539688487899864,0.1612354013218042,0.1574166616380892,0.1513295498222457,0.1657700296848483,0.1944904439436793,0.1581926388913465,0.173544725080128,0.1737784731051455,0.1465992068867922,0.1322152411829031,0.1523692885698898,0.1064460176897846,0.1327773409715308,0.1400407589620703,0.1484164599643801,0.1354637526095012,0.1493375044802149,0.1014557342072469,0.1255464459693081,0.1271658778518515,0.1370015870312161,0.129118484513536,0.1433302829139661,0.1063361481084199,0.1342825848636749,0.136442645674375,0.1681450442803123,0.1513466157101332,0.1536627545784804,0.1463572194943549,0.1483871018904412,0.1499683456167995,0.1443431410994958,0.1649519684195944,0.179287306059124,0.1883159262475714,0.2413678105126202,0.2117876585111031,0.1693012148274537,0.1676706189872696,0.1860003268806916,0.1853203195328525,0.1765785624101848,0.1733306885805973,0.1674474698455807,0.1624757675736534,0.1660851512604038,0.1862347763088606,0.1845628703007427,0.1867574687626114,0.1676539037933352,0.1651200677140427,0.1826310522783905,0.1868788712590066,0.1513826368678172,0.1366155086709729,0.1288859752528175,0.1235979613500411,0.1329024490112045,0.1434379374710626,0.1163684313767829,0.1275876370985072,0.1523615362758422,0.1867640449200504,0.2083267554284115,0.2194868103456996,0.1708059427175243,0.1856067920189146,0.1278576136708406,0.1283483918080984,0.222111178034064,0.0962922297515974,0.0861557618693493,0.0979068115757131,0.1080606077576353,0.0846714072877589,0.0737885901160343,0.1020326628373338,0.0849128728502369,0.0926723845801659,0.1092606853433309,0.0811544233936554,0.0742532002903544,0.0927459834666641,0.0782247921284248,0.0943749430973137,0.1067853778652082,0.0842206902400536,0.0756438601135057,0.1370418277316382,0.1725525291845873,0.1572331592212957,0.1665118611378384,0.155605828628678,0.1512066684812276,0.1578096939453984,0.1690134916674289,0.1648760337813719,0.1448297627346041,0.1584075801867739,0.1643437939841434,0.1522454173298699,0.1598137377909469,0.1591814224918544,0.1544251969077908,0.1691184547950122,0.1981844456262716,0.1115045251809815,0.098917480310365,0.1032696025472884,0.0877825214737484,0.0879238971644515,0.0950916736797471,0.1116311887406224,0.0974867088845085,0.1042170587884065,0.0859525207434673,0.0864156740123581,0.0982751911171689,0.114139585576057,0.1012189148213092,0.1055444276387429,0.0891610631473936,0.0867046779189941,0.0930897411372804,0.0800412768402054,0.1223440018878542,0.0684487801297834,0.0,0.1314837657966493,0.0990406236412128,0.0960829115408514,0.0987527717045189,0.1054656543273557,0.022731417235322,0.1363148105506272,0.0404695498748856,0.1061257016350045,0.1153562224568307,0.0891025632207962,0.0230319423439401,0.1064338178314724,0.0445922466993323
D103_14_consensus,0.1200158631272829,0.1107119154064351,0.10975410115286,0.1223599918147095,0.1152014496302365,0.106747380197616,0.1277214858803118,0.1234530324565721,0.1175868222210508,0.1284334881504111,0.123059547525907,0.1196330772159209,0.129708555368085,0.1137495469831141,0.1136028704640182,0.1104014620642669,0.108544668961647,0.106851873933937,0.094326688791356,0.0956102515368559,0.0965488720333575,0.1044390014801586,0.0955958374602897,0.098335220862586,0.0960575396252828,0.0998971582754886,0.1008585900340535,0.1025251239746694,0.0963635937329605,0.0996447320948641,0.0950807450438056,0.0949369619507517,0.0974990156115496,0.1035698287967529,0.0974428386681889,0.0914206193892699,0.1856113490980765,0.1376228460160615,0.1308888066647873,0.1523482400064482,0.1476450470943844,0.1359950715000775,0.1067532256818077,0.1053104059672617,0.1331089959623031,0.1015207039062167,0.1563967765241257,0.113218047932883,0.0994019123765774,0.1015239723446072,0.102632630156395,0.1018718668025135,0.1047570020899763,0.1113996906365293,0.1018201088238407,0.1097759355182472,0.1019225781133872,0.1048687212921541,0.1106695592632378,0.106578126263176,0.106486222981949,0.1040875341550975,0.0992097757045861,0.1061214004660853,0.0857810288470683,0.0791421853980227,0.0843316845664168,0.0794555807969513,0.0782146505260361,0.0810467036822601,0.0830286395066024,0.08202385963211,0.0809370585829455,0.0958434011314946,0.1216151934601258,0.1210329391073805,0.08778658173019,0.0949421076381231,0.0837131778444781,0.0822650071013762,0.1308468306962599,0.0941121429538165,0.0949004538473056,0.0901583715851926,0.0854992036028788,0.1017631803310647,0.1076130030442331,0.0917530049924136,0.1053253498087396,0.0971418977267253,0.0841975713762296,0.0978385192585053,0.1067259231952645,0.0971375456378429,0.1050632726511805,0.0904015496850569,0.0872794653805051,0.1083022399449903,0.1066045824362767,0.0988826135955015,0.1006528720244902,0.1061941619178833,0.10049238953457,0.1130436226577393,0.1060064667905981,0.1169953609064277,0.1187611899721497,0.1085189899695961,0.1157617093451056,0.1151860043515757,0.1037757163393928,0.0940779911750912,0.0952628376581172,0.1093963023607185,0.0949332313267771,0.1006732826439926,0.1227196907927942,0.11499084761098,0.1244123406867545,0.115845773968262,0.1567019750154853,0.1401039415357075,0.1350240820470496,0.1149020418691666,0.1279602824668773,0.1195659272718377,0.1451883219897857,0.1296703444720569,0.1164584999458572,0.0954862340130194,0.107531799865368,0.1034835461635114,0.1565931703908276,0.1387186784912341,0.129821978793895,0.069600023023723,0.0583581480710587,0.0762180801252935,0.1314837657966493,0.0,0.0878127000459571,0.0541727393761813,0.0556123092446183,0.0477865154104196,0.139150388253837,0.0432011699240031,0.1000951808797945,0.0476215363097852,0.0465587528951284,0.0569876126806919,0.1427165713391069,0.0458203059675403,0.1060017736277131
D103_15_consensus,0.1369900163645962,0.1356623428315077,0.1362592072103609,0.1488218696106111,0.1412427256335826,0.1272118853617444,0.1498200823998954,0.1498489748675023,0.1514325544451096,0.1536121362516485,0.1527678426048773,0.148734100777722,0.1408057795275354,0.1261043680789554,0.1315481086039197,0.1315301394701323,0.1327041702859173,0.1289391684179386,0.1224965401390753,0.1215486479752569,0.1289764416524645,0.1217722917243102,0.1213886215028223,0.1130627190509044,0.1271947203609119,0.1313598098815281,0.1339843919641631,0.1185879817192495,0.1227145531508522,0.1242673857425208,0.1258993439290183,0.125688914905105,0.1325644362569465,0.1218386164315013,0.1257412751223057,0.116643476711178,0.1942862374830029,0.1612805999096075,0.1587832405839403,0.166318323530955,0.1650142544704085,0.1604184216092192,0.1450922027442081,0.1528203869694225,0.1748957803221085,0.1420705156311173,0.1601099361844759,0.1515109523663921,0.1273418608341064,0.1402976074272304,0.1334439708789949,0.1455188613919147,0.14905072468596,0.1534805082901292,0.1378464216499644,0.1477081559267382,0.1411801617247824,0.1374341167126894,0.1449783126685503,0.1380783676309607,0.1483389002093363,0.145380091132513,0.1367446262326904,0.1291974830989594,0.1051698974650897,0.1100980827581958,0.116134543354292,0.1068469694186208,0.1142511424065035,0.1097120599609145,0.1067774736088201,0.1109357899469321,0.124975155176596,0.1464134044301619,0.1732992751281477,0.1665077839902874,0.1376348627047057,0.1466988322055414,0.1143194913291949,0.1097311776220312,0.1592683389338189,0.0980069318349935,0.095163937810642,0.0933573773156862,0.0976002315800888,0.101902373439788,0.0975308470734247,0.0993715888221775,0.1101296970075026,0.1027088446219766,0.1050842863200768,0.1007013971491729,0.1073961068707481,0.1069372817941326,0.1074119806145251,0.0993513593200731,0.0995688102527838,0.1105600307456555,0.1004888029201558,0.1151542437215151,0.1127827675600006,0.1414240210459051,0.1412668237057128,0.1431493044653112,0.1376001984789647,0.1452608935519117,0.1528422998489931,0.1465057814883733,0.1468467341837524,0.1489295078095754,0.1273490783636065,0.1166555538900871,0.1205108276064442,0.1381354785142006,0.1253737594813432,0.1226975669865216,0.1227849555013634,0.1310529126368261,0.1296901061012637,0.1277553782365847,0.1455658914699318,0.1367119405898614,0.1362339044313242,0.1321674143575559,0.1332754750449401,0.1308496492522627,0.1381081356553329,0.1255942721181397,0.122939301176595,0.1123622978613897,0.1163144388984027,0.1122546377514605,0.1461982200884624,0.1352227747409272,0.1318112270639042,0.04587411962617,0.0548370030194362,0.0540378163839673,0.0990406236412128,0.0878127000459571,0.0,0.0585153161167945,0.073064583504635,0.0773345156240001,0.1144135031786474,0.0793822803705231,0.0774120564797795,0.064336074316452,0.0761505291898307,0.0638765765567331,0.1154176553837331,0.0686364124666224,0.0640206614997978
D103_16_consensus,0.1169335722515974,0.1136562280105702,0.1169794439983501,0.1229019229068422,0.1173925590796706,0.1107990478749751,0.1248256153310548,0.1235905618233601,0.1209112278352639,0.1270242896453821,0.1239709046887061,0.1202399460920145,0.1257539005779097,0.1155458339502756,0.124537452967339,0.1108441844157708,0.1140730863932563,0.1137673744948787,0.0895520280648721,0.0868081867413591,0.0939018390092981,0.0888877141684814,0.0873254678244217,0.0883605288221272,0.0924369072001335,0.0934154290491231,0.0980119282680071,0.0866744724552555,0.0869180431705956,0.0890800962742137,0.0890173563668441,0.0877938390128583,0.0942385544600181,0.0885910165799073,0.0903028358484256,0.0839270485652235,0.1739913290408627,0.1307926058809293,0.1259411269334421,0.1418175867617488,0.1373222580898435,0.1296717817458894,0.1097600252061468,0.1155718933928928,0.1435338306876733,0.1138644511811958,0.164721189462614,0.1297732355549012,0.1040806998035671,0.1080125299172202,0.1117432383975565,0.1137913804178183,0.1145342848723183,0.118532014102879,0.1079650061066212,0.1135053183454356,0.1075216801557028,0.1138099483797197,0.1186410189024427,0.1158359125700784,0.1134057693378244,0.1107338653340534,0.1098430202282071,0.1146282400392773,0.0879636132788964,0.0791646087024969,0.0848451860617616,0.0768695329913679,0.0806263894167177,0.0823634603919961,0.0765626936447365,0.0799227677761502,0.0907949331059008,0.115005390561151,0.1464872564733431,0.1417780597512067,0.1039416786498362,0.1136484857337738,0.0831373322436467,0.0798977472455362,0.1475180253139641,0.0712260387881475,0.0694989650481311,0.0668602473588805,0.0678120639752163,0.0761308902831795,0.078152510602292,0.0704615780006057,0.0816209068711197,0.0742494227864073,0.0693915347516761,0.0733196053169011,0.0816853124428651,0.075936908396163,0.0802007630921052,0.0685334446817152,0.0685368532221527,0.0843019874045827,0.0787275480189695,0.0997895686008839,0.104234704832317,0.1089455227777381,0.1091853495930615,0.1142265555596145,0.1065588324371601,0.1175196403878501,0.1231827012639895,0.1140024699302555,0.1175976669241146,0.1185591166634376,0.1066497516146183,0.0953201631719057,0.0985351682600872,0.1115834561585053,0.0982831882676828,0.1054989611033664,0.1285886881693516,0.0979747094645354,0.1030020798382995,0.0963856664420685,0.1305970460244741,0.1162283371384052,0.1123333402365271,0.098801970986333,0.106104656684466,0.1001097777799286,0.1199117352860938,0.1048479337776255,0.0950244021300313,0.07978382256262,0.0868586759176917,0.0831253068703886,0.1307632483092022,0.1140961069144164,0.1067697292608286,0.0304469570748322,0.0499366420890714,0.0383400070083902,0.0960829115408514,0.0541727393761813,0.0585153161167945,0.0,0.0349462828468644,0.0315384953017812,0.1055909031959687,0.0531525294707447,0.0635618958490973,0.0234237192351554,0.0353584050693815,0.0264969390552701,0.1089324531396533,0.0275663271320805,0.0683970917396165
D103_17_consensus,0.1142651066220375,0.1104384312260008,0.1154151858716767,0.1178247440586791,0.1131219865455956,0.1094410776534688,0.1202507782822236,0.1172749442872811,0.1151951103036847,0.121364707102398,0.1185596857558481,0.114470841975059,0.1219175515152877,0.1153587955455799,0.1260297288014406,0.1091346200902988,0.1141378470281414,0.1136339061498978,0.0899343597248602,0.0856357927989407,0.0929346825163418,0.0868302174173706,0.086036789185534,0.0898120420647702,0.0916184513110525,0.090056796625676,0.095543020329261,0.0862827108164526,0.0852485144459388,0.0866682008964416,0.0872320925980253,0.0854500246128208,0.0912253871338979,0.0860090667375495,0.0878174540623795,0.0838427341128949,0.1719831076338419,0.1294241861824334,0.1237592835023622,0.1397791418299111,0.1346381906487903,0.1268579322099265,0.1085095042460884,0.1145664596466147,0.1433479173059356,0.1172052237845513,0.1750045205841583,0.1340117565771673,0.1080548197731278,0.1094249074526299,0.116093346097735,0.1155210001414694,0.1129322045793162,0.1144624519731206,0.1107302807009935,0.1130544558427829,0.1077393886920415,0.1184285177310535,0.1184505738484233,0.118375971723557,0.1136914610560199,0.1111429940178691,0.1139479552519651,0.1190793038644252,0.0932812645667782,0.0801720898154818,0.0860890315264184,0.0791723765736288,0.0814941380883269,0.0846160035085207,0.0775788700515798,0.0803606796518677,0.0922414767522736,0.1168232408369562,0.1430228888016514,0.1441299828087296,0.1055258504085791,0.1148003885403925,0.0836862821673512,0.0810901847203963,0.1518656252723675,0.0721893279280126,0.070358515376475,0.0688452034322438,0.0688995755201543,0.0756635934891871,0.0790913438520787,0.0708700494978442,0.0794846713694027,0.0726443816323584,0.0691154884603385,0.0730687671858489,0.0805896287834684,0.0743963371611579,0.079353272050206,0.0681740643476127,0.0686369312972675,0.0819305211378844,0.0781326919472587,0.0986711824881028,0.1124487029365264,0.1074760192168689,0.1090633176415966,0.1134451787340276,0.1058144635359702,0.1159889607552022,0.1216311819749092,0.1129356321326988,0.1127749420504816,0.1157726370979445,0.1093869887895748,0.0990774765561876,0.1020306235778171,0.1111127904949282,0.1010467669161089,0.1107532886335305,0.138970392789275,0.092248069923513,0.0985572096411018,0.0918006940541615,0.1279380720278118,0.1129058104643969,0.1080614558070342,0.0934293265135192,0.1015509170879878,0.0953512242623295,0.1176987173925376,0.1025264323021823,0.0916850714532364,0.0774294679908245,0.0842359046546045,0.0809915500477114,0.1282064348622255,0.1111830455071986,0.1027040504525208,0.0446081172092182,0.0585132647417547,0.0460282545581644,0.0987527717045189,0.0556123092446183,0.073064583504635,0.0349462828468644,0.0,0.0343548852748498,0.1058795850685963,0.0585708965356838,0.0659033950399005,0.0368042919589044,0.0385304045809698,0.0341838983489182,0.1093442541267748,0.0370778233501021,0.0741423897127405
D103_18_consensus,0.1126795638552961,0.1072416973833405,0.1119192343893461,0.1153827855275742,0.110532311150263,0.1069179995003341,0.1187614452295121,0.1152116412892596,0.111503761214195,0.1196599544825195,0.1154669922972408,0.1117267247032585,0.122224331458514,0.1137565562654059,0.1237462039539082,0.1068752869596337,0.1103899906869062,0.1108412889549807,0.0840769924049018,0.0808317472064085,0.086407646486935,0.0843337822456916,0.0812624012017929,0.0859487857622296,0.0851277334027268,0.0845676778814785,0.0892954176892188,0.0823852749890047,0.0805234350538251,0.0822066191602212,0.0814937451031795,0.0796916350557252,0.0848432038965101,0.0834193440534075,0.0828103110385564,0.0788678757935116,0.1710388660143636,0.1242943903043341,0.1184253161443772,0.137351904699053,0.131780377007228,0.1229953575990053,0.1003638071927024,0.1046974137187002,0.1353452918967925,0.1071778273400695,0.1694577494381355,0.1248186933645113,0.0995041744216525,0.100019323222317,0.1078183714128194,0.105594287285519,0.1038383532121051,0.1071654879502004,0.1013263887639511,0.1046852837075109,0.0987309614924426,0.1088661451789997,0.1113993061336776,0.1106962157433669,0.1042172995325763,0.101844931998826,0.1040980571843837,0.1142196432145908,0.0887389217660786,0.0742143854862927,0.0793324044206369,0.0726909839127149,0.0736683248992568,0.0793182931478689,0.0728505624607386,0.0751112209488206,0.0822080725838876,0.1064075055923342,0.1358560818799937,0.1357176498637483,0.0948174408329742,0.1044331258016614,0.0779897867810587,0.0755041069138109,0.1466749241331366,0.0725975834626903,0.0716196535787069,0.0683583632483271,0.0669841443991719,0.0773673189913476,0.0823586086412705,0.0707967206367153,0.0810958584263457,0.0732155245779489,0.0657040579994305,0.0737257270972444,0.0823451266280713,0.0748016692320757,0.0806989394287247,0.068118461104825,0.067317243270711,0.084080217189837,0.0814661988707161,0.0964771601608041,0.1058649925227368,0.0991602534588629,0.1001480463163172,0.1067955383732332,0.0978910007871379,0.1104518793205126,0.1149534834128665,0.1045158267737445,0.1093443436032392,0.1108686042265499,0.102905249562327,0.0921677231311723,0.0946592195440999,0.1041123489938648,0.0918053492794776,0.1031500156727493,0.1340361136872143,0.0935457970978635,0.101323398166317,0.0929924380963728,0.132696637142899,0.1168387600091438,0.1111696729767363,0.0939791646785789,0.1044419034964485,0.0968361085945004,0.1216718057003581,0.1063177013956264,0.0939259752274397,0.0769930406858472,0.0856285796915188,0.0821433804074915,0.1327347038481573,0.1148140093730134,0.1057068139846225,0.0471272235558424,0.0596736041730948,0.0519645878504778,0.1054656543273557,0.0477865154104196,0.0773345156240001,0.0315384953017812,0.0343548852748498,0.0,0.1125415527155041,0.0533094918007774,0.0717300783995481,0.0303767339908093,0.0318034713501334,0.0325528605303484,0.1163884583551948,0.0314897488428488,0.0813729890157777
D103_1_consensus,0.1565577675868573,0.1647297440195018,0.18510921059945,0.1588138608983759,0.1693646220343581,0.1734344625864456,0.152084943205819,0.1593363468041349,0.1664181427970021,0.1543364742048774,0.162378256463135,0.158644359187479,0.1544348073084028,0.1726656324326776,0.2033697869622562,0.1628253897457139,0.179613063881114,0.1804070531305483,0.1508190785986393,0.1351155518780333,0.156205196363233,0.1061576940721347,0.1357544525239894,0.1455355468698203,0.1521460714165399,0.1364568122060554,0.1516996513131235,0.1013034550109587,0.1272274681866282,0.1288420128110104,0.1393882086541534,0.1303166070758067,0.1452056956204009,0.1057077340834991,0.1364401872265176,0.1407917513746141,0.1667644615446124,0.1510341164224967,0.1536009970696344,0.1449790802326949,0.1470366270771682,0.1488725384713966,0.1428854745059464,0.1645595309662271,0.1782196146289691,0.195206161445466,0.254074986975293,0.2200040572446449,0.1763860292848775,0.1722234139549859,0.1940504005994149,0.1910378493373517,0.1804562832585551,0.1761668356807851,0.1726792486051558,0.1649891074664365,0.1701492990156927,0.1936491699542468,0.1906882719345213,0.1941626405826332,0.1710465793677415,0.1684688014627571,0.1896321193137883,0.195055236873747,0.1592283532866758,0.1413987735449043,0.1316846519994983,0.1274161038945807,0.1362514491758907,0.1490622203410344,0.1194543856964213,0.1310224643651168,0.1561290355048487,0.1911752165960486,0.2115215678237894,0.2256026698690115,0.1745734852398318,0.18992139879075,0.1308831152749196,0.1318044123244383,0.2301882996223256,0.1006067475959242,0.0906852153291044,0.1033186643201659,0.1133144984360948,0.0874522376598084,0.0773506746323961,0.1064300376325705,0.0856769592002951,0.0955173487851923,0.1128451851941824,0.0835545763959963,0.0746855007803568,0.0949804397404343,0.0791260155060666,0.0978562847047413,0.1112624758899005,0.0847752095682376,0.0787208516378072,0.1410200448703763,0.1813801753430525,0.158377826211422,0.1686425309595998,0.1561030178343276,0.1523574204379105,0.1579493902887277,0.1690322228311886,0.1658944797670884,0.1446068813430967,0.1592217632015256,0.1691811874318364,0.1575041074244366,0.1653985530829353,0.1616243488836823,0.1583939238526113,0.1755165497194052,0.2092258720518351,0.1115309486712189,0.0987644889242708,0.1033150385746966,0.0844069850650558,0.0857146167112706,0.0931087544812354,0.1114190112144892,0.0963163994399283,0.1038274972479785,0.0836870914160193,0.0864992327893507,0.0994416875646525,0.118113378575079,0.1038393325769494,0.1092882587418937,0.0857630484826068,0.0843164778030333,0.0919470168663818,0.091762399807936,0.1346367788544065,0.07980950586435,0.022731417235322,0.139150388253837,0.1144135031786474,0.1055909031959687,0.1058795850685963,0.1125415527155041,0.0,0.1453761493243182,0.0491169347541174,0.1153272947306565,0.1234214681029221,0.0978734642599295,0.0137975130584925,0.1150911090875631,0.0589289753995365
D103_2_consensus,0.1202655551672216,0.1104959111874701,0.1038504720388527,0.1254090092074468,0.1145916039588721,0.1028952203105993,0.1317395816434896,0.1277547206436059,0.120424730469598,0.1327500893008615,0.1255042477031263,0.1226337290191944,0.1322459054354587,0.1109448120273029,0.102334450146934,0.108890170196428,0.1038202527040579,0.1010408420593868,0.0929580719192176,0.0978783675735052,0.0954973826576146,0.1098944214000687,0.0970881027372734,0.0962527879396941,0.0956816123282222,0.1030787866033696,0.1021644900772344,0.1089200228424993,0.0996278966276203,0.1030196265990957,0.0968453362743057,0.0984687845909823,0.0996912396623265,0.1092111321536404,0.0997251185911982,0.0912007621236228,0.1923482114791184,0.1448430973935003,0.1371802105513801,0.159485581142012,0.1546872701166935,0.1425698069002345,0.1126355620799409,0.1086795581168796,0.1381444978343097,0.0964535978731352,0.1400621784606986,0.1030628934747588,0.0961108182596851,0.1023775034559941,0.0957429550388109,0.0993133936759297,0.1058962772075384,0.1140079402208513,0.1014803588027242,0.1130485384358105,0.1028028292705642,0.0974247442263375,0.1070174095578286,0.1004551062256396,0.1090431795207211,0.1068335631663353,0.0944180051135885,0.0900645135796032,0.0733593005724501,0.0741009637079643,0.0835487805687866,0.0781599049447459,0.0774548037184957,0.0720544769256313,0.0825198425580717,0.0796029957655948,0.0784355493891477,0.0893392085046416,0.1190394243837523,0.1100183785049589,0.0837868655622678,0.0890422196902125,0.0825519928674338,0.0791957736652532,0.115277373361726,0.0931310418953138,0.0952394697396484,0.0883619539979277,0.0828242219698654,0.1024534173873711,0.1091116422060976,0.0899306827275126,0.1082293845971025,0.0983057339996904,0.0836893396457247,0.0999615775149934,0.1103362278447071,0.098402576487752,0.1080030141747212,0.0898767511462202,0.0849507993944807,0.1104445409547241,0.1080064502359907,0.1017824744228492,0.0930443106114621,0.1112004642482128,0.1018091046948527,0.1180454342564499,0.1109732308637772,0.1202298292970678,0.1219831067772702,0.1123078395019158,0.1226578039684712,0.1157694231026863,0.1023875236240009,0.0920220553729536,0.0930782425392835,0.1137001000146703,0.0960349846290162,0.0963194974154909,0.1090926799799054,0.1237606949337749,0.133384939568996,0.1245111536420803,0.1656671680751184,0.1496086621153734,0.1443346446197006,0.1242497825888397,0.1369182014501598,0.1285333234062453,0.1540692721722748,0.1375553430179119,0.1241414641865743,0.1017362099822808,0.1147825238812862,0.1096697057019901,0.1656502080726051,0.1478061646811856,0.1385014710746525,0.0676469045937928,0.049108523027589,0.0772443225526484,0.1363148105506272,0.0432011699240031,0.0793822803705231,0.0531525294707447,0.0585708965356838,0.0533094918007774,0.1453761493243182,0.0,0.1046488066042898,0.0448574332694292,0.0470091475955984,0.0604339041558538,0.1486294980938432,0.0451463293839377,0.1080006088714588
D103_3_consensus,0.1297181893205054,0.1340894403343113,0.1495008699814432,0.1340409567882663,0.1383575927210024,0.1384542489016695,0.1307776015270667,0.1342483213188504,0.1385098172727312,0.1330949464715602,0.1371021482732648,0.1331512356396212,0.1309752708961861,0.1393923713485836,0.1645037738600385,0.1323370228985062,0.1449684932555764,0.1451341654286608,0.114877849885102,0.1022315911725929,0.1201785730142329,0.0831745664563077,0.1028593523034987,0.1089552876693419,0.1166479206325807,0.1065576547816194,0.1182805822330913,0.079143736976447,0.0973870111157059,0.0984513308957829,0.1069693434924002,0.1006687232299222,0.1133163225446999,0.0831296087350438,0.1049598520233203,0.1054857650206654,0.1613286567201556,0.1328721179722604,0.1329751445370175,0.1336727997853117,0.132510506153337,0.1310348996898145,0.1223152418998876,0.1392707144745315,0.1597646988646761,0.1563255947576479,0.2128866279017795,0.1789724170501787,0.1393734421339499,0.1384152852981377,0.1544370901084322,0.1535888866161558,0.146208258572342,0.143931662715989,0.1390926336355973,0.1355651401073292,0.1367774616984214,0.154699183490575,0.1536855249256519,0.1549434297050824,0.1404048773936732,0.1377303399956224,0.1512588747973521,0.1579550720285669,0.1242599292912362,0.1084435533400373,0.1055184820143966,0.0985579636944957,0.1064984566112349,0.1154083005847266,0.0921268044941591,0.1020136807155868,0.1243249850650307,0.1576067409303403,0.1827528232439579,0.1898255116992832,0.1423334674213525,0.156085048776902,0.1038294881900182,0.10230169823222,0.1940687805190093,0.0719911055117783,0.0633653714306803,0.0719579098507287,0.0806485862630053,0.0641482584593973,0.0562814472565716,0.0765625487734283,0.0664740763565357,0.0686558688909631,0.0825780675995733,0.0611789624629625,0.0598173518889715,0.071568075424955,0.0624265150397856,0.0698746509164743,0.079420885127888,0.0668106938792541,0.0580686508943466,0.1133478734673773,0.1419849496563679,0.1279926927926801,0.137151595402743,0.1290091886882983,0.122644285583343,0.1317366066769536,0.1419661172504026,0.1356427869900106,0.1257993943141052,0.1379441250972666,0.1343991809937197,0.1230901050315606,0.1291230431305918,0.1299479279566318,0.124598785704829,0.1388707165099087,0.170486094747035,0.0905140911089438,0.0834523567359469,0.0844972408858179,0.0916144766621888,0.0839638674565237,0.0852871992985915,0.0912346417792269,0.084217589493347,0.0865663470639324,0.0859137012530458,0.0783007707452997,0.0810727789906845,0.0876330225806355,0.0803612593722291,0.0817947042804702,0.0925425174688103,0.0823204538298948,0.0818653729128751,0.0495018172649334,0.0938600147338098,0.0386286620952612,0.0404695498748856,0.1000951808797945,0.0774120564797795,0.0635618958490973,0.0659033950399005,0.0717300783995481,0.0491169347541174,0.1046488066042898,0.0,0.072415783440337,0.0814102109878587,0.0551251958725486,0.0527314966778549,0.0737113274690608,0.0306659920598606
D103_4_consensus,0.1136224818306687,0.1088708529570292,0.1097057564855643,0.119253199877891,0.1126304257899096,0.1055669608784172,0.1224676483940858,0.1205612464797298,0.1161296690055634,0.1240384397759579,0.1200886325793218,0.1171992915813497,0.1241593244368354,0.1108807389948838,0.117905139213977,0.106539729598609,0.1077203810408313,0.1074162249298682,0.0833836835503227,0.0825612808616749,0.0872277329043237,0.0887051680530552,0.0829196949889058,0.0836200271383418,0.0861092121019892,0.0890158434268481,0.0919336945478098,0.0870112625996618,0.083079926534589,0.0859538379397799,0.0837326337857525,0.0836273618813953,0.0885882727380959,0.0883740644828354,0.0860328279229068,0.0790642311003279,0.1750669792075848,0.1288691928967286,0.1228532944519682,0.1415618139139515,0.1364911967321492,0.1275318886517253,0.1076220259779384,0.1104772555916435,0.140746904051023,0.1050363347849187,0.1579845308418976,0.1201283920889373,0.0975552458811638,0.1011219467238464,0.1036740089196307,0.105335058105922,0.10686703883226,0.112469930776834,0.1016582626666885,0.1082708836986082,0.1010110762607622,0.1053801126080337,0.1119466081189018,0.1084131918947317,0.1072545152694153,0.1048096280093376,0.1013799782516593,0.1077711622214374,0.0827444974706877,0.0743364387113041,0.0815745081810896,0.0739189876820985,0.0761651902956732,0.0771764879668528,0.0750266376037932,0.0766652648764903,0.0839206381547736,0.1063950020691055,0.1386928810604814,0.1325906799131114,0.0959045958024385,0.1047219288957703,0.07970958303675,0.0766969789185356,0.1400387487087191,0.0724536368840933,0.0723003626894375,0.0682647651890268,0.0661930610077715,0.0792423418074105,0.0833858141993779,0.0713390656732483,0.0846281370041839,0.0758114649000014,0.0673477634210486,0.0763359413123943,0.0859466341252255,0.0778971494035314,0.0841819841318683,0.0698153775748017,0.0675952965107001,0.0875848072350347,0.0831826579429702,0.0976989020132118,0.0970740873093282,0.1027674676546475,0.1011975430294883,0.1093943615449709,0.1010160428761789,0.1127329958466153,0.1177644824842628,0.1071427132068937,0.1160377576841455,0.1173447682708785,0.0994769662128324,0.0888682837069768,0.0912282889687314,0.1057213463460572,0.0911414876876525,0.0976399003928421,0.1219733959239876,0.0995452479963125,0.1061754461572221,0.0989785303200125,0.136967737583873,0.1214367357826358,0.1165719341977541,0.1002536284422551,0.1099516134618667,0.1026003573682601,0.1257417359260448,0.1098239175772582,0.0978910675693109,0.079615115577226,0.0893907382752707,0.0845122680319201,0.1371112867268416,0.1196023907733247,0.1112815400791101,0.0380533593067882,0.0498521474702396,0.0471702717806624,0.1061257016350045,0.0476215363097852,0.064336074316452,0.0234237192351554,0.0368042919589044,0.0303767339908093,0.1153272947306565,0.0448574332694292,0.072415783440337,0.0,0.0314052521467015,0.0292694025313867,0.1187364099453514,0.0253744099145503,0.0782956922398702
D103_5_consensus,0.1115066377217663,0.1054821713369726,0.1061866463236412,0.1160642876200906,0.1073743680626406,0.1012804281660757,0.1203718158644682,0.1158969950095167,0.110265196515946,0.1211003758962634,0.1153668382376176,0.1123623322418138,0.1224578217345191,0.1083753890836684,0.113292193983696,0.1036445100326776,0.1049568940651492,0.1042042556141716,0.08171146788358,0.081526842406746,0.0847471420174846,0.0906184010496188,0.0818198346854655,0.0836962972711901,0.0834923441388608,0.0866636704803909,0.0891840504371021,0.090075313048092,0.0834091871991059,0.0850204800416519,0.0826359072049131,0.0827795674018505,0.0855994658926132,0.089904592796415,0.0844869665458171,0.077838099308209,0.1769446706899129,0.1286251904137685,0.1222045886691327,0.1426347384799383,0.1363179851826013,0.1267712697866117,0.108282906016108,0.1103572402910513,0.1415005767045484,0.0999594699556157,0.1580023980749273,0.1147644666667219,0.0951712168256352,0.0979269559055607,0.1001319405232326,0.0996991971673885,0.1009944791892495,0.1056773082324122,0.099459028261961,0.1056618428753759,0.0968779777909945,0.1023205107692376,0.1062261772275897,0.1032117406302307,0.1037577011057233,0.1015525517593638,0.0978013372057149,0.1059365607784039,0.0840882509483507,0.0744956691961673,0.0836883971757268,0.0760114635568309,0.0766310135964827,0.0770526161590481,0.0771261481389014,0.0778210009897356,0.0824848049665029,0.1027642592479151,0.1335808371495967,0.1282777977891586,0.0936101857821228,0.1010728260748193,0.0817255121395155,0.0783128133377991,0.1373149893239625,0.0753407758368591,0.0752241463347194,0.0699741926368982,0.0675722623201858,0.0823766503475028,0.0881920729498991,0.0723736118211801,0.0869995963637771,0.077154275691743,0.0673868444949088,0.0800305991090005,0.0896149638881568,0.0792206764697437,0.0875790311070398,0.0716652405960007,0.068358794549756,0.090063117787522,0.0869392252419964,0.0995795150636429,0.0998774210858416,0.1017329457851745,0.1005429158379113,0.1101378525576812,0.100976760644084,0.113490898218116,0.1171151814295306,0.106777037316086,0.1142842930369953,0.1147856148054314,0.1004377757862775,0.0910671988016092,0.0924969963308956,0.1054838369163506,0.0924726939078873,0.0995138030202168,0.1256320560209136,0.0990320648301023,0.108205006347414,0.0999791031243349,0.1412192844786073,0.1252850194738563,0.1192423411286912,0.1002841728802776,0.1118263787493408,0.1037802479144616,0.1299682061399929,0.1138570509443853,0.0999243619634871,0.0801787353104356,0.0911092871831588,0.0865651171839524,0.1412019539177818,0.1232539284993669,0.1136552092090486,0.0509083721427911,0.0541573259626346,0.057855367113903,0.1153562224568307,0.0465587528951284,0.0761505291898307,0.0353584050693815,0.0385304045809698,0.0318034713501334,0.1234214681029221,0.0470091475955984,0.0814102109878587,0.0314052521467015,0.0,0.0385436466676206,0.1272776282345408,0.0327285850995561,0.0886589721171137
D103_6_consensus,0.1146071535083181,0.1121554232511887,0.1189775944666658,0.1192157136024022,0.1160336675509669,0.1108568355427871,0.1211270960291744,0.1200319064889404,0.1183767498928897,0.1225156535186224,0.1210086906152202,0.1173709049462867,0.1217815068155687,0.1156288973899981,0.129221714718928,0.1105941156004299,0.1159176601081958,0.1154126196132824,0.0880728021074637,0.0825884561422363,0.0922694242367698,0.0814617222236389,0.0832621448238283,0.0858695859231683,0.0904521258438504,0.0889984007836768,0.0948148122647588,0.0780026864358468,0.0815632482021504,0.08349576710952,0.0854640927645346,0.083343320250763,0.0908846271131441,0.0811639370602316,0.0861313841834897,0.0815699388908129,0.1697408293560817,0.1259171950956406,0.1221200873985766,0.1362811593553524,0.1319754183777468,0.1244028208294558,0.1067817939873811,0.1148052711209046,0.1426319495259625,0.1175416126955791,0.1736180040921493,0.1358148709137046,0.1060310163255243,0.1078951251786424,0.1163863572285349,0.1163034711729044,0.114592479743501,0.1164243121769364,0.1087866824967263,0.1117232559257394,0.1074850021836708,0.1173429643532878,0.1212458547720883,0.119306211013966,0.1131398844982212,0.1101128789103567,0.1132050057580214,0.1231092779499609,0.0938705806044149,0.0821008901271543,0.0852348178089092,0.0770546656737307,0.080941250368396,0.0866499198903974,0.0761713162434449,0.0806395235425501,0.0923016970523896,0.1194498659152967,0.1498791807318565,0.1491863011817532,0.1070203207248934,0.1179378650380077,0.0836601907086442,0.0810596981991764,0.156004884202998,0.0703610792726583,0.0671480360776472,0.0666130514398096,0.0679728486619977,0.0731873464051619,0.0742974744314656,0.070983800192881,0.0778864633572453,0.0707967170327455,0.0692910257631115,0.0697295535195755,0.076928669970065,0.0740120915610498,0.0764667561429838,0.067305275350164,0.0684605339724033,0.0800644308561067,0.074439621961716,0.0949553010554044,0.1053001745951707,0.1022286357923078,0.105868048638596,0.1075779174295169,0.0995627495917359,0.1115430250527387,0.1182387670638111,0.1083942063870958,0.1128390325687557,0.1186805814452877,0.1033939433556627,0.092812180622328,0.0962174536151537,0.1046694944329995,0.0938736694354196,0.1041252183025693,0.1339356543543484,0.092087516360689,0.0957584074316769,0.0902069204043748,0.1228036125817949,0.1085292822834189,0.1043685360338812,0.0926319030707805,0.0990877932494684,0.0936678092628464,0.1128827440101553,0.0986188152516225,0.089557118899944,0.0765849027719822,0.0823879904087489,0.0788727329872799,0.1230668708866799,0.1068972000606534,0.0997590308384425,0.0307986445223009,0.0597661448922671,0.0349438082426467,0.0891025632207962,0.0569876126806919,0.0638765765567331,0.0264969390552701,0.0341838983489182,0.0325528605303484,0.0978734642599295,0.0604339041558538,0.0551251958725486,0.0292694025313867,0.0385436466676206,0.0,0.1016962626815689,0.0324289089095324,0.0624150967504994
D103_7_consensus,0.1594480262253652,0.1677079750479465,0.1878074297903814,0.1620530195758284,0.172514383580167,0.1763622486390802,0.1551252084476603,0.1625759246310771,0.1700836995469536,0.1575775105692194,0.165755321845174,0.1621188768724755,0.1571988882552016,0.1750600707842356,0.2058139951640911,0.165720276411659,0.1825895427927544,0.1831767659759471,0.1550400492763714,0.1394722136134139,0.1604635637476086,0.1108842942186661,0.1400997469633955,0.1492841606585836,0.1564704000660138,0.1409935149698586,0.1562100033922336,0.1065246390443722,0.1317360058102084,0.1333511643222377,0.1438697569700114,0.1349283083539854,0.1497252379158981,0.1103951211261733,0.140775979985072,0.1449587734703106,0.1692186121327906,0.1552766841294881,0.1577838761853602,0.1482983930541575,0.1507340199054382,0.1528496639215834,0.1475297580890472,0.1690679972867508,0.1828107732314704,0.1990472979289781,0.2563665684187898,0.223578634726667,0.1803730760395118,0.1766392442812291,0.1976631522103177,0.1952865856993155,0.1847614911920305,0.180478939460286,0.17702145456697,0.169611408296643,0.1744600048835947,0.1974769592454214,0.1942130193769562,0.1978573484005087,0.1755513845057096,0.1730724576885037,0.1935414350942786,0.1972736798404709,0.1615950483465699,0.1444755927820432,0.1350543990580517,0.1308349314773396,0.1398541754000472,0.1518574203378392,0.122612112546256,0.1341176287818489,0.1600073798448485,0.1948512840501473,0.2145699146866335,0.2286683735248096,0.1784087342018843,0.1936495382069898,0.1340914434664251,0.1348989278202118,0.2326228838606368,0.1032997906338921,0.0935973831762344,0.1061113015437795,0.1161400617580582,0.0902827367720617,0.0797730952682531,0.109332967417774,0.0886011860077108,0.0985531064602717,0.1161461490695517,0.0865636935206046,0.0777624214519215,0.0979445718794465,0.0820265754472151,0.1009415359154561,0.1142958927237048,0.0875287978616897,0.0813282872220727,0.1448067540246467,0.1851590642675857,0.1638227828053093,0.1733363497378838,0.161201643977784,0.1576531594171664,0.1626022144871351,0.1737927882132125,0.1710487361672824,0.1487044852315661,0.1625688191781056,0.1733681591681846,0.1617427759676503,0.1697625851427499,0.1667190947063421,0.1633380999506596,0.1796714734879312,0.2118087839427239,0.1159215828887799,0.1027967301221809,0.1077313962387145,0.0871329004763352,0.089178294870883,0.0970940465986026,0.1159741573661207,0.100512144102305,0.1082760974050793,0.0867128580000518,0.0898313345109038,0.1034366112807783,0.1223332674580123,0.1078771051145023,0.1132480218639857,0.0885437535905996,0.0878025107860656,0.0958521854687818,0.0945106971555729,0.13694013651406,0.0825023570559038,0.0230319423439401,0.1427165713391069,0.1154176553837331,0.1089324531396533,0.1093442541267748,0.1163884583551948,0.0137975130584925,0.1486294980938432,0.0527314966778549,0.1187364099453514,0.1272776282345408,0.1016962626815689,0.0,0.1189804193351232,0.06005283043621
D103_8_consensus,0.1157119525982251,0.1107179346528682,0.1132330649913735,0.1200801739191989,0.1144750221058542,0.1069989314752601,0.12338222551736,0.1215532712272226,0.1171317719433489,0.1247550491695586,0.1209657727426373,0.117207685804058,0.1249926552097773,0.1136346072465778,0.1204222626732152,0.1083053325830579,0.1101890665432785,0.1098737931690849,0.0879441343516616,0.0865793918346197,0.091588367495066,0.0909724222199739,0.087165582991917,0.0892179504254758,0.0906106676827457,0.0923619443640442,0.0960395500674949,0.0885276410670335,0.0864709636686963,0.0891361865447946,0.0876829275996069,0.0867200589100727,0.0920485508110743,0.0903044817889497,0.0895533556991606,0.0830807495820701,0.1762410143587619,0.1299878034403188,0.1243720044810852,0.1433520567216305,0.1382514942013446,0.129352384409258,0.1066361059542337,0.1105717584929857,0.1392518048244946,0.1073786427994553,0.1614647924406183,0.1221606941029013,0.0995389667253355,0.1025768267206854,0.1062380392402906,0.1074736191896419,0.1086792839421317,0.1130880125367486,0.1028812003544632,0.1090763604836507,0.1026023557948871,0.1082098268533449,0.1137386685302495,0.1101618641021013,0.1073983187834146,0.104987368023181,0.1038809697842983,0.1098351956005742,0.0839278188796198,0.0747098354922048,0.079950156163165,0.0733334304806328,0.0748688005491423,0.0786240128238256,0.0742892359300625,0.0764058904977445,0.0828867327019955,0.1054380477436508,0.1377510712509023,0.1331068551804053,0.0946554253815523,0.1039532600462557,0.0788828769422832,0.0770329496644529,0.1409213121778915,0.0761765005249709,0.0753023918921182,0.0718130244738389,0.0704183099237567,0.0817692356816697,0.0859635117179478,0.0747377247412252,0.0868540834154169,0.078749851960671,0.0703198915238706,0.078430053082829,0.0867720128130915,0.0798370987462596,0.0852556792142965,0.0718327515615963,0.0717780951902987,0.0895211947818773,0.0855338534424644,0.0977380456977752,0.1008976874621383,0.1045465609578283,0.1041037195955714,0.1115559181321151,0.1029580559483705,0.115684587777286,0.1202499342686032,0.1093982950185608,0.1140505866770806,0.1148110386791457,0.1039841019928185,0.092437436877725,0.0949772068342964,0.108105703141776,0.0937587949142957,0.1020136859172634,0.1263215623671989,0.0994333751559793,0.1065471340227333,0.0985849470011689,0.1365361385372539,0.1209526722530602,0.116661288222734,0.1002468515192514,0.1096722215426587,0.1025375799545306,0.1254373051362778,0.1099759903399686,0.0983093990371006,0.0803324736092849,0.0896429580690419,0.0857343936166312,0.136701126853687,0.1193709916936535,0.1110121495245661,0.0420004506434243,0.0500403239860621,0.0491600629694232,0.1064338178314724,0.0458203059675403,0.0686364124666224,0.0275663271320805,0.0370778233501021,0.0314897488428488,0.1150911090875631,0.0451463293839377,0.0737113274690608,0.0253744099145503,0.0327285850995561,0.0324289089095324,0.1189804193351232,0.0,0.0803250721291981
D103_9_consensus,0.1372520062059815,0.141280763182559,0.1544265545038466,0.1445347098609884,0.1460154119435018,0.1425886079427309,0.1415767433265818,0.1446644442400873,0.1495054848137774,0.1442915632632873,0.1482058462875164,0.1441746975758121,0.1370591479907293,0.1411606776462948,0.1643582127354427,0.139084522243529,0.149614911671283,0.1486129940126431,0.1237016553535129,0.1132693537391476,0.1298543168648243,0.0977167599650536,0.1135237686353728,0.1140235027691075,0.1264489431117993,0.1198097895149544,0.1294496272756836,0.0939059569175027,0.1099009606919661,0.1105660262794497,0.1189558849056718,0.1143194225115136,0.1259935503218034,0.0978697115603377,0.1165001200990407,0.1143717988674691,0.1726769683173431,0.1463030385962579,0.1464594763498882,0.1457794455507099,0.1453053857461876,0.1443175464706663,0.1376605694626404,0.1539672165810667,0.1743750594556684,0.1637845638858932,0.2086518198165152,0.1835397059837187,0.1455503302387191,0.1491855117107801,0.159209820386847,0.1627284593774811,0.1573779910969579,0.1558118167784939,0.1487922719101873,0.1484032515751548,0.1480211456161209,0.1607389705768618,0.1609012901535662,0.1605024718331413,0.1532049246730223,0.1501649330721399,0.158417607845883,0.1618101767299447,0.1297158255047333,0.1195153352610158,0.1188690871723165,0.1109845161558794,0.1193490594741207,0.1250578721068652,0.105074264383564,0.1144868821029039,0.1365631796836862,0.1678912506288116,0.1923211720240358,0.1975883205787645,0.1539691140802192,0.1671024879301677,0.1169948198383108,0.1139627942772688,0.1969075795011308,0.0838243467168281,0.0761721735584645,0.0825400342141376,0.0917066135656401,0.0781397767712209,0.0682822549811449,0.0884674706901302,0.0825351616761149,0.0822834882200485,0.0966152406929935,0.0766443548146545,0.0761807257047416,0.0870269179776516,0.0784249710945961,0.0840444201075577,0.0911366679724993,0.0818898232568828,0.0712335747671623,0.1173201514526908,0.1411612769525996,0.1385140597678056,0.1468737680469412,0.1385304491947122,0.1331302329597811,0.140762614146518,0.151372580672481,0.1461705430375358,0.1377471443840037,0.1503343999839225,0.1384670263390003,0.1279268059567595,0.1337253603455574,0.1372982068232046,0.132238144300589,0.1416271561269102,0.1653096314166247,0.1052694561839108,0.0969270430363489,0.099410380280875,0.1019229384699307,0.0965497436172564,0.0985599627375829,0.1060417801300348,0.0987481912104558,0.1015248251708193,0.0977589077815331,0.0904364370790411,0.0947595324505964,0.0990441774012944,0.0935505871065418,0.0933984018087165,0.1030114814468693,0.095487990366631,0.0961107785233259,0.049484782812421,0.0913084365651072,0.0401033793375363,0.0445922466993323,0.1060017736277131,0.0640206614997978,0.0683970917396165,0.0741423897127405,0.0813729890157777,0.0589289753995365,0.1080006088714588,0.0306659920598606,0.0782956922398702,0.0886589721171137,0.0624150967504994,0.06005283043621,0.0803250721291981,0.0
