Sample1,326650_10_consensus,326650_11_consensus,326650_12_consensus,326650_13_consensus,326650_14_consensus,326650_16_consensus,326650_17_consensus,326650_18_consensus,326650_1_consensus,326650_2_consensus,326650_3_consensus,326650_4_consensus,326650_5_consensus,326650_6_consensus,326650_7_consensus,326650_8_consensus,326650_9_consensus,326651_14_consensus,326651_2_consensus,326651_5_consensus,326651_7_consensus,326651_8_consensus,326651_9_consensus,326713_2_consensus,326713_5_consensus,326713_9_consensus,326737_2_consensus,326737_7_consensus,326737_8_consensus,326780_11_consensus,326780_12_consensus,326780_13_consensus,326780_14_consensus,326780_15_consensus,326780_16_consensus,326780_17_consensus,326780_1_consensus,326780_2_consensus,326780_5_consensus,326780_6_consensus,326780_7_consensus,326780_8_consensus,326797_10_consensus,326797_11_consensus,326797_12_consensus,326797_13_consensus,326797_14_consensus,326797_15_consensus,326797_16_consensus,326797_17_consensus,326797_1_consensus,326797_2_consensus,326797_3_consensus,326797_4_consensus,326797_5_consensus,326797_6_consensus,326797_7_consensus,326797_8_consensus,326797_9_consensus,326907_11_consensus,326907_13_consensus,326907_3_consensus,326907_7_consensus,326907_9_consensus,327059_11_consensus,327059_12_consensus,327059_13_consensus,327059_14_consensus,327059_15_consensus,327059_17_consensus,327059_18_consensus,327059_1_consensus,327059_2_consensus,327059_3_consensus,327059_6_consensus,327059_7_consensus,327059_8_consensus,327059_9_consensus,D103_10_consensus,D103_12_consensus,D103_13_consensus,D103_1_consensus,D103_7_consensus
326650_10_consensus,0.0,0.031214233647149,0.0344342519077956,0.1093143107501292,0.0462954290608286,0.0204773752762817,0.0803449682320715,0.0620511216442809,0.1198533298376969,0.0683525904451982,0.0661342309662502,0.042670517917474,0.0731287526252227,0.0544644355587817,0.1101745913544806,0.0421666598929846,0.0223520638186433,0.2021069814463038,0.1681851825336722,0.162656137218211,0.1875031210864406,0.1768060168221448,0.1709928240662673,0.1450844883192976,0.1317625947353968,0.1585769462324152,0.1006464482856116,0.1032581386156021,0.0985077266071613,0.1133089698863203,0.1054009272789919,0.1165269361787165,0.1159562656468449,0.1076652661169766,0.1222676962343545,0.1100101260042821,0.1072331049029265,0.1343971706711505,0.1199001982666041,0.1135674104032677,0.1171376157418726,0.1077056495796866,0.0800403601860875,0.0864756362473679,0.0807796117881314,0.0795084674703828,0.0929486954227263,0.0947815512538851,0.0797521788748403,0.1000680887228638,0.0771659889901672,0.0959816106064349,0.1233584820962117,0.0956142964784729,0.1070905001112209,0.0806235605502393,0.0732971528357397,0.1006629346565566,0.0901904928920304,0.0884930943481218,0.1045107849797472,0.0827461147253426,0.0794880069496466,0.1147991199644987,0.1499828909608839,0.1510976444406286,0.2046785043522995,0.1717105467690505,0.1554057196031461,0.1595700406214021,0.1456053891745477,0.1916231193402978,0.1657916814833907,0.1359247496090843,0.1118323649176317,0.1890567003295719,0.1862605260600066,0.1648940683434901,0.1045897383777867,0.1085283075712083,0.1565030315881768,0.1868821511811516,0.1921749665742426
326650_11_consensus,0.031214233647149,0.0,0.0289756559205876,0.0829938813008579,0.026553844898307,0.0240973398604106,0.0581104665545681,0.0469659434317258,0.0939762286923689,0.0476556080912756,0.0411383457861588,0.0228984723063996,0.0497816634290938,0.0333324714718061,0.0841107025380979,0.022858252860211,0.0230368458982291,0.186852947290536,0.1538487468650972,0.1481756303723751,0.1717488907334335,0.1615235952663772,0.1560355954617961,0.129174164501854,0.1200651985930285,0.1471337765773093,0.0992340325203537,0.1026091151736684,0.1026031849362909,0.1244121039871646,0.1027741648407549,0.1075431463265724,0.1118302708626294,0.10252001151976,0.1358915957201199,0.1065183682091144,0.10709431441099,0.143057887242353,0.1234532000063184,0.1220309096054491,0.1105069465220603,0.1094754279865554,0.0783600496012821,0.082064116473362,0.0745888607919087,0.0844508185037567,0.0807033802267244,0.0836066536083913,0.0731161408832195,0.0847357288442025,0.0712373883973747,0.0862611132686393,0.1035037229738177,0.08130328252119,0.0907208920556449,0.0790200084838693,0.0730402755747868,0.0850351610962709,0.0803084280161808,0.1006203827520756,0.0903673999904246,0.0827870000666127,0.0795104123500816,0.1295217286180778,0.1305790901443586,0.1316496845987237,0.1831565594685533,0.1515526235955483,0.136450486884253,0.1398854842576744,0.127273684630169,0.1706451073675294,0.1461088142306134,0.1179857357245365,0.0981436478208368,0.1681362157768611,0.1651103886781608,0.1445997073490667,0.0935425754362726,0.0948052874671193,0.1364071570308096,0.1640575374394353,0.1693991408293737
326650_12_consensus,0.0344342519077956,0.0289756559205876,0.0,0.0898386910901653,0.0274785640070716,0.0302452985275028,0.0549024754445402,0.0354158078268213,0.1010037970267154,0.046150202645337,0.0468709874995379,0.0267206199811804,0.0509424988045814,0.0319652276327258,0.0896266956630902,0.0304239124479838,0.0297934731401234,0.1878040652530076,0.1529151293465847,0.1469807725584992,0.1730731769684835,0.1616067685598547,0.1558409821266828,0.1271604549943852,0.1140593282517931,0.141989853569268,0.0963199048217589,0.0998461140783186,0.1018085521924384,0.1240802885273868,0.0980935004953379,0.1089236443557067,0.1114170131761567,0.1023928217139479,0.1346959300041012,0.1073121503614225,0.1037297132344832,0.1347730593974113,0.1167432538852745,0.1145787260934503,0.1082284570014855,0.1081386733939728,0.0871418755386651,0.0945219129648542,0.0816023709085903,0.092789601188271,0.0887187746464442,0.0961188454370811,0.0787100255722563,0.0931939190743844,0.0760268286919739,0.0932095192332378,0.1102314475154504,0.0881004056504631,0.0973959258731759,0.0880813072031614,0.0775692775485797,0.0921815262794998,0.0897425020098495,0.1087281269287916,0.0915174121400779,0.0862524470847411,0.0866555938700262,0.1379548610553631,0.1341573738848289,0.134359590828121,0.1906677800377033,0.1566385212486702,0.1384599185302747,0.1424538519523365,0.1276345879333896,0.1772767913960121,0.1537739889424379,0.1225952152967016,0.1003196988869144,0.1743707690700751,0.1714800891374054,0.1484683824420164,0.1010209895871258,0.103343388689578,0.1486423228346264,0.1745513743900322,0.1811818647866029
326650_13_consensus,0.1093143107501292,0.0829938813008579,0.0898386910901653,0.0,0.0700799896876914,0.1006140027762497,0.0460493183728532,0.0723234313506384,0.0204717797900845,0.0538211166641635,0.0486834227074522,0.074149404004832,0.0444391489144785,0.0639142247786383,0.0122635149643589,0.0743953755479838,0.0980843944818639,0.1503387983288858,0.1214716016655584,0.1176372386307883,0.1337815783686226,0.1259532648273088,0.1221228071907071,0.1000058461710031,0.1099330515052392,0.1322151313442272,0.1246274794910017,0.1286444374759315,0.1415161270014767,0.1752104971662892,0.1231702825929717,0.1119414157103585,0.1275595660576649,0.11961609015274,0.190407966502275,0.1266453500029066,0.1340143717558855,0.1815797635222297,0.1539937888997277,0.164636729013294,0.1184888296160009,0.141643886303401,0.116670468213594,0.1148628483404134,0.1023921387837781,0.1341303530200133,0.0888559739166173,0.0979308476033359,0.0996848512933359,0.0800218056759627,0.1005844533889203,0.0985502642322535,0.0672279662269889,0.0817567769236777,0.0767871013330515,0.1178757298657146,0.1143712155543431,0.0777199554846239,0.0975296635339155,0.1650921084973204,0.0919573622596682,0.1273554906322105,0.1266692316905776,0.1956215986978667,0.0867296682214147,0.0864690694324699,0.1242183615753577,0.0994513877878906,0.0908274118566023,0.0913794522426534,0.0862828866074942,0.1140866403990032,0.1012768691011949,0.0846334410046212,0.0885159216624397,0.1116418872792306,0.1090859824718657,0.0934178342796099,0.1026834460386296,0.0954765632581434,0.0987175070945961,0.1060456614267942,0.1128477638761119
326650_14_consensus,0.0462954290608286,0.026553844898307,0.0274785640070716,0.0700799896876914,0.0,0.0400871173575421,0.0388977894101452,0.030527267088757,0.0818112360808848,0.0270627538443616,0.0290803799093291,0.0215089492804015,0.0322772382661617,0.0207670209109008,0.0696277721729743,0.0189282584678995,0.0352011407984619,0.1779033943539185,0.1440488921160745,0.1386650313665467,0.1629417077273391,0.1523762059841807,0.1461451738737237,0.1158509843141255,0.1069842820809848,0.1343303994143736,0.0972170832056483,0.1014510061946555,0.1061822650002745,0.1278361794436334,0.094352507441107,0.0998747580978038,0.1052127715103942,0.0966959204977705,0.1407405662025684,0.1016202120321767,0.1021232492540937,0.1387634329536831,0.1175248167687068,0.1199217398949186,0.1006716588160188,0.1057296225673235,0.0817103688318802,0.08718513063857,0.0731995254575305,0.0918941845115557,0.0755435880580646,0.0840133597702652,0.0707176128399631,0.0780943249393073,0.0685782203617259,0.0808916583689239,0.0920109496477422,0.0739671969012822,0.0809573992476367,0.0828944757988703,0.0737249896438717,0.0764660747139257,0.0781037438562552,0.1147562836105408,0.0818683772865117,0.0846336624197,0.0863567262269592,0.1442834458858672,0.1209963299502761,0.1214509295871347,0.1752149632841592,0.1413316495688377,0.1248441102333172,0.1293140306117615,0.1157067066780328,0.1618413988537795,0.1394186644403262,0.1094306053751237,0.0904956379581623,0.1588685403839284,0.1565251055646775,0.1343501279047049,0.0901772259761031,0.0907372288822455,0.1309971936042885,0.1556916584387793,0.1622968048502508
326650_16_consensus,0.0204773752762817,0.0240973398604106,0.0302452985275028,0.1006140027762497,0.0400871173575421,0.0,0.0722019427942785,0.0552626575127549,0.111266416353408,0.0621416821372713,0.0577518483300016,0.0353466483864207,0.0653578068305986,0.0463731383425032,0.1017129146557226,0.036195019677391,0.0220868987807797,0.1950578096934673,0.161041750245253,0.154856427466863,0.1798277362071911,0.169154339614995,0.163546239908883,0.138310300055526,0.1262790762892047,0.1542767539185938,0.0978409344664997,0.100726481506575,0.0979739554992098,0.1190216645084306,0.1053502981621734,0.1141031210950637,0.1156182195292226,0.1062057039728856,0.1288404890065335,0.1097149301009163,0.107494610599274,0.1383398953806545,0.1217002664488915,0.116925845447527,0.1156217865827539,0.109749359632112,0.0814492383313871,0.0869509352411281,0.0800884513372252,0.0831770565749477,0.0903528331487492,0.0927919515641748,0.0787087132403478,0.0960946815106829,0.0765692486941667,0.0948300666409668,0.1178656621306034,0.0923130862737293,0.1031827499507149,0.0820189437276791,0.0749544388292475,0.0968246336722237,0.0885770360074021,0.0935384821574454,0.0988659116346846,0.0834044745524818,0.0794962054635064,0.1216761540984822,0.1429108237118414,0.1437539979632842,0.1970288978954433,0.1646089700708538,0.1486282052905297,0.1524977740841264,0.13879773742576,0.1843809338533091,0.1590122122064174,0.1295932458837027,0.1069186920693946,0.181790638311247,0.1787312251448864,0.1575381496175329,0.1018801814401909,0.104782642315013,0.1508808207348411,0.1799811045100086,0.1854018387030383
326650_17_consensus,0.0803449682320715,0.0581104665545681,0.0549024754445402,0.0460493183728532,0.0388977894101452,0.0722019427942785,0.0,0.0321060237410559,0.0590919615634374,0.026445776206838,0.026176446159909,0.0456187413887616,0.0213559868527573,0.0313303335331409,0.0442200007505814,0.046201963958733,0.0698805269045565,0.1620674724505133,0.1291088681081877,0.123264300149671,0.1465224086020645,0.1356073735555863,0.130379911972488,0.1038278497997942,0.1005568651414936,0.128834337164562,0.10915865394605,0.1138550202852362,0.1252615385524098,0.1556587966505602,0.1073821979573614,0.108264464329717,0.1185168076106649,0.1098083717457039,0.1692427745425142,0.117135468568694,0.1182080613397165,0.1585672810100903,0.1344601428798272,0.1411575410061594,0.109600266439878,0.1257537482439101,0.1049305691788765,0.1088376507098434,0.0916033516714296,0.1192533530775445,0.0853753537635147,0.0979971886881649,0.0873476256645628,0.0821049269528048,0.087135885991512,0.0941863135473562,0.0829194218548902,0.0798137494025977,0.0815275987324546,0.1066135986934262,0.0970113172178405,0.0789124650406748,0.0931518383463307,0.1465632927228573,0.0808083926039958,0.1068604509823032,0.1104381563019461,0.1778117717261049,0.1041691365509093,0.1028722778643083,0.1552002914973847,0.1235076569872105,0.1066998968963399,0.1098195869919879,0.09748035946412,0.1430508291657526,0.1254813279980646,0.0983337669035358,0.0882310833126113,0.1399380416405804,0.1368544927940817,0.1148166555626502,0.1019274687304515,0.0989919356710494,0.1257841630144681,0.1405712810695573,0.1482001737078046
326650_18_consensus,0.0620511216442809,0.0469659434317258,0.0354158078268213,0.0723234313506384,0.030527267088757,0.0552626575127549,0.0321060237410559,0.0,0.0841617662930262,0.0333079712935253,0.0362245907330738,0.0347023894057697,0.0356463785417434,0.02635004053651,0.0708955777452566,0.0382966506842637,0.0537619585407778,0.1766087212014181,0.142105302422213,0.1358687863507281,0.161994425339405,0.1501111941133874,0.1441691243935371,0.114055419605684,0.1030233428561241,0.1314877188616596,0.1030283791505015,0.1076268054567325,0.1155008102497817,0.1433383477523276,0.1032128884665597,0.1109701926812014,0.1169956736248549,0.1080195122331609,0.1554407578458237,0.1152144717928566,0.1115994911795108,0.1455217063881084,0.1246328412699244,0.1273424085426029,0.1098074354088645,0.1188307207154415,0.1019058056060649,0.1085274164280946,0.0914973635226578,0.1118757905896767,0.0920605698468537,0.1037655678739743,0.0872924541787605,0.0927863836981678,0.0854416000491649,0.0984440984214884,0.1013983724801135,0.0884349616115287,0.0942344021508502,0.1032774492988407,0.0914401886201339,0.0900784097150619,0.0970754933380013,0.1321761700389361,0.0831664060256321,0.0967529063960795,0.1006726465507119,0.1630142696246529,0.1234315772086975,0.1224425606947452,0.1784903742593503,0.1446421344399096,0.1261764300935235,0.1299683042390714,0.1153279427160853,0.165702719130805,0.1455674999499364,0.1151281755749199,0.0977772124737552,0.162578985910168,0.1593687189421052,0.1359538667989178,0.1070447853389412,0.1071554233787253,0.1449435817840705,0.1644305656599508,0.1719028130044574
326650_1_consensus,0.1198533298376969,0.0939762286923689,0.1010037970267154,0.0204717797900845,0.0818112360808848,0.111266416353408,0.0590919615634374,0.0841617662930262,0.0,0.0640909027294325,0.0610305923705928,0.0844856613740308,0.0550854658391908,0.0752783653089237,0.0213824832282809,0.0862206127644651,0.10863061766604,0.1493579995912532,0.1193823636600594,0.1165107029073514,0.1313284005960197,0.1245927942871655,0.1209953294400919,0.0973632775112701,0.110189892791094,0.1315349492480094,0.1287263120091369,0.1321663632409637,0.1455147295026444,0.1811568305714277,0.1279064658609064,0.1127693247147305,0.1295968792772723,0.121940853679527,0.1967199179568241,0.1300543541552844,0.1366045560154527,0.1852805267442353,0.1566913351899212,0.1688158843874791,0.1202981889978654,0.1461677157567747,0.1248931754361705,0.122430631808792,0.1106681653501618,0.1424865327924048,0.0970260805762976,0.1052503364699105,0.1088527077641233,0.0875662682175863,0.1084299071741243,0.104464281447427,0.0706964672517956,0.0895043061415567,0.0827760082367622,0.1257411385357034,0.1233054155690205,0.0856033125850129,0.1051073625464496,0.1707526581723738,0.0945800871661533,0.133301647520836,0.1311684114437143,0.2012275575999389,0.0870140302765825,0.0868583288366268,0.1196914936583671,0.0964663074034663,0.0910426687757958,0.0908391429299289,0.0871032188142232,0.1100985823462893,0.0997453193645122,0.0859990684217338,0.0924156008262317,0.1074960830097266,0.1057568654577799,0.0925102324913345,0.1057364036681193,0.0987531970573325,0.0962800654888165,0.1004547777094406,0.1079615208327903
326650_2_consensus,0.0683525904451982,0.0476556080912756,0.046150202645337,0.0538211166641635,0.0270627538443616,0.0621416821372713,0.026445776206838,0.0333079712935253,0.0640909027294325,0.0,0.0266253233444318,0.0365931784567654,0.0162926017493335,0.0274072905275974,0.0516764403521399,0.0362579626241722,0.0564932643593213,0.1672440488505316,0.1318735254195451,0.1272206197499099,0.1513364934739003,0.1409356717015484,0.1343686929922986,0.1025368763144705,0.0973372056098291,0.1243497408843347,0.0997649403527881,0.1047783982069457,0.1134476760940453,0.1371974109261294,0.0924642902250784,0.0933517276041258,0.101598719467586,0.0936913979279562,0.1514390732707189,0.1002611112552541,0.1011940032173576,0.1408876901922476,0.1170091140155883,0.1241765715320016,0.0939928029993085,0.1076298187312667,0.0907357795543651,0.095403228953003,0.0785991320751785,0.1044777964708327,0.0754684483788686,0.087146983058278,0.0758416490363845,0.0747000710906143,0.0729803466668701,0.0796604186344377,0.0799043438223119,0.0711407216345352,0.0731174260622496,0.0918535995932279,0.0826676025786622,0.0715279040545451,0.0804561625486943,0.1309924717203243,0.0770153538374875,0.09328108255599,0.0964282257194377,0.160764364738421,0.108344804460828,0.1084178404380737,0.1614658606688301,0.126589721131814,0.1106908362243134,0.115618330853031,0.1021080679069626,0.1478450614289233,0.1280997909707537,0.098184711525521,0.0830127851072672,0.1445429185541142,0.1428447815741117,0.1207018150465596,0.0878788915271004,0.0876162581249162,0.1215128422039046,0.1419192063003416,0.1496328766258615
326650_3_consensus,0.0661342309662502,0.0411383457861588,0.0468709874995379,0.0486834227074522,0.0290803799093291,0.0577518483300016,0.026176446159909,0.0362245907330738,0.0610305923705928,0.0266253233444318,0.0,0.0314086340792989,0.021544868612322,0.0226605191216805,0.0491883462117595,0.0323911410720357,0.0556732172444758,0.1678461832614396,0.1355446746471703,0.1296765767274057,0.1521675478225809,0.1420064704439429,0.1371582243865659,0.1115224934881496,0.1088817169333838,0.1360861399445082,0.1068936467976511,0.111108500042988,0.1190734806083897,0.1485545676474361,0.1082325731284999,0.107507871079028,0.1171598240932915,0.1079159091401854,0.1619807239857696,0.1142543611835738,0.1167910740347391,0.1581820272555378,0.1342976408417353,0.1391307631910581,0.1109494643033954,0.1225863317946803,0.0954857836468478,0.0974783252406881,0.0846597028336131,0.1080890927528425,0.0806627767211172,0.0890331190779327,0.0817005516433719,0.0784372808604439,0.0810207293317271,0.0892770430901038,0.0848088756065093,0.0766906787718897,0.0804539447536656,0.0968353860813615,0.0898289824641026,0.0770873865751812,0.0859952762692144,0.1315984156418635,0.0809681113170373,0.0983002854206822,0.0985421480151143,0.1622448891603473,0.1082212149465705,0.1079123207451512,0.1580992546164795,0.127721965604329,0.1130845236925615,0.1156637614410167,0.1042685968771595,0.146212569441542,0.1260067759572508,0.0998668064560337,0.0880907968117128,0.1436833219876611,0.1401566492403747,0.1199593809118836,0.0958034004514618,0.0931998953191538,0.1219033001594973,0.1411295780087375,0.1474467114612084
326650_4_consensus,0.042670517917474,0.0228984723063996,0.0267206199811804,0.074149404004832,0.0215089492804015,0.0353466483864207,0.0456187413887616,0.0347023894057697,0.0844856613740308,0.0365931784567654,0.0314086340792989,0.0,0.0381785313727168,0.0213797963145178,0.0744569477375031,0.0219650518540628,0.0336988410393686,0.180364151593891,0.1463396482166108,0.1404801486590898,0.1649478102818139,0.1542874933190822,0.1489892282505462,0.1216076909170234,0.1127396871731978,0.1405416342386519,0.099217169354295,0.1025727856235265,0.1058408695157831,0.1326917890086688,0.1028242274908092,0.1071934401509543,0.1129232554630598,0.1034175106788262,0.1446238378536487,0.1091853432890133,0.1079890874680044,0.1445812054548453,0.1235032108648518,0.1240699129651736,0.1092707787939469,0.1132370613428766,0.0874228468545245,0.0918047741419934,0.0805682469112135,0.0955857849161051,0.0841445925075443,0.0902765577868659,0.0783122811715512,0.0861690946964522,0.075560553146736,0.0895789789723067,0.1002677300876105,0.0823364132260583,0.090014987248863,0.0882797984688516,0.0803629125885795,0.0856853953246597,0.0858980245758889,0.111015605301968,0.0833967337361915,0.0854310177598483,0.0841901773295912,0.1412803484208254,0.1234900038718391,0.1237670032724583,0.1771953529042928,0.144964141989241,0.1288489903543274,0.1320012070443899,0.1185775607365264,0.1646055066745395,0.1415123764170891,0.1126117083441704,0.093832946802649,0.1619714040688872,0.158595111924271,0.1374258500126968,0.0953191059119513,0.0960500611957899,0.1359624756328612,0.1604081628374861,0.1665730672371105
326650_5_consensus,0.0731287526252227,0.0497816634290938,0.0509424988045814,0.0444391489144785,0.0322772382661617,0.0653578068305986,0.0213559868527573,0.0356463785417434,0.0550854658391908,0.0162926017493335,0.021544868612322,0.0381785313727168,0.0,0.0268438450053143,0.0427554556431247,0.0396931173579987,0.0621504430906181,0.1623369652297723,0.1279911302887993,0.1227952916498176,0.1460127890254231,0.1359415800516983,0.1303047770754126,0.1006027099641486,0.0975803437314671,0.1251873087593208,0.1021721409776123,0.1066812242043865,0.1166048678665714,0.1454106758303741,0.0992467468852828,0.0974378451118377,0.107808481441657,0.0989245945292865,0.1594687601977869,0.1062925995222131,0.1078367495433257,0.1499349397218122,0.1250168926813313,0.1322409574839463,0.1000216758228277,0.11550222475793,0.095379024151159,0.0986974932183998,0.08282644880744,0.1097398601454177,0.077786443636485,0.0886533986061244,0.0797523128771512,0.0752080592992143,0.0778447033640323,0.0841006405017632,0.0778710884098349,0.0727529668939679,0.0743799244536278,0.0964164282706724,0.0884833139400162,0.0725618170571083,0.0838830179026022,0.1356056183604841,0.0764030096990041,0.0984139085730893,0.099729749485769,0.1662887542118838,0.1033757503831672,0.1031201115322531,0.1544968743725824,0.1217573806680303,0.1066367398005505,0.1102502858845997,0.0978784954601893,0.1418629513382031,0.1227619808069085,0.0949983174684543,0.082825097581284,0.1386746853145986,0.1362813435881707,0.115157780304098,0.0908620308240734,0.0891093078553596,0.1184122379473665,0.1366121259217673,0.1441286974796731
326650_6_consensus,0.0544644355587817,0.0333324714718061,0.0319652276327258,0.0639142247786383,0.0207670209109008,0.0463731383425032,0.0313303335331409,0.02635004053651,0.0752783653089237,0.0274072905275974,0.0226605191216805,0.0213797963145178,0.0268438450053143,0.0,0.0636061159481123,0.0263023004330847,0.045474698296801,0.173360417942761,0.1393886029677143,0.133249470062145,0.1578851067104835,0.1469922002417661,0.1419140903577709,0.1154036428815402,0.1076600997300621,0.1362000985470255,0.1008484027069458,0.1046598464740379,0.1113569810094784,0.1406236000338681,0.1039047519339703,0.107362390766963,0.1147418341766914,0.1050531953059946,0.1530078412221558,0.1117928030608481,0.1108534102588864,0.1487562216071606,0.1265170612415525,0.1291378583301421,0.1090320433014443,0.1173369875585115,0.0936825301029627,0.0981082205160747,0.0842182793779127,0.1042083390857469,0.0846092834714914,0.0933399724372359,0.0810218312895198,0.0850193308246547,0.0790585897302683,0.0913769556462636,0.0947536971391544,0.0812434979591665,0.0874222860773617,0.094636236042287,0.0859272970827313,0.0833461618969944,0.0883855391204671,0.123257135797215,0.0804384363221308,0.0915485958106663,0.0922450746278311,0.1540033776745918,0.1167871202921675,0.1163138778094664,0.1702272024897481,0.1381463136902153,0.1214373464904293,0.1244370419074438,0.1112375522880493,0.1577275404023862,0.1363304947670093,0.107672356991891,0.091263649726206,0.1549843557577603,0.1515505759011476,0.1298975496422035,0.0974731356734113,0.0971085589812143,0.1333492178923171,0.1547449655493041,0.1615167443078747
326650_7_consensus,0.1101745913544806,0.0841107025380979,0.0896266956630902,0.0122635149643589,0.0696277721729743,0.1017129146557226,0.0442200007505814,0.0708955777452566,0.0213824832282809,0.0516764403521399,0.0491883462117595,0.0744569477375031,0.0427554556431247,0.0636061159481123,0.0,0.0744170270261302,0.0986808792064617,0.1509454508904241,0.1209670792621809,0.117353165953385,0.1340905594758136,0.1261025156652033,0.1217611270358175,0.0978590030255055,0.1071214428554136,0.130340551113529,0.1248368316859097,0.1292860729026143,0.1423457218531931,0.1745149324610579,0.1212966252829413,0.1103661352811413,0.1258790544940342,0.1181582584570133,0.1898179936654881,0.1254688139478119,0.1320471301794641,0.1789788115423946,0.1515143132150913,0.1627277198677106,0.1163236176673368,0.1398794177208063,0.1176560208423223,0.116628881221557,0.1030587241194125,0.1353654628836166,0.0895874678001961,0.0995923973226614,0.1003732287606273,0.0812262658575809,0.1006944330562324,0.098409093496642,0.0676338518607159,0.0823739962343774,0.0769937913154157,0.1189354417695032,0.1145773481251689,0.0783054123329643,0.098516955931183,0.1660401010502816,0.0900680155497536,0.1263239558651216,0.1267395888248528,0.1965862461786441,0.0872661986269403,0.0867799076193311,0.1258358726711489,0.0996063686615056,0.0904587828604347,0.091673325613364,0.0857141272704539,0.1152976759393086,0.102782299558132,0.0849624835256087,0.0880914071209381,0.1126104797631577,0.1103604333190037,0.0939783763513509,0.1029735971802151,0.0962011963172292,0.1007037704460357,0.1075594500729355,0.1149014500441719
326650_8_consensus,0.0421666598929846,0.022858252860211,0.0304239124479838,0.0743953755479838,0.0189282584678995,0.036195019677391,0.046201963958733,0.0382966506842637,0.0862206127644651,0.0362579626241722,0.0323911410720357,0.0219650518540628,0.0396931173579987,0.0263023004330847,0.0744170270261302,0.0,0.0317376078728553,0.1807349693236036,0.1475948554439824,0.1418866417551083,0.1654164862597506,0.1549866777352291,0.1492026332228897,0.1220076878428091,0.1137450221337143,0.1423398871802264,0.1000150412512385,0.1044975064297952,0.1074745105085927,0.128629867792012,0.0998138913013551,0.1046428760650065,0.1098264222022789,0.1010033774588175,0.1410696507537471,0.1053531648481762,0.1063815917929178,0.1430037094263906,0.1222508665606122,0.1234743007005364,0.1067319025012943,0.1089013297422383,0.0812210120144732,0.0856442708358251,0.0744345942642341,0.0900706046466615,0.0775481127326126,0.0836416186130812,0.0726476348323484,0.0804828130556254,0.0709840687730923,0.0835466714826764,0.0963111033714902,0.0768974785696734,0.0848065558300224,0.0822907819954603,0.074452597241838,0.0796685031517317,0.0792214033616457,0.1101914915791476,0.0842116840592803,0.0828451846695719,0.083922602734129,0.1393812270935923,0.1230770156910169,0.1235847783772157,0.1762783053152505,0.1435468150821195,0.1278156156038807,0.1318065357640862,0.1188660496272349,0.163499691069949,0.1399126221867599,0.111044839129227,0.0922770480751854,0.1607688132328317,0.1577480519792303,0.1364793056281358,0.0922297169362197,0.0926447982361372,0.1321593556516067,0.1578004993647638,0.1636308841761376
326650_9_consensus,0.0223520638186433,0.0230368458982291,0.0297934731401234,0.0980843944818639,0.0352011407984619,0.0220868987807797,0.0698805269045565,0.0537619585407778,0.10863061766604,0.0564932643593213,0.0556732172444758,0.0336988410393686,0.0621504430906181,0.045474698296801,0.0986808792064617,0.0317376078728553,0.0,0.1961623730271508,0.162117182784217,0.1567247547616186,0.1811886544389066,0.170796885010827,0.1646939591664431,0.1357551568386308,0.1237825935618878,0.1503248489375629,0.0985436706081242,0.1017443569611081,0.0988327074329091,0.1125607446210891,0.0979955460411117,0.1071695672757858,0.1079054294043917,0.099819999618876,0.1233123156766967,0.1024590756628076,0.1014919505524993,0.1322295224458904,0.1153787394266651,0.1118617135575328,0.1080497642765474,0.1020784324025876,0.0746879913826718,0.0805613209866521,0.0730841873301478,0.0774254810734331,0.0832796027504483,0.0863051996421857,0.0724191992394458,0.0897744456497975,0.0692871681738481,0.0860665852291226,0.1116498509657493,0.0853248376170193,0.0958476513267399,0.0750867285048233,0.0678715974042467,0.0902114800537249,0.0810933807889657,0.0924691232615901,0.0974420381427852,0.0797036769275292,0.077777343528433,0.1195379179823131,0.140985870852097,0.1421551282152713,0.1954940286342329,0.1618009473600706,0.1458049202852258,0.1504605524776258,0.1364963311988418,0.1820573968781717,0.1568079159778489,0.1267097383559214,0.1035090020937393,0.1793876117142125,0.1769130576544929,0.155400826158799,0.093796692626861,0.097429107567842,0.1447461733743101,0.1749494088472768,0.1804922120383655
326651_14_consensus,0.2021069814463038,0.186852947290536,0.1878040652530076,0.1503387983288858,0.1779033943539185,0.1950578096934673,0.1620674724505133,0.1766087212014181,0.1493579995912532,0.1672440488505316,0.1678461832614396,0.180364151593891,0.1623369652297723,0.173360417942761,0.1509454508904241,0.1807349693236036,0.1961623730271508,0.0,0.0791685053635356,0.0797919982478693,0.065331234967731,0.0717855766760913,0.0803510771230801,0.1407273369099656,0.162374708185756,0.1561095874671072,0.1557083364796788,0.1588948255345388,0.1768074715924673,0.2414356047927419,0.193659812373729,0.1837952914081283,0.1963218076038284,0.1924238744668133,0.2533390544524566,0.1977524775573261,0.2035154458730364,0.2430317882367268,0.2199782806225912,0.2301832305316055,0.1888704475623096,0.2129959132613844,0.19744846876545,0.1975482830860939,0.1859937890986426,0.2121726889629549,0.1761931648067732,0.1823133030048686,0.1828937857191299,0.1698382863197215,0.1874685477208346,0.1846251492160611,0.1583096975031912,0.1721337338196249,0.1679764338459366,0.1999485732042679,0.1971968808009451,0.1686021187626274,0.1839958724500771,0.2465503700269074,0.1842143198230615,0.2202020501069398,0.2147023352914359,0.2729355174913775,0.125886343387943,0.1265192748591565,0.1274464338620971,0.122278760416478,0.1239887391473277,0.1255307086547277,0.1292099909494446,0.124589152792185,0.12619779523246,0.1319582025553831,0.1475839975156799,0.120661960109356,0.1225900631347187,0.1231968991254397,0.186559054763649,0.1821105039849006,0.1708120719056929,0.1660115377842851,0.1717850325499786
326651_2_consensus,0.1681851825336722,0.1538487468650972,0.1529151293465847,0.1214716016655584,0.1440488921160745,0.161041750245253,0.1291088681081877,0.142105302422213,0.1193823636600594,0.1318735254195451,0.1355446746471703,0.1463396482166108,0.1279911302887993,0.1393886029677143,0.1209670792621809,0.1475948554439824,0.162117182784217,0.0791685053635356,0.0,0.0272145428538644,0.0373976682536531,0.0282097158063177,0.0285371177764976,0.0983177902975972,0.1166283643413896,0.1406444765062793,0.1099056257947758,0.11538638092707,0.1340857997070821,0.2012665736632942,0.1512784065422564,0.1421889383036333,0.1544406189146371,0.1496850821508946,0.2149742563158153,0.1575473637432055,0.1581454649243199,0.1977946987612272,0.1732048484081318,0.1847523191536989,0.1460332021741338,0.1704493862428244,0.1596543078920449,0.1621816260710259,0.1470631011562865,0.1749453583495891,0.1394308727348925,0.1479425988264713,0.1445192199497827,0.1347169360420309,0.1465284021850413,0.1459692380212227,0.1244050440966739,0.1350461162654044,0.1310446865211573,0.1624352161119675,0.1564735413780051,0.1317186423367631,0.1467591708196694,0.2020869532685246,0.1314984102253523,0.1692528958298446,0.1650411252582371,0.2312709293309446,0.0860149300135575,0.085398145616607,0.111993548459633,0.0874241304492675,0.0832618368984577,0.0889351049331158,0.0853631216658452,0.102232528297251,0.0952157475083374,0.0871217452290408,0.0981978900344625,0.0971929631784691,0.0988004527717127,0.0887008355038559,0.1480932434403791,0.1458066751236261,0.1467090772175393,0.1486629066944619,0.1568945968807485
326651_5_consensus,0.162656137218211,0.1481756303723751,0.1469807725584992,0.1176372386307883,0.1386650313665467,0.154856427466863,0.123264300149671,0.1358687863507281,0.1165107029073514,0.1272206197499099,0.1296765767274057,0.1404801486590898,0.1227952916498176,0.133249470062145,0.117353165953385,0.1418866417551083,0.1567247547616186,0.0797919982478693,0.0272145428538644,0.0,0.0393368785334922,0.0307318418553107,0.0299506385722785,0.0957583383659144,0.1120755810304138,0.138750211374231,0.1089653337336319,0.114827244291833,0.133332554908047,0.1995955931185389,0.1498597280318669,0.141382209934411,0.1536383330280632,0.1479612581624935,0.2129105030930118,0.156008642719629,0.1565972874133372,0.1966368257314172,0.1718524813441283,0.1824858971073176,0.1452531341023853,0.1688107665785046,0.1580086900602993,0.1606834310615782,0.1453732485441643,0.1730302014957481,0.1380406925227571,0.1466836998758308,0.1424048481535526,0.1331651896789618,0.1446315143459334,0.1451963519742242,0.1242516785856165,0.1336199425668956,0.1303892540497077,0.1607114981804519,0.1542471409856117,0.1307092126511779,0.1455355398786984,0.1971950726595027,0.1248521084305094,0.1633955597534005,0.1596812444036968,0.2267492771151911,0.0857378095524047,0.0839897388201426,0.1149027176760638,0.0899201051625383,0.0839173719984001,0.0890229379877739,0.0843086962440927,0.1054650571861767,0.0969553419653378,0.0871258894041673,0.0962934113820515,0.1009511721583697,0.1009442577656636,0.0892982493057041,0.1450846676322525,0.1425095709240864,0.1457669070173967,0.1484945735728435,0.156592554917775
326651_7_consensus,0.1875031210864406,0.1717488907334335,0.1730731769684835,0.1337815783686226,0.1629417077273391,0.1798277362071911,0.1465224086020645,0.161994425339405,0.1313284005960197,0.1513364934739003,0.1521675478225809,0.1649478102818139,0.1460127890254231,0.1578851067104835,0.1340905594758136,0.1654164862597506,0.1811886544389066,0.065331234967731,0.0373976682536531,0.0393368785334922,0.0,0.0266198265463675,0.0334367845957078,0.1104128344150516,0.1324217779381612,0.1538439158454467,0.1306581471652073,0.1359351865995887,0.1542277200047047,0.2209217556532745,0.1718763029868732,0.1600985294675678,0.1736581999381996,0.1688704698035971,0.2343039266871041,0.1759097376422848,0.179434903214017,0.2209729939614898,0.1959287859881382,0.2074419933338154,0.1659614786217648,0.1902738798389063,0.1754497773492103,0.1762842308603566,0.1631938406755221,0.1912938302870638,0.1535678165251531,0.1603030443910631,0.1608251174114584,0.1475944055579406,0.1643819239573261,0.161836108074287,0.1356612317046208,0.1493579391995917,0.1449579341089021,0.1783159964222466,0.1739765394116127,0.1456017571314882,0.1614633251785625,0.2186654026304306,0.1468198850288458,0.1865387069939664,0.1818953671474584,0.2471564018469116,0.0918592480444268,0.0908999924234698,0.1017157850755795,0.0878015859149751,0.0897238518337148,0.0932125731833826,0.0954011782567484,0.0959130852854143,0.0936139096759571,0.0966581794765988,0.1137037243201621,0.091612065425506,0.092609334601407,0.0898520500528363,0.1619289214571338,0.158080796833128,0.1492559002627329,0.1465240518494932,0.1531249833509042
326651_8_consensus,0.1768060168221448,0.1615235952663772,0.1616067685598547,0.1259532648273088,0.1523762059841807,0.169154339614995,0.1356073735555863,0.1501111941133874,0.1245927942871655,0.1409356717015484,0.1420064704439429,0.1542874933190822,0.1359415800516983,0.1469922002417661,0.1261025156652033,0.1549866777352291,0.170796885010827,0.0717855766760913,0.0282097158063177,0.0307318418553107,0.0266198265463675,0.0,0.0305337082429187,0.1080348426193031,0.1273601128115934,0.152102735428364,0.1217359373456712,0.1266366107664454,0.145546977004516,0.2137120385191267,0.1633130254997159,0.1541696368379187,0.1674313056921655,0.1620873540211204,0.2269889919081312,0.1693877836205286,0.1718641106197496,0.2130550252405393,0.1880728084821927,0.1986840745237645,0.1591174147757725,0.1832941268612747,0.1679933482782545,0.1695396041085164,0.1553630563413283,0.1835213797158175,0.1464087330036809,0.1541036968520073,0.1525078425626277,0.1405580987401307,0.1557801921304363,0.155166182247786,0.1295065551817542,0.1417475041854307,0.1380814584193573,0.1709962142560067,0.1654743673344971,0.1382172715316842,0.1545436917442599,0.2121249584630622,0.1405071384464273,0.1798329152881466,0.1756034422778364,0.2415431364348264,0.0839966789946724,0.0826636109114301,0.1027614687358228,0.0845300861678657,0.0817383267815784,0.0852945786776076,0.0850971040115046,0.0954733290717357,0.0904920836527227,0.0886511923044175,0.1040368006418903,0.0910868424956819,0.0909556908637501,0.084043017613981,0.1563414933775091,0.152528500779667,0.1483788959246756,0.147069972710406,0.1542108996894699
326651_9_consensus,0.1709928240662673,0.1560355954617961,0.1558409821266828,0.1221228071907071,0.1461451738737237,0.163546239908883,0.130379911972488,0.1441691243935371,0.1209953294400919,0.1343686929922986,0.1371582243865659,0.1489892282505462,0.1303047770754126,0.1419140903577709,0.1217611270358175,0.1492026332228897,0.1646939591664431,0.0803510771230801,0.0285371177764976,0.0299506385722785,0.0334367845957078,0.0305337082429187,0.0,0.098435756623812,0.1172186072024114,0.1427784016038155,0.1165459249577589,0.1232557449923527,0.1413796824428472,0.2058161716597104,0.1564984746675093,0.1465256935460873,0.1589228190718712,0.1541965431676688,0.2196885594240657,0.161578932365859,0.1635175489344833,0.2034511563527875,0.178902046225108,0.1906096669622171,0.150970149675136,0.1745750181749361,0.1621168099277321,0.1642775830478761,0.1496723578763037,0.1778167285702533,0.1410140724440424,0.1493206419190799,0.1470041274491873,0.1358966030990911,0.1499107605477598,0.1482734066912638,0.1259310111967962,0.137116464102631,0.1327949312641062,0.1650623453323335,0.1590438481818463,0.1331034446321165,0.1488063039142475,0.2035382402746684,0.1292387266854174,0.1682023958185995,0.1655631246809075,0.2327712511261486,0.0880175759555589,0.0870335721453662,0.1107935040461434,0.0878223868472304,0.0851743473677499,0.0911024565374812,0.0890523372422293,0.1022047728376786,0.0954827931728023,0.0898809993477536,0.102383778583697,0.097434626812468,0.0983422130158384,0.0892831071932116,0.1504236776591045,0.1472730765169906,0.1460010809316987,0.1473366366601648,0.1545829924959567
326713_2_consensus,0.1450844883192976,0.129174164501854,0.1271604549943852,0.1000058461710031,0.1158509843141255,0.138310300055526,0.1038278497997942,0.114055419605684,0.0973632775112701,0.1025368763144705,0.1115224934881496,0.1216076909170234,0.1006027099641486,0.1154036428815402,0.0978590030255055,0.1220076878428091,0.1357551568386308,0.1407273369099656,0.0983177902975972,0.0957583383659144,0.1104128344150516,0.1080348426193031,0.098435756623812,0.0,0.0385080737571979,0.084557541550845,0.0993973630795003,0.1062235888457299,0.1227991938296549,0.1674355672160929,0.110764429307963,0.0975748675140251,0.1102732584111119,0.1057401494296058,0.1824316867875683,0.1163029691566907,0.1148554240087833,0.1562756130778653,0.1291067951379116,0.1448882012863248,0.1005094900014484,0.1284526113135021,0.1370373286395434,0.1420424830661874,0.1243461202831993,0.1524017544182047,0.1172140370939435,0.1274873224209187,0.1231395788919147,0.1136659194942316,0.1218462045378508,0.1179663440873841,0.1044879245340549,0.1134926685601477,0.1079601863183666,0.1390106780316747,0.132007645619649,0.1112671095502593,0.1239420394054693,0.1743203294403617,0.0973522130749357,0.1358678245165525,0.1336069628791833,0.2040445227645407,0.1061446488841545,0.1077002963497926,0.1445764527345054,0.1105962976520843,0.1041562659884568,0.1102439611366341,0.1020651759746787,0.132617950681955,0.1216182043789324,0.1007879117646124,0.0983702825137494,0.1264615657357818,0.1300810171294643,0.1120469354511745,0.1143805551751573,0.1135442762605186,0.1256947008145658,0.1346154235689255,0.1453215830441774
326713_5_consensus,0.1317625947353968,0.1200651985930285,0.1140593282517931,0.1099330515052392,0.1069842820809848,0.1262790762892047,0.1005568651414936,0.1030233428561241,0.110189892791094,0.0973372056098291,0.1088817169333838,0.1127396871731978,0.0975803437314671,0.1076600997300621,0.1071214428554136,0.1137450221337143,0.1237825935618878,0.162374708185756,0.1166283643413896,0.1120755810304138,0.1324217779381612,0.1273601128115934,0.1172186072024114,0.0385080737571979,0.0,0.0739110909305808,0.0914781444070467,0.0982760004340612,0.1123272713404693,0.1514966650807563,0.0989545706593715,0.0936948268248677,0.1019378278128107,0.0965340853731699,0.1652059535613169,0.108540560458323,0.1000555911291765,0.1349559829346331,0.1102897817303939,0.1234857684149103,0.0929714503080549,0.1147823117322942,0.1311166793936564,0.1394268708436814,0.1201379836156759,0.1438592016535004,0.1179911845262539,0.129088189379621,0.1187501183192638,0.1175330764374062,0.115474589277588,0.1168499265437411,0.1153712328988237,0.1152662535964099,0.113473779551471,0.1328736136131497,0.123067462524593,0.1151835215018695,0.1234148935382669,0.1589747759826503,0.0893228650701593,0.120489253213383,0.1201417936524734,0.188464119501406,0.1252290061004585,0.1262947849865602,0.1719599010094841,0.1354795704651485,0.1235165672989075,0.1301993657748781,0.1178987635324935,0.159232328837887,0.1444973354968033,0.1176316368512105,0.105773449307039,0.1531029932864519,0.1555709184081429,0.1342454409370948,0.1138470802375096,0.1164548596465488,0.1434967835789928,0.1578340337889251,0.16862310892835
326713_9_consensus,0.1585769462324152,0.1471337765773093,0.141989853569268,0.1322151313442272,0.1343303994143736,0.1542767539185938,0.128834337164562,0.1314877188616596,0.1315349492480094,0.1243497408843347,0.1360861399445082,0.1405416342386519,0.1251873087593208,0.1362000985470255,0.130340551113529,0.1423398871802264,0.1503248489375629,0.1561095874671072,0.1406444765062793,0.138750211374231,0.1538439158454467,0.152102735428364,0.1427784016038155,0.084557541550845,0.0739110909305808,0.0,0.1234189378697003,0.1278819773960937,0.1408208966445292,0.1776131886911234,0.1319124057658646,0.1241911480388164,0.1303404868570183,0.1283014639285883,0.1906172957905385,0.1371055067070107,0.1317697654327991,0.1601835137871003,0.1403289862430027,0.1533645000565654,0.1230946958146395,0.1443564215442478,0.1591995904483515,0.1650548041823528,0.1491847661101686,0.1710067553739855,0.1455768218188325,0.1550876622057148,0.148241400810229,0.1438219358051278,0.1448994311676133,0.1426679591876835,0.1388207208331158,0.1426445248545652,0.139160979838383,0.1596169181485401,0.1537687846790734,0.1420712878384524,0.1502285385935872,0.1891613277889565,0.1291063815294493,0.155817151154852,0.1548635535424113,0.2146019388822156,0.1521516701709728,0.1545358240106885,0.1889394745082135,0.1586485631451232,0.150031142985801,0.1551335291688135,0.1470831915786701,0.1777710585555262,0.1677797916982121,0.1472123671825452,0.1400246161456831,0.1717484329937471,0.1757232761286447,0.1590772664586526,0.1420082984038163,0.1433348109161217,0.1622758775836968,0.1731830062240942,0.1831710298509421
326737_2_consensus,0.1006464482856116,0.0992340325203537,0.0963199048217589,0.1246274794910017,0.0972170832056483,0.0978409344664997,0.10915865394605,0.1030283791505015,0.1287263120091369,0.0997649403527881,0.1068936467976511,0.099217169354295,0.1021721409776123,0.1008484027069458,0.1248368316859097,0.1000150412512385,0.0985436706081242,0.1557083364796788,0.1099056257947758,0.1089653337336319,0.1306581471652073,0.1217359373456712,0.1165459249577589,0.0993973630795003,0.0914781444070467,0.1234189378697003,0.0,0.0217324699398778,0.0337642639907966,0.1197150285385924,0.0944356608371083,0.0991959291777096,0.0999510609768698,0.0941466134927928,0.130915622817673,0.1006376464882343,0.0933721167699732,0.1238086574953618,0.1047806357962218,0.1062895312570111,0.0992089058267032,0.1036609946302646,0.098221728912286,0.1065880400500778,0.0932661736743345,0.1039851398303565,0.1018611541658624,0.107042664362724,0.0929271183595066,0.1064857969648919,0.0906003552126993,0.1016469508702918,0.1204351521836527,0.102822204182387,0.1089613073665689,0.0997867392812865,0.0921884773015318,0.1058960764172606,0.1014660372031456,0.1225445561437505,0.1079160725013313,0.1112337306796561,0.1011155555140401,0.1493330558248043,0.1281675354708202,0.1306503187772313,0.1800995863395915,0.1443572539696393,0.1301951062534899,0.1372037560571126,0.123963188159933,0.1664289007676178,0.1431422193122115,0.1147969948860069,0.0942700014586827,0.1613758030020874,0.1624935367959555,0.1419877231838211,0.106498890266904,0.1121144292741382,0.1519813882559743,0.1781476946784478,0.1863414056219761
326737_7_consensus,0.1032581386156021,0.1026091151736684,0.0998461140783186,0.1286444374759315,0.1014510061946555,0.100726481506575,0.1138550202852362,0.1076268054567325,0.1321663632409637,0.1047783982069457,0.111108500042988,0.1025727856235265,0.1066812242043865,0.1046598464740379,0.1292860729026143,0.1044975064297952,0.1017443569611081,0.1588948255345388,0.11538638092707,0.114827244291833,0.1359351865995887,0.1266366107664454,0.1232557449923527,0.1062235888457299,0.0982760004340612,0.1278819773960937,0.0217324699398778,0.0,0.029015696936233,0.1212054128195719,0.0977982428394431,0.1026107259409899,0.1033822111155288,0.0975229425437515,0.1317778779184583,0.1039603372907118,0.0965267361017285,0.1262951315975892,0.1075076933379224,0.1076964881042046,0.1029637781855183,0.1079116061453402,0.0999022593960879,0.1075538198066805,0.0953382466504985,0.1045232632960667,0.1048227681723752,0.1093024807409904,0.0952461865246819,0.1090325869492144,0.0924159057437471,0.1042598439453537,0.1230013159048117,0.1050698332582192,0.1120044013188382,0.1008053087359362,0.0946402258680198,0.1090929134180702,0.1038933877749821,0.1240482596708616,0.1145744149693522,0.1173463068428525,0.1053164542078343,0.1507716842585562,0.1317405710391383,0.1342172058702252,0.1830824409351414,0.1485388599033261,0.1342613857487658,0.1403777282279176,0.1275386400172514,0.1696460768652904,0.1463826806091685,0.1190669468668367,0.0988991499869409,0.1646283339468082,0.1657219878123738,0.1457961469518816,0.1089197717768426,0.1150048143377371,0.1546854415312351,0.1808290881038924,0.1890859926792044
326737_8_consensus,0.0985077266071613,0.1026031849362909,0.1018085521924384,0.1415161270014767,0.1061822650002745,0.0979739554992098,0.1252615385524098,0.1155008102497817,0.1455147295026444,0.1134476760940453,0.1190734806083897,0.1058408695157831,0.1166048678665714,0.1113569810094784,0.1423457218531931,0.1074745105085927,0.0988327074329091,0.1768074715924673,0.1340857997070821,0.133332554908047,0.1542277200047047,0.145546977004516,0.1413796824428472,0.1227991938296549,0.1123272713404693,0.1408208966445292,0.0337642639907966,0.029015696936233,0.0,0.1086019511606808,0.1005298085862947,0.1069591506344723,0.1044936201503266,0.0991929436834008,0.1176157611833905,0.1037262762041283,0.0953104140250156,0.1202359834301268,0.105018308264982,0.1007241311297467,0.1077860841566539,0.1038473878847942,0.0955256374517439,0.1034236096162245,0.0955255378603386,0.0954395135554148,0.1092231899123599,0.1100964425836898,0.0967865611098097,0.1156599729132232,0.0930954143831186,0.106922042841732,0.1345707580825167,0.1114842779836343,0.1202844052291252,0.0960520132315106,0.0915416165472235,0.1167664377060602,0.1053767108509649,0.1078268496435363,0.121968959653133,0.1128512653788387,0.098479666449472,0.1316156957204703,0.147375553094823,0.1503795627373788,0.1987864342103694,0.1643433883872765,0.1507386540872264,0.1569432143099072,0.1438558644763065,0.18528434100996,0.1600833494927663,0.1324261274206089,0.1094648937470989,0.1806856580401034,0.1817566682480953,0.1620733162795415,0.1107882920529295,0.1185129544348257,0.1627588574221629,0.1928264263468959,0.2002401708020944
326780_11_consensus,0.1133089698863203,0.1244121039871646,0.1240802885273868,0.1752104971662892,0.1278361794436334,0.1190216645084306,0.1556587966505602,0.1433383477523276,0.1811568305714277,0.1371974109261294,0.1485545676474361,0.1326917890086688,0.1454106758303741,0.1406236000338681,0.1745149324610579,0.128629867792012,0.1125607446210891,0.2414356047927419,0.2012665736632942,0.1995955931185389,0.2209217556532745,0.2137120385191267,0.2058161716597104,0.1674355672160929,0.1514966650807563,0.1776131886911234,0.1197150285385924,0.1212054128195719,0.1086019511606808,0.0,0.0764233086022176,0.0944286879110316,0.0760928948213461,0.0797235945269819,0.0246560386997466,0.0698693272513506,0.0693770510710413,0.0661009453415052,0.0698522053471944,0.0581527837697757,0.0890400631820841,0.051404019219202,0.0887533349233894,0.0993196543978355,0.0975247074279984,0.0815924796962261,0.1153597351862424,0.1143258620170954,0.1016133731873191,0.1284999335039514,0.0960570481329501,0.1030838018917601,0.1524856410088137,0.1222386283357207,0.1308821404305312,0.0879374415651485,0.0867311612157371,0.1282406306294859,0.1058729351500085,0.1101801739552048,0.1594408884933819,0.123869205762886,0.1208079875306889,0.1147370942988151,0.1944187349306478,0.1986772681012355,0.246367901865013,0.2080153036124455,0.1955977385742902,0.2048482419953918,0.1902377249328087,0.2309678188818309,0.2058195214517066,0.1754900867856309,0.1480717176429709,0.2265791245164149,0.2296082292653325,0.208485735939495,0.1135461571596242,0.1256841732488425,0.1776952273959001,0.2144868570298554,0.2210781346190793
326780_12_consensus,0.1054009272789919,0.1027741648407549,0.0980935004953379,0.1231702825929717,0.094352507441107,0.1053502981621734,0.1073821979573614,0.1032128884665597,0.1279064658609064,0.0924642902250784,0.1082325731284999,0.1028242274908092,0.0992467468852828,0.1039047519339703,0.1212966252829413,0.0998138913013551,0.0979955460411117,0.193659812373729,0.1512784065422564,0.1498597280318669,0.1718763029868732,0.1633130254997159,0.1564984746675093,0.110764429307963,0.0989545706593715,0.1319124057658646,0.0944356608371083,0.0977982428394431,0.1005298085862947,0.0764233086022176,0.0,0.039610095766284,0.0318828123759861,0.032639183208921,0.0909700343230365,0.0322052182323503,0.036317947368845,0.0758059408651275,0.0527251667244091,0.0632049670273577,0.0293022265745561,0.0371244103714959,0.0775926918212228,0.0888056923820174,0.0714335843042056,0.0877710993369656,0.0782978085335789,0.0879930737005813,0.0720658446296182,0.0861030682315362,0.0666706329929559,0.068467915698987,0.0985385173793051,0.0795804155052845,0.0826933556497426,0.0789480590980824,0.0707752131949712,0.0834664709941133,0.0767735076604642,0.1365781974485828,0.1253222976052029,0.1190957805901903,0.118764850987786,0.156963409445551,0.1409623141350721,0.1445111555578009,0.1938881724760874,0.1532482431319886,0.1395231543505783,0.1494250882446109,0.134125587631969,0.1781793219303815,0.1570263346769337,0.124955335972974,0.1016360616542398,0.17283187514012,0.1764956675402593,0.1533255965046157,0.0793344912862771,0.0879578200151832,0.1337214386491913,0.1624875184213592,0.1717633096686684
326780_13_consensus,0.1165269361787165,0.1075431463265724,0.1089236443557067,0.1119414157103585,0.0998747580978038,0.1141031210950637,0.108264464329717,0.1109701926812014,0.1127693247147305,0.0933517276041258,0.107507871079028,0.1071934401509543,0.0974378451118377,0.107362390766963,0.1103661352811413,0.1046428760650065,0.1071695672757858,0.1837952914081283,0.1421889383036333,0.141382209934411,0.1600985294675678,0.1541696368379187,0.1465256935460873,0.0975748675140251,0.0936948268248677,0.1241911480388164,0.0991959291777096,0.1026107259409899,0.1069591506344723,0.0944286879110316,0.039610095766284,0.0,0.0250121272406902,0.0220738199510692,0.1103606559979705,0.0310867256536439,0.0420190041100515,0.0938877611980581,0.065427458236468,0.0816289900896342,0.0226484167720095,0.0510916138362141,0.0834155633699457,0.0888694370957551,0.0756700228996067,0.0972427738496098,0.0762064907740542,0.0831939896543122,0.0786157704185912,0.0802071052161421,0.0718416411618328,0.0648740960611003,0.0857495724578367,0.0766062364987598,0.0745596130576974,0.0835442080702577,0.0813568116879356,0.0789092249777168,0.0751491639088898,0.1407404966693318,0.118329350697276,0.1205495498452978,0.1173145737028623,0.1621978652296647,0.1296012962238157,0.1340706217164447,0.1762323922032965,0.1376202362537645,0.1293539682205612,0.1384135620369104,0.1259171650047301,0.161578797683563,0.1419044858913811,0.1141222810044448,0.0964483281275661,0.1559749754494452,0.1606252601422496,0.14083760131278,0.0674985053028818,0.0746771434897485,0.1105639670473089,0.1386101648130205,0.1480763492621257
326780_14_consensus,0.1159562656468449,0.1118302708626294,0.1114170131761567,0.1275595660576649,0.1052127715103942,0.1156182195292226,0.1185168076106649,0.1169956736248549,0.1295968792772723,0.101598719467586,0.1171598240932915,0.1129232554630598,0.107808481441657,0.1147418341766914,0.1258790544940342,0.1098264222022789,0.1079054294043917,0.1963218076038284,0.1544406189146371,0.1536383330280632,0.1736581999381996,0.1674313056921655,0.1589228190718712,0.1102732584111119,0.1019378278128107,0.1303404868570183,0.0999510609768698,0.1033822111155288,0.1044936201503266,0.0760928948213461,0.0318828123759861,0.0250121272406902,0.0,0.0200919590903663,0.0921088402844974,0.020645211093829,0.0292282191779811,0.0745582427157337,0.048904463616674,0.0649062409797322,0.020331156629742,0.0330619126532707,0.0827079257004222,0.0905599935749719,0.0780663304684722,0.0929006596904328,0.0835918701891305,0.09002511460222,0.081363081194024,0.0905921827947155,0.0738948993852455,0.069169213658052,0.1008541757097069,0.0857090641771134,0.0857531345745787,0.0824896736177233,0.0791478876609204,0.0888093825212458,0.0799563454289848,0.1348701811811959,0.1258569832720827,0.1188681014583866,0.1168832290832508,0.1533452319859145,0.1451447018987806,0.1494583396788722,0.1938822756387321,0.1541005327516352,0.1443494191929648,0.1541419577186001,0.1405349059699447,0.178515158957337,0.1579327992757504,0.1284277828726467,0.1071804931731026,0.1730247345703654,0.1778191105888419,0.1570012821680242,0.0749730129210194,0.0850398764861191,0.1271338300488638,0.1573673991578751,0.166510630362362
326780_15_consensus,0.1076652661169766,0.10252001151976,0.1023928217139479,0.11961609015274,0.0966959204977705,0.1062057039728856,0.1098083717457039,0.1080195122331609,0.121940853679527,0.0936913979279562,0.1079159091401854,0.1034175106788262,0.0989245945292865,0.1050531953059946,0.1181582584570133,0.1010033774588175,0.099819999618876,0.1924238744668133,0.1496850821508946,0.1479612581624935,0.1688704698035971,0.1620873540211204,0.1541965431676688,0.1057401494296058,0.0965340853731699,0.1283014639285883,0.0941466134927928,0.0975229425437515,0.0991929436834008,0.0797235945269819,0.032639183208921,0.0220738199510692,0.0200919590903663,0.0,0.0952431746674623,0.0227881487094845,0.0272813964743976,0.0794681162145396,0.0517760326829476,0.0647775320772772,0.0249113666890966,0.0382691426088388,0.0790422357449967,0.0865718484453187,0.0736893904444618,0.0896100762034893,0.0793681804703872,0.085702304058047,0.0767407840594039,0.0856872938599405,0.0685736613513594,0.0674252055863929,0.0968610554949432,0.0811273029242106,0.0823277264115621,0.0787974671400422,0.0752168833250404,0.0846363285662998,0.076392097342362,0.1295746711867676,0.1181720212795454,0.1131315316477022,0.1099536520366785,0.1502450067100205,0.1392461638855419,0.1433677339393252,0.1892235610692801,0.1499041094685201,0.1396438377121206,0.1485817553331782,0.1347406436680818,0.1744524018881836,0.1530843673812589,0.1230756364497225,0.1014209763255568,0.1690343836686451,0.1727820130117938,0.1519006654632126,0.0705057107092876,0.0796207433081007,0.1237464004022079,0.1537253752259779,0.1628346510166471
326780_16_consensus,0.1222676962343545,0.1358915957201199,0.1346959300041012,0.190407966502275,0.1407405662025684,0.1288404890065335,0.1692427745425142,0.1554407578458237,0.1967199179568241,0.1514390732707189,0.1619807239857696,0.1446238378536487,0.1594687601977869,0.1530078412221558,0.1898179936654881,0.1410696507537471,0.1233123156766967,0.2533390544524566,0.2149742563158153,0.2129105030930118,0.2343039266871041,0.2269889919081312,0.2196885594240657,0.1824316867875683,0.1652059535613169,0.1906172957905385,0.130915622817673,0.1317778779184583,0.1176157611833905,0.0246560386997466,0.0909700343230365,0.1103606559979705,0.0921088402844974,0.0952431746674623,0.0,0.085918173715856,0.084032753480581,0.073069908531994,0.0824078033628104,0.0665513239910756,0.1049672261133466,0.0675678790901736,0.0999784021905866,0.1105783829163657,0.1101241029564816,0.0900954512341315,0.1287492567967859,0.1270249215050794,0.1136604020488132,0.142142409682412,0.1085324580814219,0.1171994147203297,0.1672457250690159,0.1357721500138924,0.1452622273458103,0.0989692866311485,0.0977353421511601,0.1422933089209749,0.1192178996634985,0.116548023238852,0.1738542218778322,0.1361368509011294,0.1326505771205565,0.1169747626642826,0.2081335381261848,0.2123674267926919,0.2605071967138285,0.2226432675479103,0.2095881263086569,0.2185677882614768,0.2036510934408271,0.2453037327237538,0.2196556196015574,0.1894820543160329,0.1613092066891231,0.2410292761451026,0.2436682629941966,0.2224768570208381,0.1266628502567303,0.1389161235051556,0.1919043693261966,0.2290862525860417,0.2354494446604692
326780_17_consensus,0.1100101260042821,0.1065183682091144,0.1073121503614225,0.1266453500029066,0.1016202120321767,0.1097149301009163,0.117135468568694,0.1152144717928566,0.1300543541552844,0.1002611112552541,0.1142543611835738,0.1091853432890133,0.1062925995222131,0.1117928030608481,0.1254688139478119,0.1053531648481762,0.1024590756628076,0.1977524775573261,0.1575473637432055,0.156008642719629,0.1759097376422848,0.1693877836205286,0.161578932365859,0.1163029691566907,0.108540560458323,0.1371055067070107,0.1006376464882343,0.1039603372907118,0.1037262762041283,0.0698693272513506,0.0322052182323503,0.0310867256536439,0.020645211093829,0.0227881487094845,0.085918173715856,0.0,0.0359054996394411,0.0798324740214713,0.0568799972017861,0.0676635849842927,0.0306900476565732,0.0311635227129016,0.073236063477635,0.0809251995441604,0.0700653953434861,0.0829278116803075,0.0768444480125745,0.0817804683950861,0.0736016402144762,0.0849172321150252,0.0673480470068195,0.0638535691292119,0.0988763701685108,0.0802796084924821,0.0820706472840865,0.0731512814256498,0.0712428054219935,0.0836697748071079,0.0721417118922592,0.1303738732013424,0.1285121602385475,0.118055218351534,0.11563683626022,0.1480668763995198,0.1447763590133863,0.1492069654852497,0.1935365391789254,0.1546135630429976,0.1448140365694851,0.1542280579598245,0.1410501492243021,0.178387537670462,0.1566986410434445,0.1274616614374542,0.1058973368295514,0.1733024186899143,0.1775369383322831,0.156932211820527,0.071567512618583,0.0807784826588972,0.12465655648957,0.1566424466437902,0.1649385513270284
326780_1_consensus,0.1072331049029265,0.10709431441099,0.1037297132344832,0.1340143717558855,0.1021232492540937,0.107494610599274,0.1182080613397165,0.1115994911795108,0.1366045560154527,0.1011940032173576,0.1167910740347391,0.1079890874680044,0.1078367495433257,0.1108534102588864,0.1320471301794641,0.1063815917929178,0.1014919505524993,0.2035154458730364,0.1581454649243199,0.1565972874133372,0.179434903214017,0.1718641106197496,0.1635175489344833,0.1148554240087833,0.1000555911291765,0.1317697654327991,0.0933721167699732,0.0965267361017285,0.0953104140250156,0.0693770510710413,0.036317947368845,0.0420190041100515,0.0292282191779811,0.0272813964743976,0.084032753480581,0.0359054996394411,0.0,0.0576112172831456,0.0297654037957725,0.0430186052565765,0.0356963317983782,0.0323976123419706,0.0884412650397692,0.0985514058595826,0.0854938704561342,0.0947296316890311,0.0951038820489734,0.1015299837544008,0.0880555553116673,0.1029611364980344,0.0788911541749037,0.0822616451648639,0.1159742511365808,0.0971539809247565,0.1002252252558187,0.0879361843799553,0.0817810546327278,0.1015014267520566,0.0912288239562674,0.1240719321906333,0.1209549996008804,0.1097534130774782,0.1075205295736243,0.1434912146210391,0.153692288181283,0.1572797722622376,0.2063308807556526,0.1657549118345092,0.1538011395720844,0.1628454384437304,0.1475026440141201,0.1911484241604704,0.1691963703216897,0.137247606078933,0.1122942573057404,0.1857476217585443,0.1892399308204749,0.1670798499253563,0.0860660390522742,0.0970835615365541,0.1451844008878445,0.1750966563292678,0.184505237671419
326780_2_consensus,0.1343971706711505,0.143057887242353,0.1347730593974113,0.1815797635222297,0.1387634329536831,0.1383398953806545,0.1585672810100903,0.1455217063881084,0.1852805267442353,0.1408876901922476,0.1581820272555378,0.1445812054548453,0.1499349397218122,0.1487562216071606,0.1789788115423946,0.1430037094263906,0.1322295224458904,0.2430317882367268,0.1977946987612272,0.1966368257314172,0.2209729939614898,0.2130550252405393,0.2034511563527875,0.1562756130778653,0.1349559829346331,0.1601835137871003,0.1238086574953618,0.1262951315975892,0.1202359834301268,0.0661009453415052,0.0758059408651275,0.0938877611980581,0.0745582427157337,0.0794681162145396,0.073069908531994,0.0798324740214713,0.0576112172831456,0.0,0.0338481733474494,0.0320370504620939,0.0811244436394107,0.0594458258004146,0.1227478377787539,0.1355651830089225,0.1240303203022029,0.1215059478611618,0.1377173439969396,0.1442915920255755,0.1262359373207983,0.1477510462657755,0.1167094637386471,0.1227169019439011,0.1632811180200827,0.140633187185657,0.1452531936183696,0.1218012874721723,0.1136326076855299,0.1457062899123447,0.1321942875570475,0.1381173692863689,0.155649433951267,0.131517338328863,0.1336644306169583,0.148551315573766,0.2000960466163995,0.2031395339871016,0.254965713626409,0.2126758684551457,0.1985668736243499,0.2087058073926068,0.1917823564218345,0.2389012743743084,0.2169567930623428,0.1833085698478362,0.1551147512976458,0.2335161477455648,0.23730362378494,0.2138527954992004,0.1293820757889253,0.1423983053393201,0.1948435205713272,0.2254988679774746,0.2349562094323608
326780_5_consensus,0.1199001982666041,0.1234532000063184,0.1167432538852745,0.1539937888997277,0.1175248167687068,0.1217002664488915,0.1344601428798272,0.1246328412699244,0.1566913351899212,0.1170091140155883,0.1342976408417353,0.1235032108648518,0.1250168926813313,0.1265170612415525,0.1515143132150913,0.1222508665606122,0.1153787394266651,0.2199782806225912,0.1732048484081318,0.1718524813441283,0.1959287859881382,0.1880728084821927,0.178902046225108,0.1291067951379116,0.1102897817303939,0.1403289862430027,0.1047806357962218,0.1075076933379224,0.105018308264982,0.0698522053471944,0.0527251667244091,0.065427458236468,0.048904463616674,0.0517760326829476,0.0824078033628104,0.0568799972017861,0.0297654037957725,0.0338481733474494,0.0,0.0299079035388099,0.0535971215553963,0.0434574246616706,0.1060427384273939,0.117825091861624,0.1043103357436805,0.1091140162493928,0.1156211693557663,0.1230406358453779,0.1065383520457098,0.1238613649287214,0.096667079097388,0.1011304633732646,0.1368539977878905,0.1173356396521129,0.1205732781431637,0.1052455952640691,0.0973172588669719,0.1219489143281529,0.1112551922939537,0.1302614923496941,0.1321541645733034,0.1165808230800736,0.1168652705134762,0.1470209507382168,0.1731343818300461,0.1762184973997569,0.2273275584797373,0.1852928948029973,0.1720093213633858,0.1817296127515576,0.1653123100292193,0.2115726183866918,0.1901281691392289,0.1569036549590013,0.1302288942909198,0.2060528708244141,0.2098327667336583,0.186630731933013,0.1052310744207862,0.1176169716571957,0.1679099334566809,0.1972739079612437,0.2071564043220516
326780_6_consensus,0.1135674104032677,0.1220309096054491,0.1145787260934503,0.164636729013294,0.1199217398949186,0.116925845447527,0.1411575410061594,0.1273424085426029,0.1688158843874791,0.1241765715320016,0.1391307631910581,0.1240699129651736,0.1322409574839463,0.1291378583301421,0.1627277198677106,0.1234743007005364,0.1118617135575328,0.2301832305316055,0.1847523191536989,0.1824858971073176,0.2074419933338154,0.1986840745237645,0.1906096669622171,0.1448882012863248,0.1234857684149103,0.1533645000565654,0.1062895312570111,0.1076964881042046,0.1007241311297467,0.0581527837697757,0.0632049670273577,0.0816289900896342,0.0649062409797322,0.0647775320772772,0.0665513239910756,0.0676635849842927,0.0430186052565765,0.0320370504620939,0.0299079035388099,0.0,0.0722757534927587,0.050617666011518,0.1053217813894087,0.1178212615230266,0.106752436032692,0.1037917753253298,0.1216684122027264,0.1271758143969102,0.1088458309035955,0.131443075698963,0.0990466925111058,0.108991784647317,0.1489416906301136,0.1243898972997403,0.1309317201516893,0.1042462475813115,0.0962736149952079,0.1305466218611547,0.1161552155544159,0.1205835473609062,0.1402728062055209,0.1168023290831542,0.1158157305410418,0.1348468681852312,0.1838939743934655,0.1869657839270434,0.2400700577568572,0.1988610855731862,0.1840794501559504,0.1929274245863399,0.1760254578195945,0.2245299588300102,0.2011103004018563,0.1673175631906981,0.138413273966983,0.2193697372022127,0.2221169483134328,0.1984927990058748,0.1131961114597579,0.1258173919739899,0.1803665900071591,0.2118501763106203,0.2209469784264124
326780_7_consensus,0.1171376157418726,0.1105069465220603,0.1082284570014855,0.1184888296160009,0.1006716588160188,0.1156217865827539,0.109600266439878,0.1098074354088645,0.1202981889978654,0.0939928029993085,0.1109494643033954,0.1092707787939469,0.1000216758228277,0.1090320433014443,0.1163236176673368,0.1067319025012943,0.1080497642765474,0.1888704475623096,0.1460332021741338,0.1452531341023853,0.1659614786217648,0.1591174147757725,0.150970149675136,0.1005094900014484,0.0929714503080549,0.1230946958146395,0.0992089058267032,0.1029637781855183,0.1077860841566539,0.0890400631820841,0.0293022265745561,0.0226484167720095,0.020331156629742,0.0249113666890966,0.1049672261133466,0.0306900476565732,0.0356963317983782,0.0811244436394107,0.0535971215553963,0.0722757534927587,0.0,0.0439761384168032,0.0878769736320967,0.0960418518896639,0.0799619285774208,0.1003442576395822,0.0823828084686672,0.0921993924561173,0.081781579691782,0.0877102122345489,0.0749339178685568,0.0697286527276683,0.0935598470987212,0.0825195541768345,0.0808849082588916,0.0882331464316378,0.0827219799318204,0.0847534246665522,0.0812004875457164,0.1431229375741402,0.1207745470201891,0.1207568304233603,0.1202515238439187,0.1639486524435638,0.137055644580332,0.1408578094606553,0.1862628540154888,0.1457911214361785,0.1352917596016146,0.1452115924266344,0.1312636341801678,0.170672704629671,0.1516997546645251,0.1216063739116861,0.1017905817353304,0.1650199204873049,0.1698979413792502,0.1484091250508346,0.0761873936045272,0.0846797809329634,0.1240837559719065,0.1510380100920501,0.161013364828302
326780_8_consensus,0.1077056495796866,0.1094754279865554,0.1081386733939728,0.141643886303401,0.1057296225673235,0.109749359632112,0.1257537482439101,0.1188307207154415,0.1461677157567747,0.1076298187312667,0.1225863317946803,0.1132370613428766,0.11550222475793,0.1173369875585115,0.1398794177208063,0.1089013297422383,0.1020784324025876,0.2129959132613844,0.1704493862428244,0.1688107665785046,0.1902738798389063,0.1832941268612747,0.1745750181749361,0.1284526113135021,0.1147823117322942,0.1443564215442478,0.1036609946302646,0.1079116061453402,0.1038473878847942,0.051404019219202,0.0371244103714959,0.0510916138362141,0.0330619126532707,0.0382691426088388,0.0675678790901736,0.0311635227129016,0.0323976123419706,0.0594458258004146,0.0434574246616706,0.050617666011518,0.0439761384168032,0.0,0.0791367265952452,0.0902139009611098,0.0797430367106032,0.0841919871268549,0.0908440522605083,0.0953529215177749,0.0830586585259007,0.1012957366628584,0.0761238632185175,0.0770676627095286,0.1184128530839893,0.0954545958454566,0.0995470879376177,0.0795556688401412,0.0744171204690467,0.0997123158278043,0.0850280693028684,0.1222833762268575,0.1321569145158313,0.1125768799593959,0.1123232396340965,0.1370904324447386,0.1619334848810456,0.1660177940855191,0.2135311126953249,0.1732862914888306,0.161652887650898,0.1716549357286143,0.1569369585268071,0.1980094335251938,0.1751774318061689,0.1439461258454029,0.1188097791652591,0.1929165395916256,0.1967356587077211,0.1749008100847071,0.0866054780633762,0.0977086563683916,0.1462335519227581,0.1790044729101851,0.187179572708021
326797_10_consensus,0.0800403601860875,0.0783600496012821,0.0871418755386651,0.116670468213594,0.0817103688318802,0.0814492383313871,0.1049305691788765,0.1019058056060649,0.1248931754361705,0.0907357795543651,0.0954857836468478,0.0874228468545245,0.095379024151159,0.0936825301029627,0.1176560208423223,0.0812210120144732,0.0746879913826718,0.19744846876545,0.1596543078920449,0.1580086900602993,0.1754497773492103,0.1679933482782545,0.1621168099277321,0.1370373286395434,0.1311166793936564,0.1591995904483515,0.098221728912286,0.0999022593960879,0.0955256374517439,0.0887533349233894,0.0775926918212228,0.0834155633699457,0.0827079257004222,0.0790422357449967,0.0999784021905866,0.073236063477635,0.0884412650397692,0.1227478377787539,0.1060427384273939,0.1053217813894087,0.0878769736320967,0.0791367265952452,0.0,0.021070573638413,0.0222182101843058,0.0263017469097819,0.040698209993278,0.0356185640519454,0.0278673818342924,0.0538615183270648,0.0291895141963141,0.0393941854124815,0.0863080715580823,0.050119888238328,0.0630847389127865,0.0151083334745592,0.023390776454173,0.0571391600004322,0.0302882543897828,0.1116432591619444,0.1289717414045902,0.1115306484710738,0.1064101178456753,0.1294076167756762,0.1363857750091324,0.140343260957601,0.1851839257156569,0.1514367134549935,0.1393098757560515,0.1469870004022383,0.1353510295834692,0.1713582336151241,0.1452525128585385,0.1183607696541897,0.0969049301736509,0.1676086408917302,0.1690225043448024,0.1496761201404817,0.0651873407098224,0.0717329458801493,0.1174263465319436,0.1542575000431597,0.1590651028054653
326797_11_consensus,0.0864756362473679,0.082064116473362,0.0945219129648542,0.1148628483404134,0.08718513063857,0.0869509352411281,0.1088376507098434,0.1085274164280946,0.122430631808792,0.095403228953003,0.0974783252406881,0.0918047741419934,0.0986974932183998,0.0981082205160747,0.116628881221557,0.0856442708358251,0.0805613209866521,0.1975482830860939,0.1621816260710259,0.1606834310615782,0.1762842308603566,0.1695396041085164,0.1642775830478761,0.1420424830661874,0.1394268708436814,0.1650548041823528,0.1065880400500778,0.1075538198066805,0.1034236096162245,0.0993196543978355,0.0888056923820174,0.0888694370957551,0.0905599935749719,0.0865718484453187,0.1105783829163657,0.0809251995441604,0.0985514058595826,0.1355651830089225,0.117825091861624,0.1178212615230266,0.0960418518896639,0.0902139009611098,0.021070573638413,0.0,0.0291189914295698,0.0337551759464696,0.0403829187007266,0.0281143325663673,0.0354146632133639,0.0512666444396937,0.037341781856678,0.0411816416156829,0.083025600668976,0.0498472732758472,0.0616060017397255,0.0206645085801368,0.037105529541593,0.0561709330563124,0.0290988248245648,0.1154788863428385,0.1329939612000044,0.1173471652705074,0.1107083173233909,0.1327168065183096,0.1344916346903601,0.1389644675331862,0.1794671218416217,0.1483979783276782,0.1385467240923113,0.1453932705903678,0.1355679865882295,0.1664160004990497,0.1404961184523346,0.1169654771059861,0.0989872764650734,0.1631147831261595,0.1643247260853564,0.147286386963154,0.0652436911263945,0.0693462540576578,0.1088624499577269,0.1465246751421086,0.1501091982313329
326797_12_consensus,0.0807796117881314,0.0745888607919087,0.0816023709085903,0.1023921387837781,0.0731995254575305,0.0800884513372252,0.0916033516714296,0.0914973635226578,0.1106681653501618,0.0785991320751785,0.0846597028336131,0.0805682469112135,0.08282644880744,0.0842182793779127,0.1030587241194125,0.0744345942642341,0.0730841873301478,0.1859937890986426,0.1470631011562865,0.1453732485441643,0.1631938406755221,0.1553630563413283,0.1496723578763037,0.1243461202831993,0.1201379836156759,0.1491847661101686,0.0932661736743345,0.0953382466504985,0.0955255378603386,0.0975247074279984,0.0714335843042056,0.0756700228996067,0.0780663304684722,0.0736893904444618,0.1101241029564816,0.0700653953434861,0.0854938704561342,0.1240303203022029,0.1043103357436805,0.106752436032692,0.0799619285774208,0.0797430367106032,0.0222182101843058,0.0291189914295698,0.0,0.042026023568384,0.0260214016896869,0.0299166445607758,0.016318072371874,0.0389144042368554,0.0191253475071193,0.0284587098775324,0.0700603063183963,0.0341415295517574,0.0473128426564024,0.0251487211564863,0.0252254107195551,0.0409568951639064,0.0199749605137905,0.1206661458044388,0.1205325398560421,0.111583918743644,0.1077758935251255,0.1415511363655047,0.1227295277163981,0.1264470032359045,0.1724603030280122,0.137743644063177,0.1249234093396225,0.1328772388935912,0.1208793300737132,0.1583537551715746,0.1334267092177364,0.1056564796444525,0.0856909078470547,0.1543097661721947,0.1558368934853322,0.1357008372512867,0.0590934857788652,0.0638073874312457,0.1077020993086469,0.1421150493013795,0.1478000054599959
326797_13_consensus,0.0795084674703828,0.0844508185037567,0.092789601188271,0.1341303530200133,0.0918941845115557,0.0831770565749477,0.1192533530775445,0.1118757905896767,0.1424865327924048,0.1044777964708327,0.1080890927528425,0.0955857849161051,0.1097398601454177,0.1042083390857469,0.1353654628836166,0.0900706046466615,0.0774254810734331,0.2121726889629549,0.1749453583495891,0.1730302014957481,0.1912938302870638,0.1835213797158175,0.1778167285702533,0.1524017544182047,0.1438592016535004,0.1710067553739855,0.1039851398303565,0.1045232632960667,0.0954395135554148,0.0815924796962261,0.0877710993369656,0.0972427738496098,0.0929006596904328,0.0896100762034893,0.0900954512341315,0.0829278116803075,0.0947296316890311,0.1215059478611618,0.1091140162493928,0.1037917753253298,0.1003442576395822,0.0841919871268549,0.0263017469097819,0.0337551759464696,0.042026023568384,0.0,0.0620954863799369,0.0549261936391308,0.0459853705632335,0.0746493168129655,0.0459937518905549,0.0591713399812808,0.1075192090214336,0.0707926790789267,0.0844743076531564,0.0264869713252148,0.0336610608765878,0.0782942550139575,0.0512073595326928,0.1035249061724015,0.1398114881865254,0.1144752648865848,0.1078545880772878,0.1175985282002218,0.1536882744620968,0.1575286278123983,0.203118284568324,0.1696544353731894,0.1570104242296316,0.1643811209366729,0.1521546068303635,0.1894013382876024,0.1624011953188763,0.1352150488399554,0.1117244048609033,0.1859091709032994,0.1868657334638556,0.167538579584621,0.0796339868127391,0.0875476223678446,0.1356972391504027,0.1735040540856007,0.1778937132423588
326797_14_consensus,0.0929486954227263,0.0807033802267244,0.0887187746464442,0.0888559739166173,0.0755435880580646,0.0903528331487492,0.0853753537635147,0.0920605698468537,0.0970260805762976,0.0754684483788686,0.0806627767211172,0.0841445925075443,0.077786443636485,0.0846092834714914,0.0895874678001961,0.0775481127326126,0.0832796027504483,0.1761931648067732,0.1394308727348925,0.1380406925227571,0.1535678165251531,0.1464087330036809,0.1410140724440424,0.1172140370939435,0.1179911845262539,0.1455768218188325,0.1018611541658624,0.1048227681723752,0.1092231899123599,0.1153597351862424,0.0782978085335789,0.0762064907740542,0.0835918701891305,0.0793681804703872,0.1287492567967859,0.0768444480125745,0.0951038820489734,0.1377173439969396,0.1156211693557663,0.1216684122027264,0.0823828084686672,0.0908440522605083,0.040698209993278,0.0403829187007266,0.0260214016896869,0.0620954863799369,0.0,0.0246603938116025,0.0258850693524948,0.0199782395419751,0.0320856505162488,0.0260985633816069,0.0492535859969605,0.0173715898206574,0.0279622432650088,0.0435153873836017,0.0437676277083169,0.0214554680645241,0.018719439268714,0.1369351022380722,0.1194790882388599,0.1201378351572883,0.1179354587662431,0.1590444634952376,0.1093959490513874,0.1131684222086317,0.1555923433370273,0.1223046273648134,0.1108640914903018,0.1188734911499227,0.1087500969652233,0.1419777669877258,0.1190041667324203,0.0938087052622897,0.079697377208569,0.1379386816548673,0.139748458562785,0.1206066899784762,0.0583470050918094,0.0584620286032635,0.0911166691368785,0.1227891393799378,0.128414576819716
326797_15_consensus,0.0947815512538851,0.0836066536083913,0.0961188454370811,0.0979308476033359,0.0840133597702652,0.0927919515641748,0.0979971886881649,0.1037655678739743,0.1052503364699105,0.087146983058278,0.0890331190779327,0.0902765577868659,0.0886533986061244,0.0933399724372359,0.0995923973226614,0.0836416186130812,0.0863051996421857,0.1823133030048686,0.1479425988264713,0.1466836998758308,0.1603030443910631,0.1541036968520073,0.1493206419190799,0.1274873224209187,0.129088189379621,0.1550876622057148,0.107042664362724,0.1093024807409904,0.1100964425836898,0.1143258620170954,0.0879930737005813,0.0831939896543122,0.09002511460222,0.085702304058047,0.1270249215050794,0.0817804683950861,0.1015299837544008,0.1442915920255755,0.1230406358453779,0.1271758143969102,0.0921993924561173,0.0953529215177749,0.0356185640519454,0.0281143325663673,0.0299166445607758,0.0549261936391308,0.0246603938116025,0.0,0.0335119892401382,0.0310744080883561,0.0398478488378563,0.0337064530215197,0.0610423192619163,0.0327120014833963,0.0423402523898594,0.0373870654711906,0.046926271657476,0.0369370325111934,0.0213004912055354,0.1305490964920889,0.126311674944187,0.121900876717841,0.116678457506672,0.1506781690604447,0.1156981792925199,0.1202690638040409,0.1585007375366796,0.127966946637467,0.1191604168311743,0.1260132605237406,0.1175663886173643,0.1457448825789151,0.1211504066255446,0.0991951986880267,0.0858285442217896,0.1422745624920715,0.143805249423027,0.1270948992370104,0.0584787659256031,0.0585595695222674,0.0890608673753721,0.1243874037061793,0.1282494308460791
326797_16_consensus,0.0797521788748403,0.0731161408832195,0.0787100255722563,0.0996848512933359,0.0707176128399631,0.0787087132403478,0.0873476256645628,0.0872924541787605,0.1088527077641233,0.0758416490363845,0.0817005516433719,0.0783122811715512,0.0797523128771512,0.0810218312895198,0.1003732287606273,0.0726476348323484,0.0724191992394458,0.1828937857191299,0.1445192199497827,0.1424048481535526,0.1608251174114584,0.1525078425626277,0.1470041274491873,0.1231395788919147,0.1187501183192638,0.148241400810229,0.0929271183595066,0.0952461865246819,0.0967865611098097,0.1016133731873191,0.0720658446296182,0.0786157704185912,0.081363081194024,0.0767407840594039,0.1136604020488132,0.0736016402144762,0.0880555553116673,0.1262359373207983,0.1065383520457098,0.1088458309035955,0.081781579691782,0.0830586585259007,0.0278673818342924,0.0354146632133639,0.016318072371874,0.0459853705632335,0.0258850693524948,0.0335119892401382,0.0,0.0376486374324257,0.0208401147214324,0.0323754989170212,0.0684812511617479,0.0321566008786503,0.0460552709806358,0.0310880385575614,0.0267853283560979,0.0385886550486963,0.0240204315966127,0.1247963798191813,0.1202829846385473,0.1136402522783946,0.1107229145793143,0.1466000921841495,0.1203743428073609,0.1236733590662557,0.170914138166682,0.1361625806919043,0.1221517152050034,0.1300555876927899,0.117633487510678,0.1568164389716926,0.1322659107578039,0.1040164607260158,0.084105569166563,0.1528671151297338,0.1540146982318542,0.1331539757953931,0.0627065040955515,0.0666759161148971,0.1098209086402189,0.1425027119286437,0.1483926986994742
326797_17_consensus,0.1000680887228638,0.0847357288442025,0.0931939190743844,0.0800218056759627,0.0780943249393073,0.0960946815106829,0.0821049269528048,0.0927863836981678,0.0875662682175863,0.0747000710906143,0.0784372808604439,0.0861690946964522,0.0752080592992143,0.0850193308246547,0.0812262658575809,0.0804828130556254,0.0897744456497975,0.1698382863197215,0.1347169360420309,0.1331651896789618,0.1475944055579406,0.1405580987401307,0.1358966030990911,0.1136659194942316,0.1175330764374062,0.1438219358051278,0.1064857969648919,0.1090325869492144,0.1156599729132232,0.1284999335039514,0.0861030682315362,0.0802071052161421,0.0905921827947155,0.0856872938599405,0.142142409682412,0.0849172321150252,0.1029611364980344,0.1477510462657755,0.1238613649287214,0.131443075698963,0.0877102122345489,0.1012957366628584,0.0538615183270648,0.0512666444396937,0.0389144042368554,0.0746493168129655,0.0199782395419751,0.0310744080883561,0.0376486374324257,0.0,0.0429853718750419,0.0348298866477759,0.0373146470309641,0.0169655066890891,0.020939969457779,0.0556923804751248,0.0567981374659265,0.0174786894484055,0.0305941831662771,0.1457786493030479,0.1189833595385321,0.1263569646782191,0.123736689591025,0.1695460095458709,0.1008382414259789,0.1044723762875356,0.1449227216256086,0.1129121213514924,0.1023806905281548,0.1097499257830418,0.1008090310458842,0.1318539270191426,0.1102567722340284,0.0869209484197099,0.0771370287477633,0.1278615738412621,0.1295268724192845,0.1111914747309827,0.0599145953648277,0.0573225629647716,0.0819665652486634,0.1108307722067176,0.1166322416424396
326797_1_consensus,0.0771659889901672,0.0712373883973747,0.0760268286919739,0.1005844533889203,0.0685782203617259,0.0765692486941667,0.087135885991512,0.0854416000491649,0.1084299071741243,0.0729803466668701,0.0810207293317271,0.075560553146736,0.0778447033640323,0.0790585897302683,0.1006944330562324,0.0709840687730923,0.0692871681738481,0.1874685477208346,0.1465284021850413,0.1446315143459334,0.1643819239573261,0.1557801921304363,0.1499107605477598,0.1218462045378508,0.115474589277588,0.1448994311676133,0.0906003552126993,0.0924159057437471,0.0930954143831186,0.0960570481329501,0.0666706329929559,0.0718416411618328,0.0738948993852455,0.0685736613513594,0.1085324580814219,0.0673480470068195,0.0788911541749037,0.1167094637386471,0.096667079097388,0.0990466925111058,0.0749339178685568,0.0761238632185175,0.0291895141963141,0.037341781856678,0.0191253475071193,0.0459937518905549,0.0320856505162488,0.0398478488378563,0.0208401147214324,0.0429853718750419,0.0,0.0291774864000962,0.0709117994409587,0.036112807965418,0.0484796832588515,0.0297142509383011,0.0247248603897338,0.0440460231831294,0.0276055033319095,0.1185939318935204,0.1155159969740991,0.1070721123643022,0.10402332436077,0.1404330180668385,0.1231959622097337,0.1265953353809389,0.1753164292727249,0.1392931182383894,0.1251545289113259,0.1330836232069903,0.1197940541661219,0.1608499868247327,0.136285776139596,0.106595901309926,0.084666970391218,0.1566898002001187,0.1580393503391227,0.1369473784692212,0.0574393775643444,0.0636358932021484,0.1116792097212105,0.1449584210486248,0.1514762769353509
326797_2_consensus,0.0959816106064349,0.0862611132686393,0.0932095192332378,0.0985502642322535,0.0808916583689239,0.0948300666409668,0.0941863135473562,0.0984440984214884,0.104464281447427,0.0796604186344377,0.0892770430901038,0.0895789789723067,0.0841006405017632,0.0913769556462636,0.098409093496642,0.0835466714826764,0.0860665852291226,0.1846251492160611,0.1459692380212227,0.1451963519742242,0.161836108074287,0.155166182247786,0.1482734066912638,0.1179663440873841,0.1168499265437411,0.1426679591876835,0.1016469508702918,0.1042598439453537,0.106922042841732,0.1030838018917601,0.068467915698987,0.0648740960611003,0.069169213658052,0.0674252055863929,0.1171994147203297,0.0638535691292119,0.0822616451648639,0.1227169019439011,0.1011304633732646,0.108991784647317,0.0697286527276683,0.0770676627095286,0.0393941854124815,0.0411816416156829,0.0284587098775324,0.0591713399812808,0.0260985633816069,0.0337064530215197,0.0323754989170212,0.0348298866477759,0.0291774864000962,0.0,0.0579251416114778,0.0299767850320604,0.0341539657303688,0.0393658499693201,0.0416488703510185,0.0348732917230154,0.0210515434490551,0.1314614369297781,0.1204947484277185,0.1157391914992593,0.1140506207413988,0.1515602657948859,0.1184631846690518,0.1226484256304254,0.1655620136166186,0.1298364554866773,0.1193421551364162,0.1281653048784874,0.1170194948226434,0.1509593407365379,0.1280682897307001,0.1015692765034174,0.0843687657504515,0.1466794486416728,0.1496524194476863,0.1304234925338384,0.0501339543048027,0.0550846744804844,0.0946737373036472,0.1287702423581711,0.1350186700649623
326797_3_consensus,0.1233584820962117,0.1035037229738177,0.1102314475154504,0.0672279662269889,0.0920109496477422,0.1178656621306034,0.0829194218548902,0.1013983724801135,0.0706964672517956,0.0799043438223119,0.0848088756065093,0.1002677300876105,0.0778710884098349,0.0947536971391544,0.0676338518607159,0.0963111033714902,0.1116498509657493,0.1583096975031912,0.1244050440966739,0.1242516785856165,0.1356612317046208,0.1295065551817542,0.1259310111967962,0.1044879245340549,0.1153712328988237,0.1388207208331158,0.1204351521836527,0.1230013159048117,0.1345707580825167,0.1524856410088137,0.0985385173793051,0.0857495724578367,0.1008541757097069,0.0968610554949432,0.1672457250690159,0.0988763701685108,0.1159742511365808,0.1632811180200827,0.1368539977878905,0.1489416906301136,0.0935598470987212,0.1184128530839893,0.0863080715580823,0.083025600668976,0.0700603063183963,0.1075192090214336,0.0492535859969605,0.0610423192619163,0.0684812511617479,0.0373146470309641,0.0709117994409587,0.0579251416114778,0.0,0.0401178745200389,0.027945822266034,0.0875923603715193,0.0875093063282236,0.0343408322364709,0.0601103032036209,0.1703927496532586,0.1212927574181087,0.1422647061905216,0.1409635840388488,0.1955405263529129,0.086200464567163,0.0894406134258787,0.1233896721087517,0.0932822474848428,0.0856471549482324,0.0924072332704803,0.0866068168277501,0.1106078362580298,0.0953208945209259,0.0775045897345797,0.0787082908724974,0.1062980954401153,0.1093282253198651,0.092857810636703,0.0737208584870861,0.067730419926448,0.0691124327144245,0.0868434814276041,0.0945799457075696
326797_4_consensus,0.0956142964784729,0.08130328252119,0.0881004056504631,0.0817567769236777,0.0739671969012822,0.0923130862737293,0.0798137494025977,0.0884349616115287,0.0895043061415567,0.0711407216345352,0.0766906787718897,0.0823364132260583,0.0727529668939679,0.0812434979591665,0.0823739962343774,0.0768974785696734,0.0853248376170193,0.1721337338196249,0.1350461162654044,0.1336199425668956,0.1493579391995917,0.1417475041854307,0.137116464102631,0.1134926685601477,0.1152662535964099,0.1426445248545652,0.102822204182387,0.1050698332582192,0.1114842779836343,0.1222386283357207,0.0795804155052845,0.0766062364987598,0.0857090641771134,0.0811273029242106,0.1357721500138924,0.0802796084924821,0.0971539809247565,0.140633187185657,0.1173356396521129,0.1243898972997403,0.0825195541768345,0.0954545958454566,0.050119888238328,0.0498472732758472,0.0341415295517574,0.0707926790789267,0.0173715898206574,0.0327120014833963,0.0321566008786503,0.0169655066890891,0.036112807965418,0.0299767850320604,0.0401178745200389,0.0,0.0212384323921316,0.0519037955403915,0.0512139776286056,0.0166655702108365,0.0271313352785551,0.1427314517694958,0.1175646909874227,0.1228519114307458,0.1211154742893016,0.1659069048204121,0.1022843430347013,0.1057225604548311,0.1493232500420849,0.1158303559799286,0.1034847719214557,0.1111073610675218,0.1008279250934153,0.135502416113688,0.1133524166520378,0.088044747792528,0.0753514810113579,0.131534330203344,0.1331815490411992,0.1134406013828048,0.0584408808332307,0.0573735970115513,0.0877923975174452,0.1171210506313605,0.1233237970821253
326797_5_consensus,0.1070905001112209,0.0907208920556449,0.0973959258731759,0.0767871013330515,0.0809573992476367,0.1031827499507149,0.0815275987324546,0.0942344021508502,0.0827760082367622,0.0731174260622496,0.0804539447536656,0.090014987248863,0.0743799244536278,0.0874222860773617,0.0769937913154157,0.0848065558300224,0.0958476513267399,0.1679764338459366,0.1310446865211573,0.1303892540497077,0.1449579341089021,0.1380814584193573,0.1327949312641062,0.1079601863183666,0.113473779551471,0.139160979838383,0.1089613073665689,0.1120044013188382,0.1202844052291252,0.1308821404305312,0.0826933556497426,0.0745596130576974,0.0857531345745787,0.0823277264115621,0.1452622273458103,0.0820706472840865,0.1002252252558187,0.1452531936183696,0.1205732781431637,0.1309317201516893,0.0808849082588916,0.0995470879376177,0.0630847389127865,0.0616060017397255,0.0473128426564024,0.0844743076531564,0.0279622432650088,0.0423402523898594,0.0460552709806358,0.020939969457779,0.0484796832588515,0.0341539657303688,0.027945822266034,0.0212384323921316,0.0,0.0646198886512628,0.0643010488778013,0.0175815121350816,0.0372570365700248,0.1522979568732584,0.1178977381354252,0.128233726980833,0.127277355516872,0.1757853793582758,0.0967518482858737,0.1004707238693207,0.1405329774306271,0.1068283916092465,0.0968599226062351,0.1050617418843591,0.0960151464525014,0.1266280767105028,0.1069265150039104,0.0833614045696947,0.075102235214331,0.1223789637861498,0.1251193530685145,0.1064169259181428,0.0591963668496901,0.0568381425499152,0.078032084830081,0.1049214488896735,0.1118647748969326
326797_6_consensus,0.0806235605502393,0.0790200084838693,0.0880813072031614,0.1178757298657146,0.0828944757988703,0.0820189437276791,0.1066135986934262,0.1032774492988407,0.1257411385357034,0.0918535995932279,0.0968353860813615,0.0882797984688516,0.0964164282706724,0.094636236042287,0.1189354417695032,0.0822907819954603,0.0750867285048233,0.1999485732042679,0.1624352161119675,0.1607114981804519,0.1783159964222466,0.1709962142560067,0.1650623453323335,0.1390106780316747,0.1328736136131497,0.1596169181485401,0.0997867392812865,0.1008053087359362,0.0960520132315106,0.0879374415651485,0.0789480590980824,0.0835442080702577,0.0824896736177233,0.0787974671400422,0.0989692866311485,0.0731512814256498,0.0879361843799553,0.1218012874721723,0.1052455952640691,0.1042462475813115,0.0882331464316378,0.0795556688401412,0.0151083334745592,0.0206645085801368,0.0251487211564863,0.0264869713252148,0.0435153873836017,0.0373870654711906,0.0310880385575614,0.0556923804751248,0.0297142509383011,0.0393658499693201,0.0875923603715193,0.0519037955403915,0.0646198886512628,0.0,0.0251375667574785,0.0591747113429878,0.0318109949762796,0.109413132119064,0.1290850714308567,0.11059111638399,0.1051143927746259,0.1268439746564179,0.1385025402462117,0.1425472918897076,0.1872966156343865,0.1537129051399831,0.1417363417334738,0.149127572919929,0.1375757544424069,0.1734593278693513,0.1474120869084982,0.1208335454376071,0.0992223847454745,0.169744137913393,0.1711244172038553,0.1520883508245558,0.0634418632505279,0.0705174332663117,0.1176188075267827,0.1548927171372313,0.1595508464671595
326797_7_consensus,0.0732971528357397,0.0730402755747868,0.0775692775485797,0.1143712155543431,0.0737249896438717,0.0749544388292475,0.0970113172178405,0.0914401886201339,0.1233054155690205,0.0826676025786622,0.0898289824641026,0.0803629125885795,0.0884833139400162,0.0859272970827313,0.1145773481251689,0.074452597241838,0.0678715974042467,0.1971968808009451,0.1564735413780051,0.1542471409856117,0.1739765394116127,0.1654743673344971,0.1590438481818463,0.132007645619649,0.123067462524593,0.1537687846790734,0.0921884773015318,0.0946402258680198,0.0915416165472235,0.0867311612157371,0.0707752131949712,0.0813568116879356,0.0791478876609204,0.0752168833250404,0.0977353421511601,0.0712428054219935,0.0817810546327278,0.1136326076855299,0.0973172588669719,0.0962736149952079,0.0827219799318204,0.0744171204690467,0.023390776454173,0.037105529541593,0.0252254107195551,0.0336610608765878,0.0437676277083169,0.046926271657476,0.0267853283560979,0.0567981374659265,0.0247248603897338,0.0416488703510185,0.0875093063282236,0.0512139776286056,0.0643010488778013,0.0251375667574785,0.0,0.0578898658754703,0.0370355587994255,0.1111837785610509,0.1220055505747836,0.1056008146492891,0.1029901458516432,0.1308495321168462,0.1361859914691242,0.1395058742362051,0.1885243159154574,0.1525567207985604,0.138085644815348,0.1462523137464366,0.1328558536188405,0.1741835472845432,0.1484668647755904,0.1186750801899318,0.0949339137918131,0.1700572068837363,0.1711894744550575,0.1499436476313433,0.067315447224216,0.0751785967425753,0.1249022717954869,0.1596022665558897,0.165450549863225
326797_8_consensus,0.1006629346565566,0.0850351610962709,0.0921815262794998,0.0777199554846239,0.0764660747139257,0.0968246336722237,0.0789124650406748,0.0900784097150619,0.0856033125850129,0.0715279040545451,0.0770873865751812,0.0856853953246597,0.0725618170571083,0.0833461618969944,0.0783054123329643,0.0796685031517317,0.0902114800537249,0.1686021187626274,0.1317186423367631,0.1307092126511779,0.1456017571314882,0.1382172715316842,0.1331034446321165,0.1112671095502593,0.1151835215018695,0.1420712878384524,0.1058960764172606,0.1090929134180702,0.1167664377060602,0.1282406306294859,0.0834664709941133,0.0789092249777168,0.0888093825212458,0.0846363285662998,0.1422933089209749,0.0836697748071079,0.1015014267520566,0.1457062899123447,0.1219489143281529,0.1305466218611547,0.0847534246665522,0.0997123158278043,0.0571391600004322,0.0561709330563124,0.0409568951639064,0.0782942550139575,0.0214554680645241,0.0369370325111934,0.0385886550486963,0.0174786894484055,0.0440460231831294,0.0348732917230154,0.0343408322364709,0.0166655702108365,0.0175815121350816,0.0591747113429878,0.0578898658754703,0.0,0.0325625851473433,0.1484057704629624,0.117536478299378,0.1259706295987961,0.124849760540306,0.1720634731520665,0.1001164868813686,0.1033938706946294,0.1445071684045244,0.1116787959302379,0.1007104790305872,0.1083846176336698,0.0992166255938856,0.1310800439348312,0.1103551014742365,0.0865187526809444,0.0771018096581941,0.1269546314499254,0.1288533495828532,0.1099226486885201,0.064132388443966,0.0619594580512109,0.0857257815180451,0.1126060588534902,0.1188332195061504
326797_9_consensus,0.0901904928920304,0.0803084280161808,0.0897425020098495,0.0975296635339155,0.0781037438562552,0.0885770360074021,0.0931518383463307,0.0970754933380013,0.1051073625464496,0.0804561625486943,0.0859952762692144,0.0858980245758889,0.0838830179026022,0.0883855391204671,0.098516955931183,0.0792214033616457,0.0810933807889657,0.1839958724500771,0.1467591708196694,0.1455355398786984,0.1614633251785625,0.1545436917442599,0.1488063039142475,0.1239420394054693,0.1234148935382669,0.1502285385935872,0.1014660372031456,0.1038933877749821,0.1053767108509649,0.1058729351500085,0.0767735076604642,0.0751491639088898,0.0799563454289848,0.076392097342362,0.1192178996634985,0.0721417118922592,0.0912288239562674,0.1321942875570475,0.1112551922939537,0.1161552155544159,0.0812004875457164,0.0850280693028684,0.0302882543897828,0.0290988248245648,0.0199749605137905,0.0512073595326928,0.018719439268714,0.0213004912055354,0.0240204315966127,0.0305941831662771,0.0276055033319095,0.0210515434490551,0.0601103032036209,0.0271313352785551,0.0372570365700248,0.0318109949762796,0.0370355587994255,0.0325625851473433,0.0,0.1279961513456012,0.1225506884691452,0.1163916384771144,0.1131362545225961,0.148349213447046,0.1181918210708909,0.1222082140552522,0.164301647519797,0.1308399194723624,0.1202669938632361,0.1282662023369719,0.1179648397589298,0.1504139903543377,0.1265183712018666,0.1012395482659128,0.0849855887045516,0.1466196310685237,0.1486515801173271,0.1300314924921297,0.0544940716243592,0.0572232970368787,0.0951304101339039,0.129945635350181,0.1350998371529814
326907_11_consensus,0.0884930943481218,0.1006203827520756,0.1087281269287916,0.1650921084973204,0.1147562836105408,0.0935384821574454,0.1465632927228573,0.1321761700389361,0.1707526581723738,0.1309924717203243,0.1315984156418635,0.111015605301968,0.1356056183604841,0.123257135797215,0.1660401010502816,0.1101914915791476,0.0924691232615901,0.2465503700269074,0.2020869532685246,0.1971950726595027,0.2186654026304306,0.2121249584630622,0.2035382402746684,0.1743203294403617,0.1589747759826503,0.1891613277889565,0.1225445561437505,0.1240482596708616,0.1078268496435363,0.1101801739552048,0.1365781974485828,0.1407404966693318,0.1348701811811959,0.1295746711867676,0.116548023238852,0.1303738732013424,0.1240719321906333,0.1381173692863689,0.1302614923496941,0.1205835473609062,0.1431229375741402,0.1222833762268575,0.1116432591619444,0.1154788863428385,0.1206661458044388,0.1035249061724015,0.1369351022380722,0.1305490964920889,0.1247963798191813,0.1457786493030479,0.1185939318935204,0.1314614369297781,0.1703927496532586,0.1427314517694958,0.1522979568732584,0.109413132119064,0.1111837785610509,0.1484057704629624,0.1279961513456012,0.0,0.1202994914489604,0.0690063313288195,0.0537358979862293,0.0430273152693434,0.1933667572564229,0.1959952769992501,0.2425541238138392,0.2109243023366887,0.1996436947332776,0.2041262537331341,0.192164718425945,0.23015103465593,0.2029068486629847,0.1770346649408388,0.1525469569415123,0.2274237806830924,0.2262315638940299,0.2084098836035736,0.1275686342975086,0.1357873054199008,0.1843317797761396,0.2205147228493398,0.2246616814548408
326907_13_consensus,0.1045107849797472,0.0903673999904246,0.0915174121400779,0.0919573622596682,0.0818683772865117,0.0988659116346846,0.0808083926039958,0.0831664060256321,0.0945800871661533,0.0770153538374875,0.0809681113170373,0.0833967337361915,0.0764030096990041,0.0804384363221308,0.0900680155497536,0.0842116840592803,0.0974420381427852,0.1842143198230615,0.1314984102253523,0.1248521084305094,0.1468198850288458,0.1405071384464273,0.1292387266854174,0.0973522130749357,0.0893228650701593,0.1291063815294493,0.1079160725013313,0.1145744149693522,0.121968959653133,0.1594408884933819,0.1253222976052029,0.118329350697276,0.1258569832720827,0.1181720212795454,0.1738542218778322,0.1285121602385475,0.1209549996008804,0.155649433951267,0.1321541645733034,0.1402728062055209,0.1207745470201891,0.1321569145158313,0.1289717414045902,0.1329939612000044,0.1205325398560421,0.1398114881865254,0.1194790882388599,0.126311674944187,0.1202829846385473,0.1189833595385321,0.1155159969740991,0.1204947484277185,0.1212927574181087,0.1175646909874227,0.1178977381354252,0.1290850714308567,0.1220055505747836,0.117536478299378,0.1225506884691452,0.1202994914489604,0.0,0.0646755192898114,0.0695643036528084,0.1536666469857332,0.1275309357070284,0.1272055100363568,0.1734867695853482,0.1421979799432313,0.1305001221197391,0.1341514293701714,0.123605092958175,0.1622977627878461,0.1443210079467649,0.1203576684207566,0.1087404188830519,0.158753612169818,0.1568751559599877,0.1384506146166438,0.1162699282325965,0.1172239147704004,0.1450972241161041,0.1623958073949883,0.1698534890019539
326907_3_consensus,0.0827461147253426,0.0827870000666127,0.0862524470847411,0.1273554906322105,0.0846336624197,0.0834044745524818,0.1068604509823032,0.0967529063960795,0.133301647520836,0.09328108255599,0.0983002854206822,0.0854310177598483,0.0984139085730893,0.0915485958106663,0.1263239558651216,0.0828451846695719,0.0797036769275292,0.2202020501069398,0.1692528958298446,0.1633955597534005,0.1865387069939664,0.1798329152881466,0.1682023958185995,0.1358678245165525,0.120489253213383,0.155817151154852,0.1112337306796561,0.1173463068428525,0.1128512653788387,0.123869205762886,0.1190957805901903,0.1205495498452978,0.1188681014583866,0.1131315316477022,0.1361368509011294,0.118055218351534,0.1097534130774782,0.131517338328863,0.1165808230800736,0.1168023290831542,0.1207568304233603,0.1125768799593959,0.1115306484710738,0.1173471652705074,0.111583918743644,0.1144752648865848,0.1201378351572883,0.121900876717841,0.1136402522783946,0.1263569646782191,0.1070721123643022,0.1157391914992593,0.1422647061905216,0.1228519114307458,0.128233726980833,0.11059111638399,0.1056008146492891,0.1259706295987961,0.1163916384771144,0.0690063313288195,0.0646755192898114,0.0,0.0322394240263454,0.0983996646291513,0.1610742745132643,0.1623087393954599,0.2116940255970721,0.1775019778145249,0.1648633510232045,0.1705781118840003,0.157926155662914,0.1988015068801375,0.1749151775885368,0.1472060564077059,0.1256422919944775,0.1956452118110488,0.1943924796751189,0.1747795446286398,0.1133821323444734,0.1191937420872814,0.1631806999554769,0.1924662559886313,0.1981300013888649
326907_7_consensus,0.0794880069496466,0.0795104123500816,0.0866555938700262,0.1266692316905776,0.0863567262269592,0.0794962054635064,0.1104381563019461,0.1006726465507119,0.1311684114437143,0.0964282257194377,0.0985421480151143,0.0841901773295912,0.099729749485769,0.0922450746278311,0.1267395888248528,0.083922602734129,0.077777343528433,0.2147023352914359,0.1650411252582371,0.1596812444036968,0.1818953671474584,0.1756034422778364,0.1655631246809075,0.1336069628791833,0.1201417936524734,0.1548635535424113,0.1011155555140401,0.1053164542078343,0.098479666449472,0.1208079875306889,0.118764850987786,0.1173145737028623,0.1168832290832508,0.1099536520366785,0.1326505771205565,0.11563683626022,0.1075205295736243,0.1336644306169583,0.1168652705134762,0.1158157305410418,0.1202515238439187,0.1123232396340965,0.1064101178456753,0.1107083173233909,0.1077758935251255,0.1078545880772878,0.1179354587662431,0.116678457506672,0.1107229145793143,0.123736689591025,0.10402332436077,0.1140506207413988,0.1409635840388488,0.1211154742893016,0.127277355516872,0.1051143927746259,0.1029901458516432,0.124849760540306,0.1131362545225961,0.0537358979862293,0.0695643036528084,0.0322394240263454,0.0,0.0880197839688969,0.1588039817382091,0.1606229297396228,0.207923917695343,0.1753988964961155,0.1640945204338168,0.168607770033364,0.1568578767839724,0.1956093894757626,0.1707778084423674,0.1445834063643999,0.1233029758830526,0.1924338906443831,0.191164882135246,0.1728671519411302,0.108816196964232,0.1149019844440738,0.1583892517233065,0.1890695745242982,0.1946065905488004
326907_9_consensus,0.1147991199644987,0.1295217286180778,0.1379548610553631,0.1956215986978667,0.1442834458858672,0.1216761540984822,0.1778117717261049,0.1630142696246529,0.2012275575999389,0.160764364738421,0.1622448891603473,0.1412803484208254,0.1662887542118838,0.1540033776745918,0.1965862461786441,0.1393812270935923,0.1195379179823131,0.2729355174913775,0.2312709293309446,0.2267492771151911,0.2471564018469116,0.2415431364348264,0.2327712511261486,0.2040445227645407,0.188464119501406,0.2146019388822156,0.1493330558248043,0.1507716842585562,0.1316156957204703,0.1147370942988151,0.156963409445551,0.1621978652296647,0.1533452319859145,0.1502450067100205,0.1169747626642826,0.1480668763995198,0.1434912146210391,0.148551315573766,0.1470209507382168,0.1348468681852312,0.1639486524435638,0.1370904324447386,0.1294076167756762,0.1327168065183096,0.1415511363655047,0.1175985282002218,0.1590444634952376,0.1506781690604447,0.1466000921841495,0.1695460095458709,0.1404330180668385,0.1515602657948859,0.1955405263529129,0.1659069048204121,0.1757853793582758,0.1268439746564179,0.1308495321168462,0.1720634731520665,0.148349213447046,0.0430273152693434,0.1536666469857332,0.0983996646291513,0.0880197839688969,0.0,0.2216586055919888,0.2246686836991007,0.2691057605982858,0.2379210284312077,0.2274635595314418,0.2326861646618001,0.2209108238239465,0.2565266509885862,0.228951638619362,0.2041052073292804,0.1791152796239764,0.2540819334984228,0.2534497920199893,0.2364120069059791,0.1479845634016583,0.1571278519435103,0.2056044244542289,0.2440460006371561,0.2473240026262286
327059_11_consensus,0.1499828909608839,0.1305790901443586,0.1341573738848289,0.0867296682214147,0.1209963299502761,0.1429108237118414,0.1041691365509093,0.1234315772086975,0.0870140302765825,0.108344804460828,0.1082212149465705,0.1234900038718391,0.1033757503831672,0.1167871202921675,0.0872661986269403,0.1230770156910169,0.140985870852097,0.125886343387943,0.0860149300135575,0.0857378095524047,0.0918592480444268,0.0839966789946724,0.0880175759555589,0.1061446488841545,0.1252290061004585,0.1521516701709728,0.1281675354708202,0.1317405710391383,0.147375553094823,0.1944187349306478,0.1409623141350721,0.1296012962238157,0.1451447018987806,0.1392461638855419,0.2081335381261848,0.1447763590133863,0.153692288181283,0.2000960466163995,0.1731343818300461,0.1838939743934655,0.137055644580332,0.1619334848810456,0.1363857750091324,0.1344916346903601,0.1227295277163981,0.1536882744620968,0.1093959490513874,0.1156981792925199,0.1203743428073609,0.1008382414259789,0.1231959622097337,0.1184631846690518,0.086200464567163,0.1022843430347013,0.0967518482858737,0.1385025402462117,0.1361859914691242,0.1001164868813686,0.1181918210708909,0.1933667572564229,0.1275309357070284,0.1610742745132643,0.1588039817382091,0.2216586055919888,0.0,0.0171904820463824,0.0673443590739565,0.0330795385796098,0.0219185385680497,0.0202996275615389,0.0246166308640255,0.0526892774654551,0.0342438689029565,0.0262428921804383,0.0552663299868455,0.0496790558784732,0.0468965678301096,0.022922438542162,0.1136010325959926,0.1047692326095683,0.0951002234396837,0.096333987680246,0.1030940337222162
327059_12_consensus,0.1510976444406286,0.1316496845987237,0.134359590828121,0.0864690694324699,0.1214509295871347,0.1437539979632842,0.1028722778643083,0.1224425606947452,0.0868583288366268,0.1084178404380737,0.1079123207451512,0.1237670032724583,0.1031201115322531,0.1163138778094664,0.0867799076193311,0.1235847783772157,0.1421551282152713,0.1265192748591565,0.085398145616607,0.0839897388201426,0.0908999924234698,0.0826636109114301,0.0870335721453662,0.1077002963497926,0.1262947849865602,0.1545358240106885,0.1306503187772313,0.1342172058702252,0.1503795627373788,0.1986772681012355,0.1445111555578009,0.1340706217164447,0.1494583396788722,0.1433677339393252,0.2123674267926919,0.1492069654852497,0.1572797722622376,0.2031395339871016,0.1762184973997569,0.1869657839270434,0.1408578094606553,0.1660177940855191,0.140343260957601,0.1389644675331862,0.1264470032359045,0.1575286278123983,0.1131684222086317,0.1202690638040409,0.1236733590662557,0.1044723762875356,0.1265953353809389,0.1226484256304254,0.0894406134258787,0.1057225604548311,0.1004707238693207,0.1425472918897076,0.1395058742362051,0.1033938706946294,0.1222082140552522,0.1959952769992501,0.1272055100363568,0.1623087393954599,0.1606229297396228,0.2246686836991007,0.0171904820463824,0.0,0.0685373848181334,0.0366063977257999,0.0232134194788089,0.0202394028405762,0.0237437680049073,0.0546069141715453,0.0395197233012991,0.031972472244126,0.0588402605311396,0.0521562308624243,0.0481499275575037,0.0236878705041752,0.1179353995169046,0.1095263421994237,0.1006399201470473,0.1002776968657887,0.1071190578343987
327059_13_consensus,0.2046785043522995,0.1831565594685533,0.1906677800377033,0.1242183615753577,0.1752149632841592,0.1970288978954433,0.1552002914973847,0.1784903742593503,0.1196914936583671,0.1614658606688301,0.1580992546164795,0.1771953529042928,0.1544968743725824,0.1702272024897481,0.1258358726711489,0.1762783053152505,0.1954940286342329,0.1274464338620971,0.111993548459633,0.1149027176760638,0.1017157850755795,0.1027614687358228,0.1107935040461434,0.1445764527345054,0.1719599010094841,0.1889394745082135,0.1800995863395915,0.1830824409351414,0.1987864342103694,0.246367901865013,0.1938881724760874,0.1762323922032965,0.1938822756387321,0.1892235610692801,0.2605071967138285,0.1935365391789254,0.2063308807556526,0.254965713626409,0.2273275584797373,0.2400700577568572,0.1862628540154888,0.2135311126953249,0.1851839257156569,0.1794671218416217,0.1724603030280122,0.203118284568324,0.1555923433370273,0.1585007375366796,0.170914138166682,0.1449227216256086,0.1753164292727249,0.1655620136166186,0.1233896721087517,0.1493232500420849,0.1405329774306271,0.1872966156343865,0.1885243159154574,0.1445071684045244,0.164301647519797,0.2425541238138392,0.1734867695853482,0.2116940255970721,0.207923917695343,0.2691057605982858,0.0673443590739565,0.0685373848181334,0.0,0.048363915287209,0.0698604336334302,0.0627694499181369,0.0823470638330289,0.0221456034654616,0.0474606444002815,0.0820984584887065,0.1161357229438775,0.0267615241092586,0.0246859541444152,0.0529192271601828,0.1611499070565171,0.1507572371601292,0.1111494803285304,0.0906249950638262,0.0920210185876906
327059_14_consensus,0.1717105467690505,0.1515526235955483,0.1566385212486702,0.0994513877878906,0.1413316495688377,0.1646089700708538,0.1235076569872105,0.1446421344399096,0.0964663074034663,0.126589721131814,0.127721965604329,0.144964141989241,0.1217573806680303,0.1381463136902153,0.0996063686615056,0.1435468150821195,0.1618009473600706,0.122278760416478,0.0874241304492675,0.0899201051625383,0.0878015859149751,0.0845300861678657,0.0878223868472304,0.1105962976520843,0.1354795704651485,0.1586485631451232,0.1443572539696393,0.1485388599033261,0.1643433883872765,0.2080153036124455,0.1532482431319886,0.1376202362537645,0.1541005327516352,0.1499041094685201,0.2226432675479103,0.1546135630429976,0.1657549118345092,0.2126758684551457,0.1852928948029973,0.1988610855731862,0.1457911214361785,0.1732862914888306,0.1514367134549935,0.1483979783276782,0.137743644063177,0.1696544353731894,0.1223046273648134,0.127966946637467,0.1361625806919043,0.1129121213514924,0.1392931182383894,0.1298364554866773,0.0932822474848428,0.1158303559799286,0.1068283916092465,0.1537129051399831,0.1525567207985604,0.1116787959302379,0.1308399194723624,0.2109243023366887,0.1421979799432313,0.1775019778145249,0.1753988964961155,0.2379210284312077,0.0330795385796098,0.0366063977257999,0.048363915287209,0.0,0.0315537146693933,0.0336112714605796,0.0456932919513475,0.0320628219602648,0.0286478099498032,0.0422128992644632,0.0750541619185294,0.0277888583817712,0.0318267102622226,0.0244096558172521,0.1256548378803758,0.116764637584706,0.0925944756892253,0.0856139711075796,0.091851810874651
327059_15_consensus,0.1554057196031461,0.136450486884253,0.1384599185302747,0.0908274118566023,0.1248441102333172,0.1486282052905297,0.1066998968963399,0.1261764300935235,0.0910426687757958,0.1106908362243134,0.1130845236925615,0.1288489903543274,0.1066367398005505,0.1214373464904293,0.0904587828604347,0.1278156156038807,0.1458049202852258,0.1239887391473277,0.0832618368984577,0.0839173719984001,0.0897238518337148,0.0817383267815784,0.0851743473677499,0.1041562659884568,0.1235165672989075,0.150031142985801,0.1301951062534899,0.1342613857487658,0.1507386540872264,0.1955977385742902,0.1395231543505783,0.1293539682205612,0.1443494191929648,0.1396438377121206,0.2095881263086569,0.1448140365694851,0.1538011395720844,0.1985668736243499,0.1720093213633858,0.1840794501559504,0.1352917596016146,0.161652887650898,0.1393098757560515,0.1385467240923113,0.1249234093396225,0.1570104242296316,0.1108640914903018,0.1191604168311743,0.1221517152050034,0.1023806905281548,0.1251545289113259,0.1193421551364162,0.0856471549482324,0.1034847719214557,0.0968599226062351,0.1417363417334738,0.138085644815348,0.1007104790305872,0.1202669938632361,0.1996436947332776,0.1305001221197391,0.1648633510232045,0.1640945204338168,0.2274635595314418,0.0219185385680497,0.0232134194788089,0.0698604336334302,0.0315537146693933,0.0,0.0227535085367408,0.0235928048095227,0.0537731171646774,0.0411052671445414,0.0311677493567134,0.0580523111911004,0.0494045167349621,0.0500578323351675,0.0242001976078179,0.1161136475842211,0.1083083109357176,0.0984257844426226,0.0976867003831467,0.1054512491081157
327059_17_consensus,0.1595700406214021,0.1398854842576744,0.1424538519523365,0.0913794522426534,0.1293140306117615,0.1524977740841264,0.1098195869919879,0.1299683042390714,0.0908391429299289,0.115618330853031,0.1156637614410167,0.1320012070443899,0.1102502858845997,0.1244370419074438,0.091673325613364,0.1318065357640862,0.1504605524776258,0.1255307086547277,0.0889351049331158,0.0890229379877739,0.0932125731833826,0.0852945786776076,0.0911024565374812,0.1102439611366341,0.1301993657748781,0.1551335291688135,0.1372037560571126,0.1403777282279176,0.1569432143099072,0.2048482419953918,0.1494250882446109,0.1384135620369104,0.1541419577186001,0.1485817553331782,0.2185677882614768,0.1542280579598245,0.1628454384437304,0.2087058073926068,0.1817296127515576,0.1929274245863399,0.1452115924266344,0.1716549357286143,0.1469870004022383,0.1453932705903678,0.1328772388935912,0.1643811209366729,0.1188734911499227,0.1260132605237406,0.1300555876927899,0.1097499257830418,0.1330836232069903,0.1281653048784874,0.0924072332704803,0.1111073610675218,0.1050617418843591,0.149127572919929,0.1462523137464366,0.1083846176336698,0.1282662023369719,0.2041262537331341,0.1341514293701714,0.1705781118840003,0.168607770033364,0.2326861646618001,0.0202996275615389,0.0202394028405762,0.0627694499181369,0.0336112714605796,0.0227535085367408,0.0,0.0258916652721604,0.0488530420409391,0.0384754763688483,0.0378741435916747,0.0659783153917326,0.0459706503310342,0.042926158936549,0.0195527907880902,0.1234510550386304,0.1147180825700269,0.1015429204210965,0.0977207992707748,0.1046349317340201
327059_18_consensus,0.1456053891745477,0.127273684630169,0.1276345879333896,0.0862828866074942,0.1157067066780328,0.13879773742576,0.09748035946412,0.1153279427160853,0.0871032188142232,0.1021080679069626,0.1042685968771595,0.1185775607365264,0.0978784954601893,0.1112375522880493,0.0857141272704539,0.1188660496272349,0.1364963311988418,0.1292099909494446,0.0853631216658452,0.0843086962440927,0.0954011782567484,0.0850971040115046,0.0890523372422293,0.1020651759746787,0.1178987635324935,0.1470831915786701,0.123963188159933,0.1275386400172514,0.1438558644763065,0.1902377249328087,0.134125587631969,0.1259171650047301,0.1405349059699447,0.1347406436680818,0.2036510934408271,0.1410501492243021,0.1475026440141201,0.1917823564218345,0.1653123100292193,0.1760254578195945,0.1312636341801678,0.1569369585268071,0.1353510295834692,0.1355679865882295,0.1208793300737132,0.1521546068303635,0.1087500969652233,0.1175663886173643,0.117633487510678,0.1008090310458842,0.1197940541661219,0.1170194948226434,0.0866068168277501,0.1008279250934153,0.0960151464525014,0.1375757544424069,0.1328558536188405,0.0992166255938856,0.1179648397589298,0.192164718425945,0.123605092958175,0.157926155662914,0.1568578767839724,0.2209108238239465,0.0246166308640255,0.0237437680049073,0.0823470638330289,0.0456932919513475,0.0235928048095227,0.0258916652721604,0.0,0.0671675620209369,0.0520457161642175,0.0321006254291028,0.051074149225701,0.0635306056310672,0.0616997023868127,0.0340759175786922,0.1124608601392753,0.1050008970148745,0.1037854822575029,0.1059035443940879,0.1142553267629536
327059_1_consensus,0.1916231193402978,0.1706451073675294,0.1772767913960121,0.1140866403990032,0.1618413988537795,0.1843809338533091,0.1430508291657526,0.165702719130805,0.1100985823462893,0.1478450614289233,0.146212569441542,0.1646055066745395,0.1418629513382031,0.1577275404023862,0.1152976759393086,0.163499691069949,0.1820573968781717,0.124589152792185,0.102232528297251,0.1054650571861767,0.0959130852854143,0.0954733290717357,0.1022047728376786,0.132617950681955,0.159232328837887,0.1777710585555262,0.1664289007676178,0.1696460768652904,0.18528434100996,0.2309678188818309,0.1781793219303815,0.161578797683563,0.178515158957337,0.1744524018881836,0.2453037327237538,0.178387537670462,0.1911484241604704,0.2389012743743084,0.2115726183866918,0.2245299588300102,0.170672704629671,0.1980094335251938,0.1713582336151241,0.1664160004990497,0.1583537551715746,0.1894013382876024,0.1419777669877258,0.1457448825789151,0.1568164389716926,0.1318539270191426,0.1608499868247327,0.1509593407365379,0.1106078362580298,0.135502416113688,0.1266280767105028,0.1734593278693513,0.1741835472845432,0.1310800439348312,0.1504139903543377,0.23015103465593,0.1622977627878461,0.1988015068801375,0.1956093894757626,0.2565266509885862,0.0526892774654551,0.0546069141715453,0.0221456034654616,0.0320628219602648,0.0537731171646774,0.0488530420409391,0.0671675620209369,0.0,0.0341899255149474,0.0657288731166208,0.0999506442844509,0.012757844733362,0.0179040662081801,0.0386040423567956,0.1467353784934015,0.1367077339800732,0.1015019130435433,0.0858888170425777,0.0890946310327519
327059_2_consensus,0.1657916814833907,0.1461088142306134,0.1537739889424379,0.1012768691011949,0.1394186644403262,0.1590122122064174,0.1254813279980646,0.1455674999499364,0.0997453193645122,0.1280997909707537,0.1260067759572508,0.1415123764170891,0.1227619808069085,0.1363304947670093,0.102782299558132,0.1399126221867599,0.1568079159778489,0.12619779523246,0.0952157475083374,0.0969553419653378,0.0936139096759571,0.0904920836527227,0.0954827931728023,0.1216182043789324,0.1444973354968033,0.1677797916982121,0.1431422193122115,0.1463826806091685,0.1600833494927663,0.2058195214517066,0.1570263346769337,0.1419044858913811,0.1579327992757504,0.1530843673812589,0.2196556196015574,0.1566986410434445,0.1691963703216897,0.2169567930623428,0.1901281691392289,0.2011103004018563,0.1516997546645251,0.1751774318061689,0.1452525128585385,0.1404961184523346,0.1334267092177364,0.1624011953188763,0.1190041667324203,0.1211504066255446,0.1322659107578039,0.1102567722340284,0.136285776139596,0.1280682897307001,0.0953208945209259,0.1133524166520378,0.1069265150039104,0.1474120869084982,0.1484668647755904,0.1103551014742365,0.1265183712018666,0.2029068486629847,0.1443210079467649,0.1749151775885368,0.1707778084423674,0.228951638619362,0.0342438689029565,0.0395197233012991,0.0474606444002815,0.0286478099498032,0.0411052671445414,0.0384754763688483,0.0520457161642175,0.0341899255149474,0.0,0.0408955508160109,0.0733452274270604,0.0332614342703498,0.031984066868841,0.0308680861020344,0.1234030694738482,0.1138521859667321,0.0890441588645251,0.0876729319765865,0.0910389845044111
327059_3_consensus,0.1359247496090843,0.1179857357245365,0.1225952152967016,0.0846334410046212,0.1094306053751237,0.1295932458837027,0.0983337669035358,0.1151281755749199,0.0859990684217338,0.098184711525521,0.0998668064560337,0.1126117083441704,0.0949983174684543,0.107672356991891,0.0849624835256087,0.111044839129227,0.1267097383559214,0.1319582025553831,0.0871217452290408,0.0871258894041673,0.0966581794765988,0.0886511923044175,0.0898809993477536,0.1007879117646124,0.1176316368512105,0.1472123671825452,0.1147969948860069,0.1190669468668367,0.1324261274206089,0.1754900867856309,0.124955335972974,0.1141222810044448,0.1284277828726467,0.1230756364497225,0.1894820543160329,0.1274616614374542,0.137247606078933,0.1833085698478362,0.1569036549590013,0.1673175631906981,0.1216063739116861,0.1439461258454029,0.1183607696541897,0.1169654771059861,0.1056564796444525,0.1352150488399554,0.0938087052622897,0.0991951986880267,0.1040164607260158,0.0869209484197099,0.106595901309926,0.1015692765034174,0.0775045897345797,0.088044747792528,0.0833614045696947,0.1208335454376071,0.1186750801899318,0.0865187526809444,0.1012395482659128,0.1770346649408388,0.1203576684207566,0.1472060564077059,0.1445834063643999,0.2041052073292804,0.0262428921804383,0.031972472244126,0.0820984584887065,0.0422128992644632,0.0311677493567134,0.0378741435916747,0.0321006254291028,0.0657288731166208,0.0408955508160109,0.0,0.0369505157719581,0.0622882160369807,0.0624528113412552,0.0396686242010569,0.0971942980642698,0.0898420251348575,0.0877210086852608,0.0981462920092169,0.1049156967848544
327059_6_consensus,0.1118323649176317,0.0981436478208368,0.1003196988869144,0.0885159216624397,0.0904956379581623,0.1069186920693946,0.0882310833126113,0.0977772124737552,0.0924156008262317,0.0830127851072672,0.0880907968117128,0.093832946802649,0.082825097581284,0.091263649726206,0.0880914071209381,0.0922770480751854,0.1035090020937393,0.1475839975156799,0.0981978900344625,0.0962934113820515,0.1137037243201621,0.1040368006418903,0.102383778583697,0.0983702825137494,0.105773449307039,0.1400246161456831,0.0942700014586827,0.0988991499869409,0.1094648937470989,0.1480717176429709,0.1016360616542398,0.0964483281275661,0.1071804931731026,0.1014209763255568,0.1613092066891231,0.1058973368295514,0.1122942573057404,0.1551147512976458,0.1302288942909198,0.138413273966983,0.1017905817353304,0.1188097791652591,0.0969049301736509,0.0989872764650734,0.0856909078470547,0.1117244048609033,0.079697377208569,0.0858285442217896,0.084105569166563,0.0771370287477633,0.084666970391218,0.0843687657504515,0.0787082908724974,0.0753514810113579,0.075102235214331,0.0992223847454745,0.0949339137918131,0.0771018096581941,0.0849855887045516,0.1525469569415123,0.1087404188830519,0.1256422919944775,0.1233029758830526,0.1791152796239764,0.0552663299868455,0.0588402605311396,0.1161357229438775,0.0750541619185294,0.0580523111911004,0.0659783153917326,0.051074149225701,0.0999506442844509,0.0733452274270604,0.0369505157719581,0.0,0.0961295884408275,0.0963894874647898,0.0711672626569719,0.0792815813886744,0.075893658127467,0.0982206608620415,0.1191059092044779,0.1267747413967669
327059_7_consensus,0.1890567003295719,0.1681362157768611,0.1743707690700751,0.1116418872792306,0.1588685403839284,0.181790638311247,0.1399380416405804,0.162578985910168,0.1074960830097266,0.1445429185541142,0.1436833219876611,0.1619714040688872,0.1386746853145986,0.1549843557577603,0.1126104797631577,0.1607688132328317,0.1793876117142125,0.120661960109356,0.0971929631784691,0.1009511721583697,0.091612065425506,0.0910868424956819,0.097434626812468,0.1264615657357818,0.1531029932864519,0.1717484329937471,0.1613758030020874,0.1646283339468082,0.1806856580401034,0.2265791245164149,0.17283187514012,0.1559749754494452,0.1730247345703654,0.1690343836686451,0.2410292761451026,0.1733024186899143,0.1857476217585443,0.2335161477455648,0.2060528708244141,0.2193697372022127,0.1650199204873049,0.1929165395916256,0.1676086408917302,0.1631147831261595,0.1543097661721947,0.1859091709032994,0.1379386816548673,0.1422745624920715,0.1528671151297338,0.1278615738412621,0.1566898002001187,0.1466794486416728,0.1062980954401153,0.131534330203344,0.1223789637861498,0.169744137913393,0.1700572068837363,0.1269546314499254,0.1466196310685237,0.2274237806830924,0.158753612169818,0.1956452118110488,0.1924338906443831,0.2540819334984228,0.0496790558784732,0.0521562308624243,0.0267615241092586,0.0277888583817712,0.0494045167349621,0.0459706503310342,0.0635306056310672,0.012757844733362,0.0332614342703498,0.0622882160369807,0.0961295884408275,0.0,0.0190666505245832,0.0357658464534516,0.1426163018350149,0.1330100899000507,0.0989484298761111,0.0838871303246331,0.0883337778336244
327059_8_consensus,0.1862605260600066,0.1651103886781608,0.1714800891374054,0.1090859824718657,0.1565251055646775,0.1787312251448864,0.1368544927940817,0.1593687189421052,0.1057568654577799,0.1428447815741117,0.1401566492403747,0.158595111924271,0.1362813435881707,0.1515505759011476,0.1103604333190037,0.1577480519792303,0.1769130576544929,0.1225900631347187,0.0988004527717127,0.1009442577656636,0.092609334601407,0.0909556908637501,0.0983422130158384,0.1300810171294643,0.1555709184081429,0.1757232761286447,0.1624935367959555,0.1657219878123738,0.1817566682480953,0.2296082292653325,0.1764956675402593,0.1606252601422496,0.1778191105888419,0.1727820130117938,0.2436682629941966,0.1775369383322831,0.1892399308204749,0.23730362378494,0.2098327667336583,0.2221169483134328,0.1698979413792502,0.1967356587077211,0.1690225043448024,0.1643247260853564,0.1558368934853322,0.1868657334638556,0.139748458562785,0.143805249423027,0.1540146982318542,0.1295268724192845,0.1580393503391227,0.1496524194476863,0.1093282253198651,0.1331815490411992,0.1251193530685145,0.1711244172038553,0.1711894744550575,0.1288533495828532,0.1486515801173271,0.2262315638940299,0.1568751559599877,0.1943924796751189,0.191164882135246,0.2534497920199893,0.0468965678301096,0.0481499275575037,0.0246859541444152,0.0318267102622226,0.0500578323351675,0.042926158936549,0.0616997023868127,0.0179040662081801,0.031984066868841,0.0624528113412552,0.0963894874647898,0.0190666505245832,0.0,0.0334880112416196,0.1452099449845053,0.1352414523718196,0.1033888500047476,0.0889889532445107,0.092319938075769
327059_9_consensus,0.1648940683434901,0.1445997073490667,0.1484683824420164,0.0934178342796099,0.1343501279047049,0.1575381496175329,0.1148166555626502,0.1359538667989178,0.0925102324913345,0.1207018150465596,0.1199593809118836,0.1374258500126968,0.115157780304098,0.1298975496422035,0.0939783763513509,0.1364793056281358,0.155400826158799,0.1231968991254397,0.0887008355038559,0.0892982493057041,0.0898520500528363,0.084043017613981,0.0892831071932116,0.1120469354511745,0.1342454409370948,0.1590772664586526,0.1419877231838211,0.1457961469518816,0.1620733162795415,0.208485735939495,0.1533255965046157,0.14083760131278,0.1570012821680242,0.1519006654632126,0.2224768570208381,0.156932211820527,0.1670798499253563,0.2138527954992004,0.186630731933013,0.1984927990058748,0.1484091250508346,0.1749008100847071,0.1496761201404817,0.147286386963154,0.1357008372512867,0.167538579584621,0.1206066899784762,0.1270948992370104,0.1331539757953931,0.1111914747309827,0.1369473784692212,0.1304234925338384,0.092857810636703,0.1134406013828048,0.1064169259181428,0.1520883508245558,0.1499436476313433,0.1099226486885201,0.1300314924921297,0.2084098836035736,0.1384506146166438,0.1747795446286398,0.1728671519411302,0.2364120069059791,0.022922438542162,0.0236878705041752,0.0529192271601828,0.0244096558172521,0.0242001976078179,0.0195527907880902,0.0340759175786922,0.0386040423567956,0.0308680861020344,0.0396686242010569,0.0711672626569719,0.0357658464534516,0.0334880112416196,0.0,0.1261441523449541,0.1166318447740495,0.0977565760276768,0.0916808567550356,0.0980053934296243
D103_10_consensus,0.1045897383777867,0.0935425754362726,0.1010209895871258,0.1026834460386296,0.0901772259761031,0.1018801814401909,0.1019274687304515,0.1070447853389412,0.1057364036681193,0.0878788915271004,0.0958034004514618,0.0953191059119513,0.0908620308240734,0.0974731356734113,0.1029735971802151,0.0922297169362197,0.093796692626861,0.186559054763649,0.1480932434403791,0.1450846676322525,0.1619289214571338,0.1563414933775091,0.1504236776591045,0.1143805551751573,0.1138470802375096,0.1420082984038163,0.106498890266904,0.1089197717768426,0.1107882920529295,0.1135461571596242,0.0793344912862771,0.0674985053028818,0.0749730129210194,0.0705057107092876,0.1266628502567303,0.071567512618583,0.0860660390522742,0.1293820757889253,0.1052310744207862,0.1131961114597579,0.0761873936045272,0.0866054780633762,0.0651873407098224,0.0652436911263945,0.0590934857788652,0.0796339868127391,0.0583470050918094,0.0584787659256031,0.0627065040955515,0.0599145953648277,0.0574393775643444,0.0501339543048027,0.0737208584870861,0.0584408808332307,0.0591963668496901,0.0634418632505279,0.067315447224216,0.064132388443966,0.0544940716243592,0.1275686342975086,0.1162699282325965,0.1133821323444734,0.108816196964232,0.1479845634016583,0.1136010325959926,0.1179353995169046,0.1611499070565171,0.1256548378803758,0.1161136475842211,0.1234510550386304,0.1124608601392753,0.1467353784934015,0.1234030694738482,0.0971942980642698,0.0792815813886744,0.1426163018350149,0.1452099449845053,0.1261441523449541,0.0,0.0243794603697381,0.0792330677780953,0.1170135446111598,0.1240614996946408
D103_12_consensus,0.1085283075712083,0.0948052874671193,0.103343388689578,0.0954765632581434,0.0907372288822455,0.104782642315013,0.0989919356710494,0.1071554233787253,0.0987531970573325,0.0876162581249162,0.0931998953191538,0.0960500611957899,0.0891093078553596,0.0971085589812143,0.0962011963172292,0.0926447982361372,0.097429107567842,0.1821105039849006,0.1458066751236261,0.1425095709240864,0.158080796833128,0.152528500779667,0.1472730765169906,0.1135442762605186,0.1164548596465488,0.1433348109161217,0.1121144292741382,0.1150048143377371,0.1185129544348257,0.1256841732488425,0.0879578200151832,0.0746771434897485,0.0850398764861191,0.0796207433081007,0.1389161235051556,0.0807784826588972,0.0970835615365541,0.1423983053393201,0.1176169716571957,0.1258173919739899,0.0846797809329634,0.0977086563683916,0.0717329458801493,0.0693462540576578,0.0638073874312457,0.0875476223678446,0.0584620286032635,0.0585595695222674,0.0666759161148971,0.0573225629647716,0.0636358932021484,0.0550846744804844,0.067730419926448,0.0573735970115513,0.0568381425499152,0.0705174332663117,0.0751785967425753,0.0619594580512109,0.0572232970368787,0.1357873054199008,0.1172239147704004,0.1191937420872814,0.1149019844440738,0.1571278519435103,0.1047692326095683,0.1095263421994237,0.1507572371601292,0.116764637584706,0.1083083109357176,0.1147180825700269,0.1050008970148745,0.1367077339800732,0.1138521859667321,0.0898420251348575,0.075893658127467,0.1330100899000507,0.1352414523718196,0.1166318447740495,0.0243794603697381,0.0,0.0677083223429887,0.1052125411814672,0.1116922220575278
D103_13_consensus,0.1565030315881768,0.1364071570308096,0.1486423228346264,0.0987175070945961,0.1309971936042885,0.1508808207348411,0.1257841630144681,0.1449435817840705,0.0962800654888165,0.1215128422039046,0.1219033001594973,0.1359624756328612,0.1184122379473665,0.1333492178923171,0.1007037704460357,0.1321593556516067,0.1447461733743101,0.1708120719056929,0.1467090772175393,0.1457669070173967,0.1492559002627329,0.1483788959246756,0.1460010809316987,0.1256947008145658,0.1434967835789928,0.1622758775836968,0.1519813882559743,0.1546854415312351,0.1627588574221629,0.1776952273959001,0.1337214386491913,0.1105639670473089,0.1271338300488638,0.1237464004022079,0.1919043693261966,0.12465655648957,0.1451844008878445,0.1948435205713272,0.1679099334566809,0.1803665900071591,0.1240837559719065,0.1462335519227581,0.1174263465319436,0.1088624499577269,0.1077020993086469,0.1356972391504027,0.0911166691368785,0.0890608673753721,0.1098209086402189,0.0819665652486634,0.1116792097212105,0.0946737373036472,0.0691124327144245,0.0877923975174452,0.078032084830081,0.1176188075267827,0.1249022717954869,0.0857257815180451,0.0951304101339039,0.1843317797761396,0.1450972241161041,0.1631806999554769,0.1583892517233065,0.2056044244542289,0.0951002234396837,0.1006399201470473,0.1111494803285304,0.0925944756892253,0.0984257844426226,0.1015429204210965,0.1037854822575029,0.1015019130435433,0.0890441588645251,0.0877210086852608,0.0982206608620415,0.0989484298761111,0.1033888500047476,0.0977565760276768,0.0792330677780953,0.0677083223429887,0.0,0.0462264334226006,0.0496762208756443
D103_1_consensus,0.1868821511811516,0.1640575374394353,0.1745513743900322,0.1060456614267942,0.1556916584387793,0.1799811045100086,0.1405712810695573,0.1644305656599508,0.1004547777094406,0.1419192063003416,0.1411295780087375,0.1604081628374861,0.1366121259217673,0.1547449655493041,0.1075594500729355,0.1578004993647638,0.1749494088472768,0.1660115377842851,0.1486629066944619,0.1484945735728435,0.1465240518494932,0.147069972710406,0.1473366366601648,0.1346154235689255,0.1578340337889251,0.1731830062240942,0.1781476946784478,0.1808290881038924,0.1928264263468959,0.2144868570298554,0.1624875184213592,0.1386101648130205,0.1573673991578751,0.1537253752259779,0.2290862525860417,0.1566424466437902,0.1750966563292678,0.2254988679774746,0.1972739079612437,0.2118501763106203,0.1510380100920501,0.1790044729101851,0.1542575000431597,0.1465246751421086,0.1421150493013795,0.1735040540856007,0.1227891393799378,0.1243874037061793,0.1425027119286437,0.1108307722067176,0.1449584210486248,0.1287702423581711,0.0868434814276041,0.1171210506313605,0.1049214488896735,0.1548927171372313,0.1596022665558897,0.1126060588534902,0.129945635350181,0.2205147228493398,0.1623958073949883,0.1924662559886313,0.1890695745242982,0.2440460006371561,0.096333987680246,0.1002776968657887,0.0906249950638262,0.0856139711075796,0.0976867003831467,0.0977207992707748,0.1059035443940879,0.0858888170425777,0.0876729319765865,0.0981462920092169,0.1191059092044779,0.0838871303246331,0.0889889532445107,0.0916808567550356,0.1170135446111598,0.1052125411814672,0.0462264334226006,0.0,0.0191019285796182
D103_7_consensus,0.1921749665742426,0.1693991408293737,0.1811818647866029,0.1128477638761119,0.1622968048502508,0.1854018387030383,0.1482001737078046,0.1719028130044574,0.1079615208327903,0.1496328766258615,0.1474467114612084,0.1665730672371105,0.1441286974796731,0.1615167443078747,0.1149014500441719,0.1636308841761376,0.1804922120383655,0.1717850325499786,0.1568945968807485,0.156592554917775,0.1531249833509042,0.1542108996894699,0.1545829924959567,0.1453215830441774,0.16862310892835,0.1831710298509421,0.1863414056219761,0.1890859926792044,0.2002401708020944,0.2210781346190793,0.1717633096686684,0.1480763492621257,0.166510630362362,0.1628346510166471,0.2354494446604692,0.1649385513270284,0.184505237671419,0.2349562094323608,0.2071564043220516,0.2209469784264124,0.161013364828302,0.187179572708021,0.1590651028054653,0.1501091982313329,0.1478000054599959,0.1778937132423588,0.128414576819716,0.1282494308460791,0.1483926986994742,0.1166322416424396,0.1514762769353509,0.1350186700649623,0.0945799457075696,0.1233237970821253,0.1118647748969326,0.1595508464671595,0.165450549863225,0.1188332195061504,0.1350998371529814,0.2246616814548408,0.1698534890019539,0.1981300013888649,0.1946065905488004,0.2473240026262286,0.1030940337222162,0.1071190578343987,0.0920210185876906,0.091851810874651,0.1054512491081157,0.1046349317340201,0.1142553267629536,0.0890946310327519,0.0910389845044111,0.1049156967848544,0.1267747413967669,0.0883337778336244,0.092319938075769,0.0980053934296243,0.1240614996946408,0.1116922220575278,0.0496762208756443,0.0191019285796182,0.0
